{"type":"FeatureCollection","features":[{"type":"Feature","properties":{"code":"92","name":"Thành phố Cần Thơ","type":"Thành phố","merged_from":"thành phố Cần Thơ, tỉnh Sóc Trăng và tỉnh Hậu Giang","zone":"nam","lat":9.74378,"lng":105.7566},"geometry":{"type":"Polygon","coordinates":[[[105.609827,10.223664],[105.623078,10.187381],[105.660155,10.149214],[105.753094,10.082984],[105.785281,10.066147],[105.825155,10.004799],[105.861494,9.964652],[105.900586,9.93448],[105.924815,9.927429],[105.982464,9.882963],[106.00014,9.842696],[106.063839,9.786109],[106.111567,9.75193],[106.223065,9.637354],[106.301682,9.581526],[106.29137,9.5761],[106.284974,9.545358],[106.260797,9.506051],[106.238125,9.492909],[106.229244,9.5],[106.209849,9.500678],[106.200606,9.455728],[106.166236,9.425735],[106.166487,9.418597],[106.177533,9.420901],[106.187499,9.415292],[106.188124,9.3919],[106.193563,9.389042],[106.187809,9.387765],[106.189309,9.379142],[106.183165,9.369246],[106.157143,9.344929],[106.138016,9.333725],[106.137945,9.341632],[106.124577,9.333775],[106.121654,9.335112],[106.126616,9.338685],[106.122335,9.340394],[106.100236,9.341719],[105.911972,9.27996],[105.825779,9.246475],[105.817109,9.274563],[105.824103,9.277711],[105.810365,9.340404],[105.858093,9.362693],[105.851262,9.38014],[105.855107,9.385343],[105.846982,9.390219],[105.841173,9.405031],[105.829392,9.402004],[105.833291,9.398668],[105.828924,9.391765],[105.819157,9.394803],[105.813299,9.371227],[105.783721,9.383745],[105.774603,9.394776],[105.78244,9.403954],[105.776371,9.403045],[105.769919,9.41227],[105.749065,9.412026],[105.741474,9.401864],[105.735371,9.402454],[105.734807,9.396454],[105.721351,9.391586],[105.703762,9.397407],[105.703564,9.378829],[105.700093,9.378471],[105.683584,9.379293],[105.67136,9.391778],[105.648027,9.388471],[105.646651,9.395398],[105.63491,9.397274],[105.640274,9.403019],[105.626289,9.420244],[105.614338,9.407679],[105.598762,9.423819],[105.592941,9.420828],[105.585853,9.424296],[105.579595,9.413],[105.542161,9.454593],[105.553634,9.554334],[105.552931,9.570266],[105.544449,9.587432],[105.52779,9.596133],[105.510234,9.584967],[105.501645,9.592346],[105.48423,9.586505],[105.472493,9.594333],[105.447272,9.587825],[105.44543,9.597276],[105.439259,9.595503],[105.428407,9.601666],[105.427643,9.596314],[105.416144,9.593747],[105.413393,9.602489],[105.39961,9.598726],[105.392837,9.590448],[105.376431,9.58731],[105.372017,9.597281],[105.37399,9.61364],[105.387523,9.628994],[105.397596,9.623013],[105.404658,9.651671],[105.395482,9.657605],[105.368824,9.659975],[105.370942,9.673347],[105.354826,9.66968],[105.337413,9.677127],[105.326512,9.701454],[105.356324,9.714437],[105.370953,9.730574],[105.389188,9.737253],[105.391701,9.745789],[105.411778,9.752206],[105.412652,9.760672],[105.405176,9.762016],[105.403712,9.77175],[105.414104,9.774006],[105.413537,9.781857],[105.421931,9.78064],[105.432493,9.792381],[105.428996,9.816679],[105.4751,9.833396],[105.51874,9.860119],[105.51887,9.870686],[105.538253,9.913049],[105.362822,10.074178],[105.354953,10.08338],[105.350801,10.101542],[105.309789,10.148035],[105.298891,10.13693],[105.223977,10.201963],[105.254721,10.242708],[105.259141,10.246865],[105.265356,10.239917],[105.299155,10.277684],[105.304731,10.270057],[105.309929,10.274353],[105.334535,10.235392],[105.439459,10.270655],[105.424748,10.304099],[105.475568,10.312874],[105.48565,10.324798],[105.495104,10.326026],[105.51302,10.307299],[105.554516,10.282221],[105.609827,10.223664]]]}},{"type":"Feature","properties":{"code":"46","name":"Thành phố Huế","type":"Thành phố","merged_from":"giữ nguyên","zone":"trung","lat":16.3318,"lng":107.51735},"geometry":{"type":"Polygon","coordinates":[[[108.192161,16.211152],[108.16926,16.204052],[108.156887,16.207163],[108.120169,16.183254],[108.098176,16.187734],[108.090642,16.181388],[108.063422,16.18501],[108.057148,16.180121],[108.030665,16.192661],[108.011491,16.195927],[107.987566,16.214711],[107.966176,16.194351],[107.953854,16.190236],[107.927525,16.199044],[107.907366,16.216019],[107.874848,16.198474],[107.875408,16.190099],[107.865604,16.184927],[107.873058,16.172762],[107.873074,16.161918],[107.857399,16.155548],[107.853976,16.114526],[107.825148,16.089534],[107.813887,16.054531],[107.805263,16.054496],[107.786621,16.067754],[107.778881,16.063714],[107.773293,16.066444],[107.767873,16.052614],[107.724791,16.031106],[107.722215,16.008926],[107.705464,15.997326],[107.675703,16.000005],[107.662569,16.019137],[107.619254,16.03305],[107.62405,16.050607],[107.617986,16.06488],[107.599287,16.058433],[107.569784,16.056218],[107.551282,16.045235],[107.558359,16.023362],[107.545997,16.0117],[107.510167,16.017489],[107.500181,16.034403],[107.489083,16.041807],[107.473731,16.03578],[107.465868,16.026379],[107.448087,16.03869],[107.444654,16.055329],[107.459427,16.07408],[107.447705,16.090793],[107.441627,16.083908],[107.426599,16.079239],[107.407381,16.085138],[107.399281,16.065483],[107.394418,16.064012],[107.388675,16.063675],[107.3755,16.074332],[107.364248,16.062204],[107.347198,16.063402],[107.332514,16.056005],[107.322707,16.071053],[107.308865,16.079783],[107.28328,16.117238],[107.267607,16.120174],[107.261053,16.137941],[107.252063,16.137366],[107.242239,16.148235],[107.2213,16.140114],[107.204784,16.146901],[107.193089,16.145639],[107.167379,16.167128],[107.157862,16.16991],[107.147337,16.19062],[107.142619,16.214866],[107.153494,16.232631],[107.149293,16.240994],[107.153619,16.258701],[107.145643,16.270739],[107.079583,16.313283],[107.079374,16.321628],[107.061634,16.333169],[107.059721,16.349026],[107.039415,16.350413],[107.03764,16.35751],[107.032859,16.358185],[107.043441,16.380961],[107.057981,16.386251],[107.054375,16.401191],[107.059992,16.412067],[107.076779,16.401672],[107.084395,16.403699],[107.093142,16.399164],[107.093302,16.405105],[107.110114,16.386732],[107.126406,16.383673],[107.137796,16.390602],[107.144925,16.387167],[107.151027,16.390468],[107.139278,16.407334],[107.146666,16.436714],[107.129391,16.449125],[107.133639,16.458741],[107.122341,16.48373],[107.103906,16.495609],[107.096477,16.494382],[107.092629,16.502274],[107.063968,16.512756],[107.053663,16.525244],[107.060703,16.545477],[107.119248,16.554542],[107.127025,16.566634],[107.149209,16.575585],[107.200762,16.584082],[107.206142,16.579794],[107.221317,16.580278],[107.24415,16.587648],[107.251852,16.576493],[107.269053,16.566564],[107.300946,16.587366],[107.310907,16.580326],[107.323412,16.586692],[107.322736,16.598459],[107.33257,16.599998],[107.323053,16.605989],[107.3265,16.609292],[107.319277,16.620566],[107.308576,16.62623],[107.313479,16.641629],[107.309809,16.636501],[107.304697,16.641515],[107.319531,16.653907],[107.326704,16.643334],[107.326544,16.651621],[107.316634,16.663168],[107.328673,16.666886],[107.322154,16.671222],[107.332594,16.676841],[107.343067,16.692601],[107.355538,16.698773],[107.350026,16.709122],[107.367961,16.734873],[107.385952,16.743931],[107.57239,16.602189],[107.660849,16.556386],[107.712176,16.522616],[107.932586,16.341933],[107.941733,16.341352],[107.944339,16.348507],[107.952981,16.345523],[107.95412,16.337404],[107.967932,16.323142],[108.001834,16.313261],[108.020066,16.321239],[108.014897,16.339957],[108.021338,16.344502],[108.032427,16.336062],[108.040266,16.316955],[108.035797,16.309552],[108.057773,16.272883],[108.085659,16.232854],[108.10258,16.22071],[108.117108,16.213682],[108.127854,16.217156],[108.140484,16.214465],[108.144596,16.221137],[108.168085,16.209641],[108.18208,16.21407],[108.192161,16.211152]]]}},{"type":"Feature","properties":{"code":"31","name":"Thành phố Hải Phòng","type":"Thành phố","merged_from":"thành phố Hải Phòng và tỉnh Hải Dương","zone":"bac","lat":20.87029,"lng":106.50674},"geometry":{"type":"MultiPolygon","coordinates":[[[[107.005045,20.726386],[107.022034,20.709848],[107.016741,20.710508],[107.005045,20.726386]]],[[[107.067909,20.736368],[107.068856,20.724779],[107.059726,20.728616],[107.060445,20.733841],[107.067909,20.736368]]],[[[106.994076,20.86219],[107.001926,20.856486],[106.998933,20.846449],[107.004734,20.852618],[107.012335,20.840412],[107.006866,20.860492],[107.034104,20.862349],[107.043987,20.848754],[107.046018,20.83511],[107.058518,20.833718],[107.058543,20.82619],[107.067528,20.818794],[107.075173,20.824914],[107.087479,20.818791],[107.107678,20.800085],[107.10774,20.787748],[107.09454,20.792354],[107.099676,20.777906],[107.074811,20.781457],[107.063526,20.7699],[107.05801,20.77631],[107.047358,20.774291],[107.055275,20.767923],[107.043879,20.759036],[107.071003,20.745292],[107.069607,20.739172],[107.062927,20.737388],[107.064433,20.743535],[107.053922,20.747724],[107.057775,20.722296],[107.051242,20.715313],[107.043355,20.713726],[107.047954,20.723325],[107.044643,20.726423],[107.039627,20.723568],[107.033188,20.732151],[107.028505,20.731441],[107.0333,20.721492],[107.024303,20.728719],[107.019975,20.724134],[107.013753,20.734607],[107.03771,20.734496],[107.039905,20.739059],[107.010831,20.739196],[107.013547,20.748592],[107.006521,20.745588],[107.001103,20.750813],[106.994852,20.74977],[107.000002,20.732014],[106.996792,20.728955],[106.993118,20.737026],[106.967098,20.756883],[106.973874,20.761011],[106.9733,20.765678],[106.951175,20.793771],[106.915093,20.800676],[106.917326,20.808465],[106.906945,20.828427],[106.922093,20.849134],[106.942979,20.845973],[106.948046,20.850963],[106.948481,20.861052],[106.9409,20.864636],[106.948234,20.870231],[106.949147,20.879569],[106.954203,20.87412],[106.949956,20.863043],[106.953282,20.857736],[106.980291,20.857934],[106.980207,20.846808],[106.984497,20.857598],[106.994076,20.86219]]],[[[106.894096,20.798076],[106.876363,20.794485],[106.873897,20.7874],[106.857364,20.787006],[106.846814,20.7971],[106.842826,20.81022],[106.882625,20.817416],[106.901282,20.806943],[106.906017,20.795477],[106.898423,20.792923],[106.894096,20.798076]]],[[[106.862322,20.836638],[106.878307,20.821243],[106.841219,20.818342],[106.854641,20.836291],[106.862322,20.836638]]],[[[106.955838,20.872339],[106.962046,20.870715],[106.957312,20.878147],[106.97455,20.871796],[106.973435,20.864251],[106.954526,20.85939],[106.955838,20.872339]]],[[[106.743344,20.997364],[106.7585,20.988456],[106.767122,20.968579],[106.76918,20.926193],[106.767727,20.910674],[106.751344,20.885212],[106.757025,20.859821],[106.762512,20.850683],[106.783071,20.836967],[106.821504,20.830349],[106.837756,20.809504],[106.814623,20.806035],[106.812527,20.796128],[106.80293,20.799498],[106.799035,20.795122],[106.776094,20.794558],[106.759298,20.776779],[106.771642,20.76845],[106.787261,20.727507],[106.79927,20.722277],[106.789653,20.702075],[106.796846,20.694974],[106.793958,20.685827],[106.801989,20.685241],[106.807614,20.674499],[106.799449,20.673366],[106.785267,20.689294],[106.781558,20.700517],[106.779081,20.691939],[106.762336,20.69343],[106.765189,20.70298],[106.771202,20.706302],[106.76759,20.71024],[106.759126,20.700518],[106.745795,20.696811],[106.728997,20.679334],[106.718126,20.678069],[106.695308,20.687198],[106.708596,20.657527],[106.694368,20.632945],[106.675727,20.616607],[106.662595,20.613522],[106.632388,20.628847],[106.611957,20.626974],[106.5998,20.640472],[106.568013,20.620783],[106.558023,20.627039],[106.545082,20.627777],[106.540011,20.623425],[106.538091,20.609149],[106.527372,20.60346],[106.518234,20.603492],[106.507991,20.61515],[106.492778,20.617099],[106.4812,20.601184],[106.470109,20.598793],[106.464069,20.614859],[106.448293,20.621875],[106.45279,20.640864],[106.400463,20.690988],[106.409715,20.705757],[106.4193,20.709359],[106.405651,20.729394],[106.355955,20.702027],[106.346082,20.702506],[106.338842,20.711168],[106.331958,20.711795],[106.30087,20.691151],[106.291672,20.69711],[106.291505,20.707657],[106.282755,20.712407],[106.280967,20.705154],[106.286793,20.695934],[106.274555,20.6937],[106.260259,20.704819],[106.247199,20.695793],[106.267533,20.685031],[106.250637,20.686781],[106.225205,20.707142],[106.222133,20.718422],[106.210338,20.73041],[106.21673,20.733914],[106.213548,20.750645],[106.198033,20.755415],[106.19115,20.766528],[106.178228,20.764941],[106.163404,20.785552],[106.151746,20.781686],[106.129484,20.807466],[106.138905,20.81791],[106.126845,20.832714],[106.139947,20.858981],[106.145353,20.884891],[106.144622,20.890598],[106.136465,20.894741],[106.134755,20.904134],[106.155428,20.919425],[106.146469,20.929675],[106.156128,20.951299],[106.148605,20.959142],[106.133356,20.961826],[106.132103,20.970852],[106.13625,20.976269],[106.126171,20.984138],[106.128714,20.996041],[106.135173,21.001926],[106.149033,20.990359],[106.165414,20.989005],[106.161706,20.976217],[106.16644,20.970044],[106.228719,20.99725],[106.247849,20.99843],[106.263698,20.989942],[106.271369,20.993065],[106.274657,21.007071],[106.292727,21.021515],[106.292178,21.040812],[106.30753,21.058372],[106.293179,21.111011],[106.297394,21.122446],[106.314998,21.135963],[106.321062,21.150888],[106.307158,21.18312],[106.311045,21.193874],[106.32156,21.193237],[106.322522,21.185725],[106.342868,21.166139],[106.346493,21.172516],[106.36118,21.174375],[106.374535,21.19671],[106.410465,21.212189],[106.422276,21.231808],[106.452496,21.233056],[106.466738,21.22809],[106.488142,21.233964],[106.499546,21.226439],[106.498649,21.205022],[106.492964,21.200269],[106.49435,21.18606],[106.485072,21.175673],[106.487038,21.16839],[106.477969,21.148059],[106.48264,21.131048],[106.467644,21.118894],[106.439695,21.117308],[106.43726,21.107768],[106.448906,21.095288],[106.439472,21.078303],[106.453786,21.066393],[106.477659,21.070445],[106.499395,21.058238],[106.515824,21.060691],[106.51384,21.047026],[106.574534,21.057695],[106.602358,21.037767],[106.609964,21.022252],[106.627839,21.012382],[106.651465,21.019921],[106.696954,21.002019],[106.743344,20.997364]]],[[[107.727528,20.126073],[107.71431,20.129561],[107.738706,20.14704],[107.733149,20.12933],[107.727528,20.126073]]],[[[107.132276,20.628474],[107.140108,20.617882],[107.135731,20.61851],[107.132276,20.628474]]],[[[107.151763,20.627945],[107.159354,20.626302],[107.158671,20.621034],[107.152208,20.624957],[107.151763,20.627945]]],[[[107.077573,20.730265],[107.079575,20.72576],[107.080291,20.720106],[107.076075,20.725205],[107.077573,20.730265]]],[[[107.065309,20.763146],[107.084437,20.746284],[107.052469,20.760469],[107.055077,20.764559],[107.065309,20.763146]]],[[[107.085269,20.758033],[107.06984,20.763991],[107.070545,20.776528],[107.074831,20.769415],[107.080486,20.770529],[107.077683,20.777337],[107.099662,20.773737],[107.09586,20.766149],[107.086455,20.763897],[107.085269,20.758033]]]]}},{"type":"Feature","properties":{"code":"79","name":"Thành phố Hồ Chí Minh","type":"Thành phố","merged_from":"TPHCM, tỉnh Bà Rịa - Vũng Tàu và tỉnh Bình Dương","zone":"nam","lat":10.86445,"lng":106.844},"geometry":{"type":"MultiPolygon","coordinates":[[[[106.698769,8.679179],[106.709106,8.668268],[106.694249,8.661336],[106.681054,8.667279],[106.676368,8.656893],[106.671469,8.658135],[106.656709,8.677058],[106.661376,8.682377],[106.669417,8.682234],[106.678999,8.674011],[106.698769,8.679179]]],[[[106.738577,8.699828],[106.738592,8.683621],[106.731706,8.689095],[106.738577,8.699828]]],[[[106.653998,8.754792],[106.650651,8.747559],[106.654693,8.748952],[106.663121,8.740829],[106.661506,8.734377],[106.64361,8.731793],[106.637376,8.716713],[106.657865,8.693964],[106.650099,8.692155],[106.634243,8.700596],[106.622727,8.686294],[106.625701,8.684463],[106.622601,8.679214],[106.610548,8.675166],[106.612338,8.685621],[106.600959,8.678205],[106.59688,8.668796],[106.611765,8.641341],[106.574963,8.647753],[106.556626,8.63159],[106.549636,8.643479],[106.540076,8.648297],[106.539062,8.662023],[106.550214,8.665767],[106.557359,8.655305],[106.573971,8.649845],[106.555238,8.675879],[106.566717,8.693828],[106.57741,8.707527],[106.588302,8.707374],[106.587189,8.717283],[106.592001,8.725637],[106.599307,8.724984],[106.611568,8.735602],[106.618427,8.731554],[106.621609,8.744459],[106.660639,8.761514],[106.667181,8.751007],[106.659727,8.747508],[106.653998,8.754792]]],[[[106.536352,8.710746],[106.545967,8.709999],[106.544483,8.704685],[106.534837,8.707174],[106.536352,8.710746]]],[[[107.071136,10.44179],[107.077615,10.435087],[107.070729,10.435005],[107.062938,10.442787],[107.071136,10.44179]]],[[[107.012675,10.493168],[107.013222,10.483692],[107.00707,10.487355],[107.004124,10.490675],[107.012675,10.493168]]],[[[106.880231,10.811987],[106.877234,10.802599],[106.863716,10.788964],[106.869179,10.768769],[106.863503,10.766292],[106.843606,10.775954],[106.823708,10.761434],[106.823426,10.778457],[106.814535,10.780731],[106.797645,10.760294],[106.764665,10.740226],[106.750936,10.710968],[106.754146,10.69684],[106.762204,10.687124],[106.805468,10.65762],[106.81508,10.637422],[106.824776,10.628798],[106.835629,10.629194],[106.841622,10.63942],[106.858116,10.637409],[106.870584,10.648681],[106.880201,10.649006],[106.883822,10.640508],[106.901483,10.625702],[106.909485,10.608907],[106.918419,10.611053],[106.939561,10.597721],[106.965774,10.591179],[106.981695,10.579703],[106.988831,10.606138],[107.006665,10.613828],[106.995624,10.624463],[106.997912,10.636462],[107.012671,10.635824],[107.011794,10.644651],[107.043201,10.658498],[107.093583,10.654011],[107.114024,10.671748],[107.135167,10.701491],[107.136555,10.745457],[107.154252,10.747232],[107.186571,10.772566],[107.202606,10.775696],[107.205031,10.759634],[107.21702,10.758611],[107.232575,10.76528],[107.239025,10.764742],[107.242289,10.757224],[107.298838,10.756031],[107.302361,10.726623],[107.299624,10.703082],[107.305995,10.69441],[107.298279,10.685684],[107.315552,10.670046],[107.330599,10.677981],[107.342256,10.676197],[107.350156,10.682859],[107.349229,10.705814],[107.358681,10.726909],[107.376792,10.740806],[107.39402,10.766447],[107.419709,10.781099],[107.439097,10.801849],[107.451247,10.805502],[107.456655,10.792619],[107.470375,10.794789],[107.482077,10.770898],[107.503661,10.772613],[107.504321,10.747216],[107.532258,10.722891],[107.541811,10.706906],[107.544223,10.695806],[107.53726,10.678406],[107.56588,10.618391],[107.568782,10.570341],[107.50996,10.502735],[107.46892,10.499125],[107.44293,10.470111],[107.367158,10.468498],[107.335879,10.451933],[107.329429,10.452869],[107.29165,10.424182],[107.253534,10.380708],[107.23866,10.379918],[107.209476,10.406378],[107.16276,10.399087],[107.155289,10.390182],[107.107303,10.360282],[107.082567,10.321274],[107.070702,10.333862],[107.069828,10.348655],[107.059114,10.356881],[107.054983,10.384736],[107.061696,10.387407],[107.070854,10.375031],[107.078876,10.374238],[107.082885,10.377607],[107.075618,10.37903],[107.071318,10.387294],[107.07511,10.39416],[107.090804,10.388908],[107.100334,10.394535],[107.107013,10.408981],[107.11544,10.412434],[107.120146,10.42624],[107.11503,10.426715],[107.111843,10.43694],[107.080154,10.434477],[107.069916,10.444718],[107.057399,10.445367],[107.031838,10.479364],[107.026795,10.480421],[107.023876,10.469536],[107.018094,10.473928],[107.016262,10.495319],[107.005714,10.49406],[106.997648,10.506672],[106.9853,10.494752],[106.971668,10.459131],[106.970239,10.408661],[106.895756,10.37847],[106.874071,10.378817],[106.832642,10.396134],[106.812184,10.388686],[106.803764,10.40546],[106.779777,10.429488],[106.732825,10.498018],[106.741645,10.513445],[106.745673,10.535042],[106.742456,10.576022],[106.73545,10.587248],[106.72687,10.58137],[106.71753,10.60589],[106.722646,10.611527],[106.730427,10.610959],[106.729769,10.636549],[106.709428,10.651186],[106.70034,10.654044],[106.690256,10.650505],[106.684733,10.657252],[106.671495,10.641639],[106.654613,10.64444],[106.637792,10.624303],[106.627434,10.626839],[106.627932,10.640805],[106.621341,10.642025],[106.621851,10.648536],[106.605121,10.6587],[106.598629,10.651753],[106.57908,10.65733],[106.577361,10.65022],[106.571266,10.650079],[106.561503,10.658969],[106.560897,10.65289],[106.554006,10.652326],[106.548608,10.658711],[106.55181,10.674567],[106.548926,10.686098],[106.532641,10.688325],[106.525444,10.710222],[106.527586,10.718668],[106.518367,10.724668],[106.507568,10.718058],[106.499902,10.727546],[106.485684,10.730445],[106.461843,10.75754],[106.502911,10.789956],[106.53016,10.90329],[106.452119,10.943248],[106.410342,10.975835],[106.372142,10.971439],[106.355524,10.991774],[106.365925,10.999634],[106.389115,11.000904],[106.411366,11.008629],[106.406808,11.021853],[106.42155,11.04642],[106.418382,11.064367],[106.425881,11.066412],[106.42646,11.09241],[106.446956,11.131318],[106.446103,11.13687],[106.428445,11.149483],[106.435126,11.158125],[106.429788,11.174345],[106.410448,11.174623],[106.406323,11.185113],[106.398193,11.182998],[106.385642,11.187694],[106.382197,11.197436],[106.38742,11.213701],[106.378557,11.219457],[106.377987,11.233192],[106.369359,11.245308],[106.359153,11.239586],[106.350593,11.250455],[106.354237,11.287262],[106.345232,11.290561],[106.339037,11.287287],[106.341727,11.296496],[106.33533,11.302341],[106.344031,11.323717],[106.327888,11.350982],[106.359711,11.415183],[106.365622,11.446852],[106.382363,11.461126],[106.404239,11.471189],[106.42166,11.496019],[106.433341,11.502677],[106.491454,11.498274],[106.54029,11.46893],[106.554925,11.485007],[106.571394,11.456792],[106.540428,11.429335],[106.546604,11.407971],[106.537198,11.388642],[106.559636,11.371499],[106.597457,11.387448],[106.611648,11.388519],[106.614365,11.364219],[106.664913,11.354993],[106.672715,11.355099],[106.676191,11.370269],[106.677401,11.386581],[106.672986,11.398334],[106.684583,11.396564],[106.696092,11.404158],[106.702433,11.397121],[106.708084,11.400969],[106.707624,11.407172],[106.716914,11.415625],[106.718617,11.423993],[106.724611,11.42566],[106.725725,11.433708],[106.736965,11.433489],[106.740116,11.441779],[106.753635,11.449787],[106.748343,11.467678],[106.751548,11.477003],[106.795264,11.492142],[106.801336,11.484759],[106.80642,11.461957],[106.803856,11.452231],[106.78632,11.432738],[106.768934,11.427527],[106.768228,11.404894],[106.78721,11.401989],[106.786649,11.383879],[106.810524,11.37677],[106.82384,11.38548],[106.838832,11.375982],[106.852666,11.377772],[106.854759,11.353537],[106.861378,11.341536],[106.85435,11.330945],[106.855013,11.318951],[106.873169,11.308375],[106.868402,11.323394],[106.882781,11.341078],[106.90173,11.343083],[106.904824,11.353416],[106.914338,11.357202],[106.917682,11.352079],[106.926209,11.355166],[106.942433,11.349756],[106.950948,11.326889],[106.936682,11.312068],[106.939701,11.294448],[106.925534,11.273601],[106.923431,11.255096],[106.929948,11.246279],[106.909527,11.24309],[106.916148,11.221388],[106.913459,11.215313],[106.899539,11.209823],[106.905421,11.203835],[106.904637,11.193731],[106.918063,11.194096],[106.921779,11.188026],[106.932107,11.18951],[106.943994,11.177621],[106.939779,11.168438],[106.951607,11.164733],[106.954121,11.153688],[106.964176,11.148671],[106.963544,11.143707],[106.952205,11.141547],[106.951646,11.130101],[106.964103,11.110983],[106.956324,11.107942],[106.957569,11.101443],[106.945934,11.090294],[106.94382,11.079356],[106.950769,11.073113],[106.945655,11.059848],[106.939913,11.0578],[106.931421,11.065809],[106.920927,11.057407],[106.921628,11.049102],[106.910979,11.042184],[106.906042,11.023129],[106.89071,11.028306],[106.871691,11.020907],[106.837452,11.041777],[106.826131,11.06531],[106.799598,11.060297],[106.797874,11.055024],[106.809287,11.042957],[106.810461,11.031269],[106.790677,11.02352],[106.773283,11.005024],[106.779654,10.98819],[106.794434,10.972829],[106.773587,10.960262],[106.768507,10.965185],[106.760217,10.964605],[106.761305,10.95435],[106.769456,10.943782],[106.789977,10.931625],[106.788798,10.924097],[106.807345,10.920844],[106.815109,10.903348],[106.835778,10.904079],[106.849012,10.876447],[106.846928,10.85933],[106.880231,10.811987]]]]}},{"type":"Feature","properties":{"code":"48","name":"Thành phố Đà Nẵng","type":"Thành phố","merged_from":"thành phố Đà Nẵng và tỉnh Quảng Nam","zone":"trung","lat":15.63174,"lng":107.9667},"geometry":{"type":"MultiPolygon","coordinates":[[[[107.966176,16.194351],[107.987566,16.214711],[108.011491,16.195927],[108.030665,16.192661],[108.057148,16.180121],[108.063422,16.18501],[108.090642,16.181388],[108.098176,16.187734],[108.120169,16.183254],[108.156887,16.207163],[108.16926,16.204052],[108.192161,16.211152],[108.190491,16.201382],[108.177876,16.201174],[108.154287,16.190268],[108.152044,16.163543],[108.137844,16.164611],[108.136715,16.145887],[108.124113,16.143213],[108.121121,16.134962],[108.130328,16.113377],[108.146251,16.095652],[108.185172,16.07501],[108.200134,16.075309],[108.213847,16.096622],[108.222148,16.097646],[108.22358,16.109957],[108.227269,16.103601],[108.2325,16.104062],[108.235466,16.09403],[108.23985,16.111704],[108.219835,16.120625],[108.21512,16.117901],[108.212392,16.123389],[108.232284,16.147625],[108.246229,16.155984],[108.257077,16.152647],[108.269679,16.135626],[108.28601,16.137442],[108.303769,16.123936],[108.312496,16.143975],[108.320682,16.142116],[108.335615,16.11995],[108.311734,16.113468],[108.306234,16.097658],[108.293588,16.10641],[108.27237,16.098059],[108.25739,16.102606],[108.2468,16.086747],[108.24722,16.051986],[108.278387,15.983015],[108.301352,15.947529],[108.320971,15.927743],[108.380954,15.889493],[108.392921,15.871436],[108.402158,15.871779],[108.402821,15.848136],[108.420853,15.79338],[108.524185,15.628137],[108.575695,15.559659],[108.616786,15.515187],[108.649028,15.499118],[108.668499,15.501334],[108.671912,15.516362],[108.678406,15.510766],[108.671859,15.488484],[108.680676,15.47865],[108.683269,15.486278],[108.68877,15.483979],[108.698342,15.461952],[108.694431,15.44185],[108.736995,15.398656],[108.713571,15.372237],[108.669175,15.366603],[108.642343,15.368485],[108.627844,15.359288],[108.603459,15.353181],[108.597279,15.346214],[108.577259,15.346204],[108.560209,15.33601],[108.544607,15.336061],[108.523962,15.321376],[108.501612,15.326326],[108.482516,15.309185],[108.437693,15.312757],[108.430546,15.327114],[108.414867,15.308435],[108.403706,15.310887],[108.397896,15.300946],[108.380001,15.30432],[108.358948,15.296326],[108.315339,15.300858],[108.298591,15.285855],[108.304132,15.269937],[108.300836,15.259767],[108.279662,15.244777],[108.286123,15.229035],[108.305655,15.224811],[108.302919,15.211383],[108.289542,15.200576],[108.300923,15.1933],[108.298147,15.183055],[108.304549,15.175137],[108.292222,15.16833],[108.272294,15.130789],[108.256133,15.118616],[108.25456,15.09057],[108.233917,15.079323],[108.239909,15.066795],[108.23576,15.049248],[108.241158,15.041851],[108.238842,15.034683],[108.222891,15.031171],[108.211134,15.033812],[108.200328,15.04347],[108.192317,15.042492],[108.187246,15.052312],[108.173817,15.061534],[108.15836,15.061093],[108.145653,15.04625],[108.149942,15.03444],[108.149473,15.005021],[108.159998,14.975274],[108.142831,14.960764],[108.12153,14.961337],[108.10707,14.954075],[108.08595,14.95639],[108.07728,14.967994],[108.057602,14.97591],[108.041795,14.994629],[108.016636,15.002853],[107.988445,15.000195],[107.980884,15.011429],[107.97519,15.011304],[107.963502,15.022504],[107.955337,15.037913],[107.956949,15.045587],[107.94814,15.054271],[107.974271,15.070946],[107.978157,15.087255],[108.000758,15.120268],[107.996578,15.127864],[108.002613,15.143269],[107.997279,15.157038],[107.98584,15.159628],[107.980014,15.167467],[107.948573,15.176339],[107.947022,15.186274],[107.933772,15.19359],[107.927693,15.209984],[107.912831,15.213148],[107.911488,15.208542],[107.898601,15.206647],[107.887722,15.194944],[107.878763,15.198748],[107.869493,15.211269],[107.835557,15.208258],[107.81685,15.21724],[107.807785,15.212539],[107.778423,15.220119],[107.769926,15.233604],[107.757252,15.238456],[107.747923,15.231628],[107.734723,15.232169],[107.725808,15.290163],[107.728555,15.309245],[107.706116,15.304023],[107.692035,15.317787],[107.662818,15.353378],[107.658655,15.38849],[107.634995,15.416852],[107.622156,15.414096],[107.601534,15.422388],[107.598038,15.415727],[107.587642,15.413813],[107.571062,15.398971],[107.559335,15.395522],[107.546212,15.404486],[107.5286,15.406857],[107.516723,15.417148],[107.525044,15.442602],[107.512057,15.473494],[107.492881,15.479726],[107.476267,15.478883],[107.480372,15.489316],[107.471696,15.496712],[107.448822,15.504775],[107.429977,15.502875],[107.427701,15.491143],[107.380011,15.494535],[107.372491,15.532588],[107.361608,15.557429],[107.363077,15.570026],[107.350105,15.571475],[107.340932,15.578774],[107.35169,15.592664],[107.340516,15.606923],[107.340687,15.614962],[107.329095,15.624203],[107.290453,15.624299],[107.273727,15.636234],[107.273322,15.654309],[107.263074,15.655935],[107.274533,15.683424],[107.271518,15.708571],[107.264478,15.711985],[107.262776,15.721388],[107.247478,15.726617],[107.252542,15.739398],[107.247047,15.74558],[107.212405,15.740372],[107.209908,15.74957],[107.217747,15.778303],[107.227336,15.786507],[107.224214,15.806814],[107.208833,15.827834],[107.231656,15.844653],[107.246184,15.839545],[107.256227,15.849835],[107.268069,15.852386],[107.273787,15.862594],[107.280959,15.858724],[107.296169,15.869581],[107.301133,15.867336],[107.324528,15.889765],[107.345442,15.894534],[107.360607,15.892721],[107.368978,15.898903],[107.38279,15.888303],[107.397245,15.895326],[107.425781,15.930976],[107.433103,15.961823],[107.444027,15.980844],[107.442843,15.987771],[107.473731,16.03578],[107.493077,16.040665],[107.510167,16.017489],[107.545997,16.0117],[107.558359,16.023362],[107.551282,16.045235],[107.569784,16.056218],[107.599287,16.058433],[107.617986,16.06488],[107.62405,16.050607],[107.619254,16.03305],[107.662569,16.019137],[107.675703,16.000005],[107.705464,15.997326],[107.722215,16.008926],[107.724791,16.031106],[107.767873,16.052614],[107.773293,16.066444],[107.778881,16.063714],[107.786621,16.067754],[107.805263,16.054496],[107.813887,16.054531],[107.825148,16.089534],[107.853976,16.114526],[107.857399,16.155548],[107.871303,16.159367],[107.873858,16.164212],[107.865463,16.184234],[107.875408,16.190099],[107.873348,16.197347],[107.908901,16.216483],[107.92211,16.203998],[107.953854,16.190236],[107.966176,16.194351]]],[[[108.696589,15.814372],[108.688388,15.812833],[108.690165,15.819024],[108.696589,15.814372]]],[[[108.539043,15.909534],[108.540637,15.904103],[108.530201,15.905644],[108.540262,15.915147],[108.539043,15.909534]]],[[[108.480925,15.942691],[108.477019,15.939494],[108.475267,15.945801],[108.482779,15.949554],[108.480925,15.942691]]],[[[108.509914,15.941267],[108.504958,15.958419],[108.496867,15.961187],[108.49154,15.956971],[108.48172,15.966832],[108.50138,15.980736],[108.510843,15.966195],[108.53371,15.959275],[108.538313,15.924499],[108.534439,15.923225],[108.509914,15.941267]]],[[[108.450293,15.975874],[108.444623,15.968913],[108.441018,15.97312],[108.448181,15.980856],[108.450293,15.975874]]],[[[108.208555,16.221345],[108.206463,16.21231],[108.197283,16.213929],[108.201798,16.226579],[108.208555,16.221345]]]]}},{"type":"Feature","properties":{"code":"75","name":"Thành phố Đồng Nai","type":"Thành phố","merged_from":"tỉnh Bình Phước và tỉnh Đồng Nai. Từ ngày 30/04/2026, Tỉnh Đồng Nai mới (sau sáp nhập) chuyển thành Thành phố Đồng Nai và thêm 10 xã chuyển thành phường.","zone":"nam","lat":11.43717,"lng":107.03385},"geometry":{"type":"Polygon","coordinates":[[[107.376134,11.543253],[107.368807,11.516941],[107.388217,11.527411],[107.406487,11.529545],[107.416072,11.513631],[107.427923,11.519695],[107.439507,11.5175],[107.454571,11.493197],[107.468424,11.480886],[107.461938,11.465551],[107.428061,11.44027],[107.428175,11.425766],[107.43791,11.432436],[107.454684,11.43092],[107.473032,11.435868],[107.485244,11.427196],[107.484981,11.403006],[107.49316,11.397401],[107.496759,11.386304],[107.511462,11.385611],[107.515714,11.372042],[107.533245,11.356114],[107.543178,11.368449],[107.532669,11.32576],[107.516864,11.314637],[107.523663,11.252291],[107.516003,11.249852],[107.495451,11.227803],[107.484835,11.224164],[107.482203,11.205088],[107.471523,11.202047],[107.467348,11.186102],[107.458937,11.177754],[107.458374,11.167349],[107.433437,11.138044],[107.435083,11.128885],[107.450676,11.113926],[107.443976,11.09245],[107.429745,11.088608],[107.422571,11.081411],[107.423741,11.064192],[107.414951,11.052899],[107.392441,11.050564],[107.439744,11.031785],[107.471789,11.009372],[107.503761,11.014398],[107.541132,10.97852],[107.558194,10.938122],[107.55783,10.868996],[107.575787,10.834534],[107.565382,10.805085],[107.521559,10.775102],[107.48745,10.769888],[107.482077,10.770898],[107.470375,10.794789],[107.456655,10.792619],[107.451247,10.805502],[107.439097,10.801849],[107.419709,10.781099],[107.39402,10.766447],[107.376792,10.740806],[107.358681,10.726909],[107.349229,10.705814],[107.348408,10.679505],[107.33007,10.67785],[107.315802,10.670036],[107.297498,10.687373],[107.305995,10.69441],[107.299624,10.703082],[107.302361,10.726623],[107.298838,10.756031],[107.242289,10.757224],[107.239025,10.764742],[107.232575,10.76528],[107.21702,10.758611],[107.205031,10.759634],[107.204952,10.775689],[107.186571,10.772566],[107.157996,10.74926],[107.136555,10.745457],[107.135167,10.701491],[107.114024,10.671748],[107.093583,10.654011],[107.043201,10.658498],[107.011794,10.644651],[107.012671,10.635824],[106.997126,10.635758],[106.995624,10.624463],[107.006665,10.613828],[106.988831,10.606138],[106.981695,10.579703],[106.965774,10.591179],[106.939561,10.597721],[106.918419,10.611053],[106.909485,10.608907],[106.901483,10.625702],[106.883822,10.640508],[106.880201,10.649006],[106.870584,10.648681],[106.858116,10.637409],[106.841622,10.63942],[106.833127,10.62806],[106.822867,10.629842],[106.805468,10.65762],[106.771704,10.678546],[106.754146,10.69684],[106.753348,10.721566],[106.773438,10.74887],[106.797645,10.760294],[106.815081,10.780959],[106.823426,10.778457],[106.823708,10.761434],[106.843606,10.775954],[106.867792,10.767414],[106.869869,10.774792],[106.863716,10.788964],[106.877234,10.802599],[106.880231,10.811987],[106.846928,10.85933],[106.849012,10.876447],[106.836512,10.903388],[106.815109,10.903348],[106.807345,10.920844],[106.788798,10.924097],[106.789977,10.931625],[106.769456,10.943782],[106.761305,10.95435],[106.760217,10.964605],[106.768507,10.965185],[106.773587,10.960262],[106.794434,10.972829],[106.779654,10.98819],[106.773283,11.005024],[106.790677,11.02352],[106.810461,11.031269],[106.809287,11.042957],[106.797874,11.055024],[106.799598,11.060297],[106.826131,11.06531],[106.837452,11.041777],[106.871691,11.020907],[106.89071,11.028306],[106.906042,11.023129],[106.910979,11.042184],[106.921628,11.049102],[106.920927,11.057407],[106.931421,11.065809],[106.939913,11.0578],[106.945655,11.059848],[106.950769,11.073113],[106.94382,11.079356],[106.945934,11.090294],[106.957569,11.101443],[106.956324,11.107942],[106.964103,11.110983],[106.951646,11.130101],[106.952205,11.141547],[106.963544,11.143707],[106.964176,11.148671],[106.954121,11.153688],[106.951607,11.164733],[106.939779,11.168438],[106.943994,11.177621],[106.932107,11.18951],[106.921779,11.188026],[106.918063,11.194096],[106.904637,11.193731],[106.905421,11.203835],[106.899539,11.209823],[106.913459,11.215313],[106.916148,11.221388],[106.909527,11.24309],[106.929948,11.246279],[106.923431,11.255096],[106.925534,11.273601],[106.939701,11.294448],[106.936159,11.310905],[106.950475,11.324613],[106.949278,11.338475],[106.937757,11.352734],[106.917682,11.352079],[106.915201,11.357242],[106.909903,11.356031],[106.903609,11.351933],[106.90173,11.343083],[106.882781,11.341078],[106.870842,11.328118],[106.868241,11.321477],[106.872663,11.31245],[106.873169,11.308375],[106.855013,11.318951],[106.85435,11.330945],[106.861378,11.341536],[106.854759,11.353537],[106.852666,11.377772],[106.838832,11.375982],[106.82384,11.38548],[106.810524,11.37677],[106.786649,11.383879],[106.78721,11.401989],[106.768228,11.404894],[106.768934,11.427527],[106.78632,11.432738],[106.803856,11.452231],[106.80642,11.461957],[106.801336,11.484759],[106.795264,11.492142],[106.751548,11.477003],[106.748343,11.467678],[106.753635,11.449787],[106.740116,11.441779],[106.736965,11.433489],[106.725725,11.433708],[106.724611,11.42566],[106.718617,11.423993],[106.716914,11.415625],[106.707624,11.407172],[106.708084,11.400969],[106.702433,11.397121],[106.696092,11.404158],[106.684583,11.396564],[106.672986,11.398334],[106.677401,11.386581],[106.676191,11.370269],[106.672715,11.355099],[106.664913,11.354993],[106.614365,11.364219],[106.611648,11.388519],[106.597457,11.387448],[106.559636,11.371499],[106.537198,11.388642],[106.546604,11.407971],[106.540428,11.429335],[106.571394,11.456792],[106.554925,11.485007],[106.54029,11.46893],[106.491454,11.498274],[106.433341,11.502677],[106.42166,11.496019],[106.428476,11.535655],[106.441571,11.548297],[106.452395,11.543171],[106.463243,11.543629],[106.473098,11.550501],[106.477885,11.547511],[106.487822,11.577078],[106.482557,11.60539],[106.464497,11.622829],[106.462049,11.639248],[106.447907,11.664213],[106.450885,11.692473],[106.432265,11.714209],[106.412527,11.767794],[106.433675,11.80201],[106.433577,11.810843],[106.446109,11.824205],[106.437166,11.839529],[106.43843,11.858398],[106.443668,11.859556],[106.447015,11.867959],[106.458076,11.864953],[106.465379,11.871443],[106.411796,11.975671],[106.424699,11.974909],[106.440303,11.986757],[106.453585,11.988598],[106.471356,11.974831],[106.482095,11.972232],[106.516448,11.982202],[106.528156,11.977485],[106.528621,11.969235],[106.625109,11.975548],[106.632404,11.961006],[106.638573,11.976185],[106.64383,11.967421],[106.657245,11.965085],[106.64884,11.978425],[106.653155,11.990185],[106.683821,11.965718],[106.711889,11.970899],[106.725147,11.982423],[106.742878,11.985005],[106.737224,12.0],[106.745713,12.010164],[106.745085,12.022326],[106.771559,12.059413],[106.780431,12.064995],[106.777125,12.067923],[106.779507,12.075277],[106.793951,12.084754],[106.807697,12.080273],[106.823937,12.083392],[106.853765,12.069994],[106.868117,12.075523],[106.88249,12.074795],[106.895497,12.067448],[106.906528,12.068942],[106.918823,12.06343],[106.942744,12.068495],[106.947094,12.07438],[106.992742,12.092249],[107.009466,12.10703],[107.011537,12.11332],[107.002522,12.116261],[107.045672,12.134273],[107.05728,12.155178],[107.076855,12.163956],[107.07802,12.170563],[107.068659,12.177753],[107.073766,12.189221],[107.090784,12.182208],[107.107031,12.214483],[107.121779,12.227126],[107.128109,12.225908],[107.137626,12.232507],[107.13405,12.241222],[107.151761,12.27872],[107.178301,12.283677],[107.184198,12.292355],[107.203486,12.300009],[107.226064,12.154183],[107.22238,12.120998],[107.237983,12.115763],[107.239275,12.111393],[107.230081,12.066613],[107.231783,12.028429],[107.234451,12.037531],[107.240898,12.040128],[107.253975,12.020367],[107.276121,12.013834],[107.291649,12.022518],[107.293871,12.010846],[107.320365,12.007231],[107.342954,11.980907],[107.353428,11.952495],[107.350946,11.939624],[107.382322,11.920272],[107.400853,11.888564],[107.405629,11.868367],[107.424438,11.859905],[107.424953,11.847481],[107.415211,11.839319],[107.40256,11.81701],[107.406842,11.806192],[107.391752,11.795844],[107.395373,11.781012],[107.391826,11.76996],[107.383147,11.773972],[107.371705,11.771954],[107.351059,11.753502],[107.322131,11.749604],[107.292009,11.733128],[107.284237,11.723278],[107.282449,11.6866],[107.263958,11.661039],[107.268836,11.638372],[107.286048,11.631739],[107.300874,11.618062],[107.302482,11.598468],[107.29576,11.584859],[107.308823,11.555746],[107.327761,11.554945],[107.343381,11.544079],[107.353902,11.556248],[107.35637,11.581893],[107.359646,11.582406],[107.364335,11.573372],[107.360626,11.571637],[107.358927,11.556264],[107.376134,11.543253]]]}},{"type":"Feature","properties":{"code":"01","name":"Thủ đô Hà Nội","type":"Thủ đô","merged_from":"giữ nguyên","zone":"bac","lat":21.00007,"lng":105.69824},"geometry":{"type":"Polygon","coordinates":[[[105.825669,21.377581],[105.848622,21.377436],[105.85213,21.349751],[105.858746,21.338661],[105.874045,21.328722],[105.896577,21.327442],[105.897017,21.306889],[105.914339,21.303163],[105.923769,21.293645],[105.920241,21.274605],[105.936622,21.245629],[105.901855,21.227143],[105.902659,21.223448],[105.908563,21.225296],[105.913467,21.216689],[105.905047,21.193897],[105.922407,21.18349],[105.915288,21.168723],[105.920992,21.164982],[105.918473,21.155972],[105.924064,21.13924],[105.910587,21.128733],[105.913856,21.11992],[105.928293,21.112986],[105.939149,21.086019],[105.955733,21.09241],[105.960216,21.078313],[105.96764,21.072886],[105.991437,21.070126],[105.997735,21.074054],[106.018031,21.046443],[106.001612,21.019372],[106.007243,21.010043],[105.997789,21.006965],[105.997511,21.00155],[105.971984,20.997704],[105.970393,20.990755],[105.960272,20.990399],[105.962397,20.964386],[105.954522,20.969075],[105.937872,20.968825],[105.922068,20.976872],[105.912137,20.974714],[105.903086,20.954602],[105.910555,20.938257],[105.907041,20.927056],[105.910488,20.918521],[105.893333,20.898843],[105.8978,20.891095],[105.926874,20.875037],[105.93418,20.862994],[105.929402,20.851187],[105.909978,20.835036],[105.911624,20.812819],[105.919564,20.793844],[105.928784,20.785947],[105.966043,20.774087],[105.96756,20.734378],[105.962255,20.726168],[105.971906,20.700626],[105.999479,20.704582],[105.985605,20.68216],[105.956521,20.662527],[105.956462,20.651598],[105.942801,20.656693],[105.944972,20.677311],[105.94164,20.682738],[105.901575,20.667375],[105.894443,20.668653],[105.894646,20.653479],[105.878473,20.64437],[105.855137,20.646102],[105.843287,20.658208],[105.820986,20.665754],[105.818849,20.660996],[105.831293,20.647728],[105.809301,20.630226],[105.810851,20.618095],[105.803927,20.610898],[105.808639,20.605885],[105.799191,20.592931],[105.795446,20.574059],[105.788951,20.568019],[105.767675,20.564756],[105.759554,20.581408],[105.740306,20.598305],[105.729746,20.602936],[105.716912,20.598057],[105.705031,20.601124],[105.702099,20.613217],[105.692042,20.622007],[105.684246,20.617435],[105.664416,20.618947],[105.663004,20.630009],[105.678351,20.631319],[105.684248,20.639418],[105.677533,20.646514],[105.677549,20.668734],[105.671847,20.666206],[105.667292,20.680045],[105.677182,20.68517],[105.679768,20.69656],[105.659546,20.726157],[105.665163,20.736008],[105.654395,20.745373],[105.648737,20.75935],[105.64678,20.793722],[105.630446,20.79469],[105.628217,20.817501],[105.639436,20.825618],[105.634598,20.839592],[105.616991,20.831651],[105.597334,20.842052],[105.593626,20.833406],[105.586798,20.830391],[105.580685,20.812753],[105.556301,20.810835],[105.560433,20.821997],[105.576162,20.826904],[105.585001,20.847744],[105.582353,20.858926],[105.555332,20.882622],[105.5519,20.890562],[105.555033,20.905869],[105.576422,20.916971],[105.57973,20.927051],[105.575705,20.930669],[105.517828,20.921555],[105.491167,20.933468],[105.477222,20.948044],[105.455352,20.950487],[105.444432,20.957188],[105.43583,20.973653],[105.419582,20.986563],[105.417295,20.997654],[105.393417,21.003783],[105.383289,21.023824],[105.353476,21.00959],[105.344836,21.015565],[105.329814,21.012735],[105.322957,21.019659],[105.31681,21.013311],[105.298759,21.029564],[105.29242,21.050223],[105.31725,21.104197],[105.317115,21.115552],[105.286957,21.165959],[105.297177,21.178791],[105.300075,21.193504],[105.327342,21.207959],[105.343828,21.226453],[105.360401,21.283884],[105.392238,21.304991],[105.421543,21.293924],[105.441377,21.273075],[105.444143,21.244718],[105.457822,21.230646],[105.462796,21.216083],[105.467854,21.179438],[105.494557,21.159496],[105.519704,21.15545],[105.621833,21.173245],[105.626777,21.170718],[105.622438,21.18203],[105.629441,21.183216],[105.619109,21.201861],[105.612962,21.20478],[105.614152,21.209283],[105.620072,21.206988],[105.626666,21.212076],[105.637349,21.208089],[105.63409,21.218411],[105.657113,21.221957],[105.642009,21.232485],[105.650464,21.239148],[105.657295,21.235551],[105.665438,21.239822],[105.667214,21.234566],[105.673002,21.23629],[105.673767,21.228615],[105.68502,21.235907],[105.687416,21.221818],[105.694615,21.216339],[105.722629,21.225935],[105.735577,21.237269],[105.726003,21.244022],[105.722898,21.268277],[105.735773,21.289444],[105.75736,21.30338],[105.773452,21.335621],[105.783237,21.343859],[105.780995,21.354809],[105.784859,21.356024],[105.782721,21.360918],[105.789008,21.377254],[105.797131,21.384013],[105.810071,21.384203],[105.825669,21.377581]]]}},{"type":"Feature","properties":{"code":"91","name":"Tỉnh An Giang","type":"Tỉnh","merged_from":"tỉnh Kiên Giang và tỉnh An Giang","zone":"nam","lat":10.18249,"lng":105.02826},"geometry":{"type":"MultiPolygon","coordinates":[[[[103.493378,9.300227],[103.481641,9.28684],[103.470918,9.289828],[103.473648,9.3038],[103.462701,9.301224],[103.456032,9.304762],[103.461539,9.31341],[103.475231,9.320476],[103.503318,9.321077],[103.509068,9.311463],[103.49896,9.303271],[103.503115,9.298627],[103.493378,9.300227]]],[[[103.52136,9.324116],[103.529896,9.32774],[103.532692,9.3168],[103.52136,9.324116]]],[[[103.60598,9.394704],[103.605635,9.389502],[103.600658,9.386339],[103.600876,9.39287],[103.60598,9.394704]]],[[[104.344154,9.680746],[104.348364,9.693527],[104.353504,9.694892],[104.352562,9.712896],[104.360924,9.696783],[104.356288,9.692547],[104.360484,9.662548],[104.358936,9.660181],[104.345894,9.668703],[104.344154,9.680746]]],[[[104.386841,9.708258],[104.387054,9.702167],[104.38274,9.698184],[104.381526,9.710413],[104.386841,9.708258]]],[[[104.011846,9.954825],[104.008686,9.96931],[104.016324,9.967916],[104.023771,9.947027],[104.020523,9.94121],[104.008457,9.949645],[104.011846,9.954825]]],[[[104.024838,9.970018],[104.015757,9.974834],[104.011742,9.985405],[104.021451,9.980597],[104.024838,9.970018]]],[[[104.009009,9.999498],[104.012633,9.993984],[104.009059,9.991804],[104.005578,9.995241],[104.009009,9.999498]]],[[[104.0731,10.279226],[104.079047,10.246054],[104.069107,10.217105],[104.051824,10.195275],[104.041022,10.153816],[104.02984,10.141337],[104.034592,10.119987],[104.024667,10.107778],[104.022987,10.093203],[104.01617,10.084876],[104.022368,10.074801],[104.026395,10.079771],[104.041476,10.070053],[104.03354,10.054672],[104.037172,10.042313],[104.030438,10.040158],[104.028525,10.032279],[104.049078,10.006939],[104.035811,10.01674],[104.028715,10.011768],[104.021665,10.019276],[104.007486,10.011592],[103.998934,10.044974],[103.989011,10.050105],[103.96557,10.181355],[103.945785,10.245549],[103.91393,10.288786],[103.904987,10.293109],[103.890372,10.29136],[103.869717,10.308577],[103.858825,10.30345],[103.840871,10.356866],[103.830745,10.364741],[103.836891,10.378947],[103.917573,10.360761],[103.925937,10.362788],[103.939322,10.379839],[103.945259,10.402336],[103.965275,10.41065],[103.971988,10.44131],[103.98241,10.450131],[104.004086,10.447791],[104.025395,10.417489],[104.040387,10.415595],[104.069308,10.383365],[104.079118,10.357989],[104.070831,10.339367],[104.078209,10.308866],[104.0731,10.279226]]],[[[104.332601,10.324277],[104.336173,10.321921],[104.326706,10.313652],[104.321709,10.322303],[104.328261,10.319904],[104.332601,10.324277]]],[[[104.392359,9.637676],[104.405668,9.642572],[104.400179,9.632431],[104.392359,9.637676]]],[[[104.403748,9.673829],[104.400624,9.665255],[104.393317,9.660622],[104.39813,9.676825],[104.403748,9.673829]]],[[[104.392214,9.693181],[104.394462,9.692368],[104.385639,9.681416],[104.385787,9.688155],[104.392214,9.693181]]],[[[104.612878,9.798372],[104.617405,9.812611],[104.630563,9.822156],[104.656979,9.817705],[104.653803,9.802887],[104.647541,9.796598],[104.635928,9.793796],[104.629839,9.799476],[104.612878,9.798372]]],[[[104.829408,9.952986],[104.825666,9.960676],[104.828052,9.970027],[104.849611,9.978727],[104.856227,9.975583],[104.844357,9.969751],[104.839277,9.953386],[104.834413,9.949534],[104.829408,9.952986]]],[[[104.549451,10.015241],[104.542663,10.031691],[104.552682,10.040924],[104.559035,10.019613],[104.549451,10.015241]]],[[[104.540733,10.134298],[104.544731,10.138207],[104.541353,10.12346],[104.540733,10.134298]]],[[[105.096228,10.722486],[105.090666,10.757146],[105.074329,10.779419],[105.062935,10.781674],[105.054675,10.825589],[105.041916,10.848133],[105.027043,10.891859],[105.043596,10.902334],[105.03973,10.912038],[105.051191,10.917773],[105.051297,10.930643],[105.067369,10.940115],[105.07644,10.938418],[105.079343,10.955733],[105.098048,10.95633],[105.111612,10.963408],[105.115196,10.962258],[105.116255,10.946177],[105.098701,10.923072],[105.105978,10.919173],[105.154023,10.924875],[105.186424,10.912545],[105.190179,10.85106],[105.210713,10.838193],[105.232721,10.80812],[105.259372,10.800968],[105.256297,10.783544],[105.260679,10.77128],[105.301708,10.760341],[105.299402,10.749001],[105.275722,10.733532],[105.275957,10.724825],[105.299761,10.717086],[105.336883,10.723872],[105.349289,10.714878],[105.336261,10.673134],[105.338177,10.647069],[105.369709,10.573972],[105.392541,10.569271],[105.414684,10.551099],[105.443736,10.55527],[105.468322,10.540647],[105.490474,10.550581],[105.519234,10.545616],[105.543184,10.528732],[105.554413,10.513408],[105.571086,10.470722],[105.572431,10.429959],[105.552699,10.435353],[105.542007,10.417119],[105.53025,10.412608],[105.527861,10.404112],[105.520169,10.404091],[105.52346,10.378207],[105.517032,10.364812],[105.488614,10.345513],[105.487854,10.333494],[105.495104,10.326026],[105.48565,10.324798],[105.475568,10.312874],[105.424748,10.304099],[105.439459,10.270655],[105.334535,10.235392],[105.309929,10.274353],[105.304731,10.270057],[105.299155,10.277684],[105.265356,10.239917],[105.259141,10.246865],[105.254721,10.242708],[105.223977,10.201963],[105.298891,10.13693],[105.309789,10.148035],[105.350801,10.101542],[105.354953,10.08338],[105.362822,10.074178],[105.538253,9.913049],[105.51887,9.870686],[105.51874,9.860119],[105.4751,9.833396],[105.428996,9.816679],[105.432493,9.792381],[105.421931,9.78064],[105.413537,9.781857],[105.414104,9.774006],[105.403712,9.77175],[105.405176,9.762016],[105.412652,9.760672],[105.411778,9.752206],[105.391701,9.745789],[105.389188,9.737253],[105.370953,9.730574],[105.356324,9.714437],[105.326512,9.701454],[105.337413,9.677127],[105.354826,9.66968],[105.370942,9.673347],[105.368824,9.659975],[105.403519,9.652959],[105.397596,9.623013],[105.387523,9.628994],[105.37399,9.61364],[105.372017,9.597281],[105.360777,9.593511],[105.347388,9.599087],[105.340452,9.613418],[105.328991,9.605725],[105.308633,9.609434],[105.302317,9.628738],[105.293549,9.637633],[105.286329,9.629972],[105.289593,9.593466],[105.308512,9.57402],[105.307332,9.556789],[105.322183,9.55971],[105.321563,9.54222],[105.3286,9.529022],[105.318035,9.513476],[105.297667,9.507353],[105.288522,9.457755],[105.293503,9.433651],[105.307058,9.415555],[105.31755,9.384253],[105.299248,9.391444],[105.292968,9.389179],[105.276114,9.399771],[105.272986,9.395895],[105.257603,9.40112],[105.001471,9.559439],[104.989635,9.540564],[104.976063,9.544254],[104.960969,9.556457],[104.944065,9.53341],[104.914534,9.562276],[104.879463,9.495103],[104.844121,9.530325],[104.833697,9.533616],[104.856513,9.722793],[104.891841,9.843748],[104.900605,9.852155],[104.927865,9.84836],[104.952903,9.854659],[105.01699,9.922678],[105.039154,9.939762],[105.062143,9.951367],[105.077549,9.948925],[105.098923,9.958178],[105.082758,9.993453],[105.072883,10.01176],[104.990533,10.099445],[104.953719,10.098621],[104.897377,10.087334],[104.882773,10.090763],[104.866237,10.107224],[104.822559,10.173621],[104.801325,10.197811],[104.775422,10.214992],[104.741575,10.226784],[104.721966,10.224354],[104.686327,10.201536],[104.654176,10.163017],[104.642854,10.138617],[104.619229,10.147674],[104.599015,10.144851],[104.607873,10.164048],[104.587981,10.186935],[104.594824,10.192822],[104.583726,10.207752],[104.590376,10.216174],[104.588271,10.230013],[104.568504,10.273291],[104.545495,10.291426],[104.528575,10.280151],[104.525061,10.324689],[104.481645,10.377728],[104.440243,10.367523],[104.450698,10.400864],[104.436991,10.424142],[104.476555,10.43246],[104.496207,10.405579],[104.516561,10.441316],[104.526327,10.447849],[104.541111,10.44911],[104.550072,10.457567],[104.558111,10.493781],[104.583033,10.507097],[104.58615,10.528878],[104.595469,10.535053],[104.614695,10.529412],[104.644356,10.531944],[104.644136,10.540941],[104.688922,10.538977],[104.75241,10.520051],[104.866515,10.522679],[104.898688,10.553053],[104.933229,10.614571],[104.955752,10.640085],[105.096228,10.722486]]],[[[104.522011,10.185933],[104.52511,10.189493],[104.531792,10.18252],[104.530172,10.170289],[104.522011,10.185933]]]]}},{"type":"Feature","properties":{"code":"24","name":"Tỉnh Bắc Ninh","type":"Tỉnh","merged_from":"tỉnh Bắc Giang và tỉnh Bắc Ninh","zone":"bac","lat":21.31533,"lng":106.41393},"geometry":{"type":"Polygon","coordinates":[[[106.297394,21.122446],[106.293375,21.107209],[106.30753,21.058372],[106.292178,21.040812],[106.292727,21.021515],[106.274657,21.007071],[106.271369,20.993065],[106.263698,20.989942],[106.247849,20.99843],[106.228719,20.99725],[106.16644,20.970044],[106.161706,20.976217],[106.165414,20.989005],[106.149033,20.990359],[106.135173,21.001926],[106.130575,20.999853],[106.126171,20.984138],[106.122824,20.990352],[106.113439,20.985193],[106.113522,20.996322],[106.100406,20.998874],[106.08781,21.00783],[106.077984,20.996768],[106.056823,21.001339],[106.05338,21.006983],[106.043204,21.006026],[106.02925,20.995241],[106.015135,21.002762],[106.00513,20.999296],[105.998398,21.002281],[105.997789,21.006965],[106.008056,21.011484],[106.001612,21.019372],[106.016211,21.03793],[106.017123,21.049049],[105.997735,21.074054],[105.991437,21.070126],[105.96764,21.072886],[105.960216,21.078313],[105.955733,21.09241],[105.939149,21.086019],[105.928293,21.112986],[105.913856,21.11992],[105.910587,21.128733],[105.924064,21.13924],[105.918473,21.155972],[105.920992,21.164982],[105.915288,21.168723],[105.922407,21.18349],[105.905047,21.193897],[105.913467,21.216689],[105.908563,21.225296],[105.902659,21.223448],[105.901855,21.227143],[105.905494,21.232254],[105.918736,21.232917],[105.936886,21.247014],[105.921302,21.27077],[105.923769,21.293645],[105.914339,21.303163],[105.897017,21.306889],[105.896577,21.327442],[105.887779,21.32794],[105.88014,21.339577],[105.885158,21.346602],[105.899053,21.344855],[105.89834,21.353465],[105.908301,21.375641],[105.938919,21.374756],[105.941967,21.396565],[105.954439,21.408071],[105.955332,21.431992],[105.959598,21.43634],[105.983711,21.412243],[106.0108,21.404485],[106.021401,21.396533],[106.025605,21.39872],[106.033571,21.413682],[106.025469,21.437826],[106.042958,21.441446],[106.049467,21.451923],[106.038992,21.47264],[106.044666,21.480445],[106.040024,21.488505],[106.04156,21.518944],[106.054402,21.552805],[106.028596,21.562974],[106.03387,21.573486],[106.04635,21.582013],[106.05562,21.602176],[106.08429,21.621782],[106.097429,21.625281],[106.116082,21.617556],[106.128353,21.617832],[106.156877,21.627101],[106.171247,21.610833],[106.184238,21.606141],[106.167647,21.595597],[106.165481,21.542072],[106.169023,21.512151],[106.207223,21.498435],[106.235418,21.495301],[106.24065,21.487315],[106.271484,21.494373],[106.284231,21.491826],[106.282276,21.452601],[106.299779,21.443072],[106.308443,21.452756],[106.327224,21.447052],[106.329526,21.440521],[106.321999,21.41248],[106.337588,21.400597],[106.375515,21.395342],[106.394299,21.406229],[106.413155,21.408294],[106.413085,21.41697],[106.403462,21.427591],[106.417043,21.438375],[106.43593,21.443162],[106.443761,21.437358],[106.465215,21.438463],[106.471981,21.4488],[106.480807,21.450658],[106.492549,21.483033],[106.516356,21.496226],[106.506631,21.526427],[106.520225,21.5367],[106.526145,21.560521],[106.536944,21.56709],[106.554094,21.594032],[106.569057,21.602423],[106.59065,21.599996],[106.616351,21.608638],[106.632229,21.602461],[106.667785,21.607844],[106.697207,21.596113],[106.700433,21.593655],[106.698248,21.572839],[106.741824,21.542087],[106.75534,21.544526],[106.757711,21.554729],[106.75395,21.564901],[106.759353,21.5723],[106.782101,21.577315],[106.800203,21.561827],[106.821075,21.56399],[106.842064,21.559171],[106.850517,21.540916],[106.863498,21.532735],[106.858234,21.523675],[106.849306,21.525322],[106.848169,21.517765],[106.837875,21.513118],[106.841089,21.49582],[106.872177,21.497717],[106.884682,21.493275],[106.890473,21.479015],[106.899569,21.471743],[106.889659,21.453871],[106.908474,21.432534],[106.925623,21.440175],[106.930504,21.430943],[106.941592,21.43569],[106.952774,21.424376],[106.966617,21.43664],[106.982394,21.440755],[107.001354,21.423707],[106.990329,21.416097],[106.984114,21.401833],[106.990279,21.382262],[106.986737,21.361754],[107.015559,21.342964],[107.029895,21.324301],[107.030336,21.313823],[107.018226,21.301486],[106.984356,21.293516],[106.972087,21.285488],[106.973825,21.27242],[106.983129,21.259049],[106.974917,21.228105],[106.955304,21.207687],[106.953808,21.192794],[106.935792,21.171136],[106.928846,21.171861],[106.913118,21.185015],[106.891892,21.180881],[106.88139,21.184511],[106.869656,21.175321],[106.858684,21.178095],[106.854568,21.189252],[106.824914,21.189719],[106.823934,21.167935],[106.828263,21.155366],[106.816261,21.157168],[106.78872,21.150627],[106.720764,21.160461],[106.695758,21.170511],[106.681822,21.168309],[106.642883,21.176913],[106.609148,21.172266],[106.602915,21.18026],[106.587722,21.179734],[106.586736,21.18763],[106.579345,21.192336],[106.541687,21.193018],[106.523159,21.224205],[106.506291,21.223496],[106.486465,21.234481],[106.466738,21.22809],[106.452496,21.233056],[106.434795,21.229479],[106.424346,21.232364],[106.410465,21.212189],[106.374535,21.19671],[106.36118,21.174375],[106.346493,21.172516],[106.342868,21.166139],[106.322522,21.185725],[106.32156,21.193237],[106.311045,21.193874],[106.307158,21.18312],[106.321062,21.150888],[106.312151,21.131969],[106.297394,21.122446]]]}},{"type":"Feature","properties":{"code":"04","name":"Tỉnh Cao Bằng","type":"Tỉnh","merged_from":"giữ nguyên","zone":"bac","lat":22.74575,"lng":106.08303},"geometry":{"type":"Polygon","coordinates":[[[105.561348,23.119536],[105.560153,23.087875],[105.567731,23.075462],[105.576388,23.070979],[105.602757,23.077848],[105.617557,23.068404],[105.631518,23.081316],[105.641699,23.08318],[105.674082,23.06469],[105.707313,23.063867],[105.709346,23.072857],[105.726599,23.054684],[105.729747,23.037736],[105.778047,23.023765],[105.801576,22.992006],[105.812636,22.989918],[105.820933,22.997326],[105.83218,22.991655],[105.841179,22.977383],[105.838002,22.970336],[105.849406,22.973565],[105.85252,22.970452],[105.843678,22.959275],[105.853501,22.94374],[105.869937,22.934071],[105.86852,22.924693],[105.874015,22.91876],[105.885621,22.921405],[105.8817,22.928491],[105.887518,22.940167],[105.906734,22.940736],[105.920458,22.947527],[105.934298,22.940479],[105.94766,22.940109],[105.958497,22.951849],[105.994557,22.942242],[106.006352,22.969937],[106.000333,22.99252],[106.06253,22.993212],[106.081535,23.001615],[106.093995,22.996553],[106.098379,22.988099],[106.115852,22.986334],[106.132949,22.997474],[106.140785,22.99691],[106.16808,22.985419],[106.187336,22.989148],[106.199246,22.985951],[106.234252,22.954724],[106.236012,22.943921],[106.26231,22.912456],[106.257659,22.899087],[106.247856,22.892704],[106.257691,22.885788],[106.257472,22.878799],[106.278096,22.870964],[106.286047,22.869072],[106.289321,22.875856],[106.295007,22.87581],[106.307868,22.865488],[106.324441,22.87528],[106.347679,22.856644],[106.361177,22.868214],[106.363471,22.881027],[106.372328,22.884679],[106.412252,22.87716],[106.410448,22.889794],[106.419461,22.893441],[106.430698,22.884868],[106.446697,22.904627],[106.457212,22.898892],[106.467356,22.902048],[106.472812,22.910409],[106.484702,22.903225],[106.496922,22.907412],[106.501296,22.915734],[106.498699,22.928232],[106.510313,22.947238],[106.521329,22.949475],[106.528419,22.942142],[106.538741,22.942234],[106.542367,22.929821],[106.562858,22.921496],[106.587638,22.934439],[106.600105,22.93011],[106.613883,22.902543],[106.628729,22.887737],[106.635226,22.887575],[106.636074,22.876575],[106.649372,22.867405],[106.663936,22.877624],[106.666552,22.893367],[106.675271,22.893466],[106.678709,22.887839],[106.689698,22.892262],[106.703844,22.889244],[106.715365,22.878463],[106.707253,22.86677],[106.752547,22.832365],[106.766781,22.82676],[106.763754,22.813295],[106.807132,22.822016],[106.816932,22.820471],[106.834297,22.803606],[106.821629,22.788966],[106.815918,22.773587],[106.7934,22.771241],[106.791272,22.766128],[106.784146,22.768],[106.78563,22.755911],[106.76309,22.743328],[106.767535,22.737946],[106.760051,22.732867],[106.763542,22.720672],[106.777371,22.709738],[106.751235,22.697519],[106.757587,22.685682],[106.754888,22.675974],[106.739887,22.670642],[106.72123,22.640498],[106.726886,22.631542],[106.721294,22.619829],[106.71282,22.616216],[106.727511,22.602379],[106.720258,22.588239],[106.70639,22.579964],[106.692168,22.584834],[106.651652,22.577017],[106.632956,22.593273],[106.628627,22.605759],[106.606949,22.603439],[106.604133,22.59289],[106.607678,22.582401],[106.600631,22.578187],[106.599205,22.556865],[106.58949,22.550987],[106.58817,22.535565],[106.579714,22.518497],[106.581355,22.475245],[106.574319,22.470131],[106.569532,22.476433],[106.557541,22.466441],[106.556681,22.449316],[106.565407,22.441131],[106.562476,22.424218],[106.534509,22.419869],[106.517142,22.39973],[106.502949,22.404795],[106.491967,22.40316],[106.492028,22.396767],[106.48285,22.391594],[106.488071,22.387185],[106.480993,22.38008],[106.487884,22.375656],[106.485705,22.37006],[106.451006,22.358478],[106.435592,22.364638],[106.421927,22.360915],[106.410432,22.370652],[106.394857,22.373368],[106.375674,22.36034],[106.357845,22.359516],[106.341302,22.374417],[106.341763,22.390329],[106.331176,22.403967],[106.330484,22.412218],[106.311962,22.410505],[106.298148,22.425888],[106.286753,22.427843],[106.276062,22.447787],[106.241082,22.460679],[106.219137,22.456257],[106.214002,22.451277],[106.191809,22.417602],[106.183524,22.387153],[106.173998,22.402645],[106.16321,22.409654],[106.1553,22.409187],[106.137236,22.39532],[106.118294,22.402392],[106.107358,22.400173],[106.097233,22.414754],[106.099058,22.437051],[106.092823,22.444492],[106.116984,22.473494],[106.113632,22.485228],[106.117243,22.508503],[106.11582,22.513724],[106.098669,22.517968],[106.091789,22.545881],[106.085363,22.553286],[106.07247,22.556336],[106.079758,22.573686],[106.064601,22.570393],[106.045827,22.578738],[106.030867,22.560432],[106.017071,22.559898],[105.955969,22.527994],[105.928131,22.527436],[105.909187,22.497288],[105.890284,22.510384],[105.858114,22.522383],[105.833731,22.519513],[105.802251,22.52609],[105.786241,22.547638],[105.773083,22.552222],[105.770824,22.562414],[105.775225,22.576303],[105.765253,22.58811],[105.748975,22.590768],[105.746145,22.595872],[105.750806,22.609069],[105.726824,22.637511],[105.73723,22.643782],[105.748102,22.664805],[105.771621,22.690201],[105.751983,22.707282],[105.756386,22.724915],[105.734227,22.741673],[105.69316,22.723303],[105.663093,22.723857],[105.645179,22.701767],[105.616805,22.701698],[105.597922,22.679061],[105.597285,22.667618],[105.580079,22.669861],[105.547751,22.657803],[105.539306,22.649475],[105.536707,22.63495],[105.494745,22.635138],[105.493481,22.660987],[105.484931,22.677502],[105.497554,22.696284],[105.49722,22.702947],[105.474166,22.719761],[105.473953,22.744905],[105.469132,22.752081],[105.378579,22.811864],[105.347359,22.819929],[105.315911,22.847559],[105.301257,22.85498],[105.277168,22.858475],[105.264845,22.868488],[105.267308,22.880958],[105.302147,22.876399],[105.306287,22.913649],[105.316484,22.916173],[105.333628,22.932213],[105.360882,22.943229],[105.358772,22.972945],[105.360538,22.982952],[105.366482,22.987435],[105.422615,23.001618],[105.487423,23.010147],[105.493834,23.035155],[105.529033,23.112133],[105.544811,23.110477],[105.561348,23.119536]]]}},{"type":"Feature","properties":{"code":"96","name":"Tỉnh Cà Mau","type":"Tỉnh","merged_from":"tỉnh Bạc Liêu và tỉnh Cà Mau","zone":"nam","lat":9.13544,"lng":105.18169},"geometry":{"type":"MultiPolygon","coordinates":[[[[104.8469,8.414471],[104.847071,8.419979],[104.853711,8.420678],[104.852339,8.415417],[104.8469,8.414471]]],[[[104.836451,8.426927],[104.822624,8.422453],[104.817263,8.427809],[104.839616,8.453981],[104.8434,8.443496],[104.835131,8.438164],[104.836451,8.426927]]],[[[104.705796,8.598487],[104.697539,8.604883],[104.688092,8.626112],[104.687817,8.636217],[104.696431,8.646069],[104.703065,8.645998],[104.705023,8.629003],[104.700679,8.62578],[104.705796,8.598487]]],[[[104.52798,8.945192],[104.520498,8.949888],[104.523479,8.957686],[104.52798,8.945192]]],[[[104.989635,9.540564],[105.001471,9.559439],[105.257603,9.40112],[105.272986,9.395895],[105.276114,9.399771],[105.292968,9.389179],[105.299248,9.391444],[105.31755,9.384253],[105.307058,9.415555],[105.293503,9.433651],[105.288522,9.457755],[105.297667,9.507353],[105.318035,9.513476],[105.3286,9.529022],[105.321563,9.54222],[105.322183,9.55971],[105.30604,9.558203],[105.308936,9.573122],[105.287921,9.597702],[105.28462,9.620174],[105.288865,9.634353],[105.293549,9.637633],[105.301781,9.629585],[105.308633,9.609434],[105.328991,9.605725],[105.340452,9.613418],[105.351258,9.595983],[105.364683,9.59368],[105.370637,9.59817],[105.377818,9.586566],[105.413393,9.602489],[105.416144,9.593747],[105.427643,9.596314],[105.428407,9.601666],[105.439259,9.595503],[105.44543,9.597276],[105.447272,9.587825],[105.472493,9.594333],[105.48423,9.586505],[105.501645,9.592346],[105.510234,9.584967],[105.523178,9.595642],[105.531455,9.595993],[105.544449,9.587432],[105.552931,9.570266],[105.542161,9.454593],[105.579595,9.413],[105.585853,9.424296],[105.592941,9.420828],[105.598762,9.423819],[105.614338,9.407679],[105.626289,9.420244],[105.640274,9.403019],[105.63491,9.397274],[105.646651,9.395398],[105.648027,9.388471],[105.67136,9.391778],[105.683584,9.379293],[105.700093,9.378471],[105.703564,9.378829],[105.703762,9.397407],[105.721351,9.391586],[105.734807,9.396454],[105.735371,9.402454],[105.741474,9.401864],[105.749065,9.412026],[105.769919,9.41227],[105.776371,9.403045],[105.78244,9.403954],[105.774603,9.394776],[105.783721,9.383745],[105.813299,9.371227],[105.819157,9.394803],[105.831472,9.393047],[105.833191,9.399498],[105.829392,9.402004],[105.840229,9.405501],[105.846982,9.390219],[105.855107,9.385343],[105.851262,9.38014],[105.858575,9.364003],[105.810365,9.340404],[105.824103,9.277711],[105.817109,9.274563],[105.825779,9.246475],[105.751743,9.21272],[105.750408,9.207787],[105.607948,9.153554],[105.597036,9.144599],[105.509842,9.10728],[105.475752,9.083341],[105.421306,9.021529],[105.414605,9.029213],[105.410612,9.017586],[105.40207,9.013031],[105.404137,9.010157],[105.391281,8.996815],[105.378046,8.94258],[105.325781,8.839381],[105.303994,8.824442],[105.296281,8.808414],[105.266619,8.777572],[105.241433,8.765647],[105.203155,8.75727],[105.176676,8.742895],[105.164121,8.721893],[105.134366,8.695607],[105.121463,8.674425],[105.125117,8.662387],[105.10464,8.641403],[105.049973,8.625095],[105.0,8.602254],[104.981032,8.605628],[104.952503,8.589471],[104.853264,8.572688],[104.828815,8.563704],[104.811862,8.568937],[104.802263,8.579486],[104.720605,8.604253],[104.715716,8.608821],[104.710619,8.635364],[104.715129,8.649631],[104.728015,8.656341],[104.739174,8.655679],[104.751301,8.647263],[104.771115,8.650052],[104.778878,8.646404],[104.779531,8.652767],[104.794499,8.658742],[104.786561,8.661969],[104.786197,8.668574],[104.79225,8.673901],[104.780448,8.695746],[104.796195,8.725514],[104.801876,8.724695],[104.811868,8.733526],[104.818479,8.73048],[104.810086,8.77291],[104.786137,8.796118],[104.779107,8.819566],[104.792619,8.865957],[104.78984,8.872538],[104.801543,8.925719],[104.801751,9.013722],[104.810708,9.130369],[104.806801,9.177805],[104.820467,9.250854],[104.833697,9.533616],[104.844121,9.530325],[104.879463,9.495103],[104.914534,9.562276],[104.944065,9.53341],[104.960969,9.556457],[104.976063,9.544254],[104.989635,9.540564]]]]}},{"type":"Feature","properties":{"code":"52","name":"Tỉnh Gia Lai","type":"Tỉnh","merged_from":"tỉnh Bình Định và tỉnh Gia Lai","zone":"trung","lat":13.89024,"lng":108.43867},"geometry":{"type":"Polygon","coordinates":[[[108.395189,14.604286],[108.416502,14.57467],[108.432814,14.560966],[108.491658,14.544962],[108.506523,14.54651],[108.526442,14.5577],[108.530787,14.580136],[108.543051,14.589117],[108.559332,14.586437],[108.572731,14.573267],[108.594003,14.564547],[108.594822,14.547381],[108.604593,14.535475],[108.612105,14.534974],[108.616282,14.543941],[108.625698,14.545261],[108.628029,14.553116],[108.640435,14.549466],[108.63867,14.566878],[108.673235,14.582962],[108.677634,14.595299],[108.689091,14.594316],[108.696892,14.599467],[108.702486,14.615636],[108.713332,14.60245],[108.734166,14.590374],[108.757821,14.596593],[108.763932,14.627054],[108.75785,14.667943],[108.767096,14.678642],[108.784955,14.670879],[108.81069,14.672056],[108.825968,14.679039],[108.836796,14.695301],[108.845461,14.683398],[108.853192,14.692942],[108.887027,14.684093],[108.902597,14.688072],[108.925994,14.703668],[108.926229,14.698974],[108.937732,14.696319],[108.949657,14.685511],[108.957859,14.687403],[108.975184,14.672783],[108.991738,14.674958],[109.014404,14.667119],[109.042359,14.633616],[109.042996,14.611468],[109.046649,14.607499],[109.054089,14.60934],[109.058724,14.592104],[109.080779,14.578747],[109.067895,14.577257],[109.06569,14.56132],[109.091466,14.485633],[109.101064,14.48084],[109.121546,14.447642],[109.112951,14.423085],[109.126062,14.395413],[109.120614,14.389432],[109.120343,14.374589],[109.141553,14.33643],[109.184711,14.282521],[109.177415,14.271628],[109.195213,14.234595],[109.191809,14.227948],[109.181053,14.227348],[109.181426,14.204772],[109.202631,14.162372],[109.217349,14.141324],[109.225826,14.139322],[109.219662,14.128224],[109.207905,14.129428],[109.202967,14.115137],[109.218185,14.072485],[109.25153,14.019897],[109.244959,14.008062],[109.255191,13.989615],[109.247353,13.9805],[109.257978,13.964535],[109.240752,13.956283],[109.241801,13.942559],[109.265471,13.901029],[109.281588,13.887853],[109.292533,13.895784],[109.295925,13.880169],[109.29095,13.875785],[109.290551,13.852352],[109.295973,13.844355],[109.29629,13.828125],[109.28409,13.805655],[109.291218,13.780392],[109.28699,13.75572],[109.2784,13.763567],[109.265795,13.758629],[109.253029,13.759901],[109.248743,13.768904],[109.237578,13.772464],[109.225033,13.765839],[109.213134,13.749002],[109.217897,13.735682],[109.216057,13.717442],[109.232034,13.680957],[109.231232,13.672245],[109.216984,13.682488],[109.206487,13.681805],[109.2001,13.695583],[109.188827,13.694575],[109.179125,13.684041],[109.155439,13.679584],[109.149015,13.656437],[109.150377,13.634537],[109.142634,13.632028],[109.12447,13.644805],[109.118162,13.64262],[109.12501,13.622809],[109.114061,13.61609],[109.111751,13.595328],[109.115951,13.585825],[109.109636,13.588408],[109.101438,13.584522],[109.082534,13.568136],[109.04992,13.568589],[109.026198,13.531478],[108.998036,13.523693],[108.983498,13.529646],[108.942006,13.527991],[108.915084,13.542369],[108.86572,13.536074],[108.848708,13.570075],[108.840093,13.565019],[108.825338,13.56605],[108.811186,13.578053],[108.784676,13.578281],[108.765106,13.562329],[108.746141,13.567081],[108.745529,13.556651],[108.739769,13.557918],[108.734369,13.550059],[108.728574,13.524406],[108.712406,13.518863],[108.702744,13.481045],[108.712511,13.47383],[108.714013,13.463623],[108.739989,13.458281],[108.751239,13.465155],[108.783936,13.469175],[108.791889,13.476964],[108.789232,13.453108],[108.803558,13.435779],[108.806881,13.361643],[108.839577,13.321674],[108.857451,13.289323],[108.870339,13.284361],[108.868982,13.251121],[108.863673,13.226803],[108.84773,13.218195],[108.850433,13.209247],[108.847074,13.203903],[108.852795,13.194985],[108.838799,13.163949],[108.826079,13.163378],[108.821725,13.15572],[108.811788,13.158475],[108.796968,13.152236],[108.793941,13.142183],[108.775437,13.14815],[108.774912,13.138732],[108.758313,13.131347],[108.755604,13.10155],[108.746283,13.091147],[108.752079,13.084657],[108.753546,13.036939],[108.717314,13.020137],[108.691081,13.0176],[108.679457,12.999221],[108.673194,12.997231],[108.665426,13.003435],[108.653355,13.001094],[108.636725,13.011701],[108.615348,13.010848],[108.600287,13.017809],[108.589905,13.030275],[108.576186,13.029132],[108.565955,13.020512],[108.511156,13.039954],[108.509189,13.046461],[108.518322,13.06671],[108.499773,13.087758],[108.488218,13.110026],[108.459917,13.120729],[108.455787,13.129472],[108.464902,13.140007],[108.459983,13.162907],[108.424404,13.194993],[108.415495,13.220862],[108.41882,13.227786],[108.416075,13.238814],[108.406012,13.259046],[108.387175,13.257825],[108.372353,13.26879],[108.369257,13.305269],[108.35362,13.318133],[108.344782,13.34021],[108.287977,13.35362],[108.261639,13.373763],[108.246826,13.369566],[108.230524,13.37422],[108.212136,13.36992],[108.207441,13.377635],[108.200811,13.374642],[108.182433,13.382132],[108.161138,13.398878],[108.111858,13.417399],[108.073582,13.40109],[108.066193,13.411075],[108.050349,13.413184],[108.006249,13.38233],[107.995664,13.391368],[107.98109,13.393748],[107.978009,13.384557],[107.962429,13.380974],[107.947513,13.384042],[107.931587,13.376702],[107.918887,13.386909],[107.90619,13.389649],[107.887838,13.387234],[107.873417,13.394518],[107.849662,13.390541],[107.837095,13.401556],[107.817716,13.394447],[107.799682,13.394276],[107.783998,13.378147],[107.758301,13.36549],[107.718166,13.368239],[107.702639,13.376391],[107.657389,13.348203],[107.645887,13.325756],[107.605025,13.305555],[107.629165,13.361686],[107.615797,13.529562],[107.570013,13.623769],[107.567794,13.665121],[107.548859,13.692994],[107.530792,13.745206],[107.510339,13.761452],[107.483231,13.776854],[107.471676,13.778467],[107.448344,13.794878],[107.459732,13.817692],[107.453794,13.829484],[107.471559,13.855575],[107.452405,13.87207],[107.46899,13.893022],[107.470639,13.921153],[107.456074,13.924712],[107.467325,13.937995],[107.468405,13.954007],[107.511334,13.982896],[107.518582,13.995325],[107.520565,14.012433],[107.529891,14.022569],[107.590841,14.026421],[107.596888,14.031134],[107.600139,14.049095],[107.611225,14.064777],[107.629484,14.05526],[107.645188,14.065635],[107.653976,14.08562],[107.649236,14.098552],[107.661756,14.139335],[107.658402,14.166541],[107.671641,14.182455],[107.685107,14.217569],[107.721254,14.215585],[107.752547,14.20556],[107.779547,14.223788],[107.79469,14.221515],[107.805941,14.214087],[107.814922,14.215418],[107.833723,14.237414],[107.836067,14.262531],[107.845996,14.276347],[107.870176,14.277432],[107.875544,14.28339],[107.893496,14.281534],[107.929818,14.243847],[107.946288,14.243609],[107.957843,14.229314],[107.980859,14.244437],[107.996767,14.246004],[108.011038,14.241522],[108.036372,14.27726],[108.058668,14.268091],[108.075353,14.310964],[108.085499,14.317851],[108.085933,14.324667],[108.076264,14.332578],[108.106864,14.342231],[108.110681,14.347586],[108.106785,14.354186],[108.11355,14.364607],[108.130256,14.35707],[108.14713,14.361376],[108.140919,14.354398],[108.145477,14.348683],[108.152282,14.35022],[108.15907,14.363451],[108.192244,14.373102],[108.211484,14.389147],[108.241916,14.396734],[108.271694,14.388255],[108.294519,14.393785],[108.291791,14.406762],[108.296457,14.418906],[108.319871,14.442243],[108.324772,14.459077],[108.380938,14.516817],[108.381086,14.52656],[108.372212,14.536434],[108.36725,14.556266],[108.357602,14.565615],[108.357122,14.584295],[108.365246,14.585211],[108.373297,14.60165],[108.382315,14.598668],[108.395189,14.604286]]]}},{"type":"Feature","properties":{"code":"42","name":"Tỉnh Hà Tĩnh","type":"Tỉnh","merged_from":"giữ nguyên","zone":"trung","lat":18.29116,"lng":105.73526},"geometry":{"type":"MultiPolygon","coordinates":[[[[106.450068,18.101102],[106.461437,18.10766],[106.462414,18.102931],[106.450068,18.101102]]],[[[105.860718,18.530375],[105.865889,18.528973],[105.920849,18.452121],[105.925979,18.451583],[105.940883,18.472588],[105.937438,18.462988],[105.95964,18.425667],[106.046791,18.320893],[106.099328,18.275367],[106.121125,18.266968],[106.162508,18.266021],[106.233836,18.21664],[106.249747,18.215633],[106.292059,18.167881],[106.354812,18.111772],[106.397549,18.099515],[106.405334,18.10202],[106.408141,18.119341],[106.414775,18.125744],[106.419301,18.126398],[106.420783,18.121768],[106.432982,18.122938],[106.421297,18.107209],[106.418605,18.092778],[106.43782,18.049551],[106.450817,18.05633],[106.457062,18.031645],[106.44949,18.028041],[106.452858,18.020676],[106.492398,17.965918],[106.500002,17.965322],[106.508303,17.960933],[106.446866,17.951332],[106.442558,17.953186],[106.442131,17.969438],[106.433665,17.973062],[106.336961,17.992279],[106.321918,17.964018],[106.305938,17.963468],[106.282563,17.940549],[106.278945,17.933981],[106.283236,17.925108],[106.279182,17.918542],[106.270273,17.920869],[106.259976,17.914372],[106.242359,17.927929],[106.222827,17.930086],[106.207649,17.926677],[106.197569,17.917438],[106.187771,17.923659],[106.172803,17.916578],[106.140196,17.920618],[106.044007,17.947061],[106.046006,17.966036],[106.075678,17.989638],[106.044539,18.026728],[106.019289,18.026126],[105.985414,18.063613],[105.973948,18.063983],[105.966005,18.056669],[105.948598,18.059424],[105.945983,18.070198],[105.929883,18.090079],[105.916629,18.081442],[105.908664,18.088619],[105.893913,18.090919],[105.869764,18.067884],[105.82558,18.064494],[105.81115,18.053969],[105.831206,18.046263],[105.832689,18.040001],[105.827164,18.032953],[105.814695,18.038503],[105.805926,18.032928],[105.808386,18.027266],[105.78601,18.025697],[105.776346,18.018176],[105.754556,18.027749],[105.747792,18.035334],[105.72985,18.035643],[105.718181,18.020463],[105.719887,18.008106],[105.703459,17.993415],[105.631291,17.992853],[105.610973,18.012953],[105.596839,18.00304],[105.592261,18.010076],[105.580094,18.014737],[105.577807,18.027733],[105.583891,18.044057],[105.578885,18.063003],[105.570469,18.065723],[105.569602,18.082263],[105.538395,18.083313],[105.53381,18.113092],[105.52037,18.126761],[105.508319,18.121668],[105.503072,18.127266],[105.502401,18.1415],[105.510811,18.151221],[105.498624,18.190517],[105.4917,18.178003],[105.48624,18.178676],[105.489659,18.203586],[105.478733,18.196927],[105.458527,18.205806],[105.441225,18.204987],[105.444418,18.194379],[105.437046,18.182006],[105.429705,18.179728],[105.418559,18.184337],[105.408319,18.155299],[105.401806,18.160591],[105.391072,18.160301],[105.382025,18.171319],[105.37443,18.161266],[105.365414,18.161994],[105.35071,18.184356],[105.33529,18.183255],[105.336128,18.191877],[105.3181,18.201503],[105.323913,18.211307],[105.321519,18.229365],[105.327949,18.263307],[105.308672,18.267342],[105.298436,18.236461],[105.293326,18.256417],[105.27975,18.261919],[105.274072,18.255082],[105.269885,18.260819],[105.254558,18.259871],[105.254696,18.273733],[105.241233,18.297228],[105.21552,18.304811],[105.205972,18.315696],[105.182527,18.325891],[105.187798,18.348665],[105.17815,18.369877],[105.182068,18.387995],[105.170452,18.393092],[105.16235,18.38787],[105.150941,18.38905],[105.14527,18.404072],[105.136427,18.409308],[105.138541,18.420728],[105.133008,18.416689],[105.121959,18.418907],[105.116945,18.43259],[105.10854,18.435255],[105.102188,18.447462],[105.110736,18.493451],[105.108683,18.507926],[105.117853,18.523155],[105.114154,18.539755],[105.126939,18.549201],[105.126283,18.556773],[105.138283,18.563232],[105.132528,18.570471],[105.133281,18.59301],[105.157601,18.614261],[105.181215,18.603472],[105.214972,18.598137],[105.227183,18.588981],[105.249137,18.610917],[105.28452,18.623179],[105.306014,18.607514],[105.323916,18.603051],[105.357858,18.584192],[105.374391,18.581036],[105.432793,18.590362],[105.442307,18.601118],[105.471777,18.608654],[105.47509,18.615051],[105.501045,18.611791],[105.511604,18.600483],[105.530769,18.563592],[105.542758,18.553563],[105.562779,18.561358],[105.581287,18.55994],[105.588819,18.573705],[105.597061,18.577691],[105.615476,18.579883],[105.616176,18.574011],[105.623884,18.569106],[105.664119,18.585301],[105.678092,18.580337],[105.687637,18.597053],[105.688967,18.628647],[105.703452,18.637633],[105.714273,18.668386],[105.726214,18.674019],[105.750091,18.668442],[105.766985,18.676264],[105.740782,18.743082],[105.74308,18.751968],[105.766162,18.767791],[105.776188,18.756164],[105.797584,18.667241],[105.818262,18.612025],[105.860718,18.530375]]],[[[105.950622,18.806708],[105.963877,18.797047],[105.962194,18.791324],[105.956982,18.795048],[105.950622,18.806708]]]]}},{"type":"Feature","properties":{"code":"33","name":"Tỉnh Hưng Yên","type":"Tỉnh","merged_from":"tỉnh Thái Bình và tỉnh Hưng Yên","zone":"bac","lat":20.61917,"lng":106.27041},"geometry":{"type":"Polygon","coordinates":[[[106.08781,21.00783],[106.113522,20.996322],[106.113439,20.985193],[106.122824,20.990352],[106.124,20.984321],[106.13625,20.976269],[106.132103,20.970852],[106.133356,20.961826],[106.148605,20.959142],[106.155983,20.952351],[106.146469,20.929675],[106.155428,20.919425],[106.134755,20.904134],[106.136465,20.894741],[106.144622,20.890598],[106.145353,20.884891],[106.139947,20.858981],[106.126845,20.832714],[106.138905,20.81791],[106.129484,20.807466],[106.151746,20.781686],[106.163404,20.785552],[106.178228,20.764941],[106.19115,20.766528],[106.198033,20.755415],[106.213548,20.750645],[106.21673,20.733914],[106.210338,20.73041],[106.222133,20.718422],[106.225205,20.707142],[106.243188,20.696556],[106.247546,20.687711],[106.267533,20.685031],[106.247199,20.695793],[106.260259,20.704819],[106.274555,20.6937],[106.286793,20.695934],[106.280967,20.705154],[106.282755,20.712407],[106.291505,20.707657],[106.291672,20.69711],[106.30087,20.691151],[106.331958,20.711795],[106.338842,20.711168],[106.346082,20.702506],[106.355955,20.702027],[106.405651,20.729394],[106.4193,20.709359],[106.409715,20.705757],[106.400463,20.690988],[106.45279,20.640864],[106.448293,20.621875],[106.464069,20.614859],[106.470109,20.598793],[106.4812,20.601184],[106.492778,20.617099],[106.507991,20.61515],[106.518234,20.603492],[106.527372,20.60346],[106.538091,20.609149],[106.540011,20.623425],[106.545082,20.627777],[106.558023,20.627039],[106.568013,20.620783],[106.5998,20.640472],[106.611957,20.626974],[106.632388,20.628847],[106.64979,20.618233],[106.651935,20.602467],[106.609374,20.58143],[106.583323,20.552563],[106.588017,20.540187],[106.585362,20.521632],[106.603687,20.482081],[106.597944,20.466419],[106.599399,20.453797],[106.617232,20.443415],[106.603115,20.414804],[106.593861,20.41471],[106.587124,20.406764],[106.575367,20.36869],[106.601824,20.320405],[106.601838,20.303315],[106.596331,20.29745],[106.606755,20.28875],[106.595933,20.252399],[106.58711,20.244262],[106.577151,20.266084],[106.526497,20.317071],[106.495609,20.30902],[106.475281,20.292174],[106.446497,20.291745],[106.42614,20.304055],[106.401903,20.336185],[106.386977,20.344718],[106.357231,20.351454],[106.339209,20.377696],[106.27982,20.33215],[106.264071,20.327579],[106.255687,20.331273],[106.250605,20.34221],[106.252132,20.35549],[106.283686,20.382894],[106.283388,20.395804],[106.269982,20.405846],[106.229429,20.407571],[106.21016,20.42071],[106.207789,20.428854],[106.222811,20.455713],[106.223605,20.466226],[106.216078,20.476796],[106.189523,20.480518],[106.180742,20.486602],[106.174417,20.535505],[106.166354,20.5565],[106.131164,20.575379],[106.126555,20.597497],[106.112474,20.616233],[106.095624,20.617489],[106.072171,20.604153],[106.052628,20.612401],[106.032177,20.637003],[106.034494,20.679253],[106.020994,20.696354],[106.004585,20.704387],[105.971906,20.700626],[105.962255,20.726168],[105.96756,20.734378],[105.966043,20.774087],[105.923243,20.789735],[105.911624,20.812819],[105.909978,20.835036],[105.929402,20.851187],[105.93418,20.862994],[105.92014,20.880677],[105.893639,20.895964],[105.893513,20.902023],[105.910488,20.918521],[105.907041,20.927056],[105.910555,20.938257],[105.903086,20.954602],[105.916449,20.976934],[105.962397,20.964386],[105.960272,20.990399],[105.967236,20.989307],[105.971984,20.997704],[105.990285,21.00207],[106.008978,20.99942],[106.013777,21.003018],[106.02925,20.995241],[106.043204,21.006026],[106.05338,21.006983],[106.056823,21.001339],[106.077984,20.996768],[106.08781,21.00783]]]}},{"type":"Feature","properties":{"code":"56","name":"Tỉnh Khánh Hòa","type":"Tỉnh","merged_from":"tỉnh Ninh Thuận và tỉnh Khánh Hòa","zone":"trung","lat":12.07328,"lng":108.96564},"geometry":{"type":"MultiPolygon","coordinates":[[[[109.220629,11.783636],[109.219181,11.772885],[109.210808,11.786254],[109.220629,11.783636]]],[[[109.224236,11.836776],[109.219032,11.851916],[109.232771,11.843091],[109.241019,11.851202],[109.24642,11.850501],[109.249103,11.835847],[109.234094,11.830181],[109.224236,11.836776]]],[[[109.374765,12.749727],[109.393686,12.714943],[109.403488,12.702028],[109.41541,12.705027],[109.40899,12.693593],[109.418732,12.677561],[109.42698,12.669087],[109.451017,12.668163],[109.459486,12.65058],[109.436903,12.648716],[109.433466,12.643194],[109.43607,12.614044],[109.42755,12.599718],[109.434307,12.594624],[109.438134,12.569205],[109.43111,12.563536],[109.426356,12.573756],[109.414202,12.578299],[109.410672,12.585262],[109.412992,12.603719],[109.395692,12.608145],[109.388254,12.630611],[109.407578,12.634967],[109.411678,12.653629],[109.394566,12.685817],[109.389183,12.678738],[109.391057,12.669696],[109.367024,12.673831],[109.364288,12.667287],[109.368832,12.658965],[109.362781,12.65423],[109.366126,12.64786],[109.362478,12.643704],[109.349269,12.663246],[109.337226,12.653692],[109.330492,12.662035],[109.342068,12.669234],[109.351796,12.693261],[109.364477,12.690482],[109.378135,12.712467],[109.351868,12.763871],[109.351148,12.79522],[109.348114,12.799889],[109.336277,12.798146],[109.328815,12.791885],[109.322618,12.765148],[109.303353,12.761428],[109.25414,12.703711],[109.242819,12.704297],[109.231183,12.697882],[109.20853,12.667329],[109.213099,12.649816],[109.201392,12.650673],[109.188556,12.631022],[109.203666,12.616626],[109.198193,12.605681],[109.201996,12.5947],[109.19448,12.577768],[109.196793,12.570825],[109.209127,12.570002],[109.217053,12.577738],[109.220855,12.572774],[109.22845,12.57523],[109.228107,12.579913],[109.221654,12.573974],[109.218228,12.580655],[109.229728,12.594067],[109.24228,12.586364],[109.241714,12.575269],[109.23523,12.574883],[109.230174,12.561558],[109.228453,12.534931],[109.23779,12.509566],[109.256067,12.504097],[109.27531,12.486578],[109.282449,12.490028],[109.293782,12.478352],[109.283549,12.444699],[109.288903,12.427181],[109.305959,12.416831],[109.318527,12.418347],[109.3287,12.407699],[109.335213,12.409126],[109.339303,12.396944],[109.335422,12.389974],[109.323883,12.385661],[109.328642,12.378689],[109.326144,12.373645],[109.306894,12.389825],[109.300446,12.381605],[109.297926,12.354665],[109.288662,12.347144],[109.279386,12.350645],[109.275933,12.359177],[109.261213,12.361953],[109.258838,12.368701],[109.262755,12.376635],[109.239456,12.405356],[109.208024,12.435805],[109.177424,12.45548],[109.168195,12.443843],[109.157848,12.452717],[109.158241,12.442634],[109.164538,12.438936],[109.14924,12.427035],[109.155912,12.423457],[109.163969,12.404693],[109.171699,12.408333],[109.198184,12.39867],[109.195025,12.360627],[109.20232,12.343972],[109.199851,12.337929],[109.209892,12.325197],[109.240582,12.30645],[109.231174,12.295369],[109.217687,12.296726],[109.204652,12.290672],[109.200602,12.276812],[109.204273,12.269145],[109.195089,12.255079],[109.19955,12.225433],[109.215314,12.210308],[109.206267,12.177825],[109.198277,12.17292],[109.199071,12.164539],[109.218597,12.155607],[109.222989,12.142987],[109.213376,12.139342],[109.204809,12.119096],[109.19446,12.118467],[109.192881,12.091238],[109.202352,12.058459],[109.222533,12.018422],[109.248748,11.983988],[109.2685,11.975639],[109.269346,11.954781],[109.281229,11.953068],[109.269727,11.937509],[109.261159,11.935015],[109.257379,11.921685],[109.259756,11.907256],[109.27273,11.887461],[109.270727,11.883591],[109.278902,11.878376],[109.268874,11.864123],[109.253952,11.865413],[109.247202,11.859072],[109.229963,11.881906],[109.20262,11.883975],[109.204357,11.90959],[109.210163,11.92282],[109.205176,11.928266],[109.211381,11.931777],[109.213583,11.94082],[109.205285,11.952822],[109.212145,11.957498],[109.212368,11.978316],[109.202154,11.983196],[109.185593,11.948846],[109.185708,11.940655],[109.165502,11.917296],[109.158669,11.915027],[109.16433,11.907315],[109.155781,11.911062],[109.149624,11.905712],[109.152949,11.898918],[109.147067,11.896009],[109.140349,11.898405],[109.137346,11.911443],[109.12957,11.908593],[109.113722,11.869705],[109.112081,11.854598],[109.119461,11.832445],[109.132793,11.822412],[109.146733,11.824211],[109.16165,11.853945],[109.187834,11.876294],[109.175705,11.844891],[109.181368,11.832969],[109.180385,11.81646],[109.189833,11.789587],[109.209117,11.771816],[109.220425,11.747991],[109.228778,11.746862],[109.230213,11.726423],[109.206143,11.718513],[109.196856,11.722426],[109.199196,11.708862],[109.17142,11.657261],[109.164736,11.625825],[109.153561,11.62166],[109.139002,11.588799],[109.130136,11.580799],[109.127339,11.563681],[109.121574,11.573569],[109.085189,11.587168],[109.064764,11.581527],[109.043708,11.589858],[109.027666,11.581519],[109.024077,11.562961],[109.032158,11.547793],[109.011391,11.520853],[109.012321,11.466455],[109.005956,11.444078],[109.011516,11.424985],[109.004356,11.41022],[109.006062,11.38465],[109.010016,11.374836],[109.018589,11.369656],[109.018476,11.363268],[108.992425,11.350227],[108.984815,11.335302],[108.959572,11.317063],[108.933092,11.307812],[108.920045,11.310295],[108.886794,11.337097],[108.864384,11.330545],[108.869352,11.353016],[108.855176,11.358834],[108.843041,11.377526],[108.79631,11.38518],[108.763418,11.405801],[108.756054,11.415193],[108.758005,11.466948],[108.735558,11.471303],[108.707469,11.465307],[108.677922,11.474514],[108.655227,11.514829],[108.641694,11.55128],[108.58126,11.556206],[108.570518,11.578651],[108.549378,11.602635],[108.551068,11.633946],[108.560255,11.64202],[108.57317,11.640889],[108.594693,11.650031],[108.621718,11.651669],[108.657942,11.668822],[108.669332,11.665606],[108.682957,11.68047],[108.691363,11.698876],[108.69961,11.702665],[108.688252,11.735528],[108.664541,11.751743],[108.661476,11.765643],[108.670574,11.785159],[108.616928,11.805258],[108.627807,11.829478],[108.642644,11.834427],[108.651236,11.847459],[108.651815,11.894619],[108.662272,11.915491],[108.663293,11.943833],[108.658545,11.95703],[108.679782,11.986368],[108.682005,12.002492],[108.677956,12.011711],[108.684554,12.027275],[108.692495,12.041205],[108.705233,12.046838],[108.709366,12.05787],[108.700183,12.094379],[108.671622,12.122759],[108.691445,12.132545],[108.693927,12.149034],[108.726595,12.161752],[108.708884,12.192353],[108.718802,12.220746],[108.699368,12.24286],[108.703969,12.303099],[108.697325,12.311077],[108.677679,12.318477],[108.683611,12.332748],[108.6754,12.349749],[108.687445,12.373773],[108.680634,12.380815],[108.684504,12.388774],[108.675669,12.39354],[108.671652,12.402149],[108.678023,12.416154],[108.667533,12.426357],[108.696924,12.461974],[108.699509,12.47425],[108.711196,12.484391],[108.736379,12.475996],[108.746438,12.481576],[108.751106,12.500603],[108.761291,12.499062],[108.766599,12.504366],[108.790137,12.500687],[108.79742,12.485492],[108.811325,12.482774],[108.840879,12.462076],[108.867219,12.454586],[108.868611,12.470118],[108.875181,12.473612],[108.876146,12.479748],[108.858247,12.497339],[108.870545,12.507553],[108.873718,12.536093],[108.890036,12.549732],[108.893109,12.568632],[108.890029,12.579646],[108.916213,12.600911],[108.896662,12.628462],[108.908492,12.640401],[108.916975,12.639176],[108.931625,12.646272],[108.941306,12.671838],[108.953131,12.687288],[108.974151,12.683862],[108.986546,12.69148],[108.984213,12.704351],[109.011742,12.720424],[109.013889,12.729967],[109.020918,12.735702],[109.034522,12.738099],[109.041702,12.74722],[109.058082,12.745963],[109.064181,12.754742],[109.076624,12.744951],[109.084162,12.745579],[109.089491,12.752218],[109.088643,12.76392],[109.102951,12.77424],[109.113407,12.799281],[109.120486,12.79893],[109.127286,12.788819],[109.142073,12.781979],[109.153953,12.812999],[109.16636,12.828066],[109.207631,12.831335],[109.218618,12.816085],[109.225005,12.814291],[109.253671,12.838877],[109.281017,12.834638],[109.312243,12.844288],[109.318691,12.836736],[109.327921,12.850756],[109.338553,12.851003],[109.362606,12.868991],[109.38689,12.843658],[109.358871,12.832661],[109.354754,12.820085],[109.359977,12.816724],[109.358001,12.794431],[109.374765,12.749727]]],[[[109.233036,12.179178],[109.245658,12.179506],[109.250136,12.171037],[109.233036,12.179178]]],[[[109.27051,12.182946],[109.27561,12.181714],[109.274064,12.174975],[109.268997,12.177293],[109.27051,12.182946]]],[[[109.224075,12.183852],[109.217088,12.189654],[109.221236,12.198547],[109.230753,12.19695],[109.224075,12.183852]]],[[[109.319615,12.222373],[109.327193,12.222419],[109.326218,12.202594],[109.333905,12.194998],[109.324514,12.191872],[109.322515,12.186351],[109.31594,12.186624],[109.322039,12.194775],[109.309596,12.191158],[109.296086,12.194545],[109.301861,12.202438],[109.299434,12.207386],[109.287968,12.194749],[109.293752,12.182799],[109.280932,12.182141],[109.267518,12.197427],[109.237183,12.214701],[109.238361,12.223838],[109.228592,12.227495],[109.231872,12.233223],[109.241717,12.232839],[109.243813,12.224304],[109.249857,12.225682],[109.25805,12.219821],[109.264196,12.237471],[109.275664,12.229018],[109.295624,12.230839],[109.304941,12.213999],[109.314992,12.228609],[109.319615,12.222373]]],[[[109.216233,12.361976],[109.214019,12.358702],[109.211533,12.363342],[109.216233,12.361976]]],[[[109.220423,12.388693],[109.227022,12.399749],[109.238322,12.389548],[109.233773,12.382446],[109.220423,12.388693]]],[[[109.292818,12.486845],[109.293208,12.495232],[109.311852,12.498421],[109.298526,12.487026],[109.292818,12.486845]]],[[[109.298691,12.63872],[109.302406,12.637374],[109.298396,12.634372],[109.294958,12.635686],[109.298691,12.63872]]],[[[109.295727,12.720642],[109.308989,12.723683],[109.300575,12.714229],[109.294836,12.713166],[109.295727,12.720642]]],[[[109.323012,12.008233],[109.324416,12.006025],[109.318522,12.004461],[109.323012,12.008233]]],[[[109.322166,12.045176],[109.326374,12.046989],[109.325105,12.035268],[109.319781,12.039538],[109.322166,12.045176]]],[[[109.315448,12.16577],[109.313286,12.162777],[109.295079,12.16784],[109.297224,12.172395],[109.315448,12.16577]]],[[[109.356226,12.268651],[109.356049,12.27439],[109.361398,12.274572],[109.361067,12.267925],[109.356226,12.268651]]],[[[109.368922,12.286691],[109.369969,12.28141],[109.365489,12.286054],[109.368922,12.286691]]],[[[109.366472,12.367926],[109.368819,12.370344],[109.377513,12.361776],[109.377992,12.357746],[109.366472,12.367926]]],[[[109.358777,12.481942],[109.350846,12.4792],[109.344743,12.490072],[109.355226,12.486403],[109.358777,12.481942]]],[[[109.406254,12.551571],[109.396833,12.550392],[109.382781,12.567001],[109.371138,12.568925],[109.358568,12.581465],[109.337037,12.591764],[109.337418,12.603703],[109.330547,12.609547],[109.315803,12.604508],[109.301331,12.620012],[109.303043,12.631208],[109.315988,12.640105],[109.348629,12.627719],[109.362278,12.632887],[109.382062,12.624172],[109.398296,12.572111],[109.41046,12.55869],[109.406254,12.551571]]],[[[109.340922,12.643356],[109.338367,12.65194],[109.347819,12.652763],[109.346178,12.643972],[109.340922,12.643356]]],[[[109.389342,12.652824],[109.395481,12.655287],[109.402098,12.648688],[109.397511,12.649792],[109.400709,12.644005],[109.389342,12.652824]]],[[[109.326344,12.741741],[109.331853,12.744572],[109.33453,12.739762],[109.328051,12.736997],[109.326344,12.741741]]],[[[109.395749,12.8334],[109.39134,12.827851],[109.391473,12.835278],[109.395749,12.8334]]]]}},{"type":"Feature","properties":{"code":"12","name":"Tỉnh Lai Châu","type":"Tỉnh","merged_from":"giữ nguyên","zone":"bac","lat":22.31808,"lng":103.18497},"geometry":{"type":"Polygon","coordinates":[[[103.327437,22.812142],[103.335011,22.806804],[103.371382,22.800214],[103.383432,22.786599],[103.410651,22.777391],[103.41474,22.766403],[103.437705,22.754548],[103.439146,22.742747],[103.426622,22.734884],[103.429367,22.704435],[103.45587,22.683021],[103.454952,22.662599],[103.46417,22.648755],[103.473093,22.642648],[103.486564,22.62062],[103.504564,22.612759],[103.506436,22.603294],[103.526827,22.596481],[103.53038,22.587459],[103.550088,22.588165],[103.57024,22.57887],[103.566987,22.564732],[103.577893,22.550721],[103.580655,22.535478],[103.593312,22.527166],[103.575994,22.492901],[103.555897,22.476297],[103.5536,22.46859],[103.587487,22.431513],[103.599977,22.427515],[103.60262,22.412271],[103.626291,22.398786],[103.64366,22.404724],[103.704395,22.408486],[103.726946,22.41751],[103.742287,22.410681],[103.764116,22.386526],[103.766188,22.356849],[103.776646,22.351137],[103.78048,22.339583],[103.768092,22.333382],[103.769309,22.323599],[103.760911,22.313953],[103.791464,22.29881],[103.827582,22.266327],[103.841261,22.238942],[103.842054,22.225048],[103.856214,22.207142],[103.870411,22.198396],[103.866261,22.180361],[103.887439,22.174189],[103.913527,22.146249],[103.935593,22.141235],[103.935753,22.119964],[103.941938,22.108421],[103.936805,22.085011],[103.950858,22.062777],[103.955422,22.040903],[103.951228,22.027923],[103.9624,22.012725],[103.953958,22.001396],[103.983318,21.968113],[103.96859,21.958868],[103.959739,21.945966],[103.959795,21.938259],[103.942559,21.919844],[103.935681,21.919799],[103.919257,21.931254],[103.904878,21.922488],[103.893705,21.92177],[103.88793,21.912579],[103.887607,21.865529],[103.91599,21.840187],[103.918659,21.828161],[103.947885,21.8033],[103.951422,21.789513],[103.964441,21.770968],[103.962464,21.759233],[103.950648,21.754181],[103.950904,21.742621],[103.936311,21.741725],[103.931644,21.745709],[103.915733,21.737256],[103.911283,21.718158],[103.921506,21.701227],[103.90588,21.69648],[103.880689,21.710363],[103.876282,21.687471],[103.851541,21.69266],[103.835484,21.71029],[103.833191,21.741948],[103.822408,21.736632],[103.802757,21.741135],[103.774156,21.779625],[103.753225,21.783993],[103.754653,21.810319],[103.721275,21.809588],[103.7097,21.821524],[103.694869,21.826884],[103.694123,21.838905],[103.703625,21.845171],[103.720395,21.879833],[103.703765,21.886132],[103.70258,21.904341],[103.681112,21.92334],[103.687136,21.933866],[103.685133,21.943733],[103.664657,21.951188],[103.648945,21.994162],[103.632257,21.991523],[103.603155,22.011664],[103.539669,22.030824],[103.524059,22.025756],[103.511658,22.015268],[103.511228,21.991748],[103.498392,21.981092],[103.49487,21.971985],[103.474457,21.980349],[103.45188,22.010805],[103.465759,22.031888],[103.452768,22.053771],[103.434222,22.056859],[103.421408,22.072318],[103.388509,22.156121],[103.329803,22.15353],[103.319965,22.145006],[103.304032,22.117363],[103.284269,22.108207],[103.271687,22.075121],[103.288459,22.050977],[103.286754,22.042642],[103.27866,22.04003],[103.24059,22.052154],[103.218054,22.067176],[103.187068,22.071783],[103.168706,22.082001],[103.164267,22.076056],[103.140632,22.070736],[103.128789,22.078602],[103.114077,22.098435],[103.100924,22.102704],[103.088667,22.073926],[103.093371,22.059874],[103.060825,22.062861],[103.03935,22.048709],[103.016443,22.056644],[103.004969,22.053978],[102.996447,22.050084],[102.989268,22.031047],[102.982315,22.028014],[102.964637,22.033269],[102.956691,22.052329],[102.939534,22.068115],[102.928683,22.069241],[102.93217,22.093286],[102.926336,22.106265],[102.921599,22.105995],[102.923379,22.092333],[102.910553,22.089432],[102.896715,22.078728],[102.886361,22.0767],[102.877324,22.081925],[102.866469,22.078547],[102.858839,22.060552],[102.852206,22.06636],[102.82333,22.065346],[102.776913,22.089142],[102.776934,22.102195],[102.77163,22.10928],[102.740273,22.136006],[102.734952,22.17214],[102.74345,22.177521],[102.750237,22.205192],[102.746671,22.2163],[102.732179,22.232308],[102.689184,22.249806],[102.674731,22.262862],[102.662168,22.257208],[102.683716,22.238782],[102.695483,22.21011],[102.67312,22.168743],[102.639547,22.177522],[102.615647,22.201802],[102.615751,22.235694],[102.578721,22.260406],[102.559969,22.260125],[102.548928,22.245225],[102.528742,22.24955],[102.511527,22.264652],[102.503034,22.284729],[102.45589,22.341878],[102.446717,22.361308],[102.422985,22.372929],[102.416815,22.388616],[102.408425,22.389744],[102.38636,22.408542],[102.394905,22.423413],[102.38844,22.442461],[102.389204,22.462047],[102.361544,22.47675],[102.356314,22.489923],[102.345599,22.493956],[102.33696,22.528435],[102.318061,22.54864],[102.320578,22.558995],[102.353348,22.568798],[102.345457,22.580975],[102.345755,22.589145],[102.367245,22.594638],[102.402744,22.633376],[102.415132,22.638715],[102.412805,22.642856],[102.399763,22.644302],[102.383632,22.674114],[102.384761,22.685931],[102.410237,22.688182],[102.433592,22.703645],[102.442919,22.728648],[102.454059,22.734725],[102.449553,22.751714],[102.457428,22.766595],[102.476086,22.772113],[102.482194,22.780043],[102.496872,22.781048],[102.545408,22.748147],[102.550018,22.735065],[102.562356,22.72094],[102.564904,22.706472],[102.582057,22.70857],[102.584729,22.722537],[102.597231,22.734525],[102.603269,22.734809],[102.654324,22.692335],[102.687754,22.705298],[102.705621,22.69598],[102.707799,22.684018],[102.722343,22.680164],[102.72929,22.66943],[102.745651,22.668984],[102.760654,22.649463],[102.783417,22.645814],[102.781202,22.634563],[102.786036,22.627505],[102.814298,22.622637],[102.823699,22.627408],[102.838282,22.620447],[102.8412,22.613619],[102.860826,22.610303],[102.863157,22.600952],[102.875256,22.592794],[102.869255,22.576851],[102.879054,22.569145],[102.876066,22.560304],[102.89197,22.548035],[102.886917,22.538102],[102.906149,22.525682],[102.908976,22.510726],[102.920371,22.507101],[102.926946,22.484841],[102.95241,22.486424],[102.961141,22.47986],[102.984331,22.480442],[102.991657,22.462928],[103.005707,22.462425],[103.028332,22.443936],[103.049911,22.447778],[103.054927,22.453546],[103.072561,22.449501],[103.078611,22.46331],[103.068733,22.47809],[103.0698,22.491162],[103.082099,22.512204],[103.114576,22.519069],[103.136849,22.542062],[103.145992,22.545264],[103.156447,22.541708],[103.180002,22.558347],[103.160313,22.58491],[103.156711,22.596976],[103.185576,22.647293],[103.197623,22.651143],[103.220919,22.649426],[103.243109,22.666898],[103.281123,22.685684],[103.280338,22.699037],[103.286679,22.718534],[103.284618,22.738304],[103.307653,22.765079],[103.316052,22.783275],[103.31557,22.807905],[103.327437,22.812142]]]}},{"type":"Feature","properties":{"code":"15","name":"Tỉnh Lào Cai","type":"Tỉnh","merged_from":"tỉnh Yên Bái và tỉnh Lào Cai","zone":"bac","lat":22.06062,"lng":104.34721},"geometry":{"type":"Polygon","coordinates":[[[104.341456,22.714537],[104.335717,22.688531],[104.352786,22.676491],[104.36663,22.674546],[104.388505,22.680033],[104.403218,22.655857],[104.406818,22.639607],[104.42832,22.615152],[104.458653,22.611228],[104.464081,22.576861],[104.461828,22.573378],[104.443682,22.577108],[104.424428,22.574513],[104.421022,22.548911],[104.412816,22.533611],[104.416693,22.527518],[104.432577,22.521677],[104.448975,22.499936],[104.471675,22.487375],[104.447882,22.461284],[104.451343,22.445078],[104.464775,22.426167],[104.485622,22.42118],[104.49439,22.406781],[104.504695,22.405549],[104.547216,22.381663],[104.551548,22.37167],[104.544788,22.362805],[104.547972,22.357759],[104.573098,22.3553],[104.579227,22.348892],[104.563891,22.332528],[104.576273,22.315606],[104.577098,22.304761],[104.543366,22.278131],[104.546641,22.244545],[104.555239,22.242463],[104.584258,22.253371],[104.585239,22.267291],[104.601236,22.288183],[104.609254,22.292099],[104.639711,22.278794],[104.669684,22.276015],[104.680118,22.262871],[104.717436,22.260624],[104.727202,22.238735],[104.719798,22.209866],[104.739278,22.188625],[104.753413,22.184013],[104.757501,22.17254],[104.772537,22.167612],[104.782019,22.174155],[104.807672,22.172607],[104.816699,22.183044],[104.832975,22.180323],[104.845767,22.186491],[104.854345,22.168548],[104.852209,22.15812],[104.859676,22.148859],[104.863114,22.097783],[104.877477,22.075784],[104.917008,22.060748],[104.928073,22.062123],[104.938916,22.054123],[104.944906,22.03759],[104.962294,22.029696],[104.972903,22.041705],[104.991417,22.046446],[104.996498,22.043602],[104.988354,22.000006],[104.988675,21.994952],[104.995618,21.993544],[104.996373,21.984951],[104.985058,21.938039],[104.99215,21.931137],[105.008871,21.937347],[105.016464,21.935437],[105.020156,21.920734],[105.012151,21.89935],[105.036566,21.890564],[105.043329,21.86574],[105.057794,21.856707],[105.074822,21.832792],[105.085932,21.830258],[105.099254,21.813468],[105.085918,21.806579],[105.073561,21.781987],[105.077009,21.766353],[105.056454,21.745719],[105.074206,21.736281],[105.0742,21.724583],[105.081022,21.724736],[105.088716,21.71475],[105.084525,21.704302],[105.0949,21.698993],[105.09639,21.68153],[105.051164,21.689602],[105.032848,21.700864],[105.018376,21.689238],[105.0,21.691929],[104.996682,21.680386],[104.97764,21.673784],[104.984137,21.664565],[104.97193,21.656496],[104.970924,21.648533],[104.953,21.662149],[104.936136,21.65291],[104.931232,21.64272],[104.907062,21.634443],[104.902357,21.62789],[104.904914,21.610504],[104.886458,21.612517],[104.900995,21.571557],[104.889425,21.560355],[104.868437,21.55498],[104.866155,21.546641],[104.881946,21.52605],[104.883748,21.499611],[104.909978,21.446867],[104.904533,21.414589],[104.880536,21.383965],[104.883085,21.373724],[104.897582,21.357417],[104.891493,21.344074],[104.871925,21.348944],[104.863907,21.364658],[104.856662,21.367034],[104.852103,21.352977],[104.843592,21.351421],[104.846399,21.339871],[104.80144,21.331844],[104.789875,21.335284],[104.771974,21.32871],[104.76483,21.347875],[104.746775,21.356543],[104.732234,21.388201],[104.732075,21.405827],[104.716706,21.401157],[104.703861,21.405779],[104.68989,21.401586],[104.683709,21.380018],[104.672153,21.376542],[104.638582,21.387191],[104.603179,21.415575],[104.585616,21.423751],[104.577392,21.410748],[104.526927,21.413472],[104.506313,21.382924],[104.473632,21.354242],[104.429542,21.355765],[104.419102,21.361446],[104.414828,21.381915],[104.388823,21.40183],[104.366337,21.400199],[104.345028,21.41941],[104.338461,21.410095],[104.324729,21.411588],[104.318047,21.427281],[104.298675,21.438158],[104.299608,21.455906],[104.280968,21.471905],[104.291805,21.518396],[104.274853,21.55143],[104.294973,21.57331],[104.28707,21.602453],[104.313977,21.617452],[104.336774,21.642077],[104.333019,21.655758],[104.29713,21.653704],[104.288948,21.660815],[104.255187,21.665549],[104.250186,21.672553],[104.215806,21.673347],[104.194171,21.64883],[104.143719,21.656199],[104.088298,21.643282],[104.027387,21.672469],[104.006648,21.666637],[104.002556,21.673274],[103.982151,21.67827],[103.967473,21.665557],[103.957505,21.670854],[103.935866,21.670478],[103.933409,21.692849],[103.921506,21.701227],[103.911811,21.716395],[103.914892,21.735002],[103.931644,21.745709],[103.936311,21.741725],[103.950904,21.742621],[103.950648,21.754181],[103.962464,21.759233],[103.964441,21.770968],[103.951422,21.789513],[103.947885,21.8033],[103.918659,21.828161],[103.91599,21.840187],[103.887607,21.865529],[103.885454,21.899235],[103.890796,21.919985],[103.919257,21.931254],[103.935681,21.919799],[103.942559,21.919844],[103.959795,21.938259],[103.959739,21.945966],[103.96859,21.958868],[103.983318,21.968113],[103.953958,22.001396],[103.9624,22.012725],[103.951228,22.027923],[103.955422,22.040903],[103.950858,22.062777],[103.936805,22.085011],[103.941938,22.108421],[103.935753,22.119964],[103.936625,22.139241],[103.913527,22.146249],[103.887439,22.174189],[103.866261,22.180361],[103.870411,22.198396],[103.856214,22.207142],[103.842054,22.225048],[103.841261,22.238942],[103.827582,22.266327],[103.791464,22.29881],[103.760911,22.313953],[103.769309,22.323599],[103.768092,22.333382],[103.78048,22.339583],[103.776646,22.351137],[103.766188,22.356849],[103.764116,22.386526],[103.742287,22.410681],[103.726946,22.41751],[103.704395,22.408486],[103.64366,22.404724],[103.622668,22.398966],[103.605478,22.409348],[103.599977,22.427515],[103.587487,22.431513],[103.5536,22.46859],[103.555897,22.476297],[103.575994,22.492901],[103.593312,22.527166],[103.580655,22.535478],[103.577893,22.550721],[103.566987,22.564732],[103.57024,22.57887],[103.550088,22.588165],[103.53038,22.587459],[103.526827,22.596481],[103.552014,22.63693],[103.567351,22.644437],[103.577102,22.666213],[103.565349,22.684428],[103.563469,22.707172],[103.574302,22.724296],[103.607029,22.757017],[103.6083,22.765803],[103.618583,22.776388],[103.61589,22.785885],[103.629618,22.792427],[103.643756,22.795129],[103.658906,22.789349],[103.666323,22.772269],[103.677508,22.765414],[103.683057,22.75472],[103.700799,22.745612],[103.736884,22.71321],[103.735815,22.703379],[103.751783,22.689309],[103.766062,22.690997],[103.811398,22.639505],[103.819438,22.621222],[103.860815,22.585016],[103.874248,22.566254],[103.889658,22.569946],[103.912237,22.545651],[103.913711,22.534763],[103.925243,22.540648],[103.930506,22.528781],[103.94295,22.526282],[103.950299,22.513783],[103.959907,22.507958],[103.967151,22.511705],[103.976178,22.508477],[103.98934,22.520092],[104.0035,22.518507],[104.009874,22.524582],[104.004769,22.541398],[104.012947,22.547821],[104.013661,22.566117],[104.005632,22.577957],[104.012204,22.583158],[104.02363,22.61396],[104.022973,22.62821],[104.037745,22.678728],[104.026239,22.693867],[104.040554,22.729048],[104.062581,22.755305],[104.086966,22.773154],[104.097138,22.796435],[104.115183,22.812406],[104.125292,22.81401],[104.136082,22.806811],[104.159075,22.816707],[104.163311,22.82331],[104.218047,22.829684],[104.242275,22.844316],[104.24699,22.840758],[104.254059,22.845533],[104.26273,22.843638],[104.269823,22.829794],[104.255077,22.77305],[104.266632,22.755518],[104.267777,22.742992],[104.327302,22.72788],[104.341456,22.714537]]]}},{"type":"Feature","properties":{"code":"68","name":"Tỉnh Lâm Đồng","type":"Tỉnh","merged_from":"tỉnh Đắk Nông, tỉnh Bình Thuận và tỉnh Lâm Đồng","zone":"trung","lat":11.67278,"lng":107.96905},"geometry":{"type":"MultiPolygon","coordinates":[[[[108.963489,10.497191],[108.966752,10.492285],[108.959763,10.488622],[108.963489,10.497191]]],[[[108.934237,10.511671],[108.921678,10.545386],[108.928538,10.553283],[108.946878,10.552786],[108.964197,10.513667],[108.956762,10.50463],[108.934237,10.511671]]],[[[107.800804,10.650388],[107.80055,10.654388],[107.803199,10.652324],[107.800804,10.650388]]],[[[107.987217,10.695833],[107.989405,10.698291],[107.991912,10.69412],[107.987217,10.695833]]],[[[108.820805,11.231069],[108.83113,11.233062],[108.826724,11.225516],[108.818642,11.226682],[108.820805,11.231069]]],[[[108.708884,12.192353],[108.726595,12.161752],[108.693927,12.149034],[108.691445,12.132545],[108.671371,12.121518],[108.700183,12.094379],[108.709366,12.05787],[108.705233,12.046838],[108.692495,12.041205],[108.684554,12.027275],[108.677956,12.011711],[108.682005,12.002492],[108.679782,11.986368],[108.658545,11.95703],[108.663293,11.943833],[108.662272,11.915491],[108.651815,11.894619],[108.651236,11.847459],[108.642644,11.834427],[108.627807,11.829478],[108.616911,11.807189],[108.635892,11.79534],[108.670574,11.785159],[108.661476,11.765643],[108.664541,11.751743],[108.688252,11.735528],[108.69961,11.702665],[108.691363,11.698876],[108.682957,11.68047],[108.669332,11.665606],[108.657942,11.668822],[108.621718,11.651669],[108.594693,11.650031],[108.57317,11.640889],[108.560255,11.64202],[108.551068,11.633946],[108.549378,11.602635],[108.570518,11.578651],[108.58126,11.556206],[108.641694,11.55128],[108.655227,11.514829],[108.677922,11.474514],[108.707469,11.465307],[108.735558,11.471303],[108.758005,11.466948],[108.756054,11.415193],[108.760163,11.409145],[108.79631,11.38518],[108.843041,11.377526],[108.855176,11.358834],[108.869352,11.353016],[108.864384,11.330545],[108.85131,11.331963],[108.827133,11.318414],[108.786108,11.314258],[108.775073,11.288741],[108.755225,11.283801],[108.742779,11.231087],[108.731053,11.209922],[108.727679,11.186304],[108.717243,11.178713],[108.704424,11.173289],[108.682381,11.187945],[108.651786,11.193279],[108.633439,11.190043],[108.616127,11.178274],[108.59887,11.184459],[108.582649,11.18211],[108.562998,11.165748],[108.519253,11.151793],[108.50456,11.134215],[108.490987,11.10649],[108.471528,11.05057],[108.456915,11.041249],[108.443893,11.048495],[108.433066,11.047753],[108.413071,11.028678],[108.404612,11.033349],[108.370642,11.031849],[108.351331,11.003534],[108.336354,10.953819],[108.317174,10.95626],[108.306224,10.951195],[108.291534,10.925268],[108.281885,10.926593],[108.268414,10.94296],[108.229882,10.953941],[108.180437,10.935443],[108.130776,10.933425],[108.107121,10.921213],[108.086961,10.917213],[108.073299,10.905263],[108.030029,10.818212],[108.012543,10.735948],[107.990862,10.700645],[107.974778,10.707289],[107.960926,10.704968],[107.932828,10.717162],[107.903983,10.722872],[107.883355,10.721774],[107.844913,10.706666],[107.828249,10.706104],[107.809536,10.694054],[107.778024,10.656914],[107.753937,10.642507],[107.72821,10.633691],[107.703367,10.633708],[107.680737,10.626926],[107.654799,10.608028],[107.612931,10.593317],[107.568782,10.570341],[107.56588,10.618391],[107.53726,10.678406],[107.544223,10.695806],[107.542352,10.705549],[107.532258,10.722891],[107.504321,10.747216],[107.503661,10.772613],[107.521559,10.775102],[107.565382,10.805085],[107.575787,10.834534],[107.55783,10.868996],[107.558194,10.938122],[107.541132,10.97852],[107.503761,11.014398],[107.471789,11.009372],[107.439744,11.031785],[107.392441,11.050564],[107.414951,11.052899],[107.423741,11.064192],[107.422571,11.081411],[107.429745,11.088608],[107.443976,11.09245],[107.450676,11.113926],[107.435083,11.128885],[107.433437,11.138044],[107.458374,11.167349],[107.458937,11.177754],[107.467348,11.186102],[107.471523,11.202047],[107.482203,11.205088],[107.484835,11.224164],[107.495451,11.227803],[107.516003,11.249852],[107.523663,11.252291],[107.516864,11.314637],[107.532669,11.32576],[107.543178,11.368449],[107.533245,11.356114],[107.515714,11.372042],[107.511462,11.385611],[107.496759,11.386304],[107.49316,11.397401],[107.484981,11.403006],[107.485244,11.427196],[107.473032,11.435868],[107.454684,11.43092],[107.43791,11.432436],[107.428175,11.425766],[107.428061,11.44027],[107.461938,11.465551],[107.468424,11.480886],[107.454571,11.493197],[107.439507,11.5175],[107.427923,11.519695],[107.416072,11.513631],[107.406487,11.529545],[107.399641,11.530244],[107.367347,11.518014],[107.376134,11.543253],[107.358927,11.556264],[107.360626,11.571637],[107.364335,11.573372],[107.359646,11.582406],[107.35637,11.581893],[107.353902,11.556248],[107.343381,11.544079],[107.327761,11.554945],[107.308823,11.555746],[107.29576,11.584859],[107.302482,11.598468],[107.300874,11.618062],[107.286048,11.631739],[107.268836,11.638372],[107.265899,11.644706],[107.263958,11.661039],[107.282869,11.688158],[107.285397,11.726496],[107.30961,11.744607],[107.351059,11.753502],[107.371705,11.771954],[107.383147,11.773972],[107.391826,11.76996],[107.395373,11.781012],[107.391752,11.795844],[107.406842,11.806192],[107.40256,11.81701],[107.415211,11.839319],[107.424953,11.847481],[107.424438,11.859905],[107.405629,11.868367],[107.400853,11.888564],[107.382322,11.920272],[107.350946,11.939624],[107.353428,11.952495],[107.342954,11.980907],[107.320365,12.007231],[107.293871,12.010846],[107.291649,12.022518],[107.276121,12.013834],[107.253975,12.020367],[107.240898,12.040128],[107.234451,12.037531],[107.231783,12.028429],[107.230081,12.066613],[107.239275,12.111393],[107.237983,12.115763],[107.22238,12.120998],[107.226064,12.154183],[107.203486,12.300009],[107.237682,12.301694],[107.268428,12.325614],[107.280921,12.32349],[107.307382,12.332831],[107.312165,12.324299],[107.319366,12.323441],[107.343792,12.3353],[107.381194,12.297046],[107.38791,12.269735],[107.396822,12.25668],[107.413196,12.248802],[107.434764,12.246371],[107.431693,12.253213],[107.439682,12.263849],[107.436395,12.272713],[107.442415,12.292812],[107.455887,12.295271],[107.464214,12.302077],[107.464935,12.311663],[107.542478,12.353062],[107.55221,12.380085],[107.542171,12.398371],[107.541781,12.413361],[107.563229,12.450437],[107.564659,12.4738],[107.574032,12.479403],[107.577976,12.491361],[107.578483,12.497448],[107.56034,12.519299],[107.56605,12.531339],[107.574235,12.533947],[107.574327,12.543086],[107.587896,12.558742],[107.578377,12.57796],[107.581344,12.613368],[107.569362,12.636893],[107.568538,12.66027],[107.57942,12.681615],[107.557834,12.713336],[107.565348,12.731465],[107.558569,12.748752],[107.560088,12.794466],[107.636495,12.800098],[107.732274,12.784401],[107.802181,12.779953],[107.822657,12.802791],[107.845592,12.813424],[107.861354,12.799443],[107.851967,12.780217],[107.85506,12.761613],[107.866737,12.752401],[107.888711,12.750903],[107.908228,12.739376],[107.894386,12.716406],[107.910373,12.694524],[107.903679,12.678217],[107.912724,12.659398],[107.902858,12.650589],[107.917363,12.647638],[107.933177,12.593837],[107.930003,12.584625],[107.908061,12.577011],[107.893146,12.565412],[107.894158,12.554651],[107.886348,12.542899],[107.908236,12.526808],[107.922592,12.531567],[107.947991,12.525119],[107.976661,12.503482],[107.988619,12.48741],[107.995253,12.486727],[107.999204,12.478141],[107.983378,12.447683],[107.964236,12.437778],[107.9474,12.441525],[107.921358,12.429118],[107.924476,12.412803],[107.91392,12.407358],[107.911025,12.399979],[107.919295,12.381858],[107.931703,12.374429],[107.931869,12.345005],[107.943415,12.334415],[107.941866,12.329711],[107.948168,12.322531],[107.969229,12.312168],[107.974793,12.297862],[107.996237,12.305482],[108.003052,12.297077],[108.014232,12.3034],[108.01833,12.291572],[108.03889,12.289213],[108.042982,12.273831],[108.079005,12.242098],[108.095076,12.212252],[108.108853,12.200305],[108.117874,12.176563],[108.160885,12.191858],[108.174259,12.186263],[108.185917,12.173831],[108.197907,12.171443],[108.207236,12.173556],[108.215194,12.184252],[108.225719,12.183612],[108.235805,12.174406],[108.239714,12.161998],[108.252284,12.173196],[108.246893,12.17975],[108.251255,12.189616],[108.258353,12.192842],[108.257982,12.201062],[108.270142,12.205618],[108.275164,12.214792],[108.291551,12.209757],[108.294347,12.202916],[108.328995,12.231459],[108.338378,12.228913],[108.337376,12.235322],[108.331548,12.236685],[108.334456,12.2492],[108.340699,12.246266],[108.353965,12.25577],[108.36765,12.255176],[108.385969,12.242117],[108.410781,12.244598],[108.425027,12.252523],[108.427937,12.260147],[108.437461,12.25141],[108.434484,12.258071],[108.441132,12.278662],[108.447149,12.274329],[108.457718,12.276624],[108.464232,12.283426],[108.463497,12.29788],[108.473589,12.297744],[108.481962,12.31073],[108.489471,12.307286],[108.497786,12.293281],[108.497444,12.285377],[108.507205,12.278559],[108.533785,12.282592],[108.5405,12.298615],[108.548295,12.29286],[108.585986,12.289647],[108.593579,12.278625],[108.614941,12.28523],[108.62035,12.291512],[108.660423,12.298626],[108.681434,12.318148],[108.703969,12.303099],[108.700078,12.239471],[108.718902,12.219701],[108.708884,12.192353]]]]}},{"type":"Feature","properties":{"code":"20","name":"Tỉnh Lạng Sơn","type":"Tỉnh","merged_from":"giữ nguyên","zone":"bac","lat":21.83944,"lng":106.61897},"geometry":{"type":"Polygon","coordinates":[[[106.237382,22.460922],[106.276062,22.447787],[106.286753,22.427843],[106.298148,22.425888],[106.311962,22.410505],[106.330484,22.412218],[106.331176,22.403967],[106.341763,22.390329],[106.341302,22.374417],[106.359874,22.358868],[106.37815,22.361351],[106.394857,22.373368],[106.410432,22.370652],[106.424758,22.360374],[106.435592,22.364638],[106.446695,22.358975],[106.464161,22.360539],[106.487069,22.371481],[106.487884,22.375656],[106.480993,22.38008],[106.487927,22.385692],[106.48285,22.391594],[106.492028,22.396767],[106.491967,22.40316],[106.502949,22.404795],[106.517142,22.39973],[106.534509,22.419869],[106.562476,22.424218],[106.569971,22.404969],[106.58426,22.390663],[106.578118,22.372921],[106.559822,22.365272],[106.558866,22.348262],[106.567842,22.343222],[106.57462,22.346382],[106.579874,22.340704],[106.587269,22.343821],[106.599697,22.338932],[106.612426,22.340096],[106.617134,22.334063],[106.645918,22.34087],[106.656865,22.334701],[106.657261,22.31932],[106.665541,22.309342],[106.664818,22.287377],[106.68861,22.28007],[106.683063,22.266147],[106.699747,22.220593],[106.69351,22.206877],[106.678806,22.205834],[106.676658,22.193742],[106.668899,22.185326],[106.684485,22.165774],[106.704129,22.16091],[106.704075,22.156395],[106.695243,22.154766],[106.688123,22.138531],[106.693725,22.111482],[106.71074,22.096573],[106.70382,22.083992],[106.704272,22.067177],[106.695365,22.055007],[106.695422,22.044221],[106.702976,22.039232],[106.705776,22.025832],[106.681096,22.003183],[106.682372,21.984208],[106.692857,21.973799],[106.69,21.965166],[106.69726,21.961686],[106.706225,21.975005],[106.717273,21.974993],[106.73628,22.008414],[106.763251,22.013646],[106.78338,22.003357],[106.786456,21.991172],[106.794099,21.993813],[106.796958,21.982778],[106.807816,21.975275],[106.830764,21.975946],[106.833764,21.984915],[106.877591,21.982692],[106.901294,21.972991],[106.915997,21.976214],[106.928912,21.931612],[106.949451,21.932344],[106.959304,21.921045],[106.976292,21.927353],[106.988922,21.951632],[107.018431,21.946434],[107.024852,21.938649],[107.046945,21.929094],[107.061371,21.895904],[107.051017,21.88355],[107.015011,21.862669],[107.004051,21.849153],[107.002679,21.835651],[107.007797,21.828306],[107.040311,21.813782],[107.081673,21.809831],[107.088551,21.801113],[107.109947,21.794629],[107.120644,21.780894],[107.13215,21.77633],[107.138042,21.764009],[107.15775,21.758467],[107.163465,21.751553],[107.1703,21.753285],[107.184553,21.747204],[107.195818,21.733788],[107.196536,21.721901],[107.220378,21.708984],[107.245754,21.706992],[107.249685,21.719038],[107.259766,21.728017],[107.28557,21.733798],[107.295602,21.743349],[107.300625,21.742706],[107.31018,21.728363],[107.319471,21.725725],[107.317922,21.716848],[107.322811,21.706864],[107.345771,21.684507],[107.344301,21.677074],[107.357294,21.665021],[107.362807,21.642008],[107.352912,21.625578],[107.358288,21.620514],[107.358848,21.598712],[107.334235,21.589204],[107.321744,21.594814],[107.310462,21.592164],[107.306577,21.596877],[107.29338,21.594252],[107.278957,21.566378],[107.256574,21.564174],[107.247103,21.558628],[107.244157,21.549768],[107.219266,21.554581],[107.203258,21.543086],[107.221302,21.520567],[107.231013,21.521095],[107.235367,21.496906],[107.244091,21.48317],[107.237674,21.462446],[107.242485,21.436578],[107.262651,21.400564],[107.250845,21.368421],[107.238467,21.366245],[107.215046,21.389589],[107.167887,21.3644],[107.097012,21.376483],[107.093307,21.359899],[107.076609,21.347873],[107.058229,21.346761],[107.048834,21.331392],[107.029895,21.324301],[107.013239,21.344903],[106.987524,21.359642],[106.990279,21.382262],[106.984114,21.401833],[106.990329,21.416097],[107.001641,21.42227],[106.985857,21.44014],[106.966617,21.43664],[106.952774,21.424376],[106.941592,21.43569],[106.930504,21.430943],[106.925623,21.440175],[106.908474,21.432534],[106.889659,21.453871],[106.899569,21.471743],[106.890473,21.479015],[106.884682,21.493275],[106.872177,21.497717],[106.841089,21.49582],[106.837875,21.513118],[106.848169,21.517765],[106.849306,21.525322],[106.858234,21.523675],[106.863498,21.532735],[106.850517,21.540916],[106.842064,21.559171],[106.821075,21.56399],[106.800203,21.561827],[106.782101,21.577315],[106.759353,21.5723],[106.75395,21.564901],[106.757711,21.554729],[106.75534,21.544526],[106.741824,21.542087],[106.698248,21.572839],[106.700433,21.593655],[106.667785,21.607844],[106.632229,21.602461],[106.612897,21.608313],[106.59065,21.599996],[106.569057,21.602423],[106.554094,21.594032],[106.536944,21.56709],[106.526145,21.560521],[106.520225,21.5367],[106.506631,21.526427],[106.517613,21.499226],[106.513324,21.491952],[106.492549,21.483033],[106.480807,21.450658],[106.471981,21.4488],[106.463216,21.437691],[106.452293,21.440511],[106.443761,21.437358],[106.43593,21.443162],[106.417043,21.438375],[106.403462,21.427591],[106.413085,21.41697],[106.413155,21.408294],[106.394299,21.406229],[106.375515,21.395342],[106.337588,21.400597],[106.322901,21.410608],[106.329526,21.440521],[106.325956,21.447958],[106.308443,21.452756],[106.299779,21.443072],[106.282276,21.452601],[106.284231,21.491826],[106.271484,21.494373],[106.24065,21.487315],[106.235418,21.495301],[106.207223,21.498435],[106.169023,21.512151],[106.165481,21.542072],[106.167647,21.595597],[106.194875,21.619007],[106.190525,21.648767],[106.201072,21.654384],[106.207325,21.668321],[106.223228,21.680322],[106.235851,21.721242],[106.227957,21.731339],[106.214275,21.728787],[106.195534,21.736094],[106.191682,21.743579],[106.178328,21.743603],[106.148772,21.762023],[106.133073,21.786224],[106.111335,21.784794],[106.105183,21.793511],[106.104282,21.806209],[106.093722,21.82105],[106.107539,21.840247],[106.116011,21.843344],[106.1094,21.852495],[106.112034,21.891457],[106.125677,21.900641],[106.130196,21.918321],[106.126948,21.925442],[106.095908,21.939139],[106.108511,21.948257],[106.107072,21.953341],[106.099292,21.953253],[106.096484,21.957861],[106.110753,21.964218],[106.112825,21.993387],[106.107575,22.000377],[106.106939,22.02249],[106.094207,22.03357],[106.100253,22.044583],[106.096055,22.065465],[106.103747,22.073659],[106.112455,22.072226],[106.120899,22.086269],[106.155302,22.083162],[106.167788,22.11247],[106.183684,22.119406],[106.179604,22.129952],[106.18863,22.14333],[106.19666,22.144885],[106.231068,22.177789],[106.221304,22.191127],[106.219308,22.205183],[106.224206,22.215124],[106.235244,22.222569],[106.244848,22.256373],[106.243287,22.268633],[106.234452,22.278559],[106.223183,22.28199],[106.220049,22.290737],[106.211505,22.290204],[106.199894,22.306422],[106.199453,22.322438],[106.217941,22.351158],[106.206283,22.369827],[106.189199,22.377202],[106.183524,22.387153],[106.191809,22.417602],[106.217119,22.45491],[106.237382,22.460922]]]}},{"type":"Feature","properties":{"code":"40","name":"Tỉnh Nghệ An","type":"Tỉnh","merged_from":"giữ nguyên","zone":"trung","lat":19.23731,"lng":104.94424},"geometry":{"type":"MultiPolygon","coordinates":[[[[105.771056,18.797002],[105.767881,18.801358],[105.776446,18.806971],[105.779736,18.801856],[105.771056,18.797002]]],[[[104.959291,19.993664],[104.964659,19.97689],[104.975426,19.977353],[104.997234,19.963238],[105.002256,19.952907],[105.015899,19.953911],[105.050409,19.934248],[105.101949,19.937352],[105.132704,19.922845],[105.15738,19.922652],[105.170284,19.915787],[105.185811,19.864905],[105.178304,19.859063],[105.147531,19.852441],[105.144156,19.840906],[105.128645,19.825192],[105.126928,19.804483],[105.13392,19.741367],[105.153446,19.724389],[105.160252,19.723439],[105.151717,19.709741],[105.162104,19.699474],[105.165335,19.684669],[105.19377,19.672792],[105.222446,19.65044],[105.233865,19.647232],[105.243227,19.658352],[105.255205,19.645338],[105.279531,19.598354],[105.271313,19.589121],[105.279957,19.571447],[105.270143,19.55561],[105.269227,19.509394],[105.278003,19.504682],[105.275208,19.494114],[105.287889,19.490915],[105.291541,19.475845],[105.296003,19.486569],[105.306699,19.490469],[105.312307,19.505237],[105.323,19.510603],[105.332425,19.534354],[105.350346,19.539322],[105.367857,19.519048],[105.365018,19.500137],[105.390009,19.467021],[105.387216,19.460257],[105.39393,19.450916],[105.402158,19.451182],[105.408672,19.458746],[105.427012,19.457375],[105.443326,19.442991],[105.452764,19.445759],[105.463525,19.457093],[105.481639,19.450404],[105.498965,19.462801],[105.522941,19.464603],[105.533047,19.456763],[105.541803,19.43578],[105.566242,19.403664],[105.580823,19.391044],[105.580001,19.3821],[105.588407,19.371474],[105.607654,19.369498],[105.617221,19.382541],[105.624858,19.381389],[105.631064,19.367216],[105.636498,19.367981],[105.641238,19.354069],[105.651557,19.353456],[105.655344,19.343244],[105.66602,19.341132],[105.662453,19.315317],[105.672946,19.320785],[105.687294,19.302252],[105.711179,19.305091],[105.739543,19.32225],[105.745999,19.304973],[105.75344,19.30735],[105.765402,19.29377],[105.799242,19.301997],[105.803323,19.288795],[105.799769,19.279337],[105.804175,19.274984],[105.780888,19.275329],[105.764107,19.229111],[105.756401,19.22613],[105.755751,19.233691],[105.747379,19.230823],[105.734461,19.216131],[105.727296,19.132967],[105.72907,19.116438],[105.736253,19.106039],[105.716097,19.098577],[105.711196,19.104147],[105.708803,19.096833],[105.690418,19.083322],[105.673561,19.09929],[105.657075,19.090702],[105.635091,19.061369],[105.619235,19.023222],[105.615378,18.981298],[105.62163,18.941515],[105.634719,18.899335],[105.651249,18.886394],[105.659355,18.890533],[105.665181,18.881189],[105.689014,18.875028],[105.693077,18.864699],[105.699618,18.863841],[105.701253,18.8553],[105.710068,18.849666],[105.71573,18.852275],[105.713052,18.844771],[105.717717,18.835386],[105.713993,18.829567],[105.724191,18.80603],[105.74919,18.776565],[105.766162,18.767791],[105.74308,18.751968],[105.740782,18.743082],[105.766985,18.676264],[105.750091,18.668442],[105.726214,18.674019],[105.714273,18.668386],[105.703452,18.637633],[105.688967,18.628647],[105.687637,18.597053],[105.678092,18.580337],[105.664119,18.585301],[105.623884,18.569106],[105.616176,18.574011],[105.615476,18.579883],[105.597061,18.577691],[105.588819,18.573705],[105.581287,18.55994],[105.562779,18.561358],[105.542758,18.553563],[105.530769,18.563592],[105.502658,18.611236],[105.476475,18.615268],[105.471777,18.608654],[105.442307,18.601118],[105.432793,18.590362],[105.378413,18.581053],[105.357858,18.584192],[105.323916,18.603051],[105.306014,18.607514],[105.28452,18.623179],[105.249137,18.610917],[105.228914,18.58931],[105.214972,18.598137],[105.186843,18.603344],[105.190819,18.607753],[105.190345,18.632986],[105.197196,18.639328],[105.195149,18.646316],[105.187072,18.64783],[105.180986,18.658229],[105.166829,18.658216],[105.150383,18.67962],[105.138327,18.681057],[105.132766,18.688441],[105.143707,18.702662],[105.131607,18.715832],[105.112218,18.714261],[105.103564,18.704104],[105.086206,18.708329],[105.071314,18.704472],[105.064566,18.709055],[105.048575,18.70768],[105.057485,18.724333],[105.050024,18.729979],[105.038821,18.725125],[105.017524,18.731843],[105.014557,18.73746],[105.018765,18.746682],[104.997707,18.738182],[104.988056,18.745493],[104.980961,18.739778],[104.966106,18.743686],[104.941043,18.739388],[104.934775,18.759902],[104.936356,18.774556],[104.911641,18.791791],[104.906574,18.787405],[104.87221,18.786827],[104.855244,18.77564],[104.839372,18.786396],[104.793326,18.784938],[104.782793,18.803004],[104.7573,18.797138],[104.737182,18.801573],[104.734762,18.814036],[104.722801,18.818939],[104.712942,18.830878],[104.713135,18.841366],[104.70424,18.83714],[104.696585,18.841293],[104.688706,18.836201],[104.675502,18.838391],[104.667553,18.853639],[104.652551,18.866089],[104.635016,18.870412],[104.627399,18.877967],[104.626279,18.888816],[104.58699,18.90486],[104.577588,18.902627],[104.559991,18.940394],[104.543466,18.956654],[104.541971,18.974073],[104.530288,18.984318],[104.511036,18.982522],[104.501205,18.999151],[104.484722,19.004546],[104.479653,19.004358],[104.467822,18.989212],[104.460883,18.991886],[104.446714,18.986617],[104.427946,19.005755],[104.421244,19.007223],[104.424292,19.016292],[104.399562,19.040132],[104.402181,19.054015],[104.396796,19.058971],[104.38171,19.062119],[104.366684,19.07397],[104.353435,19.072414],[104.308412,19.0902],[104.298343,19.114398],[104.279389,19.120901],[104.248434,19.111096],[104.212332,19.121261],[104.224353,19.154112],[104.19903,19.162224],[104.192726,19.181514],[104.17975,19.198908],[104.129369,19.204627],[104.110868,19.224437],[104.10147,19.213005],[104.092143,19.230247],[104.069001,19.248087],[104.058075,19.240599],[104.046344,19.243942],[104.000201,19.230359],[103.991474,19.239843],[103.960101,19.252108],[103.922183,19.286391],[103.914085,19.303338],[103.898108,19.309811],[103.886078,19.301105],[103.874135,19.306704],[103.873623,19.318571],[103.88235,19.32682],[103.907645,19.331321],[103.917942,19.343169],[103.950804,19.358651],[103.958968,19.375907],[103.955644,19.384757],[103.974434,19.399424],[103.986757,19.400242],[103.991326,19.406379],[104.01113,19.403218],[104.021637,19.416953],[104.02961,19.41596],[104.047984,19.42655],[104.052459,19.419152],[104.068767,19.416715],[104.073942,19.449632],[104.06356,19.453613],[104.084329,19.467944],[104.083535,19.47993],[104.090736,19.489951],[104.096416,19.493568],[104.110213,19.490496],[104.121371,19.503011],[104.10201,19.524471],[104.107924,19.53366],[104.103435,19.547965],[104.106323,19.570023],[104.0856,19.582292],[104.059313,19.620446],[104.067361,19.636863],[104.055668,19.65292],[104.068211,19.666213],[104.070096,19.681888],[104.090859,19.666424],[104.106092,19.661537],[104.133192,19.662306],[104.154307,19.670561],[104.161287,19.697466],[104.1741,19.68989],[104.183939,19.695489],[104.199185,19.694102],[104.213001,19.704906],[104.236176,19.70821],[104.278311,19.695893],[104.306155,19.696897],[104.320619,19.685177],[104.318322,19.668306],[104.334808,19.676737],[104.348268,19.692478],[104.387553,19.700327],[104.397871,19.698326],[104.403969,19.70626],[104.41397,19.707738],[104.420759,19.702177],[104.420104,19.683138],[104.424931,19.674094],[104.444599,19.672449],[104.443535,19.658724],[104.459055,19.650171],[104.476126,19.655933],[104.489125,19.654813],[104.505612,19.623256],[104.526755,19.613465],[104.535229,19.61329],[104.544239,19.619813],[104.559403,19.611644],[104.568235,19.615305],[104.577215,19.627407],[104.60727,19.634077],[104.642447,19.62381],[104.650332,19.636332],[104.645329,19.652986],[104.659609,19.66109],[104.658519,19.673705],[104.669126,19.684755],[104.66096,19.702269],[104.676021,19.711488],[104.685032,19.723584],[104.693021,19.725174],[104.721882,19.75529],[104.728761,19.75727],[104.736836,19.750389],[104.755741,19.751925],[104.758439,19.760201],[104.766704,19.765793],[104.762934,19.776424],[104.775445,19.778475],[104.795939,19.791236],[104.817569,19.785811],[104.832856,19.794689],[104.837154,19.807495],[104.834564,19.824628],[104.846996,19.841972],[104.832168,19.854432],[104.847456,19.870203],[104.840481,19.88812],[104.84686,19.910907],[104.840752,19.918553],[104.845569,19.931438],[104.860388,19.944705],[104.893686,19.959824],[104.918681,19.997322],[104.923624,19.991327],[104.959291,19.993664]]]]}},{"type":"Feature","properties":{"code":"37","name":"Tỉnh Ninh Bình","type":"Tỉnh","merged_from":"tỉnh Hà Nam, tỉnh Nam Định và tỉnh Ninh Bình","zone":"bac","lat":20.31181,"lng":106.04679},"geometry":{"type":"Polygon","coordinates":[[[105.806757,20.429541],[105.825936,20.418711],[105.828291,20.426005],[105.839998,20.422022],[105.854744,20.428173],[105.850987,20.477988],[105.823284,20.489765],[105.817617,20.504074],[105.802585,20.504145],[105.767675,20.564756],[105.788951,20.568019],[105.795446,20.574059],[105.799191,20.592931],[105.808639,20.605885],[105.803927,20.610898],[105.810851,20.618095],[105.809301,20.630226],[105.831293,20.647728],[105.818915,20.664249],[105.841393,20.659167],[105.855137,20.646102],[105.878473,20.64437],[105.894646,20.653479],[105.894443,20.668653],[105.901575,20.667375],[105.94164,20.682738],[105.944972,20.677311],[105.942801,20.656693],[105.956462,20.651598],[105.956521,20.662527],[105.985605,20.68216],[105.999479,20.704582],[106.011788,20.702528],[106.034494,20.679253],[106.030188,20.643326],[106.052628,20.612401],[106.072171,20.604153],[106.095624,20.617489],[106.112474,20.616233],[106.126555,20.597497],[106.131164,20.575379],[106.166354,20.5565],[106.174417,20.535505],[106.180742,20.486602],[106.189523,20.480518],[106.216078,20.476796],[106.223605,20.466226],[106.222811,20.455713],[106.207789,20.428854],[106.21619,20.413593],[106.229429,20.407571],[106.261776,20.406958],[106.279983,20.401088],[106.283686,20.382894],[106.252132,20.35549],[106.250605,20.34221],[106.255687,20.331273],[106.264071,20.327579],[106.27982,20.33215],[106.336475,20.378099],[106.357231,20.351454],[106.386977,20.344718],[106.401903,20.336185],[106.42614,20.304055],[106.446497,20.291745],[106.475281,20.292174],[106.495609,20.30902],[106.526497,20.317071],[106.579947,20.262043],[106.58711,20.244262],[106.58231,20.237165],[106.582722,20.225258],[106.579678,20.217254],[106.563772,20.206712],[106.543751,20.202596],[106.538956,20.204192],[106.539405,20.226223],[106.526391,20.222572],[106.509585,20.226004],[106.448503,20.215425],[106.404898,20.206422],[106.365075,20.182131],[106.350787,20.181151],[106.353069,20.172677],[106.200507,20.006143],[106.194412,20.011144],[106.18762,20.007544],[106.181687,19.983499],[106.165135,19.959479],[106.138328,19.944353],[106.062286,19.922618],[106.057302,19.925803],[106.049367,19.949719],[106.023339,19.965762],[106.022807,19.985285],[106.031137,20.000266],[106.0492,20.004198],[106.058018,20.016503],[106.072302,20.052801],[106.071156,20.06385],[106.060509,20.06632],[106.018397,20.060251],[106.003067,20.068391],[105.954002,20.070273],[105.928,20.091346],[105.920259,20.103809],[105.903683,20.109186],[105.892514,20.120746],[105.869575,20.124541],[105.847925,20.14098],[105.831823,20.144738],[105.82698,20.152813],[105.741631,20.186091],[105.713154,20.210825],[105.691438,20.222553],[105.689254,20.233644],[105.680339,20.237882],[105.667432,20.257995],[105.647402,20.275267],[105.618191,20.283398],[105.598197,20.31232],[105.562264,20.31779],[105.56189,20.326581],[105.547692,20.332931],[105.541707,20.36431],[105.564766,20.359853],[105.581142,20.370042],[105.598496,20.36413],[105.614778,20.349929],[105.633683,20.344008],[105.666217,20.311695],[105.683563,20.306507],[105.701695,20.325876],[105.70967,20.325032],[105.731848,20.337899],[105.717615,20.34841],[105.703004,20.374974],[105.705332,20.384092],[105.692858,20.391711],[105.695064,20.398697],[105.685667,20.403942],[105.683756,20.410827],[105.694798,20.412617],[105.721612,20.40561],[105.727293,20.399978],[105.72879,20.38729],[105.742565,20.384184],[105.745532,20.368904],[105.75188,20.368371],[105.757548,20.382902],[105.751171,20.397833],[105.751527,20.413397],[105.755678,20.415786],[105.750736,20.440393],[105.771874,20.441453],[105.772892,20.435711],[105.778918,20.4372],[105.786715,20.448616],[105.784678,20.453936],[105.79033,20.455066],[105.806757,20.429541]]]}},{"type":"Feature","properties":{"code":"25","name":"Tỉnh Phú Thọ","type":"Tỉnh","merged_from":"tỉnh Vĩnh Phúc, tỉnh Hòa Bình và tỉnh Phú Thọ","zone":"bac","lat":21.01524,"lng":105.28422},"geometry":{"type":"Polygon","coordinates":[[[105.109857,21.707171],[105.147453,21.699716],[105.154559,21.683535],[105.170711,21.688642],[105.198334,21.66572],[105.232936,21.659846],[105.2339,21.643776],[105.22284,21.631272],[105.224541,21.626847],[105.229509,21.620574],[105.246673,21.615445],[105.249644,21.606622],[105.242985,21.598075],[105.248073,21.583724],[105.271548,21.56301],[105.264903,21.547409],[105.292178,21.538664],[105.293271,21.520912],[105.299125,21.510383],[105.317909,21.513934],[105.335065,21.505383],[105.343291,21.51852],[105.369208,21.525806],[105.391794,21.512601],[105.407204,21.513482],[105.425205,21.503343],[105.448174,21.51093],[105.456395,21.519167],[105.482955,21.520622],[105.503651,21.533102],[105.515133,21.534902],[105.540881,21.576042],[105.60024,21.526582],[105.643502,21.467588],[105.657256,21.460364],[105.670513,21.459895],[105.685486,21.443558],[105.704741,21.440566],[105.709657,21.432493],[105.721955,21.433126],[105.721675,21.413424],[105.747011,21.416568],[105.75378,21.412769],[105.763414,21.39525],[105.759113,21.379507],[105.770631,21.372088],[105.775529,21.361786],[105.782894,21.361602],[105.783237,21.343859],[105.773452,21.335621],[105.75736,21.30338],[105.735773,21.289444],[105.722898,21.268277],[105.726003,21.244022],[105.735577,21.237269],[105.722629,21.225935],[105.702522,21.222038],[105.695571,21.216229],[105.687416,21.221818],[105.68502,21.235907],[105.673767,21.228615],[105.673002,21.23629],[105.667214,21.234566],[105.664517,21.240156],[105.657295,21.235551],[105.645157,21.237678],[105.643797,21.227868],[105.652756,21.228307],[105.657113,21.221957],[105.63409,21.218411],[105.637349,21.208089],[105.626666,21.212076],[105.612495,21.206844],[105.629441,21.183216],[105.622438,21.18203],[105.626777,21.170718],[105.621833,21.173245],[105.519704,21.15545],[105.494557,21.159496],[105.467854,21.179438],[105.462796,21.216083],[105.457822,21.230646],[105.444143,21.244718],[105.441377,21.273075],[105.421543,21.293924],[105.392238,21.304991],[105.360401,21.283884],[105.343828,21.226453],[105.327342,21.207959],[105.300075,21.193504],[105.297177,21.178791],[105.286957,21.165959],[105.317742,21.11077],[105.293427,21.057178],[105.298759,21.029564],[105.31681,21.013311],[105.322957,21.019659],[105.329814,21.012735],[105.344836,21.015565],[105.353476,21.00959],[105.383289,21.023824],[105.393417,21.003783],[105.417295,20.997654],[105.419582,20.986563],[105.43583,20.973653],[105.444432,20.957188],[105.455352,20.950487],[105.477222,20.948044],[105.491167,20.933468],[105.511597,20.923065],[105.523001,20.92129],[105.534696,20.9266],[105.575705,20.930669],[105.57973,20.927051],[105.576422,20.916971],[105.555033,20.905869],[105.5519,20.890562],[105.555332,20.882622],[105.582353,20.858926],[105.585001,20.847744],[105.576162,20.826904],[105.560433,20.821997],[105.556301,20.810835],[105.580685,20.812753],[105.586798,20.830391],[105.593626,20.833406],[105.597334,20.842052],[105.616991,20.831651],[105.634598,20.839592],[105.639436,20.825618],[105.628217,20.817501],[105.630446,20.79469],[105.64678,20.793722],[105.648737,20.75935],[105.654395,20.745373],[105.665163,20.736008],[105.659546,20.726157],[105.679768,20.69656],[105.677182,20.68517],[105.667292,20.680045],[105.671847,20.666206],[105.677549,20.668734],[105.677533,20.646514],[105.684248,20.639418],[105.678351,20.631319],[105.663004,20.630009],[105.664416,20.618947],[105.684246,20.617435],[105.692042,20.622007],[105.702099,20.613217],[105.705031,20.601124],[105.716912,20.598057],[105.729746,20.602936],[105.744973,20.59561],[105.7642,20.5747],[105.771615,20.552121],[105.802585,20.504145],[105.817617,20.504074],[105.823284,20.489765],[105.850987,20.477988],[105.854744,20.428173],[105.839998,20.422022],[105.828291,20.426005],[105.827549,20.419683],[105.821357,20.419813],[105.801369,20.434798],[105.79033,20.455066],[105.784678,20.453936],[105.786715,20.448616],[105.778918,20.4372],[105.772892,20.435711],[105.771874,20.441453],[105.750736,20.440393],[105.755678,20.415786],[105.751527,20.413397],[105.751171,20.397833],[105.757548,20.382902],[105.75188,20.368371],[105.745532,20.368904],[105.742565,20.384184],[105.72879,20.38729],[105.727293,20.399978],[105.721612,20.40561],[105.694798,20.412617],[105.683756,20.410827],[105.685667,20.403942],[105.695064,20.398697],[105.692858,20.391711],[105.705332,20.384092],[105.703004,20.374974],[105.717615,20.34841],[105.731848,20.337899],[105.70967,20.325032],[105.701695,20.325876],[105.687978,20.308197],[105.666217,20.311695],[105.633683,20.344008],[105.614778,20.349929],[105.598496,20.36413],[105.583475,20.369546],[105.556988,20.360121],[105.528501,20.371672],[105.52147,20.363401],[105.508754,20.360756],[105.476643,20.375724],[105.427656,20.387557],[105.402466,20.375667],[105.361264,20.391365],[105.349851,20.391389],[105.303731,20.417571],[105.282728,20.423459],[105.275738,20.432006],[105.256544,20.435206],[105.263052,20.448122],[105.262811,20.459097],[105.260486,20.464954],[105.24078,20.475957],[105.238452,20.481326],[105.242879,20.490343],[105.204881,20.518954],[105.167794,20.517778],[105.153588,20.542706],[105.137633,20.546163],[105.127076,20.55873],[105.103361,20.572317],[105.08934,20.57192],[105.078127,20.578002],[105.058497,20.573148],[105.045767,20.559581],[105.020022,20.559792],[105.001825,20.574127],[104.971209,20.57561],[104.958282,20.580472],[104.960885,20.595728],[104.966627,20.596315],[104.95591,20.614512],[104.958717,20.626591],[104.943256,20.643628],[104.898273,20.669748],[104.852604,20.662932],[104.844535,20.65184],[104.834956,20.660594],[104.838962,20.684842],[104.833568,20.69836],[104.847868,20.70391],[104.837352,20.718025],[104.84367,20.731409],[104.835789,20.735328],[104.835544,20.747325],[104.842797,20.754166],[104.857705,20.754688],[104.865421,20.763492],[104.885063,20.760963],[104.91608,20.744204],[104.936341,20.747201],[104.981751,20.72492],[105.0,20.723907],[105.015135,20.732377],[105.007923,20.745393],[104.994492,20.752046],[104.988027,20.750306],[104.988871,20.755409],[105.021812,20.802684],[104.99594,20.815483],[105.004031,20.844659],[104.995685,20.847229],[104.996157,20.870632],[104.97747,20.892729],[104.972521,20.90929],[104.940541,20.932704],[104.922198,20.962385],[104.899058,20.981973],[104.888554,21.009766],[104.878275,21.024423],[104.864799,21.033048],[104.850766,21.073435],[104.854786,21.079596],[104.865942,21.077173],[104.877275,21.100938],[104.910615,21.112895],[104.893432,21.130648],[104.851787,21.152479],[104.857152,21.174072],[104.849864,21.18363],[104.862508,21.207279],[104.853612,21.221345],[104.84283,21.226665],[104.853742,21.236785],[104.84702,21.259051],[104.839729,21.266696],[104.841285,21.309464],[104.818101,21.322558],[104.812105,21.33531],[104.846399,21.339871],[104.843592,21.351421],[104.852103,21.352977],[104.856662,21.367034],[104.863907,21.364658],[104.877772,21.345137],[104.891493,21.344074],[104.89784,21.351224],[104.880536,21.383965],[104.904533,21.414589],[104.909978,21.446867],[104.883748,21.499611],[104.881946,21.52605],[104.867558,21.543189],[104.868437,21.55498],[104.889425,21.560355],[104.90036,21.56977],[104.886458,21.612517],[104.904914,21.610504],[104.902357,21.62789],[104.907062,21.634443],[104.931232,21.64272],[104.936136,21.65291],[104.953,21.662149],[104.970924,21.648533],[104.97193,21.656496],[104.984137,21.664565],[104.97764,21.673784],[104.996682,21.680386],[105.0,21.691929],[105.018376,21.689238],[105.032848,21.700864],[105.051164,21.689602],[105.09639,21.68153],[105.0949,21.698993],[105.084525,21.704302],[105.089719,21.712565],[105.084832,21.718221],[105.091437,21.720641],[105.109857,21.707171]]]}},{"type":"Feature","properties":{"code":"51","name":"Tỉnh Quảng Ngãi","type":"Tỉnh","merged_from":"tỉnh Kon Tum và tỉnh Quảng Ngãi","zone":"trung","lat":14.76929,"lng":108.14392},"geometry":{"type":"MultiPolygon","coordinates":[[[[108.819176,15.41962],[108.825803,15.41831],[108.819849,15.410963],[108.829703,15.39856],[108.825287,15.378915],[108.83919,15.358361],[108.848393,15.349711],[108.868569,15.351566],[108.861464,15.343228],[108.863581,15.335408],[108.88047,15.327611],[108.86829,15.298984],[108.885237,15.271977],[108.910321,15.247557],[108.934537,15.24824],[108.93853,15.243042],[108.940291,15.234095],[108.931513,15.215679],[108.925961,15.211498],[108.913832,15.214412],[108.920553,15.204883],[108.91603,15.201743],[108.911017,15.207088],[108.904234,15.205895],[108.893176,15.191274],[108.901434,15.079396],[108.91933,15.009935],[108.962313,14.898374],[108.99826,14.830734],[108.998976,14.81973],[109.074986,14.706245],[109.072083,14.692855],[109.081622,14.67222],[109.073529,14.666571],[109.070496,14.678769],[109.066576,14.678345],[109.068936,14.672682],[109.063315,14.655576],[109.073282,14.595376],[109.080779,14.578747],[109.058724,14.592104],[109.054089,14.60934],[109.046649,14.607499],[109.042996,14.611468],[109.042359,14.633616],[109.014404,14.667119],[108.991738,14.674958],[108.975184,14.672783],[108.957859,14.687403],[108.949657,14.685511],[108.937732,14.696319],[108.926229,14.698974],[108.925994,14.703668],[108.902597,14.688072],[108.887027,14.684093],[108.853192,14.692942],[108.845461,14.683398],[108.836796,14.695301],[108.825968,14.679039],[108.81069,14.672056],[108.784955,14.670879],[108.765614,14.678021],[108.75785,14.667943],[108.763932,14.627054],[108.757821,14.596593],[108.734166,14.590374],[108.713332,14.60245],[108.702486,14.615636],[108.696892,14.599467],[108.689091,14.594316],[108.677634,14.595299],[108.673235,14.582962],[108.63867,14.566878],[108.640435,14.549466],[108.628029,14.553116],[108.625698,14.545261],[108.616282,14.543941],[108.612598,14.535033],[108.604593,14.535475],[108.594822,14.547381],[108.594003,14.564547],[108.572731,14.573267],[108.559332,14.586437],[108.543051,14.589117],[108.530787,14.580136],[108.526442,14.5577],[108.506523,14.54651],[108.491658,14.544962],[108.432814,14.560966],[108.416502,14.57467],[108.396882,14.603664],[108.382315,14.598668],[108.373297,14.60165],[108.365246,14.585211],[108.357122,14.584295],[108.355483,14.575896],[108.357602,14.565615],[108.369877,14.550608],[108.372212,14.536434],[108.381086,14.52656],[108.380938,14.516817],[108.324772,14.459077],[108.319871,14.442243],[108.296457,14.418906],[108.291791,14.406762],[108.294519,14.393785],[108.271694,14.388255],[108.241916,14.396734],[108.211484,14.389147],[108.192244,14.373102],[108.15907,14.363451],[108.152282,14.35022],[108.145477,14.348683],[108.140919,14.354398],[108.14713,14.361376],[108.130256,14.35707],[108.11355,14.364607],[108.106785,14.354186],[108.110681,14.347586],[108.106864,14.342231],[108.076264,14.332578],[108.085933,14.324667],[108.085499,14.317851],[108.075353,14.310964],[108.058668,14.268091],[108.036372,14.27726],[108.011038,14.241522],[107.996767,14.246004],[107.980859,14.244437],[107.957843,14.229314],[107.946288,14.243609],[107.929818,14.243847],[107.893496,14.281534],[107.875544,14.28339],[107.870176,14.277432],[107.845996,14.276347],[107.836067,14.262531],[107.833723,14.237414],[107.814812,14.21538],[107.805941,14.214087],[107.79469,14.221515],[107.779547,14.223788],[107.752547,14.20556],[107.721254,14.215585],[107.685554,14.217899],[107.671641,14.182455],[107.658402,14.166541],[107.661756,14.139335],[107.649236,14.098552],[107.653976,14.08562],[107.645188,14.065635],[107.629484,14.05526],[107.611225,14.064777],[107.600139,14.049095],[107.596888,14.031134],[107.590841,14.026421],[107.535669,14.024742],[107.523541,14.01785],[107.516515,13.989659],[107.504874,13.976594],[107.469162,13.954938],[107.467325,13.937995],[107.456169,13.923521],[107.451605,13.93346],[107.453087,13.976515],[107.441869,13.998266],[107.429192,13.994882],[107.425531,13.999768],[107.403241,13.990124],[107.381643,13.991851],[107.355615,14.020467],[107.354651,14.027148],[107.363941,14.036077],[107.36311,14.064543],[107.378096,14.066208],[107.380831,14.079744],[107.359279,14.086054],[107.332131,14.102852],[107.335712,14.127567],[107.350583,14.15431],[107.359821,14.161315],[107.356706,14.1712],[107.368399,14.180954],[107.375472,14.180885],[107.386557,14.210819],[107.390768,14.210408],[107.393715,14.223963],[107.404365,14.234698],[107.397523,14.250545],[107.406918,14.264651],[107.405369,14.298376],[107.391542,14.3147],[107.388774,14.325943],[107.398674,14.334886],[107.409858,14.362389],[107.431591,14.382044],[107.422085,14.40155],[107.424306,14.411415],[107.446597,14.427136],[107.4549,14.420482],[107.458126,14.407534],[107.480194,14.404497],[107.487017,14.408853],[107.487847,14.430343],[107.496497,14.443831],[107.500699,14.457183],[107.49781,14.467319],[107.509827,14.498628],[107.505362,14.509962],[107.51968,14.52133],[107.529853,14.554391],[107.514544,14.586344],[107.522847,14.599109],[107.53367,14.601436],[107.542588,14.611454],[107.537476,14.632225],[107.549606,14.648143],[107.547844,14.67692],[107.556067,14.689351],[107.557586,14.702708],[107.554459,14.72227],[107.521387,14.724468],[107.521107,14.730857],[107.535545,14.741685],[107.539751,14.751935],[107.523312,14.777231],[107.51346,14.786087],[107.503735,14.787197],[107.509269,14.797596],[107.522023,14.80594],[107.520776,14.814594],[107.535988,14.81957],[107.539607,14.82824],[107.559,14.83924],[107.564553,14.850143],[107.588705,14.868448],[107.583642,14.892367],[107.570859,14.892932],[107.559444,14.903816],[107.538001,14.909389],[107.529125,14.919707],[107.528067,14.92928],[107.503423,14.931549],[107.496545,14.943872],[107.481042,14.952817],[107.476492,14.95911],[107.479209,14.973059],[107.467612,14.984806],[107.476239,14.9927],[107.466592,15.006318],[107.472769,15.02139],[107.498785,15.022619],[107.537807,15.050465],[107.580823,15.029344],[107.586404,15.031624],[107.591125,15.049908],[107.613423,15.046606],[107.61896,15.05189],[107.596755,15.090117],[107.620912,15.106208],[107.605966,15.13375],[107.620357,15.136144],[107.624508,15.149761],[107.61458,15.157064],[107.594547,15.191039],[107.581525,15.198298],[107.593035,15.212188],[107.600512,15.205398],[107.610439,15.21294],[107.618085,15.212895],[107.618526,15.227319],[107.631705,15.231884],[107.624215,15.231789],[107.617628,15.246719],[107.613571,15.28919],[107.622396,15.311345],[107.632001,15.314333],[107.632668,15.320568],[107.624981,15.332126],[107.608261,15.336268],[107.603272,15.351987],[107.607122,15.367892],[107.594974,15.382831],[107.611137,15.394533],[107.622379,15.414479],[107.634995,15.416852],[107.653672,15.396167],[107.658655,15.38849],[107.662818,15.353378],[107.692035,15.317787],[107.706116,15.304023],[107.728555,15.309245],[107.725808,15.290163],[107.734723,15.232169],[107.747923,15.231628],[107.757252,15.238456],[107.769926,15.233604],[107.778423,15.220119],[107.807785,15.212539],[107.81685,15.21724],[107.835557,15.208258],[107.869493,15.211269],[107.878763,15.198748],[107.887722,15.194944],[107.898601,15.206647],[107.911488,15.208542],[107.912831,15.213148],[107.927693,15.209984],[107.933772,15.19359],[107.947022,15.186274],[107.948573,15.176339],[107.980014,15.167467],[107.98584,15.159628],[107.997279,15.157038],[108.002613,15.143269],[107.996578,15.127864],[108.000917,15.120635],[107.978157,15.087255],[107.974271,15.070946],[107.94814,15.054271],[107.956949,15.045587],[107.955337,15.037913],[107.967896,15.017165],[107.980884,15.011429],[107.988445,15.000195],[108.016636,15.002853],[108.041795,14.994629],[108.061635,14.972728],[108.07728,14.967994],[108.08595,14.95639],[108.096663,14.953287],[108.12153,14.961337],[108.142831,14.960764],[108.159998,14.975274],[108.149473,15.005021],[108.149942,15.03444],[108.145653,15.04625],[108.15836,15.061093],[108.173817,15.061534],[108.187246,15.052312],[108.192317,15.042492],[108.200328,15.04347],[108.211134,15.033812],[108.222891,15.031171],[108.238842,15.034683],[108.241158,15.041851],[108.23576,15.049248],[108.239909,15.066795],[108.233917,15.079323],[108.25456,15.09057],[108.256133,15.118616],[108.272294,15.130789],[108.292222,15.16833],[108.304549,15.175137],[108.298147,15.183055],[108.300923,15.1933],[108.289542,15.200576],[108.302919,15.211383],[108.305655,15.224811],[108.286123,15.229035],[108.279662,15.244777],[108.300836,15.259767],[108.304132,15.269937],[108.298591,15.285855],[108.315339,15.300858],[108.358948,15.296326],[108.380001,15.30432],[108.397896,15.300946],[108.403706,15.310887],[108.414867,15.308435],[108.430546,15.327114],[108.437693,15.312757],[108.482516,15.309185],[108.501612,15.326326],[108.523962,15.321376],[108.544607,15.336061],[108.560209,15.33601],[108.577259,15.346204],[108.597279,15.346214],[108.603459,15.353181],[108.627844,15.359288],[108.642343,15.368485],[108.669175,15.366603],[108.713571,15.372237],[108.736995,15.398656],[108.770058,15.387519],[108.793183,15.395217],[108.793143,15.400858],[108.801101,15.397616],[108.806326,15.408549],[108.794277,15.416612],[108.796518,15.426009],[108.803194,15.416357],[108.812343,15.413135],[108.819176,15.41962]]],[[[109.13921,15.378515],[109.118676,15.370272],[109.095931,15.375709],[109.091895,15.384252],[109.098307,15.390912],[109.140908,15.388512],[109.13921,15.378515]]],[[[109.084916,15.432291],[109.084118,15.428324],[109.077238,15.427199],[109.077077,15.431874],[109.084916,15.432291]]]]}},{"type":"Feature","properties":{"code":"22","name":"Tỉnh Quảng Ninh","type":"Tỉnh","merged_from":"giữ nguyên","zone":"bac","lat":21.24057,"lng":107.25501},"geometry":{"type":"MultiPolygon","coordinates":[[[[107.129523,20.740213],[107.124069,20.749803],[107.124445,20.7676],[107.14077,20.767756],[107.152801,20.752626],[107.14274,20.752522],[107.138636,20.746839],[107.148807,20.746138],[107.152657,20.738176],[107.129523,20.740213]]],[[[107.122905,20.811773],[107.126188,20.795819],[107.133692,20.798163],[107.139822,20.78418],[107.130533,20.771467],[107.121556,20.769965],[107.114615,20.786897],[107.111468,20.81597],[107.122905,20.811773]]],[[[107.176869,20.829584],[107.178769,20.821761],[107.171657,20.819213],[107.176233,20.815083],[107.164381,20.813199],[107.167707,20.81649],[107.163627,20.82181],[107.16929,20.820592],[107.176869,20.829584]]],[[[107.071175,20.839244],[107.07696,20.841217],[107.085365,20.834197],[107.080405,20.831139],[107.071671,20.836442],[107.071175,20.839244]]],[[[107.205716,20.842517],[107.21104,20.834635],[107.204475,20.837587],[107.201962,20.841275],[107.205716,20.842517]]],[[[107.111153,20.841679],[107.115105,20.843458],[107.123556,20.837045],[107.117447,20.833716],[107.111153,20.841679]]],[[[107.161463,20.846494],[107.169838,20.842911],[107.173029,20.834125],[107.163456,20.828512],[107.151818,20.841167],[107.155971,20.849],[107.156504,20.840929],[107.161463,20.846494]]],[[[107.097446,20.839851],[107.093813,20.845535],[107.089727,20.836792],[107.082223,20.841901],[107.095687,20.859658],[107.100167,20.849137],[107.09538,20.848527],[107.10293,20.843034],[107.100466,20.833984],[107.108565,20.835222],[107.106725,20.827169],[107.09386,20.834208],[107.097446,20.839851]]],[[[107.184629,20.841451],[107.171209,20.847177],[107.171311,20.854344],[107.185781,20.844154],[107.184629,20.841451]]],[[[107.041536,20.858444],[107.051575,20.856352],[107.049132,20.85337],[107.055028,20.8495],[107.05029,20.848804],[107.041536,20.858444]]],[[[106.87958,20.847348],[106.875075,20.853073],[106.889698,20.873763],[106.897502,20.84733],[106.87958,20.847348]]],[[[107.055842,20.877505],[107.065661,20.874218],[107.070559,20.862658],[107.063685,20.859076],[107.055842,20.877505]]],[[[107.002355,20.871488],[107.012868,20.878556],[107.01282,20.871101],[107.014984,20.87705],[107.022935,20.874209],[107.010366,20.869722],[107.011365,20.864548],[107.002355,20.871488]]],[[[107.137047,20.869487],[107.126355,20.879274],[107.138641,20.877926],[107.138219,20.873295],[107.144988,20.873736],[107.150066,20.866074],[107.14669,20.864635],[107.144287,20.870925],[107.137047,20.869487]]],[[[107.045145,20.868723],[107.040809,20.866732],[107.034114,20.879286],[107.027594,20.876603],[107.028561,20.883259],[107.043928,20.874616],[107.045145,20.868723]]],[[[106.977329,20.88951],[106.982665,20.886294],[106.997347,20.894725],[106.992341,20.885357],[106.987209,20.886707],[106.98618,20.878044],[106.993122,20.878107],[106.995329,20.870984],[106.978476,20.872219],[106.983258,20.879154],[106.977329,20.88951]]],[[[107.008733,20.896075],[107.013085,20.883024],[107.010161,20.881051],[107.006952,20.888305],[107.00115,20.880296],[107.000086,20.892114],[107.004575,20.896984],[107.008733,20.896075]]],[[[106.965945,20.88633],[106.952141,20.883585],[106.948084,20.885459],[106.952716,20.886768],[106.953096,20.892607],[106.960939,20.888502],[106.964293,20.897102],[106.965945,20.88633]]],[[[107.022525,20.904371],[107.018151,20.900599],[107.007243,20.906415],[107.016576,20.915911],[107.022525,20.904371]]],[[[106.981426,20.919782],[106.978746,20.914655],[106.958909,20.926754],[106.961007,20.943906],[106.968697,20.939444],[106.983435,20.943145],[106.995336,20.937128],[106.991537,20.918139],[106.983987,20.918736],[106.979997,20.929596],[106.97555,20.925017],[106.981426,20.919782]]],[[[107.108581,20.929715],[107.104907,20.928387],[107.10052,20.935251],[107.098186,20.929724],[107.093691,20.931183],[107.096919,20.939208],[107.092015,20.945511],[107.108581,20.929715]]],[[[107.08261,20.948284],[107.087697,20.943652],[107.078228,20.934926],[107.074239,20.93841],[107.08261,20.948284]]],[[[106.915823,20.954209],[106.908844,20.953522],[106.895373,20.958548],[106.892753,20.964647],[106.913198,20.963797],[106.915823,20.954209]]],[[[107.381334,20.796109],[107.366626,20.807036],[107.347993,20.808783],[107.342085,20.805366],[107.340193,20.832858],[107.332292,20.854469],[107.342314,20.855651],[107.346849,20.829441],[107.356485,20.845078],[107.3628,20.827617],[107.37466,20.825446],[107.38131,20.829482],[107.381334,20.796109]]],[[[107.252358,20.839093],[107.25554,20.841178],[107.260061,20.839278],[107.257444,20.832503],[107.252358,20.839093]]],[[[107.283143,20.844815],[107.294655,20.846381],[107.271761,20.834682],[107.266194,20.839702],[107.269744,20.849581],[107.286009,20.859543],[107.289742,20.857581],[107.283143,20.844815]]],[[[107.251788,20.852798],[107.251059,20.844851],[107.244655,20.844899],[107.242126,20.849161],[107.251788,20.852798]]],[[[107.257234,20.874122],[107.263031,20.87356],[107.273093,20.863105],[107.263244,20.860607],[107.263576,20.869205],[107.260195,20.870859],[107.257373,20.862772],[107.253972,20.868455],[107.257234,20.874122]]],[[[107.278157,20.871391],[107.284654,20.867315],[107.278546,20.864188],[107.278157,20.871391]]],[[[107.297266,20.873967],[107.292686,20.875369],[107.303282,20.876302],[107.3048,20.869561],[107.309217,20.875863],[107.311436,20.873414],[107.305721,20.867488],[107.299894,20.870882],[107.301773,20.861124],[107.297266,20.873967]]],[[[107.238846,20.866422],[107.230679,20.879252],[107.242221,20.866856],[107.238846,20.866422]]],[[[107.232495,20.863852],[107.21984,20.858687],[107.216353,20.864834],[107.209062,20.861703],[107.184983,20.884174],[107.199981,20.889333],[107.209624,20.875964],[107.216216,20.881709],[107.215648,20.869207],[107.220026,20.863523],[107.223587,20.861972],[107.221448,20.867723],[107.226121,20.870185],[107.232495,20.863852]]],[[[107.380622,20.867738],[107.36911,20.859822],[107.358553,20.864173],[107.350381,20.861753],[107.33843,20.88772],[107.335778,20.874042],[107.327853,20.877782],[107.328286,20.895934],[107.345472,20.886047],[107.351189,20.890795],[107.384608,20.891574],[107.385546,20.886591],[107.392336,20.885111],[107.392716,20.87703],[107.37132,20.877519],[107.389688,20.865604],[107.380622,20.867738]]],[[[107.289117,20.90826],[107.304411,20.898234],[107.322308,20.874088],[107.297816,20.893377],[107.289117,20.90826]]],[[[107.352223,20.895477],[107.345555,20.888448],[107.337149,20.900581],[107.352223,20.895477]]],[[[107.305103,20.921019],[107.312172,20.9144],[107.32209,20.884735],[107.314859,20.885693],[107.306664,20.898383],[107.305103,20.921019]]],[[[107.338276,20.915222],[107.309089,20.924686],[107.318157,20.928935],[107.340648,20.923073],[107.347531,20.916815],[107.338276,20.915222]]],[[[107.282368,20.941531],[107.289093,20.940544],[107.28848,20.946257],[107.296369,20.940297],[107.288993,20.936036],[107.282368,20.941531]]],[[[107.336775,20.94499],[107.340689,20.936356],[107.362533,20.947902],[107.373517,20.961418],[107.384066,20.959001],[107.388251,20.962287],[107.36673,20.935843],[107.349871,20.926665],[107.309005,20.9367],[107.312299,20.943506],[107.313722,20.938116],[107.336775,20.94499]]],[[[107.295653,20.956948],[107.29797,20.958739],[107.308571,20.95546],[107.301751,20.950266],[107.295653,20.956948]]],[[[107.212603,20.962328],[107.210548,20.95447],[107.214344,20.950986],[107.203964,20.949985],[107.207964,20.964718],[107.217876,20.966262],[107.216276,20.961235],[107.212603,20.962328]]],[[[107.29915,20.965234],[107.304946,20.972024],[107.312353,20.9595],[107.29915,20.965234]]],[[[107.222419,20.973214],[107.229241,20.975251],[107.233272,20.967433],[107.226679,20.965417],[107.222419,20.973214]]],[[[107.280073,20.991494],[107.285767,20.987416],[107.295579,20.988568],[107.286176,20.98296],[107.280073,20.991494]]],[[[107.373698,21.034936],[107.368919,21.040199],[107.371096,21.052354],[107.375216,21.055354],[107.373698,21.034936]]],[[[107.557487,21.613713],[107.566515,21.613215],[107.573739,21.619016],[107.591541,21.605377],[107.599584,21.604644],[107.618815,21.609665],[107.650976,21.608353],[107.664328,21.614388],[107.674341,21.610412],[107.713067,21.622466],[107.742416,21.641073],[107.777516,21.649442],[107.782702,21.657198],[107.813972,21.658894],[107.838331,21.642971],[107.855944,21.655254],[107.869183,21.648778],[107.877051,21.631274],[107.886095,21.626703],[107.88397,21.621581],[107.88885,21.617255],[107.881212,21.609248],[107.889697,21.607439],[107.888307,21.600276],[107.896506,21.595213],[107.897459,21.589202],[107.922898,21.589977],[107.927218,21.580531],[107.940336,21.571588],[107.953347,21.538806],[107.964259,21.53627],[107.979074,21.544581],[108.003802,21.549585],[108.030633,21.547846],[108.043834,21.540224],[108.046509,21.526207],[108.029853,21.531918],[108.038514,21.517641],[108.018431,21.512787],[108.042964,21.50829],[108.015838,21.493062],[108.01786,21.489373],[108.027438,21.487053],[108.044501,21.495261],[108.06072,21.496039],[108.085835,21.486084],[108.038388,21.484211],[108.019069,21.477891],[107.999315,21.466287],[107.976896,21.439582],[107.96703,21.434205],[107.964023,21.436885],[107.967133,21.448771],[107.986354,21.467364],[107.988664,21.478557],[107.982238,21.481767],[107.977879,21.472158],[107.970311,21.482806],[107.972348,21.489257],[107.962483,21.49354],[107.963894,21.474983],[107.955329,21.47289],[107.955624,21.460909],[107.950495,21.449125],[107.946924,21.45078],[107.944954,21.464475],[107.937506,21.456916],[107.924279,21.471669],[107.929349,21.477646],[107.936233,21.47743],[107.937234,21.486583],[107.946589,21.497499],[107.937187,21.504591],[107.929805,21.500422],[107.922549,21.502555],[107.914947,21.512958],[107.915256,21.525897],[107.901309,21.520217],[107.893796,21.530044],[107.886748,21.528087],[107.889259,21.519565],[107.883357,21.514712],[107.89112,21.513751],[107.884623,21.506722],[107.86654,21.51225],[107.856765,21.529213],[107.838873,21.503838],[107.830049,21.51316],[107.836459,21.521477],[107.834952,21.52606],[107.828693,21.525748],[107.822704,21.516356],[107.81529,21.5213],[107.808851,21.511676],[107.773661,21.523491],[107.75314,21.508067],[107.757568,21.502619],[107.773349,21.507075],[107.794445,21.489108],[107.79717,21.478136],[107.783911,21.471968],[107.779997,21.460688],[107.759901,21.446988],[107.76022,21.436832],[107.751338,21.432559],[107.756302,21.425193],[107.749226,21.415158],[107.75169,21.404804],[107.744271,21.400149],[107.736141,21.404442],[107.727677,21.401928],[107.724634,21.41115],[107.713292,21.410259],[107.708204,21.404036],[107.700837,21.411249],[107.680143,21.403866],[107.675482,21.416839],[107.669175,21.415077],[107.660439,21.397516],[107.670181,21.39041],[107.670796,21.382159],[107.636645,21.380621],[107.638862,21.36346],[107.631253,21.357201],[107.632913,21.347358],[107.625683,21.336578],[107.614881,21.3356],[107.613402,21.325519],[107.596575,21.308079],[107.602733,21.297306],[107.576336,21.305237],[107.566005,21.313636],[107.559737,21.309432],[107.552219,21.312484],[107.534457,21.338123],[107.518693,21.315355],[107.507122,21.309508],[107.507592,21.301188],[107.491236,21.301717],[107.482011,21.308017],[107.470621,21.308328],[107.463932,21.315378],[107.451789,21.316487],[107.438259,21.300901],[107.450303,21.290723],[107.449537,21.282911],[107.426447,21.289337],[107.418994,21.287379],[107.418407,21.269206],[107.403776,21.285416],[107.400915,21.278719],[107.364713,21.262389],[107.36367,21.194091],[107.36739,21.175762],[107.382923,21.176237],[107.383344,21.157978],[107.378992,21.150203],[107.385049,21.143824],[107.386744,21.130397],[107.380921,21.110195],[107.370661,21.100387],[107.364125,21.108888],[107.35714,21.105115],[107.375329,21.086672],[107.353662,21.076761],[107.36226,21.073177],[107.364697,21.066334],[107.36719,21.054951],[107.362052,21.039851],[107.370315,21.027313],[107.366177,21.015006],[107.353944,21.001618],[107.334765,20.99131],[107.314154,20.993636],[107.309087,20.999593],[107.297117,20.997239],[107.302328,20.995282],[107.300569,20.991674],[107.291616,20.992631],[107.290805,20.997582],[107.274485,20.996546],[107.270111,21.001741],[107.262532,20.996885],[107.249265,20.998673],[107.24932,20.993834],[107.240389,20.9921],[107.241791,20.983779],[107.225782,20.980704],[107.200972,20.962986],[107.191449,20.945187],[107.199002,20.93644],[107.149598,20.939787],[107.151661,20.934672],[107.162527,20.935994],[107.156154,20.928737],[107.142873,20.933707],[107.142586,20.943275],[107.119192,20.937928],[107.083805,20.950335],[107.075045,20.945926],[107.053,20.949029],[107.032182,20.941799],[107.005927,20.954357],[106.983647,20.957093],[106.976173,20.950527],[106.956803,20.952045],[106.956465,20.94488],[106.939429,20.935152],[106.925012,20.943918],[106.919802,20.966287],[106.896543,20.97148],[106.88616,20.992459],[106.877177,20.980584],[106.885284,20.969655],[106.877168,20.965156],[106.888044,20.965725],[106.887847,20.954887],[106.913702,20.947544],[106.924076,20.937563],[106.931556,20.921076],[106.945572,20.909733],[106.919219,20.910949],[106.894902,20.904166],[106.895647,20.914882],[106.885098,20.930427],[106.880035,20.930713],[106.878764,20.926712],[106.888933,20.914957],[106.885289,20.906681],[106.879211,20.894015],[106.870956,20.892729],[106.868103,20.874235],[106.850338,20.86875],[106.862639,20.856744],[106.868578,20.833395],[106.854641,20.836291],[106.847556,20.822959],[106.834464,20.813701],[106.821504,20.830349],[106.783071,20.836967],[106.762512,20.850683],[106.757025,20.859821],[106.751344,20.885212],[106.767727,20.910674],[106.768385,20.946197],[106.765678,20.97562],[106.749804,20.99486],[106.696954,21.002019],[106.651465,21.019921],[106.636438,21.013195],[106.622137,21.012901],[106.608078,21.024234],[106.602358,21.037767],[106.574534,21.057695],[106.51384,21.047026],[106.515824,21.060691],[106.499395,21.058238],[106.477659,21.070445],[106.453786,21.066393],[106.438821,21.079504],[106.448906,21.095288],[106.43726,21.107768],[106.44052,21.118305],[106.467644,21.118894],[106.48264,21.131048],[106.477969,21.148059],[106.487038,21.16839],[106.485072,21.175673],[106.49435,21.18606],[106.492699,21.199315],[106.498454,21.203423],[106.499546,21.226439],[106.526588,21.222956],[106.541687,21.193018],[106.579345,21.192336],[106.586736,21.18763],[106.587722,21.179734],[106.602915,21.18026],[106.609148,21.172266],[106.642883,21.176913],[106.792438,21.150587],[106.816261,21.157168],[106.828263,21.155366],[106.823934,21.167935],[106.824914,21.189719],[106.854568,21.189252],[106.858684,21.178095],[106.869656,21.175321],[106.88139,21.184511],[106.891892,21.180881],[106.913118,21.185015],[106.928846,21.171861],[106.935792,21.171136],[106.953808,21.192794],[106.955304,21.207687],[106.974917,21.228105],[106.983129,21.259049],[106.973825,21.27242],[106.972944,21.286625],[107.018226,21.301486],[107.030336,21.313823],[107.029895,21.324301],[107.048834,21.331392],[107.058229,21.346761],[107.076609,21.347873],[107.093307,21.359899],[107.097012,21.376483],[107.167887,21.3644],[107.215046,21.389589],[107.238467,21.366245],[107.252141,21.369742],[107.262651,21.400564],[107.242485,21.436578],[107.237674,21.462446],[107.244091,21.48317],[107.235367,21.496906],[107.231013,21.521095],[107.221302,21.520567],[107.203916,21.544392],[107.219266,21.554581],[107.244157,21.549768],[107.247103,21.558628],[107.256574,21.564174],[107.278957,21.566378],[107.29338,21.594252],[107.306577,21.596877],[107.310462,21.592164],[107.321744,21.594814],[107.334235,21.589204],[107.360577,21.601699],[107.380715,21.597087],[107.395725,21.611378],[107.393812,21.618056],[107.413778,21.633032],[107.416738,21.642007],[107.460241,21.66466],[107.479054,21.659643],[107.483038,21.629642],[107.49532,21.614375],[107.485785,21.600696],[107.522941,21.59125],[107.535707,21.595235],[107.540282,21.591154],[107.557487,21.613713]]],[[[107.453271,20.726437],[107.470727,20.741896],[107.46846,20.731357],[107.456581,20.719103],[107.444639,20.718676],[107.453271,20.726437]]],[[[107.397331,20.753589],[107.38515,20.746233],[107.390417,20.758165],[107.396891,20.757956],[107.397331,20.753589]]],[[[107.48142,20.759122],[107.471621,20.761772],[107.477555,20.771302],[107.491699,20.777966],[107.48142,20.759122]]],[[[107.398699,20.780613],[107.397939,20.800812],[107.403984,20.809507],[107.417282,20.802929],[107.418915,20.79777],[107.413136,20.7739],[107.398699,20.780613]]],[[[107.489946,20.870019],[107.487476,20.877509],[107.473968,20.886162],[107.496444,20.880245],[107.508288,20.886307],[107.51116,20.893861],[107.509598,20.900836],[107.500807,20.895017],[107.478019,20.895994],[107.477402,20.900231],[107.530706,20.91794],[107.536319,20.938713],[107.549212,20.956724],[107.555681,20.933335],[107.520611,20.902681],[107.514409,20.88292],[107.494318,20.866945],[107.477912,20.819737],[107.468471,20.815716],[107.481539,20.859605],[107.489946,20.870019]]],[[[107.41382,20.89294],[107.441018,20.90641],[107.441809,20.900277],[107.449954,20.898906],[107.429334,20.885403],[107.41382,20.89294]]],[[[107.446408,20.969246],[107.45228,20.969018],[107.446121,20.946889],[107.42018,20.923177],[107.370551,20.904634],[107.353309,20.901587],[107.344632,20.905649],[107.403227,20.920842],[107.411127,20.926595],[107.419118,20.949337],[107.446408,20.969246]]],[[[107.385845,20.942239],[107.378116,20.939993],[107.390825,20.955536],[107.393862,20.93779],[107.385845,20.942239]]],[[[107.394004,20.892925],[107.393136,20.902302],[107.428477,20.918145],[107.480065,20.955621],[107.490176,20.980601],[107.485511,20.980024],[107.467029,20.951194],[107.448478,20.934823],[107.441491,20.933715],[107.455303,20.947995],[107.466975,20.971191],[107.464837,20.980396],[107.475915,20.986248],[107.484185,20.984236],[107.507492,21.018264],[107.504968,21.004254],[107.50846,21.003152],[107.514576,21.019876],[107.531586,21.040434],[107.535026,21.040741],[107.534111,21.009221],[107.54798,21.030963],[107.548588,21.045765],[107.556366,21.045266],[107.558279,21.03807],[107.549704,21.028969],[107.540735,21.003747],[107.547165,20.992498],[107.513945,20.922641],[107.449125,20.906956],[107.458554,20.912669],[107.453266,20.917676],[107.394004,20.892925]]],[[[107.450298,21.024134],[107.449143,21.018847],[107.443377,21.020985],[107.439659,21.008281],[107.431853,21.013314],[107.441576,21.022874],[107.441209,21.02847],[107.450298,21.024134]]],[[[107.545037,21.044588],[107.545166,21.034218],[107.536893,21.020486],[107.539873,21.043184],[107.545037,21.044588]]],[[[107.535115,21.06377],[107.525914,21.050171],[107.505076,21.044328],[107.496625,21.034927],[107.491714,21.041807],[107.524239,21.067755],[107.521305,21.074905],[107.530178,21.072803],[107.535115,21.06377]]],[[[107.553605,21.05621],[107.547298,21.060273],[107.555357,21.070736],[107.555525,21.051496],[107.546728,21.054464],[107.553605,21.05621]]],[[[107.495347,21.072131],[107.511408,21.075979],[107.513682,21.070463],[107.49918,21.068491],[107.495347,21.072131]]],[[[107.489745,21.084728],[107.48341,21.084523],[107.488536,21.09045],[107.493885,21.09061],[107.489745,21.084728]]],[[[107.549987,21.117868],[107.56114,21.112655],[107.577598,21.120887],[107.579052,21.112488],[107.570117,21.08874],[107.555527,21.075057],[107.537962,21.067819],[107.523144,21.080602],[107.524667,21.091243],[107.531571,21.091255],[107.542248,21.101186],[107.549987,21.117868]]],[[[107.579213,21.139251],[107.575527,21.128587],[107.561228,21.120003],[107.55452,21.123683],[107.559054,21.134869],[107.565808,21.138947],[107.5693,21.134744],[107.579213,21.139251]]],[[[107.392459,21.145011],[107.393096,21.16875],[107.401747,21.171351],[107.404158,21.166108],[107.39967,21.159483],[107.404718,21.137718],[107.39666,21.133819],[107.392459,21.145011]]],[[[107.450877,21.079072],[107.442776,21.080565],[107.440371,21.07145],[107.425771,21.069748],[107.427205,21.060052],[107.417452,21.058996],[107.393279,21.039449],[107.379552,21.040419],[107.379626,21.058632],[107.36605,21.076029],[107.383323,21.086509],[107.3805,21.09343],[107.396834,21.103258],[107.421998,21.143108],[107.437772,21.149977],[107.431529,21.160674],[107.423606,21.157419],[107.419375,21.169736],[107.431075,21.174943],[107.445197,21.164777],[107.448523,21.175185],[107.442213,21.185483],[107.474575,21.183177],[107.471757,21.195209],[107.454735,21.207031],[107.462263,21.211165],[107.449329,21.235881],[107.454411,21.274547],[107.473205,21.271073],[107.524789,21.224175],[107.536319,21.20114],[107.547815,21.198602],[107.579599,21.207006],[107.594791,21.219243],[107.608922,21.218738],[107.591302,21.19011],[107.556858,21.157131],[107.486434,21.11007],[107.450877,21.079072]]],[[[107.43411,21.179135],[107.423368,21.180329],[107.420161,21.187518],[107.427052,21.18835],[107.424525,21.195016],[107.432041,21.192006],[107.43411,21.179135]]],[[[107.383151,21.238972],[107.393968,21.230278],[107.396388,21.238127],[107.407346,21.242093],[107.40865,21.232159],[107.398161,21.229621],[107.388247,21.215057],[107.389079,21.195479],[107.378157,21.200722],[107.376552,21.19114],[107.36973,21.193052],[107.369973,21.209868],[107.383151,21.238972]]],[[[107.568296,21.277798],[107.583157,21.267681],[107.586182,21.262857],[107.56303,21.26216],[107.555106,21.254875],[107.556183,21.264127],[107.545459,21.265867],[107.543678,21.25715],[107.538073,21.266121],[107.568296,21.277798]]],[[[107.540736,21.277839],[107.548492,21.28422],[107.556965,21.281893],[107.544841,21.276439],[107.540736,21.277839]]],[[[107.7611,20.985729],[107.774681,20.984314],[107.778063,20.971241],[107.736484,20.943369],[107.761017,20.970861],[107.749591,20.985736],[107.733812,20.992141],[107.735308,21.000955],[107.730255,21.006351],[107.744623,21.023497],[107.784339,20.990844],[107.780111,20.982255],[107.779096,20.989258],[107.766342,20.997587],[107.760105,20.990403],[107.7611,20.985729]]],[[[107.819371,20.984186],[107.802915,20.977949],[107.807035,20.987495],[107.802864,20.995685],[107.808534,20.999652],[107.805329,21.005079],[107.813103,21.00931],[107.817886,21.023562],[107.822853,21.030645],[107.829545,21.031429],[107.833581,21.043006],[107.84528,21.039466],[107.854433,21.045821],[107.859304,21.041082],[107.861798,21.0285],[107.845498,21.020773],[107.832017,21.007383],[107.83398,21.000245],[107.819628,20.994452],[107.819371,20.984186]]],[[[107.763686,21.045389],[107.770641,21.045047],[107.776814,21.05194],[107.779871,21.038991],[107.760173,21.033694],[107.763686,21.045389]]],[[[107.586461,21.072452],[107.629253,21.126431],[107.598245,21.05106],[107.595089,21.031099],[107.58641,21.023549],[107.574815,20.979739],[107.560974,20.971531],[107.563301,20.982676],[107.572395,20.989705],[107.563712,20.999583],[107.574182,21.0262],[107.584511,21.03384],[107.586461,21.072452]]],[[[107.774557,21.075861],[107.77163,21.06728],[107.767942,21.070774],[107.771251,21.076005],[107.774557,21.075861]]],[[[107.581611,21.085044],[107.571612,21.077134],[107.581754,21.10063],[107.58637,21.10259],[107.581611,21.085044]]],[[[107.800813,21.104475],[107.81764,21.116759],[107.819147,21.110285],[107.800813,21.104475]]],[[[107.867692,21.139752],[107.865328,21.14071],[107.862595,21.147921],[107.86941,21.14643],[107.867692,21.139752]]],[[[107.865526,21.166845],[107.865869,21.162483],[107.849746,21.153412],[107.865526,21.166845]]],[[[107.667685,21.206919],[107.679889,21.216221],[107.662382,21.163349],[107.663999,21.146961],[107.65463,21.139166],[107.656538,21.167622],[107.667685,21.206919]]],[[[108.019462,21.192425],[108.016131,21.190156],[108.00896,21.192505],[108.014663,21.196881],[108.019462,21.192425]]],[[[107.574211,21.213148],[107.585293,21.216801],[107.577738,21.210825],[107.57059,21.209978],[107.574211,21.213148]]],[[[107.684597,21.221038],[107.679582,21.220945],[107.69021,21.233847],[107.69402,21.234875],[107.684597,21.221038]]],[[[107.579107,21.227231],[107.598204,21.233865],[107.577844,21.224204],[107.579107,21.227231]]],[[[107.632422,21.234285],[107.626826,21.234802],[107.636449,21.242965],[107.638182,21.242986],[107.632422,21.234285]]],[[[107.957564,21.231343],[107.945807,21.238952],[107.969654,21.249938],[107.97763,21.234871],[107.957564,21.231343]]],[[[107.586918,21.238524],[107.618161,21.256101],[107.640677,21.261244],[107.619816,21.248814],[107.631371,21.250975],[107.61483,21.240626],[107.61284,21.234733],[107.603586,21.238793],[107.609338,21.244199],[107.586918,21.238524]]],[[[107.65518,21.268546],[107.638373,21.26924],[107.672013,21.29188],[107.699186,21.301329],[107.697245,21.29463],[107.684528,21.290487],[107.65518,21.268546]]],[[[107.75245,21.283843],[107.749605,21.285024],[107.751302,21.290609],[107.76486,21.296717],[107.793084,21.296609],[107.775584,21.29439],[107.75245,21.283843]]],[[[107.710323,21.30517],[107.794719,21.352418],[107.817404,21.357389],[107.817725,21.352893],[107.794823,21.333691],[107.768892,21.323945],[107.74499,21.308],[107.731615,21.304034],[107.727831,21.31191],[107.710323,21.30517]]],[[[107.744507,21.362728],[107.74312,21.370418],[107.756543,21.372276],[107.760023,21.366128],[107.744507,21.362728]]],[[[107.881623,21.358977],[107.844297,21.340507],[107.84081,21.346811],[107.847519,21.35821],[107.851428,21.355994],[107.846361,21.348844],[107.878373,21.368192],[107.886908,21.367866],[107.887365,21.37209],[107.878375,21.375165],[107.859277,21.369593],[107.846187,21.371727],[107.836311,21.365386],[107.831833,21.36785],[107.859596,21.37944],[107.909981,21.383887],[107.961314,21.397317],[108.002032,21.396354],[107.997117,21.390388],[107.989039,21.391249],[107.96424,21.378614],[107.945121,21.357688],[107.922948,21.363337],[107.908001,21.358462],[107.881623,21.358977]]]]}},{"type":"Feature","properties":{"code":"44","name":"Tỉnh Quảng Trị","type":"Tỉnh","merged_from":"tỉnh Quảng Bình và tỉnh Quảng Trị","zone":"trung","lat":17.24048,"lng":106.52705},"geometry":{"type":"MultiPolygon","coordinates":[[[[107.3314,17.156566],[107.333375,17.16686],[107.340049,17.166968],[107.345155,17.160747],[107.341218,17.151183],[107.3314,17.156566]]],[[[107.108599,17.088451],[107.112735,17.080225],[107.107601,17.035936],[107.109908,17.015289],[107.144279,16.95829],[107.231727,16.866822],[107.305278,16.803538],[107.385952,16.743931],[107.367961,16.734873],[107.350026,16.709122],[107.355538,16.698773],[107.343067,16.692601],[107.332594,16.676841],[107.322154,16.671222],[107.328673,16.666886],[107.316634,16.663168],[107.326544,16.651621],[107.326704,16.643334],[107.319531,16.653907],[107.304697,16.641515],[107.309809,16.636501],[107.313479,16.641629],[107.308576,16.62623],[107.319277,16.620566],[107.3265,16.609292],[107.323053,16.605989],[107.33257,16.599998],[107.322736,16.598459],[107.323412,16.586692],[107.310907,16.580326],[107.300946,16.587366],[107.269053,16.566564],[107.251852,16.576493],[107.24415,16.587648],[107.2132,16.579289],[107.200762,16.584082],[107.169999,16.579457],[107.136074,16.571274],[107.12432,16.56408],[107.119248,16.554542],[107.059836,16.544633],[107.053663,16.525244],[107.063968,16.512756],[107.092629,16.502274],[107.096477,16.494382],[107.103906,16.495609],[107.123801,16.481277],[107.133639,16.458741],[107.129391,16.449125],[107.146666,16.436714],[107.139278,16.407334],[107.151027,16.390468],[107.144925,16.387167],[107.137796,16.390602],[107.126406,16.383673],[107.110114,16.386732],[107.093302,16.405105],[107.093142,16.399164],[107.084395,16.403699],[107.076779,16.401672],[107.059744,16.411946],[107.054375,16.401191],[107.057981,16.386251],[107.043441,16.380961],[107.03254,16.359603],[107.039415,16.350413],[107.059721,16.349026],[107.061634,16.333169],[107.080556,16.316806],[107.069522,16.304778],[107.048685,16.305601],[107.044721,16.300464],[107.026294,16.312227],[107.018734,16.303816],[107.013286,16.304142],[107.013826,16.309126],[107.005527,16.314385],[106.969377,16.302935],[106.965381,16.305623],[106.965656,16.348319],[106.961787,16.358167],[106.921433,16.3712],[106.895895,16.39285],[106.890681,16.41231],[106.898357,16.427446],[106.885256,16.422347],[106.869963,16.429744],[106.869855,16.436528],[106.885213,16.454567],[106.882654,16.468629],[106.874468,16.471423],[106.88866,16.512612],[106.873149,16.533442],[106.842513,16.548411],[106.828698,16.549537],[106.827262,16.537716],[106.820787,16.530505],[106.826659,16.522326],[106.800199,16.464589],[106.790061,16.474517],[106.76912,16.468752],[106.773633,16.45987],[106.770126,16.433103],[106.759543,16.425658],[106.74391,16.424931],[106.744059,16.417671],[106.738055,16.411758],[106.73232,16.426303],[106.733034,16.440335],[106.722636,16.436453],[106.728378,16.429511],[106.724214,16.426243],[106.71373,16.434075],[106.685916,16.439897],[106.68504,16.445422],[106.691261,16.45009],[106.682869,16.458617],[106.67378,16.453503],[106.672173,16.476464],[106.658742,16.474434],[106.658719,16.495031],[106.663458,16.504225],[106.651083,16.512255],[106.645474,16.526168],[106.650038,16.545874],[106.670534,16.561303],[106.660361,16.574188],[106.665385,16.58495],[106.654637,16.582503],[106.643765,16.594915],[106.629972,16.592132],[106.626547,16.583108],[106.622578,16.588983],[106.624721,16.601959],[106.613635,16.607138],[106.583178,16.602982],[106.580134,16.611155],[106.589015,16.617913],[106.588202,16.624344],[106.563262,16.642622],[106.564874,16.662377],[106.55019,16.695332],[106.549182,16.867701],[106.516712,16.890695],[106.518584,16.902977],[106.514303,16.910959],[106.522434,16.926579],[106.545694,16.926787],[106.548113,17.00888],[106.544035,17.009931],[106.541707,16.996485],[106.534395,16.992665],[106.528962,16.979496],[106.512951,16.97243],[106.496901,16.98081],[106.468965,16.985285],[106.461564,16.990979],[106.45864,17.001791],[106.436286,16.99698],[106.425627,17.007084],[106.421604,17.031288],[106.400456,17.053222],[106.415498,17.079229],[106.389078,17.104675],[106.37144,17.112009],[106.369222,17.123652],[106.354746,17.135674],[106.353898,17.143906],[106.347836,17.148299],[106.354423,17.159734],[106.33834,17.168068],[106.325015,17.182765],[106.321193,17.201454],[106.300913,17.210093],[106.31326,17.22057],[106.323415,17.217026],[106.332872,17.234102],[106.306745,17.240796],[106.316347,17.249196],[106.30491,17.259712],[106.301258,17.295653],[106.27574,17.296801],[106.27322,17.287072],[106.279273,17.277592],[106.27533,17.264671],[106.252177,17.25412],[106.246183,17.246474],[106.195713,17.275308],[106.176211,17.294547],[106.143571,17.31293],[106.142059,17.325251],[106.132697,17.33607],[106.090138,17.361578],[105.856491,17.624746],[105.851544,17.620999],[105.851975,17.635952],[105.842938,17.632422],[105.838819,17.636103],[105.83421,17.630974],[105.827401,17.655271],[105.814922,17.645279],[105.803032,17.661308],[105.797062,17.658991],[105.779765,17.67728],[105.766849,17.675456],[105.760804,17.668057],[105.74891,17.669321],[105.74208,17.71619],[105.739744,17.722062],[105.726854,17.725253],[105.728128,17.745708],[105.699334,17.762706],[105.684731,17.787307],[105.673557,17.796205],[105.682335,17.819909],[105.681329,17.835363],[105.675573,17.836227],[105.672964,17.845004],[105.662695,17.853352],[105.637441,17.859281],[105.624963,17.877251],[105.613256,17.881245],[105.607056,17.891525],[105.626996,17.953289],[105.640526,17.963766],[105.641762,17.993556],[105.70459,17.9939],[105.719887,18.008106],[105.719881,18.02428],[105.736576,18.03752],[105.748517,18.034997],[105.77518,18.018106],[105.78601,18.025697],[105.808386,18.027266],[105.805926,18.032928],[105.814695,18.038503],[105.827164,18.032953],[105.832689,18.040001],[105.831206,18.046263],[105.81115,18.053969],[105.82558,18.064494],[105.869764,18.067884],[105.893913,18.090919],[105.908664,18.088619],[105.916629,18.081442],[105.929883,18.090079],[105.945983,18.070198],[105.948598,18.059424],[105.966005,18.056669],[105.973948,18.063983],[105.985414,18.063613],[106.019289,18.026126],[106.044539,18.026728],[106.075678,17.989638],[106.046006,17.966036],[106.044007,17.947061],[106.140196,17.920618],[106.172803,17.916578],[106.187771,17.923659],[106.197569,17.917438],[106.207649,17.926677],[106.222827,17.930086],[106.242359,17.927929],[106.259976,17.914372],[106.270273,17.920869],[106.279182,17.918542],[106.283236,17.925108],[106.278945,17.933981],[106.282563,17.940549],[106.305938,17.963468],[106.321918,17.964018],[106.336961,17.992279],[106.433665,17.973062],[106.442131,17.969438],[106.442558,17.953186],[106.446866,17.951332],[106.508303,17.960933],[106.502497,17.959188],[106.502666,17.952792],[106.507409,17.943394],[106.513634,17.942466],[106.499996,17.925102],[106.480849,17.921979],[106.459596,17.884475],[106.449452,17.8782],[106.442485,17.832943],[106.459496,17.766385],[106.523721,17.638433],[106.544574,17.620346],[106.572217,17.56865],[106.62377,17.496624],[106.625984,17.48615],[106.703114,17.395227],[106.754749,17.343222],[106.827769,17.284238],[106.993466,17.1625],[107.108599,17.088451]]]]}},{"type":"Feature","properties":{"code":"14","name":"Tỉnh Sơn La","type":"Tỉnh","merged_from":"giữ nguyên","zone":"bac","lat":21.19476,"lng":104.06933},"geometry":{"type":"Polygon","coordinates":[[[103.628287,21.993038],[103.648945,21.994162],[103.664657,21.951188],[103.685133,21.943733],[103.687136,21.933866],[103.681112,21.92334],[103.70258,21.904341],[103.703765,21.886132],[103.720395,21.879833],[103.703625,21.845171],[103.694123,21.838905],[103.694869,21.826884],[103.7097,21.821524],[103.721275,21.809588],[103.754653,21.810319],[103.753225,21.783993],[103.774156,21.779625],[103.802757,21.741135],[103.822408,21.736632],[103.833191,21.741948],[103.835484,21.71029],[103.851541,21.69266],[103.876282,21.687471],[103.880689,21.710363],[103.90588,21.69648],[103.921506,21.701227],[103.931481,21.695337],[103.935866,21.670478],[103.957505,21.670854],[103.967473,21.665557],[103.982151,21.67827],[104.002556,21.673274],[104.006648,21.666637],[104.027387,21.672469],[104.088298,21.643282],[104.143719,21.656199],[104.194171,21.64883],[104.215806,21.673347],[104.250186,21.672553],[104.255187,21.665549],[104.288948,21.660815],[104.29713,21.653704],[104.335701,21.653863],[104.336774,21.642077],[104.313977,21.617452],[104.28707,21.602453],[104.294973,21.57331],[104.274853,21.55143],[104.291805,21.518396],[104.280968,21.471905],[104.300634,21.454005],[104.298675,21.438158],[104.315238,21.430128],[104.327532,21.409932],[104.338461,21.410095],[104.342367,21.417613],[104.348083,21.41835],[104.362134,21.402207],[104.388823,21.40183],[104.398142,21.391622],[104.409468,21.387613],[104.417645,21.376447],[104.421905,21.359193],[104.467409,21.353389],[104.477562,21.356517],[104.502009,21.378148],[104.522364,21.409529],[104.531496,21.415509],[104.577392,21.410748],[104.582699,21.42148],[104.590957,21.422811],[104.638582,21.387191],[104.672153,21.376542],[104.683709,21.380018],[104.68989,21.401586],[104.703861,21.405779],[104.716706,21.401157],[104.728896,21.406655],[104.733478,21.40309],[104.732234,21.388201],[104.746775,21.356543],[104.76483,21.347875],[104.769049,21.330731],[104.77896,21.3286],[104.789875,21.335284],[104.80144,21.331844],[104.812105,21.33531],[104.818101,21.322558],[104.839535,21.311102],[104.839729,21.266696],[104.84702,21.259051],[104.853742,21.236785],[104.84283,21.226665],[104.853612,21.221345],[104.862508,21.207279],[104.849864,21.18363],[104.857152,21.174072],[104.851787,21.152479],[104.893432,21.130648],[104.910615,21.112895],[104.877275,21.100938],[104.865942,21.077173],[104.854786,21.079596],[104.850766,21.073435],[104.864799,21.033048],[104.878275,21.024423],[104.888554,21.009766],[104.899058,20.981973],[104.922198,20.962385],[104.940541,20.932704],[104.972521,20.90929],[104.97747,20.892729],[104.996157,20.870632],[104.995685,20.847229],[105.00441,20.841724],[104.99594,20.815483],[105.021812,20.802684],[104.999287,20.774749],[104.988027,20.750306],[104.994492,20.752046],[105.007923,20.745393],[105.014732,20.729543],[105.0,20.723907],[104.981751,20.72492],[104.936341,20.747201],[104.91608,20.744204],[104.885063,20.760963],[104.865421,20.763492],[104.857705,20.754688],[104.842797,20.754166],[104.835544,20.747325],[104.835789,20.735328],[104.84367,20.731409],[104.837352,20.718025],[104.847868,20.70391],[104.833568,20.69836],[104.838962,20.684842],[104.834956,20.660594],[104.844535,20.65184],[104.818377,20.639405],[104.797051,20.620255],[104.797467,20.586594],[104.77437,20.578006],[104.763248,20.582507],[104.739625,20.574944],[104.71376,20.605512],[104.681639,20.598838],[104.681253,20.615713],[104.659981,20.626261],[104.634389,20.654449],[104.633076,20.673752],[104.590025,20.678091],[104.583019,20.684269],[104.582714,20.701595],[104.557162,20.720793],[104.532391,20.717727],[104.519585,20.702979],[104.508046,20.710593],[104.506378,20.717558],[104.493014,20.716938],[104.478229,20.770808],[104.466062,20.779289],[104.449076,20.783203],[104.445825,20.800132],[104.422906,20.794345],[104.383779,20.828764],[104.377493,20.830967],[104.373618,20.822533],[104.335388,20.859363],[104.325719,20.85826],[104.330696,20.872992],[104.328167,20.886339],[104.306045,20.906964],[104.294398,20.909916],[104.288153,20.924409],[104.279177,20.928243],[104.266751,20.921705],[104.251361,20.900732],[104.237714,20.912286],[104.240084,20.932235],[104.236354,20.936864],[104.192638,20.94789],[104.186614,20.957541],[104.152845,20.956215],[104.13476,20.948805],[104.127333,20.951634],[104.117941,20.972878],[104.102259,20.977636],[104.087095,20.96478],[104.052365,20.952395],[104.054898,20.942537],[104.047546,20.932818],[104.045793,20.917129],[104.03084,20.905044],[103.993568,20.906377],[103.972722,20.913995],[103.954101,20.897429],[103.946283,20.8968],[103.930376,20.904638],[103.912066,20.902974],[103.894123,20.90731],[103.846492,20.863251],[103.830156,20.873205],[103.81986,20.873715],[103.798238,20.849176],[103.801226,20.835648],[103.79801,20.826141],[103.773687,20.806032],[103.784999,20.780756],[103.787728,20.748064],[103.767455,20.737467],[103.72923,20.734673],[103.732389,20.701017],[103.743252,20.679999],[103.730795,20.670229],[103.693236,20.663755],[103.675118,20.667294],[103.668078,20.696854],[103.662699,20.700684],[103.64667,20.699978],[103.636216,20.719638],[103.610815,20.731822],[103.598147,20.745461],[103.5796,20.74976],[103.55187,20.746432],[103.535188,20.755269],[103.519328,20.751768],[103.5086,20.755352],[103.497305,20.774608],[103.480925,20.787819],[103.477807,20.811597],[103.460359,20.828085],[103.441336,20.817269],[103.43619,20.797674],[103.412128,20.79726],[103.397306,20.783909],[103.382394,20.78866],[103.362856,20.807635],[103.345807,20.805342],[103.323042,20.817894],[103.295834,20.822657],[103.285569,20.839005],[103.257119,20.826138],[103.227305,20.842476],[103.224286,20.854249],[103.231884,20.873099],[103.213692,20.897147],[103.24589,20.894821],[103.26598,20.903363],[103.277879,20.899667],[103.287165,20.909704],[103.276656,20.922556],[103.273805,20.938297],[103.284377,20.948147],[103.295065,20.947953],[103.296077,20.971769],[103.289925,20.994133],[103.281027,21.001165],[103.286747,21.024323],[103.275246,21.057753],[103.283008,21.063804],[103.298857,21.060625],[103.301634,21.065218],[103.287389,21.080269],[103.286,21.097049],[103.321434,21.094542],[103.378815,21.06185],[103.413014,21.065444],[103.422245,21.070572],[103.403961,21.111692],[103.403878,21.132949],[103.395701,21.150996],[103.40876,21.165155],[103.42419,21.161212],[103.431212,21.169862],[103.434394,21.239935],[103.428582,21.253781],[103.437529,21.273215],[103.438123,21.285757],[103.426337,21.314673],[103.3968,21.317937],[103.367412,21.334006],[103.386219,21.368527],[103.359841,21.374404],[103.353689,21.391513],[103.339176,21.401998],[103.329257,21.41757],[103.340178,21.429125],[103.374356,21.429051],[103.378503,21.435496],[103.391627,21.438658],[103.408023,21.427527],[103.445617,21.437244],[103.454142,21.462239],[103.44672,21.489969],[103.450792,21.503906],[103.459711,21.513664],[103.457618,21.518959],[103.483336,21.522874],[103.498789,21.534461],[103.515363,21.536244],[103.517243,21.566104],[103.530187,21.567309],[103.529557,21.586518],[103.557427,21.624509],[103.540866,21.649302],[103.5555,21.657197],[103.56896,21.680752],[103.58042,21.685893],[103.591141,21.677126],[103.594768,21.678793],[103.570731,21.737456],[103.555016,21.764029],[103.539418,21.778336],[103.544138,21.801816],[103.537003,21.815243],[103.538188,21.82779],[103.526296,21.835452],[103.520771,21.86211],[103.506058,21.874105],[103.491727,21.877381],[103.483223,21.895154],[103.485449,21.905394],[103.477468,21.914995],[103.484066,21.939584],[103.504521,21.957101],[103.49487,21.971985],[103.498392,21.981092],[103.511228,21.991748],[103.511658,22.015268],[103.524059,22.025756],[103.539669,22.030824],[103.603155,22.011664],[103.628287,21.993038]]]}},{"type":"Feature","properties":{"code":"38","name":"Tỉnh Thanh Hóa","type":"Tỉnh","merged_from":"giữ nguyên","zone":"trung","lat":20.04594,"lng":105.31813},"geometry":{"type":"MultiPolygon","coordinates":[[[[105.889515,19.337227],[105.888197,19.337817],[105.888689,19.338436],[105.889515,19.337227]]],[[[105.906509,19.340069],[105.905135,19.34031],[105.905614,19.340894],[105.906509,19.340069]]],[[[105.901023,19.34704],[105.903578,19.34299],[105.898509,19.343454],[105.896594,19.349499],[105.901023,19.34704]]],[[[105.927707,19.352903],[105.928865,19.357316],[105.933528,19.355915],[105.93225,19.351871],[105.933307,19.347322],[105.927707,19.352903]]],[[[105.876617,19.353804],[105.87527,19.35423],[105.875912,19.35546],[105.876617,19.353804]]],[[[105.872204,19.357807],[105.869731,19.358607],[105.871865,19.359391],[105.872204,19.357807]]],[[[105.928611,19.359333],[105.927371,19.359301],[105.928262,19.360098],[105.928611,19.359333]]],[[[105.918057,19.379683],[105.928211,19.384946],[105.936089,19.378068],[105.926061,19.359905],[105.911785,19.370404],[105.912881,19.384195],[105.918057,19.379683]]],[[[104.960885,20.595728],[104.958282,20.580472],[104.982538,20.572563],[105.001825,20.574127],[105.020022,20.559792],[105.045767,20.559581],[105.058497,20.573148],[105.078127,20.578002],[105.08934,20.57192],[105.103361,20.572317],[105.127076,20.55873],[105.137633,20.546163],[105.153588,20.542706],[105.167794,20.517778],[105.204881,20.518954],[105.242879,20.490343],[105.238452,20.481326],[105.24078,20.475957],[105.260486,20.464954],[105.262811,20.459097],[105.263052,20.448122],[105.256544,20.435206],[105.275738,20.432006],[105.282728,20.423459],[105.303731,20.417571],[105.340781,20.395553],[105.39365,20.376662],[105.408952,20.376627],[105.427656,20.387557],[105.476643,20.375724],[105.500977,20.36151],[105.516536,20.361221],[105.528501,20.371672],[105.535756,20.369943],[105.548342,20.344394],[105.547692,20.332931],[105.56189,20.326581],[105.562264,20.31779],[105.598197,20.31232],[105.614546,20.286086],[105.647402,20.275267],[105.667432,20.257995],[105.680339,20.237882],[105.689254,20.233644],[105.691438,20.222553],[105.713154,20.210825],[105.741631,20.186091],[105.82698,20.152813],[105.831823,20.144738],[105.847925,20.14098],[105.869575,20.124541],[105.892514,20.120746],[105.903683,20.109186],[105.920259,20.103809],[105.928,20.091346],[105.960333,20.067478],[106.003067,20.068391],[106.018397,20.060251],[106.060509,20.06632],[106.071156,20.06385],[106.072302,20.052801],[106.051922,20.006705],[106.031589,20.000646],[106.025302,19.993389],[106.023339,19.965762],[105.966566,19.936058],[105.952365,19.921471],[105.947015,19.892266],[105.963977,19.891034],[105.946096,19.869099],[105.932906,19.836799],[105.92959,19.811517],[105.9365,19.796338],[105.928579,19.790223],[105.932509,19.782006],[105.907536,19.749884],[105.895584,19.72294],[105.886593,19.723355],[105.877169,19.731821],[105.863071,19.719691],[105.838089,19.672976],[105.817476,19.585243],[105.810416,19.580773],[105.812829,19.570672],[105.80379,19.487581],[105.810995,19.429359],[105.802821,19.431474],[105.795702,19.427628],[105.790419,19.405571],[105.782206,19.39991],[105.790156,19.360873],[105.800754,19.33881],[105.811351,19.331412],[105.813922,19.338371],[105.820942,19.33804],[105.820868,19.343294],[105.824109,19.339554],[105.821435,19.325744],[105.825917,19.305879],[105.820375,19.304075],[105.808212,19.322049],[105.80974,19.315276],[105.801114,19.314893],[105.812316,19.309506],[105.803323,19.288795],[105.798202,19.302535],[105.769804,19.293045],[105.761649,19.295456],[105.75344,19.30735],[105.745999,19.304973],[105.739543,19.32225],[105.711179,19.305091],[105.687294,19.302252],[105.672946,19.320785],[105.662453,19.315317],[105.66602,19.341132],[105.655344,19.343244],[105.651557,19.353456],[105.641238,19.354069],[105.636498,19.367981],[105.631064,19.367216],[105.624858,19.381389],[105.617221,19.382541],[105.607654,19.369498],[105.588407,19.371474],[105.580001,19.3821],[105.580823,19.391044],[105.566242,19.403664],[105.541803,19.43578],[105.533047,19.456763],[105.522941,19.464603],[105.498965,19.462801],[105.481639,19.450404],[105.463525,19.457093],[105.452764,19.445759],[105.443326,19.442991],[105.427012,19.457375],[105.408672,19.458746],[105.402158,19.451182],[105.39393,19.450916],[105.387216,19.460257],[105.390009,19.467021],[105.365018,19.500137],[105.367857,19.519048],[105.350346,19.539322],[105.332425,19.534354],[105.323,19.510603],[105.312307,19.505237],[105.306699,19.490469],[105.296003,19.486569],[105.291541,19.475845],[105.287889,19.490915],[105.275208,19.494114],[105.278003,19.504682],[105.269227,19.509394],[105.270143,19.55561],[105.279957,19.571447],[105.271313,19.589121],[105.279531,19.598354],[105.255205,19.645338],[105.243227,19.658352],[105.233865,19.647232],[105.222446,19.65044],[105.19377,19.672792],[105.165335,19.684669],[105.162104,19.699474],[105.151717,19.709741],[105.160252,19.723439],[105.153446,19.724389],[105.13392,19.741367],[105.126928,19.804483],[105.128645,19.825192],[105.144156,19.840906],[105.147531,19.852441],[105.178304,19.859063],[105.185811,19.864905],[105.170284,19.915787],[105.15738,19.922652],[105.132704,19.922845],[105.101949,19.937352],[105.050409,19.934248],[105.015899,19.953911],[105.002256,19.952907],[104.997234,19.963238],[104.975426,19.977353],[104.964659,19.97689],[104.959291,19.993664],[104.926086,19.990452],[104.912121,19.998165],[104.919414,20.020409],[104.939263,20.043069],[104.969358,20.062825],[104.973656,20.077927],[104.987785,20.095741],[104.964844,20.101352],[104.955623,20.115096],[104.924476,20.136963],[104.921193,20.146642],[104.927132,20.153421],[104.925694,20.159422],[104.895581,20.148565],[104.853581,20.146018],[104.827751,20.15916],[104.816262,20.171733],[104.771755,20.198979],[104.718868,20.203936],[104.668616,20.221079],[104.662031,20.232876],[104.643781,20.235551],[104.630059,20.229714],[104.611777,20.245163],[104.608051,20.2734],[104.621557,20.30038],[104.613423,20.304892],[104.617542,20.339556],[104.614213,20.358134],[104.683775,20.402898],[104.709023,20.399748],[104.715989,20.405664],[104.677837,20.445382],[104.665148,20.451747],[104.661434,20.460258],[104.668405,20.464531],[104.668188,20.469758],[104.642521,20.471255],[104.622226,20.458629],[104.612407,20.444862],[104.615722,20.432285],[104.603232,20.420254],[104.562606,20.416091],[104.546411,20.409661],[104.526494,20.413093],[104.52163,20.393139],[104.468762,20.37111],[104.448014,20.378402],[104.419696,20.378891],[104.406539,20.385623],[104.405404,20.414077],[104.412992,20.427326],[104.376133,20.445917],[104.379392,20.452124],[104.373788,20.467204],[104.38524,20.478667],[104.386427,20.489899],[104.41455,20.491739],[104.440152,20.509634],[104.475846,20.52078],[104.49446,20.543873],[104.522984,20.552471],[104.524156,20.572028],[104.540098,20.599561],[104.565141,20.608724],[104.600694,20.607842],[104.611959,20.622581],[104.625504,20.630161],[104.634389,20.654449],[104.659981,20.626261],[104.681253,20.615713],[104.681639,20.598838],[104.71376,20.605512],[104.739625,20.574944],[104.763248,20.582507],[104.77437,20.578006],[104.797467,20.586594],[104.797051,20.620255],[104.818377,20.639405],[104.844535,20.65184],[104.852604,20.662932],[104.898273,20.669748],[104.943256,20.643628],[104.958717,20.626591],[104.95591,20.614512],[104.966627,20.596315],[104.960885,20.595728]]]]}},{"type":"Feature","properties":{"code":"19","name":"Tỉnh Thái Nguyên","type":"Tỉnh","merged_from":"tỉnh Bắc Kạn và tỉnh Thái Nguyên","zone":"bac","lat":22.02394,"lng":105.82397},"geometry":{"type":"Polygon","coordinates":[[[106.095908,21.939139],[106.130218,21.921117],[106.125851,21.912973],[106.12731,21.90314],[106.112034,21.891457],[106.1094,21.852495],[106.116011,21.843344],[106.107539,21.840247],[106.093722,21.82105],[106.105113,21.804339],[106.105863,21.792001],[106.113398,21.783489],[106.133073,21.786224],[106.148772,21.762023],[106.178328,21.743603],[106.191682,21.743579],[106.195534,21.736094],[106.214275,21.728787],[106.224435,21.732369],[106.231777,21.729447],[106.235976,21.717871],[106.223228,21.680322],[106.207325,21.668321],[106.201072,21.654384],[106.190525,21.648767],[106.195736,21.62108],[106.184238,21.606141],[106.171247,21.610833],[106.158638,21.626802],[106.123827,21.617504],[106.095283,21.625367],[106.05562,21.602176],[106.04635,21.582013],[106.031237,21.569773],[106.028596,21.562974],[106.054402,21.552805],[106.04156,21.518944],[106.040024,21.488505],[106.044666,21.480445],[106.038992,21.47264],[106.049467,21.451923],[106.042958,21.441446],[106.025469,21.437826],[106.033571,21.413682],[106.023962,21.397391],[105.97427,21.417694],[105.959598,21.43634],[105.955332,21.431992],[105.954439,21.408071],[105.941967,21.396565],[105.941363,21.37785],[105.937126,21.37369],[105.908301,21.375641],[105.89834,21.353465],[105.899053,21.344855],[105.885158,21.346602],[105.88014,21.339577],[105.888475,21.326675],[105.865182,21.331875],[105.858746,21.338661],[105.85213,21.349751],[105.848622,21.377436],[105.832401,21.376289],[105.797131,21.384013],[105.789008,21.377254],[105.782894,21.361602],[105.775529,21.361786],[105.770631,21.372088],[105.758387,21.381053],[105.763414,21.39525],[105.75378,21.412769],[105.747011,21.416568],[105.721675,21.413424],[105.721955,21.433126],[105.709657,21.432493],[105.704741,21.440566],[105.685486,21.443558],[105.670513,21.459895],[105.657256,21.460364],[105.643502,21.467588],[105.60024,21.526582],[105.510463,21.603227],[105.499209,21.623185],[105.483865,21.671511],[105.484691,21.690859],[105.478714,21.699116],[105.487811,21.705278],[105.49981,21.727641],[105.514744,21.738731],[105.507619,21.747835],[105.522006,21.768688],[105.51716,21.77296],[105.494358,21.77397],[105.492614,21.828059],[105.502572,21.834368],[105.51544,21.83073],[105.523917,21.833959],[105.526906,21.846285],[105.51802,21.882633],[105.543474,21.896257],[105.544616,21.906018],[105.551642,21.913876],[105.54913,21.948347],[105.554522,21.959156],[105.533392,21.969944],[105.506893,21.993238],[105.503612,22.005635],[105.493717,22.016237],[105.486083,22.048051],[105.466401,22.069952],[105.47133,22.098115],[105.46106,22.115404],[105.472214,22.129362],[105.472827,22.137899],[105.490613,22.152563],[105.490825,22.157468],[105.46551,22.164991],[105.459492,22.172821],[105.459008,22.185984],[105.429601,22.213714],[105.437169,22.232848],[105.434805,22.259006],[105.448808,22.266545],[105.463117,22.267171],[105.468147,22.273819],[105.460669,22.284167],[105.486813,22.294104],[105.478291,22.311765],[105.494422,22.320378],[105.497721,22.342687],[105.511352,22.351306],[105.51217,22.379285],[105.519774,22.402578],[105.536027,22.408042],[105.55307,22.402801],[105.559166,22.405112],[105.550624,22.418133],[105.551426,22.439782],[105.564065,22.465721],[105.593912,22.493595],[105.593017,22.53557],[105.580486,22.557233],[105.562676,22.564992],[105.554827,22.574346],[105.542754,22.603368],[105.527463,22.621355],[105.528938,22.634074],[105.53926,22.637666],[105.539306,22.649475],[105.547751,22.657803],[105.580079,22.669861],[105.597285,22.667618],[105.597922,22.679061],[105.61347,22.699712],[105.645179,22.701767],[105.663093,22.723857],[105.69316,22.723303],[105.734227,22.741673],[105.756386,22.724915],[105.751983,22.707282],[105.771621,22.690201],[105.748102,22.664805],[105.73723,22.643782],[105.726824,22.637511],[105.750806,22.609069],[105.746145,22.595872],[105.748975,22.590768],[105.765253,22.58811],[105.775225,22.576303],[105.770824,22.562414],[105.773083,22.552222],[105.786241,22.547638],[105.802251,22.52609],[105.833731,22.519513],[105.858114,22.522383],[105.890284,22.510384],[105.909187,22.497288],[105.928131,22.527436],[105.955969,22.527994],[106.017071,22.559898],[106.030867,22.560432],[106.045827,22.578738],[106.064601,22.570393],[106.079758,22.573686],[106.07247,22.556336],[106.085363,22.553286],[106.091789,22.545881],[106.098669,22.517968],[106.11582,22.513724],[106.117243,22.508503],[106.113632,22.485228],[106.116984,22.473494],[106.093082,22.446154],[106.099233,22.43573],[106.097233,22.414754],[106.106252,22.400697],[106.118294,22.402392],[106.137236,22.39532],[106.1553,22.409187],[106.164031,22.409457],[106.173998,22.402645],[106.189199,22.377202],[106.206283,22.369827],[106.218099,22.350294],[106.205537,22.335418],[106.197691,22.311636],[106.211505,22.290204],[106.220049,22.290737],[106.223183,22.28199],[106.242402,22.270134],[106.244848,22.256373],[106.235244,22.222569],[106.224206,22.215124],[106.219308,22.205183],[106.230025,22.175945],[106.19666,22.144885],[106.18863,22.14333],[106.179604,22.129952],[106.183684,22.119406],[106.167788,22.11247],[106.155302,22.083162],[106.120899,22.086269],[106.112455,22.072226],[106.105419,22.074245],[106.09639,22.067255],[106.100253,22.044583],[106.094207,22.03357],[106.106939,22.02249],[106.107575,22.000377],[106.112825,21.993387],[106.110753,21.964218],[106.096484,21.957861],[106.108711,21.951639],[106.095908,21.939139]]]}},{"type":"Feature","properties":{"code":"08","name":"Tỉnh Tuyên Quang","type":"Tỉnh","merged_from":"tỉnh Hà Giang và tỉnh Tuyên Quang","zone":"bac","lat":22.48935,"lng":105.09895},"geometry":{"type":"Polygon","coordinates":[[[105.494745,22.635138],[105.528938,22.634074],[105.527463,22.621355],[105.542754,22.603368],[105.547743,22.585201],[105.562676,22.564992],[105.580486,22.557233],[105.593017,22.53557],[105.593912,22.493595],[105.564065,22.465721],[105.551426,22.439782],[105.550624,22.418133],[105.559166,22.405112],[105.55307,22.402801],[105.536027,22.408042],[105.519774,22.402578],[105.51217,22.379285],[105.511352,22.351306],[105.497721,22.342687],[105.494422,22.320378],[105.478291,22.311765],[105.486813,22.294104],[105.460669,22.284167],[105.468147,22.273819],[105.463117,22.267171],[105.448808,22.266545],[105.434805,22.259006],[105.437169,22.232848],[105.429601,22.213714],[105.459008,22.185984],[105.459492,22.172821],[105.46551,22.164991],[105.490825,22.157468],[105.490613,22.152563],[105.472827,22.137899],[105.472214,22.129362],[105.46106,22.115404],[105.47133,22.098115],[105.466401,22.069952],[105.486083,22.048051],[105.493717,22.016237],[105.503612,22.005635],[105.506893,21.993238],[105.533392,21.969944],[105.554522,21.959156],[105.54913,21.948347],[105.551642,21.913876],[105.544616,21.906018],[105.543474,21.896257],[105.51802,21.882633],[105.526906,21.846285],[105.523917,21.833959],[105.51544,21.83073],[105.502572,21.834368],[105.492614,21.828059],[105.494358,21.77397],[105.51716,21.77296],[105.522006,21.768688],[105.507619,21.747835],[105.514744,21.738731],[105.49981,21.727641],[105.487811,21.705278],[105.478714,21.699116],[105.484691,21.690859],[105.483865,21.671511],[105.502013,21.61636],[105.518989,21.59335],[105.540881,21.576042],[105.520392,21.538557],[105.482955,21.520622],[105.456395,21.519167],[105.448174,21.51093],[105.421925,21.502739],[105.407204,21.513482],[105.391794,21.512601],[105.369208,21.525806],[105.343291,21.51852],[105.335065,21.505383],[105.317909,21.513934],[105.299125,21.510383],[105.293271,21.520912],[105.292178,21.538664],[105.264903,21.547409],[105.271548,21.56301],[105.248073,21.583724],[105.242985,21.598075],[105.248906,21.611728],[105.243441,21.61777],[105.229509,21.620574],[105.22284,21.631272],[105.2339,21.643776],[105.232936,21.659846],[105.198334,21.66572],[105.170711,21.688642],[105.154559,21.683535],[105.147453,21.699716],[105.130022,21.69973],[105.109857,21.707171],[105.098907,21.718084],[105.084832,21.718221],[105.081022,21.724736],[105.0742,21.724583],[105.074206,21.736281],[105.056454,21.745719],[105.077009,21.766353],[105.073561,21.781987],[105.085918,21.806579],[105.099254,21.813468],[105.085932,21.830258],[105.074822,21.832792],[105.057794,21.856707],[105.043329,21.86574],[105.036566,21.890564],[105.012151,21.89935],[105.020156,21.920734],[105.016464,21.935437],[105.008871,21.937347],[104.99215,21.931137],[104.985058,21.938039],[104.996373,21.984951],[104.995618,21.993544],[104.988675,21.994952],[104.988354,22.000006],[104.996498,22.043602],[104.991417,22.046446],[104.972903,22.041705],[104.962294,22.029696],[104.944906,22.03759],[104.938916,22.054123],[104.928073,22.062123],[104.917008,22.060748],[104.877477,22.075784],[104.863114,22.097783],[104.859676,22.148859],[104.852209,22.15812],[104.854345,22.168548],[104.845767,22.186491],[104.832975,22.180323],[104.816699,22.183044],[104.807672,22.172607],[104.782019,22.174155],[104.772537,22.167612],[104.757501,22.17254],[104.753413,22.184013],[104.739278,22.188625],[104.719798,22.209866],[104.727202,22.238735],[104.717436,22.260624],[104.680118,22.262871],[104.669684,22.276015],[104.639711,22.278794],[104.609254,22.292099],[104.601236,22.288183],[104.585239,22.267291],[104.584258,22.253371],[104.555239,22.242463],[104.546641,22.244545],[104.543366,22.278131],[104.577098,22.304761],[104.576273,22.315606],[104.563891,22.332528],[104.579227,22.348892],[104.573098,22.3553],[104.547972,22.357759],[104.544788,22.362805],[104.551548,22.37167],[104.547216,22.381663],[104.504695,22.405549],[104.49439,22.406781],[104.485622,22.42118],[104.464775,22.426167],[104.447101,22.458543],[104.471675,22.487375],[104.448975,22.499936],[104.432577,22.521677],[104.412823,22.532032],[104.421022,22.548911],[104.424428,22.574513],[104.443682,22.577108],[104.461828,22.573378],[104.464081,22.576861],[104.458653,22.611228],[104.42832,22.615152],[104.406818,22.639607],[104.403218,22.655857],[104.388505,22.680033],[104.357443,22.674825],[104.334341,22.691685],[104.341456,22.714537],[104.350456,22.695093],[104.367888,22.689647],[104.384496,22.704905],[104.396494,22.702531],[104.407133,22.725312],[104.421673,22.738526],[104.470172,22.761435],[104.514887,22.797576],[104.525454,22.818607],[104.548665,22.835028],[104.543748,22.838788],[104.546244,22.841408],[104.57136,22.851445],[104.589119,22.85316],[104.59524,22.847073],[104.601055,22.834152],[104.598315,22.818989],[104.611174,22.81729],[104.617478,22.823348],[104.617495,22.84249],[104.621778,22.847661],[104.627121,22.838231],[104.651857,22.835481],[104.669842,22.819552],[104.697994,22.827446],[104.722734,22.821491],[104.730553,22.824505],[104.732733,22.830218],[104.723402,22.852266],[104.734867,22.85935],[104.75386,22.859961],[104.771322,22.901889],[104.813886,22.922847],[104.836647,22.923549],[104.863136,22.953767],[104.857785,22.977955],[104.830827,22.985283],[104.825973,23.024082],[104.818222,23.037815],[104.818827,23.05446],[104.812027,23.059194],[104.815133,23.08068],[104.804465,23.084635],[104.80025,23.116907],[104.818142,23.118884],[104.824083,23.110979],[104.854775,23.128253],[104.874032,23.126915],[104.879887,23.143255],[104.880639,23.167702],[104.904332,23.180915],[104.914481,23.177437],[104.91459,23.170663],[104.925684,23.158669],[104.946061,23.152214],[104.948835,23.163718],[104.945342,23.171358],[104.954126,23.180743],[104.96096,23.199867],[104.977603,23.206145],[104.994922,23.204361],[105.000258,23.217522],[105.02307,23.220617],[105.049764,23.24877],[105.077928,23.267144],[105.095719,23.260845],[105.09959,23.258133],[105.098641,23.248844],[105.107954,23.247096],[105.153191,23.267282],[105.17091,23.290295],[105.176876,23.289127],[105.180527,23.278865],[105.193303,23.281656],[105.201559,23.272163],[105.219039,23.271268],[105.225827,23.261873],[105.232948,23.263797],[105.236748,23.281887],[105.232783,23.289634],[105.243678,23.293392],[105.249407,23.301843],[105.247898,23.310416],[105.256184,23.317757],[105.248251,23.331317],[105.249519,23.337314],[105.258433,23.34388],[105.281683,23.342969],[105.286432,23.359991],[105.322263,23.393305],[105.348141,23.367581],[105.349638,23.346355],[105.368269,23.320686],[105.379845,23.312473],[105.38451,23.317011],[105.401827,23.295098],[105.414365,23.286937],[105.426734,23.291742],[105.427191,23.30374],[105.439614,23.300658],[105.447089,23.281525],[105.489186,23.235098],[105.495773,23.205274],[105.522291,23.190576],[105.541029,23.193706],[105.550113,23.189224],[105.557154,23.171781],[105.572795,23.160307],[105.562165,23.144282],[105.5638,23.13518],[105.558129,23.129394],[105.561348,23.119536],[105.544811,23.110477],[105.529033,23.112133],[105.493834,23.035155],[105.487423,23.010147],[105.422615,23.001618],[105.366482,22.987435],[105.360538,22.982952],[105.358772,22.972945],[105.360882,22.943229],[105.333628,22.932213],[105.316484,22.916173],[105.306287,22.913649],[105.302147,22.876399],[105.267308,22.880958],[105.264845,22.868488],[105.277168,22.858475],[105.301257,22.85498],[105.315911,22.847559],[105.347359,22.819929],[105.378579,22.811864],[105.469132,22.752081],[105.473953,22.744905],[105.474166,22.719761],[105.49722,22.702947],[105.497554,22.696284],[105.484931,22.677502],[105.493481,22.660987],[105.494745,22.635138]]]}},{"type":"Feature","properties":{"code":"80","name":"Tỉnh Tây Ninh","type":"Tỉnh","merged_from":"tỉnh Long An và tỉnh Tây Ninh","zone":"nam","lat":11.05006,"lng":106.16506},"geometry":{"type":"Polygon","coordinates":[[[106.114338,11.743553],[106.132055,11.745831],[106.152545,11.736736],[106.169056,11.750028],[106.177502,11.74648],[106.188734,11.750166],[106.193615,11.742045],[106.213886,11.728894],[106.225302,11.73198],[106.253014,11.726925],[106.269518,11.704892],[106.285646,11.696495],[106.30117,11.680199],[106.324478,11.68541],[106.34136,11.683178],[106.362606,11.695978],[106.387593,11.697311],[106.407057,11.687313],[106.413783,11.678141],[106.425676,11.678262],[106.435104,11.671098],[106.450688,11.672123],[106.447907,11.664213],[106.462049,11.639248],[106.464497,11.622829],[106.482557,11.60539],[106.487541,11.573149],[106.477885,11.547511],[106.473098,11.550501],[106.463243,11.543629],[106.452395,11.543171],[106.441571,11.548297],[106.428476,11.535655],[106.42166,11.496019],[106.404239,11.471189],[106.382363,11.461126],[106.365622,11.446852],[106.359711,11.415183],[106.328205,11.352646],[106.332524,11.337511],[106.344031,11.323717],[106.33533,11.302341],[106.341727,11.296496],[106.339037,11.287287],[106.345232,11.290561],[106.354237,11.287262],[106.350593,11.250455],[106.359153,11.239586],[106.369359,11.245308],[106.377987,11.233192],[106.378557,11.219457],[106.38742,11.213701],[106.382197,11.197436],[106.385642,11.187694],[106.398193,11.182998],[106.406323,11.185113],[106.410448,11.174623],[106.429788,11.174345],[106.435126,11.158125],[106.428445,11.149483],[106.446103,11.13687],[106.446956,11.131318],[106.42646,11.09241],[106.425881,11.066412],[106.418382,11.064367],[106.42155,11.04642],[106.406808,11.021853],[106.411366,11.008629],[106.389115,11.000904],[106.365925,10.999634],[106.355524,10.991774],[106.372142,10.971439],[106.410342,10.975835],[106.452119,10.943248],[106.530545,10.902731],[106.502911,10.789956],[106.461843,10.75754],[106.485684,10.730445],[106.499902,10.727546],[106.507568,10.718058],[106.518367,10.724668],[106.527586,10.718668],[106.525444,10.710222],[106.532641,10.688325],[106.548926,10.686098],[106.55181,10.674567],[106.548608,10.658711],[106.554006,10.652326],[106.560897,10.65289],[106.561503,10.658969],[106.571266,10.650079],[106.577361,10.65022],[106.57908,10.65733],[106.598629,10.651753],[106.605121,10.6587],[106.621851,10.648536],[106.621341,10.642025],[106.627932,10.640805],[106.627434,10.626839],[106.637792,10.624303],[106.654613,10.64444],[106.671495,10.641639],[106.684733,10.657252],[106.690256,10.650505],[106.70034,10.654044],[106.709428,10.651186],[106.729769,10.636549],[106.730427,10.610959],[106.722646,10.611527],[106.71753,10.60589],[106.72687,10.58137],[106.73545,10.587248],[106.742456,10.576022],[106.745618,10.525257],[106.732825,10.498018],[106.704016,10.473607],[106.680328,10.441075],[106.668548,10.439081],[106.661046,10.44378],[106.656759,10.476898],[106.645499,10.484776],[106.636743,10.479764],[106.62552,10.453127],[106.594478,10.437588],[106.584595,10.437552],[106.583352,10.418265],[106.557599,10.413869],[106.556675,10.425136],[106.543408,10.429962],[106.537039,10.423149],[106.525752,10.433499],[106.517554,10.42624],[106.50858,10.429467],[106.483893,10.404472],[106.452384,10.396485],[106.445091,10.403298],[106.453963,10.403484],[106.452294,10.412241],[106.426642,10.412829],[106.415882,10.42796],[106.419375,10.435056],[106.451762,10.45157],[106.407596,10.49258],[106.401837,10.494305],[106.38778,10.477652],[106.368919,10.488936],[106.372723,10.495213],[106.366877,10.499094],[106.369991,10.507384],[106.365051,10.512246],[106.366853,10.519751],[106.350104,10.525114],[106.34633,10.543666],[106.318556,10.570807],[106.308628,10.566435],[106.28441,10.587909],[106.102218,10.577017],[106.101627,10.52746],[106.095155,10.523698],[105.90737,10.540112],[105.833464,10.638345],[105.805355,10.656173],[105.778814,10.659722],[105.59493,10.830919],[105.609614,10.83366],[105.601948,10.856753],[105.580356,10.893559],[105.514533,10.922888],[105.499729,10.950794],[105.536724,10.953536],[105.550612,10.960552],[105.66178,10.987275],[105.686154,10.998693],[105.718371,11.022857],[105.777248,11.032997],[105.807016,10.973388],[105.861767,10.902297],[105.84806,10.86366],[105.897088,10.845544],[105.93371,10.839511],[105.928473,10.863497],[105.954618,10.885449],[105.948857,10.890029],[105.943375,10.918482],[106.009169,10.854894],[106.069168,10.812734],[106.094202,10.808685],[106.162759,10.812668],[106.188304,10.791035],[106.186474,10.838984],[106.16011,10.889001],[106.136458,10.915734],[106.149832,10.94238],[106.144382,10.954791],[106.144712,10.98053],[106.152873,10.984767],[106.188332,10.973792],[106.203891,10.976998],[106.195183,10.993239],[106.185889,11.051491],[106.15222,11.102704],[106.123886,11.090593],[106.107097,11.073223],[106.101093,11.072863],[106.097549,11.088256],[106.087865,11.099848],[106.07444,11.09883],[106.05664,11.120377],[106.018711,11.147079],[106.012324,11.191661],[105.994642,11.191924],[105.973223,11.199859],[105.964661,11.196454],[105.940522,11.206579],[105.925308,11.21894],[105.909289,11.241308],[105.906753,11.285304],[105.876445,11.288344],[105.863915,11.2833],[105.861306,11.290618],[105.86872,11.305609],[105.865796,11.318622],[105.881009,11.359939],[105.880153,11.372375],[105.872101,11.376961],[105.876814,11.390291],[105.873021,11.406293],[105.88506,11.414231],[105.889285,11.425768],[105.89697,11.427984],[105.901492,11.443196],[105.895945,11.451678],[105.881668,11.454745],[105.873684,11.461904],[105.882746,11.490256],[105.87726,11.506789],[105.883584,11.521933],[105.875602,11.550185],[105.858078,11.5652],[105.816838,11.569651],[105.807644,11.60054],[105.809416,11.607058],[105.830336,11.624564],[105.850997,11.662779],[105.880715,11.678092],[105.924254,11.650406],[105.952442,11.640953],[105.979121,11.66807],[105.978849,11.68825],[105.988366,11.698685],[105.999482,11.70231],[106.013451,11.727295],[106.008297,11.752024],[106.014287,11.768823],[106.021808,11.775143],[106.06409,11.783366],[106.076913,11.776659],[106.079452,11.768116],[106.103027,11.747982],[106.114338,11.743553]]]}},{"type":"Feature","properties":{"code":"86","name":"Tỉnh Vĩnh Long","type":"Tỉnh","merged_from":"tỉnh Bến Tre, tỉnh Trà Vinh và tỉnh Vĩnh Long","zone":"nam","lat":9.99578,"lng":106.29186},"geometry":{"type":"MultiPolygon","coordinates":[[[[105.924815,9.927429],[105.900586,9.93448],[105.861494,9.964652],[105.825155,10.004799],[105.785281,10.066147],[105.753094,10.082984],[105.68095,10.135172],[105.682129,10.143195],[105.726003,10.206226],[105.745002,10.198424],[105.762667,10.179346],[105.773607,10.189386],[105.79961,10.156426],[105.847344,10.151454],[105.849825,10.161238],[105.867029,10.153874],[105.874159,10.190625],[105.892523,10.18736],[105.911144,10.19343],[105.917435,10.212297],[105.910807,10.227666],[105.899918,10.235184],[105.900266,10.246517],[105.888362,10.246113],[105.874916,10.266025],[105.890792,10.278223],[105.899099,10.275062],[105.924864,10.284443],[105.980763,10.331243],[105.990319,10.33149],[106.036967,10.298035],[106.08503,10.277646],[106.102094,10.284206],[106.143254,10.285859],[106.201174,10.315819],[106.27567,10.327204],[106.301702,10.320829],[106.388111,10.341225],[106.441139,10.309965],[106.469809,10.307787],[106.53645,10.267643],[106.592546,10.251303],[106.672826,10.237059],[106.711537,10.210298],[106.746656,10.193808],[106.787016,10.192436],[106.78203,10.159576],[106.787526,10.151142],[106.786189,10.137305],[106.770567,10.132736],[106.784142,10.128041],[106.790382,10.115089],[106.77711,10.091073],[106.73609,10.045435],[106.72181,10.038019],[106.721849,10.046039],[106.703906,10.041386],[106.679304,10.00804],[106.646911,9.977101],[106.633478,9.972499],[106.621974,9.951024],[106.660443,9.927803],[106.668222,9.909037],[106.682932,9.891719],[106.686183,9.878203],[106.651729,9.826677],[106.629765,9.804221],[106.613399,9.79492],[106.566012,9.739209],[106.567858,9.697268],[106.576759,9.693312],[106.577096,9.674824],[106.571041,9.649258],[106.553895,9.61427],[106.526127,9.57878],[106.480547,9.55002],[106.408689,9.528708],[106.403214,9.53752],[106.37651,9.530673],[106.379658,9.541113],[106.371098,9.551655],[106.326096,9.590714],[106.301681,9.581526],[106.223065,9.637354],[106.111567,9.75193],[106.063839,9.786109],[106.00014,9.842696],[105.989491,9.873735],[105.924815,9.927429]]],[[[106.815748,10.162749],[106.80619,10.176006],[106.827263,10.175171],[106.848014,10.156255],[106.842113,10.15026],[106.815748,10.162749]]]]}},{"type":"Feature","properties":{"code":"11","name":"Tỉnh Điện Biên","type":"Tỉnh","merged_from":"giữ nguyên","zone":"bac","lat":21.71142,"lng":103.02084},"geometry":{"type":"Polygon","coordinates":[[[102.393837,22.420028],[102.38494,22.411886],[102.38636,22.408542],[102.408425,22.389744],[102.416815,22.388616],[102.422985,22.372929],[102.446717,22.361308],[102.45589,22.341878],[102.503034,22.284729],[102.517057,22.258633],[102.541718,22.244063],[102.553836,22.248877],[102.559969,22.260125],[102.57327,22.262009],[102.612316,22.23838],[102.61716,22.232557],[102.615647,22.201802],[102.639547,22.177522],[102.67312,22.168743],[102.694238,22.203356],[102.695483,22.21011],[102.683716,22.238782],[102.663351,22.254068],[102.665509,22.260203],[102.674731,22.262862],[102.689184,22.249806],[102.732179,22.232308],[102.746671,22.2163],[102.750237,22.205192],[102.74345,22.177521],[102.734952,22.17214],[102.740273,22.136006],[102.77163,22.10928],[102.776934,22.102195],[102.776913,22.089142],[102.82333,22.065346],[102.852206,22.06636],[102.858839,22.060552],[102.866469,22.078547],[102.877324,22.081925],[102.890198,22.076749],[102.923379,22.092333],[102.923163,22.107067],[102.93217,22.093286],[102.928683,22.069241],[102.939534,22.068115],[102.956691,22.052329],[102.964637,22.033269],[102.982315,22.028014],[102.989268,22.031047],[102.996447,22.050084],[103.004969,22.053978],[103.016443,22.056644],[103.03935,22.048709],[103.060825,22.062861],[103.093371,22.059874],[103.088667,22.073926],[103.100924,22.102704],[103.114077,22.098435],[103.128789,22.078602],[103.140632,22.070736],[103.164267,22.076056],[103.168706,22.082001],[103.187068,22.071783],[103.218054,22.067176],[103.24059,22.052154],[103.28294,22.040707],[103.288459,22.050977],[103.271609,22.072278],[103.284269,22.108207],[103.304032,22.117363],[103.319965,22.145006],[103.329803,22.15353],[103.382169,22.157322],[103.388509,22.156121],[103.399967,22.131702],[103.421408,22.072318],[103.434222,22.056859],[103.452768,22.053771],[103.465759,22.031888],[103.452516,22.014601],[103.453502,22.006924],[103.469977,21.984283],[103.497819,21.969962],[103.504521,21.957101],[103.484066,21.939584],[103.477468,21.914995],[103.485449,21.905394],[103.483223,21.895154],[103.491727,21.877381],[103.506058,21.874105],[103.520771,21.86211],[103.526296,21.835452],[103.538188,21.82779],[103.537003,21.815243],[103.544138,21.801816],[103.539418,21.778336],[103.555016,21.764029],[103.570731,21.737456],[103.594768,21.678793],[103.591141,21.677126],[103.58042,21.685893],[103.56896,21.680752],[103.5555,21.657197],[103.540866,21.649302],[103.557427,21.624509],[103.529557,21.586518],[103.530187,21.567309],[103.517243,21.566104],[103.515363,21.536244],[103.498789,21.534461],[103.483336,21.522874],[103.457618,21.518959],[103.459711,21.513664],[103.450792,21.503906],[103.44672,21.489969],[103.454142,21.462239],[103.445617,21.437244],[103.408023,21.427527],[103.391627,21.438658],[103.378503,21.435496],[103.374356,21.429051],[103.340178,21.429125],[103.329257,21.41757],[103.339176,21.401998],[103.353689,21.391513],[103.359841,21.374404],[103.386219,21.368527],[103.367412,21.334006],[103.3968,21.317937],[103.416993,21.318673],[103.429275,21.311703],[103.438451,21.282217],[103.428582,21.253781],[103.434394,21.239935],[103.430887,21.228184],[103.433994,21.181471],[103.427938,21.163699],[103.421142,21.161183],[103.40876,21.165155],[103.395701,21.150996],[103.403878,21.132949],[103.403961,21.111692],[103.419663,21.081586],[103.421545,21.068249],[103.378815,21.06185],[103.321434,21.094542],[103.286,21.097049],[103.287389,21.080269],[103.301634,21.065218],[103.298857,21.060625],[103.275631,21.061373],[103.286747,21.024323],[103.281027,21.001165],[103.289925,20.994133],[103.296077,20.971769],[103.295065,20.947953],[103.284377,20.948147],[103.273805,20.938297],[103.276656,20.922556],[103.287165,20.909704],[103.280535,20.900899],[103.26598,20.903363],[103.24589,20.894821],[103.213692,20.897147],[103.208895,20.902856],[103.183344,20.905295],[103.165514,20.915941],[103.150827,20.90514],[103.12443,20.909303],[103.112422,20.898527],[103.103534,20.934228],[103.082385,20.946183],[103.081486,20.968233],[103.056538,21.002781],[103.030275,21.058014],[103.012061,21.064381],[102.98984,21.062184],[102.963902,21.075806],[102.960096,21.08292],[102.964491,21.093035],[102.962444,21.107135],[102.938434,21.129677],[102.946051,21.145249],[102.932852,21.160567],[102.913892,21.160141],[102.900988,21.168882],[102.906203,21.179201],[102.903313,21.194064],[102.910217,21.230912],[102.87484,21.252914],[102.854367,21.256524],[102.835529,21.246996],[102.8215,21.247203],[102.813757,21.25744],[102.815306,21.271438],[102.845043,21.29585],[102.88974,21.303332],[102.8958,21.309288],[102.889714,21.330882],[102.895261,21.383192],[102.913724,21.40606],[102.927657,21.442995],[102.937991,21.457247],[102.930716,21.460446],[102.919194,21.457208],[102.902998,21.434174],[102.8775,21.426501],[102.867954,21.429669],[102.883702,21.454634],[102.88668,21.477309],[102.905237,21.479864],[102.916019,21.506119],[102.958024,21.546303],[102.959539,21.556189],[102.98737,21.591549],[102.978686,21.651037],[102.986091,21.683826],[102.976822,21.695709],[102.987753,21.713062],[102.970533,21.745744],[102.944278,21.728974],[102.892934,21.71614],[102.87425,21.706227],[102.856772,21.726704],[102.859277,21.767172],[102.852242,21.836343],[102.843628,21.84455],[102.831245,21.841679],[102.813771,21.833129],[102.809192,21.821073],[102.817104,21.80454],[102.820029,21.73435],[102.799426,21.71473],[102.784229,21.707176],[102.742699,21.663667],[102.690155,21.664105],[102.674141,21.656723],[102.662159,21.68151],[102.656259,21.713734],[102.644542,21.73446],[102.64799,21.764108],[102.658493,21.792887],[102.647217,21.811492],[102.642526,21.857659],[102.610314,21.876733],[102.616762,21.90004],[102.610022,21.919093],[102.563484,21.938721],[102.521776,21.965952],[102.508879,21.968658],[102.487299,21.993669],[102.485219,22.005823],[102.493352,22.014845],[102.515599,22.023115],[102.51753,22.031268],[102.492529,22.038044],[102.464282,22.063915],[102.44018,22.075048],[102.444055,22.08449],[102.436234,22.092588],[102.438455,22.101714],[102.432278,22.116317],[102.420115,22.117769],[102.406557,22.127418],[102.384332,22.128804],[102.3805,22.150889],[102.356746,22.167236],[102.334752,22.167071],[102.330754,22.191955],[102.320601,22.201942],[102.308866,22.207744],[102.302741,22.202421],[102.277547,22.206449],[102.269987,22.23775],[102.238377,22.240407],[102.240653,22.256691],[102.228123,22.276108],[102.232028,22.283427],[102.211479,22.288103],[102.174531,22.307769],[102.177773,22.322137],[102.19389,22.336824],[102.169725,22.345203],[102.161642,22.359565],[102.166939,22.375032],[102.147895,22.389531],[102.141487,22.401512],[102.158148,22.430524],[102.184991,22.434475],[102.23386,22.428648],[102.261752,22.41636],[102.266567,22.430559],[102.248264,22.462545],[102.263607,22.470155],[102.263207,22.479915],[102.290227,22.513027],[102.299128,22.532539],[102.318061,22.54864],[102.33696,22.528435],[102.345599,22.493956],[102.356314,22.489923],[102.361544,22.47675],[102.389204,22.462047],[102.393837,22.420028]]]}},{"type":"Feature","properties":{"code":"66","name":"Tỉnh Đắk Lắk","type":"Tỉnh","merged_from":"tỉnh Phú Yên và tỉnh Đắk Lắk","zone":"trung","lat":12.92197,"lng":108.44456},"geometry":{"type":"MultiPolygon","coordinates":[[[[108.182433,13.382132],[108.200811,13.374642],[108.207441,13.377635],[108.212136,13.36992],[108.230524,13.37422],[108.246826,13.369566],[108.261639,13.373763],[108.287977,13.35362],[108.344782,13.34021],[108.35362,13.318133],[108.369257,13.305269],[108.372353,13.26879],[108.387175,13.257825],[108.406012,13.259046],[108.416075,13.238814],[108.41882,13.227786],[108.415495,13.220862],[108.424404,13.194993],[108.459983,13.162907],[108.464902,13.140007],[108.455787,13.129472],[108.459917,13.120729],[108.488218,13.110026],[108.499773,13.087758],[108.518322,13.06671],[108.509189,13.046461],[108.512503,13.038765],[108.565955,13.020512],[108.576186,13.029132],[108.589905,13.030275],[108.600287,13.017809],[108.615348,13.010848],[108.636725,13.011701],[108.653355,13.001094],[108.665426,13.003435],[108.677371,12.998391],[108.691081,13.0176],[108.717314,13.020137],[108.753546,13.036939],[108.752079,13.084657],[108.746283,13.091147],[108.755604,13.10155],[108.758313,13.131347],[108.774912,13.138732],[108.775437,13.14815],[108.793941,13.142183],[108.796968,13.152236],[108.811788,13.158475],[108.821725,13.15572],[108.826079,13.163378],[108.838799,13.163949],[108.852795,13.194985],[108.847074,13.203903],[108.850433,13.209247],[108.84773,13.218195],[108.863673,13.226803],[108.868982,13.251121],[108.870339,13.284361],[108.857451,13.289323],[108.839577,13.321674],[108.806881,13.361643],[108.803558,13.435779],[108.789232,13.453108],[108.791889,13.476964],[108.783936,13.469175],[108.751239,13.465155],[108.739989,13.458281],[108.714013,13.463623],[108.712511,13.47383],[108.702744,13.481045],[108.712406,13.518863],[108.728574,13.524406],[108.734369,13.550059],[108.739769,13.557918],[108.745529,13.556651],[108.746141,13.567081],[108.765106,13.562329],[108.784676,13.578281],[108.811186,13.578053],[108.825338,13.56605],[108.840093,13.565019],[108.848708,13.570075],[108.86572,13.536074],[108.915084,13.542369],[108.942006,13.527991],[108.983498,13.529646],[109.005432,13.524389],[109.026198,13.531478],[109.04992,13.568589],[109.082534,13.568136],[109.101438,13.584522],[109.109636,13.588408],[109.115951,13.585825],[109.111751,13.595328],[109.114061,13.61609],[109.12501,13.622809],[109.117193,13.637967],[109.118913,13.644075],[109.12447,13.644805],[109.142634,13.632028],[109.150377,13.634537],[109.149015,13.656437],[109.154272,13.678619],[109.179125,13.684041],[109.189557,13.694968],[109.20111,13.695471],[109.206487,13.681805],[109.216655,13.682599],[109.229813,13.67571],[109.2269,13.638382],[109.248641,13.598318],[109.270327,13.577849],[109.279894,13.573324],[109.292997,13.574763],[109.296747,13.570082],[109.288444,13.569597],[109.287273,13.561338],[109.277086,13.555942],[109.277105,13.535288],[109.293721,13.527356],[109.30006,13.519185],[109.298639,13.512232],[109.285367,13.502545],[109.292336,13.479799],[109.305943,13.465666],[109.312938,13.466138],[109.321722,13.475325],[109.32847,13.467071],[109.314138,13.459481],[109.317809,13.444908],[109.308918,13.439248],[109.309719,13.415599],[109.300841,13.416325],[109.296293,13.406206],[109.290263,13.417652],[109.266116,13.414648],[109.257263,13.427176],[109.261314,13.434283],[109.272791,13.434899],[109.280821,13.446712],[109.289112,13.447673],[109.290729,13.455753],[109.286003,13.463212],[109.276226,13.465106],[109.264795,13.480487],[109.249979,13.48527],[109.244542,13.496163],[109.227724,13.480967],[109.231321,13.472397],[109.21892,13.450427],[109.225488,13.433256],[109.236446,13.43081],[109.217637,13.4188],[109.228636,13.413503],[109.219907,13.392178],[109.241586,13.390201],[109.247583,13.372164],[109.259471,13.358414],[109.265562,13.355704],[109.271157,13.366289],[109.289205,13.366631],[109.293815,13.357965],[109.288733,13.350356],[109.297309,13.335918],[109.284558,13.336448],[109.281177,13.317197],[109.313419,13.257051],[109.300901,13.249296],[109.302154,13.229376],[109.291249,13.217968],[109.301555,13.189537],[109.291549,13.169032],[109.29227,13.144457],[109.301316,13.123313],[109.332523,13.080935],[109.367391,13.018551],[109.420502,12.954651],[109.415504,12.946345],[109.428016,12.947951],[109.427243,12.93873],[109.435673,12.926467],[109.45387,12.91394],[109.447401,12.895458],[109.456515,12.897552],[109.452327,12.889343],[109.457014,12.882537],[109.449567,12.878183],[109.451637,12.861836],[109.436527,12.857744],[109.426179,12.848032],[109.418298,12.849079],[109.436134,12.870818],[109.436001,12.881307],[109.427473,12.881992],[109.417156,12.873031],[109.399034,12.867125],[109.401263,12.859778],[109.387075,12.843576],[109.363483,12.869092],[109.338553,12.851003],[109.327921,12.850756],[109.318691,12.836736],[109.312243,12.844288],[109.281017,12.834638],[109.253671,12.838877],[109.225005,12.814291],[109.218618,12.816085],[109.207631,12.831335],[109.16636,12.828066],[109.153953,12.812999],[109.142073,12.781979],[109.127286,12.788819],[109.120486,12.79893],[109.113407,12.799281],[109.102951,12.77424],[109.088643,12.76392],[109.089491,12.752218],[109.084162,12.745579],[109.076624,12.744951],[109.064181,12.754742],[109.058082,12.745963],[109.041702,12.74722],[109.034522,12.738099],[109.020918,12.735702],[109.013889,12.729967],[109.011742,12.720424],[108.984213,12.704351],[108.986546,12.69148],[108.974151,12.683862],[108.953131,12.687288],[108.941306,12.671838],[108.931625,12.646272],[108.916975,12.639176],[108.908492,12.640401],[108.896127,12.62752],[108.916213,12.600911],[108.890029,12.579646],[108.893109,12.568632],[108.890036,12.549732],[108.873718,12.536093],[108.870545,12.507553],[108.858247,12.497339],[108.876146,12.479748],[108.875181,12.473612],[108.868611,12.470118],[108.867219,12.454586],[108.840879,12.462076],[108.811325,12.482774],[108.79742,12.485492],[108.791459,12.499742],[108.775936,12.505257],[108.761291,12.499062],[108.751106,12.500603],[108.746438,12.481576],[108.736379,12.475996],[108.713528,12.484746],[108.699509,12.47425],[108.696924,12.461974],[108.667181,12.424847],[108.678023,12.416154],[108.671652,12.402149],[108.675669,12.39354],[108.684504,12.388774],[108.680634,12.380815],[108.687445,12.373773],[108.6754,12.349749],[108.68294,12.326108],[108.665466,12.30095],[108.62035,12.291512],[108.614941,12.28523],[108.593579,12.278625],[108.585986,12.289647],[108.548295,12.29286],[108.5405,12.298615],[108.533785,12.282592],[108.509339,12.278296],[108.497444,12.285377],[108.490759,12.30558],[108.481962,12.31073],[108.473589,12.297744],[108.463497,12.29788],[108.464232,12.283426],[108.457718,12.276624],[108.447149,12.274329],[108.441132,12.278662],[108.434484,12.258071],[108.437461,12.25141],[108.427937,12.260147],[108.425027,12.252523],[108.410781,12.244598],[108.385969,12.242117],[108.36765,12.255176],[108.353965,12.25577],[108.340699,12.246266],[108.334456,12.2492],[108.331548,12.236685],[108.337376,12.235322],[108.338378,12.228913],[108.328995,12.231459],[108.294347,12.202916],[108.291551,12.209757],[108.275164,12.214792],[108.270142,12.205618],[108.257982,12.201062],[108.258353,12.192842],[108.251255,12.189616],[108.246893,12.17975],[108.252284,12.173196],[108.239714,12.161998],[108.235805,12.174406],[108.225719,12.183612],[108.215194,12.184252],[108.207236,12.173556],[108.197907,12.171443],[108.185917,12.173831],[108.174259,12.186263],[108.160885,12.191858],[108.117874,12.176563],[108.108853,12.200305],[108.095076,12.212252],[108.079005,12.242098],[108.042982,12.273831],[108.03889,12.289213],[108.01833,12.291572],[108.014232,12.3034],[108.003052,12.297077],[107.996237,12.305482],[107.974793,12.297862],[107.969229,12.312168],[107.948168,12.322531],[107.941866,12.329711],[107.943415,12.334415],[107.931869,12.345005],[107.931703,12.374429],[107.919295,12.381858],[107.911025,12.399979],[107.91392,12.407358],[107.924476,12.412803],[107.921358,12.429118],[107.9474,12.441525],[107.964236,12.437778],[107.983378,12.447683],[107.999204,12.478141],[107.995253,12.486727],[107.988619,12.48741],[107.976661,12.503482],[107.947991,12.525119],[107.922592,12.531567],[107.908236,12.526808],[107.886348,12.542899],[107.894158,12.554651],[107.893146,12.565412],[107.908061,12.577011],[107.930003,12.584625],[107.933177,12.593837],[107.917363,12.647638],[107.902858,12.650589],[107.912724,12.659398],[107.903679,12.678217],[107.910373,12.694524],[107.894386,12.716406],[107.908228,12.739376],[107.888711,12.750903],[107.866737,12.752401],[107.85506,12.761613],[107.851967,12.780217],[107.861354,12.799443],[107.853936,12.808877],[107.845592,12.813424],[107.822657,12.802791],[107.802181,12.779953],[107.732274,12.784401],[107.636495,12.800098],[107.560088,12.794466],[107.551916,12.805011],[107.552225,12.818034],[107.545868,12.829869],[107.525091,12.841622],[107.519738,12.854688],[107.509805,12.85784],[107.509946,12.869636],[107.495342,12.880338],[107.488988,12.89951],[107.497876,12.916947],[107.482487,12.950776],[107.487765,12.964778],[107.485334,12.970529],[107.502492,12.977233],[107.495419,12.985079],[107.496349,12.998659],[107.489295,13.002544],[107.48984,13.021885],[107.605025,13.305555],[107.645887,13.325756],[107.656476,13.347343],[107.694134,13.373367],[107.70264,13.376391],[107.718166,13.368239],[107.760147,13.365851],[107.785782,13.379411],[107.799682,13.394276],[107.817716,13.394447],[107.837095,13.401556],[107.849662,13.390541],[107.873417,13.394518],[107.887838,13.387234],[107.90619,13.389649],[107.918887,13.386909],[107.931587,13.376702],[107.947513,13.384042],[107.962429,13.380974],[107.978009,13.384557],[107.98109,13.393748],[107.995664,13.391368],[108.006249,13.38233],[108.050349,13.413184],[108.066193,13.411075],[108.073582,13.40109],[108.109706,13.417756],[108.160693,13.399099],[108.182433,13.382132]]],[[[109.328642,13.289487],[109.340662,13.282524],[109.331229,13.27689],[109.326732,13.282156],[109.328642,13.289487]]],[[[109.336341,13.635333],[109.342916,13.634948],[109.35502,13.620776],[109.361535,13.611216],[109.358355,13.607483],[109.342059,13.617136],[109.336341,13.635333]]]]}},{"type":"Feature","properties":{"code":"82","name":"Tỉnh Đồng Tháp","type":"Tỉnh","merged_from":"tỉnh Tiền Giang và tỉnh Đồng Tháp","zone":"nam","lat":10.49506,"lng":105.90038},"geometry":{"type":"Polygon","coordinates":[[[105.450168,10.957565],[105.469861,10.965553],[105.493637,10.949228],[105.497256,10.954397],[105.514533,10.922888],[105.580356,10.893559],[105.601948,10.856753],[105.609614,10.83366],[105.59493,10.830919],[105.778814,10.659722],[105.805355,10.656173],[105.833464,10.638345],[105.90737,10.540112],[106.095155,10.523698],[106.101627,10.52746],[106.102218,10.577017],[106.28441,10.587909],[106.308628,10.566435],[106.318556,10.570807],[106.34633,10.543666],[106.350104,10.525114],[106.366853,10.519751],[106.365051,10.512246],[106.369991,10.507384],[106.366877,10.499094],[106.372723,10.495213],[106.368919,10.488936],[106.38778,10.477652],[106.401837,10.494305],[106.407596,10.49258],[106.451762,10.45157],[106.419375,10.435056],[106.415882,10.42796],[106.426642,10.412829],[106.452294,10.412241],[106.453963,10.403484],[106.445091,10.403298],[106.454385,10.395975],[106.461289,10.401436],[106.471784,10.399702],[106.483893,10.404472],[106.50858,10.429467],[106.517554,10.42624],[106.525752,10.433499],[106.537039,10.423149],[106.543408,10.429962],[106.556675,10.425136],[106.557599,10.413869],[106.583352,10.418265],[106.584595,10.437552],[106.594478,10.437588],[106.62552,10.453127],[106.636743,10.479764],[106.645499,10.484776],[106.656759,10.476898],[106.661046,10.44378],[106.676312,10.439506],[106.685563,10.444707],[106.709931,10.479866],[106.732825,10.498018],[106.779777,10.429488],[106.803764,10.40546],[106.812184,10.388686],[106.78053,10.377159],[106.77958,10.292263],[106.788047,10.230339],[106.797323,10.217419],[106.7978,10.204418],[106.787937,10.198509],[106.787016,10.192436],[106.746656,10.193808],[106.711537,10.210298],[106.67543,10.236084],[106.592546,10.251303],[106.53645,10.267643],[106.469809,10.307787],[106.441139,10.309965],[106.388111,10.341225],[106.301702,10.320829],[106.27567,10.327204],[106.201174,10.315819],[106.143254,10.285859],[106.102094,10.284206],[106.08503,10.277646],[106.036967,10.298035],[105.986425,10.332239],[105.968836,10.324882],[105.924864,10.284443],[105.899099,10.275062],[105.890792,10.278223],[105.874916,10.266025],[105.888362,10.246113],[105.900266,10.246517],[105.899918,10.235184],[105.910807,10.227666],[105.917435,10.212297],[105.911144,10.19343],[105.892523,10.18736],[105.874159,10.190625],[105.867029,10.153874],[105.849825,10.161238],[105.847344,10.151454],[105.79961,10.156426],[105.773607,10.189386],[105.762667,10.179346],[105.745002,10.198424],[105.726003,10.206226],[105.682129,10.143195],[105.68095,10.135172],[105.660155,10.149214],[105.623078,10.187381],[105.612738,10.218741],[105.588675,10.249481],[105.546772,10.288858],[105.51302,10.307299],[105.487854,10.333494],[105.489237,10.346661],[105.517032,10.364812],[105.52346,10.378207],[105.520169,10.404091],[105.527861,10.404112],[105.53025,10.412608],[105.542007,10.417119],[105.552699,10.435353],[105.572431,10.429959],[105.569803,10.476542],[105.550866,10.518929],[105.541234,10.530497],[105.508321,10.549073],[105.490474,10.550581],[105.468322,10.540647],[105.443736,10.55527],[105.414684,10.551099],[105.392541,10.569271],[105.369709,10.573972],[105.338177,10.647069],[105.336261,10.673134],[105.349289,10.714878],[105.336883,10.723872],[105.299761,10.717086],[105.276806,10.723984],[105.275722,10.733532],[105.299402,10.749001],[105.301708,10.760341],[105.260679,10.77128],[105.256297,10.783544],[105.259372,10.800968],[105.227007,10.8125],[105.210713,10.838193],[105.193133,10.847392],[105.187266,10.860587],[105.190404,10.89102],[105.186424,10.912545],[105.197004,10.9122],[105.213847,10.900728],[105.23718,10.893263],[105.263185,10.897437],[105.335367,10.861224],[105.35255,10.880941],[105.358063,10.881582],[105.357734,10.887426],[105.36585,10.888636],[105.36886,10.901067],[105.378504,10.90383],[105.385437,10.920258],[105.402861,10.932077],[105.424604,10.972887],[105.431704,10.9736],[105.450168,10.957565]]]}}]}