{"type":"FeatureCollection","features":[{"type":"Feature","properties":{"code":"00004","name":"Phường Ba Đình","type":"Phường"},"geometry":{"type":"Polygon","coordinates":[[[105.826607,21.037284],[105.827461,21.03968],[105.830578,21.041503],[105.836083,21.042687],[105.83681,21.046858],[105.840144,21.050628],[105.850367,21.040889],[105.844658,21.039346],[105.844766,21.034073],[105.843709,21.034239],[105.841553,21.028247],[105.826979,21.032108],[105.828376,21.03705],[105.826607,21.037284]]]}},{"type":"Feature","properties":{"code":"00292","name":"Phường Bạch Mai","type":"Phường"},"geometry":{"type":"Polygon","coordinates":[[[105.862231,20.996301],[105.857024,20.99519],[105.841259,20.997767],[105.841381,21.007713],[105.860803,21.009028],[105.862231,20.996301]]]}},{"type":"Feature","properties":{"code":"00118","name":"Phường Bồ Đề","type":"Phường"},"geometry":{"type":"Polygon","coordinates":[[[105.890555,21.052064],[105.881322,21.032982],[105.867461,21.021044],[105.86243,21.039604],[105.860998,21.05268],[105.852775,21.06659],[105.840993,21.08116],[105.845722,21.079989],[105.864264,21.06662],[105.868975,21.067024],[105.878063,21.071236],[105.88334,21.059616],[105.890555,21.052064]]]}},{"type":"Feature","properties":{"code":"10015","name":"Phường Chương Mỹ","type":"Phường"},"geometry":{"type":"Polygon","coordinates":[[[105.695536,20.964748],[105.696389,20.963776],[105.693374,20.956729],[105.694501,20.955205],[105.696373,20.954897],[105.697482,20.956877],[105.699195,20.955885],[105.704641,20.957862],[105.707239,20.956287],[105.7091,20.957762],[105.725119,20.950961],[105.714011,20.944724],[105.711705,20.941757],[105.711613,20.938567],[105.715194,20.93513],[105.719197,20.934442],[105.722207,20.936058],[105.723959,20.940993],[105.725259,20.940467],[105.729829,20.930233],[105.730214,20.918037],[105.73209,20.915228],[105.736429,20.913049],[105.723172,20.896094],[105.717874,20.898553],[105.700691,20.898617],[105.704057,20.885576],[105.697799,20.887298],[105.696797,20.890256],[105.687539,20.889805],[105.68672,20.890911],[105.6832,20.888012],[105.680608,20.892361],[105.67693,20.891045],[105.675019,20.898379],[105.677069,20.900571],[105.672608,20.913643],[105.67655,20.917367],[105.677417,20.923501],[105.675214,20.923649],[105.674956,20.928879],[105.672381,20.929174],[105.674004,20.933024],[105.671038,20.933144],[105.670941,20.935025],[105.665012,20.934798],[105.664781,20.94014],[105.662641,20.940021],[105.662111,20.949161],[105.678411,20.950714],[105.679708,20.954457],[105.68332,20.955376],[105.68296,20.95793],[105.686453,20.958484],[105.685927,20.960961],[105.690383,20.962467],[105.692619,20.961542],[105.695536,20.964748]]]}},{"type":"Feature","properties":{"code":"00166","name":"Phường Cầu Giấy","type":"Phường"},"geometry":{"type":"Polygon","coordinates":[[[105.780959,21.041853],[105.790476,21.041635],[105.794253,21.037455],[105.794721,21.039202],[105.797686,21.03903],[105.797379,21.03385],[105.801292,21.03027],[105.797652,21.025038],[105.79402,21.026166],[105.782199,21.017657],[105.778652,21.024081],[105.780959,21.041853]]]}},{"type":"Feature","properties":{"code":"00082","name":"Phường Cửa Nam","type":"Phường"},"geometry":{"type":"Polygon","coordinates":[[[105.856977,21.0244],[105.860129,21.025056],[105.862046,21.018575],[105.854096,21.017931],[105.841439,21.02065],[105.84263,21.029076],[105.856977,21.0244]]]}},{"type":"Feature","properties":{"code":"09886","name":"Phường Dương Nội","type":"Phường"},"geometry":{"type":"Polygon","coordinates":[[[105.741682,20.99489],[105.746332,20.989572],[105.752665,20.99162],[105.7554,20.989504],[105.753425,20.988111],[105.754451,20.984983],[105.763972,20.977939],[105.75366,20.968662],[105.76492,20.962327],[105.754763,20.954546],[105.73807,20.963285],[105.742777,20.964121],[105.741013,20.964896],[105.741904,20.967563],[105.738899,20.970757],[105.740785,20.974802],[105.737852,20.985869],[105.735152,20.986249],[105.732963,20.990449],[105.730075,20.991739],[105.741682,20.99489]]]}},{"type":"Feature","properties":{"code":"00025","name":"Phường Giảng Võ","type":"Phường"},"geometry":{"type":"Polygon","coordinates":[[[105.806268,21.036937],[105.814031,21.033893],[105.81323,21.031341],[105.815897,21.030678],[105.830007,21.032162],[105.819907,21.02356],[105.814926,21.016598],[105.808232,21.019859],[105.811252,21.025045],[105.809303,21.027432],[105.80138,21.030334],[105.806268,21.036937]]]}},{"type":"Feature","properties":{"code":"00256","name":"Phường Hai Bà Trưng","type":"Phường"},"geometry":{"type":"Polygon","coordinates":[[[105.865858,21.008795],[105.841381,21.007713],[105.841439,21.02065],[105.854096,21.017931],[105.862046,21.018575],[105.865858,21.008795]]]}},{"type":"Feature","properties":{"code":"00070","name":"Phường Hoàn Kiếm","type":"Phường"},"geometry":{"type":"Polygon","coordinates":[[[105.860129,21.025056],[105.857059,21.024378],[105.843238,21.028412],[105.844658,21.039346],[105.850367,21.040889],[105.860129,21.025056]]]}},{"type":"Feature","properties":{"code":"00337","name":"Phường Hoàng Liệt","type":"Phường"},"geometry":{"type":"Polygon","coordinates":[[[105.824058,20.968549],[105.826511,20.967295],[105.8349,20.970821],[105.841355,20.970245],[105.84415,20.951194],[105.840607,20.95426],[105.83247,20.952269],[105.817575,20.959654],[105.813197,20.959841],[105.824058,20.968549]]]}},{"type":"Feature","properties":{"code":"00331","name":"Phường Hoàng Mai","type":"Phường"},"geometry":{"type":"Polygon","coordinates":[[[105.876343,20.966442],[105.871956,20.964416],[105.862599,20.963936],[105.841979,20.965732],[105.84103,20.983691],[105.875477,20.983596],[105.889215,20.979572],[105.876343,20.966442]]]}},{"type":"Feature","properties":{"code":"09556","name":"Phường Hà Đông","type":"Phường"},"geometry":{"type":"Polygon","coordinates":[[[105.791062,20.985273],[105.797277,20.977926],[105.798667,20.978168],[105.799194,20.975328],[105.793702,20.973828],[105.79208,20.969715],[105.796843,20.963382],[105.794844,20.959797],[105.790324,20.959739],[105.786877,20.961512],[105.786842,20.963268],[105.777435,20.964078],[105.772177,20.959893],[105.772098,20.962406],[105.769194,20.965668],[105.76492,20.962327],[105.75366,20.968662],[105.763972,20.977939],[105.761267,20.979863],[105.764145,20.980082],[105.765934,20.98456],[105.767361,20.983424],[105.771574,20.985927],[105.776094,20.985649],[105.781057,20.989082],[105.783546,20.9867],[105.791062,20.985273]]]}},{"type":"Feature","properties":{"code":"00097","name":"Phường Hồng Hà","type":"Phường"},"geometry":{"type":"Polygon","coordinates":[[[105.874465,21.00262],[105.870727,21.003837],[105.864781,21.01004],[105.860496,21.024314],[105.854233,21.036049],[105.838118,21.052727],[105.831595,21.064071],[105.826371,21.068287],[105.825497,21.073054],[105.817422,21.082312],[105.816613,21.084566],[105.820877,21.093222],[105.827019,21.091014],[105.840993,21.08116],[105.855115,21.06277],[105.862395,21.049074],[105.86243,21.039604],[105.867768,21.020028],[105.872334,21.010577],[105.878062,21.006284],[105.874465,21.00262]]]}},{"type":"Feature","properties":{"code":"00364","name":"Phường Khương Đình","type":"Phường"},"geometry":{"type":"Polygon","coordinates":[[[105.822811,21.002433],[105.821462,20.992798],[105.824868,20.988714],[105.819289,20.984568],[105.818343,20.980736],[105.815685,20.983218],[105.812467,20.978993],[105.803225,20.991481],[105.820207,21.003116],[105.822811,21.002433]]]}},{"type":"Feature","properties":{"code":"00229","name":"Phường Kim Liên","type":"Phường"},"geometry":{"type":"Polygon","coordinates":[[[105.820207,21.003116],[105.826911,21.013473],[105.831046,21.011315],[105.834137,21.014245],[105.841381,21.007713],[105.841259,20.997767],[105.820207,21.003116]]]}},{"type":"Feature","properties":{"code":"09552","name":"Phường Kiến Hưng","type":"Phường"},"geometry":{"type":"Polygon","coordinates":[[[105.803545,20.95941],[105.801909,20.957177],[105.798162,20.95761],[105.797487,20.955702],[105.794783,20.954715],[105.791856,20.942501],[105.754763,20.954546],[105.769194,20.965668],[105.772098,20.962406],[105.772177,20.959893],[105.777435,20.964078],[105.786842,20.963268],[105.787004,20.961384],[105.791728,20.959396],[105.795303,20.960032],[105.796843,20.963382],[105.803545,20.95941]]]}},{"type":"Feature","properties":{"code":"00145","name":"Phường Long Biên","type":"Phường"},"geometry":{"type":"Polygon","coordinates":[[[105.890555,21.052064],[105.899515,21.037041],[105.929119,21.024736],[105.901842,20.99374],[105.874632,21.008278],[105.867461,21.021044],[105.881322,21.032982],[105.890555,21.052064]]]}},{"type":"Feature","properties":{"code":"00199","name":"Phường Láng","type":"Phường"},"geometry":{"type":"Polygon","coordinates":[[[105.80138,21.030334],[105.809023,21.02762],[105.811252,21.025045],[105.808232,21.019859],[105.814926,21.016598],[105.810785,21.01055],[105.804157,21.015734],[105.797804,21.024057],[105.80138,21.030334]]]}},{"type":"Feature","properties":{"code":"00328","name":"Phường Lĩnh Nam","type":"Phường"},"geometry":{"type":"Polygon","coordinates":[[[105.901842,20.99374],[105.907764,20.985221],[105.906643,20.976516],[105.902926,20.967763],[105.886167,20.945519],[105.871081,20.956624],[105.876782,20.964937],[105.876343,20.966442],[105.894992,20.986729],[105.892026,20.992466],[105.891972,20.996644],[105.883613,21.000983],[105.874229,21.002414],[105.878062,21.006284],[105.901842,20.99374]]]}},{"type":"Feature","properties":{"code":"00160","name":"Phường Nghĩa Đô","type":"Phường"},"geometry":{"type":"Polygon","coordinates":[[[105.789942,21.056597],[105.790113,21.051896],[105.80443,21.051816],[105.806358,21.037479],[105.801292,21.03027],[105.797379,21.03385],[105.797686,21.03903],[105.794721,21.039202],[105.794253,21.037455],[105.790476,21.041635],[105.780959,21.041853],[105.782362,21.056245],[105.789942,21.056597]]]}},{"type":"Feature","properties":{"code":"00008","name":"Phường Ngọc Hà","type":"Phường"},"geometry":{"type":"Polygon","coordinates":[[[105.805652,21.047611],[105.810886,21.046195],[105.815149,21.042712],[105.827461,21.03968],[105.826595,21.037305],[105.828376,21.03705],[105.826979,21.032108],[105.81323,21.031341],[105.814031,21.033893],[105.806268,21.036937],[105.805652,21.047611]]]}},{"type":"Feature","properties":{"code":"00619","name":"Phường Phú Diễn","type":"Phường"},"geometry":{"type":"Polygon","coordinates":[[[105.772326,21.054858],[105.782233,21.055702],[105.780567,21.036604],[105.767559,21.039627],[105.745357,21.047784],[105.745469,21.050127],[105.74872,21.052228],[105.748542,21.05551],[105.760872,21.060405],[105.772659,21.057084],[105.772326,21.054858]]]}},{"type":"Feature","properties":{"code":"09568","name":"Phường Phú Lương","type":"Phường"},"geometry":{"type":"Polygon","coordinates":[[[105.754763,20.954546],[105.791856,20.942501],[105.790454,20.939075],[105.786329,20.938912],[105.785579,20.935798],[105.783575,20.935742],[105.783733,20.928485],[105.776864,20.93036],[105.772306,20.926876],[105.77401,20.924829],[105.770554,20.922602],[105.767841,20.925558],[105.766512,20.924066],[105.760201,20.9284],[105.762097,20.929921],[105.759394,20.931763],[105.757943,20.930514],[105.757896,20.932866],[105.756519,20.932251],[105.75697,20.930406],[105.750188,20.930324],[105.751325,20.934641],[105.749332,20.935041],[105.748051,20.939621],[105.746397,20.939906],[105.745291,20.945524],[105.751168,20.950232],[105.75036,20.951215],[105.754763,20.954546]]]}},{"type":"Feature","properties":{"code":"00091","name":"Phường Phú Thượng","type":"Phường"},"geometry":{"type":"Polygon","coordinates":[[[105.820877,21.093222],[105.809027,21.070445],[105.787896,21.079122],[105.788364,21.082019],[105.785861,21.089817],[105.786404,21.097728],[105.820877,21.093222]]]}},{"type":"Feature","properties":{"code":"00136","name":"Phường Phúc Lợi","type":"Phường"},"geometry":{"type":"Polygon","coordinates":[[[105.932284,21.058172],[105.938725,21.041001],[105.929119,21.024735],[105.899515,21.037041],[105.894653,21.045757],[105.918151,21.057941],[105.923161,21.053012],[105.932284,21.058172]]]}},{"type":"Feature","properties":{"code":"00352","name":"Phường Phương Liệt","type":"Phường"},"geometry":{"type":"Polygon","coordinates":[[[105.84103,20.983691],[105.828566,20.984892],[105.821475,20.992743],[105.822811,21.002433],[105.841259,20.997767],[105.84103,20.983691]]]}},{"type":"Feature","properties":{"code":"09574","name":"Phường Sơn Tây","type":"Phường"},"geometry":{"type":"Polygon","coordinates":[[[105.475402,21.172096],[105.486602,21.162917],[105.49272,21.160227],[105.515642,21.156511],[105.515146,21.152404],[105.516983,21.151227],[105.516214,21.140144],[105.521042,21.139224],[105.522235,21.13559],[105.5244,21.135077],[105.524631,21.133853],[105.520376,21.131759],[105.518979,21.12845],[105.517954,21.129656],[105.515885,21.127975],[105.513569,21.128688],[105.510509,21.123637],[105.508123,21.124761],[105.504779,21.123228],[105.505396,21.120304],[105.503386,21.117834],[105.499141,21.118681],[105.497655,21.117017],[105.499195,21.116391],[105.498005,21.113166],[105.495367,21.112753],[105.495353,21.116425],[105.484323,21.132963],[105.476768,21.132007],[105.458985,21.138397],[105.459453,21.141556],[105.457251,21.144023],[105.456058,21.142306],[105.45062,21.14746],[105.456021,21.145071],[105.458118,21.148992],[105.461016,21.149999],[105.460532,21.153633],[105.461985,21.156357],[105.464307,21.156943],[105.463149,21.159247],[105.466221,21.160919],[105.465048,21.162332],[105.467286,21.163456],[105.467295,21.168525],[105.469198,21.167849],[105.475402,21.172096]]]}},{"type":"Feature","properties":{"code":"00643","name":"Phường Thanh Liệt","type":"Phường"},"geometry":{"type":"Polygon","coordinates":[[[105.803225,20.991481],[105.810003,20.982335],[105.806473,20.979952],[105.808642,20.9769],[105.806958,20.973224],[105.817829,20.966972],[105.821616,20.971751],[105.824952,20.970731],[105.82171,20.965884],[105.813141,20.960206],[105.817575,20.959654],[105.821262,20.957148],[105.816869,20.949646],[105.813381,20.954233],[105.797338,20.962783],[105.79208,20.969715],[105.793702,20.973828],[105.799194,20.975328],[105.798667,20.978168],[105.797277,20.977926],[105.792379,20.983763],[105.803225,20.991481]]]}},{"type":"Feature","properties":{"code":"00367","name":"Phường Thanh Xuân","type":"Phường"},"geometry":{"type":"Polygon","coordinates":[[[105.810785,21.01055],[105.818108,21.001589],[105.798736,20.988306],[105.79021,20.994787],[105.796929,20.999448],[105.794093,21.002969],[105.797652,21.005483],[105.800296,21.002232],[105.810785,21.01055]]]}},{"type":"Feature","properties":{"code":"00598","name":"Phường Thượng Cát","type":"Phường"},"geometry":{"type":"Polygon","coordinates":[[[105.741467,21.108003],[105.751124,21.098691],[105.772514,21.098494],[105.770535,21.090097],[105.771736,21.071537],[105.761206,21.071389],[105.759531,21.065795],[105.740558,21.072857],[105.728333,21.082554],[105.726601,21.085372],[105.727007,21.088434],[105.725705,21.088803],[105.726985,21.093916],[105.724714,21.096887],[105.726265,21.099117],[105.731906,21.1011],[105.741467,21.108003]]]}},{"type":"Feature","properties":{"code":"00103","name":"Phường Tây Hồ","type":"Phường"},"geometry":{"type":"Polygon","coordinates":[[[105.840144,21.050628],[105.836083,21.042687],[105.830727,21.041587],[105.8284,21.039538],[105.815149,21.042712],[105.810886,21.046195],[105.805235,21.047753],[105.804546,21.062405],[105.816613,21.084566],[105.820593,21.077456],[105.825668,21.072781],[105.826436,21.068187],[105.831595,21.064071],[105.840144,21.050628]]]}},{"type":"Feature","properties":{"code":"00634","name":"Phường Tây Mỗ","type":"Phường"},"geometry":{"type":"Polygon","coordinates":[[[105.730485,21.010558],[105.762089,21.006559],[105.761465,20.998635],[105.762648,20.996619],[105.759854,20.991972],[105.746332,20.989572],[105.741682,20.99489],[105.735785,20.993331],[105.730485,21.010558]]]}},{"type":"Feature","properties":{"code":"00613","name":"Phường Tây Tựu","type":"Phường"},"geometry":{"type":"Polygon","coordinates":[[[105.75602,21.066969],[105.755513,21.065051],[105.760814,21.060258],[105.748542,21.05551],[105.74872,21.052228],[105.745469,21.050127],[105.745357,21.047784],[105.737682,21.050912],[105.724674,21.059793],[105.724595,21.076937],[105.728333,21.082554],[105.739788,21.073287],[105.75602,21.066969]]]}},{"type":"Feature","properties":{"code":"09604","name":"Phường Tùng Thiện","type":"Phường"},"geometry":{"type":"Polygon","coordinates":[[[105.453562,21.145409],[105.456058,21.142306],[105.45703,21.144208],[105.459393,21.141674],[105.458985,21.138397],[105.476768,21.132007],[105.484323,21.132963],[105.495353,21.116425],[105.495367,21.112753],[105.498005,21.113166],[105.499195,21.116391],[105.497655,21.117017],[105.499425,21.118894],[105.503192,21.118021],[105.501782,21.116819],[105.502493,21.114435],[105.500564,21.112992],[105.503286,21.107129],[105.506122,21.107018],[105.505483,21.101714],[105.502773,21.098993],[105.497736,21.097662],[105.496307,21.095223],[105.493448,21.095815],[105.493115,21.094137],[105.488501,21.093403],[105.487267,21.097495],[105.488256,21.101679],[105.485004,21.103162],[105.48449,21.105426],[105.480563,21.10453],[105.47775,21.106136],[105.474758,21.104225],[105.475078,21.102324],[105.4726,21.103609],[105.470519,21.100344],[105.470304,21.103222],[105.460567,21.103206],[105.45228,21.099646],[105.448804,21.101516],[105.442735,21.09893],[105.440081,21.102322],[105.441897,21.104982],[105.434643,21.10109],[105.430273,21.103866],[105.42382,21.104665],[105.430997,21.106769],[105.429577,21.11692],[105.431248,21.120135],[105.425399,21.122054],[105.42321,21.129437],[105.419376,21.131773],[105.417945,21.134754],[105.414563,21.135243],[105.418731,21.14345],[105.422587,21.14411],[105.434142,21.15147],[105.436059,21.149391],[105.44908,21.146782],[105.448612,21.143962],[105.450726,21.142754],[105.453562,21.145409]]]}},{"type":"Feature","properties":{"code":"00322","name":"Phường Tương Mai","type":"Phường"},"geometry":{"type":"Polygon","coordinates":[[[105.841259,20.997767],[105.857024,20.99519],[105.862231,20.996301],[105.862713,20.992128],[105.866845,20.987975],[105.875477,20.983596],[105.84103,20.983691],[105.841259,20.997767]]]}},{"type":"Feature","properties":{"code":"00592","name":"Phường Từ Liêm","type":"Phường"},"geometry":{"type":"Polygon","coordinates":[[[105.761424,21.041666],[105.780593,21.036603],[105.779258,21.02167],[105.792314,21.005164],[105.787087,21.002301],[105.762703,21.006432],[105.762563,21.009801],[105.753741,21.018496],[105.755245,21.022429],[105.754181,21.025364],[105.758322,21.030126],[105.758412,21.038012],[105.761424,21.041666]]]}},{"type":"Feature","properties":{"code":"00127","name":"Phường Việt Hưng","type":"Phường"},"geometry":{"type":"Polygon","coordinates":[[[105.897717,21.07979],[105.917874,21.076098],[105.923283,21.07315],[105.927754,21.067718],[105.932284,21.058172],[105.923161,21.053012],[105.917785,21.057824],[105.894653,21.045757],[105.88334,21.059616],[105.878063,21.071236],[105.891624,21.078733],[105.897717,21.07979]]]}},{"type":"Feature","properties":{"code":"00226","name":"Phường Văn Miếu - Quốc Tử Giám","type":"Phường"},"geometry":{"type":"Polygon","coordinates":[[[105.841377,21.007916],[105.829761,21.018248],[105.836038,21.030422],[105.841558,21.028831],[105.841377,21.007916]]]}},{"type":"Feature","properties":{"code":"00301","name":"Phường Vĩnh Hưng","type":"Phường"},"geometry":{"type":"Polygon","coordinates":[[[105.889215,20.979572],[105.868914,20.986643],[105.873726,20.992777],[105.873699,20.997652],[105.871956,21.000264],[105.874229,21.002414],[105.883613,21.000983],[105.892131,20.996481],[105.892026,20.992466],[105.894999,20.986061],[105.889215,20.979572]]]}},{"type":"Feature","properties":{"code":"00283","name":"Phường Vĩnh Tuy","type":"Phường"},"geometry":{"type":"Polygon","coordinates":[[[105.874229,21.002414],[105.871956,21.000264],[105.873699,20.997652],[105.873726,20.992777],[105.868914,20.986643],[105.862713,20.992128],[105.860736,21.008925],[105.865858,21.008795],[105.874229,21.002414]]]}},{"type":"Feature","properties":{"code":"00622","name":"Phường Xuân Phương","type":"Phường"},"geometry":{"type":"Polygon","coordinates":[[[105.744015,21.048312],[105.761424,21.041666],[105.758412,21.038012],[105.758322,21.030126],[105.754181,21.025364],[105.755245,21.022429],[105.753741,21.018496],[105.762563,21.009801],[105.762703,21.006432],[105.733009,21.010398],[105.73397,21.015465],[105.729977,21.017934],[105.734456,21.022589],[105.736746,21.022831],[105.734846,21.026313],[105.73854,21.027788],[105.73713,21.030958],[105.738936,21.032749],[105.738057,21.03647],[105.734737,21.036813],[105.733635,21.038384],[105.732646,21.045287],[105.727967,21.048405],[105.72866,21.050539],[105.726562,21.05271],[105.729586,21.056473],[105.744015,21.048312]]]}},{"type":"Feature","properties":{"code":"00611","name":"Phường Xuân Đỉnh","type":"Phường"},"geometry":{"type":"Polygon","coordinates":[[[105.792954,21.076568],[105.79438,21.077306],[105.809027,21.070445],[105.804546,21.062405],[105.80443,21.051816],[105.790113,21.051896],[105.789948,21.056785],[105.782362,21.056245],[105.786415,21.076752],[105.787896,21.079122],[105.792954,21.076568]]]}},{"type":"Feature","properties":{"code":"00175","name":"Phường Yên Hòa","type":"Phường"},"geometry":{"type":"Polygon","coordinates":[[[105.810785,21.01055],[105.800296,21.002232],[105.797652,21.005483],[105.794093,21.002969],[105.782199,21.017657],[105.79402,21.026166],[105.797652,21.025038],[105.804157,21.015734],[105.810785,21.01055]]]}},{"type":"Feature","properties":{"code":"09562","name":"Phường Yên Nghĩa","type":"Phường"},"geometry":{"type":"Polygon","coordinates":[[[105.754763,20.954546],[105.745291,20.945524],[105.746397,20.939906],[105.748051,20.939621],[105.749332,20.935041],[105.751325,20.934641],[105.749085,20.926275],[105.750859,20.926175],[105.751456,20.923339],[105.750783,20.920824],[105.748753,20.920463],[105.749645,20.91664],[105.742041,20.915373],[105.741117,20.912654],[105.734434,20.913826],[105.730447,20.917475],[105.729829,20.930233],[105.724775,20.940916],[105.721766,20.935498],[105.719197,20.934442],[105.715194,20.93513],[105.711676,20.938378],[105.713408,20.94411],[105.725053,20.950887],[105.725033,20.955372],[105.730535,20.960924],[105.731632,20.959584],[105.73807,20.963285],[105.754763,20.954546]]]}},{"type":"Feature","properties":{"code":"00340","name":"Phường Yên Sở","type":"Phường"},"geometry":{"type":"Polygon","coordinates":[[[105.876782,20.964937],[105.86476,20.94911],[105.864007,20.943261],[105.849277,20.947712],[105.847541,20.952123],[105.84415,20.951194],[105.841979,20.965732],[105.862599,20.963936],[105.871956,20.964416],[105.876343,20.966442],[105.876782,20.964937]]]}},{"type":"Feature","properties":{"code":"00190","name":"Phường Ô Chợ Dừa","type":"Phường"},"geometry":{"type":"Polygon","coordinates":[[[105.836038,21.030422],[105.829761,21.018248],[105.825668,21.020827],[105.823482,21.01665],[105.818893,21.013935],[105.814991,21.016691],[105.819907,21.02356],[105.830007,21.032162],[105.836038,21.030422]]]}},{"type":"Feature","properties":{"code":"00602","name":"Phường Đông Ngạc","type":"Phường"},"geometry":{"type":"Polygon","coordinates":[[[105.786404,21.097728],[105.785861,21.089817],[105.78846,21.080981],[105.785987,21.07575],[105.782233,21.055702],[105.772101,21.05429],[105.772659,21.057084],[105.761044,21.060248],[105.755513,21.065051],[105.75602,21.066969],[105.760554,21.066575],[105.761206,21.071389],[105.771736,21.071537],[105.770535,21.090097],[105.772514,21.098494],[105.786404,21.097728]]]}},{"type":"Feature","properties":{"code":"00637","name":"Phường Đại Mỗ","type":"Phường"},"geometry":{"type":"Polygon","coordinates":[[[105.783985,21.002057],[105.792314,21.005164],[105.796929,20.999448],[105.79021,20.994787],[105.798736,20.988307],[105.79238,20.983764],[105.791062,20.985273],[105.783546,20.9867],[105.781057,20.989082],[105.776094,20.985649],[105.771574,20.985927],[105.767361,20.983424],[105.765934,20.98456],[105.762924,20.979787],[105.754143,20.985505],[105.753425,20.988111],[105.7554,20.989504],[105.752665,20.99162],[105.759854,20.991972],[105.762648,20.996619],[105.761465,20.998635],[105.762089,21.006559],[105.783985,21.002057]]]}},{"type":"Feature","properties":{"code":"00316","name":"Phường Định Công","type":"Phường"},"geometry":{"type":"Polygon","coordinates":[[[105.831514,20.983688],[105.84103,20.983691],[105.841355,20.970245],[105.8349,20.970821],[105.826511,20.967295],[105.824058,20.968549],[105.824952,20.970731],[105.821616,20.971751],[105.817829,20.966972],[105.806958,20.973224],[105.808642,20.9769],[105.806522,20.980038],[105.810003,20.982335],[105.812467,20.978993],[105.815685,20.983218],[105.818343,20.980736],[105.819289,20.984568],[105.824868,20.988714],[105.831514,20.983688]]]}},{"type":"Feature","properties":{"code":"00235","name":"Phường Đống Đa","type":"Phường"},"geometry":{"type":"Polygon","coordinates":[[[105.810785,21.01055],[105.814991,21.016691],[105.818893,21.013935],[105.823482,21.01665],[105.825668,21.020827],[105.834137,21.014245],[105.831046,21.011315],[105.826911,21.013473],[105.821924,21.004451],[105.818108,21.001589],[105.815101,21.007472],[105.810785,21.01055]]]}},{"type":"Feature","properties":{"code":"09877","name":"Xã An Khánh","type":"Xã"},"geometry":{"type":"Polygon","coordinates":[[[105.730485,21.010558],[105.735785,20.993331],[105.730075,20.991739],[105.732963,20.990449],[105.735152,20.986249],[105.737852,20.985869],[105.740785,20.974802],[105.738899,20.970757],[105.741904,20.967563],[105.741013,20.964896],[105.742777,20.964121],[105.739611,20.962573],[105.739031,20.963723],[105.731632,20.959584],[105.730535,20.960924],[105.725033,20.955372],[105.716425,20.961947],[105.709586,20.972706],[105.700179,20.977672],[105.695294,20.978416],[105.689018,20.974429],[105.689174,20.972653],[105.685327,20.969376],[105.683949,20.970324],[105.687295,20.974832],[105.68215,20.978023],[105.676037,20.986086],[105.674503,20.986579],[105.667619,20.982043],[105.665123,20.983004],[105.667499,20.996175],[105.663925,21.003133],[105.690915,21.005536],[105.720501,21.011152],[105.730485,21.010558]]]}},{"type":"Feature","properties":{"code":"09700","name":"Xã Ba Vì","type":"Xã"},"geometry":{"type":"Polygon","coordinates":[[[105.325973,21.114],[105.338215,21.112708],[105.343525,21.109647],[105.342852,21.108516],[105.346991,21.100781],[105.355395,21.096924],[105.361705,21.105307],[105.360634,21.107394],[105.364107,21.109262],[105.366284,21.10852],[105.367595,21.111314],[105.369618,21.110135],[105.373189,21.111575],[105.371564,21.107166],[105.375241,21.105163],[105.375045,21.101372],[105.371422,21.094622],[105.373403,21.094295],[105.377597,21.09724],[105.380083,21.094925],[105.375712,21.085732],[105.381688,21.083123],[105.378182,21.034651],[105.380805,21.030117],[105.38444,21.028491],[105.387487,21.024437],[105.375628,21.015055],[105.353444,21.007239],[105.347773,21.014157],[105.343083,21.012723],[105.338907,21.013435],[105.333607,21.010238],[105.33504,21.009304],[105.333701,21.00852],[105.326409,21.008763],[105.325011,21.010033],[105.327744,21.013885],[105.326692,21.016464],[105.328765,21.016598],[105.331207,21.021312],[105.331259,21.022927],[105.328866,21.024116],[105.325711,21.021106],[105.32019,21.020215],[105.322053,21.018587],[105.31978,21.01824],[105.316414,21.013654],[105.305,21.022672],[105.297882,21.033198],[105.293484,21.050573],[105.294673,21.056739],[105.303812,21.075675],[105.316852,21.093095],[105.320108,21.110827],[105.323839,21.111179],[105.325973,21.114]]]}},{"type":"Feature","properties":{"code":"00577","name":"Xã Bát Tràng","type":"Xã"},"geometry":{"type":"Polygon","coordinates":[[[105.944677,20.981298],[105.9432,20.979364],[105.944077,20.977162],[105.936264,20.969831],[105.932359,20.973604],[105.930003,20.97262],[105.924274,20.975745],[105.920305,20.974654],[105.918494,20.975754],[105.913021,20.973694],[105.913197,20.970799],[105.90649,20.958003],[105.903098,20.947208],[105.914776,20.937332],[105.908206,20.927075],[105.900016,20.929155],[105.886826,20.928514],[105.882132,20.929732],[105.882109,20.940342],[105.902926,20.967763],[105.906643,20.976516],[105.907764,20.985221],[105.901842,20.99374],[105.917909,21.012319],[105.940176,20.988068],[105.944677,20.981298]]]}},{"type":"Feature","properties":{"code":"10126","name":"Xã Bình Minh","type":"Xã"},"geometry":{"type":"Polygon","coordinates":[[[105.786329,20.938912],[105.798914,20.93895],[105.7983,20.937027],[105.801593,20.935671],[105.801492,20.934201],[105.799125,20.934217],[105.797711,20.930875],[105.791623,20.927041],[105.791716,20.921484],[105.789463,20.91978],[105.790283,20.917232],[105.787942,20.914178],[105.785466,20.902446],[105.787378,20.90196],[105.785247,20.892726],[105.782762,20.893212],[105.780785,20.890974],[105.77639,20.891533],[105.774594,20.890322],[105.770668,20.879178],[105.771679,20.877376],[105.768077,20.873726],[105.767486,20.869891],[105.759817,20.874868],[105.751839,20.874237],[105.751901,20.877412],[105.748918,20.87373],[105.747963,20.875344],[105.739293,20.874143],[105.73798,20.876304],[105.739121,20.886134],[105.736888,20.89127],[105.732941,20.893384],[105.724981,20.893096],[105.722392,20.894436],[105.730913,20.907552],[105.736101,20.911723],[105.736741,20.914181],[105.740916,20.912581],[105.742041,20.915373],[105.749645,20.91664],[105.748753,20.920463],[105.750783,20.920824],[105.751456,20.923339],[105.750859,20.926175],[105.749085,20.926275],[105.750188,20.930324],[105.75697,20.930406],[105.756519,20.932251],[105.757896,20.932866],[105.757943,20.930514],[105.759394,20.931763],[105.762097,20.929921],[105.760201,20.9284],[105.766512,20.924066],[105.767841,20.925558],[105.770554,20.922602],[105.77401,20.924829],[105.772306,20.926876],[105.776864,20.93036],[105.783733,20.928485],[105.783575,20.935742],[105.785579,20.935798],[105.786329,20.938912]]]}},{"type":"Feature","properties":{"code":"09676","name":"Xã Bất Bạt","type":"Xã"},"geometry":{"type":"Polygon","coordinates":[[[105.34405,21.208249],[105.349961,21.207558],[105.352849,21.201896],[105.356297,21.199694],[105.369146,21.198671],[105.368759,21.191597],[105.373811,21.186371],[105.37296,21.176872],[105.376569,21.166534],[105.37068,21.158083],[105.37046,21.150113],[105.363535,21.138236],[105.348896,21.140942],[105.345605,21.146202],[105.343522,21.142827],[105.339049,21.141305],[105.336472,21.143364],[105.337209,21.14606],[105.334249,21.148004],[105.330157,21.148296],[105.327652,21.14433],[105.323822,21.145144],[105.318665,21.14224],[105.322457,21.136893],[105.318309,21.13422],[105.323627,21.122892],[105.329709,21.121718],[105.332644,21.11584],[105.331239,21.112978],[105.325973,21.114],[105.323839,21.111179],[105.320108,21.110827],[105.320184,21.110132],[105.320155,21.108715],[105.320047,21.107249],[105.319809,21.10549],[105.319131,21.101296],[105.318287,21.097063],[105.317799,21.095395],[105.316852,21.093095],[105.315101,21.089495],[105.31473,21.088898],[105.314385,21.088367],[105.31351,21.087345],[105.310122,21.084002],[105.306955,21.08028],[105.301219,21.070456],[105.306948,21.080278],[105.316845,21.093092],[105.319802,21.105488],[105.319735,21.113602],[105.307245,21.134435],[105.294737,21.147799],[105.285956,21.161184],[105.285352,21.171875],[105.289621,21.173123],[105.292046,21.171971],[105.302764,21.190739],[105.325381,21.203402],[105.329166,21.204111],[105.335911,21.201164],[105.339061,21.201772],[105.34405,21.208249]]]}},{"type":"Feature","properties":{"code":"10330","name":"Xã Chuyên Mỹ","type":"Xã"},"geometry":{"type":"Polygon","coordinates":[[[105.869159,20.762737],[105.875449,20.759502],[105.874859,20.756349],[105.884051,20.745874],[105.883769,20.741341],[105.888691,20.741679],[105.886917,20.736172],[105.881798,20.730821],[105.883051,20.728193],[105.893681,20.731535],[105.891732,20.725546],[105.897168,20.725736],[105.900986,20.720931],[105.903493,20.722148],[105.903849,20.718256],[105.902206,20.71531],[105.904278,20.715866],[105.904723,20.711509],[105.910805,20.711405],[105.910787,20.69566],[105.918563,20.695659],[105.922815,20.687382],[105.918211,20.678159],[105.919957,20.675908],[105.918112,20.673299],[105.91743,20.674324],[105.905498,20.668409],[105.90412,20.670755],[105.895132,20.675261],[105.894532,20.68021],[105.886225,20.675715],[105.88553,20.679067],[105.883363,20.677938],[105.88237,20.685423],[105.884135,20.68574],[105.886122,20.691422],[105.890577,20.691648],[105.892062,20.692368],[105.891426,20.693459],[105.889249,20.692141],[105.887485,20.696463],[105.872053,20.705869],[105.873534,20.71003],[105.868472,20.709442],[105.863812,20.714117],[105.860053,20.715017],[105.8602,20.718526],[105.858828,20.7164],[105.85912,20.719146],[105.854879,20.721819],[105.857348,20.725093],[105.854429,20.731496],[105.849658,20.732827],[105.850523,20.737682],[105.846019,20.737049],[105.845592,20.741183],[105.843683,20.742138],[105.84519,20.745194],[105.849697,20.745557],[105.853287,20.748076],[105.849423,20.753376],[105.849585,20.758371],[105.855317,20.757828],[105.863285,20.761832],[105.86738,20.761283],[105.869159,20.762737]]]}},{"type":"Feature","properties":{"code":"10237","name":"Xã Chương Dương","type":"Xã"},"geometry":{"type":"Polygon","coordinates":[[[105.932694,20.869591],[105.936104,20.861568],[105.934743,20.854316],[105.929561,20.849077],[105.916642,20.842197],[105.91291,20.836808],[105.910908,20.822773],[105.914143,20.810087],[105.884462,20.802253],[105.886454,20.797687],[105.880125,20.794743],[105.87266,20.79655],[105.872712,20.819432],[105.869186,20.819323],[105.867764,20.83034],[105.877264,20.831411],[105.883914,20.833943],[105.88455,20.840486],[105.890544,20.842506],[105.889474,20.846662],[105.891272,20.84905],[105.888253,20.851157],[105.888423,20.852146],[105.891297,20.850066],[105.894874,20.851968],[105.895267,20.858098],[105.900717,20.86079],[105.902364,20.86887],[105.91554,20.865768],[105.916381,20.868153],[105.921061,20.870821],[105.924577,20.87774],[105.932694,20.869591]]]}},{"type":"Feature","properties":{"code":"09634","name":"Xã Cổ Đô","type":"Xã"},"geometry":{"type":"Polygon","coordinates":[[[105.393124,21.305673],[105.415846,21.296989],[105.43523,21.286578],[105.43938,21.281639],[105.443188,21.271313],[105.445576,21.251803],[105.439498,21.251049],[105.435212,21.252244],[105.432599,21.250597],[105.429473,21.243584],[105.41529,21.238397],[105.411855,21.240608],[105.402802,21.241385],[105.395422,21.237807],[105.390728,21.240708],[105.388049,21.240173],[105.384602,21.2366],[105.371624,21.246795],[105.369275,21.243786],[105.366411,21.245055],[105.362621,21.244234],[105.362473,21.245452],[105.356784,21.242894],[105.353437,21.245797],[105.353359,21.245107],[105.352017,21.23959],[105.34728,21.226527],[105.353352,21.245105],[105.352353,21.270062],[105.357021,21.28973],[105.362164,21.284926],[105.374277,21.292172],[105.37516,21.295456],[105.393124,21.305673]]]}},{"type":"Feature","properties":{"code":"10180","name":"Xã Dân Hòa","type":"Xã"},"geometry":{"type":"Polygon","coordinates":[[[105.821831,20.84112],[105.827105,20.834392],[105.829054,20.827359],[105.82772,20.827201],[105.837273,20.823784],[105.836625,20.81763],[105.841064,20.813943],[105.838961,20.814224],[105.839534,20.809935],[105.838621,20.80507],[105.836729,20.805064],[105.836702,20.800352],[105.832607,20.8006],[105.831608,20.80626],[105.824252,20.806726],[105.816926,20.804552],[105.820554,20.795032],[105.818454,20.794105],[105.813841,20.801912],[105.809858,20.798731],[105.80835,20.792258],[105.810767,20.787411],[105.806607,20.780329],[105.789724,20.786227],[105.788334,20.789309],[105.785699,20.789064],[105.784476,20.791765],[105.780069,20.788859],[105.776783,20.790534],[105.776173,20.787946],[105.768519,20.788146],[105.765924,20.782504],[105.763616,20.787967],[105.759549,20.790258],[105.757231,20.787403],[105.754479,20.791442],[105.753031,20.790392],[105.751301,20.79268],[105.74536,20.788936],[105.738322,20.793253],[105.739202,20.796988],[105.735869,20.808889],[105.742682,20.805149],[105.746239,20.806704],[105.755274,20.813776],[105.752633,20.820775],[105.759037,20.821277],[105.759567,20.822804],[105.762133,20.821997],[105.760979,20.819813],[105.762926,20.820821],[105.764339,20.819583],[105.769112,20.81316],[105.768798,20.811602],[105.775302,20.812337],[105.773651,20.820035],[105.776713,20.823181],[105.785244,20.825401],[105.783437,20.82871],[105.784985,20.829733],[105.787427,20.82444],[105.791977,20.823857],[105.798595,20.828453],[105.796222,20.830502],[105.798507,20.831731],[105.795878,20.836267],[105.796929,20.839644],[105.803761,20.840753],[105.814073,20.839643],[105.821831,20.84112]]]}},{"type":"Feature","properties":{"code":"09856","name":"Xã Dương Hòa","type":"Xã"},"geometry":{"type":"Polygon","coordinates":[[[105.681721,21.070325],[105.685057,21.070883],[105.693041,21.05148],[105.692512,21.035148],[105.696846,21.030569],[105.686523,21.031707],[105.683501,21.03406],[105.679687,21.02533],[105.677674,21.02321],[105.674138,21.025121],[105.672173,21.021869],[105.668722,21.023752],[105.667281,21.030663],[105.664414,21.033662],[105.654577,21.037615],[105.65083,21.044361],[105.646224,21.063226],[105.647531,21.065176],[105.649707,21.064756],[105.656097,21.059814],[105.661739,21.058752],[105.66482,21.062384],[105.66372,21.066132],[105.666734,21.067541],[105.663929,21.068141],[105.663763,21.070497],[105.666562,21.07264],[105.672529,21.07026],[105.671816,21.071557],[105.676083,21.073848],[105.674853,21.075531],[105.675929,21.076269],[105.681721,21.070325]]]}},{"type":"Feature","properties":{"code":"00565","name":"Xã Gia Lâm","type":"Xã"},"geometry":{"type":"Polygon","coordinates":[[[105.948539,21.037486],[105.949017,21.031338],[105.952318,21.027028],[105.950457,21.021826],[105.95159,21.021105],[105.946904,21.01562],[105.951958,21.012048],[105.957652,21.01949],[105.963951,21.021684],[105.970143,21.01581],[105.977968,20.999018],[105.973566,20.996307],[105.971736,20.997012],[105.972183,20.989739],[105.968806,20.988665],[105.96507,20.991023],[105.961605,20.989162],[105.963992,20.98453],[105.965138,20.985046],[105.961863,20.981398],[105.962981,20.980219],[105.961329,20.975893],[105.964716,20.972463],[105.964023,20.963409],[105.959175,20.96416],[105.956141,20.968185],[105.949605,20.966651],[105.947655,20.969281],[105.939783,20.96795],[105.938505,20.970211],[105.936264,20.969831],[105.944077,20.977162],[105.9432,20.979364],[105.944879,20.982001],[105.917909,21.012319],[105.927821,21.022404],[105.938725,21.041001],[105.948539,21.037486]]]}},{"type":"Feature","properties":{"code":"09832","name":"Xã Hoài Đức","type":"Xã"},"geometry":{"type":"Polygon","coordinates":[[[105.724527,21.06917],[105.724674,21.059793],[105.729586,21.056473],[105.726562,21.05271],[105.729867,21.046983],[105.727351,21.045236],[105.725204,21.040102],[105.723155,21.040102],[105.720282,21.034347],[105.712289,21.03412],[105.704834,21.04464],[105.704097,21.050662],[105.69297,21.051521],[105.685057,21.070883],[105.681721,21.070325],[105.675561,21.076656],[105.679486,21.081068],[105.677485,21.081534],[105.677144,21.084053],[105.685056,21.087826],[105.686784,21.090295],[105.688677,21.088552],[105.696818,21.086785],[105.696999,21.08353],[105.701458,21.080743],[105.69884,21.074754],[105.70822,21.071118],[105.710686,21.075083],[105.724527,21.06917]]]}},{"type":"Feature","properties":{"code":"09772","name":"Xã Hát Môn","type":"Xã"},"geometry":{"type":"Polygon","coordinates":[[[105.623577,21.137086],[105.623393,21.134265],[105.630566,21.125477],[105.624413,21.120212],[105.624453,21.118488],[105.629642,21.114082],[105.639442,21.109587],[105.638533,21.105612],[105.636337,21.107002],[105.634317,21.100903],[105.64329,21.096568],[105.647324,21.091042],[105.644968,21.086062],[105.646162,21.071117],[105.651165,21.068234],[105.659252,21.072163],[105.664696,21.063999],[105.663536,21.059777],[105.65959,21.058728],[105.647412,21.065089],[105.646226,21.062611],[105.650927,21.044104],[105.648244,21.040282],[105.646948,21.042398],[105.647976,21.046295],[105.646912,21.042381],[105.644587,21.043344],[105.643314,21.040941],[105.643046,21.043727],[105.634728,21.044172],[105.63064,21.051221],[105.632123,21.052407],[105.629655,21.060053],[105.62437,21.064846],[105.616467,21.069528],[105.61579,21.067563],[105.609313,21.072542],[105.60724,21.070482],[105.594935,21.074672],[105.592174,21.079932],[105.591311,21.084673],[105.593811,21.086736],[105.592527,21.08673],[105.593755,21.098134],[105.592895,21.10672],[105.589614,21.106793],[105.590259,21.109902],[105.596298,21.110807],[105.597508,21.120725],[105.60224,21.118115],[105.605039,21.112712],[105.606692,21.113687],[105.605029,21.12146],[105.605412,21.130036],[105.60866,21.131396],[105.611561,21.13564],[105.614205,21.134744],[105.617247,21.137409],[105.623577,21.137086]]]}},{"type":"Feature","properties":{"code":"09988","name":"Xã Hòa Lạc","type":"Xã"},"geometry":{"type":"Polygon","coordinates":[[[105.505244,21.048428],[105.519211,21.027008],[105.523559,21.026348],[105.535035,21.030288],[105.538706,21.034108],[105.545485,21.034783],[105.54555,21.029186],[105.549527,21.022935],[105.54719,21.014812],[105.55069,21.014353],[105.552544,21.011839],[105.55647,20.993287],[105.552898,20.986992],[105.551325,20.985687],[105.549644,20.986967],[105.548718,20.983429],[105.541607,20.97911],[105.535787,20.979751],[105.534213,20.977692],[105.530728,20.979809],[105.529517,20.978162],[105.526992,20.981306],[105.524875,20.990395],[105.504829,20.989541],[105.494975,20.99165],[105.466341,21.011803],[105.461253,21.013115],[105.488423,21.041731],[105.498339,21.047214],[105.505244,21.048428]]]}},{"type":"Feature","properties":{"code":"10096","name":"Xã Hòa Phú","type":"Xã"},"geometry":{"type":"Polygon","coordinates":[[[105.735488,20.844668],[105.733827,20.840301],[105.73909,20.836779],[105.757884,20.837044],[105.758595,20.835175],[105.761174,20.834797],[105.753111,20.824079],[105.752689,20.819406],[105.755132,20.813481],[105.743431,20.805091],[105.734695,20.809181],[105.725928,20.807423],[105.709099,20.809641],[105.709798,20.813859],[105.707232,20.81878],[105.70673,20.824318],[105.710491,20.826602],[105.709625,20.830088],[105.696876,20.828437],[105.697167,20.826503],[105.695891,20.826257],[105.698467,20.818072],[105.693824,20.812583],[105.686171,20.812778],[105.68174,20.814506],[105.681348,20.812965],[105.677812,20.814703],[105.671434,20.813943],[105.669378,20.816506],[105.669512,20.814538],[105.668029,20.815807],[105.667393,20.812788],[105.663362,20.81535],[105.664896,20.814076],[105.657001,20.814897],[105.668247,20.822399],[105.672879,20.824767],[105.674294,20.824099],[105.674851,20.826337],[105.682286,20.827306],[105.685322,20.826261],[105.68673,20.827889],[105.685576,20.829454],[105.690886,20.831023],[105.689575,20.837623],[105.687007,20.837221],[105.685785,20.844029],[105.696424,20.846214],[105.69838,20.84855],[105.70649,20.847834],[105.708967,20.85136],[105.711384,20.851479],[105.709475,20.856662],[105.711537,20.85609],[105.712672,20.858469],[105.717109,20.859353],[105.725112,20.854829],[105.727152,20.850836],[105.728686,20.85167],[105.733184,20.845048],[105.735488,20.844668]]]}},{"type":"Feature","properties":{"code":"10417","name":"Xã Hòa Xá","type":"Xã"},"geometry":{"type":"Polygon","coordinates":[[[105.7739,20.722481],[105.776109,20.717208],[105.775005,20.706537],[105.777362,20.706693],[105.78035,20.700474],[105.781872,20.699096],[105.790806,20.702568],[105.792057,20.700595],[105.793389,20.696405],[105.79048,20.69507],[105.793177,20.691491],[105.79109,20.690123],[105.795564,20.685333],[105.794169,20.684305],[105.795881,20.681947],[105.800115,20.678345],[105.796906,20.675751],[105.799484,20.676916],[105.805376,20.67064],[105.814747,20.678051],[105.822514,20.679321],[105.825224,20.66601],[105.828942,20.663643],[105.823039,20.664468],[105.823,20.662059],[105.819531,20.660807],[105.826403,20.652855],[105.833959,20.648529],[105.831471,20.644411],[105.813341,20.633434],[105.811104,20.628036],[105.814561,20.624939],[105.813312,20.622177],[105.814892,20.618773],[105.807184,20.61754],[105.801819,20.612002],[105.796778,20.612091],[105.784661,20.6181],[105.777035,20.624565],[105.781043,20.626992],[105.792786,20.627411],[105.797485,20.629121],[105.803302,20.63487],[105.802064,20.641764],[105.792561,20.646423],[105.783844,20.657946],[105.771282,20.669604],[105.751724,20.682647],[105.742832,20.690845],[105.742777,20.694298],[105.744646,20.695918],[105.755314,20.697878],[105.760936,20.702007],[105.763155,20.707378],[105.762038,20.71636],[105.763647,20.720023],[105.76946,20.722382],[105.772606,20.720286],[105.7739,20.722481]]]}},{"type":"Feature","properties":{"code":"09931","name":"Xã Hưng Đạo","type":"Xã"},"geometry":{"type":"Polygon","coordinates":[[[105.654109,20.989839],[105.656673,20.988189],[105.656569,20.989756],[105.659504,20.990202],[105.660916,20.988153],[105.659202,20.984469],[105.661877,20.984186],[105.662329,20.981866],[105.667619,20.982043],[105.674503,20.986579],[105.676037,20.986086],[105.68215,20.978023],[105.687295,20.974832],[105.683949,20.970324],[105.685295,20.969384],[105.689174,20.972653],[105.689018,20.974429],[105.695664,20.978512],[105.709251,20.972913],[105.712908,20.969265],[105.716425,20.961947],[105.72517,20.955203],[105.72549,20.951376],[105.7091,20.957762],[105.707239,20.956287],[105.704641,20.957862],[105.699195,20.955885],[105.697482,20.956877],[105.696373,20.954897],[105.694501,20.955205],[105.693374,20.956729],[105.696389,20.963776],[105.695602,20.964756],[105.692619,20.961542],[105.690383,20.962467],[105.685927,20.960961],[105.686453,20.958484],[105.68296,20.95793],[105.68332,20.955376],[105.679708,20.954457],[105.678411,20.950714],[105.676563,20.951542],[105.663054,20.948916],[105.652072,20.951622],[105.646223,20.951091],[105.641679,20.955379],[105.639372,20.954093],[105.633935,20.955745],[105.636725,20.960643],[105.632043,20.961654],[105.633236,20.965788],[105.630806,20.967623],[105.630787,20.970646],[105.638189,20.973782],[105.637195,20.979325],[105.643665,20.982327],[105.643023,20.983388],[105.647252,20.985605],[105.648374,20.989058],[105.654109,20.989839]]]}},{"type":"Feature","properties":{"code":"10489","name":"Xã Hương Sơn","type":"Xã"},"geometry":{"type":"Polygon","coordinates":[[[105.739584,20.666976],[105.744126,20.669273],[105.743714,20.666722],[105.750239,20.660113],[105.747243,20.657469],[105.748865,20.655646],[105.746303,20.653294],[105.748294,20.652806],[105.744876,20.649501],[105.746404,20.649432],[105.750497,20.654567],[105.752416,20.65145],[105.750569,20.648724],[105.754271,20.644119],[105.756134,20.646136],[105.755147,20.646989],[105.757845,20.647444],[105.756196,20.649944],[105.757319,20.651056],[105.762326,20.650489],[105.762483,20.652775],[105.764933,20.652516],[105.765083,20.654105],[105.766752,20.651797],[105.766837,20.654279],[105.770959,20.655482],[105.771151,20.659604],[105.777072,20.663807],[105.783844,20.657946],[105.790803,20.647995],[105.802551,20.641014],[105.802953,20.634035],[105.797485,20.629121],[105.792786,20.627411],[105.781043,20.626992],[105.777035,20.624565],[105.784661,20.6181],[105.79739,20.611933],[105.80284,20.612388],[105.807184,20.61754],[105.812821,20.618622],[105.811734,20.615537],[105.805837,20.610554],[105.807473,20.606578],[105.811347,20.604588],[105.80764,20.601144],[105.808831,20.599508],[105.807994,20.597253],[105.806178,20.599185],[105.803715,20.598802],[105.803105,20.592831],[105.800952,20.589284],[105.801473,20.583965],[105.79934,20.58185],[105.797085,20.571228],[105.794611,20.567359],[105.784431,20.566517],[105.782149,20.564734],[105.778753,20.565806],[105.777292,20.564283],[105.768664,20.565271],[105.763104,20.579031],[105.756317,20.583016],[105.752151,20.589781],[105.747346,20.59135],[105.743703,20.59851],[105.73243,20.599795],[105.726874,20.605579],[105.717332,20.610487],[105.726333,20.624021],[105.722227,20.626583],[105.725624,20.631056],[105.722402,20.63643],[105.723766,20.639344],[105.72172,20.64061],[105.718244,20.647667],[105.718455,20.653285],[105.71514,20.653771],[105.715653,20.656667],[105.716725,20.659106],[105.721305,20.660155],[105.725955,20.664197],[105.722755,20.670917],[105.729285,20.675306],[105.739584,20.666976]]]}},{"type":"Feature","properties":{"code":"09982","name":"Xã Hạ Bằng","type":"Xã"},"geometry":{"type":"Polygon","coordinates":[[[105.586824,21.037444],[105.585251,21.035318],[105.587583,21.032432],[105.583714,21.028675],[105.583233,21.025776],[105.585839,21.023299],[105.587886,21.024344],[105.592377,21.022389],[105.594799,21.019525],[105.593854,21.017511],[105.596068,21.013481],[105.593787,21.01273],[105.593241,21.007995],[105.591094,21.006974],[105.590624,21.004961],[105.59234,21.003925],[105.584996,21.003116],[105.584213,21.004296],[105.581376,21.001967],[105.580204,20.998351],[105.581974,20.996109],[105.579104,20.991663],[105.582845,20.98919],[105.580189,20.986005],[105.581523,20.984082],[105.577937,20.981732],[105.578234,20.985521],[105.576186,20.985398],[105.574899,20.982628],[105.576347,20.97756],[105.57386,20.977517],[105.574863,20.975828],[105.572532,20.974264],[105.570954,20.976109],[105.569193,20.975659],[105.569057,20.977428],[105.566126,20.97701],[105.566717,20.97933],[105.564106,20.981296],[105.559753,20.982554],[105.557333,20.981531],[105.554987,20.983524],[105.556346,20.99466],[105.552509,21.01192],[105.55069,21.014353],[105.54719,21.014812],[105.549527,21.022935],[105.54555,21.029186],[105.545438,21.034857],[105.543916,21.033641],[105.538706,21.034108],[105.535035,21.030288],[105.523412,21.026323],[105.519211,21.027008],[105.515504,21.032948],[105.517167,21.032949],[105.517151,21.035707],[105.5222,21.037208],[105.526724,21.043364],[105.528444,21.043181],[105.530028,21.049213],[105.534513,21.050366],[105.534874,21.05165],[105.531496,21.051989],[105.535105,21.053849],[105.534376,21.054831],[105.53579,21.055285],[105.533864,21.055471],[105.534747,21.057196],[105.540759,21.050471],[105.548388,21.055585],[105.564113,21.058273],[105.564142,21.053688],[105.561729,21.050279],[105.563751,21.045447],[105.561952,21.041262],[105.565581,21.04101],[105.564564,21.038298],[105.567115,21.039273],[105.567534,21.037449],[105.564383,21.037404],[105.563652,21.033657],[105.572382,21.034304],[105.573866,21.031843],[105.576095,21.032218],[105.577271,21.030783],[105.578939,21.036088],[105.584071,21.035298],[105.583503,21.037209],[105.586824,21.037444]]]}},{"type":"Feature","properties":{"code":"10465","name":"Xã Hồng Sơn","type":"Xã"},"geometry":{"type":"Polygon","coordinates":[[[105.70092,20.762692],[105.702958,20.761592],[105.703553,20.763594],[105.705856,20.760163],[105.711048,20.763771],[105.714278,20.760847],[105.717167,20.763041],[105.718877,20.76198],[105.7092,20.753191],[105.697846,20.751276],[105.696437,20.745766],[105.697402,20.742208],[105.706434,20.742882],[105.729114,20.737656],[105.732036,20.735503],[105.733447,20.729671],[105.731087,20.722293],[105.734689,20.721923],[105.741833,20.726776],[105.75545,20.728731],[105.76105,20.731644],[105.768729,20.726987],[105.770996,20.723171],[105.764466,20.720725],[105.762643,20.718569],[105.762431,20.705006],[105.759226,20.706868],[105.754371,20.705031],[105.745468,20.71194],[105.733601,20.703917],[105.73253,20.70486],[105.724384,20.696102],[105.720339,20.698881],[105.715973,20.692716],[105.721329,20.683558],[105.719498,20.682709],[105.717411,20.685441],[105.71164,20.682175],[105.70998,20.683992],[105.702023,20.680653],[105.702947,20.674509],[105.699149,20.67446],[105.699962,20.671678],[105.693302,20.67274],[105.690728,20.666568],[105.680508,20.667827],[105.677016,20.671597],[105.674163,20.671738],[105.674933,20.674428],[105.673331,20.67479],[105.673472,20.67619],[105.669799,20.675813],[105.667933,20.6801],[105.672322,20.679985],[105.67915,20.684066],[105.67993,20.687597],[105.67855,20.690813],[105.680865,20.691769],[105.681851,20.698896],[105.67299,20.705794],[105.668291,20.711813],[105.667916,20.715929],[105.665264,20.716098],[105.660757,20.723669],[105.669096,20.736957],[105.673209,20.735479],[105.674808,20.732609],[105.679643,20.733761],[105.682044,20.742576],[105.68581,20.744861],[105.6831,20.748451],[105.683515,20.760539],[105.68842,20.757888],[105.690588,20.765306],[105.701147,20.76442],[105.70092,20.762692]]]}},{"type":"Feature","properties":{"code":"10210","name":"Xã Hồng Vân","type":"Xã"},"geometry":{"type":"Polygon","coordinates":[[[105.87489,20.912077],[105.887384,20.908346],[105.887723,20.906207],[105.889269,20.90598],[105.891782,20.906613],[105.892368,20.909399],[105.894883,20.9084],[105.899179,20.905081],[105.894815,20.898695],[105.895554,20.89339],[105.924577,20.87774],[105.921061,20.870821],[105.916381,20.868153],[105.91554,20.865768],[105.902364,20.86887],[105.900717,20.86079],[105.895267,20.858098],[105.894874,20.851968],[105.891297,20.850066],[105.888423,20.852146],[105.889899,20.849713],[105.887798,20.850673],[105.881476,20.847752],[105.88048,20.850378],[105.873555,20.85035],[105.872547,20.854602],[105.868123,20.857649],[105.864463,20.855092],[105.866408,20.860517],[105.865125,20.862407],[105.868145,20.866009],[105.86634,20.867153],[105.866927,20.869776],[105.869579,20.870277],[105.869775,20.87167],[105.875732,20.8709],[105.874708,20.889963],[105.870618,20.890788],[105.871177,20.892735],[105.867054,20.893473],[105.860722,20.890839],[105.856387,20.895354],[105.859337,20.89716],[105.867746,20.909132],[105.873709,20.906648],[105.87489,20.912077]]]}},{"type":"Feature","properties":{"code":"00382","name":"Xã Kim Anh","type":"Xã"},"geometry":{"type":"Polygon","coordinates":[[[105.785928,21.354734],[105.793149,21.346078],[105.797754,21.343923],[105.797938,21.333237],[105.796719,21.331993],[105.799564,21.328695],[105.797489,21.327072],[105.797763,21.323497],[105.794298,21.322216],[105.793946,21.317931],[105.788669,21.314022],[105.788408,21.309772],[105.788792,21.303315],[105.793097,21.30064],[105.795306,21.292578],[105.79976,21.286396],[105.80319,21.285751],[105.803346,21.279632],[105.797325,21.27353],[105.798174,21.272193],[105.796026,21.269417],[105.795698,21.265621],[105.79361,21.266355],[105.789083,21.260575],[105.780323,21.262156],[105.781,21.2598],[105.777673,21.259063],[105.777691,21.256853],[105.770933,21.249767],[105.772387,21.248964],[105.769574,21.247338],[105.769837,21.241551],[105.765703,21.240631],[105.764738,21.237988],[105.761206,21.240144],[105.755679,21.237479],[105.75493,21.238548],[105.753098,21.236657],[105.747985,21.239215],[105.745629,21.237324],[105.742829,21.239994],[105.737556,21.236592],[105.734261,21.241812],[105.726105,21.241537],[105.724986,21.242687],[105.726635,21.243225],[105.729197,21.248762],[105.723505,21.251772],[105.724784,21.25728],[105.723786,21.262822],[105.724522,21.266084],[105.729314,21.269403],[105.72573,21.271197],[105.725474,21.273118],[105.727953,21.273041],[105.728984,21.275933],[105.732696,21.275181],[105.733411,21.279455],[105.735957,21.279545],[105.735098,21.284331],[105.736874,21.28574],[105.736226,21.286735],[105.738158,21.288125],[105.739409,21.286666],[105.739635,21.287867],[105.741957,21.287329],[105.742545,21.289079],[105.740801,21.290472],[105.742811,21.290348],[105.74306,21.292891],[105.744938,21.291907],[105.74568,21.294028],[105.749489,21.29603],[105.753404,21.295456],[105.752818,21.297346],[105.759344,21.303292],[105.758438,21.304195],[105.760776,21.306674],[105.762643,21.31399],[105.767794,21.3183],[105.77196,21.32546],[105.776148,21.337053],[105.783101,21.342895],[105.785317,21.34289],[105.783017,21.353867],[105.785928,21.354734]]]}},{"type":"Feature","properties":{"code":"09910","name":"Xã Kiều Phú","type":"Xã"},"geometry":{"type":"Polygon","coordinates":[[[105.628092,21.002336],[105.632439,20.996947],[105.630191,20.995378],[105.635215,20.990105],[105.633759,20.988995],[105.63269,20.991907],[105.630103,20.991149],[105.630509,20.985583],[105.632432,20.982573],[105.630525,20.97967],[105.63248,20.977541],[105.630256,20.976717],[105.629486,20.973031],[105.630806,20.967623],[105.633236,20.965788],[105.632043,20.961654],[105.636725,20.960643],[105.634826,20.958809],[105.632804,20.949882],[105.627438,20.94533],[105.626016,20.941147],[105.622078,20.940066],[105.623626,20.938177],[105.615097,20.935411],[105.615463,20.940359],[105.610996,20.943839],[105.607061,20.942841],[105.605179,20.945767],[105.597221,20.945554],[105.595396,20.948558],[105.595553,20.953589],[105.590131,20.956537],[105.587192,20.961349],[105.584704,20.961931],[105.583959,20.964541],[105.581034,20.963384],[105.582435,20.970177],[105.577623,20.970477],[105.574785,20.97315],[105.573681,20.977201],[105.576347,20.97756],[105.574899,20.982628],[105.576186,20.985398],[105.578234,20.985521],[105.577937,20.981732],[105.581523,20.984082],[105.580189,20.986005],[105.582845,20.98919],[105.579104,20.991663],[105.581974,20.996109],[105.580204,20.998351],[105.581376,21.001967],[105.584213,21.004296],[105.584996,21.003116],[105.59234,21.003925],[105.590624,21.004961],[105.591094,21.006974],[105.593241,21.007995],[105.594739,21.013334],[105.602058,21.005015],[105.615024,21.008254],[105.614456,21.001334],[105.628092,21.002336]]]}},{"type":"Feature","properties":{"code":"09787","name":"Xã Liên Minh","type":"Xã"},"geometry":{"type":"Polygon","coordinates":[[[105.63617,21.16454],[105.661917,21.134749],[105.667182,21.131407],[105.673972,21.132765],[105.677048,21.12634],[105.669442,21.121809],[105.669679,21.119419],[105.665499,21.119014],[105.667054,21.114502],[105.664491,21.109256],[105.665645,21.107552],[105.6728,21.106428],[105.671358,21.100343],[105.668263,21.100018],[105.666046,21.101558],[105.660346,21.098064],[105.659751,21.101965],[105.655727,21.108476],[105.653152,21.108005],[105.652723,21.106604],[105.648495,21.105515],[105.650162,21.101885],[105.655181,21.100334],[105.651888,21.093998],[105.64707,21.091576],[105.64329,21.096568],[105.634317,21.100903],[105.636337,21.107002],[105.638533,21.105612],[105.639442,21.109587],[105.629642,21.114082],[105.62442,21.118555],[105.624413,21.120212],[105.630566,21.125477],[105.623323,21.134455],[105.625226,21.140533],[105.622961,21.141597],[105.627769,21.144044],[105.626626,21.170563],[105.63617,21.16454]]]}},{"type":"Feature","properties":{"code":"09661","name":"Xã Minh Châu","type":"Xã"},"geometry":{"type":"Polygon","coordinates":[[[105.46244,21.20606],[105.463899,21.206364],[105.4639,21.201299],[105.466356,21.200981],[105.467697,21.179855],[105.446342,21.201566],[105.44175,21.20915],[105.441066,21.219631],[105.446361,21.244302],[105.458556,21.225841],[105.462344,21.214605],[105.46244,21.20606]]]}},{"type":"Feature","properties":{"code":"09022","name":"Xã Mê Linh","type":"Xã"},"geometry":{"type":"Polygon","coordinates":[[[105.711866,21.187884],[105.733056,21.168192],[105.770173,21.169305],[105.770715,21.166649],[105.772057,21.149057],[105.770716,21.14796],[105.772581,21.145852],[105.767579,21.137551],[105.764596,21.135649],[105.760472,21.135795],[105.75971,21.133762],[105.743675,21.134722],[105.741066,21.128824],[105.738733,21.128484],[105.738647,21.125187],[105.737227,21.125741],[105.735466,21.123986],[105.73596,21.121921],[105.731857,21.122104],[105.735437,21.113339],[105.741467,21.108003],[105.736991,21.104755],[105.727618,21.11252],[105.718768,21.123369],[105.71771,21.135842],[105.714573,21.141793],[105.710804,21.143373],[105.695842,21.14138],[105.69912,21.161842],[105.697055,21.166111],[105.701353,21.164724],[105.702662,21.176039],[105.707647,21.183926],[105.711866,21.187884]]]}},{"type":"Feature","properties":{"code":"10441","name":"Xã Mỹ Đức","type":"Xã"},"geometry":{"type":"Polygon","coordinates":[[[105.745539,20.711826],[105.754371,20.705031],[105.759226,20.706868],[105.762431,20.705006],[105.757239,20.698712],[105.744646,20.695918],[105.742777,20.694298],[105.742692,20.691584],[105.745574,20.687388],[105.771282,20.669604],[105.777072,20.663807],[105.771151,20.659604],[105.770959,20.655482],[105.766837,20.654279],[105.766705,20.651777],[105.765083,20.654105],[105.764933,20.652516],[105.762483,20.652775],[105.762326,20.650489],[105.757319,20.651056],[105.756196,20.649944],[105.757845,20.647444],[105.755147,20.646989],[105.756134,20.646136],[105.754271,20.644119],[105.750569,20.648724],[105.752416,20.65145],[105.750497,20.654567],[105.746404,20.649432],[105.744876,20.649501],[105.748294,20.652806],[105.746303,20.653294],[105.748865,20.655646],[105.747243,20.657469],[105.750239,20.660113],[105.743714,20.666722],[105.744126,20.669273],[105.740316,20.666383],[105.729285,20.675306],[105.722755,20.670917],[105.725955,20.664197],[105.721305,20.660155],[105.716725,20.659106],[105.71509,20.654096],[105.718202,20.653719],[105.718244,20.647667],[105.723845,20.639148],[105.722402,20.63643],[105.725676,20.630084],[105.722227,20.626583],[105.726333,20.624021],[105.717332,20.610487],[105.726874,20.605579],[105.718709,20.597056],[105.709676,20.599568],[105.708078,20.598682],[105.704089,20.602339],[105.705167,20.609144],[105.703696,20.613533],[105.704933,20.61403],[105.700933,20.621766],[105.698677,20.622281],[105.696018,20.620137],[105.691988,20.622085],[105.688071,20.61898],[105.68694,20.615933],[105.680923,20.617945],[105.677543,20.617692],[105.676969,20.616148],[105.669491,20.617803],[105.666516,20.616786],[105.666988,20.623623],[105.663787,20.628209],[105.665934,20.630312],[105.668785,20.629539],[105.670996,20.632688],[105.673294,20.62914],[105.681246,20.629637],[105.684504,20.633122],[105.683383,20.635477],[105.68683,20.637933],[105.682236,20.63985],[105.679075,20.645552],[105.681242,20.652345],[105.678636,20.659896],[105.681858,20.662343],[105.679225,20.665074],[105.679182,20.668319],[105.676457,20.670229],[105.677435,20.665629],[105.675409,20.663785],[105.673702,20.664854],[105.672202,20.667983],[105.673475,20.670151],[105.669799,20.675813],[105.673472,20.67619],[105.673331,20.67479],[105.674933,20.674428],[105.674163,20.671738],[105.677016,20.671597],[105.680237,20.667887],[105.690728,20.666568],[105.693302,20.67274],[105.699962,20.671678],[105.699149,20.67446],[105.702947,20.674509],[105.702023,20.680653],[105.70998,20.683992],[105.71164,20.682175],[105.717411,20.685441],[105.719498,20.682709],[105.721329,20.683558],[105.715973,20.692716],[105.720339,20.698881],[105.724384,20.696102],[105.73253,20.70486],[105.733601,20.703917],[105.745539,20.711826]]]}},{"type":"Feature","properties":{"code":"00685","name":"Xã Nam Phù","type":"Xã"},"geometry":{"type":"Polygon","coordinates":[[[105.884203,20.928815],[105.897715,20.929279],[105.907133,20.92761],[105.912038,20.923626],[105.913054,20.915212],[105.899179,20.905081],[105.893063,20.909308],[105.891286,20.906252],[105.887723,20.906207],[105.887384,20.908346],[105.87489,20.912077],[105.873709,20.906648],[105.867746,20.909132],[105.862738,20.903022],[105.860119,20.913003],[105.859117,20.932379],[105.881463,20.935726],[105.881745,20.93047],[105.884203,20.928815]]]}},{"type":"Feature","properties":{"code":"00679","name":"Xã Ngọc Hồi","type":"Xã"},"geometry":{"type":"Polygon","coordinates":[[[105.835672,20.929282],[105.844556,20.923286],[105.849026,20.925143],[105.859888,20.922179],[105.860329,20.911505],[105.862738,20.903022],[105.858168,20.896054],[105.85534,20.895367],[105.85155,20.898934],[105.834943,20.904356],[105.833038,20.903717],[105.832945,20.901525],[105.828659,20.896868],[105.82639,20.898023],[105.827269,20.8995],[105.825296,20.90335],[105.815702,20.90266],[105.806123,20.910666],[105.812412,20.918857],[105.824662,20.925083],[105.827091,20.922827],[105.835672,20.929282]]]}},{"type":"Feature","properties":{"code":"00433","name":"Xã Nội Bài","type":"Xã"},"geometry":{"type":"Polygon","coordinates":[[[105.820155,21.287722],[105.821941,21.287804],[105.823175,21.28511],[105.821698,21.277503],[105.822503,21.272878],[105.824573,21.271166],[105.821076,21.270078],[105.819623,21.265419],[105.825152,21.256425],[105.82595,21.251509],[105.822122,21.248798],[105.819228,21.249421],[105.819517,21.248158],[105.816842,21.247707],[105.81555,21.239474],[105.805479,21.234133],[105.807995,21.229096],[105.812986,21.227575],[105.811691,21.223358],[105.822924,21.219617],[105.827687,21.215835],[105.824856,21.211703],[105.818794,21.213209],[105.816553,21.209136],[105.822094,21.207591],[105.822181,21.201616],[105.82498,21.201355],[105.824901,21.198289],[105.833973,21.198133],[105.834756,21.192865],[105.838347,21.189352],[105.834936,21.18623],[105.82869,21.188483],[105.816335,21.184182],[105.812886,21.18488],[105.815392,21.187526],[105.811871,21.191054],[105.801043,21.187406],[105.795367,21.192517],[105.79002,21.190677],[105.787594,21.197073],[105.778258,21.199987],[105.771216,21.205398],[105.76925,21.213957],[105.763261,21.213076],[105.760746,21.214539],[105.758221,21.22288],[105.753952,21.221933],[105.750402,21.227816],[105.742528,21.231449],[105.737763,21.231584],[105.732233,21.234974],[105.736948,21.235441],[105.742829,21.239994],[105.745629,21.237324],[105.747985,21.239215],[105.753098,21.236657],[105.75493,21.238548],[105.755679,21.237479],[105.761206,21.240144],[105.764738,21.237988],[105.765703,21.240631],[105.769837,21.241551],[105.769574,21.247338],[105.772387,21.248964],[105.770933,21.249767],[105.777691,21.256853],[105.777673,21.259063],[105.781,21.2598],[105.780323,21.262156],[105.789083,21.260575],[105.79361,21.266355],[105.795698,21.265621],[105.796026,21.269417],[105.798174,21.272193],[105.797325,21.27353],[105.803346,21.279632],[105.80319,21.285751],[105.807483,21.284761],[105.80979,21.277616],[105.820155,21.287722]]]}},{"type":"Feature","properties":{"code":"00541","name":"Xã Phù Đổng","type":"Xã"},"geometry":{"type":"Polygon","coordinates":[[[105.923823,21.120406],[105.921017,21.11636],[105.925728,21.114838],[105.924804,21.113249],[105.927338,21.111722],[105.930195,21.111943],[105.930938,21.108797],[105.934977,21.104934],[105.934258,21.103005],[105.936418,21.101664],[105.934546,21.096609],[105.940373,21.089917],[105.940291,21.083337],[105.958025,21.091273],[105.959959,21.088415],[105.962073,21.0779],[105.968863,21.073699],[105.968263,21.072122],[105.993703,21.068929],[105.999637,21.074557],[106.002586,21.068713],[105.995877,21.063292],[105.993666,21.044786],[105.990876,21.040022],[105.985016,21.040519],[105.970633,21.048584],[105.949848,21.037384],[105.939091,21.040552],[105.931397,21.060544],[105.924279,21.072308],[105.917874,21.076098],[105.902725,21.078603],[105.905734,21.089755],[105.904307,21.089261],[105.896453,21.098316],[105.897813,21.101162],[105.899239,21.100936],[105.9003,21.106481],[105.901421,21.105386],[105.905497,21.11406],[105.909611,21.117218],[105.916724,21.119099],[105.92147,21.118562],[105.922529,21.121137],[105.923823,21.120406]]]}},{"type":"Feature","properties":{"code":"09952","name":"Xã Phú Cát","type":"Xã"},"geometry":{"type":"Polygon","coordinates":[[[105.555022,20.989399],[105.554987,20.983524],[105.556857,20.981703],[105.559753,20.982554],[105.564106,20.981296],[105.566717,20.97933],[105.566126,20.97701],[105.569057,20.977428],[105.569238,20.975634],[105.574389,20.974699],[105.578416,20.969943],[105.582435,20.970177],[105.582136,20.965111],[105.58066,20.963916],[105.583959,20.964541],[105.584704,20.961931],[105.587192,20.961349],[105.590131,20.956537],[105.595553,20.953589],[105.595396,20.948558],[105.597221,20.945554],[105.605179,20.945767],[105.607061,20.942841],[105.610996,20.943839],[105.615463,20.940359],[105.614742,20.935639],[105.617924,20.936266],[105.620403,20.932878],[105.618432,20.930058],[105.615019,20.933032],[105.613171,20.932159],[105.61561,20.927954],[105.615092,20.925858],[105.60935,20.923267],[105.605874,20.923967],[105.602172,20.92242],[105.601236,20.920565],[105.602384,20.91829],[105.597654,20.917793],[105.597588,20.912855],[105.594304,20.913693],[105.592745,20.911043],[105.590583,20.912674],[105.581908,20.909765],[105.58234,20.912226],[105.580112,20.912501],[105.578948,20.916348],[105.580115,20.917769],[105.578465,20.920275],[105.581833,20.919824],[105.584517,20.92276],[105.579656,20.924835],[105.581272,20.925782],[105.579963,20.928755],[105.575557,20.930184],[105.573405,20.928408],[105.570766,20.930139],[105.571014,20.927912],[105.566264,20.927613],[105.560682,20.924679],[105.552091,20.927409],[105.545885,20.923153],[105.53835,20.92782],[105.532578,20.922358],[105.525301,20.918928],[105.521302,20.922182],[105.512937,20.92217],[105.504643,20.927579],[105.503639,20.929553],[105.511742,20.934791],[105.515835,20.939477],[105.516018,20.942113],[105.517991,20.943519],[105.516273,20.948633],[105.519867,20.95101],[105.52159,20.950281],[105.522787,20.952524],[105.528761,20.951874],[105.528115,20.955521],[105.529294,20.957082],[105.527133,20.959714],[105.530248,20.965382],[105.5255,20.973218],[105.527183,20.973568],[105.530167,20.979438],[105.534213,20.977692],[105.535787,20.979751],[105.541357,20.978996],[105.548718,20.983429],[105.549644,20.986967],[105.551478,20.985696],[105.555022,20.989399]]]}},{"type":"Feature","properties":{"code":"10030","name":"Xã Phú Nghĩa","type":"Xã"},"geometry":{"type":"Polygon","coordinates":[[[105.662111,20.949161],[105.662641,20.940021],[105.664781,20.94014],[105.665012,20.934798],[105.670941,20.935025],[105.671038,20.933144],[105.674004,20.933024],[105.672381,20.929174],[105.674956,20.928879],[105.675214,20.923649],[105.677417,20.923501],[105.67655,20.917367],[105.672608,20.913643],[105.677069,20.900571],[105.673171,20.899789],[105.674254,20.897841],[105.670169,20.897419],[105.670011,20.895604],[105.667343,20.896477],[105.665172,20.893853],[105.658422,20.891644],[105.655382,20.892728],[105.653743,20.890168],[105.651634,20.890472],[105.650117,20.886712],[105.646414,20.885878],[105.645761,20.88416],[105.648647,20.880711],[105.64224,20.882054],[105.64233,20.888494],[105.635629,20.892632],[105.634939,20.891687],[105.632024,20.89305],[105.630304,20.890172],[105.627866,20.88953],[105.620091,20.895529],[105.616612,20.890006],[105.609402,20.887478],[105.61103,20.895105],[105.613097,20.895378],[105.613677,20.897457],[105.610682,20.901348],[105.612421,20.902119],[105.611744,20.903507],[105.614078,20.906415],[105.611973,20.909453],[105.606582,20.908294],[105.603418,20.913559],[105.597841,20.914696],[105.597751,20.917922],[105.602384,20.91829],[105.601236,20.920565],[105.602172,20.92242],[105.605874,20.923967],[105.60935,20.923267],[105.615092,20.925858],[105.615497,20.928307],[105.612821,20.931783],[105.615019,20.933032],[105.616984,20.930253],[105.618986,20.930337],[105.620453,20.932734],[105.617924,20.936266],[105.623626,20.938177],[105.622078,20.940066],[105.626016,20.941147],[105.627438,20.94533],[105.632804,20.949882],[105.633935,20.955745],[105.639372,20.954093],[105.641679,20.955379],[105.646223,20.951091],[105.651875,20.951646],[105.662111,20.949161]]]}},{"type":"Feature","properties":{"code":"10273","name":"Xã Phú Xuyên","type":"Xã"},"geometry":{"type":"Polygon","coordinates":[[[105.914143,20.810087],[105.922492,20.790956],[105.928746,20.78595],[105.960627,20.778934],[105.966882,20.773811],[105.969338,20.767697],[105.967312,20.756177],[105.967806,20.742415],[105.953398,20.743576],[105.94453,20.739186],[105.944997,20.731457],[105.94179,20.731565],[105.940249,20.728545],[105.935804,20.730055],[105.935867,20.731686],[105.931738,20.731738],[105.931842,20.735254],[105.925309,20.735272],[105.921318,20.730497],[105.916961,20.732681],[105.916372,20.729969],[105.912415,20.730354],[105.912102,20.729027],[105.910458,20.731003],[105.909937,20.728706],[105.908787,20.729401],[105.904983,20.725177],[105.903829,20.718687],[105.903493,20.722148],[105.900986,20.720931],[105.897168,20.725736],[105.891732,20.725546],[105.893681,20.731535],[105.884002,20.727882],[105.881827,20.730154],[105.886917,20.736172],[105.888691,20.741679],[105.883769,20.741341],[105.88273,20.748446],[105.874795,20.756981],[105.877665,20.768373],[105.881074,20.773054],[105.885919,20.771268],[105.889808,20.772208],[105.886893,20.781333],[105.884776,20.780624],[105.884181,20.782643],[105.881884,20.781728],[105.877832,20.786023],[105.876544,20.785125],[105.86831,20.789736],[105.871546,20.794494],[105.869358,20.795887],[105.872118,20.795384],[105.87266,20.79655],[105.880125,20.794743],[105.886454,20.797687],[105.884462,20.802253],[105.914143,20.810087]]]}},{"type":"Feature","properties":{"code":"09739","name":"Xã Phúc Lộc","type":"Xã"},"geometry":{"type":"Polygon","coordinates":[[[105.626617,21.170616],[105.627769,21.144044],[105.623461,21.142522],[105.622955,21.141457],[105.625226,21.140533],[105.623577,21.137086],[105.617247,21.137409],[105.613831,21.134753],[105.60688,21.139436],[105.600571,21.132099],[105.591033,21.134868],[105.588409,21.126601],[105.585762,21.128746],[105.587111,21.131213],[105.584865,21.132567],[105.584737,21.13491],[105.581818,21.135084],[105.579271,21.138332],[105.573213,21.133171],[105.574736,21.131564],[105.571901,21.1272],[105.563934,21.122572],[105.564298,21.121317],[105.56183,21.121933],[105.563102,21.117619],[105.561998,21.1173],[105.559505,21.120703],[105.549805,21.119667],[105.5385,21.123126],[105.535496,21.125513],[105.534015,21.133131],[105.524635,21.133932],[105.522235,21.13559],[105.521042,21.139224],[105.516214,21.140144],[105.516983,21.151227],[105.515146,21.152404],[105.515642,21.156511],[105.533341,21.155443],[105.570821,21.16037],[105.574899,21.161256],[105.57515,21.164306],[105.624335,21.173686],[105.626617,21.170616]]]}},{"type":"Feature","properties":{"code":"10459","name":"Xã Phúc Sơn","type":"Xã"},"geometry":{"type":"Polygon","coordinates":[[[105.709695,20.829975],[105.710491,20.826602],[105.706729,20.824125],[105.709806,20.812232],[105.705244,20.798969],[105.71735,20.782713],[105.725281,20.777695],[105.726402,20.774624],[105.724962,20.769277],[105.718877,20.76198],[105.717167,20.763041],[105.714278,20.760847],[105.711048,20.763771],[105.705856,20.760163],[105.703553,20.763594],[105.702958,20.761592],[105.700855,20.762709],[105.701147,20.76442],[105.690588,20.765306],[105.68842,20.757888],[105.683515,20.760539],[105.6831,20.748451],[105.68581,20.744861],[105.682044,20.742576],[105.679643,20.733761],[105.674622,20.732676],[105.670893,20.737077],[105.665583,20.73507],[105.657695,20.741015],[105.654403,20.747612],[105.653782,20.752655],[105.651165,20.753903],[105.649289,20.762037],[105.647631,20.79361],[105.650512,20.794773],[105.649424,20.809528],[105.662855,20.808346],[105.659478,20.814247],[105.664896,20.814076],[105.663362,20.81535],[105.667393,20.812788],[105.668029,20.815807],[105.669512,20.814538],[105.669378,20.816506],[105.671434,20.813943],[105.677812,20.814703],[105.681348,20.812965],[105.68174,20.814506],[105.686171,20.812778],[105.693824,20.812583],[105.698467,20.818072],[105.695891,20.826257],[105.697167,20.826503],[105.696876,20.828437],[105.709695,20.829975]]]}},{"type":"Feature","properties":{"code":"00466","name":"Xã Phúc Thịnh","type":"Xã"},"geometry":{"type":"Polygon","coordinates":[[[105.855549,21.189166],[105.853178,21.18071],[105.856294,21.177847],[105.852343,21.177987],[105.847926,21.163119],[105.846542,21.163409],[105.843646,21.133339],[105.827114,21.130754],[105.827091,21.124624],[105.807493,21.124612],[105.808899,21.130623],[105.804007,21.135351],[105.806515,21.141387],[105.806025,21.145813],[105.802769,21.152667],[105.799776,21.154548],[105.793551,21.14943],[105.783123,21.152176],[105.772581,21.145852],[105.770716,21.14796],[105.772057,21.149057],[105.770173,21.169305],[105.771422,21.169355],[105.771903,21.17822],[105.775457,21.179012],[105.783702,21.177415],[105.784984,21.179522],[105.790463,21.180071],[105.790411,21.184113],[105.787907,21.186347],[105.792856,21.192197],[105.796859,21.191723],[105.800783,21.187422],[105.808521,21.190959],[105.812148,21.190968],[105.815392,21.187526],[105.812886,21.18488],[105.816335,21.184182],[105.82869,21.188483],[105.834936,21.18623],[105.839693,21.190298],[105.84602,21.188939],[105.85497,21.192936],[105.855549,21.189166]]]}},{"type":"Feature","properties":{"code":"09715","name":"Xã Phúc Thọ","type":"Xã"},"geometry":{"type":"Polygon","coordinates":[[[105.611561,21.13564],[105.60866,21.131396],[105.605412,21.130036],[105.605029,21.12146],[105.606692,21.113687],[105.605039,21.112712],[105.60224,21.118115],[105.597508,21.120725],[105.596298,21.110807],[105.590259,21.109902],[105.589499,21.107924],[105.589629,21.106785],[105.592895,21.10672],[105.593674,21.099119],[105.592527,21.08673],[105.593811,21.086736],[105.591311,21.084673],[105.593515,21.077855],[105.592194,21.076884],[105.583282,21.075173],[105.581446,21.078032],[105.574935,21.082178],[105.576766,21.086308],[105.575452,21.088447],[105.576789,21.093198],[105.575538,21.099675],[105.574221,21.100089],[105.563349,21.100086],[105.557434,21.102059],[105.554831,21.096392],[105.549929,21.097033],[105.549418,21.094001],[105.543782,21.095015],[105.543614,21.096243],[105.539266,21.091043],[105.528628,21.091324],[105.527523,21.089284],[105.52411,21.089019],[105.517772,21.090322],[105.516876,21.09222],[105.514304,21.09026],[105.510273,21.093901],[105.51178,21.09535],[105.507883,21.097777],[105.505591,21.0956],[105.501283,21.095794],[105.501884,21.097474],[105.500501,21.098346],[105.502854,21.099046],[105.506336,21.103803],[105.506122,21.107018],[105.503286,21.107129],[105.500564,21.112992],[105.502831,21.115089],[105.501782,21.116819],[105.505344,21.120165],[105.504779,21.123228],[105.508123,21.124761],[105.510509,21.123637],[105.513569,21.128688],[105.515885,21.127975],[105.517954,21.129656],[105.518979,21.12845],[105.52269,21.133505],[105.532394,21.133923],[105.534827,21.131799],[105.535509,21.125487],[105.5385,21.123126],[105.549805,21.119667],[105.559505,21.120703],[105.561702,21.117232],[105.563102,21.117619],[105.56183,21.121933],[105.564298,21.121317],[105.563934,21.122572],[105.571901,21.1272],[105.574736,21.131564],[105.573213,21.133171],[105.579271,21.138332],[105.581818,21.135084],[105.584737,21.13491],[105.584865,21.132567],[105.587111,21.131213],[105.585762,21.128746],[105.588409,21.126601],[105.591033,21.134868],[105.600571,21.132099],[105.60688,21.139436],[105.611561,21.13564]]]}},{"type":"Feature","properties":{"code":"10279","name":"Xã Phượng Dực","type":"Xã"},"geometry":{"type":"Polygon","coordinates":[[[105.824554,20.806575],[105.831608,20.80626],[105.834181,20.795074],[105.842562,20.796174],[105.853005,20.801933],[105.869851,20.796806],[105.871546,20.794494],[105.86831,20.789736],[105.876544,20.785125],[105.877832,20.786023],[105.881884,20.781728],[105.884181,20.782643],[105.884776,20.780624],[105.886893,20.781333],[105.889808,20.772208],[105.885919,20.771268],[105.881074,20.773054],[105.877665,20.768373],[105.875885,20.759341],[105.869159,20.762737],[105.86738,20.761283],[105.863285,20.761832],[105.855317,20.757828],[105.849585,20.758371],[105.849423,20.753376],[105.853287,20.748076],[105.849697,20.745557],[105.84519,20.745194],[105.842703,20.740789],[105.834091,20.740139],[105.826285,20.73712],[105.822012,20.741705],[105.820475,20.739165],[105.811171,20.746027],[105.809941,20.744449],[105.807825,20.745553],[105.803311,20.75075],[105.79465,20.749484],[105.792071,20.762577],[105.796079,20.761701],[105.799665,20.7715],[105.803627,20.771352],[105.803385,20.775315],[105.805365,20.775721],[105.804511,20.778779],[105.8027,20.779606],[105.807286,20.78098],[105.810767,20.787411],[105.80835,20.792258],[105.809739,20.794695],[105.809135,20.797745],[105.813841,20.801912],[105.818454,20.794105],[105.820793,20.795166],[105.816926,20.804552],[105.824554,20.806575]]]}},{"type":"Feature","properties":{"code":"08974","name":"Xã Quang Minh","type":"Xã"},"geometry":{"type":"Polygon","coordinates":[[[105.754868,21.221743],[105.758243,21.222857],[105.759251,21.216916],[105.762083,21.213423],[105.769274,21.213937],[105.770839,21.205901],[105.777338,21.200505],[105.788178,21.196541],[105.790355,21.190471],[105.787907,21.186347],[105.790411,21.184113],[105.790463,21.180071],[105.784984,21.179522],[105.783702,21.177415],[105.775457,21.179012],[105.771903,21.17822],[105.771422,21.169355],[105.731816,21.168537],[105.711774,21.188034],[105.728978,21.205309],[105.747323,21.229123],[105.751578,21.226892],[105.754868,21.221743]]]}},{"type":"Feature","properties":{"code":"10072","name":"Xã Quảng Bị","type":"Xã"},"geometry":{"type":"Polygon","coordinates":[[[105.675108,20.899566],[105.67693,20.891045],[105.680608,20.892361],[105.6832,20.888012],[105.68672,20.890911],[105.687539,20.889805],[105.696797,20.890256],[105.697799,20.887298],[105.700463,20.887496],[105.701334,20.885511],[105.704057,20.885576],[105.700691,20.898617],[105.717874,20.898553],[105.723172,20.896094],[105.723506,20.893322],[105.731084,20.893722],[105.73622,20.891997],[105.739245,20.884758],[105.73767,20.875327],[105.734145,20.873046],[105.729167,20.87595],[105.728686,20.871673],[105.736791,20.862455],[105.753578,20.85436],[105.756237,20.851135],[105.756116,20.848584],[105.749851,20.846591],[105.733184,20.845048],[105.728686,20.85167],[105.727152,20.850836],[105.725713,20.854388],[105.716715,20.859371],[105.712672,20.858469],[105.711537,20.85609],[105.709475,20.856662],[105.711384,20.851479],[105.708967,20.85136],[105.70649,20.847834],[105.69838,20.84855],[105.696424,20.846214],[105.693016,20.846245],[105.688867,20.843661],[105.685406,20.844153],[105.685266,20.852542],[105.673888,20.870278],[105.671043,20.869579],[105.669303,20.872279],[105.664479,20.871307],[105.66386,20.873004],[105.666664,20.874079],[105.665667,20.876359],[105.661607,20.875931],[105.660705,20.879321],[105.653914,20.879168],[105.649237,20.875483],[105.64975,20.880247],[105.645761,20.88416],[105.655382,20.892728],[105.658422,20.891644],[105.665172,20.893853],[105.666888,20.895023],[105.66629,20.896177],[105.670011,20.895604],[105.670169,20.897419],[105.674254,20.897841],[105.673066,20.899713],[105.675108,20.899566]]]}},{"type":"Feature","properties":{"code":"09619","name":"Xã Quảng Oai","type":"Xã"},"geometry":{"type":"Polygon","coordinates":[[[105.467697,21.179855],[105.467789,21.177915],[105.475402,21.172096],[105.469198,21.167849],[105.467057,21.168261],[105.467286,21.163456],[105.465048,21.162332],[105.466221,21.160919],[105.463149,21.159247],[105.464307,21.156943],[105.461985,21.156357],[105.460532,21.153633],[105.461016,21.149999],[105.458118,21.148992],[105.456021,21.145071],[105.451338,21.147905],[105.451087,21.146632],[105.453562,21.145409],[105.450726,21.142754],[105.448612,21.143962],[105.44908,21.146782],[105.44607,21.146406],[105.445857,21.14844],[105.440359,21.148371],[105.433544,21.15135],[105.422587,21.14411],[105.419696,21.144583],[105.414563,21.135243],[105.408288,21.138656],[105.405879,21.146543],[105.403845,21.14373],[105.400804,21.145689],[105.395238,21.15424],[105.393592,21.154214],[105.393887,21.155977],[105.391982,21.155122],[105.390871,21.156982],[105.38633,21.158176],[105.383089,21.164539],[105.376569,21.166534],[105.374522,21.171431],[105.376808,21.174024],[105.380545,21.173175],[105.383373,21.177316],[105.391189,21.177747],[105.392275,21.181363],[105.395686,21.179859],[105.397022,21.18176],[105.404225,21.184103],[105.403159,21.187203],[105.407224,21.188261],[105.410592,21.191789],[105.408474,21.195704],[105.414553,21.20187],[105.41341,21.20507],[105.415416,21.207386],[105.417312,21.205378],[105.421114,21.208464],[105.419098,21.212878],[105.420296,21.215604],[105.417581,21.218102],[105.419742,21.219148],[105.42076,21.216575],[105.424069,21.215841],[105.423912,21.214661],[105.429618,21.213949],[105.437872,21.216538],[105.437125,21.223593],[105.442381,21.22941],[105.441066,21.219631],[105.442861,21.20629],[105.467697,21.179855]]]}},{"type":"Feature","properties":{"code":"09895","name":"Xã Quốc Oai","type":"Xã"},"geometry":{"type":"Polygon","coordinates":[[[105.646949,21.042381],[105.648244,21.040282],[105.650927,21.044104],[105.654577,21.037615],[105.664414,21.033662],[105.667281,21.030663],[105.668722,21.023752],[105.677578,21.018914],[105.676754,21.009536],[105.674581,21.008162],[105.667375,21.009699],[105.663445,21.006938],[105.663997,21.002602],[105.665926,21.001298],[105.667499,20.996175],[105.665166,20.982904],[105.662255,20.98188],[105.661877,20.984186],[105.659202,20.984469],[105.660916,20.988153],[105.659504,20.990202],[105.656569,20.989756],[105.656673,20.988189],[105.65309,20.990499],[105.648374,20.989058],[105.647252,20.985605],[105.643023,20.983388],[105.643665,20.982327],[105.637195,20.979325],[105.638189,20.973782],[105.630787,20.970646],[105.629486,20.973031],[105.630256,20.976717],[105.63248,20.977541],[105.630525,20.97967],[105.632432,20.982573],[105.629649,20.989595],[105.632043,20.992116],[105.633572,20.989103],[105.635215,20.990105],[105.630191,20.995378],[105.632439,20.996947],[105.628092,21.002336],[105.639727,21.003495],[105.640009,21.010691],[105.634713,21.016329],[105.632272,21.014001],[105.627921,21.017631],[105.634199,21.025118],[105.630744,21.027032],[105.633154,21.035433],[105.632329,21.036986],[105.634548,21.036675],[105.635506,21.041195],[105.63446,21.04406],[105.643046,21.043727],[105.643314,21.040941],[105.644587,21.043344],[105.646912,21.042381],[105.646657,21.044396],[105.647976,21.046295],[105.646949,21.042381]]]}},{"type":"Feature","properties":{"code":"09694","name":"Xã Suối Hai","type":"Xã"},"geometry":{"type":"Polygon","coordinates":[[[105.386264,21.158248],[105.391097,21.156853],[105.391982,21.155122],[105.393811,21.156051],[105.393592,21.154214],[105.395238,21.15424],[105.403384,21.143735],[105.405879,21.146543],[105.408288,21.138656],[105.417945,21.134754],[105.419376,21.131773],[105.42321,21.129437],[105.425399,21.122054],[105.431248,21.120135],[105.429626,21.113295],[105.43146,21.109436],[105.430997,21.106769],[105.423991,21.105465],[105.425788,21.104051],[105.423106,21.104504],[105.418901,21.101379],[105.412224,21.102419],[105.404891,21.09782],[105.402755,21.098055],[105.401807,21.094522],[105.398722,21.092294],[105.392004,21.091804],[105.390433,21.087937],[105.381688,21.083123],[105.375737,21.085571],[105.379525,21.092914],[105.379356,21.096187],[105.377597,21.09724],[105.373403,21.094295],[105.371404,21.094681],[105.375045,21.101372],[105.375241,21.105163],[105.371564,21.107166],[105.373189,21.111575],[105.369618,21.110135],[105.367595,21.111314],[105.366284,21.10852],[105.364107,21.109262],[105.360634,21.107394],[105.361705,21.105307],[105.355395,21.096924],[105.347123,21.100661],[105.342852,21.108516],[105.343525,21.109647],[105.338109,21.112737],[105.331239,21.112978],[105.332644,21.11584],[105.330138,21.121292],[105.323627,21.122892],[105.318309,21.13422],[105.322457,21.136893],[105.318665,21.14224],[105.323822,21.145144],[105.327652,21.14433],[105.330157,21.148296],[105.334249,21.148004],[105.337209,21.14606],[105.336472,21.143364],[105.339049,21.141305],[105.343522,21.142827],[105.345605,21.146202],[105.348896,21.140942],[105.363535,21.138236],[105.37046,21.150113],[105.37068,21.158083],[105.376471,21.166478],[105.382624,21.164956],[105.386264,21.158248]]]}},{"type":"Feature","properties":{"code":"00376","name":"Xã Sóc Sơn","type":"Xã"},"geometry":{"type":"Polygon","coordinates":[[[105.83317,21.301962],[105.83961,21.298619],[105.841552,21.294987],[105.851563,21.297495],[105.855064,21.295991],[105.857436,21.294002],[105.855863,21.292485],[105.856084,21.289561],[105.85977,21.287458],[105.86512,21.287183],[105.866343,21.292476],[105.872684,21.295193],[105.873186,21.293372],[105.876288,21.292815],[105.879712,21.294583],[105.883224,21.293542],[105.886804,21.288784],[105.88731,21.280623],[105.885553,21.280841],[105.884837,21.276198],[105.881046,21.278377],[105.879829,21.277441],[105.881848,21.27532],[105.880922,21.271813],[105.883987,21.267399],[105.883941,21.257964],[105.887512,21.246909],[105.881128,21.244031],[105.880452,21.241336],[105.873558,21.243091],[105.872802,21.239056],[105.87006,21.238829],[105.869533,21.236365],[105.863735,21.233117],[105.862003,21.233767],[105.861826,21.228333],[105.866071,21.225676],[105.871551,21.224548],[105.871513,21.222909],[105.878959,21.219193],[105.88597,21.218801],[105.88485,21.213413],[105.880411,21.210129],[105.880847,21.207944],[105.882946,21.20713],[105.881055,21.207643],[105.879835,21.203258],[105.875508,21.201914],[105.871801,21.206408],[105.872736,21.200589],[105.871344,21.198101],[105.86791,21.198247],[105.867086,21.200665],[105.865096,21.200623],[105.858324,21.194574],[105.845576,21.188865],[105.840977,21.190457],[105.837986,21.189581],[105.834756,21.192865],[105.833973,21.198133],[105.824901,21.198289],[105.82498,21.201355],[105.822181,21.201616],[105.822094,21.207591],[105.816553,21.209136],[105.818794,21.213209],[105.824856,21.211703],[105.827718,21.215783],[105.822924,21.219617],[105.811691,21.223358],[105.812986,21.227575],[105.807995,21.229096],[105.805479,21.234133],[105.81555,21.239474],[105.816842,21.247707],[105.819517,21.248158],[105.819228,21.249421],[105.822122,21.248798],[105.82595,21.251509],[105.825152,21.256425],[105.819623,21.265419],[105.821076,21.270078],[105.824573,21.271166],[105.822503,21.272878],[105.821698,21.277503],[105.823225,21.28396],[105.821941,21.287804],[105.824011,21.289634],[105.824292,21.298682],[105.83317,21.301962]]]}},{"type":"Feature","properties":{"code":"09871","name":"Xã Sơn Đồng","type":"Xã"},"geometry":{"type":"Polygon","coordinates":[[[105.729867,21.046983],[105.733559,21.043406],[105.733635,21.038384],[105.734737,21.036813],[105.738057,21.03647],[105.738936,21.032749],[105.73713,21.030958],[105.73854,21.027788],[105.734846,21.026313],[105.736746,21.022831],[105.734456,21.022589],[105.729977,21.017934],[105.73397,21.015465],[105.733009,21.010398],[105.715352,21.010885],[105.690915,21.005536],[105.663925,21.003133],[105.663445,21.006938],[105.666642,21.0095],[105.674581,21.008162],[105.676567,21.00918],[105.677578,21.018914],[105.672173,21.021869],[105.674138,21.025121],[105.677674,21.02321],[105.679687,21.02533],[105.682526,21.033459],[105.696846,21.030569],[105.692512,21.035148],[105.692778,21.051422],[105.704097,21.050662],[105.704834,21.04464],[105.710413,21.035336],[105.715189,21.033681],[105.720282,21.034347],[105.723155,21.040102],[105.725204,21.040102],[105.727351,21.045236],[105.729867,21.046983]]]}},{"type":"Feature","properties":{"code":"10144","name":"Xã Tam Hưng","type":"Xã"},"geometry":{"type":"Polygon","coordinates":[[[105.79137,20.91518],[105.794529,20.914984],[105.796611,20.911941],[105.798015,20.913126],[105.803052,20.912522],[105.80447,20.909661],[105.80666,20.909899],[105.81608,20.90221],[105.816207,20.899532],[105.812674,20.898167],[105.815004,20.895437],[105.812849,20.895248],[105.812707,20.893315],[105.815661,20.886061],[105.814147,20.879966],[105.816218,20.879423],[105.815608,20.870298],[105.824096,20.869781],[105.822793,20.86546],[105.824454,20.861517],[105.819373,20.858487],[105.822146,20.856389],[105.823547,20.841498],[105.814073,20.839643],[105.800202,20.840159],[105.801464,20.843539],[105.799042,20.845537],[105.799453,20.84779],[105.795544,20.848139],[105.794673,20.852173],[105.780819,20.861806],[105.77807,20.859902],[105.771945,20.866021],[105.770793,20.865329],[105.768912,20.869908],[105.767486,20.869891],[105.768077,20.873726],[105.771679,20.877376],[105.770668,20.879178],[105.774594,20.890322],[105.77639,20.891533],[105.780785,20.890974],[105.782762,20.893212],[105.785247,20.892726],[105.785394,20.897751],[105.787181,20.8995],[105.78614,20.900516],[105.787378,20.90196],[105.785466,20.902446],[105.787942,20.914178],[105.790283,20.917232],[105.79137,20.91518]]]}},{"type":"Feature","properties":{"code":"10114","name":"Xã Thanh Oai","type":"Xã"},"geometry":{"type":"Polygon","coordinates":[[[105.75195,20.87692],[105.751839,20.874237],[105.759893,20.874838],[105.768912,20.869908],[105.770793,20.865329],[105.771945,20.866021],[105.77807,20.859902],[105.780819,20.861806],[105.790498,20.855402],[105.794673,20.852173],[105.795544,20.848139],[105.799453,20.84779],[105.799042,20.845537],[105.801464,20.843539],[105.800202,20.840159],[105.796929,20.839644],[105.795878,20.836267],[105.798507,20.831731],[105.796222,20.830502],[105.798595,20.828453],[105.791977,20.823857],[105.787427,20.82444],[105.784985,20.829733],[105.783437,20.82871],[105.785244,20.825401],[105.776713,20.823181],[105.773651,20.820035],[105.775302,20.812337],[105.768798,20.811602],[105.769112,20.81316],[105.764339,20.819583],[105.762926,20.820821],[105.760979,20.819813],[105.762133,20.821997],[105.759567,20.822804],[105.759037,20.821277],[105.752633,20.820775],[105.755228,20.828304],[105.761064,20.83438],[105.757884,20.837044],[105.74088,20.836425],[105.733827,20.840301],[105.733982,20.842994],[105.736225,20.845159],[105.751881,20.84694],[105.755784,20.848239],[105.756339,20.850805],[105.753334,20.854517],[105.74203,20.859027],[105.733027,20.865573],[105.728686,20.871673],[105.728595,20.875384],[105.730339,20.875919],[105.734145,20.873046],[105.73798,20.876304],[105.739293,20.874143],[105.747963,20.875344],[105.748918,20.87373],[105.75195,20.87692]]]}},{"type":"Feature","properties":{"code":"00640","name":"Xã Thanh Trì","type":"Xã"},"geometry":{"type":"Polygon","coordinates":[[[105.886167,20.945519],[105.882109,20.940342],[105.881463,20.935726],[105.859117,20.932379],[105.859888,20.922179],[105.849026,20.925143],[105.844178,20.923372],[105.836034,20.928351],[105.836475,20.932858],[105.842022,20.942658],[105.844166,20.943007],[105.84415,20.951194],[105.847541,20.952123],[105.849171,20.947761],[105.864007,20.943261],[105.86476,20.94911],[105.871081,20.956624],[105.886167,20.945519]]]}},{"type":"Feature","properties":{"code":"00493","name":"Xã Thiên Lộc","type":"Xã"},"geometry":{"type":"Polygon","coordinates":[[[105.807493,21.124612],[105.781271,21.125453],[105.787086,21.10801],[105.786404,21.097728],[105.748866,21.099474],[105.735437,21.113339],[105.731857,21.122104],[105.73596,21.121921],[105.735466,21.123986],[105.737227,21.125741],[105.738647,21.125187],[105.738733,21.128484],[105.741066,21.128824],[105.743675,21.134722],[105.75971,21.133762],[105.760472,21.135795],[105.766672,21.136688],[105.773577,21.147284],[105.778344,21.150244],[105.784086,21.152172],[105.793551,21.14943],[105.799479,21.154575],[105.802769,21.152667],[105.806025,21.145813],[105.806515,21.141387],[105.804007,21.135351],[105.808899,21.130623],[105.807493,21.124612]]]}},{"type":"Feature","properties":{"code":"00562","name":"Xã Thuận An","type":"Xã"},"geometry":{"type":"Polygon","coordinates":[[[106.003058,21.067922],[106.006756,21.06287],[106.008689,21.064216],[106.009567,21.062316],[106.008226,21.055534],[106.011343,21.058197],[106.011048,21.056972],[106.014319,21.055957],[106.013673,21.053783],[106.015246,21.052837],[106.013901,21.050956],[106.020027,21.047622],[106.020128,21.041475],[106.012851,21.030264],[106.006622,21.028627],[106.009415,21.024371],[106.004654,21.022088],[106.003205,21.017523],[106.00617,21.015094],[106.00447,21.011681],[106.009599,21.012388],[106.010163,21.01079],[106.008467,21.008274],[106.001316,21.00748],[106.00119,21.005671],[105.999534,21.005468],[105.999967,20.999993],[105.991359,21.001026],[105.985021,20.996517],[105.978935,20.998286],[105.970143,21.01581],[105.963951,21.021684],[105.957652,21.01949],[105.951958,21.012048],[105.946904,21.01562],[105.95159,21.021105],[105.950457,21.021826],[105.952318,21.027028],[105.949017,21.031338],[105.948539,21.037486],[105.970633,21.048584],[105.985016,21.040519],[105.990445,21.039706],[105.993666,21.044786],[105.995947,21.06346],[105.999434,21.067156],[106.003058,21.067922]]]}},{"type":"Feature","properties":{"code":"00475","name":"Xã Thư Lâm","type":"Xã"},"geometry":{"type":"Polygon","coordinates":[[[105.875354,21.201917],[105.886718,21.205785],[105.891759,21.203366],[105.890721,21.201057],[105.885958,21.198624],[105.882001,21.189457],[105.876131,21.187905],[105.877176,21.186684],[105.880341,21.187175],[105.887195,21.190111],[105.889257,21.185295],[105.898239,21.183199],[105.896162,21.17704],[105.901514,21.178208],[105.900324,21.181997],[105.905513,21.183012],[105.907059,21.192472],[105.912334,21.192356],[105.912264,21.190256],[105.916113,21.188835],[105.915338,21.187276],[105.923594,21.18276],[105.920215,21.178337],[105.921652,21.177024],[105.921137,21.173766],[105.918092,21.173567],[105.917011,21.169693],[105.919227,21.163284],[105.922532,21.16318],[105.919536,21.155431],[105.927294,21.142464],[105.92522,21.141591],[105.926299,21.14051],[105.923833,21.138185],[105.925376,21.136316],[105.924585,21.133326],[105.921909,21.135297],[105.917868,21.132049],[105.919266,21.12992],[105.912984,21.126213],[105.915608,21.118954],[105.895519,21.135926],[105.862758,21.148975],[105.846377,21.153571],[105.846542,21.163409],[105.847926,21.163119],[105.852343,21.177987],[105.856294,21.177847],[105.853178,21.18071],[105.855466,21.188591],[105.85497,21.192936],[105.865096,21.200623],[105.867086,21.200665],[105.86791,21.198247],[105.871344,21.198101],[105.872736,21.200589],[105.871801,21.206408],[105.875354,21.201917]]]}},{"type":"Feature","properties":{"code":"10183","name":"Xã Thường Tín","type":"Xã"},"geometry":{"type":"Polygon","coordinates":[[[105.833772,20.904253],[105.851857,20.89878],[105.855214,20.895423],[105.858099,20.894768],[105.860722,20.890839],[105.867054,20.893473],[105.871177,20.892735],[105.870618,20.890788],[105.874708,20.889963],[105.875732,20.8709],[105.869775,20.87167],[105.869579,20.870277],[105.866927,20.869776],[105.86634,20.867153],[105.868145,20.866009],[105.865125,20.862407],[105.866407,20.860741],[105.865678,20.858413],[105.863887,20.857739],[105.863235,20.859709],[105.855826,20.857638],[105.854596,20.861115],[105.84805,20.859556],[105.845972,20.861987],[105.845362,20.859674],[105.843909,20.860924],[105.845925,20.86334],[105.844648,20.864219],[105.842337,20.861386],[105.846608,20.858467],[105.847187,20.855028],[105.838927,20.853369],[105.834956,20.847736],[105.829237,20.846128],[105.828252,20.837515],[105.826252,20.83571],[105.821815,20.841154],[105.823582,20.841574],[105.822146,20.856389],[105.819398,20.857793],[105.820669,20.860421],[105.824454,20.861517],[105.822793,20.86546],[105.824096,20.869781],[105.815608,20.870298],[105.816218,20.879423],[105.814147,20.879966],[105.815661,20.886061],[105.812707,20.893315],[105.812849,20.895248],[105.815004,20.895437],[105.812674,20.898167],[105.816207,20.899532],[105.816113,20.902888],[105.824527,20.903772],[105.825674,20.900608],[105.826938,20.900668],[105.82639,20.898023],[105.828659,20.896868],[105.833772,20.904253]]]}},{"type":"Feature","properties":{"code":"10231","name":"Xã Thượng Phúc","type":"Xã"},"geometry":{"type":"Polygon","coordinates":[[[105.845191,20.859764],[105.845972,20.861987],[105.84805,20.859556],[105.854596,20.861115],[105.855826,20.857638],[105.863235,20.859709],[105.863887,20.857739],[105.865678,20.858413],[105.864463,20.855092],[105.868123,20.857649],[105.872547,20.854602],[105.873555,20.85035],[105.88048,20.850378],[105.881476,20.847752],[105.887798,20.850673],[105.891272,20.84905],[105.889474,20.846662],[105.890544,20.842506],[105.88455,20.840486],[105.883914,20.833943],[105.877264,20.831411],[105.867764,20.83034],[105.869186,20.819323],[105.872712,20.819432],[105.873544,20.811812],[105.872269,20.80912],[105.872118,20.795384],[105.853005,20.801933],[105.842562,20.796174],[105.834181,20.795074],[105.833181,20.800565],[105.836702,20.800352],[105.836729,20.805064],[105.838621,20.80507],[105.839534,20.809935],[105.838961,20.814224],[105.841232,20.814704],[105.836625,20.81763],[105.837273,20.823784],[105.82772,20.827201],[105.829054,20.827359],[105.826252,20.83571],[105.828252,20.837515],[105.829237,20.846128],[105.834956,20.847736],[105.838927,20.853369],[105.847187,20.855028],[105.846608,20.858467],[105.842337,20.861386],[105.844648,20.864219],[105.845925,20.86334],[105.843909,20.860924],[105.845191,20.859764]]]}},{"type":"Feature","properties":{"code":"09955","name":"Xã Thạch Thất","type":"Xã"},"geometry":{"type":"Polygon","coordinates":[[[105.563349,21.100086],[105.575538,21.099675],[105.57679,21.093077],[105.575452,21.088447],[105.576766,21.086308],[105.574935,21.082178],[105.581446,21.078032],[105.583282,21.075173],[105.58747,21.076052],[105.587762,21.073874],[105.593036,21.074406],[105.594555,21.073152],[105.593639,21.064323],[105.591353,21.062566],[105.592769,21.059571],[105.589927,21.058934],[105.587996,21.056397],[105.590827,21.052586],[105.591916,21.04593],[105.59033,21.04331],[105.587802,21.04252],[105.589237,21.039229],[105.583503,21.037209],[105.584071,21.035298],[105.578939,21.036088],[105.577271,21.030783],[105.576095,21.032218],[105.573866,21.031843],[105.572382,21.034304],[105.56599,21.032914],[105.56347,21.033798],[105.564383,21.037404],[105.567534,21.037449],[105.567115,21.039273],[105.564564,21.038298],[105.565581,21.04101],[105.561952,21.041262],[105.563751,21.045447],[105.561729,21.050279],[105.564142,21.053688],[105.563381,21.05875],[105.559695,21.056771],[105.553329,21.057147],[105.546487,21.054948],[105.540759,21.050471],[105.538542,21.051779],[105.533562,21.058743],[105.534412,21.060935],[105.531786,21.06112],[105.529009,21.063826],[105.531575,21.069636],[105.535014,21.070104],[105.536123,21.070806],[105.5352,21.072367],[105.537878,21.073067],[105.535107,21.07482],[105.532442,21.074112],[105.532178,21.080641],[105.523534,21.084558],[105.523306,21.088202],[105.527523,21.089284],[105.528585,21.09131],[105.539266,21.091043],[105.543614,21.096243],[105.543782,21.095015],[105.549418,21.094001],[105.549929,21.097033],[105.554831,21.096392],[105.557434,21.102059],[105.563349,21.100086]]]}},{"type":"Feature","properties":{"code":"08995","name":"Xã Tiến Thắng","type":"Xã"},"geometry":{"type":"Polygon","coordinates":[[[105.666659,21.239459],[105.668628,21.233318],[105.670596,21.232826],[105.674626,21.23623],[105.675376,21.234067],[105.671365,21.230384],[105.676368,21.226974],[105.678962,21.228755],[105.681464,21.234667],[105.688068,21.234619],[105.688516,21.232635],[105.68317,21.231894],[105.682735,21.230268],[105.685859,21.229659],[105.685888,21.226459],[105.68866,21.221503],[105.690239,21.219882],[105.693336,21.221499],[105.698215,21.213545],[105.69728,21.218423],[105.698507,21.219633],[105.701766,21.2186],[105.70326,21.221277],[105.705098,21.221433],[105.709896,21.219679],[105.711711,21.2228],[105.715682,21.224477],[105.719683,21.223154],[105.722084,21.227503],[105.724725,21.22472],[105.734593,21.233114],[105.747323,21.229123],[105.726598,21.202579],[105.707647,21.183926],[105.702523,21.175517],[105.690184,21.186988],[105.68413,21.182845],[105.6773,21.189009],[105.677996,21.191451],[105.666834,21.201278],[105.664444,21.199304],[105.661308,21.19995],[105.652888,21.20662],[105.638421,21.205932],[105.639364,21.211705],[105.636019,21.215493],[105.636098,21.217497],[105.644963,21.215535],[105.654361,21.218188],[105.658968,21.221629],[105.654711,21.227536],[105.651465,21.225922],[105.645304,21.227219],[105.644884,21.234732],[105.652111,21.238109],[105.656646,21.23483],[105.661452,21.234968],[105.666659,21.239459]]]}},{"type":"Feature","properties":{"code":"00385","name":"Xã Trung Giã","type":"Xã"},"geometry":{"type":"Polygon","coordinates":[[[105.800871,21.38539],[105.80399,21.384442],[105.804863,21.382373],[105.807485,21.382968],[105.812751,21.380603],[105.813663,21.382854],[105.81648,21.383049],[105.821382,21.377943],[105.83033,21.375704],[105.833733,21.372969],[105.839571,21.37743],[105.846887,21.37742],[105.849276,21.374344],[105.855685,21.376038],[105.858258,21.374827],[105.858129,21.368627],[105.854944,21.366586],[105.853696,21.359419],[105.851676,21.35677],[105.854655,21.352452],[105.852455,21.348987],[105.858776,21.345647],[105.856522,21.345964],[105.855643,21.34402],[105.858032,21.33873],[105.862948,21.337804],[105.868363,21.32699],[105.871394,21.329661],[105.889325,21.325767],[105.896934,21.327505],[105.899419,21.324177],[105.898718,21.317691],[105.881681,21.313188],[105.879438,21.303006],[105.882072,21.300679],[105.882505,21.295055],[105.876288,21.292815],[105.873186,21.293372],[105.872684,21.295193],[105.866343,21.292476],[105.86512,21.287183],[105.85977,21.287458],[105.856084,21.289561],[105.855863,21.292485],[105.857436,21.294002],[105.855064,21.295991],[105.851563,21.297495],[105.841338,21.295041],[105.83961,21.298619],[105.83317,21.301962],[105.824292,21.298682],[105.824011,21.289634],[105.819331,21.287783],[105.818318,21.284766],[105.80979,21.277616],[105.807483,21.284761],[105.800996,21.285434],[105.797972,21.288308],[105.794061,21.295138],[105.793097,21.30064],[105.788792,21.303315],[105.78835,21.308324],[105.788669,21.314022],[105.793946,21.317931],[105.794298,21.322216],[105.797763,21.323497],[105.797489,21.327072],[105.799559,21.328637],[105.796719,21.331993],[105.797938,21.333237],[105.797754,21.343923],[105.793149,21.346078],[105.785235,21.354428],[105.786404,21.35679],[105.784674,21.35964],[105.786872,21.366739],[105.785821,21.370454],[105.789673,21.373301],[105.788001,21.375849],[105.796772,21.381089],[105.796665,21.382535],[105.798972,21.381504],[105.800871,21.38539]]]}},{"type":"Feature","properties":{"code":"10081","name":"Xã Trần Phú","type":"Xã"},"geometry":{"type":"Polygon","coordinates":[[[105.64975,20.880228],[105.649577,20.875338],[105.65346,20.879008],[105.660705,20.879321],[105.661607,20.875931],[105.665667,20.876359],[105.666664,20.874079],[105.66386,20.873004],[105.664479,20.871307],[105.669303,20.872279],[105.671043,20.869579],[105.674177,20.869948],[105.685266,20.852542],[105.685605,20.84137],[105.686832,20.840914],[105.687007,20.837221],[105.689575,20.837623],[105.690886,20.831023],[105.685602,20.829476],[105.68673,20.827889],[105.684993,20.826046],[105.682286,20.827306],[105.674851,20.826337],[105.674294,20.824099],[105.672455,20.824606],[105.658125,20.816555],[105.657001,20.814897],[105.659478,20.814247],[105.662855,20.808346],[105.649424,20.809528],[105.650544,20.795122],[105.647631,20.79361],[105.648398,20.792103],[105.646303,20.792279],[105.645744,20.79655],[105.643591,20.792738],[105.641317,20.791799],[105.635986,20.795313],[105.63372,20.792926],[105.63167,20.793195],[105.630648,20.79392],[105.63318,20.796164],[105.634665,20.800578],[105.632513,20.802978],[105.631125,20.811188],[105.632197,20.813756],[105.630561,20.81589],[105.626993,20.814265],[105.627069,20.81588],[105.631231,20.817117],[105.632249,20.819915],[105.630238,20.820816],[105.636547,20.821486],[105.641196,20.824148],[105.641683,20.833029],[105.635437,20.832918],[105.636086,20.839311],[105.633788,20.838524],[105.632063,20.835312],[105.617844,20.830454],[105.618881,20.831904],[105.615924,20.831795],[105.613889,20.835615],[105.607965,20.839026],[105.610073,20.84201],[105.607542,20.848442],[105.602685,20.845513],[105.601181,20.849693],[105.600136,20.848768],[105.59896,20.850603],[105.601164,20.852142],[105.612907,20.848476],[105.617594,20.849074],[105.622667,20.852219],[105.62185,20.854687],[105.623735,20.856824],[105.623919,20.861757],[105.626135,20.863129],[105.625474,20.865326],[105.62725,20.86522],[105.629015,20.867589],[105.631645,20.86741],[105.63171,20.869965],[105.62965,20.86985],[105.63145,20.872326],[105.629656,20.873145],[105.634579,20.875076],[105.636692,20.880791],[105.638868,20.880131],[105.64224,20.882054],[105.64975,20.880228]]]}},{"type":"Feature","properties":{"code":"10003","name":"Xã Tây Phương","type":"Xã"},"geometry":{"type":"Polygon","coordinates":[[[105.634728,21.044172],[105.634548,21.036675],[105.632329,21.036986],[105.633154,21.035433],[105.630744,21.027032],[105.634199,21.025118],[105.627921,21.017631],[105.63168,21.014233],[105.634713,21.016329],[105.638946,21.013216],[105.639727,21.003495],[105.614456,21.001334],[105.615024,21.008254],[105.602934,21.005067],[105.600226,21.005775],[105.593854,21.017511],[105.594799,21.019525],[105.589205,21.024084],[105.585765,21.023334],[105.583051,21.026606],[105.587583,21.032432],[105.585251,21.035318],[105.589237,21.039229],[105.587802,21.04252],[105.59033,21.04331],[105.591916,21.04593],[105.590827,21.052586],[105.587996,21.056397],[105.589927,21.058934],[105.592769,21.059571],[105.59142,21.062969],[105.593569,21.064179],[105.594402,21.067143],[105.59443,21.073403],[105.587762,21.073874],[105.58747,21.076052],[105.593515,21.077855],[105.594935,21.074672],[105.60724,21.070482],[105.609313,21.072542],[105.61579,21.067563],[105.616467,21.069528],[105.62437,21.064846],[105.629655,21.060053],[105.632123,21.052407],[105.63064,21.051221],[105.634728,21.044172]]]}},{"type":"Feature","properties":{"code":"10354","name":"Xã Vân Đình","type":"Xã"},"geometry":{"type":"Polygon","coordinates":[[[105.73522,20.778024],[105.738588,20.772295],[105.736059,20.770539],[105.737242,20.767032],[105.743956,20.76378],[105.745365,20.757743],[105.748655,20.756825],[105.746572,20.752123],[105.751349,20.750167],[105.756322,20.745245],[105.766255,20.746862],[105.767555,20.74428],[105.763637,20.743665],[105.76412,20.740867],[105.770567,20.740409],[105.770918,20.737221],[105.780475,20.737005],[105.780943,20.738683],[105.787785,20.739552],[105.788052,20.738337],[105.7894,20.740229],[105.78907,20.748448],[105.794676,20.75069],[105.79465,20.749484],[105.798308,20.749297],[105.803311,20.75075],[105.807593,20.745713],[105.809941,20.744449],[105.811171,20.746027],[105.816844,20.74099],[105.815266,20.738709],[105.819733,20.735097],[105.820355,20.732496],[105.818957,20.731555],[105.820145,20.729648],[105.818637,20.728849],[105.81535,20.716422],[105.811143,20.707619],[105.804659,20.704139],[105.806995,20.700898],[105.801702,20.698016],[105.802999,20.696045],[105.796667,20.694721],[105.794632,20.697369],[105.793257,20.69684],[105.790806,20.702568],[105.781819,20.699096],[105.777362,20.706693],[105.775005,20.706537],[105.776109,20.717208],[105.7739,20.722481],[105.771533,20.720541],[105.76946,20.722382],[105.771045,20.723507],[105.769864,20.725871],[105.761724,20.731473],[105.75545,20.728731],[105.741833,20.726776],[105.732847,20.721798],[105.73046,20.723089],[105.733068,20.727524],[105.733096,20.731524],[105.731845,20.735818],[105.729114,20.737656],[105.706434,20.742882],[105.697402,20.742208],[105.696437,20.745766],[105.697846,20.751276],[105.704953,20.75156],[105.710783,20.754123],[105.724264,20.768113],[105.726064,20.776077],[105.73522,20.778024]]]}},{"type":"Feature","properties":{"code":"00508","name":"Xã Vĩnh Thanh","type":"Xã"},"geometry":{"type":"Polygon","coordinates":[[[105.781271,21.125453],[105.834975,21.123868],[105.84949,21.108191],[105.850134,21.107327],[105.845897,21.104489],[105.848651,21.095619],[105.847815,21.089051],[105.840993,21.08116],[105.82666,21.091227],[105.816545,21.094666],[105.786404,21.097728],[105.787086,21.10801],[105.781271,21.125453]]]}},{"type":"Feature","properties":{"code":"09664","name":"Xã Vật Lại","type":"Xã"},"geometry":{"type":"Polygon","coordinates":[[[105.435212,21.252244],[105.445576,21.251803],[105.446363,21.24431],[105.442381,21.22941],[105.437125,21.223593],[105.437872,21.216538],[105.429618,21.213949],[105.423912,21.214661],[105.424069,21.215841],[105.42076,21.216575],[105.419742,21.219148],[105.417581,21.218102],[105.420296,21.215604],[105.419098,21.212878],[105.421114,21.208464],[105.417312,21.205378],[105.415416,21.207386],[105.41341,21.20507],[105.414553,21.20187],[105.408474,21.195704],[105.410595,21.192518],[105.409541,21.190207],[105.403159,21.187203],[105.404225,21.184103],[105.397022,21.18176],[105.395686,21.179859],[105.392275,21.181363],[105.390936,21.177633],[105.383373,21.177316],[105.380342,21.173043],[105.377083,21.174061],[105.374086,21.172246],[105.372665,21.18229],[105.373811,21.186371],[105.368759,21.191597],[105.369146,21.198671],[105.356297,21.199694],[105.352849,21.201896],[105.349961,21.207558],[105.339274,21.210044],[105.347232,21.226377],[105.353437,21.245797],[105.356784,21.242894],[105.362473,21.245452],[105.362621,21.244234],[105.366411,21.245055],[105.369275,21.243786],[105.371624,21.246795],[105.384602,21.2366],[105.388049,21.240173],[105.390728,21.240708],[105.395422,21.237807],[105.402802,21.241385],[105.411855,21.240608],[105.41529,21.238397],[105.429473,21.243584],[105.432599,21.250597],[105.435212,21.252244]]]}},{"type":"Feature","properties":{"code":"10045","name":"Xã Xuân Mai","type":"Xã"},"geometry":{"type":"Polygon","coordinates":[[[105.579075,20.915068],[105.580178,20.912444],[105.582275,20.912346],[105.582045,20.909693],[105.590583,20.912674],[105.592745,20.911043],[105.593774,20.913461],[105.597395,20.912774],[105.598429,20.914708],[105.603418,20.913559],[105.606582,20.908294],[105.612501,20.909164],[105.614159,20.905908],[105.610655,20.900996],[105.613651,20.897218],[105.613097,20.895378],[105.61103,20.895105],[105.609402,20.887478],[105.616612,20.890006],[105.620091,20.895529],[105.627866,20.88953],[105.630304,20.890172],[105.632038,20.893052],[105.641735,20.889106],[105.64224,20.882054],[105.638868,20.880131],[105.636692,20.880791],[105.634579,20.875076],[105.629714,20.873277],[105.63145,20.872326],[105.62965,20.86985],[105.63171,20.869965],[105.631645,20.86741],[105.629015,20.867589],[105.62725,20.86522],[105.625474,20.865326],[105.626135,20.863129],[105.623919,20.861757],[105.622361,20.851927],[105.613619,20.848418],[105.601164,20.852142],[105.59896,20.850603],[105.600136,20.848768],[105.601181,20.849693],[105.602685,20.845513],[105.606426,20.846603],[105.607484,20.848452],[105.608303,20.847559],[105.610073,20.84201],[105.607912,20.83912],[105.608818,20.837949],[105.602905,20.83793],[105.599936,20.841177],[105.596308,20.841469],[105.597757,20.833491],[105.59473,20.830478],[105.588097,20.831327],[105.586632,20.826416],[105.587773,20.820484],[105.583841,20.81755],[105.583409,20.811793],[105.575189,20.807935],[105.564275,20.809463],[105.555788,20.806055],[105.553416,20.806466],[105.550881,20.809212],[105.558261,20.812291],[105.562143,20.822745],[105.574447,20.822089],[105.57934,20.826462],[105.581459,20.836835],[105.58607,20.840268],[105.585248,20.842344],[105.587301,20.842855],[105.588123,20.845099],[105.585392,20.844844],[105.587681,20.849559],[105.585105,20.85459],[105.585413,20.857399],[105.580216,20.862483],[105.579399,20.861457],[105.575468,20.864009],[105.575636,20.866324],[105.573143,20.869101],[105.571232,20.869105],[105.567919,20.872579],[105.562786,20.873218],[105.563404,20.876056],[105.561273,20.87546],[105.559563,20.877399],[105.55936,20.880846],[105.554015,20.879765],[105.5527,20.883222],[105.556157,20.883712],[105.55499,20.886304],[105.559608,20.890906],[105.56099,20.897901],[105.563382,20.898514],[105.555461,20.90476],[105.557032,20.906656],[105.560027,20.905523],[105.557532,20.908],[105.579075,20.915068]]]}},{"type":"Feature","properties":{"code":"09706","name":"Xã Yên Bài","type":"Xã"},"geometry":{"type":"Polygon","coordinates":[[[105.440662,21.102793],[105.442735,21.09893],[105.441205,21.097746],[105.445266,21.095002],[105.44138,21.092047],[105.439641,21.088198],[105.440557,21.084065],[105.438666,21.082338],[105.44067,21.081803],[105.44103,21.080038],[105.438917,21.079686],[105.439081,21.078406],[105.441578,21.074051],[105.439074,21.069761],[105.440156,21.066454],[105.445206,21.062293],[105.448905,21.063001],[105.454397,21.067307],[105.454246,21.063429],[105.459408,21.070667],[105.459025,21.063607],[105.455236,21.059863],[105.458664,21.057889],[105.460592,21.06829],[105.465787,21.072115],[105.464248,21.070144],[105.464601,21.067176],[105.460883,21.064393],[105.461318,21.057802],[105.458294,21.055133],[105.456882,21.032798],[105.468907,21.02195],[105.461253,21.013115],[105.454554,21.01172],[105.450729,21.014474],[105.443249,21.014069],[105.434175,21.017114],[105.43113,21.014712],[105.416742,21.011359],[105.413129,21.013926],[105.411114,21.018227],[105.401567,21.013777],[105.39835,21.01521],[105.392617,21.014198],[105.386775,21.019361],[105.387487,21.024437],[105.38444,21.028491],[105.380805,21.030117],[105.378182,21.034651],[105.38165,21.083878],[105.383785,21.083438],[105.382911,21.084216],[105.390433,21.087937],[105.392004,21.091804],[105.398477,21.092124],[105.401807,21.094522],[105.402755,21.098055],[105.404891,21.09782],[105.412224,21.102419],[105.418901,21.101379],[105.423234,21.104497],[105.430273,21.103866],[105.434643,21.10109],[105.441897,21.104982],[105.440662,21.102793]]]}},{"type":"Feature","properties":{"code":"08980","name":"Xã Yên Lãng","type":"Xã"},"geometry":{"type":"Polygon","coordinates":[[[105.638438,21.20631],[105.645087,21.205417],[105.652888,21.20662],[105.661308,21.19995],[105.664444,21.199304],[105.666834,21.201278],[105.677996,21.191451],[105.6773,21.189009],[105.68413,21.182845],[105.690184,21.186988],[105.702523,21.175517],[105.701353,21.164724],[105.697055,21.166111],[105.69912,21.161842],[105.695842,21.14138],[105.68275,21.139151],[105.671706,21.131658],[105.665464,21.131922],[105.651167,21.146166],[105.63617,21.16454],[105.626626,21.170563],[105.626613,21.177841],[105.624214,21.18072],[105.625669,21.181768],[105.628231,21.180656],[105.627042,21.182968],[105.629141,21.184877],[105.624928,21.187655],[105.624567,21.193487],[105.621456,21.194962],[105.622656,21.200483],[105.616221,21.202569],[105.615228,21.207598],[105.616696,21.208766],[105.62164,21.206064],[105.628846,21.210965],[105.638438,21.20631]]]}},{"type":"Feature","properties":{"code":"04930","name":"Xã Yên Xuân","type":"Xã"},"geometry":{"type":"Polygon","coordinates":[[[105.413129,21.013926],[105.416953,21.01136],[105.43113,21.014712],[105.435176,21.017116],[105.443249,21.014069],[105.450729,21.014474],[105.454554,21.01172],[105.463349,21.012867],[105.495979,20.991282],[105.504829,20.989541],[105.524875,20.990395],[105.526992,20.981306],[105.529517,20.978162],[105.527183,20.973568],[105.5255,20.973218],[105.530248,20.965382],[105.527133,20.959714],[105.529294,20.957082],[105.528115,20.955521],[105.528761,20.951874],[105.522787,20.952524],[105.52159,20.950281],[105.519867,20.95101],[105.516273,20.948633],[105.517991,20.943519],[105.516018,20.942113],[105.515731,20.939298],[105.511742,20.934791],[105.503639,20.929553],[105.502365,20.931028],[105.499005,20.930301],[105.493804,20.933602],[105.490233,20.933752],[105.478312,20.948896],[105.471234,20.949023],[105.465608,20.946214],[105.459591,20.94741],[105.452824,20.953392],[105.444327,20.956234],[105.442208,20.964308],[105.439375,20.967852],[105.435836,20.967793],[105.4317,20.972507],[105.427776,20.982231],[105.421525,20.982459],[105.421311,20.987628],[105.417937,20.992584],[105.419088,20.994365],[105.416468,20.998546],[105.413621,20.996993],[105.41188,20.998834],[105.401826,20.998244],[105.39374,21.002948],[105.391874,21.006077],[105.391702,21.014881],[105.39835,21.01521],[105.401567,21.013777],[105.411114,21.018227],[105.413129,21.013926]]]}},{"type":"Feature","properties":{"code":"09817","name":"Xã Ô Diên","type":"Xã"},"geometry":{"type":"Polygon","coordinates":[[[105.736991,21.104755],[105.726265,21.099117],[105.724714,21.096887],[105.726985,21.093916],[105.725705,21.088803],[105.727007,21.088434],[105.726601,21.085372],[105.728333,21.082554],[105.724595,21.076937],[105.724527,21.06917],[105.710237,21.075175],[105.70822,21.071118],[105.705039,21.071368],[105.698679,21.074845],[105.701458,21.080743],[105.696999,21.08353],[105.696818,21.086785],[105.686797,21.089899],[105.684418,21.094687],[105.68757,21.099486],[105.68301,21.103164],[105.685235,21.104896],[105.6843,21.106749],[105.686054,21.10685],[105.685356,21.10967],[105.681657,21.111112],[105.680832,21.109516],[105.678761,21.112196],[105.67976,21.114495],[105.672552,21.119525],[105.673755,21.121725],[105.672146,21.123093],[105.677048,21.12634],[105.673972,21.132765],[105.684665,21.1398],[105.712713,21.142891],[105.71702,21.138757],[105.718768,21.123369],[105.727618,21.11252],[105.736991,21.104755]]]}},{"type":"Feature","properties":{"code":"00430","name":"Xã Đa Phúc","type":"Xã"},"geometry":{"type":"Polygon","coordinates":[[[105.898789,21.317286],[105.897069,21.308333],[105.901739,21.303544],[105.90923,21.301601],[105.917089,21.305441],[105.915779,21.296657],[105.916956,21.29474],[105.923693,21.293917],[105.929675,21.295311],[105.931555,21.293979],[105.930754,21.291588],[105.923201,21.287535],[105.922444,21.272418],[105.923841,21.268226],[105.939059,21.246072],[105.93778,21.24349],[105.933513,21.245442],[105.932919,21.241702],[105.930571,21.242016],[105.920715,21.234955],[105.91955,21.23098],[105.905894,21.231634],[105.906665,21.229098],[105.904448,21.227345],[105.90394,21.223363],[105.905455,21.222413],[105.90928,21.224945],[105.910651,21.22437],[105.915052,21.217407],[105.915727,21.208857],[105.909912,21.207144],[105.913759,21.203098],[105.907085,21.196673],[105.905513,21.183012],[105.900324,21.181997],[105.901514,21.178208],[105.896275,21.177018],[105.898239,21.183199],[105.889257,21.185295],[105.887195,21.190111],[105.880341,21.187175],[105.877176,21.186684],[105.876131,21.187905],[105.882001,21.189457],[105.885958,21.198624],[105.891979,21.202622],[105.886986,21.205792],[105.879835,21.203258],[105.881055,21.207643],[105.882946,21.20713],[105.880847,21.207944],[105.880411,21.210129],[105.88485,21.213413],[105.88597,21.218801],[105.878582,21.219325],[105.871513,21.222909],[105.871551,21.224548],[105.861825,21.228339],[105.862024,21.234151],[105.863735,21.233117],[105.869533,21.236365],[105.87006,21.238829],[105.872802,21.239056],[105.873558,21.243091],[105.880452,21.241336],[105.881128,21.244031],[105.887512,21.246909],[105.883941,21.257964],[105.883987,21.267399],[105.880922,21.271813],[105.881848,21.27532],[105.879829,21.277441],[105.881046,21.278377],[105.884837,21.276198],[105.885553,21.280841],[105.88731,21.280623],[105.886804,21.288784],[105.884867,21.292442],[105.881019,21.293793],[105.882948,21.296002],[105.88252,21.298961],[105.87938,21.304894],[105.881681,21.313188],[105.898789,21.317286]]]}},{"type":"Feature","properties":{"code":"09784","name":"Xã Đan Phượng","type":"Xã"},"geometry":{"type":"Polygon","coordinates":[[[105.686784,21.090295],[105.685056,21.087826],[105.677195,21.084166],[105.677485,21.081534],[105.679486,21.081068],[105.674853,21.075531],[105.676083,21.073848],[105.671816,21.071557],[105.672529,21.07026],[105.666562,21.07264],[105.664036,21.070817],[105.663929,21.068141],[105.666734,21.067541],[105.665328,21.066463],[105.66372,21.066132],[105.659252,21.072163],[105.651165,21.068234],[105.646031,21.071388],[105.645058,21.086483],[105.64707,21.091576],[105.651888,21.093998],[105.655181,21.100334],[105.650162,21.101885],[105.648495,21.105515],[105.655727,21.108476],[105.659751,21.101965],[105.660346,21.098064],[105.666046,21.101558],[105.671168,21.100153],[105.6728,21.106428],[105.665645,21.107552],[105.664389,21.110006],[105.667054,21.114502],[105.665499,21.119014],[105.669679,21.119419],[105.669442,21.121809],[105.672251,21.12301],[105.673755,21.121725],[105.672958,21.118543],[105.67976,21.114495],[105.678761,21.112196],[105.680832,21.109516],[105.681657,21.111112],[105.685311,21.109753],[105.686054,21.10685],[105.6843,21.106749],[105.685235,21.104896],[105.68301,21.103164],[105.68757,21.099486],[105.684418,21.094687],[105.686784,21.090295]]]}},{"type":"Feature","properties":{"code":"09616","name":"Xã Đoài Phương","type":"Xã"},"geometry":{"type":"Polygon","coordinates":[[[105.534412,21.060935],[105.535105,21.053849],[105.531496,21.051989],[105.534874,21.05165],[105.534513,21.050366],[105.529942,21.049132],[105.53083,21.048465],[105.528179,21.045959],[105.529456,21.044435],[105.526724,21.043364],[105.520272,21.035707],[105.517151,21.035707],[105.517167,21.032949],[105.515504,21.032948],[105.50489,21.048903],[105.501222,21.048206],[105.488423,21.041731],[105.468907,21.02195],[105.456882,21.032798],[105.458294,21.055133],[105.461318,21.057802],[105.460883,21.064393],[105.464601,21.067176],[105.464248,21.070144],[105.46525,21.07078],[105.465787,21.072115],[105.460592,21.06829],[105.458664,21.057889],[105.455236,21.059863],[105.459025,21.063607],[105.459408,21.070667],[105.454246,21.063429],[105.454397,21.067307],[105.448905,21.063001],[105.445206,21.062293],[105.440156,21.066454],[105.439074,21.069761],[105.441578,21.074051],[105.439081,21.078406],[105.438917,21.079686],[105.44103,21.080038],[105.44067,21.081803],[105.438666,21.082338],[105.440557,21.084065],[105.439641,21.088198],[105.44138,21.092047],[105.445266,21.095002],[105.441205,21.097746],[105.446603,21.101269],[105.452132,21.099619],[105.460567,21.103206],[105.470304,21.103222],[105.470519,21.100344],[105.472442,21.103537],[105.475078,21.102324],[105.474758,21.104225],[105.47795,21.106153],[105.480563,21.10453],[105.484536,21.105411],[105.485004,21.103162],[105.488256,21.101679],[105.487267,21.097495],[105.488501,21.093403],[105.493115,21.094137],[105.493448,21.095815],[105.496307,21.095223],[105.49949,21.098498],[105.501868,21.097522],[105.501965,21.095249],[105.505591,21.0956],[105.508019,21.097732],[105.51178,21.09535],[105.510273,21.093901],[105.514472,21.090174],[105.516876,21.09222],[105.517772,21.090322],[105.52493,21.089278],[105.523183,21.087894],[105.523911,21.083759],[105.532178,21.080641],[105.532442,21.074112],[105.535107,21.07482],[105.537878,21.073067],[105.5352,21.072367],[105.536123,21.070806],[105.535014,21.070104],[105.531575,21.069636],[105.529009,21.063826],[105.531786,21.06112],[105.534412,21.060935]]]}},{"type":"Feature","properties":{"code":"00454","name":"Xã Đông Anh","type":"Xã"},"geometry":{"type":"Polygon","coordinates":[[[105.840993,21.08116],[105.847815,21.089051],[105.848651,21.095619],[105.845897,21.104489],[105.850134,21.107327],[105.837184,21.122624],[105.827091,21.124624],[105.827114,21.130754],[105.843646,21.133339],[105.846377,21.153571],[105.862758,21.148975],[105.895519,21.135926],[105.915112,21.118897],[105.905552,21.114129],[105.901421,21.105386],[105.9003,21.106481],[105.899239,21.100936],[105.897813,21.101162],[105.896453,21.098316],[105.904307,21.089261],[105.905734,21.089755],[105.902725,21.078603],[105.897717,21.07979],[105.890735,21.078455],[105.872112,21.068148],[105.865266,21.066446],[105.845722,21.079989],[105.840993,21.08116]]]}},{"type":"Feature","properties":{"code":"00664","name":"Xã Đại Thanh","type":"Xã"},"geometry":{"type":"Polygon","coordinates":[[[105.803545,20.95941],[105.813381,20.954233],[105.816869,20.949646],[105.821262,20.957148],[105.825674,20.95644],[105.832712,20.952213],[105.841247,20.954123],[105.84415,20.951194],[105.844455,20.944761],[105.835924,20.931864],[105.835845,20.929199],[105.827091,20.922827],[105.824662,20.925083],[105.812412,20.918857],[105.805181,20.90929],[105.803052,20.912522],[105.798015,20.913126],[105.796611,20.911941],[105.794529,20.914984],[105.791249,20.915198],[105.789463,20.91978],[105.791716,20.921484],[105.791701,20.927165],[105.797711,20.930875],[105.799125,20.934217],[105.801492,20.934201],[105.801593,20.935671],[105.7983,20.937027],[105.798914,20.93895],[105.790454,20.939075],[105.794792,20.950525],[105.794783,20.954715],[105.797487,20.955702],[105.798162,20.95761],[105.801909,20.957177],[105.803545,20.95941]]]}},{"type":"Feature","properties":{"code":"10342","name":"Xã Đại Xuyên","type":"Xã"},"geometry":{"type":"Polygon","coordinates":[[[105.953398,20.743576],[105.967806,20.742415],[105.968701,20.737455],[105.964134,20.724913],[105.973275,20.700544],[105.97951,20.699135],[105.989561,20.70421],[106.003299,20.703618],[106.001607,20.700894],[105.995702,20.697412],[105.998045,20.692315],[105.991866,20.689202],[105.997496,20.67844],[105.994615,20.67716],[105.992211,20.678525],[105.994645,20.681755],[105.990441,20.68242],[105.990018,20.684582],[105.9784,20.67385],[105.977492,20.665569],[105.967238,20.664787],[105.958559,20.659268],[105.957021,20.655817],[105.958073,20.650818],[105.947898,20.65366],[105.944402,20.656491],[105.943423,20.663158],[105.946495,20.667204],[105.946923,20.675855],[105.943552,20.681665],[105.918497,20.676311],[105.918462,20.678887],[105.922797,20.686455],[105.922165,20.689214],[105.918345,20.6958],[105.910787,20.69566],[105.910805,20.711405],[105.906323,20.710578],[105.904723,20.711509],[105.904278,20.715866],[105.902206,20.71531],[105.904438,20.71876],[105.904983,20.725177],[105.908787,20.729401],[105.909937,20.728706],[105.910458,20.731003],[105.912102,20.729027],[105.912415,20.730354],[105.916372,20.729969],[105.916961,20.732681],[105.921318,20.730497],[105.925309,20.735272],[105.931842,20.735254],[105.931738,20.731738],[105.935867,20.731686],[105.935804,20.730055],[105.940254,20.728546],[105.94179,20.731565],[105.944997,20.731457],[105.94453,20.739186],[105.953398,20.743576]]]}},{"type":"Feature","properties":{"code":"10402","name":"Xã Ứng Hòa","type":"Xã"},"geometry":{"type":"Polygon","coordinates":[[[105.844888,20.741103],[105.846019,20.737049],[105.850523,20.737682],[105.849658,20.732827],[105.854429,20.731496],[105.857348,20.725093],[105.854879,20.721819],[105.85912,20.719146],[105.858828,20.7164],[105.8602,20.718526],[105.860053,20.715017],[105.863812,20.714117],[105.868472,20.709442],[105.873534,20.71003],[105.872053,20.705869],[105.887485,20.696463],[105.889249,20.692141],[105.891426,20.693459],[105.892062,20.692368],[105.890577,20.691648],[105.886122,20.691422],[105.884135,20.68574],[105.88237,20.685423],[105.883363,20.677938],[105.88553,20.679067],[105.886225,20.675715],[105.894532,20.68021],[105.895132,20.675261],[105.90412,20.670755],[105.905498,20.668409],[105.90564,20.664663],[105.903216,20.664536],[105.896117,20.668822],[105.896478,20.651774],[105.88365,20.644468],[105.876871,20.643131],[105.867378,20.64541],[105.856613,20.645223],[105.849185,20.653228],[105.848345,20.652473],[105.840222,20.657179],[105.839589,20.65972],[105.831648,20.66122],[105.825224,20.66601],[105.822514,20.679321],[105.814747,20.678051],[105.805376,20.67064],[105.799484,20.676916],[105.796906,20.675751],[105.800115,20.678345],[105.795881,20.681947],[105.794169,20.684305],[105.795564,20.685333],[105.79109,20.690123],[105.793177,20.691491],[105.79048,20.69507],[105.794632,20.697369],[105.796667,20.694721],[105.802985,20.696034],[105.801702,20.698016],[105.806995,20.700898],[105.804659,20.704139],[105.81176,20.708833],[105.818637,20.728849],[105.820145,20.729648],[105.818957,20.731555],[105.820355,20.732496],[105.819733,20.735097],[105.815266,20.738709],[105.816844,20.74099],[105.820475,20.739165],[105.822012,20.741705],[105.826285,20.73712],[105.835906,20.740541],[105.836757,20.739491],[105.844888,20.741103]]]}},{"type":"Feature","properties":{"code":"10369","name":"Xã Ứng Thiên","type":"Xã"},"geometry":{"type":"Polygon","coordinates":[[[105.722656,20.807658],[105.735869,20.808889],[105.739202,20.796988],[105.738322,20.793253],[105.74536,20.788936],[105.751301,20.79268],[105.753031,20.790392],[105.754479,20.791442],[105.757231,20.787403],[105.759549,20.790258],[105.763616,20.787967],[105.765924,20.782504],[105.768519,20.788146],[105.776173,20.787946],[105.776783,20.790534],[105.780069,20.788859],[105.784476,20.791765],[105.785699,20.789064],[105.788334,20.789309],[105.789724,20.786227],[105.806607,20.780329],[105.8027,20.779606],[105.804511,20.778779],[105.805365,20.775721],[105.803385,20.775315],[105.803627,20.771352],[105.799665,20.7715],[105.796079,20.761701],[105.792103,20.762674],[105.792271,20.75866],[105.79376,20.758948],[105.793961,20.75762],[105.793535,20.749402],[105.78907,20.748448],[105.7894,20.740229],[105.788052,20.738337],[105.787785,20.739552],[105.780943,20.738683],[105.780475,20.737005],[105.770918,20.737221],[105.770567,20.740409],[105.76412,20.740867],[105.763637,20.743665],[105.767555,20.74428],[105.766255,20.746862],[105.756322,20.745245],[105.751349,20.750167],[105.746572,20.752123],[105.748655,20.756825],[105.745365,20.757743],[105.743956,20.76378],[105.737242,20.767032],[105.736059,20.770539],[105.738588,20.772295],[105.735199,20.778056],[105.726064,20.776077],[105.71735,20.782713],[105.705364,20.80002],[105.709099,20.809641],[105.722656,20.807658]]]}}]}