{"type":"FeatureCollection","features":[{"type":"Feature","properties":{"code":"02512","name":"Phường An Tường","type":"Phường"},"geometry":{"type":"Polygon","coordinates":[[[105.210835,21.811732],[105.217248,21.800427],[105.221141,21.798728],[105.238966,21.80929],[105.243856,21.808978],[105.248896,21.805202],[105.253694,21.795231],[105.260541,21.789485],[105.269629,21.784625],[105.289198,21.778656],[105.293111,21.775043],[105.292956,21.771532],[105.290858,21.77068],[105.281485,21.774911],[105.276542,21.774748],[105.27352,21.772366],[105.261707,21.772653],[105.257423,21.769944],[105.255985,21.766944],[105.257042,21.761558],[105.26102,21.757175],[105.26242,21.751762],[105.256417,21.753848],[105.256097,21.757433],[105.246482,21.753969],[105.243333,21.756741],[105.243573,21.758178],[105.236328,21.755248],[105.235267,21.758592],[105.23242,21.758888],[105.223983,21.752025],[105.214666,21.751102],[105.212151,21.748383],[105.213046,21.743691],[105.21082,21.742683],[105.211002,21.740887],[105.20264,21.743117],[105.193731,21.737271],[105.191119,21.738015],[105.189941,21.741047],[105.185888,21.735085],[105.181788,21.735281],[105.17678,21.741987],[105.171012,21.741674],[105.169779,21.743189],[105.171513,21.747598],[105.169083,21.753969],[105.173392,21.75689],[105.172675,21.763527],[105.176847,21.766519],[105.179835,21.771625],[105.178953,21.77498],[105.181386,21.773735],[105.186631,21.775319],[105.188172,21.776047],[105.188381,21.77933],[105.192433,21.780119],[105.19087,21.78367],[105.193683,21.787139],[105.192091,21.790925],[105.196923,21.796203],[105.196815,21.799693],[105.198139,21.802441],[105.201386,21.804215],[105.201268,21.806406],[105.203904,21.8061],[105.205702,21.809463],[105.209898,21.809966],[105.210835,21.811732]]]}},{"type":"Feature","properties":{"code":"02524","name":"Phường Bình Thuận","type":"Phường"},"geometry":{"type":"Polygon","coordinates":[[[105.257095,21.75339],[105.26242,21.751762],[105.264497,21.746094],[105.270442,21.738698],[105.272815,21.72567],[105.268041,21.712362],[105.257853,21.708065],[105.252831,21.703172],[105.249426,21.695669],[105.251735,21.688746],[105.250458,21.687253],[105.243745,21.689597],[105.24479,21.691066],[105.241679,21.692376],[105.242202,21.687005],[105.238936,21.684019],[105.233609,21.68502],[105.225894,21.689575],[105.217723,21.684957],[105.212155,21.688425],[105.220121,21.695008],[105.222309,21.700653],[105.220377,21.702339],[105.214483,21.702911],[105.2128,21.710213],[105.210437,21.710597],[105.208426,21.716448],[105.204678,21.715696],[105.201357,21.719496],[105.18587,21.71768],[105.182333,21.715859],[105.177842,21.717269],[105.176288,21.720563],[105.179386,21.724611],[105.179204,21.730065],[105.183451,21.732036],[105.183386,21.735038],[105.18595,21.735132],[105.188812,21.7405],[105.190053,21.741047],[105.191119,21.738015],[105.193731,21.737271],[105.20264,21.743117],[105.210736,21.740769],[105.21087,21.742751],[105.213046,21.743691],[105.212151,21.748383],[105.214666,21.751102],[105.223983,21.752025],[105.232279,21.758831],[105.235267,21.758592],[105.236328,21.755248],[105.243573,21.758178],[105.243333,21.756741],[105.246482,21.753969],[105.256097,21.757433],[105.257095,21.75339]]]}},{"type":"Feature","properties":{"code":"00694","name":"Phường Hà Giang 1","type":"Phường"},"geometry":{"type":"Polygon","coordinates":[[[104.959372,22.837088],[104.965039,22.840414],[104.972954,22.834884],[104.979315,22.837117],[104.982894,22.835078],[104.985314,22.824815],[104.981924,22.818365],[104.98477,22.816033],[104.985499,22.812394],[104.984466,22.810851],[104.979933,22.810649],[104.979576,22.804711],[104.986697,22.800065],[104.985972,22.797511],[104.987391,22.794112],[104.995291,22.790621],[104.989192,22.787777],[104.984245,22.787491],[104.983751,22.782031],[104.980643,22.776262],[104.981627,22.76958],[104.96792,22.760304],[104.970402,22.757719],[104.970218,22.755504],[104.964528,22.756664],[104.958944,22.754617],[104.940317,22.765024],[104.940651,22.771077],[104.937922,22.77326],[104.912737,22.781061],[104.913535,22.786821],[104.91144,22.791663],[104.898891,22.791949],[104.891488,22.788647],[104.884707,22.79227],[104.875861,22.7999],[104.865516,22.803444],[104.863124,22.808683],[104.865746,22.810485],[104.868819,22.81826],[104.89137,22.834104],[104.898308,22.842621],[104.910213,22.837047],[104.913885,22.839027],[104.915057,22.84226],[104.9215,22.848158],[104.923879,22.854775],[104.925441,22.855462],[104.923806,22.855908],[104.925812,22.857468],[104.924308,22.859869],[104.926553,22.861168],[104.953744,22.841622],[104.956139,22.838281],[104.959372,22.837088]]]}},{"type":"Feature","properties":{"code":"00691","name":"Phường Hà Giang 2","type":"Phường"},"geometry":{"type":"Polygon","coordinates":[[[104.965039,22.840414],[104.959102,22.837045],[104.956028,22.838356],[104.941906,22.850702],[104.92366,22.86314],[104.915206,22.871251],[104.913988,22.875438],[104.9075,22.879207],[104.904017,22.883753],[104.906382,22.893046],[104.898615,22.898957],[104.890357,22.912629],[104.891802,22.914532],[104.894239,22.913835],[104.897954,22.916325],[104.900631,22.915019],[104.902812,22.916022],[104.903209,22.912519],[104.906215,22.909621],[104.912212,22.91107],[104.917139,22.90871],[104.919793,22.902936],[104.923147,22.902412],[104.926635,22.898056],[104.939019,22.896512],[104.941647,22.894593],[104.944114,22.895583],[104.951258,22.889448],[104.955978,22.890205],[104.959229,22.886771],[104.977539,22.878567],[104.981668,22.874648],[104.990946,22.871421],[104.993764,22.868295],[105.010623,22.867974],[105.012863,22.862413],[105.014987,22.861034],[105.016242,22.857178],[105.01401,22.853898],[105.013525,22.845438],[105.011499,22.840392],[105.013843,22.840423],[105.014371,22.841849],[105.017373,22.839125],[105.015995,22.835472],[105.018099,22.831144],[105.015566,22.829628],[105.016514,22.827568],[105.014951,22.8263],[105.011165,22.824853],[105.003462,22.825457],[105.006467,22.816812],[105.007532,22.807201],[105.003573,22.801558],[104.998019,22.801185],[104.990681,22.80534],[104.985548,22.803254],[104.982806,22.806828],[104.979933,22.804187],[104.979913,22.810622],[104.984466,22.810851],[104.98549,22.812319],[104.98477,22.816033],[104.981917,22.818438],[104.985303,22.8247],[104.984209,22.833199],[104.980726,22.836824],[104.974468,22.834605],[104.968169,22.837244],[104.965039,22.840414]]]}},{"type":"Feature","properties":{"code":"02215","name":"Phường Minh Xuân","type":"Phường"},"geometry":{"type":"Polygon","coordinates":[[[105.210835,21.811732],[105.209898,21.809966],[105.205702,21.809463],[105.203904,21.8061],[105.201697,21.806779],[105.201386,21.804215],[105.198139,21.802441],[105.196923,21.796203],[105.192091,21.790925],[105.193683,21.787139],[105.19087,21.78367],[105.192433,21.780119],[105.188381,21.77933],[105.188172,21.776047],[105.186631,21.775319],[105.181386,21.773735],[105.178953,21.77498],[105.179835,21.771625],[105.172454,21.762417],[105.160504,21.768527],[105.149733,21.768752],[105.145685,21.776886],[105.145736,21.788131],[105.147647,21.792746],[105.152814,21.794106],[105.156941,21.80082],[105.157269,21.805314],[105.15202,21.809745],[105.15157,21.815281],[105.154336,21.819367],[105.155001,21.825723],[105.157195,21.826214],[105.157406,21.829996],[105.161881,21.833004],[105.163286,21.83702],[105.158774,21.840434],[105.158688,21.845077],[105.165842,21.847475],[105.16741,21.851015],[105.169666,21.851916],[105.177575,21.848705],[105.180283,21.845881],[105.183593,21.845624],[105.187733,21.849056],[105.19096,21.845256],[105.204197,21.837081],[105.214209,21.831765],[105.223384,21.829676],[105.22425,21.824009],[105.216808,21.813094],[105.215162,21.806921],[105.210835,21.811732]]]}},{"type":"Feature","properties":{"code":"02509","name":"Phường Mỹ Lâm","type":"Phường"},"geometry":{"type":"Polygon","coordinates":[[[105.100413,21.811453],[105.104783,21.80673],[105.104058,21.801731],[105.106282,21.802727],[105.109806,21.79971],[105.114696,21.800604],[105.117826,21.804396],[105.123063,21.805609],[105.129361,21.797352],[105.132243,21.78888],[105.139429,21.784743],[105.14572,21.787965],[105.145685,21.776886],[105.149733,21.768752],[105.160504,21.768527],[105.172454,21.762417],[105.173392,21.75689],[105.169083,21.753969],[105.171513,21.747598],[105.169763,21.743282],[105.170757,21.739037],[105.159393,21.730365],[105.156069,21.729741],[105.158082,21.726152],[105.156206,21.723288],[105.152012,21.723801],[105.144736,21.721134],[105.143363,21.719161],[105.13773,21.721007],[105.132123,21.733447],[105.133401,21.738353],[105.131509,21.740775],[105.127876,21.740664],[105.124174,21.74421],[105.121233,21.743125],[105.120233,21.737615],[105.11739,21.737389],[105.118612,21.735277],[105.111078,21.733006],[105.111946,21.731278],[105.107782,21.726193],[105.108306,21.724275],[105.10524,21.723633],[105.105505,21.721036],[105.103785,21.720798],[105.104372,21.719201],[105.101665,21.717255],[105.099235,21.716635],[105.092496,21.719531],[105.086463,21.718442],[105.082983,21.723912],[105.078031,21.721835],[105.076147,21.723152],[105.073826,21.728172],[105.076551,21.731712],[105.07654,21.735459],[105.064592,21.743075],[105.058045,21.745209],[105.056523,21.747379],[105.058399,21.749387],[105.061357,21.748449],[105.064567,21.749154],[105.064287,21.751021],[105.066416,21.749959],[105.069218,21.751419],[105.072074,21.754415],[105.069972,21.759553],[105.073895,21.757568],[105.075051,21.760531],[105.078076,21.761653],[105.077763,21.766187],[105.081574,21.771369],[105.072365,21.778073],[105.071715,21.781974],[105.074238,21.78233],[105.077343,21.786846],[105.080764,21.787334],[105.08489,21.802024],[105.088621,21.807323],[105.09512,21.810712],[105.100413,21.811453]]]}},{"type":"Feature","properties":{"code":"02212","name":"Phường Nông Tiến","type":"Phường"},"geometry":{"type":"Polygon","coordinates":[[[105.216204,21.811601],[105.22425,21.824009],[105.223614,21.829489],[105.214209,21.831765],[105.192623,21.844152],[105.188271,21.848035],[105.187089,21.852371],[105.191915,21.84906],[105.19441,21.85077],[105.194663,21.852816],[105.199071,21.852388],[105.201643,21.853778],[105.20427,21.859511],[105.206104,21.860009],[105.208304,21.858175],[105.212159,21.859403],[105.212813,21.863083],[105.215805,21.86598],[105.220717,21.860291],[105.224742,21.85808],[105.225399,21.855228],[105.227404,21.856757],[105.227777,21.861156],[105.230032,21.860841],[105.230572,21.86229],[105.235003,21.858889],[105.240905,21.858304],[105.243616,21.856055],[105.243622,21.85197],[105.242238,21.850771],[105.246462,21.85073],[105.248277,21.853085],[105.257358,21.855475],[105.259172,21.852009],[105.269264,21.845758],[105.267514,21.842316],[105.259187,21.840963],[105.257774,21.835874],[105.24928,21.831207],[105.245255,21.82471],[105.247679,21.821738],[105.245112,21.81839],[105.243435,21.817696],[105.239427,21.820585],[105.238634,21.812289],[105.239927,21.809597],[105.221141,21.798728],[105.217248,21.800427],[105.215267,21.805177],[105.216204,21.811601]]]}},{"type":"Feature","properties":{"code":"02296","name":"Xã Bình An","type":"Xã"},"geometry":{"type":"Polygon","coordinates":[[[105.112334,22.483893],[105.118238,22.484304],[105.12507,22.481564],[105.132096,22.481432],[105.144644,22.478021],[105.150375,22.478791],[105.151775,22.474831],[105.160073,22.471027],[105.162674,22.465699],[105.170484,22.46255],[105.179777,22.454294],[105.184963,22.451716],[105.195222,22.451932],[105.197656,22.450615],[105.200121,22.441189],[105.204445,22.437597],[105.204004,22.430164],[105.205624,22.428184],[105.213469,22.428389],[105.216587,22.424883],[105.22484,22.424529],[105.229614,22.419238],[105.23268,22.42134],[105.239935,22.419649],[105.242601,22.413848],[105.245602,22.41458],[105.24798,22.411553],[105.245695,22.40327],[105.248961,22.400848],[105.252307,22.395061],[105.249048,22.381958],[105.246768,22.381126],[105.247696,22.376793],[105.250848,22.374561],[105.247759,22.371645],[105.24542,22.363111],[105.236207,22.361595],[105.230784,22.364327],[105.226528,22.36419],[105.221059,22.353302],[105.222118,22.349593],[105.208806,22.333276],[105.202472,22.337332],[105.193828,22.338704],[105.190921,22.337158],[105.18313,22.340802],[105.179321,22.347609],[105.169192,22.353135],[105.169753,22.356133],[105.16467,22.36291],[105.164619,22.370214],[105.155312,22.372103],[105.15239,22.380304],[105.140863,22.384094],[105.1418,22.39243],[105.145552,22.394558],[105.14543,22.39794],[105.138305,22.397552],[105.133252,22.402159],[105.13563,22.406604],[105.136057,22.417654],[105.139324,22.422585],[105.140508,22.441314],[105.136137,22.443985],[105.131546,22.45121],[105.127651,22.452289],[105.119272,22.459877],[105.111128,22.464696],[105.111618,22.471114],[105.109959,22.474722],[105.112334,22.483893]]]}},{"type":"Feature","properties":{"code":"02548","name":"Xã Bình Ca","type":"Xã"},"geometry":{"type":"Polygon","coordinates":[[[105.292408,21.770909],[105.298177,21.766537],[105.297448,21.765223],[105.303818,21.764485],[105.304248,21.763311],[105.307091,21.765765],[105.310306,21.765599],[105.321551,21.761016],[105.326135,21.763669],[105.327384,21.761478],[105.33273,21.761041],[105.33303,21.755981],[105.33898,21.754953],[105.341984,21.745803],[105.348218,21.744687],[105.349008,21.742976],[105.345785,21.740284],[105.347426,21.737006],[105.350799,21.735602],[105.349152,21.73225],[105.350449,21.727343],[105.342814,21.726481],[105.345386,21.722829],[105.341462,21.719255],[105.336557,21.717747],[105.33383,21.719888],[105.33011,21.719329],[105.325989,21.71277],[105.325858,21.709314],[105.324555,21.707711],[105.321977,21.70777],[105.325522,21.700916],[105.322074,21.69409],[105.31765,21.693568],[105.313657,21.69609],[105.309841,21.694908],[105.307447,21.691092],[105.304906,21.689118],[105.302524,21.689944],[105.294768,21.68237],[105.282218,21.67886],[105.27525,21.6797],[105.274993,21.677715],[105.271289,21.67675],[105.261048,21.682559],[105.25954,21.685378],[105.257272,21.682442],[105.254425,21.685423],[105.252352,21.685547],[105.249424,21.694378],[105.250393,21.69866],[105.255368,21.706109],[105.268872,21.713436],[105.272815,21.72567],[105.270442,21.738698],[105.264497,21.746094],[105.26102,21.757175],[105.257042,21.761558],[105.256006,21.767575],[105.260765,21.772329],[105.27352,21.772366],[105.277199,21.774926],[105.282276,21.774799],[105.292408,21.770909]]]}},{"type":"Feature","properties":{"code":"02404","name":"Xã Bình Xa","type":"Xã"},"geometry":{"type":"Polygon","coordinates":[[[105.105265,22.186461],[105.108095,22.18441],[105.110688,22.185579],[105.117479,22.184282],[105.119122,22.180154],[105.124962,22.175102],[105.121398,22.167367],[105.12703,22.161121],[105.126811,22.159179],[105.123161,22.155109],[105.120418,22.15444],[105.128162,22.147289],[105.12586,22.142907],[105.119812,22.138467],[105.119394,22.135304],[105.130492,22.130329],[105.133013,22.1265],[105.141498,22.120607],[105.144708,22.109748],[105.152598,22.109993],[105.15398,22.107521],[105.156982,22.106457],[105.156893,22.09629],[105.158935,22.090847],[105.15624,22.087677],[105.152177,22.086677],[105.148004,22.080492],[105.147922,22.074862],[105.157676,22.063717],[105.156248,22.060761],[105.159221,22.058373],[105.163119,22.058222],[105.16357,22.053272],[105.156153,22.050948],[105.153841,22.04796],[105.143215,22.044488],[105.141606,22.041565],[105.138637,22.040166],[105.140564,22.037852],[105.137744,22.033872],[105.138362,22.025414],[105.124655,22.034077],[105.117785,22.033633],[105.107576,22.041155],[105.100393,22.042031],[105.091687,22.05306],[105.089909,22.056303],[105.099542,22.058889],[105.102635,22.06243],[105.104211,22.068431],[105.101444,22.070597],[105.102168,22.073839],[105.100633,22.075434],[105.104228,22.087034],[105.101141,22.088831],[105.097932,22.087453],[105.092307,22.093162],[105.094816,22.096244],[105.094763,22.108783],[105.084777,22.11085],[105.081193,22.113033],[105.079561,22.11695],[105.072752,22.12205],[105.0718,22.131173],[105.069564,22.136169],[105.062393,22.139779],[105.057701,22.145564],[105.057509,22.148563],[105.061507,22.155438],[105.064649,22.157321],[105.070509,22.157458],[105.072772,22.159396],[105.076477,22.158878],[105.080235,22.160434],[105.086583,22.167296],[105.092229,22.170102],[105.093968,22.176302],[105.099762,22.183505],[105.098497,22.186391],[105.105265,22.186461]]]}},{"type":"Feature","properties":{"code":"00976","name":"Xã Bạch Ngọc","type":"Xã"},"geometry":{"type":"Polygon","coordinates":[[[105.124884,22.677941],[105.128874,22.674113],[105.129038,22.670554],[105.130804,22.668661],[105.139346,22.664486],[105.140224,22.662182],[105.139584,22.65997],[105.135391,22.659795],[105.135289,22.654313],[105.130324,22.649587],[105.131147,22.646442],[105.136391,22.640246],[105.142001,22.639414],[105.146711,22.634867],[105.151203,22.637808],[105.154198,22.636416],[105.157127,22.631533],[105.153961,22.629344],[105.158241,22.626203],[105.159666,22.621535],[105.15231,22.618616],[105.149806,22.621862],[105.142859,22.625474],[105.140443,22.62208],[105.139994,22.61664],[105.137344,22.611384],[105.13312,22.610693],[105.126118,22.605848],[105.129568,22.594006],[105.133779,22.592153],[105.133114,22.588872],[105.123348,22.584744],[105.121508,22.582618],[105.122522,22.579653],[105.116662,22.577932],[105.114087,22.575154],[105.119946,22.567665],[105.121668,22.56289],[105.11977,22.556128],[105.125978,22.545981],[105.125162,22.543899],[105.127725,22.535162],[105.120493,22.513303],[105.115634,22.511514],[105.117384,22.508155],[105.10859,22.495283],[105.107294,22.490544],[105.105557,22.488486],[105.097079,22.488402],[105.087802,22.484491],[105.084802,22.487868],[105.084699,22.490168],[105.08188,22.49206],[105.081485,22.498454],[105.079972,22.499956],[105.072634,22.502087],[105.072165,22.504442],[105.069121,22.505388],[105.068749,22.507507],[105.065644,22.50954],[105.057977,22.509619],[105.052493,22.512774],[105.051833,22.514668],[105.05787,22.517049],[105.057741,22.519245],[105.059831,22.521163],[105.058777,22.526529],[105.057179,22.527717],[105.058057,22.529543],[105.053259,22.533267],[105.053693,22.535747],[105.050036,22.543543],[105.047046,22.546779],[105.043895,22.546941],[105.04357,22.550686],[105.038016,22.558051],[105.033252,22.560521],[105.023329,22.560156],[105.02151,22.562639],[105.017255,22.5619],[105.009261,22.55615],[104.997957,22.562594],[104.997523,22.568123],[105.003296,22.586762],[105.01138,22.593735],[105.012506,22.598125],[105.015981,22.599455],[105.018127,22.603857],[105.016568,22.609041],[105.018537,22.618572],[105.025323,22.625075],[105.030407,22.62851],[105.035193,22.628764],[105.040737,22.634054],[105.040352,22.637169],[105.038182,22.635952],[105.039364,22.64073],[105.041751,22.638538],[105.044156,22.641035],[105.045918,22.637906],[105.04522,22.63628],[105.046561,22.635312],[105.04902,22.636916],[105.049673,22.635293],[105.053313,22.640519],[105.057302,22.640921],[105.05664,22.643782],[105.059192,22.64553],[105.05757,22.647481],[105.050698,22.646954],[105.044816,22.649294],[105.044139,22.653134],[105.047492,22.654097],[105.048813,22.657231],[105.05972,22.663395],[105.078086,22.663468],[105.080363,22.661007],[105.092327,22.66859],[105.106594,22.666064],[105.11219,22.670884],[105.115298,22.678436],[105.124884,22.677941]]]}},{"type":"Feature","properties":{"code":"02380","name":"Xã Bạch Xa","type":"Xã"},"geometry":{"type":"Polygon","coordinates":[[[104.977345,22.325539],[104.983632,22.324008],[104.987777,22.317039],[104.993665,22.314816],[104.99621,22.301639],[105.005152,22.298859],[105.008615,22.295007],[105.005909,22.291072],[105.005514,22.285416],[105.003544,22.283964],[105.007709,22.280555],[105.008367,22.276212],[105.006948,22.272311],[105.009866,22.269578],[105.0102,22.264761],[105.007679,22.261367],[105.00059,22.260852],[104.9986,22.256065],[104.996005,22.254926],[104.994419,22.25111],[104.996738,22.241317],[104.991917,22.230976],[104.987459,22.229822],[104.989341,22.21928],[104.987365,22.214942],[104.983637,22.210419],[104.98009,22.209242],[104.977454,22.211972],[104.972599,22.208719],[104.976455,22.195998],[104.971141,22.189422],[104.969743,22.184621],[104.963247,22.178808],[104.957312,22.180639],[104.949629,22.179782],[104.943824,22.189279],[104.937158,22.194738],[104.930687,22.205196],[104.928658,22.211624],[104.92454,22.216763],[104.925077,22.224435],[104.92312,22.235877],[104.91828,22.240235],[104.916314,22.24772],[104.911341,22.248508],[104.908777,22.250913],[104.906956,22.259011],[104.892066,22.271971],[104.896325,22.276421],[104.905778,22.275011],[104.908165,22.280293],[104.9111,22.282428],[104.912397,22.2888],[104.915228,22.29065],[104.921044,22.289088],[104.921911,22.290667],[104.915606,22.296909],[104.918106,22.303977],[104.911753,22.312029],[104.901005,22.315774],[104.897529,22.3155],[104.891554,22.324129],[104.897365,22.329712],[104.896721,22.339352],[104.900297,22.34341],[104.899858,22.350196],[104.901052,22.350241],[104.908144,22.349129],[104.911117,22.345376],[104.911571,22.340937],[104.915497,22.337386],[104.914726,22.336104],[104.918877,22.333447],[104.925641,22.332543],[104.927989,22.33363],[104.931402,22.331864],[104.93457,22.332736],[104.934674,22.334381],[104.939086,22.333994],[104.944859,22.324312],[104.949529,22.320485],[104.955499,22.320446],[104.958679,22.317891],[104.960002,22.319055],[104.964405,22.31801],[104.970314,22.318958],[104.977345,22.325539]]]}},{"type":"Feature","properties":{"code":"00832","name":"Xã Bạch Đích","type":"Xã"},"geometry":{"type":"Polygon","coordinates":[[[105.085636,23.265305],[105.088017,23.263151],[105.091563,23.264029],[105.092937,23.261242],[105.095238,23.261412],[105.098142,23.257774],[105.101722,23.257198],[105.101916,23.25248],[105.098105,23.249912],[105.098341,23.247986],[105.085763,23.239291],[105.082384,23.228446],[105.068504,23.22104],[105.064429,23.211428],[105.061774,23.210189],[105.058681,23.203451],[105.064264,23.199932],[105.08024,23.196907],[105.081657,23.191189],[105.08597,23.186525],[105.094355,23.188252],[105.096893,23.186277],[105.098888,23.181263],[105.095441,23.174389],[105.097712,23.171476],[105.094129,23.164193],[105.093129,23.154155],[105.088855,23.150508],[105.089659,23.147571],[105.086218,23.141004],[105.086448,23.13684],[105.081627,23.136135],[105.07905,23.139965],[105.077082,23.13914],[105.076154,23.142298],[105.074527,23.142331],[105.074732,23.145528],[105.072094,23.144289],[105.071999,23.147695],[105.069113,23.146896],[105.068814,23.148608],[105.067506,23.148049],[105.063465,23.151146],[105.059673,23.149684],[105.058147,23.153646],[105.05295,23.153741],[105.05264,23.155434],[105.051128,23.154649],[105.050422,23.155904],[105.048859,23.154932],[105.047781,23.156734],[105.046322,23.155606],[105.04282,23.158729],[105.042417,23.155172],[105.046171,23.150221],[105.042982,23.142697],[105.043037,23.135076],[105.041961,23.13369],[105.038843,23.134197],[105.024693,23.145165],[105.022989,23.155338],[105.015725,23.158661],[105.013151,23.162758],[105.008329,23.161764],[105.008516,23.165689],[105.005879,23.16968],[104.986794,23.175379],[104.983751,23.177628],[104.981799,23.185427],[104.976304,23.186566],[104.976214,23.189278],[104.966325,23.189202],[104.958454,23.193041],[104.962489,23.200088],[104.966509,23.199527],[104.974257,23.204567],[104.979419,23.205618],[104.987245,23.200809],[104.997424,23.203016],[104.999075,23.213218],[105.00265,23.216045],[105.00662,23.217256],[105.011561,23.216202],[105.02463,23.218923],[105.035386,23.232272],[105.041273,23.233365],[105.047137,23.240051],[105.046809,23.243533],[105.050019,23.244633],[105.050679,23.247552],[105.054565,23.249133],[105.057958,23.248522],[105.059123,23.254509],[105.070003,23.257756],[105.071654,23.261195],[105.07509,23.261739],[105.076801,23.26497],[105.080236,23.266505],[105.085636,23.265305]],[[105.04285,23.134889],[105.042815,23.134852],[105.04282052631565,23.13485768421038],[105.04285,23.134889]]]}},{"type":"Feature","properties":{"code":"01024","name":"Xã Bản Máy","type":"Xã"},"geometry":{"type":"Polygon","coordinates":[[[104.580788,22.851831],[104.586679,22.85244],[104.58919,22.851262],[104.590033,22.852622],[104.594463,22.847748],[104.599267,22.845353],[104.598493,22.841084],[104.601755,22.834507],[104.604473,22.833127],[104.605309,22.828613],[104.604738,22.826751],[104.600391,22.826696],[104.601911,22.824624],[104.597971,22.823818],[104.598795,22.821012],[104.597544,22.817242],[104.600769,22.81625],[104.602701,22.818201],[104.608037,22.817635],[104.61057,22.819868],[104.614076,22.814801],[104.610081,22.812281],[104.608397,22.812765],[104.605867,22.807646],[104.606542,22.806332],[104.618482,22.807006],[104.620567,22.803637],[104.626788,22.802952],[104.632799,22.798241],[104.64024,22.797116],[104.644431,22.791308],[104.648261,22.78939],[104.657036,22.78939],[104.660022,22.781779],[104.658632,22.769891],[104.660127,22.764796],[104.654742,22.756439],[104.652316,22.759312],[104.644862,22.756561],[104.643215,22.759169],[104.635984,22.756919],[104.635303,22.758886],[104.632871,22.758855],[104.629574,22.761699],[104.629812,22.763205],[104.62798,22.763393],[104.62625,22.766964],[104.621381,22.768288],[104.617285,22.763554],[104.620558,22.754898],[104.620247,22.748007],[104.622175,22.745196],[104.609235,22.742952],[104.60638,22.745557],[104.601643,22.743435],[104.59566,22.743802],[104.593397,22.745372],[104.595082,22.746654],[104.594675,22.750861],[104.597126,22.751213],[104.595992,22.75382],[104.598161,22.754094],[104.598568,22.757876],[104.594446,22.759026],[104.595737,22.759847],[104.595072,22.76192],[104.597485,22.761377],[104.595732,22.76532],[104.597632,22.765713],[104.598042,22.767702],[104.593856,22.765996],[104.593734,22.767827],[104.591777,22.767945],[104.590091,22.77081],[104.58436,22.772416],[104.579594,22.771664],[104.572405,22.775398],[104.568801,22.7755],[104.571296,22.7864],[104.566584,22.79247],[104.560464,22.791171],[104.555042,22.794856],[104.553438,22.798246],[104.556288,22.803027],[104.554444,22.80716],[104.549088,22.805826],[104.541376,22.799894],[104.535783,22.801058],[104.530161,22.805614],[104.52454,22.807489],[104.52395,22.810824],[104.525774,22.815111],[104.530167,22.820356],[104.533613,22.821242],[104.53629,22.826181],[104.537715,22.827421],[104.542391,22.826032],[104.549708,22.833899],[104.554638,22.835394],[104.547361,22.836439],[104.545435,22.837735],[104.546848,22.840282],[104.570051,22.844168],[104.570608,22.848037],[104.577406,22.853561],[104.580788,22.851831]]]}},{"type":"Feature","properties":{"code":"00991","name":"Xã Bắc Mê","type":"Xã"},"geometry":{"type":"Polygon","coordinates":[[[105.350499,22.825265],[105.35736,22.82251],[105.36476,22.824408],[105.365369,22.82085],[105.36785,22.820005],[105.36831,22.812812],[105.37225,22.811659],[105.381842,22.812516],[105.38704,22.810065],[105.394391,22.802184],[105.396173,22.796772],[105.399213,22.794755],[105.403484,22.795511],[105.408625,22.792719],[105.409891,22.789453],[105.414354,22.786293],[105.423509,22.784814],[105.421471,22.780675],[105.424602,22.776167],[105.429097,22.777345],[105.444616,22.771519],[105.44723,22.769083],[105.449372,22.759962],[105.446136,22.752596],[105.44633,22.748451],[105.435638,22.751285],[105.431405,22.743998],[105.425906,22.745288],[105.422393,22.744301],[105.420277,22.747462],[105.404136,22.73854],[105.395064,22.743395],[105.389786,22.744094],[105.382381,22.7369],[105.370993,22.731437],[105.351052,22.732718],[105.347214,22.727812],[105.348181,22.725369],[105.34209,22.72295],[105.336554,22.716929],[105.344293,22.713994],[105.338077,22.707406],[105.336798,22.703331],[105.332236,22.705221],[105.323504,22.705114],[105.325288,22.710583],[105.320162,22.712621],[105.315316,22.711262],[105.310032,22.706776],[105.308043,22.707924],[105.300185,22.705587],[105.293259,22.705567],[105.289907,22.70691],[105.279441,22.706775],[105.274942,22.710988],[105.276265,22.715772],[105.274519,22.717684],[105.268356,22.716558],[105.261268,22.720024],[105.258842,22.722228],[105.257919,22.724305],[105.259095,22.726561],[105.257139,22.728008],[105.254593,22.728312],[105.253368,22.725857],[105.249852,22.724263],[105.250382,22.72029],[105.246654,22.721125],[105.238818,22.730927],[105.22583,22.731571],[105.219752,22.741057],[105.214333,22.742133],[105.21197,22.745363],[105.21091,22.753206],[105.215632,22.766903],[105.213605,22.776697],[105.221218,22.781729],[105.225849,22.782234],[105.23136,22.7815],[105.233611,22.777116],[105.242183,22.773406],[105.246249,22.776794],[105.255249,22.774284],[105.262805,22.768202],[105.262068,22.761858],[105.26928,22.762516],[105.274775,22.761177],[105.287327,22.763455],[105.290055,22.760606],[105.290049,22.75418],[105.303243,22.753339],[105.304531,22.755631],[105.307781,22.756922],[105.30803,22.764142],[105.313973,22.765784],[105.311538,22.770772],[105.314501,22.772796],[105.317245,22.771772],[105.319753,22.773259],[105.32164,22.772039],[105.326951,22.77358],[105.324277,22.783189],[105.326217,22.784179],[105.327125,22.790826],[105.331931,22.799783],[105.332768,22.809945],[105.338346,22.813474],[105.340674,22.812475],[105.34329,22.815951],[105.348714,22.813309],[105.34914,22.822521],[105.350499,22.825265]]]}},{"type":"Feature","properties":{"code":"01153","name":"Xã Bắc Quang","type":"Xã"},"geometry":{"type":"Polygon","coordinates":[[[104.890142,22.483161],[104.892291,22.479371],[104.896457,22.47806],[104.898203,22.474997],[104.897606,22.470361],[104.899578,22.467107],[104.895667,22.462096],[104.895568,22.455604],[104.906836,22.446347],[104.915457,22.444008],[104.918523,22.432999],[104.916747,22.43139],[104.906201,22.429971],[104.902238,22.42322],[104.893399,22.419682],[104.893526,22.415279],[104.899488,22.415795],[104.901395,22.411315],[104.898426,22.394504],[104.896193,22.392572],[104.889224,22.394207],[104.886578,22.391637],[104.889883,22.385598],[104.889569,22.377652],[104.898789,22.376106],[104.903555,22.373285],[104.904396,22.365687],[104.902212,22.36219],[104.902974,22.360185],[104.905819,22.359139],[104.905585,22.355781],[104.894535,22.352985],[104.890257,22.349448],[104.886958,22.349612],[104.880436,22.353429],[104.878846,22.356678],[104.875846,22.356686],[104.870828,22.362967],[104.867514,22.362915],[104.860274,22.370488],[104.846634,22.373823],[104.839248,22.380494],[104.829527,22.384817],[104.826269,22.383435],[104.814717,22.391734],[104.811526,22.391497],[104.805577,22.382704],[104.797824,22.392368],[104.792671,22.393171],[104.788835,22.391303],[104.785997,22.393001],[104.785378,22.389906],[104.781756,22.390728],[104.779563,22.397276],[104.777563,22.397619],[104.774074,22.40185],[104.775628,22.404857],[104.774435,22.406321],[104.766718,22.407832],[104.766082,22.409052],[104.768226,22.411287],[104.766433,22.412646],[104.76594,22.421219],[104.770991,22.430818],[104.776409,22.434685],[104.77838,22.444309],[104.783239,22.448106],[104.779626,22.462464],[104.781206,22.465194],[104.791443,22.472752],[104.796724,22.470724],[104.805942,22.472121],[104.82312,22.467644],[104.839892,22.479415],[104.847518,22.480584],[104.848262,22.482026],[104.858078,22.480344],[104.864011,22.477567],[104.865963,22.478813],[104.871688,22.477924],[104.872957,22.481619],[104.876546,22.481375],[104.87463,22.47612],[104.880671,22.475976],[104.884525,22.481601],[104.882997,22.485252],[104.890142,22.483161]]]}},{"type":"Feature","properties":{"code":"01180","name":"Xã Bằng Hành","type":"Xã"},"geometry":{"type":"Polygon","coordinates":[[[104.981072,22.481068],[104.983215,22.475678],[104.994702,22.47569],[104.996171,22.47342],[105.001258,22.47215],[105.000251,22.470035],[105.00973,22.46275],[105.010009,22.457743],[105.01746,22.456248],[105.026787,22.45122],[105.031596,22.451142],[105.036875,22.444714],[105.024691,22.434307],[105.019928,22.432444],[105.0184,22.425048],[105.0134,22.424243],[105.019562,22.419443],[105.023536,22.418763],[105.023493,22.416648],[105.011331,22.409411],[105.002491,22.409668],[105.002555,22.403622],[104.997528,22.399734],[104.995062,22.399951],[104.992307,22.403071],[104.984364,22.400977],[104.983535,22.397885],[104.986268,22.38861],[104.98234,22.383317],[104.981774,22.379913],[104.9773,22.378259],[104.978567,22.370364],[104.974973,22.362815],[104.977461,22.359614],[104.977161,22.353568],[104.975379,22.350512],[104.972198,22.350362],[104.968451,22.347262],[104.968484,22.339989],[104.972414,22.338931],[104.975601,22.335683],[104.973847,22.330493],[104.977345,22.325539],[104.970314,22.318958],[104.964405,22.31801],[104.960002,22.319055],[104.958679,22.317891],[104.955499,22.320446],[104.949529,22.320485],[104.945608,22.323561],[104.937405,22.334994],[104.931402,22.331864],[104.927989,22.33363],[104.925641,22.332543],[104.918877,22.333447],[104.914726,22.336104],[104.915497,22.337386],[104.911571,22.340937],[104.911117,22.345376],[104.908144,22.349129],[104.899858,22.350196],[104.901074,22.354952],[104.906012,22.35648],[104.905674,22.359377],[104.902974,22.360185],[104.902212,22.36219],[104.90439,22.365642],[104.903826,22.372661],[104.898789,22.376106],[104.889569,22.377652],[104.889883,22.385598],[104.886562,22.391525],[104.889224,22.394207],[104.896193,22.392572],[104.898426,22.394504],[104.901395,22.411315],[104.899488,22.415795],[104.893526,22.415279],[104.893399,22.419682],[104.902238,22.42322],[104.906201,22.429971],[104.918461,22.43239],[104.916014,22.439457],[104.916828,22.442628],[104.911951,22.444798],[104.911868,22.455042],[104.925945,22.463715],[104.928457,22.463921],[104.931409,22.468897],[104.941859,22.463164],[104.951426,22.473432],[104.960979,22.475641],[104.966934,22.480607],[104.976693,22.480999],[104.978571,22.483143],[104.981072,22.481068]]]}},{"type":"Feature","properties":{"code":"01246","name":"Xã Bằng Lang","type":"Xã"},"geometry":{"type":"Polygon","coordinates":[[[104.636005,22.406515],[104.641286,22.400238],[104.645804,22.398372],[104.644532,22.393925],[104.648885,22.390345],[104.652764,22.389144],[104.655108,22.391372],[104.657786,22.387947],[104.662897,22.387869],[104.668527,22.383729],[104.679429,22.380395],[104.689237,22.379988],[104.690899,22.381196],[104.70394,22.379659],[104.712274,22.371448],[104.716799,22.372617],[104.721642,22.370103],[104.729412,22.376235],[104.747335,22.376709],[104.74884,22.379067],[104.763864,22.373464],[104.763567,22.371377],[104.760425,22.371158],[104.759362,22.365128],[104.754895,22.363889],[104.753979,22.360634],[104.750564,22.359134],[104.74406,22.347425],[104.740055,22.344443],[104.740682,22.341318],[104.734437,22.333987],[104.737372,22.315438],[104.735495,22.316182],[104.732067,22.312977],[104.729478,22.313774],[104.724663,22.311745],[104.719578,22.312803],[104.716723,22.315493],[104.710634,22.309976],[104.707469,22.31256],[104.709541,22.314547],[104.708572,22.315937],[104.709788,22.319008],[104.707534,22.320753],[104.706533,22.328179],[104.704841,22.329422],[104.699673,22.330283],[104.69725,22.328711],[104.695892,22.331438],[104.690308,22.333497],[104.683758,22.330686],[104.682649,22.332435],[104.677646,22.332864],[104.67284,22.331598],[104.672015,22.329828],[104.663398,22.335033],[104.661115,22.333953],[104.652521,22.335985],[104.65155,22.340168],[104.652875,22.342215],[104.648188,22.345888],[104.651732,22.34856],[104.653295,22.352663],[104.650801,22.355111],[104.64587,22.352814],[104.642664,22.353257],[104.640916,22.347972],[104.633716,22.341457],[104.630547,22.34305],[104.624028,22.33532],[104.616263,22.335816],[104.612949,22.330066],[104.607141,22.328574],[104.603527,22.325129],[104.598393,22.325475],[104.594568,22.327774],[104.590688,22.317023],[104.582976,22.316608],[104.579136,22.313212],[104.578506,22.315859],[104.573484,22.319583],[104.572844,22.325713],[104.564274,22.330432],[104.571706,22.33826],[104.573087,22.342464],[104.57777,22.342686],[104.581144,22.345862],[104.579654,22.35009],[104.575476,22.353567],[104.569336,22.355412],[104.574578,22.361288],[104.571848,22.366057],[104.573333,22.377391],[104.575605,22.378327],[104.574762,22.380481],[104.582046,22.384478],[104.588373,22.383465],[104.596271,22.385642],[104.600821,22.389671],[104.603097,22.389876],[104.605436,22.394817],[104.602691,22.398726],[104.605447,22.398936],[104.610175,22.405049],[104.611785,22.404142],[104.618643,22.406977],[104.621306,22.412727],[104.625267,22.413087],[104.636005,22.406515]]]}},{"type":"Feature","properties":{"code":"00952","name":"Xã Cao Bồ","type":"Xã"},"geometry":{"type":"Polygon","coordinates":[[[104.862102,22.808584],[104.864528,22.807185],[104.865516,22.803444],[104.875861,22.7999],[104.884707,22.79227],[104.891488,22.788647],[104.898891,22.791949],[104.91144,22.791663],[104.913535,22.786821],[104.912434,22.781258],[104.937922,22.77326],[104.940651,22.771077],[104.940317,22.765024],[104.958809,22.755514],[104.95654,22.754587],[104.953106,22.745891],[104.95414,22.731526],[104.949213,22.724036],[104.943739,22.720252],[104.943508,22.717176],[104.945822,22.714003],[104.940839,22.712965],[104.941716,22.707663],[104.938114,22.698409],[104.934171,22.697534],[104.915974,22.705152],[104.910916,22.710261],[104.908735,22.710513],[104.907113,22.717605],[104.904017,22.721531],[104.900658,22.720521],[104.896241,22.722432],[104.879338,22.724634],[104.869206,22.721704],[104.863191,22.72657],[104.850691,22.72913],[104.84855,22.732424],[104.837236,22.736211],[104.820184,22.747339],[104.812417,22.750731],[104.81097,22.749402],[104.807656,22.755644],[104.803543,22.757958],[104.803344,22.760783],[104.807436,22.765714],[104.806115,22.771223],[104.814967,22.776989],[104.811679,22.779786],[104.809928,22.78521],[104.806508,22.787641],[104.808922,22.799895],[104.82801,22.798948],[104.835034,22.800149],[104.840641,22.804271],[104.85072,22.804727],[104.853371,22.807547],[104.862102,22.808584]]]}},{"type":"Feature","properties":{"code":"02287","name":"Xã Chiêm Hóa","type":"Xã"},"geometry":{"type":"Polygon","coordinates":[[[105.264065,22.212899],[105.288314,22.208003],[105.296288,22.208378],[105.299417,22.206343],[105.302931,22.207619],[105.309353,22.206245],[105.3118,22.20804],[105.315728,22.204164],[105.320338,22.204999],[105.320467,22.207887],[105.322819,22.208539],[105.343627,22.207535],[105.338867,22.199474],[105.339741,22.195789],[105.336768,22.195175],[105.342668,22.187522],[105.340007,22.184353],[105.332634,22.184207],[105.333786,22.181168],[105.330112,22.180708],[105.32672,22.182434],[105.321464,22.180064],[105.323261,22.165031],[105.326468,22.161508],[105.326664,22.158528],[105.333267,22.158624],[105.336407,22.154954],[105.33983,22.144398],[105.339014,22.140753],[105.325153,22.134226],[105.322295,22.134347],[105.310268,22.126026],[105.300424,22.123319],[105.298956,22.121338],[105.285056,22.118131],[105.277848,22.119237],[105.273729,22.116305],[105.265784,22.115744],[105.269193,22.105151],[105.274926,22.100182],[105.277901,22.094671],[105.287691,22.089261],[105.281392,22.078468],[105.277994,22.080298],[105.279014,22.081799],[105.277406,22.083888],[105.275878,22.081574],[105.274628,22.082499],[105.275237,22.083906],[105.272788,22.087559],[105.277614,22.088179],[105.276933,22.089232],[105.271258,22.09218],[105.264766,22.099037],[105.258194,22.101282],[105.257781,22.103749],[105.259482,22.104944],[105.258153,22.106581],[105.252755,22.107834],[105.250204,22.112522],[105.241165,22.111059],[105.241042,22.115779],[105.236892,22.119455],[105.241185,22.120646],[105.239817,22.124026],[105.241875,22.124761],[105.24461,22.130136],[105.243133,22.132308],[105.238799,22.132955],[105.232809,22.150712],[105.221668,22.151509],[105.219609,22.150926],[105.21927,22.148175],[105.217773,22.150802],[105.213112,22.150338],[105.200486,22.161133],[105.193184,22.164005],[105.196031,22.166453],[105.19928,22.175067],[105.201762,22.176683],[105.207115,22.176374],[105.209789,22.178432],[105.215549,22.176302],[105.217405,22.178827],[105.221501,22.17758],[105.225978,22.180635],[105.230962,22.180475],[105.228724,22.194708],[105.23439,22.201233],[105.235676,22.202008],[105.23755,22.197201],[105.240669,22.196071],[105.245243,22.200002],[105.251637,22.199598],[105.255278,22.205815],[105.260273,22.207223],[105.264065,22.212899]]]}},{"type":"Feature","properties":{"code":"00883","name":"Xã Cán Tỷ","type":"Xã"},"geometry":{"type":"Polygon","coordinates":[[[104.958454,23.193041],[104.966325,23.189202],[104.976214,23.189278],[104.976304,23.186566],[104.981799,23.185427],[104.984071,23.177201],[104.994093,23.172247],[104.998196,23.172531],[105.005107,23.170149],[105.008516,23.165689],[105.008493,23.161592],[105.013151,23.162758],[105.015725,23.158661],[105.022989,23.155338],[105.02493,23.144926],[105.038779,23.134231],[105.050226,23.130458],[105.04751,23.125147],[105.048595,23.12269],[105.056572,23.121032],[105.057136,23.118141],[105.065511,23.113905],[105.064806,23.107425],[105.069994,23.104803],[105.0684,23.101735],[105.069572,23.099846],[105.07261,23.098891],[105.073542,23.101106],[105.076378,23.101734],[105.084153,23.094371],[105.086795,23.093867],[105.087217,23.080391],[105.081553,23.076138],[105.076785,23.076996],[105.075705,23.074043],[105.066737,23.078779],[105.065005,23.076901],[105.05502,23.076498],[105.047593,23.073735],[105.046282,23.072068],[105.051648,23.063362],[105.049875,23.061519],[105.045956,23.066756],[105.04253,23.065653],[105.043903,23.062078],[105.041828,23.062502],[105.036533,23.071768],[105.035748,23.070378],[105.028408,23.073275],[105.022239,23.073359],[105.022425,23.075766],[105.018716,23.07763],[105.021883,23.084276],[105.014784,23.09236],[105.015166,23.095156],[105.009098,23.101607],[105.004536,23.10329],[105.001784,23.108426],[104.996851,23.110815],[104.992376,23.119448],[104.981394,23.120081],[104.977866,23.11814],[104.97116,23.118585],[104.9664,23.116994],[104.963652,23.120504],[104.959259,23.122733],[104.960167,23.125538],[104.966567,23.12905],[104.961623,23.131975],[104.960893,23.134924],[104.959069,23.134785],[104.958347,23.137481],[104.952052,23.143407],[104.951932,23.1467],[104.946829,23.148816],[104.944772,23.151831],[104.948451,23.152069],[104.951477,23.163219],[104.947671,23.16644],[104.947147,23.170445],[104.951692,23.173662],[104.955918,23.18049],[104.958009,23.188052],[104.956807,23.192335],[104.958454,23.193041]]]}},{"type":"Feature","properties":{"code":"02245","name":"Xã Côn Lôn","type":"Xã"},"geometry":{"type":"Polygon","coordinates":[[[105.457491,22.497215],[105.446764,22.49335],[105.434806,22.493661],[105.435378,22.499036],[105.431644,22.504857],[105.426708,22.502034],[105.42381,22.499819],[105.423667,22.488668],[105.4204,22.476272],[105.416876,22.469888],[105.40943,22.464278],[105.403056,22.463038],[105.395223,22.456728],[105.385883,22.454785],[105.379495,22.470252],[105.38765,22.479226],[105.387726,22.485497],[105.390921,22.489223],[105.39849,22.490912],[105.402758,22.495545],[105.402484,22.501304],[105.399942,22.505599],[105.394877,22.506076],[105.387971,22.518341],[105.382991,22.520653],[105.382386,22.5256],[105.3784,22.528158],[105.376287,22.532878],[105.372207,22.536334],[105.365684,22.538865],[105.362485,22.550052],[105.359402,22.55325],[105.357492,22.55474],[105.347177,22.554965],[105.347756,22.560863],[105.351611,22.56577],[105.346715,22.570138],[105.347519,22.575333],[105.342957,22.588054],[105.339304,22.590241],[105.334409,22.598661],[105.328334,22.599216],[105.32325,22.60333],[105.318315,22.604204],[105.314626,22.610022],[105.318033,22.623482],[105.322537,22.626003],[105.322161,22.62859],[105.325433,22.629913],[105.322579,22.634933],[105.330503,22.64046],[105.336129,22.638646],[105.346877,22.640314],[105.361141,22.639448],[105.362693,22.635754],[105.366863,22.636561],[105.371136,22.63307],[105.374605,22.633801],[105.375841,22.631577],[105.384624,22.62703],[105.394966,22.630895],[105.397293,22.627548],[105.40229,22.62546],[105.405401,22.619051],[105.409177,22.615833],[105.409808,22.612381],[105.424761,22.600936],[105.424541,22.596409],[105.427849,22.594405],[105.428745,22.592025],[105.424057,22.590367],[105.424956,22.586636],[105.428449,22.581288],[105.433265,22.580536],[105.431324,22.576268],[105.431709,22.567256],[105.436921,22.564372],[105.438283,22.56742],[105.445043,22.570006],[105.452422,22.569383],[105.454767,22.572703],[105.457543,22.571536],[105.465229,22.572531],[105.469464,22.57066],[105.471493,22.566128],[105.476376,22.565425],[105.479875,22.560865],[105.484543,22.560461],[105.483798,22.555863],[105.478382,22.545779],[105.473391,22.542006],[105.478822,22.53551],[105.478849,22.533596],[105.471986,22.529044],[105.466498,22.521614],[105.465854,22.516573],[105.461495,22.506921],[105.457747,22.50294],[105.457491,22.497215]]]}},{"type":"Feature","properties":{"code":"00871","name":"Xã Du Già","type":"Xã"},"geometry":{"type":"Polygon","coordinates":[[[105.290332,22.970418],[105.292861,22.967681],[105.297823,22.967218],[105.302768,22.962049],[105.307129,22.960213],[105.307799,22.95364],[105.314974,22.950227],[105.315136,22.946247],[105.32002,22.939974],[105.332664,22.934216],[105.33161,22.932064],[105.332631,22.928304],[105.328849,22.92275],[105.324806,22.920804],[105.322813,22.916025],[105.312317,22.915389],[105.311352,22.912944],[105.306589,22.91083],[105.308239,22.908424],[105.30559,22.905306],[105.304702,22.900408],[105.30696,22.889347],[105.303914,22.88451],[105.30342,22.87634],[105.298052,22.875291],[105.286256,22.878838],[105.281877,22.877137],[105.278417,22.878874],[105.274131,22.878655],[105.25858,22.886757],[105.25363,22.887573],[105.235347,22.884384],[105.231987,22.879729],[105.227681,22.879298],[105.223066,22.883816],[105.223568,22.887497],[105.214038,22.892475],[105.208682,22.898195],[105.207415,22.903947],[105.205126,22.906254],[105.201802,22.906639],[105.200071,22.908559],[105.191708,22.907391],[105.188969,22.910252],[105.179132,22.913531],[105.177804,22.912392],[105.169793,22.921659],[105.166947,22.921041],[105.162629,22.923535],[105.159584,22.921838],[105.152149,22.922992],[105.148421,22.918602],[105.140224,22.923564],[105.1418,22.937343],[105.139772,22.940911],[105.139887,22.946304],[105.13465,22.951805],[105.140355,22.95077],[105.149839,22.961385],[105.157372,22.963136],[105.160896,22.962134],[105.166354,22.964429],[105.17368,22.964171],[105.176386,22.965857],[105.180466,22.96299],[105.18375,22.965298],[105.193156,22.964222],[105.197851,22.965937],[105.20443,22.9634],[105.204293,22.960721],[105.208211,22.958536],[105.212895,22.957452],[105.218699,22.958501],[105.220507,22.954601],[105.223111,22.95185],[105.225934,22.951894],[105.225728,22.949524],[105.228568,22.947161],[105.232356,22.946966],[105.234586,22.948928],[105.238608,22.944697],[105.24098,22.946235],[105.248173,22.943708],[105.249095,22.940388],[105.252773,22.948268],[105.263096,22.954597],[105.274964,22.970193],[105.276711,22.96908],[105.286686,22.971317],[105.290332,22.970418]]]}},{"type":"Feature","properties":{"code":"00985","name":"Xã Giáp Trung","type":"Xã"},"geometry":{"type":"Polygon","coordinates":[[[105.280375,22.855863],[105.300683,22.855747],[105.308112,22.849531],[105.311689,22.851047],[105.32012,22.844533],[105.32493,22.843714],[105.325376,22.834793],[105.327789,22.832816],[105.33207,22.833399],[105.333476,22.83088],[105.342101,22.829666],[105.345473,22.825297],[105.350499,22.825265],[105.348714,22.813309],[105.34329,22.815951],[105.340674,22.812475],[105.338346,22.813474],[105.332768,22.809945],[105.331931,22.799783],[105.327125,22.790826],[105.326217,22.784179],[105.324277,22.783189],[105.326951,22.77358],[105.32164,22.772039],[105.319753,22.773259],[105.317245,22.771772],[105.314501,22.772796],[105.311538,22.770772],[105.313973,22.765784],[105.30803,22.764142],[105.307781,22.756922],[105.304531,22.755631],[105.303243,22.753339],[105.290049,22.75418],[105.290055,22.760606],[105.287327,22.763455],[105.274775,22.761177],[105.26928,22.762516],[105.262068,22.761858],[105.262678,22.768367],[105.255249,22.774284],[105.246249,22.776794],[105.251619,22.777912],[105.257377,22.784259],[105.247913,22.798406],[105.250895,22.807632],[105.253727,22.809233],[105.25565,22.813887],[105.260172,22.815478],[105.262843,22.819669],[105.262618,22.828431],[105.26976,22.835713],[105.269165,22.838288],[105.272719,22.849769],[105.277135,22.851019],[105.280375,22.855863]]]}},{"type":"Feature","properties":{"code":"01021","name":"Xã Hoàng Su Phì","type":"Xã"},"geometry":{"type":"Polygon","coordinates":[[[104.74333,22.800266],[104.764426,22.795812],[104.764282,22.789971],[104.760423,22.783799],[104.75407,22.781438],[104.747685,22.772604],[104.739371,22.768645],[104.736774,22.76553],[104.727076,22.762054],[104.721221,22.76284],[104.71592,22.759025],[104.715157,22.756806],[104.711744,22.756382],[104.712339,22.75401],[104.709618,22.753934],[104.709796,22.751801],[104.704069,22.751407],[104.702834,22.745322],[104.700685,22.745308],[104.696664,22.740214],[104.696197,22.735585],[104.70202,22.733936],[104.704057,22.729828],[104.70824,22.732086],[104.710733,22.730289],[104.711754,22.727209],[104.71029,22.725295],[104.7173,22.723616],[104.723367,22.725717],[104.724029,22.72285],[104.728806,22.722845],[104.730253,22.716509],[104.728593,22.713508],[104.730634,22.70691],[104.728212,22.698538],[104.725358,22.695684],[104.725153,22.690551],[104.71744,22.689361],[104.709105,22.692733],[104.70373,22.688695],[104.697617,22.687672],[104.692275,22.691836],[104.690597,22.688134],[104.692731,22.680147],[104.695291,22.678687],[104.697661,22.67341],[104.687159,22.668225],[104.682654,22.660241],[104.67859,22.657964],[104.672469,22.660668],[104.655906,22.659059],[104.651598,22.662172],[104.639334,22.664383],[104.635133,22.667975],[104.623542,22.666318],[104.626152,22.669467],[104.644375,22.675968],[104.646907,22.683934],[104.646539,22.688268],[104.649726,22.692315],[104.660629,22.697787],[104.663285,22.696304],[104.670378,22.699052],[104.667716,22.700356],[104.663178,22.707073],[104.65821,22.708372],[104.65775,22.711154],[104.655656,22.712188],[104.65591,22.714365],[104.651458,22.716708],[104.652137,22.721803],[104.635747,22.733287],[104.630969,22.740234],[104.621295,22.744721],[104.622315,22.745986],[104.620247,22.748007],[104.620558,22.754898],[104.617423,22.764181],[104.622485,22.768233],[104.62625,22.766964],[104.62798,22.763393],[104.629812,22.763205],[104.629574,22.761699],[104.632871,22.758855],[104.635303,22.758886],[104.635984,22.756919],[104.643215,22.759169],[104.644862,22.756561],[104.652316,22.759312],[104.66169,22.749526],[104.66489,22.750381],[104.671902,22.748052],[104.674941,22.750725],[104.687492,22.751112],[104.691109,22.754749],[104.69533,22.754558],[104.699661,22.761313],[104.702804,22.762961],[104.705128,22.767927],[104.705288,22.772789],[104.708433,22.777513],[104.72499,22.778824],[104.725367,22.781314],[104.728734,22.782745],[104.727605,22.788926],[104.733632,22.79872],[104.736162,22.799177],[104.735704,22.800344],[104.739366,22.803409],[104.74333,22.800266]]]}},{"type":"Feature","properties":{"code":"02374","name":"Xã Hàm Yên","type":"Xã"},"geometry":{"type":"Polygon","coordinates":[[[105.063462,22.139337],[105.069574,22.136155],[105.0718,22.131173],[105.072752,22.12205],[105.079561,22.11695],[105.081193,22.113033],[105.094991,22.108407],[105.093817,22.106641],[105.094816,22.096244],[105.092307,22.093162],[105.097932,22.087453],[105.101141,22.088831],[105.104228,22.087034],[105.10063,22.07537],[105.104077,22.066395],[105.099542,22.058889],[105.089909,22.056303],[105.086311,22.059826],[105.073908,22.065107],[105.067345,22.06336],[105.063315,22.058978],[105.059824,22.059784],[105.061118,22.054965],[105.060217,22.050638],[105.058188,22.049719],[105.055089,22.041616],[105.05294,22.041977],[105.049253,22.039547],[105.051902,22.037553],[105.053311,22.032256],[105.055262,22.03054],[105.053285,22.027115],[105.055339,22.024349],[105.053784,22.01911],[105.055517,22.015605],[105.05238,22.014433],[105.050597,22.011699],[105.051585,22.006117],[105.048807,22.002756],[105.039231,22.003099],[105.036766,22.001865],[105.037145,21.997296],[105.034792,21.992984],[105.031363,21.991441],[105.028508,21.987162],[105.024582,21.987392],[105.02001,21.984334],[105.019041,21.978037],[105.020591,21.977058],[105.020442,21.971048],[105.022083,21.968993],[105.018665,21.965807],[105.016673,21.961092],[105.023878,21.95125],[105.026816,21.949912],[105.023119,21.948736],[105.020186,21.944122],[105.021019,21.938024],[105.016603,21.935171],[105.009382,21.937427],[105.007803,21.934879],[105.002931,21.933704],[104.997952,21.928712],[104.991773,21.93016],[104.989285,21.931467],[104.988611,21.934739],[104.986442,21.936296],[104.986523,21.940308],[104.990514,21.949745],[104.99364,21.952341],[104.995169,21.964233],[104.99279,21.972017],[104.999611,21.987908],[104.997349,21.992258],[104.9927,21.994553],[104.990648,21.993829],[104.992018,21.997227],[104.989673,22.002819],[104.996339,22.014466],[104.992346,22.018316],[104.992201,22.020493],[104.994506,22.023958],[104.993788,22.032322],[104.995884,22.040553],[104.998036,22.042583],[104.996683,22.044244],[104.990493,22.045395],[104.983231,22.042162],[104.972541,22.040681],[104.967796,22.03131],[104.962399,22.028769],[104.959233,22.031005],[104.958593,22.033959],[104.960628,22.042673],[104.962821,22.043328],[104.964625,22.04866],[104.970674,22.049042],[104.978054,22.053665],[104.982237,22.063651],[104.987946,22.063953],[104.990251,22.065838],[104.996493,22.063099],[104.998149,22.06025],[105.002593,22.059406],[105.012009,22.053757],[105.022517,22.057611],[105.023768,22.060407],[105.02213,22.062257],[105.022921,22.065428],[105.027729,22.072192],[105.027756,22.081289],[105.03051,22.083416],[105.027975,22.085849],[105.026604,22.092392],[105.023074,22.095326],[105.021926,22.106994],[105.01321,22.120101],[105.018205,22.119582],[105.020515,22.126597],[105.02594,22.127259],[105.027266,22.124115],[105.032692,22.129399],[105.037936,22.126838],[105.041559,22.127642],[105.049537,22.133664],[105.063462,22.139337]]]}},{"type":"Feature","properties":{"code":"02353","name":"Xã Hòa An","type":"Xã"},"geometry":{"type":"Polygon","coordinates":[[[105.281392,22.078468],[105.282108,22.071487],[105.288849,22.065373],[105.282036,22.062628],[105.276384,22.052107],[105.25966,22.036621],[105.258446,22.03276],[105.260146,22.022288],[105.254813,22.016758],[105.245805,22.015203],[105.238957,22.016679],[105.234833,22.023704],[105.235499,22.029959],[105.237009,22.032914],[105.243527,22.036924],[105.241074,22.041214],[105.241941,22.044543],[105.237928,22.058867],[105.233611,22.06342],[105.22507,22.063062],[105.21963,22.065585],[105.215898,22.06946],[105.207237,22.069481],[105.209453,22.075329],[105.214869,22.081821],[105.214798,22.086362],[105.219214,22.090181],[105.219918,22.09928],[105.217051,22.098564],[105.210063,22.107071],[105.207703,22.113392],[105.204187,22.116213],[105.201668,22.126313],[105.198819,22.128396],[105.198719,22.133017],[105.196417,22.136129],[105.194644,22.134895],[105.192139,22.138665],[105.189746,22.146206],[105.190621,22.1572],[105.18883,22.160183],[105.193184,22.164005],[105.199623,22.161501],[105.21222,22.150913],[105.217681,22.150838],[105.21927,22.148175],[105.219609,22.150926],[105.221668,22.151509],[105.232591,22.150913],[105.234531,22.148526],[105.235082,22.141623],[105.238799,22.132955],[105.243133,22.132308],[105.24461,22.130136],[105.241875,22.124761],[105.239817,22.124026],[105.241185,22.120646],[105.236892,22.119455],[105.241042,22.115779],[105.241165,22.111059],[105.250204,22.112522],[105.252755,22.107834],[105.258153,22.106581],[105.259482,22.104944],[105.257781,22.103749],[105.258194,22.101282],[105.264766,22.099037],[105.271258,22.09218],[105.276933,22.089232],[105.277614,22.088179],[105.272788,22.087559],[105.275237,22.083906],[105.274628,22.082499],[105.275878,22.081574],[105.277406,22.083888],[105.279014,22.081799],[105.277994,22.080298],[105.281392,22.078468]]]}},{"type":"Feature","properties":{"code":"01201","name":"Xã Hùng An","type":"Xã"},"geometry":{"type":"Polygon","coordinates":[[[104.792671,22.393171],[104.798259,22.392063],[104.804874,22.382692],[104.812245,22.391862],[104.814717,22.391734],[104.826269,22.383435],[104.829157,22.38487],[104.835429,22.382483],[104.846183,22.374039],[104.860274,22.370488],[104.867514,22.362915],[104.870828,22.362967],[104.875846,22.356686],[104.878846,22.356678],[104.880436,22.353429],[104.886958,22.349612],[104.890257,22.349448],[104.894535,22.352985],[104.900183,22.353555],[104.900423,22.343855],[104.896399,22.336769],[104.897458,22.329993],[104.891543,22.324057],[104.899269,22.313928],[104.895798,22.311703],[104.89606,22.309351],[104.880603,22.306846],[104.877592,22.309861],[104.875672,22.319649],[104.86393,22.32356],[104.861758,22.317776],[104.858578,22.314463],[104.858396,22.304213],[104.854795,22.306677],[104.849954,22.305504],[104.845523,22.300252],[104.845569,22.298178],[104.849878,22.29502],[104.849356,22.294088],[104.844492,22.290935],[104.836386,22.290023],[104.833122,22.285966],[104.830378,22.285396],[104.827948,22.281281],[104.823492,22.280757],[104.821826,22.278172],[104.819201,22.277669],[104.817447,22.271543],[104.81163,22.271249],[104.808906,22.27375],[104.803168,22.27424],[104.798495,22.276768],[104.781725,22.273163],[104.773194,22.276235],[104.770751,22.281036],[104.774232,22.286341],[104.773883,22.289042],[104.777126,22.295473],[104.773474,22.304627],[104.780648,22.310029],[104.778647,22.312225],[104.7794,22.319337],[104.776821,22.325061],[104.779569,22.326329],[104.781098,22.330634],[104.786732,22.333951],[104.78541,22.337039],[104.791382,22.338262],[104.788607,22.341681],[104.787953,22.351801],[104.786317,22.354063],[104.782043,22.353863],[104.778501,22.35113],[104.773011,22.357836],[104.769198,22.358144],[104.763091,22.355319],[104.754575,22.358845],[104.754693,22.363691],[104.759155,22.364923],[104.760505,22.371302],[104.763567,22.371377],[104.764282,22.372794],[104.74884,22.379067],[104.752771,22.37974],[104.75554,22.378422],[104.761432,22.382411],[104.763148,22.381477],[104.764439,22.383996],[104.769317,22.384225],[104.771826,22.391927],[104.774618,22.386701],[104.781756,22.390728],[104.785378,22.389906],[104.785997,22.393001],[104.788721,22.391312],[104.792671,22.393171]]]}},{"type":"Feature","properties":{"code":"02455","name":"Xã Hùng Lợi","type":"Xã"},"geometry":{"type":"Polygon","coordinates":[[[105.489823,22.030276],[105.493181,22.024243],[105.4938,22.011846],[105.498099,22.009253],[105.500718,22.010326],[105.505323,22.008357],[105.506069,21.996383],[105.504921,21.992559],[105.511164,21.990415],[105.511936,21.98464],[105.514748,21.98425],[105.516558,21.987174],[105.525694,21.98051],[105.533453,21.966698],[105.537644,21.967341],[105.541025,21.963958],[105.552538,21.96277],[105.555674,21.957476],[105.54943,21.947781],[105.552346,21.94313],[105.550158,21.923679],[105.553539,21.918698],[105.554242,21.914525],[105.552795,21.908411],[105.54489,21.904096],[105.547007,21.895691],[105.542041,21.890414],[105.535814,21.890325],[105.532802,21.887879],[105.524858,21.887993],[105.519554,21.882304],[105.518239,21.874138],[105.522695,21.870178],[105.522956,21.86621],[105.52904,21.852724],[105.527103,21.850078],[105.529431,21.847845],[105.529384,21.845741],[105.527705,21.834689],[105.519772,21.830782],[105.516223,21.826634],[105.510467,21.832693],[105.497487,21.832633],[105.492821,21.841185],[105.485216,21.841392],[105.481318,21.843424],[105.480447,21.845801],[105.477414,21.846046],[105.474848,21.850317],[105.476728,21.854263],[105.473897,21.858172],[105.474924,21.860069],[105.465763,21.859433],[105.463683,21.861325],[105.461201,21.868422],[105.464484,21.872044],[105.464528,21.876948],[105.462542,21.881637],[105.453614,21.880584],[105.452997,21.887471],[105.454737,21.891095],[105.44879,21.903355],[105.441874,21.906744],[105.438962,21.903256],[105.433312,21.905361],[105.428526,21.902975],[105.42535,21.905052],[105.420991,21.90316],[105.410539,21.910963],[105.409528,21.913924],[105.413211,21.91606],[105.416352,21.924159],[105.415708,21.927294],[105.420978,21.932836],[105.423307,21.941958],[105.421503,21.942773],[105.418927,21.949419],[105.423203,21.955839],[105.431608,21.959322],[105.433866,21.96135],[105.433958,21.963699],[105.436264,21.963497],[105.439775,21.966038],[105.446346,21.962968],[105.451728,21.962842],[105.456492,21.963345],[105.462052,21.966868],[105.464802,21.980186],[105.464235,21.993152],[105.467924,21.994073],[105.473988,22.004741],[105.480979,22.008387],[105.481791,22.014685],[105.479576,22.016925],[105.477583,22.025594],[105.482758,22.028761],[105.489823,22.030276]]]}},{"type":"Feature","properties":{"code":"02425","name":"Xã Hùng Đức","type":"Xã"},"geometry":{"type":"Polygon","coordinates":[[[105.098609,21.930929],[105.104258,21.924916],[105.104011,21.922167],[105.111543,21.924202],[105.11369,21.921781],[105.116857,21.92163],[105.121846,21.915271],[105.106949,21.901023],[105.103955,21.892742],[105.098283,21.892196],[105.096038,21.893586],[105.092022,21.891637],[105.094175,21.886449],[105.093374,21.881703],[105.095542,21.877459],[105.093546,21.874556],[105.095806,21.871572],[105.087257,21.860969],[105.082573,21.86112],[105.078574,21.858186],[105.079365,21.846252],[105.069734,21.839441],[105.062588,21.846885],[105.058504,21.858131],[105.051897,21.858599],[105.044355,21.865267],[105.04093,21.873778],[105.042533,21.88296],[105.041235,21.885849],[105.037675,21.888023],[105.037126,21.891285],[105.032223,21.892852],[105.024184,21.891967],[105.022019,21.894895],[105.020527,21.893448],[105.018082,21.89386],[105.013526,21.899843],[105.015851,21.90317],[105.014391,21.907436],[105.019865,21.912682],[105.022103,21.917485],[105.022414,21.92428],[105.032852,21.922848],[105.035869,21.924537],[105.042113,21.924849],[105.045356,21.92347],[105.049357,21.926534],[105.052386,21.92597],[105.059984,21.928745],[105.066943,21.936395],[105.072588,21.936333],[105.074001,21.939974],[105.077008,21.941555],[105.081836,21.941984],[105.087418,21.938703],[105.092149,21.942579],[105.094106,21.936042],[105.097032,21.938045],[105.100387,21.938063],[105.098609,21.930929]]]}},{"type":"Feature","properties":{"code":"01084","name":"Xã Hồ Thầu","type":"Xã"},"geometry":{"type":"Polygon","coordinates":[[[104.635605,22.667236],[104.64166,22.663608],[104.651598,22.662172],[104.655906,22.659059],[104.665511,22.659221],[104.669205,22.655932],[104.681045,22.653741],[104.685277,22.65156],[104.684868,22.650251],[104.688023,22.650125],[104.692627,22.642255],[104.699416,22.638073],[104.701515,22.644832],[104.706199,22.644295],[104.708837,22.647439],[104.718103,22.652422],[104.721141,22.649063],[104.721377,22.645506],[104.73173,22.640194],[104.734455,22.629347],[104.725098,22.623183],[104.721579,22.618087],[104.716294,22.614456],[104.705292,22.612079],[104.705256,22.609594],[104.702086,22.605515],[104.698142,22.602902],[104.697662,22.596143],[104.695172,22.594643],[104.704008,22.577715],[104.70416,22.574313],[104.711255,22.572141],[104.715853,22.562334],[104.718578,22.560842],[104.720871,22.54864],[104.713234,22.54768],[104.708879,22.544898],[104.699536,22.544192],[104.696232,22.541286],[104.692872,22.54438],[104.685044,22.544387],[104.67604,22.540162],[104.669595,22.547108],[104.66189,22.54893],[104.660715,22.547215],[104.651827,22.54418],[104.648327,22.540215],[104.640278,22.537883],[104.634406,22.538159],[104.630609,22.541705],[104.619525,22.545968],[104.620308,22.548345],[104.618167,22.557623],[104.620224,22.56101],[104.619599,22.570354],[104.621736,22.571547],[104.623344,22.578898],[104.618347,22.585793],[104.619692,22.588831],[104.618434,22.591783],[104.621116,22.597171],[104.613899,22.602616],[104.603862,22.604857],[104.601468,22.610485],[104.601395,22.618335],[104.595389,22.624994],[104.592111,22.632891],[104.593988,22.635697],[104.59461,22.641896],[104.592228,22.645842],[104.591921,22.651743],[104.592786,22.653587],[104.595513,22.654016],[104.599648,22.660016],[104.607407,22.664567],[104.614828,22.663736],[104.62233,22.664547],[104.626375,22.667625],[104.635605,22.667236]]]}},{"type":"Feature","properties":{"code":"02608","name":"Xã Hồng Sơn","type":"Xã"},"geometry":{"type":"Polygon","coordinates":[[[105.26456,21.624309],[105.266117,21.621722],[105.264819,21.620702],[105.266818,21.618872],[105.264551,21.616365],[105.266593,21.614569],[105.264538,21.611918],[105.264797,21.606548],[105.269841,21.603507],[105.269636,21.601794],[105.272888,21.607112],[105.270094,21.608063],[105.274783,21.611738],[105.272998,21.613482],[105.277652,21.614632],[105.28079,21.612847],[105.290403,21.622183],[105.296334,21.623469],[105.314556,21.62027],[105.31955,21.616151],[105.32473,21.620162],[105.324746,21.622429],[105.332283,21.618879],[105.334193,21.614726],[105.333888,21.607125],[105.325156,21.596337],[105.319284,21.598034],[105.314489,21.59345],[105.317036,21.587785],[105.314477,21.583057],[105.315329,21.581323],[105.313589,21.580945],[105.311597,21.576458],[105.312745,21.576479],[105.312636,21.573512],[105.303363,21.572629],[105.303003,21.57032],[105.301725,21.569975],[105.301177,21.571797],[105.296703,21.567545],[105.295508,21.568353],[105.290842,21.565401],[105.290824,21.564014],[105.292842,21.563703],[105.291183,21.562068],[105.292532,21.557929],[105.29463,21.557767],[105.295972,21.559476],[105.295068,21.555995],[105.288973,21.553396],[105.284394,21.554243],[105.279018,21.550379],[105.275096,21.552763],[105.273025,21.552298],[105.271756,21.554399],[105.274137,21.557562],[105.273424,21.561832],[105.260862,21.569953],[105.249825,21.582433],[105.247866,21.586441],[105.24695,21.595143],[105.244145,21.597781],[105.245924,21.600973],[105.248161,21.600477],[105.24842,21.603037],[105.25001,21.604041],[105.251481,21.602911],[105.249584,21.60878],[105.250544,21.610574],[105.247156,21.613657],[105.247074,21.615968],[105.254338,21.616143],[105.254117,21.618833],[105.257825,21.623829],[105.261953,21.624441],[105.264293,21.627445],[105.26575,21.62541],[105.26456,21.624309]]]}},{"type":"Feature","properties":{"code":"02260","name":"Xã Hồng Thái","type":"Xã"},"geometry":{"type":"Polygon","coordinates":[[[105.595626,22.489651],[105.567002,22.469437],[105.563103,22.463098],[105.55961,22.46258],[105.558146,22.454844],[105.559489,22.451301],[105.555576,22.445681],[105.555134,22.441074],[105.556886,22.439497],[105.555445,22.437651],[105.5484,22.437806],[105.555167,22.428431],[105.550264,22.420549],[105.552805,22.411873],[105.560055,22.409887],[105.565016,22.416766],[105.570767,22.419237],[105.567027,22.414759],[105.565076,22.407468],[105.559898,22.402336],[105.55453,22.402208],[105.535093,22.407747],[105.53273,22.404039],[105.522068,22.40434],[105.520985,22.401351],[105.518346,22.400828],[105.519611,22.38788],[105.51628,22.384685],[105.51341,22.376989],[105.514442,22.369945],[105.51724,22.367316],[105.513054,22.356294],[105.514164,22.348832],[105.507149,22.34267],[105.497529,22.338525],[105.497818,22.3204],[105.490912,22.317789],[105.488331,22.319165],[105.482967,22.317232],[105.478717,22.309299],[105.478984,22.3035],[105.49145,22.293425],[105.486497,22.292614],[105.480271,22.288173],[105.460092,22.283616],[105.45538,22.291084],[105.448079,22.2963],[105.447739,22.298133],[105.440114,22.300984],[105.438046,22.306231],[105.428926,22.313335],[105.427399,22.317837],[105.419172,22.322624],[105.4203,22.325374],[105.413598,22.332229],[105.414708,22.336073],[105.417646,22.336826],[105.420681,22.34013],[105.419808,22.34439],[105.424873,22.348891],[105.425778,22.353],[105.424185,22.358123],[105.427698,22.364589],[105.431585,22.366712],[105.441932,22.367208],[105.445144,22.370319],[105.43492,22.377905],[105.43529,22.383818],[105.428771,22.394519],[105.437601,22.397833],[105.451459,22.397591],[105.453588,22.399724],[105.454585,22.406259],[105.453473,22.413547],[105.455973,22.420372],[105.455342,22.425779],[105.461348,22.441215],[105.460704,22.455908],[105.469572,22.463404],[105.47813,22.466435],[105.484064,22.470971],[105.487372,22.471628],[105.490052,22.469913],[105.499673,22.473219],[105.496855,22.478289],[105.497693,22.481443],[105.494228,22.483671],[105.496594,22.485188],[105.498234,22.482247],[105.500681,22.481814],[105.503476,22.488146],[105.50271,22.489959],[105.509087,22.499423],[105.51518,22.49802],[105.521486,22.499436],[105.524649,22.506145],[105.539048,22.512548],[105.545192,22.513203],[105.551342,22.521366],[105.56022,22.525599],[105.55541,22.531974],[105.560806,22.533001],[105.561473,22.534165],[105.556589,22.534418],[105.566245,22.54272],[105.563439,22.545831],[105.56565,22.552931],[105.561634,22.556664],[105.563394,22.559979],[105.571522,22.561913],[105.578066,22.558159],[105.579964,22.554424],[105.585685,22.552349],[105.585743,22.549184],[105.591617,22.543562],[105.59157,22.538089],[105.593783,22.532805],[105.595861,22.531708],[105.594995,22.525804],[105.599155,22.522308],[105.597997,22.516878],[105.593265,22.514636],[105.590671,22.50766],[105.596066,22.503812],[105.593987,22.494732],[105.594803,22.491622],[105.598226,22.488938],[105.595626,22.489651]]]}},{"type":"Feature","properties":{"code":"01147","name":"Xã Khuôn Lùng","type":"Xã"},"geometry":{"type":"Polygon","coordinates":[[[104.432243,22.575822],[104.450451,22.575517],[104.452652,22.571715],[104.458398,22.57262],[104.460985,22.566924],[104.464837,22.565012],[104.474637,22.565972],[104.486287,22.570371],[104.495537,22.56952],[104.501319,22.566854],[104.507943,22.57119],[104.510851,22.570989],[104.513873,22.56594],[104.513445,22.553644],[104.51879,22.543521],[104.527053,22.535847],[104.533148,22.542658],[104.534466,22.548041],[104.538001,22.545388],[104.53923,22.541039],[104.543318,22.535623],[104.549696,22.530463],[104.55321,22.532168],[104.564799,22.527573],[104.570083,22.530853],[104.574582,22.53164],[104.589523,22.531824],[104.592604,22.531614],[104.592595,22.528635],[104.588702,22.523663],[104.583257,22.520502],[104.583416,22.51869],[104.575173,22.516595],[104.572196,22.509865],[104.564879,22.504054],[104.55827,22.501368],[104.555714,22.502546],[104.550499,22.500577],[104.549404,22.496938],[104.545414,22.493974],[104.54695,22.490833],[104.541389,22.48406],[104.543129,22.481655],[104.539924,22.480665],[104.539366,22.477495],[104.530453,22.476334],[104.526299,22.470443],[104.521224,22.471059],[104.517741,22.465007],[104.514617,22.464591],[104.512302,22.461392],[104.504426,22.465605],[104.497221,22.465564],[104.495678,22.470896],[104.487603,22.473142],[104.475049,22.480912],[104.464081,22.476177],[104.472513,22.482949],[104.46966,22.490002],[104.462389,22.491172],[104.460197,22.494149],[104.452535,22.496023],[104.448657,22.50162],[104.445093,22.503868],[104.446569,22.507535],[104.444736,22.509685],[104.44475,22.513199],[104.438932,22.519789],[104.435517,22.520786],[104.434465,22.523011],[104.431638,22.522173],[104.422058,22.524448],[104.420088,22.528596],[104.417545,22.528464],[104.414816,22.530694],[104.416783,22.539326],[104.41938,22.541041],[104.423449,22.549119],[104.421174,22.557226],[104.424384,22.563778],[104.424248,22.572191],[104.432243,22.575822]]]}},{"type":"Feature","properties":{"code":"00802","name":"Xã Khâu Vai","type":"Xã"},"geometry":{"type":"Polygon","coordinates":[[[105.449703,23.182676],[105.452968,23.18121],[105.454144,23.178835],[105.457623,23.179723],[105.458581,23.177155],[105.461688,23.176511],[105.470786,23.179227],[105.473077,23.178121],[105.479233,23.180731],[105.492758,23.172182],[105.505038,23.168789],[105.507663,23.165753],[105.510871,23.156235],[105.512319,23.145552],[105.519555,23.140117],[105.524661,23.139518],[105.532983,23.133964],[105.533299,23.130509],[105.530679,23.128026],[105.531824,23.111443],[105.528603,23.108376],[105.528016,23.103962],[105.517642,23.083705],[105.520426,23.079324],[105.520622,23.075862],[105.513797,23.069719],[105.513065,23.066119],[105.508412,23.060676],[105.50856,23.052234],[105.504785,23.048897],[105.502894,23.041788],[105.502371,23.045583],[105.498383,23.045616],[105.490948,23.050876],[105.484318,23.0533],[105.478635,23.063264],[105.470874,23.059623],[105.462442,23.063447],[105.457695,23.06199],[105.453165,23.063084],[105.446584,23.06774],[105.441176,23.064243],[105.435099,23.062654],[105.436905,23.065715],[105.432106,23.077539],[105.440145,23.086602],[105.438844,23.091623],[105.437321,23.091059],[105.437538,23.094041],[105.441464,23.094787],[105.44487,23.101937],[105.443554,23.103787],[105.444258,23.105922],[105.45301,23.114539],[105.452149,23.1187],[105.453682,23.120994],[105.453399,23.122777],[105.444559,23.123028],[105.440568,23.125055],[105.443481,23.129342],[105.439354,23.133711],[105.442645,23.139623],[105.442129,23.143362],[105.439632,23.144855],[105.433137,23.14408],[105.427529,23.146459],[105.428539,23.151109],[105.431557,23.152994],[105.430789,23.156251],[105.432466,23.15634],[105.436652,23.162649],[105.43553,23.164526],[105.436542,23.171051],[105.444032,23.171765],[105.449703,23.182676]]]}},{"type":"Feature","properties":{"code":"02350","name":"Xã Kim Bình","type":"Xã"},"geometry":{"type":"Polygon","coordinates":[[[105.363877,22.105133],[105.35159,22.101722],[105.346948,22.097567],[105.345842,22.092042],[105.348316,22.08587],[105.343722,22.082097],[105.342882,22.0791],[105.344754,22.076639],[105.350588,22.076328],[105.354431,22.067647],[105.352677,22.064812],[105.354205,22.061461],[105.35334,22.056065],[105.354618,22.055129],[105.353347,22.050821],[105.356137,22.044611],[105.352823,22.035683],[105.343,22.037062],[105.336067,22.035393],[105.334075,22.039659],[105.3281,22.039322],[105.323646,22.040909],[105.320576,22.039509],[105.317529,22.035621],[105.316334,22.030761],[105.309083,22.025479],[105.308174,22.022697],[105.304762,22.021468],[105.302412,22.023914],[105.295554,22.022002],[105.29283,22.016025],[105.288184,22.01283],[105.274322,22.023007],[105.267664,22.023399],[105.259866,22.018658],[105.25671,22.018991],[105.260724,22.023151],[105.258446,22.03276],[105.25966,22.036621],[105.276384,22.052107],[105.282036,22.062628],[105.288959,22.065943],[105.282951,22.070287],[105.280981,22.075178],[105.281527,22.07876],[105.287691,22.089261],[105.277901,22.094671],[105.274926,22.100182],[105.269193,22.105151],[105.265784,22.115744],[105.273729,22.116305],[105.277848,22.119237],[105.285056,22.118131],[105.298956,22.121338],[105.300424,22.123319],[105.310268,22.126026],[105.322295,22.134347],[105.325153,22.134226],[105.337424,22.140296],[105.343798,22.141232],[105.348961,22.138331],[105.352113,22.138893],[105.353231,22.128551],[105.359835,22.129884],[105.365555,22.111755],[105.362959,22.107338],[105.363877,22.105133]]]}},{"type":"Feature","properties":{"code":"02332","name":"Xã Kiên Đài","type":"Xã"},"geometry":{"type":"Polygon","coordinates":[[[105.404767,22.155504],[105.413905,22.160594],[105.42472,22.160199],[105.427235,22.156828],[105.42725,22.149457],[105.431933,22.14764],[105.437939,22.148209],[105.439788,22.157007],[105.442466,22.159712],[105.453853,22.161796],[105.454202,22.164538],[105.461832,22.169223],[105.470049,22.160167],[105.478288,22.163296],[105.493462,22.157708],[105.491997,22.154216],[105.493767,22.150692],[105.490888,22.151207],[105.484323,22.147661],[105.481305,22.143128],[105.473736,22.136988],[105.476436,22.129823],[105.475244,22.126532],[105.469066,22.124962],[105.468656,22.123008],[105.465406,22.121114],[105.465355,22.117496],[105.462601,22.114883],[105.464383,22.111928],[105.463396,22.108104],[105.464998,22.10381],[105.470213,22.103207],[105.472009,22.097743],[105.473505,22.097213],[105.468186,22.089942],[105.46938,22.081112],[105.460378,22.072111],[105.453228,22.07296],[105.447818,22.071091],[105.446285,22.066156],[105.4379,22.059922],[105.436531,22.056538],[105.430652,22.063268],[105.429414,22.07083],[105.423426,22.07441],[105.421922,22.079889],[105.418252,22.080865],[105.41279,22.079351],[105.405082,22.09123],[105.392905,22.094528],[105.391364,22.098863],[105.389046,22.100596],[105.383323,22.101014],[105.380402,22.10405],[105.374421,22.105662],[105.363877,22.105133],[105.362959,22.107338],[105.365555,22.111755],[105.359835,22.129884],[105.352803,22.128989],[105.352113,22.138893],[105.348961,22.138331],[105.343798,22.141232],[105.339014,22.140753],[105.33983,22.144398],[105.336407,22.154954],[105.333267,22.158624],[105.326664,22.158528],[105.326468,22.161508],[105.323261,22.165031],[105.321538,22.180429],[105.32672,22.182434],[105.330112,22.180708],[105.333678,22.181139],[105.332634,22.184207],[105.340146,22.184423],[105.342367,22.188955],[105.336785,22.195451],[105.339741,22.195789],[105.338867,22.199474],[105.342963,22.205194],[105.343191,22.208006],[105.348066,22.207622],[105.3497,22.203278],[105.361934,22.198382],[105.360924,22.192752],[105.367797,22.194193],[105.371184,22.189767],[105.374288,22.18899],[105.376045,22.19047],[105.386028,22.183845],[105.389489,22.184276],[105.394092,22.181947],[105.402658,22.180791],[105.402736,22.176028],[105.397615,22.169914],[105.39939,22.162558],[105.397583,22.160448],[105.402133,22.159742],[105.404767,22.155504]]]}},{"type":"Feature","properties":{"code":"02437","name":"Xã Kiến Thiết","type":"Xã"},"geometry":{"type":"Polygon","coordinates":[[[105.327152,22.039557],[105.334075,22.039659],[105.336067,22.035393],[105.343,22.037062],[105.350629,22.036649],[105.355987,22.033063],[105.356976,22.031094],[105.355959,22.028746],[105.359045,22.02548],[105.359503,22.022551],[105.363321,22.021834],[105.363626,22.015905],[105.368249,22.014382],[105.368159,22.007901],[105.366382,22.004767],[105.366959,21.999464],[105.364148,21.993968],[105.371129,21.99188],[105.372609,21.9895],[105.372655,21.979213],[105.377663,21.970906],[105.375442,21.965809],[105.370413,21.962018],[105.374993,21.95761],[105.377771,21.948166],[105.383746,21.947949],[105.388775,21.945746],[105.390186,21.943455],[105.398586,21.940609],[105.393426,21.938082],[105.396008,21.934875],[105.395588,21.931073],[105.390498,21.923869],[105.383956,21.920149],[105.381011,21.922165],[105.378924,21.916063],[105.381195,21.910158],[105.373147,21.903096],[105.369488,21.904408],[105.363924,21.902796],[105.362127,21.907162],[105.360215,21.907004],[105.359532,21.909105],[105.355855,21.910682],[105.353443,21.914756],[105.353647,21.918702],[105.34984,21.92159],[105.341958,21.91803],[105.335039,21.9232],[105.335509,21.926209],[105.331499,21.929175],[105.332095,21.931817],[105.328893,21.934099],[105.328429,21.939347],[105.324498,21.94005],[105.315193,21.938322],[105.315027,21.944952],[105.306004,21.947278],[105.299765,21.95795],[105.294921,21.961244],[105.297955,21.973963],[105.296005,21.97674],[105.292114,21.977001],[105.288855,21.980135],[105.285922,21.984012],[105.285393,21.99043],[105.280629,21.991289],[105.277632,21.994303],[105.273794,21.989626],[105.264087,21.990976],[105.264553,21.998354],[105.260335,22.002042],[105.257578,22.001846],[105.250548,22.007864],[105.252453,22.014761],[105.25671,22.018991],[105.259866,22.018658],[105.267757,22.023415],[105.274358,22.022995],[105.280426,22.017445],[105.284851,22.015824],[105.28626,22.013132],[105.288517,22.012931],[105.29283,22.016025],[105.295554,22.022002],[105.302412,22.023914],[105.304762,22.021468],[105.308174,22.022697],[105.309083,22.025479],[105.316334,22.030761],[105.317529,22.035621],[105.320576,22.039509],[105.324751,22.041135],[105.327152,22.039557]]]}},{"type":"Feature","properties":{"code":"00937","name":"Xã Lao Chải","type":"Xã"},"geometry":{"type":"Polygon","coordinates":[[[104.803454,22.914388],[104.81876,22.912426],[104.829159,22.902844],[104.833459,22.90414],[104.83909,22.900121],[104.842355,22.901831],[104.84525,22.897597],[104.851069,22.897556],[104.850316,22.867507],[104.839444,22.868714],[104.832932,22.865358],[104.833263,22.855548],[104.826246,22.851068],[104.819473,22.842045],[104.826373,22.830261],[104.820917,22.827913],[104.821733,22.825318],[104.809926,22.81545],[104.804088,22.808272],[104.803043,22.804524],[104.789037,22.808188],[104.779427,22.806979],[104.776072,22.800603],[104.764688,22.795272],[104.74323,22.800286],[104.738312,22.805339],[104.739116,22.8154],[104.732589,22.8235],[104.735801,22.830395],[104.732637,22.836377],[104.732943,22.840592],[104.724497,22.849784],[104.735561,22.858203],[104.7528,22.856983],[104.756321,22.858745],[104.757396,22.862773],[104.763178,22.869894],[104.762366,22.871731],[104.764131,22.872339],[104.765781,22.883402],[104.764721,22.885253],[104.770451,22.889864],[104.769343,22.891305],[104.770544,22.891747],[104.770448,22.894993],[104.777381,22.905166],[104.781721,22.90638],[104.789004,22.904523],[104.7934,22.906675],[104.796767,22.911248],[104.800791,22.911192],[104.803454,22.914388]]]}},{"type":"Feature","properties":{"code":"00970","name":"Xã Linh Hồ","type":"Xã"},"geometry":{"type":"Polygon","coordinates":[[[105.056295,22.741092],[105.058725,22.732619],[105.069407,22.7267],[105.072226,22.721138],[105.081154,22.723684],[105.08338,22.72648],[105.086793,22.725167],[105.089623,22.721251],[105.093559,22.724609],[105.102415,22.715302],[105.10632,22.7152],[105.10877,22.720355],[105.115192,22.724671],[105.118399,22.731883],[105.128197,22.731482],[105.150113,22.715855],[105.152239,22.712703],[105.152438,22.708678],[105.147437,22.702252],[105.148603,22.699548],[105.147675,22.694899],[105.146179,22.692302],[105.139357,22.6878],[105.133737,22.676617],[105.128874,22.674113],[105.123006,22.678815],[105.115512,22.678534],[105.11219,22.670884],[105.106739,22.666112],[105.092327,22.66859],[105.080363,22.661007],[105.078086,22.663468],[105.05972,22.663395],[105.04947,22.657772],[105.047457,22.65407],[105.044154,22.653155],[105.045029,22.649094],[105.050698,22.646954],[105.05757,22.647481],[105.059192,22.64553],[105.05664,22.643782],[105.05738,22.641066],[105.053313,22.640519],[105.049673,22.635293],[105.04902,22.636916],[105.046561,22.635312],[105.04522,22.63628],[105.045918,22.637906],[105.044156,22.641035],[105.041751,22.638538],[105.039364,22.64073],[105.038182,22.635952],[105.040352,22.637169],[105.040737,22.634054],[105.035193,22.628764],[105.030407,22.62851],[105.025323,22.625075],[105.018414,22.618387],[105.016568,22.609041],[105.018127,22.603857],[105.015981,22.599455],[105.012506,22.598125],[105.01138,22.593735],[105.003296,22.586762],[104.997523,22.568123],[104.997625,22.562964],[105.005426,22.558472],[105.003046,22.557628],[105.00076,22.553021],[104.997758,22.552214],[104.994529,22.547768],[104.993916,22.536719],[104.996746,22.536134],[104.99749,22.531004],[104.990966,22.521137],[104.983713,22.524529],[104.981796,22.521645],[104.977838,22.520007],[104.975441,22.521432],[104.975345,22.524144],[104.966636,22.531016],[104.966257,22.534457],[104.952969,22.539675],[104.954787,22.545702],[104.952694,22.547372],[104.948973,22.546647],[104.944163,22.55011],[104.933106,22.552521],[104.929534,22.555857],[104.925781,22.563369],[104.933252,22.574731],[104.939195,22.587488],[104.942107,22.590825],[104.948901,22.594342],[104.95696,22.609688],[104.960289,22.603784],[104.959941,22.597027],[104.957766,22.593425],[104.96184,22.585074],[104.965553,22.582464],[104.966649,22.584145],[104.967378,22.601833],[104.968253,22.603523],[104.97377,22.603357],[104.976541,22.610887],[104.971031,22.620588],[104.974744,22.622919],[104.969649,22.627984],[104.976156,22.631477],[104.975807,22.636209],[104.981493,22.635009],[104.980734,22.641703],[104.985156,22.647966],[104.990134,22.649885],[104.993563,22.660148],[104.997346,22.663841],[104.99015,22.668217],[104.986571,22.673912],[104.986405,22.682564],[104.988834,22.683944],[104.990716,22.681876],[104.989737,22.68092],[104.991556,22.680078],[104.997612,22.680762],[105.001637,22.676619],[105.008113,22.677589],[105.012729,22.682133],[105.015234,22.68884],[105.018033,22.691776],[105.019066,22.697366],[105.017997,22.705276],[105.021445,22.712786],[105.017771,22.71794],[105.017761,22.720492],[105.018427,22.722804],[105.025011,22.728885],[105.024385,22.732077],[105.033007,22.731373],[105.043037,22.741083],[105.056295,22.741092]]]}},{"type":"Feature","properties":{"code":"01192","name":"Xã Liên Hiệp","type":"Xã"},"geometry":{"type":"Polygon","coordinates":[[[105.041207,22.351916],[105.048975,22.344817],[105.051841,22.335824],[105.05429,22.336342],[105.061909,22.330164],[105.060029,22.329085],[105.061075,22.326406],[105.058887,22.32193],[105.059705,22.313088],[105.050807,22.314027],[105.04547,22.312567],[105.044842,22.311118],[105.045574,22.308065],[105.043598,22.306606],[105.048947,22.303605],[105.050061,22.300669],[105.046704,22.281812],[105.042688,22.280983],[105.042184,22.283475],[105.039017,22.284871],[105.040506,22.286564],[105.033877,22.284376],[105.021533,22.276412],[105.014885,22.266669],[105.012327,22.269301],[105.009995,22.267908],[105.006948,22.272311],[105.008367,22.276212],[105.007689,22.280609],[105.003544,22.283964],[105.005514,22.285416],[105.005909,22.291072],[105.008615,22.295007],[105.005152,22.298859],[104.996192,22.301657],[104.993665,22.314816],[104.987777,22.317039],[104.983632,22.324008],[104.977345,22.325539],[104.973847,22.330493],[104.975601,22.335683],[104.972414,22.338931],[104.968443,22.340108],[104.968816,22.348013],[104.975701,22.350751],[104.97744,22.354543],[104.977461,22.359614],[104.974973,22.362815],[104.978567,22.370364],[104.9773,22.378259],[104.981774,22.379913],[104.98234,22.383317],[104.986268,22.38861],[104.983535,22.397885],[104.984237,22.400755],[104.992307,22.403071],[104.995062,22.399951],[104.997528,22.399734],[105.002555,22.403622],[105.002491,22.409668],[105.011331,22.409411],[105.023493,22.416648],[105.023536,22.418763],[105.019562,22.419443],[105.013295,22.423958],[105.0184,22.425048],[105.019928,22.432444],[105.024691,22.434307],[105.036875,22.444714],[105.041922,22.441691],[105.0462,22.443817],[105.049137,22.44795],[105.062181,22.448831],[105.060674,22.450724],[105.062178,22.455731],[105.075203,22.467539],[105.074189,22.469372],[105.075953,22.478425],[105.081758,22.481428],[105.087524,22.482189],[105.087802,22.484491],[105.093993,22.487319],[105.105529,22.488478],[105.108078,22.490543],[105.112978,22.484434],[105.109893,22.474326],[105.111618,22.471114],[105.111128,22.464696],[105.117612,22.4601],[105.117766,22.455704],[105.112784,22.452252],[105.105849,22.450439],[105.100735,22.444768],[105.096879,22.444296],[105.086935,22.439018],[105.089933,22.433241],[105.096323,22.428919],[105.097245,22.424645],[105.100086,22.42135],[105.101001,22.414383],[105.099208,22.412716],[105.096656,22.404018],[105.093406,22.401859],[105.09121,22.396049],[105.089821,22.394448],[105.081287,22.396799],[105.075712,22.394181],[105.072196,22.39528],[105.069569,22.392936],[105.073975,22.387704],[105.073162,22.381741],[105.078739,22.373187],[105.080946,22.372578],[105.083326,22.36676],[105.087025,22.362778],[105.087452,22.359667],[105.083069,22.353561],[105.076795,22.352207],[105.073841,22.354188],[105.071977,22.353178],[105.057385,22.357392],[105.046589,22.357292],[105.041207,22.351916]]]}},{"type":"Feature","properties":{"code":"02266","name":"Xã Lâm Bình","type":"Xã"},"geometry":{"type":"Polygon","coordinates":[[[105.148301,22.698002],[105.161172,22.690501],[105.169775,22.689099],[105.180069,22.681063],[105.182881,22.682145],[105.199736,22.676737],[105.205236,22.678066],[105.209475,22.673641],[105.210275,22.666331],[105.21526,22.663037],[105.219442,22.66098],[105.229559,22.663077],[105.232444,22.660759],[105.235867,22.660592],[105.243179,22.654821],[105.244296,22.648837],[105.239697,22.641157],[105.241051,22.632448],[105.237919,22.62169],[105.238498,22.602384],[105.251897,22.581114],[105.259424,22.577696],[105.263637,22.570354],[105.247726,22.554585],[105.250783,22.552456],[105.244622,22.54358],[105.248703,22.54487],[105.248154,22.540374],[105.244879,22.537327],[105.247145,22.532842],[105.243564,22.530514],[105.244612,22.526446],[105.242521,22.524822],[105.244142,22.519114],[105.238389,22.516966],[105.237229,22.513902],[105.233209,22.512038],[105.233774,22.509031],[105.232376,22.50656],[105.234496,22.503471],[105.231909,22.502429],[105.230086,22.495762],[105.234078,22.493326],[105.239785,22.494989],[105.242049,22.497638],[105.251308,22.497672],[105.254316,22.494764],[105.255625,22.489566],[105.261655,22.487049],[105.266603,22.479723],[105.265561,22.474636],[105.261603,22.472717],[105.259048,22.468723],[105.264553,22.46199],[105.273033,22.458759],[105.275015,22.454828],[105.279235,22.454092],[105.285113,22.456283],[105.284685,22.450853],[105.279749,22.445217],[105.282701,22.440633],[105.275097,22.433943],[105.270568,22.433517],[105.27183,22.427753],[105.268748,22.421713],[105.271214,22.416471],[105.268915,22.412527],[105.270181,22.410915],[105.266888,22.407106],[105.261571,22.404881],[105.258587,22.396831],[105.250911,22.396772],[105.248961,22.400848],[105.245695,22.40327],[105.247776,22.412277],[105.245086,22.414863],[105.242601,22.413848],[105.240029,22.419595],[105.23268,22.42134],[105.229614,22.419238],[105.22484,22.424529],[105.216587,22.424883],[105.213469,22.428389],[105.2053,22.428403],[105.204004,22.430164],[105.204445,22.437597],[105.200208,22.441028],[105.196706,22.451315],[105.184963,22.451716],[105.179777,22.454294],[105.170484,22.46255],[105.162674,22.465699],[105.160073,22.471027],[105.151775,22.474831],[105.150375,22.478791],[105.144644,22.478021],[105.132096,22.481432],[105.12507,22.481564],[105.118238,22.484304],[105.114,22.483985],[105.107408,22.490758],[105.10859,22.495283],[105.117384,22.508155],[105.115634,22.511514],[105.120493,22.513303],[105.12778,22.535431],[105.125162,22.543899],[105.125978,22.545981],[105.11977,22.556128],[105.121668,22.56289],[105.119946,22.567665],[105.114087,22.575154],[105.116662,22.577932],[105.122522,22.579653],[105.121508,22.582618],[105.123348,22.584744],[105.133114,22.588872],[105.133779,22.592153],[105.129568,22.594006],[105.126118,22.605848],[105.13312,22.610693],[105.137344,22.611384],[105.139994,22.61664],[105.140443,22.62208],[105.142859,22.625474],[105.149806,22.621862],[105.15231,22.618616],[105.159671,22.621569],[105.158241,22.626203],[105.153961,22.629344],[105.157127,22.631533],[105.154198,22.636416],[105.151203,22.637808],[105.146711,22.634867],[105.142001,22.639414],[105.136391,22.640246],[105.131147,22.646442],[105.130324,22.649587],[105.135289,22.654313],[105.135391,22.659795],[105.139584,22.65997],[105.140255,22.662002],[105.139346,22.664486],[105.130804,22.668661],[105.128278,22.672895],[105.134118,22.67706],[105.138877,22.687112],[105.146179,22.692302],[105.148301,22.698002]]]}},{"type":"Feature","properties":{"code":"00901","name":"Xã Lùng Tám","type":"Xã"},"geometry":{"type":"Polygon","coordinates":[[[105.066587,23.07876],[105.075705,23.074043],[105.076873,23.077034],[105.079908,23.07595],[105.083147,23.077127],[105.084989,23.071181],[105.088943,23.071885],[105.090513,23.069352],[105.093346,23.070221],[105.095891,23.064098],[105.102926,23.063526],[105.09846,23.056698],[105.099247,23.054498],[105.108813,23.050512],[105.112366,23.046806],[105.105946,23.044224],[105.105669,23.039231],[105.10154,23.036281],[105.107467,23.033069],[105.10698,23.03178],[105.109308,23.030832],[105.11471,23.034491],[105.123818,23.032559],[105.127774,23.033291],[105.130435,23.03185],[105.133043,23.027331],[105.134871,23.021088],[105.129749,23.018193],[105.126159,23.011645],[105.127898,23.009645],[105.125063,23.001672],[105.129528,22.999739],[105.138522,23.000108],[105.142985,22.996371],[105.141937,22.988611],[105.143089,22.982994],[105.13591,22.972704],[105.133905,22.960008],[105.130855,22.95989],[105.127433,22.962282],[105.124473,22.959203],[105.113083,22.958405],[105.100795,22.962859],[105.097813,22.961713],[105.094522,22.95606],[105.085957,22.9585],[105.070316,22.95728],[105.072158,22.951112],[105.067567,22.950928],[105.057891,22.946824],[105.057112,22.949165],[105.048183,22.955704],[105.035482,22.973135],[105.030786,22.985595],[105.031001,22.991869],[105.028098,22.992503],[105.025402,22.998041],[105.026282,23.002932],[105.020777,23.008038],[105.021966,23.009683],[105.030177,23.012038],[105.034786,23.017292],[105.030041,23.021806],[105.029139,23.041784],[105.023054,23.046687],[105.023609,23.05431],[105.019945,23.058255],[105.024398,23.062953],[105.021798,23.065468],[105.02371,23.068234],[105.021533,23.069539],[105.021923,23.07262],[105.028408,23.073275],[105.035748,23.070378],[105.036533,23.071768],[105.041828,23.062502],[105.043903,23.062078],[105.04253,23.065653],[105.045956,23.066756],[105.049875,23.061519],[105.051652,23.063803],[105.046282,23.072068],[105.046931,23.073356],[105.05502,23.076498],[105.065005,23.076901],[105.066587,23.07876]]]}},{"type":"Feature","properties":{"code":"00715","name":"Xã Lũng Cú","type":"Xã"},"geometry":{"type":"Polygon","coordinates":[[[105.332885,23.381652],[105.346436,23.371153],[105.349692,23.366892],[105.350725,23.361428],[105.349527,23.354845],[105.351344,23.345307],[105.368506,23.32461],[105.370237,23.320018],[105.359449,23.315843],[105.348368,23.315206],[105.345809,23.311009],[105.34412,23.311495],[105.335682,23.302961],[105.311669,23.288704],[105.307744,23.288065],[105.304251,23.289784],[105.301067,23.28637],[105.287543,23.280932],[105.28547,23.276493],[105.279565,23.277417],[105.275589,23.264938],[105.276695,23.258612],[105.271466,23.259806],[105.269772,23.258507],[105.262095,23.262991],[105.25829,23.263362],[105.25552,23.267192],[105.255664,23.269803],[105.250322,23.270259],[105.248293,23.274647],[105.246232,23.274487],[105.238586,23.281784],[105.234248,23.283441],[105.235358,23.28566],[105.234083,23.288473],[105.243734,23.290782],[105.246049,23.292701],[105.247712,23.298118],[105.250781,23.301433],[105.249566,23.309549],[105.25635,23.312153],[105.257943,23.315346],[105.258696,23.319213],[105.256486,23.320859],[105.255718,23.325509],[105.24896,23.332779],[105.253692,23.338826],[105.25615,23.339773],[105.256479,23.342536],[105.266624,23.342802],[105.27423,23.339404],[105.276535,23.341645],[105.2831,23.34197],[105.284323,23.347419],[105.287848,23.352623],[105.287691,23.358962],[105.292777,23.360489],[105.298994,23.369906],[105.302655,23.371557],[105.302214,23.373199],[105.307866,23.38187],[105.31257,23.382925],[105.322043,23.392406],[105.325447,23.391897],[105.332885,23.381652]]]}},{"type":"Feature","properties":{"code":"00763","name":"Xã Lũng Phìn","type":"Xã"},"geometry":{"type":"Polygon","coordinates":[[[105.218381,23.12931],[105.207532,23.135156],[105.208912,23.14165],[105.212333,23.142855],[105.222228,23.138627],[105.225419,23.141284],[105.225573,23.145386],[105.232936,23.144738],[105.225672,23.150221],[105.226971,23.152462],[105.235241,23.155949],[105.234095,23.158533],[105.235705,23.162548],[105.23091,23.172511],[105.242474,23.174718],[105.24422,23.178836],[105.248257,23.177675],[105.248337,23.181805],[105.25766,23.181904],[105.257577,23.187274],[105.26185,23.189589],[105.26976,23.191016],[105.270774,23.181694],[105.276429,23.179557],[105.279416,23.176467],[105.282336,23.178039],[105.283786,23.175069],[105.281225,23.172876],[105.287308,23.167011],[105.302,23.167408],[105.301515,23.161577],[105.303624,23.158835],[105.301732,23.156473],[105.303571,23.155315],[105.303179,23.153237],[105.311126,23.15824],[105.318592,23.156815],[105.314082,23.149633],[105.306194,23.146174],[105.30585,23.14199],[105.302417,23.136103],[105.296119,23.132834],[105.293914,23.12502],[105.297534,23.123058],[105.297685,23.121509],[105.296855,23.118046],[105.293433,23.116798],[105.294936,23.112127],[105.290782,23.107223],[105.291139,23.102342],[105.283019,23.097048],[105.278341,23.096863],[105.276329,23.094948],[105.266635,23.092679],[105.258177,23.097939],[105.259654,23.093577],[105.257432,23.088599],[105.254652,23.094089],[105.250474,23.096984],[105.244067,23.098084],[105.240909,23.100918],[105.231796,23.10358],[105.226503,23.102546],[105.218231,23.113589],[105.217712,23.116404],[105.208822,23.12311],[105.218381,23.12931]]]}},{"type":"Feature","properties":{"code":"02434","name":"Xã Lực Hành","type":"Xã"},"geometry":{"type":"Polygon","coordinates":[[[105.234833,22.023704],[105.238957,22.016679],[105.243626,22.015372],[105.254813,22.016758],[105.252441,22.014739],[105.250548,22.007864],[105.264992,21.99759],[105.263382,21.995025],[105.263567,21.991262],[105.260337,21.990188],[105.250904,21.981896],[105.247622,21.976464],[105.23093,21.981361],[105.22119,21.98011],[105.220575,21.983312],[105.212699,21.990946],[105.209108,21.983343],[105.212906,21.973276],[105.203275,21.974556],[105.200973,21.972556],[105.197241,21.972875],[105.198324,21.976662],[105.188596,21.977027],[105.182775,21.967921],[105.178681,21.966007],[105.169907,21.954383],[105.166182,21.955333],[105.16236,21.952225],[105.155658,21.950603],[105.14678,21.956843],[105.146958,21.960199],[105.152842,21.969674],[105.153686,21.974692],[105.151569,21.978106],[105.148537,21.979339],[105.139621,21.978941],[105.142755,21.986187],[105.142551,21.997087],[105.139769,22.003036],[105.13359,22.007039],[105.132972,22.010884],[105.135394,22.01424],[105.145211,22.019983],[105.149198,22.020064],[105.154493,22.015589],[105.158522,22.015085],[105.158991,22.013016],[105.164191,22.012414],[105.167147,22.014255],[105.167579,22.016274],[105.171341,22.015853],[105.173619,22.017859],[105.173367,22.026543],[105.175705,22.028324],[105.174669,22.034346],[105.183058,22.037529],[105.184022,22.040072],[105.190549,22.041783],[105.194551,22.047263],[105.198397,22.049145],[105.198635,22.051092],[105.201488,22.053093],[105.201418,22.058377],[105.203177,22.061139],[105.208236,22.062292],[105.207434,22.069133],[105.215654,22.069547],[105.223188,22.063669],[105.233611,22.06342],[105.237928,22.058867],[105.241941,22.044543],[105.241074,22.041214],[105.243527,22.036924],[105.237009,22.032914],[105.235499,22.029959],[105.234833,22.023704]]]}},{"type":"Feature","properties":{"code":"00994","name":"Xã Minh Ngọc","type":"Xã"},"geometry":{"type":"Polygon","coordinates":[[[105.172464,22.812867],[105.178915,22.810881],[105.180687,22.806933],[105.185617,22.802582],[105.186966,22.79712],[105.200658,22.78447],[105.215246,22.7789],[105.213572,22.776472],[105.215414,22.7724],[105.215408,22.764902],[105.21091,22.753206],[105.211618,22.746229],[105.213795,22.742512],[105.219752,22.741057],[105.22583,22.731571],[105.238818,22.730927],[105.246654,22.721125],[105.250382,22.72029],[105.249852,22.724263],[105.253368,22.725857],[105.254593,22.728312],[105.257139,22.728008],[105.259095,22.726561],[105.257919,22.724305],[105.259488,22.72121],[105.268356,22.716558],[105.274519,22.717684],[105.276265,22.715772],[105.274782,22.711405],[105.277106,22.708126],[105.281966,22.70609],[105.285185,22.7069],[105.284029,22.704862],[105.28687,22.701894],[105.286463,22.695534],[105.295004,22.691946],[105.296846,22.682947],[105.300841,22.680108],[105.301086,22.670607],[105.298995,22.669222],[105.297847,22.663768],[105.301938,22.658736],[105.302379,22.65486],[105.304936,22.653279],[105.304144,22.650916],[105.305504,22.648494],[105.30343,22.644867],[105.304006,22.636511],[105.301341,22.634202],[105.283606,22.636067],[105.283974,22.639254],[105.278681,22.644543],[105.270047,22.648917],[105.258781,22.651146],[105.253314,22.655502],[105.244296,22.648837],[105.242932,22.655257],[105.235589,22.660733],[105.232444,22.660759],[105.229394,22.663113],[105.219118,22.661007],[105.211366,22.665511],[105.209394,22.673829],[105.205236,22.678066],[105.199736,22.676737],[105.182881,22.682145],[105.180069,22.681063],[105.169775,22.689099],[105.161172,22.690501],[105.148588,22.697478],[105.147437,22.702252],[105.152438,22.708678],[105.152239,22.712703],[105.150113,22.715855],[105.12951,22.73063],[105.132751,22.739429],[105.13657,22.740784],[105.140588,22.744852],[105.141763,22.742675],[105.143869,22.742363],[105.147026,22.74727],[105.150696,22.745099],[105.151838,22.748977],[105.155523,22.747842],[105.155874,22.750243],[105.15987,22.752062],[105.157698,22.756527],[105.153599,22.755808],[105.154464,22.76292],[105.150891,22.766266],[105.153488,22.775455],[105.160112,22.781779],[105.15541,22.783875],[105.153455,22.787425],[105.155579,22.792429],[105.158459,22.787229],[105.16353,22.787534],[105.16395,22.791991],[105.162156,22.79466],[105.164399,22.800924],[105.160545,22.803884],[105.163359,22.807653],[105.169574,22.811531],[105.172464,22.812867]]]}},{"type":"Feature","properties":{"code":"02302","name":"Xã Minh Quang","type":"Xã"},"geometry":{"type":"Polygon","coordinates":[[[105.251429,22.396377],[105.25875,22.396915],[105.263271,22.393224],[105.268527,22.395477],[105.279687,22.395649],[105.281085,22.392811],[105.279905,22.383342],[105.281823,22.378365],[105.287263,22.374608],[105.292163,22.376128],[105.2944,22.374811],[105.292285,22.371786],[105.293876,22.367999],[105.290227,22.363067],[105.288817,22.357352],[105.29151,22.34749],[105.293317,22.345786],[105.291552,22.342895],[105.278982,22.336883],[105.279542,22.335746],[105.276996,22.334415],[105.275994,22.326382],[105.280571,22.315273],[105.273859,22.311542],[105.272048,22.307744],[105.26662,22.303602],[105.267292,22.298222],[105.263888,22.295006],[105.266873,22.293253],[105.267828,22.287945],[105.275474,22.28134],[105.277755,22.276587],[105.277506,22.264888],[105.269138,22.255048],[105.262714,22.261012],[105.258719,22.261078],[105.252811,22.258196],[105.241986,22.261348],[105.239167,22.259134],[105.231985,22.258727],[105.230142,22.264143],[105.224926,22.265273],[105.224192,22.269378],[105.219019,22.272728],[105.218341,22.278538],[105.216482,22.279371],[105.217355,22.286577],[105.215519,22.293897],[105.212905,22.293191],[105.209204,22.288237],[105.195539,22.306168],[105.190115,22.304389],[105.176318,22.305713],[105.167334,22.31123],[105.16447,22.31131],[105.163003,22.316032],[105.158799,22.318445],[105.153325,22.31742],[105.14632,22.324903],[105.142518,22.325031],[105.140167,22.327146],[105.133451,22.326578],[105.128063,22.333558],[105.120598,22.324571],[105.113546,22.321618],[105.11215,22.31794],[105.109277,22.323605],[105.108028,22.332187],[105.106039,22.334071],[105.105685,22.337249],[105.104146,22.336977],[105.100099,22.342566],[105.099564,22.346986],[105.087418,22.348827],[105.086531,22.350449],[105.079006,22.35244],[105.083274,22.353746],[105.087404,22.361344],[105.080946,22.372578],[105.078739,22.373187],[105.073162,22.381741],[105.073975,22.387704],[105.069569,22.392936],[105.072196,22.39528],[105.075712,22.394181],[105.081287,22.396799],[105.089821,22.394448],[105.09121,22.396049],[105.093406,22.401859],[105.096656,22.404018],[105.099208,22.412716],[105.101001,22.414383],[105.100086,22.42135],[105.097245,22.424645],[105.096323,22.428919],[105.089933,22.433241],[105.086935,22.439018],[105.096879,22.444296],[105.100776,22.444791],[105.105962,22.450506],[105.115851,22.453915],[105.117854,22.455965],[105.117014,22.460548],[105.127651,22.452289],[105.131546,22.45121],[105.136137,22.443985],[105.140462,22.441507],[105.139324,22.422585],[105.136196,22.418113],[105.13563,22.406604],[105.133179,22.402492],[105.138012,22.39766],[105.145486,22.39785],[105.145552,22.394558],[105.1418,22.39243],[105.140863,22.384094],[105.15239,22.380304],[105.155312,22.372103],[105.164619,22.370214],[105.16467,22.36291],[105.169753,22.356133],[105.168988,22.35337],[105.179321,22.347609],[105.18313,22.340802],[105.190921,22.337158],[105.193828,22.338704],[105.202472,22.337332],[105.208806,22.333276],[105.222118,22.349593],[105.221059,22.353302],[105.226528,22.36419],[105.230784,22.364327],[105.236207,22.361595],[105.245637,22.363388],[105.247759,22.371645],[105.250848,22.374561],[105.247696,22.376793],[105.246768,22.381126],[105.249048,22.381958],[105.252297,22.394907],[105.251429,22.396377]]]}},{"type":"Feature","properties":{"code":"00982","name":"Xã Minh Sơn","type":"Xã"},"geometry":{"type":"Polygon","coordinates":[[[105.162629,22.923535],[105.170396,22.921264],[105.177804,22.912392],[105.179132,22.913531],[105.188969,22.910252],[105.191708,22.907391],[105.200071,22.908559],[105.201802,22.906639],[105.205203,22.906205],[105.207415,22.903947],[105.208682,22.898195],[105.214038,22.892475],[105.223568,22.887497],[105.223066,22.883816],[105.227663,22.879304],[105.231987,22.879729],[105.235347,22.884384],[105.25363,22.887573],[105.25858,22.886757],[105.267491,22.881266],[105.269123,22.877243],[105.265716,22.865553],[105.273094,22.864232],[105.27342,22.862139],[105.280041,22.856219],[105.277135,22.851019],[105.272902,22.850138],[105.269165,22.838288],[105.26976,22.835713],[105.262618,22.828431],[105.262905,22.81978],[105.260172,22.815478],[105.255461,22.813719],[105.253727,22.809233],[105.250895,22.807632],[105.248301,22.800606],[105.247954,22.79832],[105.257397,22.784427],[105.251619,22.777912],[105.249222,22.776602],[105.247137,22.777438],[105.242303,22.773382],[105.233611,22.777116],[105.231068,22.781598],[105.221218,22.781729],[105.215246,22.7789],[105.204689,22.782421],[105.197791,22.786812],[105.186966,22.79712],[105.185617,22.802582],[105.180687,22.806933],[105.178915,22.810881],[105.173316,22.811565],[105.162153,22.819774],[105.156556,22.821551],[105.153766,22.826623],[105.146913,22.827858],[105.145817,22.830021],[105.138594,22.83308],[105.135013,22.836904],[105.13683,22.844186],[105.14292,22.84714],[105.141171,22.851187],[105.141329,22.857438],[105.150424,22.859111],[105.151792,22.860714],[105.150402,22.873044],[105.147062,22.879566],[105.147495,22.88922],[105.134889,22.911731],[105.138707,22.914563],[105.139322,22.91885],[105.142269,22.921991],[105.148449,22.918601],[105.152149,22.922992],[105.159584,22.921838],[105.162629,22.923535]]]}},{"type":"Feature","properties":{"code":"02554","name":"Xã Minh Thanh","type":"Xã"},"geometry":{"type":"Polygon","coordinates":[[[105.41993,21.816694],[105.422732,21.814222],[105.418872,21.809099],[105.421532,21.806721],[105.426569,21.806362],[105.429621,21.80365],[105.432097,21.79739],[105.430713,21.794153],[105.425478,21.791401],[105.425763,21.789634],[105.431016,21.787398],[105.431225,21.7854],[105.429048,21.784261],[105.43063,21.78136],[105.42425,21.778184],[105.424263,21.775333],[105.420927,21.774426],[105.41818,21.776077],[105.41461,21.772297],[105.420976,21.763918],[105.427898,21.762925],[105.428491,21.759371],[105.432182,21.75885],[105.431354,21.754844],[105.433772,21.756331],[105.433594,21.75974],[105.436818,21.761171],[105.439256,21.76051],[105.440265,21.756389],[105.449496,21.758585],[105.442958,21.766642],[105.44777,21.768388],[105.457195,21.767096],[105.462138,21.768812],[105.466437,21.766077],[105.46723,21.762535],[105.469806,21.76261],[105.472807,21.758711],[105.476641,21.757779],[105.476811,21.755666],[105.482546,21.751289],[105.492379,21.748201],[105.503142,21.753991],[105.508994,21.750301],[105.511881,21.743083],[105.516238,21.739518],[105.515027,21.735027],[105.503649,21.729336],[105.503008,21.726388],[105.499281,21.723126],[105.500436,21.717593],[105.49397,21.716037],[105.490166,21.703665],[105.482387,21.709684],[105.478026,21.709871],[105.473196,21.712577],[105.46213,21.709715],[105.448588,21.712324],[105.444636,21.711184],[105.43792,21.714166],[105.433203,21.713907],[105.42943,21.719762],[105.424849,21.722305],[105.421853,21.721454],[105.415358,21.723076],[105.4147,21.727251],[105.412445,21.726364],[105.414102,21.731633],[105.410372,21.734292],[105.412029,21.737694],[105.417288,21.741337],[105.415302,21.745277],[105.410777,21.745286],[105.404333,21.748689],[105.399141,21.747364],[105.388592,21.751101],[105.384226,21.749966],[105.377025,21.754467],[105.37644,21.758122],[105.372208,21.762529],[105.374058,21.765029],[105.373951,21.770938],[105.376602,21.774499],[105.375422,21.786471],[105.377878,21.787675],[105.380481,21.794387],[105.385537,21.79633],[105.393014,21.795629],[105.395256,21.797362],[105.395864,21.803379],[105.401048,21.810376],[105.404424,21.812024],[105.408803,21.809524],[105.413306,21.815843],[105.41993,21.816694]]]}},{"type":"Feature","properties":{"code":"00919","name":"Xã Minh Tân","type":"Xã"},"geometry":{"type":"Polygon","coordinates":[[[104.915876,23.042931],[104.920065,23.042272],[104.920552,23.038833],[104.923994,23.034905],[104.923805,23.027943],[104.928228,23.018549],[104.927084,23.013912],[104.928956,23.007756],[104.935398,23.005715],[104.934484,23.003572],[104.928129,23.002084],[104.929447,22.995812],[104.935047,22.995141],[104.945847,23.000027],[104.947226,22.996688],[104.949831,22.996933],[104.956687,22.992028],[104.958908,22.991966],[104.96117,22.994773],[104.963723,22.994336],[104.966912,22.973924],[104.963727,22.967399],[104.95933,22.964771],[104.9585,22.961163],[104.960376,22.956976],[104.966698,22.951289],[104.973903,22.949049],[104.98016,22.934587],[104.97984,22.928571],[104.976591,22.925779],[104.969591,22.927349],[104.963037,22.921384],[104.953843,22.917938],[104.948234,22.922135],[104.942474,22.920838],[104.944333,22.918265],[104.944709,22.912978],[104.93895,22.902768],[104.940729,22.897477],[104.937224,22.895888],[104.926635,22.898056],[104.923147,22.902412],[104.919793,22.902936],[104.91752,22.906669],[104.918278,22.907802],[104.913632,22.910572],[104.909793,22.911136],[104.906215,22.909621],[104.903209,22.912519],[104.902812,22.916022],[104.900631,22.915019],[104.897954,22.916325],[104.894239,22.913835],[104.891802,22.914532],[104.890357,22.912629],[104.888899,22.915732],[104.885485,22.91697],[104.884709,22.920009],[104.886963,22.922493],[104.884081,22.923609],[104.880038,22.930077],[104.866711,22.940553],[104.86601,22.948047],[104.863725,22.950674],[104.865595,22.962446],[104.860666,22.968299],[104.862542,22.974342],[104.860489,22.978766],[104.866365,22.981793],[104.867493,22.979071],[104.87232,22.979084],[104.87276,22.976512],[104.876033,22.977413],[104.879635,22.990529],[104.883027,22.991353],[104.889255,23.000098],[104.897654,23.003576],[104.900224,23.00795],[104.897938,23.016723],[104.891171,23.02273],[104.911963,23.034383],[104.913546,23.041746],[104.915876,23.042931]]]}},{"type":"Feature","properties":{"code":"00769","name":"Xã Mèo Vạc","type":"Xã"},"geometry":{"type":"Polygon","coordinates":[[[105.411916,23.239627],[105.426263,23.231969],[105.437426,23.230208],[105.442287,23.223457],[105.448773,23.219584],[105.451024,23.214151],[105.455416,23.210286],[105.456665,23.205546],[105.46733,23.196062],[105.472231,23.187529],[105.479233,23.180731],[105.473077,23.178121],[105.470786,23.179227],[105.461688,23.176511],[105.458581,23.177155],[105.457623,23.179723],[105.454144,23.178835],[105.452968,23.18121],[105.449056,23.182763],[105.444032,23.171765],[105.436564,23.171083],[105.43553,23.164526],[105.436652,23.162649],[105.432466,23.15634],[105.430789,23.156251],[105.431557,23.152994],[105.428539,23.151109],[105.427522,23.146317],[105.433419,23.144045],[105.439919,23.144808],[105.442281,23.14314],[105.442645,23.139623],[105.439354,23.133711],[105.443481,23.129342],[105.440568,23.125055],[105.431102,23.125359],[105.425443,23.127691],[105.420347,23.126439],[105.418224,23.127578],[105.416337,23.136585],[105.413233,23.137457],[105.410551,23.135955],[105.407962,23.138861],[105.402393,23.141059],[105.393391,23.133501],[105.392574,23.126289],[105.384918,23.123567],[105.383079,23.121176],[105.377623,23.124859],[105.377321,23.123392],[105.371649,23.121975],[105.370634,23.125154],[105.365235,23.130639],[105.366541,23.135832],[105.365681,23.13908],[105.355768,23.139798],[105.354619,23.141851],[105.354764,23.149957],[105.360606,23.150363],[105.361136,23.153378],[105.36441,23.155678],[105.36459,23.157535],[105.368289,23.158276],[105.369005,23.159908],[105.365512,23.165073],[105.366936,23.168122],[105.363346,23.172465],[105.367922,23.173378],[105.372209,23.180839],[105.366956,23.186611],[105.366267,23.192745],[105.367544,23.195359],[105.371326,23.194933],[105.373378,23.197094],[105.370861,23.202445],[105.374347,23.202986],[105.374433,23.204878],[105.377297,23.20696],[105.372932,23.210949],[105.376532,23.212915],[105.379096,23.219201],[105.384307,23.217793],[105.394898,23.220266],[105.394435,23.222196],[105.392016,23.222783],[105.392415,23.227428],[105.388711,23.229795],[105.390781,23.234929],[105.395158,23.236608],[105.398341,23.233432],[105.402312,23.237362],[105.405711,23.235902],[105.408822,23.236855],[105.408504,23.239329],[105.411916,23.239627]]]}},{"type":"Feature","properties":{"code":"00847","name":"Xã Mậu Duệ","type":"Xã"},"geometry":{"type":"Polygon","coordinates":[[[105.30384,23.114791],[105.30495,23.10732],[105.309391,23.104015],[105.30955,23.099751],[105.321476,23.100721],[105.323338,23.107928],[105.32468,23.108756],[105.323124,23.103997],[105.324995,23.099749],[105.323803,23.086528],[105.329774,23.081121],[105.329583,23.078459],[105.33172,23.076026],[105.330115,23.074573],[105.332109,23.074565],[105.332362,23.07198],[105.332213,23.067179],[105.330443,23.066654],[105.329994,23.063969],[105.332003,23.063479],[105.330468,23.062278],[105.331834,23.060005],[105.328833,23.056058],[105.331934,23.056646],[105.331768,23.053533],[105.336071,23.053029],[105.33518,23.04983],[105.337149,23.049465],[105.336548,23.051493],[105.339531,23.049953],[105.340474,23.045968],[105.338995,23.046512],[105.33678,23.043666],[105.33657,23.045729],[105.331513,23.04821],[105.329155,23.043971],[105.326825,23.04302],[105.327249,23.039852],[105.322341,23.033041],[105.319731,23.03274],[105.316594,23.029719],[105.31658,23.025055],[105.307606,23.01956],[105.306075,23.014916],[105.296902,23.006059],[105.29506,23.005588],[105.296473,23.008704],[105.289659,23.010856],[105.287905,23.013967],[105.284631,23.01507],[105.284687,23.025533],[105.280584,23.026575],[105.271788,23.025506],[105.264083,23.029412],[105.256115,23.029494],[105.245229,23.018557],[105.23102,23.012281],[105.226868,23.013527],[105.223067,23.010745],[105.202842,23.01968],[105.198944,23.01793],[105.198315,23.016144],[105.187294,23.011669],[105.188141,23.008892],[105.185192,23.007825],[105.183799,23.010824],[105.184519,23.014367],[105.181682,23.017021],[105.18135,23.019791],[105.176598,23.021314],[105.173676,23.019511],[105.171798,23.02265],[105.168797,23.019898],[105.165787,23.019913],[105.16465,23.023321],[105.162637,23.023847],[105.159995,23.020104],[105.15585,23.019562],[105.153881,23.020357],[105.153384,23.023182],[105.149527,23.023937],[105.145168,23.027526],[105.143653,23.030638],[105.141838,23.029681],[105.135996,23.031365],[105.133353,23.029754],[105.133075,23.027219],[105.130435,23.03185],[105.127774,23.033291],[105.123818,23.032559],[105.11471,23.034491],[105.109308,23.030832],[105.10154,23.036281],[105.105669,23.039231],[105.106056,23.044325],[105.115891,23.048214],[105.11841,23.051373],[105.123175,23.049222],[105.132461,23.052821],[105.139894,23.066904],[105.143975,23.071453],[105.153646,23.077724],[105.155958,23.080019],[105.155811,23.082261],[105.162121,23.082665],[105.165394,23.086688],[105.172573,23.083259],[105.173331,23.078645],[105.174535,23.078962],[105.175205,23.077035],[105.177417,23.077897],[105.179289,23.076591],[105.180176,23.079045],[105.186184,23.078367],[105.18696,23.076534],[105.184799,23.07583],[105.187725,23.074788],[105.187884,23.072461],[105.192221,23.072913],[105.194002,23.072121],[105.19389,23.070187],[105.195525,23.072097],[105.199209,23.071359],[105.201937,23.081031],[105.20479,23.079079],[105.210973,23.079425],[105.216703,23.074849],[105.220859,23.079026],[105.209159,23.096467],[105.204783,23.099723],[105.208654,23.106728],[105.215048,23.113415],[105.219028,23.113046],[105.226771,23.102326],[105.231433,23.103612],[105.236538,23.102474],[105.244067,23.098084],[105.251659,23.096414],[105.254702,23.094022],[105.257432,23.088599],[105.259654,23.093577],[105.258177,23.097939],[105.26634,23.092694],[105.276329,23.094948],[105.277256,23.096533],[105.285414,23.098173],[105.291139,23.102342],[105.290782,23.107223],[105.294848,23.112085],[105.299242,23.112098],[105.30384,23.114791]]]}},{"type":"Feature","properties":{"code":"00889","name":"Xã Nghĩa Thuận","type":"Xã"},"geometry":{"type":"Polygon","coordinates":[[[104.944772,23.151831],[104.946829,23.148816],[104.951932,23.1467],[104.952052,23.143407],[104.958347,23.137481],[104.959069,23.134785],[104.960893,23.134924],[104.961623,23.131975],[104.966567,23.12905],[104.960322,23.125667],[104.959039,23.122933],[104.963652,23.120504],[104.9664,23.116994],[104.97116,23.118585],[104.977866,23.11814],[104.981394,23.120081],[104.991879,23.119782],[104.995156,23.115987],[104.994464,23.113434],[104.996851,23.110815],[105.001784,23.108426],[105.004536,23.10329],[105.009098,23.101607],[105.015166,23.095156],[105.014554,23.092934],[105.016883,23.08898],[105.02181,23.084486],[105.02085,23.082303],[105.015323,23.08333],[105.013975,23.080756],[105.003589,23.077129],[104.992162,23.078398],[104.986262,23.081846],[104.981434,23.081001],[104.977071,23.084979],[104.973037,23.082868],[104.972223,23.080724],[104.966538,23.082337],[104.958448,23.080844],[104.958034,23.082624],[104.953415,23.081677],[104.953001,23.079808],[104.946929,23.075979],[104.938085,23.076006],[104.938993,23.07908],[104.935601,23.084736],[104.935972,23.08683],[104.929863,23.08959],[104.927154,23.09284],[104.926571,23.096647],[104.918621,23.102045],[104.916052,23.115398],[104.909832,23.116711],[104.89877,23.116206],[104.89428,23.121693],[104.890387,23.117088],[104.893491,23.114645],[104.890006,23.107883],[104.884641,23.10803],[104.879763,23.11437],[104.880483,23.12448],[104.883464,23.127313],[104.876835,23.131413],[104.877752,23.137146],[104.879391,23.137383],[104.882144,23.144734],[104.879605,23.150118],[104.883205,23.156312],[104.880947,23.163682],[104.882467,23.166789],[104.887459,23.169958],[104.889747,23.174765],[104.896081,23.179374],[104.901527,23.178772],[104.908403,23.180586],[104.916177,23.176787],[104.917718,23.173925],[104.915975,23.169348],[104.922302,23.170265],[104.922427,23.166635],[104.927191,23.165142],[104.924148,23.160429],[104.927861,23.156759],[104.932506,23.157546],[104.944772,23.151831]]]}},{"type":"Feature","properties":{"code":"00859","name":"Xã Ngọc Long","type":"Xã"},"geometry":{"type":"Polygon","coordinates":[[[105.33678,23.043666],[105.346432,23.042939],[105.349605,23.039858],[105.359006,23.040821],[105.365947,23.038786],[105.370045,23.039488],[105.371654,23.037852],[105.371535,23.034319],[105.375734,23.030426],[105.379947,23.02098],[105.384165,23.015968],[105.378765,23.011993],[105.375694,23.006038],[105.371056,23.002958],[105.374682,22.990285],[105.373295,22.988058],[105.369336,22.984013],[105.361074,22.979563],[105.361639,22.975656],[105.360205,22.972199],[105.364788,22.966931],[105.364698,22.964291],[105.361638,22.960259],[105.361406,22.957385],[105.364434,22.952],[105.362127,22.948347],[105.363361,22.944363],[105.361988,22.93968],[105.356862,22.935568],[105.350709,22.936027],[105.345767,22.933301],[105.334836,22.933405],[105.320152,22.939868],[105.315136,22.946247],[105.314974,22.950227],[105.307799,22.95364],[105.307129,22.960213],[105.302768,22.962049],[105.297823,22.967218],[105.292742,22.96774],[105.289528,22.971325],[105.276711,22.96908],[105.274964,22.970193],[105.26668,22.96056],[105.266225,22.966776],[105.269461,22.970141],[105.267415,22.973235],[105.270744,22.974367],[105.27265,22.977825],[105.270474,22.981443],[105.27119,22.984358],[105.279192,22.995326],[105.282036,22.996015],[105.286194,23.000916],[105.291628,23.000613],[105.295647,23.004347],[105.29506,23.005588],[105.303014,23.011117],[105.307606,23.01956],[105.31658,23.025055],[105.316594,23.029719],[105.319731,23.03274],[105.322341,23.033041],[105.327249,23.039852],[105.326825,23.04302],[105.329155,23.043971],[105.331513,23.04821],[105.33657,23.045729],[105.33678,23.043666]]]}},{"type":"Feature","properties":{"code":"00700","name":"Xã Ngọc Đường","type":"Xã"},"geometry":{"type":"Polygon","coordinates":[[[105.030751,22.871812],[105.034024,22.871526],[105.04093,22.866258],[105.041874,22.863683],[105.044824,22.862673],[105.048003,22.856229],[105.055597,22.854204],[105.05605,22.851699],[105.062104,22.849847],[105.067034,22.844777],[105.072405,22.845773],[105.075341,22.844158],[105.073028,22.837274],[105.078034,22.834522],[105.081887,22.834513],[105.085931,22.831868],[105.096917,22.831887],[105.102901,22.829485],[105.10703,22.830478],[105.111844,22.837639],[105.117497,22.842163],[105.12781,22.837341],[105.127961,22.839361],[105.134219,22.837998],[105.138594,22.83308],[105.145817,22.830021],[105.146913,22.827858],[105.153341,22.826891],[105.156556,22.821551],[105.161225,22.820307],[105.172387,22.812954],[105.163359,22.807653],[105.160545,22.803884],[105.164399,22.800924],[105.162156,22.79466],[105.16395,22.791991],[105.16353,22.787534],[105.158459,22.787229],[105.155579,22.792429],[105.153455,22.787425],[105.15541,22.783875],[105.160112,22.781779],[105.153488,22.775455],[105.150891,22.766266],[105.154464,22.76292],[105.153599,22.755808],[105.157698,22.756527],[105.15987,22.752062],[105.155874,22.750243],[105.155523,22.747842],[105.151838,22.748977],[105.150696,22.745099],[105.147026,22.74727],[105.143869,22.742363],[105.141763,22.742675],[105.140588,22.744852],[105.135709,22.740556],[105.122677,22.757034],[105.10532,22.762334],[105.105509,22.767141],[105.102049,22.772888],[105.098409,22.771971],[105.09354,22.778215],[105.088295,22.778625],[105.084322,22.782248],[105.08032,22.78102],[105.075663,22.784189],[105.074034,22.783365],[105.07111,22.786238],[105.071406,22.79093],[105.067808,22.794631],[105.058521,22.815781],[105.050991,22.82038],[105.048208,22.818116],[105.041564,22.824204],[105.034657,22.818447],[105.03229,22.818911],[105.030677,22.813386],[105.031747,22.81077],[105.029498,22.807415],[105.022766,22.810232],[105.018619,22.807647],[105.013025,22.808558],[105.007532,22.807201],[105.006467,22.816812],[105.003462,22.825457],[105.011165,22.824853],[105.014951,22.8263],[105.016514,22.827568],[105.015566,22.829628],[105.018102,22.831177],[105.015995,22.835472],[105.017373,22.839125],[105.014371,22.841849],[105.013843,22.840423],[105.011499,22.840392],[105.013525,22.845438],[105.01401,22.853898],[105.016242,22.857179],[105.010685,22.866586],[105.00994,22.870502],[105.00816,22.871248],[105.014431,22.871835],[105.016452,22.869715],[105.024034,22.879123],[105.030751,22.871812]]]}},{"type":"Feature","properties":{"code":"02530","name":"Xã Nhữ Khê","type":"Xã"},"geometry":{"type":"Polygon","coordinates":[[[105.12453,21.744054],[105.127876,21.740664],[105.131401,21.740835],[105.133401,21.738353],[105.132085,21.733633],[105.13592,21.722744],[105.143071,21.719128],[105.144736,21.721134],[105.152012,21.723801],[105.156206,21.723288],[105.158082,21.726152],[105.156069,21.729741],[105.159393,21.730365],[105.166701,21.736854],[105.16957,21.737676],[105.171012,21.741674],[105.176631,21.742083],[105.18081,21.735889],[105.183214,21.734945],[105.183482,21.732434],[105.179127,21.729918],[105.179386,21.724611],[105.176112,21.721165],[105.177842,21.717269],[105.182567,21.715848],[105.18587,21.71768],[105.201357,21.719496],[105.204678,21.715696],[105.208426,21.716448],[105.210437,21.710597],[105.2128,21.710213],[105.214483,21.702911],[105.220377,21.702339],[105.222309,21.700653],[105.220121,21.695008],[105.212267,21.688314],[105.217723,21.684957],[105.225894,21.689575],[105.233609,21.68502],[105.238936,21.684019],[105.242202,21.687005],[105.24161,21.692333],[105.242228,21.691104],[105.243972,21.691991],[105.243668,21.689649],[105.248591,21.687487],[105.251735,21.688746],[105.252171,21.680291],[105.246604,21.673976],[105.236333,21.66991],[105.23464,21.665307],[105.235409,21.658787],[105.22889,21.660191],[105.22334,21.658734],[105.21623,21.662357],[105.208486,21.660818],[105.200546,21.665217],[105.199424,21.667929],[105.196078,21.667576],[105.192408,21.671137],[105.193607,21.67308],[105.191937,21.674258],[105.193737,21.675663],[105.184611,21.677511],[105.177621,21.687214],[105.168868,21.686495],[105.164378,21.68864],[105.155997,21.680457],[105.156708,21.687388],[105.151024,21.691892],[105.15039,21.699628],[105.144884,21.700656],[105.143193,21.697785],[105.133993,21.696491],[105.124595,21.704329],[105.11657,21.704787],[105.113041,21.706845],[105.108999,21.706162],[105.105432,21.712419],[105.103922,21.712093],[105.101856,21.717475],[105.104372,21.719201],[105.103785,21.720798],[105.105505,21.721036],[105.10524,21.723633],[105.108306,21.724275],[105.107782,21.726193],[105.111946,21.731278],[105.111078,21.733006],[105.118612,21.735277],[105.11739,21.737389],[105.120233,21.737615],[105.121233,21.743125],[105.12453,21.744054]]]}},{"type":"Feature","properties":{"code":"00817","name":"Xã Niêm Sơn","type":"Xã"},"geometry":{"type":"Polygon","coordinates":[[[105.446584,23.06774],[105.457491,23.061997],[105.462601,23.063411],[105.471248,23.059589],[105.478635,23.063264],[105.485622,23.052289],[105.490948,23.050876],[105.498383,23.045616],[105.503068,23.044819],[105.502413,23.041632],[105.497622,23.039227],[105.494536,23.032902],[105.4914,23.022755],[105.491681,23.017685],[105.487623,23.008993],[105.483528,23.009436],[105.474075,23.006677],[105.469104,23.00784],[105.466423,23.00675],[105.464708,23.003771],[105.462149,23.003092],[105.458397,23.004958],[105.44896,22.999103],[105.441593,23.003902],[105.433268,23.002331],[105.428361,22.999171],[105.418535,23.002148],[105.41211,22.995073],[105.405228,22.995743],[105.398335,22.99155],[105.390959,22.992621],[105.385925,22.990128],[105.374682,22.990285],[105.371056,23.002958],[105.375694,23.006038],[105.378765,23.011993],[105.384165,23.015968],[105.379947,23.02098],[105.375734,23.030426],[105.371535,23.034319],[105.371654,23.037852],[105.369153,23.040384],[105.384432,23.052544],[105.390051,23.061622],[105.392791,23.063892],[105.396911,23.061105],[105.409045,23.065993],[105.411085,23.062609],[105.413799,23.061483],[105.42539,23.066072],[105.436292,23.065493],[105.436877,23.064175],[105.435084,23.062731],[105.436197,23.062677],[105.446584,23.06774]]]}},{"type":"Feature","properties":{"code":"02221","name":"Xã Nà Hang","type":"Xã"},"geometry":{"type":"Polygon","coordinates":[[[105.277544,22.436987],[105.286299,22.431263],[105.287401,22.424825],[105.292409,22.421676],[105.299184,22.422026],[105.308178,22.413391],[105.307256,22.411443],[105.309132,22.410349],[105.30814,22.405925],[105.309817,22.403712],[105.309898,22.397717],[105.320594,22.40317],[105.325072,22.407279],[105.334798,22.410799],[105.336861,22.413433],[105.33978,22.412873],[105.344625,22.417467],[105.350689,22.413977],[105.352553,22.415323],[105.355611,22.408717],[105.36329,22.408794],[105.380965,22.402712],[105.397938,22.376356],[105.403239,22.381262],[105.406642,22.391621],[105.41243,22.39316],[105.421269,22.390764],[105.428771,22.394519],[105.43529,22.383818],[105.43492,22.377905],[105.445144,22.370319],[105.441932,22.367208],[105.431585,22.366712],[105.427698,22.364589],[105.424185,22.358123],[105.425778,22.353],[105.424873,22.348891],[105.419808,22.34439],[105.420681,22.34013],[105.417646,22.336826],[105.414708,22.336073],[105.413598,22.332229],[105.4203,22.325374],[105.419172,22.322624],[105.427399,22.317837],[105.428926,22.313335],[105.438046,22.306231],[105.440114,22.300984],[105.447739,22.298133],[105.448079,22.2963],[105.455508,22.290931],[105.460994,22.281404],[105.466427,22.279649],[105.473185,22.272704],[105.470256,22.271602],[105.463908,22.264667],[105.454563,22.268917],[105.452841,22.265757],[105.444119,22.26449],[105.44006,22.261033],[105.43689,22.260643],[105.435585,22.25842],[105.428738,22.258372],[105.4218,22.261564],[105.416911,22.266173],[105.4153,22.270258],[105.411588,22.27215],[105.402104,22.264026],[105.394286,22.262426],[105.377456,22.271006],[105.357749,22.270122],[105.352319,22.264201],[105.336792,22.262392],[105.3293,22.257156],[105.321231,22.256008],[105.314299,22.2589],[105.307102,22.257767],[105.303109,22.259375],[105.30244,22.262905],[105.298549,22.26386],[105.298458,22.267341],[105.295126,22.270901],[105.292827,22.271213],[105.290216,22.274126],[105.286364,22.273316],[105.284084,22.276272],[105.277719,22.276758],[105.275474,22.28134],[105.267828,22.287945],[105.266873,22.293253],[105.263888,22.295006],[105.267292,22.298222],[105.26662,22.303602],[105.272048,22.307744],[105.273859,22.311542],[105.280571,22.315273],[105.275994,22.326382],[105.276996,22.334415],[105.279542,22.335746],[105.278982,22.336883],[105.291552,22.342895],[105.293317,22.345786],[105.29151,22.34749],[105.288817,22.357352],[105.290227,22.363067],[105.293876,22.367999],[105.292285,22.371786],[105.2944,22.374811],[105.292163,22.376128],[105.287263,22.374608],[105.281823,22.378365],[105.279905,22.383342],[105.281085,22.392811],[105.279687,22.395649],[105.268527,22.395477],[105.263271,22.393224],[105.25875,22.396915],[105.261571,22.404881],[105.266888,22.407106],[105.270181,22.410915],[105.268915,22.412527],[105.271214,22.416471],[105.268748,22.421713],[105.27183,22.427753],[105.270568,22.433517],[105.275097,22.433943],[105.277544,22.436987]]]}},{"type":"Feature","properties":{"code":"01141","name":"Xã Nấm Dẩn","type":"Xã"},"geometry":{"type":"Polygon","coordinates":[[[104.501513,22.697897],[104.509058,22.679057],[104.50501,22.677963],[104.508665,22.671289],[104.512077,22.659148],[104.508959,22.650492],[104.513384,22.649709],[104.523895,22.655506],[104.530449,22.65142],[104.533664,22.646714],[104.547788,22.645224],[104.551572,22.643237],[104.557042,22.638345],[104.558597,22.618305],[104.555826,22.612424],[104.547796,22.612092],[104.538729,22.600544],[104.526557,22.598689],[104.520133,22.587889],[104.516072,22.5856],[104.511026,22.579436],[104.513944,22.574624],[104.512917,22.571062],[104.507943,22.57119],[104.501319,22.566854],[104.495537,22.56952],[104.486287,22.570371],[104.474637,22.565972],[104.464765,22.56502],[104.460985,22.566924],[104.459489,22.571224],[104.466739,22.574383],[104.462733,22.58523],[104.46228,22.593723],[104.463794,22.598175],[104.45889,22.604033],[104.459866,22.610432],[104.466188,22.622058],[104.475492,22.629977],[104.483836,22.631769],[104.472594,22.647481],[104.473192,22.655926],[104.467242,22.665468],[104.467048,22.668978],[104.463158,22.671403],[104.462814,22.673765],[104.466327,22.680435],[104.465591,22.686822],[104.466638,22.689693],[104.469206,22.690403],[104.475858,22.687819],[104.487136,22.693439],[104.495888,22.693198],[104.501513,22.697897]]]}},{"type":"Feature","properties":{"code":"01075","name":"Xã Nậm Dịch","type":"Xã"},"geometry":{"type":"Polygon","coordinates":[[[104.780329,22.701433],[104.79094,22.695483],[104.794691,22.6899],[104.793713,22.689319],[104.797981,22.684768],[104.796804,22.681059],[104.799199,22.675917],[104.78346,22.668465],[104.773353,22.675465],[104.768771,22.67518],[104.76825,22.672108],[104.775455,22.66311],[104.776517,22.656348],[104.771707,22.653649],[104.771313,22.651065],[104.76956309084028,22.650314875094622],[104.781906,22.631886],[104.783722,22.626507],[104.782371,22.621842],[104.785873,22.617351],[104.785751,22.613897],[104.79034,22.609162],[104.789745,22.606434],[104.791753,22.604365],[104.793099,22.59135],[104.801582,22.585884],[104.802705,22.579296],[104.81001,22.571746],[104.809281,22.568298],[104.805629,22.566473],[104.804482,22.560836],[104.799929,22.55614],[104.794795,22.559833],[104.78503,22.571467],[104.776774,22.572762],[104.774974,22.574414],[104.765315,22.574572],[104.763416,22.576583],[104.760179,22.57565],[104.750835,22.581764],[104.75276,22.586503],[104.754795,22.587216],[104.747627,22.590728],[104.747894,22.598921],[104.747051,22.599686],[104.745864,22.594764],[104.744142,22.593816],[104.743551,22.597856],[104.737876,22.600252],[104.735472,22.60529],[104.719151,22.613494],[104.717998,22.616124],[104.721579,22.618087],[104.725098,22.623183],[104.734509,22.629469],[104.73173,22.640194],[104.721377,22.645506],[104.721141,22.649063],[104.718103,22.652422],[104.708837,22.647439],[104.706199,22.644295],[104.701515,22.644832],[104.699416,22.638073],[104.692627,22.642255],[104.688023,22.650125],[104.684868,22.650251],[104.685277,22.65156],[104.681045,22.653741],[104.669205,22.655932],[104.664235,22.659132],[104.672469,22.660668],[104.678458,22.657975],[104.681313,22.658913],[104.68702,22.668103],[104.697661,22.67341],[104.695291,22.678687],[104.692901,22.679648],[104.690648,22.687744],[104.692789,22.692171],[104.697308,22.687686],[104.70373,22.688695],[104.709105,22.692733],[104.71744,22.689361],[104.725153,22.690551],[104.731786,22.683074],[104.735252,22.687251],[104.740471,22.689026],[104.741757,22.692072],[104.74734,22.695033],[104.751144,22.701052],[104.75814,22.699864],[104.761759,22.700855],[104.771437,22.69599],[104.77594,22.697054],[104.780329,22.701433]],[[104.769563,22.650315],[104.769562,22.650315],[104.76956309084028,22.650314875094622],[104.769563,22.650315]]]}},{"type":"Feature","properties":{"code":"02392","name":"Xã Phù Lưu","type":"Xã"},"geometry":{"type":"Polygon","coordinates":[[[105.075068,22.228532],[105.074358,22.225968],[105.07657,22.221025],[105.081295,22.221158],[105.086352,22.21794],[105.08487,22.213027],[105.086917,22.208944],[105.091242,22.208593],[105.094571,22.205917],[105.095628,22.202625],[105.107212,22.187661],[105.100348,22.185534],[105.098497,22.186391],[105.099762,22.183505],[105.093968,22.176302],[105.092229,22.170102],[105.086583,22.167296],[105.080235,22.160434],[105.064331,22.157225],[105.059977,22.153899],[105.057708,22.145532],[105.063462,22.139337],[105.049537,22.133664],[105.041559,22.127642],[105.037936,22.126838],[105.032692,22.129399],[105.027266,22.124115],[105.02594,22.127259],[105.020515,22.126597],[105.018205,22.119582],[105.01321,22.120101],[105.007431,22.128232],[105.004415,22.136044],[104.992229,22.146287],[104.973899,22.156726],[104.971718,22.163858],[104.972426,22.170981],[104.963743,22.177287],[104.963544,22.179692],[104.967624,22.181976],[104.971141,22.189422],[104.976367,22.195337],[104.972599,22.208719],[104.977454,22.211972],[104.98009,22.209242],[104.98428,22.210754],[104.986113,22.213202],[104.989341,22.21928],[104.987459,22.229822],[104.991917,22.230976],[104.995975,22.240367],[105.000856,22.234088],[105.005676,22.231097],[105.005622,22.224276],[105.007533,22.221672],[105.009115,22.224556],[105.013963,22.222584],[105.022426,22.224328],[105.020097,22.231912],[105.024533,22.237758],[105.027723,22.23817],[105.030399,22.240973],[105.039048,22.237154],[105.043113,22.238759],[105.046546,22.237848],[105.052344,22.234081],[105.059229,22.235757],[105.065031,22.230545],[105.075068,22.228532]]]}},{"type":"Feature","properties":{"code":"00706","name":"Xã Phú Linh","type":"Xã"},"geometry":{"type":"Polygon","coordinates":[[[105.048038,22.81864],[105.050991,22.82038],[105.058707,22.81553],[105.067808,22.794631],[105.071406,22.79093],[105.07111,22.786238],[105.074034,22.783365],[105.075663,22.784189],[105.08032,22.78102],[105.084322,22.782248],[105.088295,22.778625],[105.09354,22.778215],[105.098409,22.771971],[105.102049,22.772888],[105.105509,22.767141],[105.10532,22.762334],[105.122677,22.757034],[105.135709,22.740556],[105.132751,22.739429],[105.12951,22.73063],[105.126795,22.732022],[105.118016,22.731599],[105.115192,22.724671],[105.10877,22.720355],[105.106268,22.715172],[105.101546,22.715667],[105.097947,22.721303],[105.095979,22.721523],[105.093559,22.724609],[105.089623,22.721251],[105.086793,22.725167],[105.083577,22.726449],[105.081154,22.723684],[105.072341,22.72108],[105.069407,22.7267],[105.058725,22.732619],[105.056295,22.741092],[105.042783,22.741006],[105.033007,22.731373],[105.024508,22.732194],[105.024803,22.728556],[105.018366,22.722711],[105.017703,22.71812],[105.021445,22.712786],[105.017997,22.705276],[105.019066,22.697366],[105.018033,22.691776],[105.015234,22.68884],[105.012507,22.681825],[105.008113,22.677589],[105.00169,22.67661],[104.997612,22.680762],[104.990143,22.680645],[104.990716,22.681876],[104.98687,22.6868],[104.987208,22.712528],[104.991708,22.722545],[104.992148,22.731428],[104.99535,22.737862],[104.999327,22.740353],[105.00304,22.746368],[105.006863,22.749377],[105.006952,22.755128],[105.00971,22.760315],[105.007231,22.761212],[105.007689,22.764029],[105.004189,22.773965],[104.994481,22.782099],[104.993073,22.786748],[104.995092,22.791055],[104.987391,22.794112],[104.985972,22.797511],[104.986777,22.799949],[104.982579,22.801682],[104.980381,22.805466],[104.983156,22.806786],[104.983838,22.804068],[104.985733,22.803236],[104.990681,22.80534],[104.998019,22.801185],[105.001562,22.800949],[105.004401,22.802146],[105.007299,22.807061],[105.012219,22.808489],[105.018532,22.80763],[105.022766,22.810232],[105.029498,22.807415],[105.031747,22.81077],[105.030677,22.813386],[105.03229,22.818911],[105.034657,22.818447],[105.039959,22.823757],[105.042632,22.823691],[105.048038,22.81864]]]}},{"type":"Feature","properties":{"code":"02611","name":"Xã Phú Lương","type":"Xã"},"geometry":{"type":"Polygon","coordinates":[[[105.375425,21.592821],[105.38416,21.58817],[105.386262,21.589796],[105.394876,21.589941],[105.405329,21.586773],[105.415282,21.5795],[105.418857,21.574344],[105.4238,21.572457],[105.427618,21.568801],[105.432094,21.568976],[105.438418,21.555971],[105.449769,21.550246],[105.45756,21.543393],[105.460177,21.536849],[105.455926,21.53718],[105.453091,21.533001],[105.450054,21.53317],[105.442179,21.528002],[105.44106,21.523235],[105.442289,21.521474],[105.451606,21.525506],[105.456306,21.524407],[105.458767,21.518981],[105.455908,21.515975],[105.455788,21.511229],[105.444746,21.509221],[105.43955,21.510327],[105.429247,21.505565],[105.423265,21.497579],[105.419423,21.50348],[105.41872,21.507766],[105.414383,21.509765],[105.412281,21.512845],[105.406397,21.51174],[105.401887,21.514003],[105.396877,21.510808],[105.390011,21.511706],[105.386744,21.519781],[105.381574,21.522715],[105.376742,21.522421],[105.374397,21.524688],[105.371275,21.525165],[105.366217,21.522669],[105.365005,21.52388],[105.358864,21.519032],[105.353125,21.517957],[105.348302,21.519757],[105.343524,21.519009],[105.34301,21.515369],[105.337684,21.512172],[105.336968,21.513935],[105.327304,21.517287],[105.327927,21.519147],[105.323278,21.523755],[105.323629,21.526397],[105.327245,21.525936],[105.329363,21.531145],[105.333339,21.534021],[105.331726,21.5396],[105.336709,21.547699],[105.336506,21.55654],[105.339442,21.556796],[105.338141,21.559503],[105.340885,21.563588],[105.338389,21.564813],[105.341932,21.567305],[105.34814,21.562895],[105.35887,21.584459],[105.363727,21.589057],[105.372297,21.589387],[105.375425,21.592821]]]}},{"type":"Feature","properties":{"code":"00745","name":"Xã Phố Bảng","type":"Xã"},"geometry":{"type":"Polygon","coordinates":[[[105.170516,23.289086],[105.180449,23.286703],[105.182568,23.27723],[105.190074,23.280241],[105.192979,23.279525],[105.195385,23.28141],[105.199263,23.27838],[105.198123,23.275079],[105.199891,23.2732],[105.196225,23.269956],[105.194183,23.263648],[105.194456,23.258391],[105.196767,23.257203],[105.197196,23.250436],[105.195691,23.24875],[105.198579,23.243361],[105.197366,23.239474],[105.198244,23.232592],[105.19199,23.228451],[105.191415,23.226296],[105.198822,23.221895],[105.202479,23.221489],[105.208662,23.215611],[105.218822,23.21374],[105.221782,23.211004],[105.225708,23.212302],[105.226288,23.211072],[105.224698,23.20938],[105.224916,23.205056],[105.220817,23.200545],[105.214361,23.204296],[105.211205,23.197732],[105.208109,23.196851],[105.209097,23.191471],[105.212476,23.187656],[105.212365,23.180773],[105.218724,23.177115],[105.216227,23.174095],[105.217512,23.170573],[105.211173,23.172617],[105.197589,23.170624],[105.185759,23.164725],[105.179859,23.160769],[105.178972,23.158386],[105.174555,23.156963],[105.173125,23.163082],[105.168705,23.16946],[105.172326,23.175253],[105.167494,23.175415],[105.168403,23.178622],[105.158782,23.184229],[105.149465,23.195146],[105.1444,23.196426],[105.141482,23.201972],[105.141778,23.205399],[105.139816,23.207404],[105.144841,23.212481],[105.144364,23.221087],[105.13866,23.226311],[105.134238,23.223672],[105.129253,23.23229],[105.12731,23.240425],[105.12454,23.241592],[105.122569,23.248074],[105.119396,23.250552],[105.12488,23.253529],[105.124816,23.257149],[105.134962,23.256134],[105.135683,23.258303],[105.141139,23.262139],[105.144331,23.261025],[105.149537,23.265034],[105.15511,23.26599],[105.157609,23.271659],[105.160901,23.271802],[105.163759,23.276816],[105.167737,23.27908],[105.167564,23.282957],[105.171273,23.283636],[105.170516,23.289086]]]}},{"type":"Feature","properties":{"code":"01096","name":"Xã Pà Vầy Sủ","type":"Xã"},"geometry":{"type":"Polygon","coordinates":[[[104.42809,22.731014],[104.432146,22.725568],[104.430004,22.720111],[104.432561,22.710501],[104.437399,22.711239],[104.448727,22.707256],[104.453942,22.700558],[104.456323,22.699911],[104.466638,22.689693],[104.465487,22.686175],[104.466238,22.67995],[104.462814,22.673765],[104.463158,22.671403],[104.467048,22.668978],[104.467242,22.665468],[104.473192,22.655926],[104.472594,22.647481],[104.483836,22.631769],[104.475492,22.629977],[104.466188,22.622058],[104.461626,22.615245],[104.462279,22.61332],[104.460292,22.61145],[104.460278,22.607475],[104.458072,22.604294],[104.452688,22.603499],[104.449853,22.606022],[104.448165,22.604447],[104.444195,22.606322],[104.444992,22.604703],[104.442735,22.604483],[104.438552,22.611015],[104.432933,22.612162],[104.432197,22.614857],[104.434548,22.623739],[104.433358,22.625456],[104.436013,22.628168],[104.43322,22.629279],[104.434516,22.630732],[104.43254,22.638529],[104.434826,22.643969],[104.429054,22.64431],[104.429678,22.642872],[104.427664,22.640916],[104.428482,22.638976],[104.424931,22.636254],[104.42433,22.632151],[104.422484,22.631009],[104.418033,22.630606],[104.414408,22.627617],[104.407222,22.628499],[104.4087,22.633954],[104.415706,22.644261],[104.413525,22.648334],[104.410215,22.648485],[104.407981,22.652207],[104.408252,22.654774],[104.406379,22.656207],[104.406484,22.667119],[104.402055,22.681126],[104.390708,22.679239],[104.386379,22.680001],[104.380227,22.676684],[104.365164,22.673006],[104.359939,22.673308],[104.353195,22.676149],[104.334273,22.690404],[104.336314,22.694485],[104.335396,22.696909],[104.341097,22.703661],[104.341751,22.711861],[104.343934,22.707064],[104.347619,22.704082],[104.352807,22.692422],[104.364646,22.692523],[104.367252,22.691771],[104.366607,22.689799],[104.371402,22.688385],[104.377318,22.691326],[104.385547,22.703477],[104.391661,22.704441],[104.39744,22.701275],[104.399257,22.701954],[104.400964,22.708677],[104.403473,22.708993],[104.405605,22.712088],[104.403276,22.713712],[104.40578,22.717174],[104.40636,22.72206],[104.410676,22.727475],[104.414953,22.727673],[104.416374,22.726286],[104.4199,22.728828],[104.42561,22.729243],[104.42809,22.731014]]]}},{"type":"Feature","properties":{"code":"01057","name":"Xã Pờ Ly Ngài","type":"Xã"},"geometry":{"type":"Polygon","coordinates":[[[104.608464,22.743439],[104.619105,22.743701],[104.620528,22.745029],[104.630969,22.740234],[104.635747,22.733287],[104.652137,22.721803],[104.651458,22.716708],[104.65591,22.714365],[104.655656,22.712188],[104.65775,22.711154],[104.65821,22.708372],[104.663178,22.707073],[104.667716,22.700356],[104.670378,22.699052],[104.663285,22.696304],[104.660629,22.697787],[104.649726,22.692315],[104.646539,22.688268],[104.646907,22.683934],[104.644375,22.675968],[104.626152,22.669467],[104.62233,22.664547],[104.607407,22.664567],[104.606055,22.669225],[104.600037,22.674675],[104.5966,22.686688],[104.588283,22.68929],[104.587633,22.691209],[104.590889,22.701318],[104.59114,22.714984],[104.587568,22.718241],[104.585872,22.727031],[104.582212,22.730804],[104.582235,22.738289],[104.590764,22.74139],[104.593308,22.744799],[104.601127,22.743374],[104.60638,22.745557],[104.608464,22.743439]]]}},{"type":"Feature","properties":{"code":"01237","name":"Xã Quang Bình","type":"Xã"},"geometry":{"type":"Polygon","coordinates":[[[104.605833,22.542309],[104.61602,22.541438],[104.617828,22.538233],[104.6254,22.534495],[104.632242,22.524242],[104.637656,22.522318],[104.641716,22.514556],[104.641285,22.50938],[104.642942,22.507687],[104.645286,22.496906],[104.642655,22.492442],[104.643489,22.483575],[104.640611,22.478516],[104.64185,22.474856],[104.639544,22.469306],[104.624436,22.461433],[104.620764,22.455473],[104.607152,22.451417],[104.603793,22.44633],[104.605421,22.441256],[104.603555,22.438586],[104.604535,22.435648],[104.608163,22.435719],[104.609188,22.43415],[104.60819,22.431801],[104.611244,22.431181],[104.614316,22.435026],[104.615563,22.432642],[104.630862,22.433708],[104.636608,22.432387],[104.638743,22.4298],[104.641953,22.431103],[104.650248,22.425437],[104.655891,22.418296],[104.649864,22.41377],[104.64996,22.409693],[104.646488,22.405803],[104.645804,22.398372],[104.643002,22.398921],[104.635902,22.40686],[104.627744,22.411668],[104.62468,22.413229],[104.621306,22.412727],[104.618643,22.406977],[104.611785,22.404142],[104.610175,22.405049],[104.605447,22.398936],[104.602691,22.398726],[104.605436,22.394817],[104.603097,22.389876],[104.600821,22.389671],[104.596271,22.385642],[104.588373,22.383465],[104.582046,22.384478],[104.575607,22.381595],[104.575605,22.378327],[104.57328,22.377215],[104.571848,22.366057],[104.574578,22.361288],[104.569518,22.355481],[104.564345,22.353788],[104.557959,22.355098],[104.553258,22.353772],[104.548668,22.357194],[104.546702,22.360881],[104.553748,22.371927],[104.549684,22.378298],[104.556171,22.384829],[104.558196,22.390398],[104.560536,22.391543],[104.558717,22.394961],[104.564493,22.403153],[104.56521,22.414462],[104.566945,22.415197],[104.56567,22.416615],[104.575466,22.419563],[104.57595,22.432305],[104.571597,22.434851],[104.5628,22.434825],[104.566014,22.441529],[104.555697,22.444008],[104.552647,22.445668],[104.550782,22.44927],[104.543832,22.452199],[104.541626,22.457332],[104.542978,22.459635],[104.541884,22.460984],[104.53793,22.461258],[104.536687,22.463493],[104.526342,22.46403],[104.526299,22.470443],[104.530453,22.476334],[104.539366,22.477495],[104.539924,22.480665],[104.543129,22.481655],[104.541389,22.48406],[104.54695,22.490833],[104.545342,22.493804],[104.549404,22.496938],[104.550499,22.500577],[104.555714,22.502546],[104.559183,22.501629],[104.569108,22.506899],[104.572385,22.510156],[104.575173,22.516595],[104.583091,22.518494],[104.583257,22.520502],[104.590674,22.525693],[104.592656,22.531804],[104.597734,22.535875],[104.599093,22.540163],[104.605833,22.542309]]]}},{"type":"Feature","properties":{"code":"00874","name":"Xã Quản Bạ","type":"Xã"},"geometry":{"type":"Polygon","coordinates":[[[104.963654,22.99426],[104.96117,22.994773],[104.958908,22.991966],[104.956687,22.992028],[104.949831,22.996933],[104.947226,22.996688],[104.945847,23.000027],[104.935047,22.995141],[104.929447,22.995812],[104.928129,23.002084],[104.934484,23.003572],[104.935398,23.005715],[104.930613,23.006573],[104.92817,23.009438],[104.927084,23.013912],[104.9283,23.018262],[104.923906,23.027491],[104.923994,23.034905],[104.920552,23.038833],[104.91992,23.042436],[104.931196,23.043781],[104.932351,23.047869],[104.936753,23.050882],[104.937253,23.053406],[104.941801,23.054863],[104.943674,23.0577],[104.941816,23.061251],[104.938958,23.062239],[104.939099,23.065337],[104.942024,23.068837],[104.942437,23.075794],[104.947177,23.076108],[104.953001,23.079808],[104.953415,23.081677],[104.958266,23.082624],[104.958215,23.080892],[104.961346,23.081977],[104.963414,23.080995],[104.966538,23.082337],[104.972223,23.080724],[104.973037,23.082868],[104.977442,23.084983],[104.981434,23.081001],[104.986262,23.081846],[104.992162,23.078398],[105.003849,23.077122],[105.013975,23.080756],[105.015323,23.08333],[105.02085,23.082303],[105.018716,23.07763],[105.022552,23.075523],[105.021533,23.069539],[105.02371,23.068234],[105.021798,23.065468],[105.024398,23.062953],[105.019945,23.058255],[105.023609,23.05431],[105.023054,23.046687],[105.029139,23.041784],[105.030093,23.021643],[105.034766,23.017661],[105.030177,23.012038],[105.020777,23.008271],[105.023248,23.00448],[105.026282,23.002932],[105.025402,22.998041],[105.029712,22.991785],[105.025099,22.990642],[105.022223,22.995779],[105.007317,23.001652],[105.000391,22.99953],[104.995233,22.986945],[104.986401,22.983417],[104.986102,22.973519],[104.982467,22.964903],[104.986235,22.964839],[104.986729,22.95389],[104.977045,22.940465],[104.973805,22.949164],[104.966698,22.951289],[104.960376,22.956976],[104.9585,22.961163],[104.95933,22.964771],[104.963727,22.967399],[104.966912,22.973924],[104.963654,22.99426]]]}},{"type":"Feature","properties":{"code":"01144","name":"Xã Quảng Nguyên","type":"Xã"},"geometry":{"type":"Polygon","coordinates":[[[104.578247,22.651297],[104.58501,22.648401],[104.591966,22.650699],[104.592228,22.645842],[104.59461,22.641896],[104.593988,22.635697],[104.592111,22.632891],[104.595389,22.624994],[104.601395,22.618335],[104.601468,22.610485],[104.603862,22.604857],[104.613899,22.602616],[104.621116,22.597171],[104.618434,22.591783],[104.619692,22.588831],[104.618347,22.585793],[104.623344,22.578898],[104.621736,22.571547],[104.619599,22.570354],[104.620224,22.56101],[104.618168,22.557472],[104.620308,22.548345],[104.618866,22.544142],[104.616294,22.54147],[104.606242,22.542355],[104.599274,22.540254],[104.597734,22.535875],[104.592604,22.531614],[104.574582,22.53164],[104.570083,22.530853],[104.564799,22.527573],[104.553378,22.532131],[104.550949,22.53034],[104.547732,22.531693],[104.539748,22.540244],[104.538001,22.545388],[104.534466,22.548041],[104.533148,22.542658],[104.527053,22.535847],[104.51879,22.543521],[104.513445,22.553644],[104.513873,22.56594],[104.510851,22.570989],[104.513068,22.571183],[104.513944,22.574624],[104.511026,22.579436],[104.516072,22.5856],[104.520133,22.587889],[104.526809,22.598927],[104.538605,22.600476],[104.547831,22.61212],[104.55589,22.612489],[104.558777,22.619522],[104.557042,22.638345],[104.567262,22.641954],[104.572971,22.651292],[104.578247,22.651297]]]}},{"type":"Feature","properties":{"code":"00733","name":"Xã Sà Phìn","type":"Xã"},"geometry":{"type":"Polygon","coordinates":[[[105.244321,23.276525],[105.246558,23.274296],[105.248401,23.274543],[105.250322,23.270259],[105.255835,23.269656],[105.25552,23.267192],[105.25829,23.263362],[105.262095,23.262991],[105.269772,23.258507],[105.271466,23.259806],[105.276695,23.258612],[105.280334,23.252843],[105.274847,23.249346],[105.275025,23.247172],[105.279415,23.245995],[105.282204,23.243293],[105.28941,23.243794],[105.291063,23.246308],[105.292726,23.245374],[105.294534,23.241838],[105.294831,23.235662],[105.290833,23.233232],[105.291882,23.230503],[105.29541,23.228254],[105.29464,23.226573],[105.297439,23.225064],[105.296537,23.218669],[105.304026,23.209303],[105.304167,23.205801],[105.299309,23.203419],[105.292681,23.193612],[105.294399,23.188557],[105.289264,23.18794],[105.29069,23.191252],[105.286386,23.196381],[105.282699,23.19772],[105.277115,23.19155],[105.277695,23.189985],[105.27387,23.18794],[105.270819,23.187897],[105.269574,23.191079],[105.26185,23.189589],[105.257577,23.187274],[105.25766,23.181904],[105.247476,23.181488],[105.248549,23.177944],[105.244092,23.178782],[105.242474,23.174718],[105.239295,23.175044],[105.235998,23.173045],[105.231961,23.173697],[105.228137,23.170484],[105.219842,23.170169],[105.217563,23.170984],[105.216231,23.173958],[105.218724,23.177115],[105.212338,23.18083],[105.212476,23.187656],[105.209097,23.191471],[105.208109,23.196851],[105.211205,23.197732],[105.214361,23.204296],[105.220817,23.200545],[105.224916,23.205056],[105.224698,23.20938],[105.226276,23.211372],[105.221782,23.211004],[105.218822,23.21374],[105.208662,23.215611],[105.202479,23.221489],[105.198822,23.221895],[105.191415,23.226296],[105.19199,23.228451],[105.198244,23.232592],[105.197366,23.239474],[105.198579,23.243361],[105.195691,23.24875],[105.197196,23.250436],[105.196767,23.257203],[105.194456,23.258391],[105.194518,23.266513],[105.200459,23.27336],[105.203237,23.271502],[105.207852,23.272191],[105.210367,23.269668],[105.210519,23.26701],[105.2209,23.270827],[105.226189,23.266861],[105.226721,23.260416],[105.229191,23.261986],[105.232689,23.260912],[105.23725,23.264773],[105.236382,23.267589],[105.238553,23.272097],[105.238351,23.276433],[105.244321,23.276525]]]}},{"type":"Feature","properties":{"code":"02536","name":"Xã Sơn Dương","type":"Xã"},"geometry":{"type":"Polygon","coordinates":[[[105.385636,21.749731],[105.388592,21.751101],[105.399141,21.747364],[105.404333,21.748689],[105.410777,21.745286],[105.415302,21.745277],[105.417288,21.741337],[105.412029,21.737694],[105.410372,21.734292],[105.414102,21.731633],[105.412445,21.726364],[105.4147,21.727251],[105.415358,21.723076],[105.421853,21.721454],[105.424849,21.722305],[105.42943,21.719762],[105.433203,21.713907],[105.43792,21.714166],[105.444636,21.711184],[105.448588,21.712324],[105.46213,21.709715],[105.473196,21.712577],[105.478026,21.709871],[105.482387,21.709684],[105.488939,21.705354],[105.489761,21.702802],[105.484618,21.702333],[105.477217,21.697786],[105.478295,21.695456],[105.484261,21.693212],[105.487922,21.689587],[105.487247,21.681019],[105.481915,21.678804],[105.479341,21.674355],[105.482125,21.672404],[105.483486,21.65985],[105.489003,21.651196],[105.488225,21.649072],[105.490484,21.643421],[105.497773,21.638703],[105.490028,21.634933],[105.486084,21.634837],[105.478206,21.64586],[105.474818,21.644509],[105.470584,21.645714],[105.46838,21.649145],[105.47124,21.654614],[105.469375,21.666227],[105.465422,21.669556],[105.465597,21.673185],[105.459285,21.676276],[105.457609,21.680591],[105.455197,21.680073],[105.453722,21.684656],[105.449147,21.687683],[105.444162,21.684407],[105.435147,21.683724],[105.427225,21.679086],[105.417178,21.68053],[105.40531,21.676555],[105.397672,21.672543],[105.390531,21.665237],[105.385377,21.665337],[105.383722,21.663722],[105.383263,21.660766],[105.387323,21.657821],[105.394288,21.660213],[105.398394,21.65779],[105.399947,21.654596],[105.404598,21.652317],[105.405157,21.649135],[105.408285,21.646122],[105.408944,21.640052],[105.412136,21.636548],[105.40844,21.62988],[105.408532,21.63273],[105.40684,21.634367],[105.404431,21.633459],[105.404196,21.630624],[105.398962,21.631099],[105.398308,21.62805],[105.392978,21.62809],[105.38893,21.626187],[105.384603,21.628656],[105.375397,21.627807],[105.370807,21.633129],[105.365553,21.631585],[105.362341,21.633914],[105.356774,21.633416],[105.356492,21.635814],[105.349399,21.639541],[105.344815,21.645965],[105.332347,21.655963],[105.328622,21.660027],[105.327766,21.666375],[105.329682,21.668158],[105.327967,21.670442],[105.345884,21.675493],[105.34433,21.682536],[105.341652,21.684876],[105.342333,21.686624],[105.344553,21.686832],[105.344616,21.68926],[105.340834,21.692868],[105.341616,21.699246],[105.336847,21.696575],[105.329777,21.6992],[105.32524,21.698883],[105.325165,21.703198],[105.322657,21.704737],[105.321977,21.70777],[105.324555,21.707711],[105.325858,21.709314],[105.325989,21.71277],[105.33011,21.719329],[105.33383,21.719888],[105.336557,21.717747],[105.341462,21.719255],[105.345386,21.722829],[105.342814,21.726481],[105.350358,21.727244],[105.350215,21.730572],[105.353984,21.72814],[105.356938,21.729283],[105.358747,21.732609],[105.361841,21.731928],[105.364989,21.733967],[105.368765,21.730749],[105.371376,21.730739],[105.38018,21.751872],[105.385636,21.749731]]]}},{"type":"Feature","properties":{"code":"02620","name":"Xã Sơn Thủy","type":"Xã"},"geometry":{"type":"Polygon","coordinates":[[[105.486453,21.618126],[105.489458,21.619397],[105.496109,21.618428],[105.500285,21.613996],[105.505121,21.612225],[105.509943,21.604432],[105.513818,21.602628],[105.518907,21.596906],[105.526649,21.58215],[105.536556,21.581722],[105.542403,21.573978],[105.538932,21.569966],[105.537761,21.564884],[105.529799,21.556754],[105.526979,21.545598],[105.520189,21.533911],[105.516818,21.533795],[105.511621,21.536846],[105.509806,21.533041],[105.505672,21.530811],[105.504928,21.527472],[105.501364,21.528012],[105.500672,21.526117],[105.497067,21.525093],[105.496735,21.526874],[105.49282,21.528512],[105.493676,21.527088],[105.490989,21.522807],[105.491828,21.520297],[105.487832,21.517802],[105.482173,21.518046],[105.473575,21.523947],[105.4721,21.519631],[105.465025,21.516419],[105.463344,21.51864],[105.461362,21.517736],[105.458767,21.518981],[105.457228,21.523158],[105.454147,21.525628],[105.441813,21.521612],[105.442179,21.528002],[105.450054,21.53317],[105.453091,21.533001],[105.455926,21.53718],[105.460181,21.537146],[105.45756,21.543393],[105.450112,21.550014],[105.438418,21.555971],[105.433871,21.564109],[105.433433,21.567783],[105.438061,21.565693],[105.440006,21.567354],[105.444012,21.565204],[105.450818,21.573834],[105.449622,21.575759],[105.451951,21.57816],[105.451012,21.580815],[105.448846,21.581404],[105.449133,21.584782],[105.452479,21.584974],[105.45559,21.589481],[105.459037,21.589276],[105.458245,21.590954],[105.461833,21.594032],[105.461082,21.59645],[105.462896,21.598363],[105.464149,21.605306],[105.466883,21.60813],[105.469715,21.608022],[105.472234,21.612992],[105.480422,21.61979],[105.486453,21.618126]]]}},{"type":"Feature","properties":{"code":"00778","name":"Xã Sơn Vĩ","type":"Xã"},"geometry":{"type":"Polygon","coordinates":[[[105.419361,23.28488],[105.428906,23.290877],[105.426276,23.296411],[105.430129,23.302911],[105.43382,23.303069],[105.434756,23.300665],[105.441485,23.299516],[105.441029,23.298056],[105.446736,23.291793],[105.445842,23.286656],[105.450759,23.277766],[105.461965,23.268861],[105.468783,23.256856],[105.472486,23.25485],[105.472726,23.251532],[105.483385,23.243029],[105.487102,23.234142],[105.492965,23.232234],[105.491472,23.220882],[105.494422,23.218189],[105.495938,23.21201],[105.49808,23.209755],[105.496876,23.206149],[105.49851,23.202687],[105.512242,23.196263],[105.517441,23.196381],[105.52671,23.188707],[105.542547,23.194134],[105.548413,23.188518],[105.553219,23.187486],[105.556251,23.179232],[105.558231,23.178245],[105.557403,23.174816],[105.560627,23.168677],[105.56983,23.160951],[105.574047,23.16078],[105.573179,23.153009],[105.570391,23.150671],[105.572001,23.148894],[105.56356,23.14345],[105.566489,23.136015],[105.565437,23.133187],[105.559587,23.128588],[105.565037,23.121193],[105.564661,23.119329],[105.557921,23.118101],[105.553992,23.114658],[105.554432,23.113175],[105.549968,23.110329],[105.540431,23.109002],[105.531824,23.111443],[105.530679,23.128026],[105.533299,23.130509],[105.532829,23.134347],[105.524661,23.139518],[105.519555,23.140117],[105.512319,23.145552],[105.510871,23.156235],[105.506372,23.167829],[105.492758,23.172182],[105.484148,23.178538],[105.480286,23.179611],[105.472231,23.187529],[105.46733,23.196062],[105.456665,23.205546],[105.455416,23.210286],[105.451024,23.214151],[105.448773,23.219584],[105.442287,23.223457],[105.437426,23.230208],[105.428106,23.231327],[105.41919,23.236194],[105.417796,23.251921],[105.40756,23.255548],[105.406121,23.26063],[105.407976,23.265779],[105.406548,23.271298],[105.400272,23.27693],[105.399988,23.281393],[105.39647,23.289306],[105.382996,23.310855],[105.386215,23.31407],[105.40245,23.295355],[105.410978,23.287969],[105.419361,23.28488]]]}},{"type":"Feature","properties":{"code":"00787","name":"Xã Sủng Máng","type":"Xã"},"geometry":{"type":"Polygon","coordinates":[[[105.340879,23.21453],[105.340695,23.20953],[105.343037,23.207176],[105.342949,23.205043],[105.338106,23.199551],[105.338389,23.196723],[105.340525,23.195181],[105.346289,23.192728],[105.350739,23.193364],[105.351693,23.195348],[105.35467,23.195983],[105.351367,23.198985],[105.35163,23.200406],[105.357786,23.200797],[105.359878,23.202395],[105.358547,23.204904],[105.360391,23.205774],[105.363768,23.203321],[105.366545,23.205663],[105.369071,23.205315],[105.37264,23.199843],[105.373309,23.196975],[105.371326,23.194933],[105.367544,23.195359],[105.365771,23.190623],[105.369764,23.182197],[105.372209,23.180839],[105.371843,23.178814],[105.367849,23.17331],[105.363346,23.172465],[105.366936,23.168122],[105.365512,23.165073],[105.36762,23.163676],[105.368803,23.159204],[105.36459,23.157535],[105.36441,23.155678],[105.361136,23.153378],[105.360606,23.150363],[105.354764,23.149957],[105.354554,23.148744],[105.355355,23.140028],[105.365796,23.13892],[105.365235,23.130639],[105.370634,23.125154],[105.371649,23.121975],[105.361045,23.116841],[105.356036,23.11634],[105.346785,23.121794],[105.344292,23.118152],[105.344435,23.113201],[105.340067,23.109169],[105.339627,23.106314],[105.337381,23.109569],[105.330896,23.111798],[105.323338,23.107928],[105.321476,23.100721],[105.30955,23.099751],[105.309274,23.104219],[105.303908,23.108929],[105.30384,23.114791],[105.299242,23.112098],[105.294936,23.112127],[105.293433,23.116798],[105.296855,23.118046],[105.297758,23.122785],[105.293914,23.12502],[105.296119,23.132834],[105.302456,23.136152],[105.30585,23.14199],[105.306194,23.146174],[105.314082,23.149633],[105.318592,23.156815],[105.311126,23.15824],[105.303179,23.153237],[105.303571,23.155315],[105.301732,23.156473],[105.303624,23.158835],[105.301515,23.161577],[105.302,23.167408],[105.287308,23.167011],[105.281225,23.172876],[105.283786,23.175069],[105.282336,23.178039],[105.279416,23.176467],[105.276429,23.179557],[105.270774,23.181694],[105.270563,23.187302],[105.277695,23.189985],[105.277115,23.19155],[105.282699,23.19772],[105.286386,23.196381],[105.29069,23.191252],[105.289264,23.18794],[105.294399,23.188557],[105.292681,23.193612],[105.299309,23.203419],[105.304085,23.20567],[105.304657,23.208739],[105.322075,23.211938],[105.319885,23.206341],[105.321338,23.203734],[105.323733,23.203553],[105.323502,23.206359],[105.325541,23.207152],[105.326031,23.205466],[105.327364,23.205783],[105.32829,23.20785],[105.332394,23.209271],[105.33264,23.211872],[105.340879,23.21453]]]}},{"type":"Feature","properties":{"code":"00928","name":"Xã Thanh Thủy","type":"Xã"},"geometry":{"type":"Polygon","coordinates":[[[104.866711,22.940553],[104.880038,22.930077],[104.884081,22.923609],[104.886963,22.922493],[104.884709,22.920009],[104.885485,22.91697],[104.888899,22.915732],[104.898817,22.898724],[104.906382,22.893046],[104.904017,22.883753],[104.907535,22.879175],[104.913988,22.875438],[104.915452,22.870947],[104.926553,22.861168],[104.924308,22.859869],[104.925812,22.857468],[104.923814,22.856424],[104.92545,22.856018],[104.924123,22.852782],[104.911425,22.837096],[104.898308,22.842621],[104.89137,22.834104],[104.868819,22.81826],[104.865746,22.810485],[104.863311,22.808719],[104.853371,22.807547],[104.85072,22.804727],[104.840641,22.804271],[104.835034,22.800149],[104.82801,22.798948],[104.809316,22.799762],[104.805963,22.801927],[104.804569,22.800952],[104.803043,22.803837],[104.804088,22.808272],[104.8102,22.81573],[104.818691,22.821616],[104.821733,22.825318],[104.820917,22.827913],[104.826373,22.830261],[104.819473,22.842045],[104.826246,22.851068],[104.833263,22.855548],[104.832932,22.865358],[104.839444,22.868714],[104.850316,22.867507],[104.851131,22.873607],[104.849888,22.875311],[104.851447,22.883764],[104.851069,22.897556],[104.84525,22.897597],[104.842355,22.901831],[104.83909,22.900121],[104.833459,22.90414],[104.829159,22.902844],[104.81876,22.912426],[104.808754,22.914974],[104.808808,22.917652],[104.81227,22.920713],[104.816643,22.92109],[104.819985,22.923503],[104.829553,22.92483],[104.839428,22.921137],[104.840639,22.92652],[104.845177,22.932865],[104.849727,22.937341],[104.862321,22.94234],[104.864346,22.945405],[104.864411,22.949121],[104.86601,22.948047],[104.866711,22.940553]]]}},{"type":"Feature","properties":{"code":"00922","name":"Xã Thuận Hòa","type":"Xã"},"geometry":{"type":"Polygon","coordinates":[[[104.977045,22.940465],[104.986729,22.95389],[104.986235,22.964839],[104.982467,22.964903],[104.986102,22.973519],[104.986401,22.983417],[104.995233,22.986945],[105.000391,22.99953],[105.007317,23.001652],[105.022223,22.995779],[105.025099,22.990642],[105.031001,22.991869],[105.029987,22.989419],[105.031539,22.982988],[105.039469,22.966167],[105.048183,22.955704],[105.052116,22.953706],[105.057936,22.947408],[105.057366,22.942317],[105.054616,22.940314],[105.051308,22.934059],[105.052196,22.927139],[105.051119,22.923841],[105.057708,22.909885],[105.054842,22.904659],[105.055979,22.901532],[105.051031,22.874648],[105.047195,22.86632],[105.042808,22.867494],[105.040621,22.866465],[105.034024,22.871526],[105.030612,22.871825],[105.024034,22.879123],[105.016452,22.869715],[105.014534,22.871809],[105.010391,22.872081],[105.00816,22.871248],[105.00994,22.870502],[105.010137,22.867792],[104.993764,22.868295],[104.990946,22.871421],[104.981668,22.874648],[104.977539,22.878567],[104.959229,22.886771],[104.955978,22.890205],[104.951258,22.889448],[104.944114,22.895583],[104.941647,22.894593],[104.939631,22.896035],[104.940871,22.898146],[104.93895,22.902768],[104.944709,22.912978],[104.944333,22.918265],[104.942474,22.920838],[104.948234,22.922135],[104.953843,22.917938],[104.963037,22.921384],[104.969591,22.927349],[104.976591,22.925779],[104.980373,22.930833],[104.979946,22.935606],[104.977045,22.940465]]]}},{"type":"Feature","properties":{"code":"01033","name":"Xã Thàng Tín","type":"Xã"},"geometry":{"type":"Polygon","coordinates":[[[104.623248,22.847225],[104.626548,22.83874],[104.631092,22.835697],[104.637621,22.833567],[104.640204,22.836272],[104.644496,22.836658],[104.656534,22.833891],[104.659724,22.829776],[104.665952,22.826559],[104.672467,22.817833],[104.677053,22.82003],[104.680517,22.818097],[104.686008,22.822087],[104.702838,22.82665],[104.71425,22.8219],[104.7173,22.822821],[104.724388,22.820096],[104.733701,22.823454],[104.736815,22.816995],[104.739116,22.8154],[104.738208,22.805899],[104.739366,22.803409],[104.730571,22.79496],[104.727605,22.788926],[104.728734,22.782745],[104.725367,22.781314],[104.72499,22.778824],[104.708433,22.777513],[104.705288,22.772789],[104.704099,22.764734],[104.699661,22.761313],[104.695255,22.754504],[104.691109,22.754749],[104.684699,22.750367],[104.674941,22.750725],[104.671902,22.748052],[104.66489,22.750381],[104.66169,22.749526],[104.654742,22.756439],[104.660127,22.764796],[104.658632,22.769891],[104.660022,22.781779],[104.657036,22.78939],[104.648261,22.78939],[104.644431,22.791308],[104.64024,22.797116],[104.632799,22.798241],[104.626788,22.802952],[104.620567,22.803637],[104.618482,22.807006],[104.607483,22.805699],[104.605844,22.807257],[104.608397,22.812765],[104.614036,22.814377],[104.612641,22.815971],[104.6175,22.821768],[104.616293,22.824952],[104.621128,22.822335],[104.620452,22.824537],[104.624219,22.830593],[104.622322,22.830941],[104.621229,22.833619],[104.618414,22.83344],[104.617557,22.835362],[104.619624,22.836354],[104.618455,22.838749],[104.619996,22.842835],[104.621219,22.842499],[104.620843,22.845469],[104.622929,22.845036],[104.623248,22.847225]]]}},{"type":"Feature","properties":{"code":"02494","name":"Xã Thái Bình","type":"Xã"},"geometry":{"type":"Polygon","coordinates":[[[105.307846,21.871578],[105.315572,21.871839],[105.316525,21.867008],[105.325496,21.863065],[105.32804,21.854061],[105.327513,21.847244],[105.329851,21.846214],[105.328563,21.840182],[105.325327,21.837881],[105.32664,21.835426],[105.323364,21.833065],[105.318909,21.834505],[105.310946,21.829477],[105.312275,21.824532],[105.318958,21.825185],[105.324823,21.823241],[105.328894,21.817018],[105.337998,21.811878],[105.339771,21.808655],[105.33915,21.804985],[105.352762,21.802348],[105.356374,21.798807],[105.35574,21.792458],[105.361445,21.787497],[105.364029,21.790685],[105.36782,21.791603],[105.371496,21.790495],[105.373076,21.786786],[105.375422,21.786471],[105.376602,21.774499],[105.373951,21.770938],[105.374058,21.765029],[105.372212,21.762496],[105.37644,21.758122],[105.377025,21.754467],[105.380222,21.751921],[105.380228,21.750177],[105.377237,21.746473],[105.371121,21.730619],[105.368765,21.730749],[105.364989,21.733967],[105.361841,21.731928],[105.358747,21.732609],[105.356938,21.729283],[105.353984,21.72814],[105.34959,21.731133],[105.350799,21.735602],[105.347426,21.737006],[105.345785,21.740284],[105.349008,21.742976],[105.348218,21.744687],[105.341984,21.745803],[105.33898,21.754953],[105.33303,21.755981],[105.33273,21.761041],[105.327384,21.761478],[105.326135,21.763669],[105.321551,21.761016],[105.310306,21.765599],[105.307091,21.765765],[105.304312,21.763301],[105.303818,21.764485],[105.297552,21.765162],[105.298177,21.766537],[105.292661,21.769685],[105.293462,21.774029],[105.291418,21.777266],[105.261518,21.788746],[105.253267,21.795752],[105.247772,21.806543],[105.238989,21.810343],[105.239427,21.820585],[105.243435,21.817696],[105.245112,21.81839],[105.247679,21.821738],[105.245255,21.82471],[105.24928,21.831207],[105.257774,21.835874],[105.259262,21.841017],[105.261842,21.840504],[105.268688,21.842995],[105.273035,21.856394],[105.274781,21.85701],[105.277893,21.853942],[105.289168,21.856426],[105.292981,21.855221],[105.300641,21.86629],[105.307846,21.871578]]]}},{"type":"Feature","properties":{"code":"02419","name":"Xã Thái Hòa","type":"Xã"},"geometry":{"type":"Polygon","coordinates":[[[105.13359,22.007039],[105.140082,22.00266],[105.14273,21.996198],[105.142755,21.986187],[105.139621,21.978941],[105.148537,21.979339],[105.151569,21.978106],[105.153686,21.974692],[105.152842,21.969674],[105.146303,21.958237],[105.156894,21.949113],[105.157914,21.945],[105.154613,21.937234],[105.158486,21.927923],[105.154441,21.926681],[105.14582,21.928424],[105.138248,21.922156],[105.13365,21.923922],[105.132705,21.921093],[105.130148,21.919802],[105.127895,21.92068],[105.128414,21.924633],[105.126243,21.928201],[105.120937,21.925111],[105.118641,21.92534],[105.116857,21.92163],[105.11369,21.921781],[105.111543,21.924202],[105.104011,21.922167],[105.103879,21.92551],[105.098657,21.930454],[105.10031,21.938159],[105.094106,21.936042],[105.092049,21.942591],[105.087418,21.938703],[105.084613,21.939929],[105.080026,21.942329],[105.079697,21.947764],[105.077175,21.947989],[105.073409,21.952098],[105.080091,21.963499],[105.079204,21.966385],[105.080465,21.970786],[105.07764,21.975296],[105.08071,21.979835],[105.084555,21.98192],[105.0889,21.980869],[105.091065,21.987556],[105.096354,21.988035],[105.097592,21.990233],[105.100067,21.990231],[105.10902,21.996494],[105.113286,22.004911],[105.120741,22.00889],[105.123451,22.008157],[105.124463,22.004247],[105.132983,22.010904],[105.13359,22.007039]]]}},{"type":"Feature","properties":{"code":"02407","name":"Xã Thái Sơn","type":"Xã"},"geometry":{"type":"Polygon","coordinates":[[[105.086311,22.059826],[105.100393,22.042031],[105.107576,22.041155],[105.117785,22.033633],[105.125101,22.033867],[105.133721,22.027502],[105.144229,22.023299],[105.145091,22.019594],[105.135394,22.01424],[105.124463,22.004247],[105.123451,22.008157],[105.120741,22.00889],[105.113286,22.004911],[105.10902,21.996494],[105.100067,21.990231],[105.097592,21.990233],[105.096354,21.988035],[105.091065,21.987556],[105.0889,21.980869],[105.084555,21.98192],[105.078763,21.977756],[105.077588,21.974765],[105.080465,21.970786],[105.079204,21.966385],[105.080036,21.963234],[105.073409,21.952098],[105.077175,21.947989],[105.079697,21.947764],[105.080026,21.942329],[105.074081,21.94005],[105.072588,21.936333],[105.067215,21.936557],[105.059984,21.928745],[105.052386,21.92597],[105.049357,21.926534],[105.04515,21.923416],[105.042113,21.924849],[105.027111,21.922857],[105.022786,21.924443],[105.018037,21.92838],[105.019129,21.935667],[105.021095,21.938281],[105.020144,21.943867],[105.023119,21.948736],[105.026816,21.949912],[105.023878,21.95125],[105.016673,21.961092],[105.018665,21.965807],[105.022083,21.968993],[105.020442,21.971048],[105.020591,21.977058],[105.019041,21.978037],[105.02001,21.984334],[105.024582,21.987392],[105.028508,21.987162],[105.031363,21.991441],[105.034792,21.992984],[105.037145,21.997296],[105.036766,22.001865],[105.039231,22.003099],[105.048807,22.002756],[105.051585,22.006117],[105.050597,22.011699],[105.05238,22.014433],[105.055517,22.015605],[105.053784,22.01911],[105.055339,22.024349],[105.053285,22.027115],[105.055262,22.03054],[105.053311,22.032256],[105.051902,22.037553],[105.049253,22.039547],[105.05294,22.041977],[105.055089,22.041616],[105.058188,22.049719],[105.060217,22.050638],[105.061118,22.054965],[105.059824,22.059784],[105.063315,22.058978],[105.067345,22.06336],[105.073908,22.065107],[105.086311,22.059826]]]}},{"type":"Feature","properties":{"code":"01090","name":"Xã Thông Nguyên","type":"Xã"},"geometry":{"type":"Polygon","coordinates":[[[104.719139,22.61353],[104.735472,22.60529],[104.737876,22.600252],[104.743551,22.597856],[104.744142,22.593816],[104.745864,22.594764],[104.747051,22.599686],[104.747894,22.598921],[104.747627,22.590728],[104.754795,22.587216],[104.75276,22.586503],[104.750835,22.581764],[104.760179,22.57565],[104.763416,22.576583],[104.765315,22.574572],[104.774974,22.574414],[104.776774,22.572762],[104.78503,22.571467],[104.794795,22.559833],[104.800438,22.556319],[104.79663,22.551812],[104.790567,22.55156],[104.792192,22.546696],[104.790556,22.540682],[104.784502,22.539979],[104.783073,22.536714],[104.780128,22.534984],[104.784461,22.527852],[104.780384,22.519339],[104.781973,22.512623],[104.778912,22.509303],[104.780228,22.506744],[104.779102,22.504557],[104.782018,22.499617],[104.782274,22.490256],[104.793013,22.483913],[104.791526,22.472887],[104.779337,22.463443],[104.763476,22.458752],[104.753728,22.454109],[104.737778,22.438538],[104.728835,22.443139],[104.725072,22.448462],[104.725424,22.454312],[104.724045,22.457269],[104.725837,22.461859],[104.734928,22.471575],[104.73354,22.479402],[104.736329,22.488548],[104.733252,22.489379],[104.727827,22.495406],[104.727753,22.499034],[104.724296,22.504598],[104.724704,22.5107],[104.722085,22.517591],[104.715356,22.521353],[104.713597,22.528771],[104.715982,22.533637],[104.707965,22.539183],[104.704813,22.539032],[104.700365,22.54431],[104.708879,22.544898],[104.713234,22.54768],[104.720937,22.548803],[104.718578,22.560842],[104.715853,22.562334],[104.711255,22.572141],[104.70416,22.574313],[104.704008,22.577715],[104.695172,22.594643],[104.697662,22.596143],[104.698142,22.602902],[104.702086,22.605515],[104.705256,22.609594],[104.705292,22.612079],[104.710242,22.612162],[104.717998,22.616124],[104.719139,22.61353]]]}},{"type":"Feature","properties":{"code":"02269","name":"Xã Thượng Lâm","type":"Xã"},"geometry":{"type":"Polygon","coordinates":[[[105.390832,22.488965],[105.387726,22.485497],[105.38765,22.479226],[105.379495,22.470252],[105.385883,22.454785],[105.380692,22.436653],[105.381788,22.428475],[105.379831,22.415945],[105.380965,22.402712],[105.36329,22.408794],[105.355611,22.408717],[105.352553,22.415323],[105.350689,22.413977],[105.344625,22.417467],[105.33978,22.412873],[105.336861,22.413433],[105.334798,22.410799],[105.325072,22.407279],[105.320594,22.40317],[105.309898,22.397717],[105.309817,22.403712],[105.30814,22.405925],[105.309132,22.410349],[105.307256,22.411443],[105.308178,22.413391],[105.299184,22.422026],[105.292409,22.421676],[105.287401,22.424825],[105.286299,22.431263],[105.278039,22.436877],[105.282863,22.440953],[105.279749,22.445217],[105.284685,22.450853],[105.285113,22.456283],[105.279235,22.454092],[105.275015,22.454828],[105.273033,22.458759],[105.264553,22.46199],[105.259048,22.468723],[105.261603,22.472717],[105.265609,22.474735],[105.266603,22.479723],[105.263825,22.484982],[105.255719,22.489463],[105.253685,22.495797],[105.249066,22.49844],[105.242049,22.497638],[105.239785,22.494989],[105.234078,22.493326],[105.230086,22.495762],[105.231909,22.502429],[105.234496,22.503471],[105.232376,22.50656],[105.233774,22.509031],[105.233209,22.512038],[105.237229,22.513902],[105.238389,22.516966],[105.244142,22.519114],[105.242521,22.524822],[105.244612,22.526446],[105.243564,22.530514],[105.247145,22.532842],[105.244879,22.537327],[105.248154,22.540374],[105.248703,22.54487],[105.244622,22.54358],[105.250783,22.552456],[105.247726,22.554585],[105.263637,22.570354],[105.259424,22.577696],[105.251897,22.581114],[105.238498,22.602384],[105.237274,22.6144],[105.238303,22.625781],[105.241051,22.632448],[105.239697,22.641157],[105.243442,22.648329],[105.253314,22.655502],[105.258781,22.651146],[105.270047,22.648917],[105.278681,22.644543],[105.283974,22.639254],[105.284438,22.63687],[105.28255,22.633959],[105.283925,22.630995],[105.286872,22.630133],[105.288296,22.626291],[105.285881,22.622449],[105.286291,22.617193],[105.288985,22.613919],[105.311361,22.613583],[105.312066,22.606299],[105.316816,22.603832],[105.32325,22.60333],[105.328334,22.599216],[105.334409,22.598661],[105.339304,22.590241],[105.342957,22.588054],[105.347519,22.575333],[105.346715,22.570138],[105.351611,22.56577],[105.347756,22.560863],[105.347177,22.554965],[105.357492,22.55474],[105.359402,22.55325],[105.362485,22.550052],[105.365684,22.538865],[105.372207,22.536334],[105.376287,22.532878],[105.3784,22.528158],[105.382386,22.5256],[105.382991,22.520653],[105.387971,22.518341],[105.394877,22.506076],[105.399942,22.505599],[105.402484,22.501304],[105.402758,22.495545],[105.39849,22.490912],[105.390832,22.488965]]]}},{"type":"Feature","properties":{"code":"02239","name":"Xã Thượng Nông","type":"Xã"},"geometry":{"type":"Polygon","coordinates":[[[105.516579,22.636432],[105.531206,22.633288],[105.529034,22.619145],[105.532707,22.617628],[105.533349,22.614433],[105.538438,22.611019],[105.539783,22.607389],[105.546163,22.601179],[105.552036,22.599103],[105.547054,22.594048],[105.546397,22.588557],[105.551528,22.575902],[105.547917,22.572393],[105.542904,22.572753],[105.539667,22.571089],[105.535289,22.566849],[105.519699,22.563744],[105.518652,22.559943],[105.513614,22.558697],[105.51014,22.549654],[105.499356,22.542131],[105.498856,22.540253],[105.490025,22.535969],[105.482725,22.536507],[105.478849,22.533596],[105.478822,22.53551],[105.473391,22.542006],[105.478382,22.545779],[105.483798,22.555863],[105.484543,22.560461],[105.479875,22.560865],[105.476376,22.565425],[105.471493,22.566128],[105.469464,22.57066],[105.465229,22.572531],[105.457543,22.571536],[105.454767,22.572703],[105.452422,22.569383],[105.445043,22.570006],[105.438283,22.56742],[105.436921,22.564372],[105.431709,22.567256],[105.431324,22.576268],[105.433265,22.580536],[105.428449,22.581288],[105.425122,22.586253],[105.424057,22.590367],[105.428745,22.592025],[105.427849,22.594405],[105.424541,22.596409],[105.424518,22.600283],[105.426735,22.602464],[105.432842,22.603377],[105.434413,22.605494],[105.437869,22.604413],[105.437769,22.60913],[105.442309,22.610047],[105.442987,22.604775],[105.446587,22.607328],[105.445224,22.609041],[105.446738,22.612332],[105.449397,22.612698],[105.448561,22.61038],[105.451411,22.610504],[105.450645,22.607238],[105.460325,22.609157],[105.465188,22.614361],[105.474243,22.617226],[105.476512,22.620645],[105.482066,22.620223],[105.486032,22.617706],[105.494932,22.624822],[105.498993,22.633849],[105.502686,22.635109],[105.508929,22.634243],[105.516579,22.636432]]]}},{"type":"Feature","properties":{"code":"00958","name":"Xã Thượng Sơn","type":"Xã"},"geometry":{"type":"Polygon","coordinates":[[[104.833044,22.739847],[104.837236,22.736211],[104.84855,22.732424],[104.850746,22.729843],[104.850136,22.728128],[104.842686,22.723807],[104.838243,22.717277],[104.84004,22.711874],[104.8468,22.706999],[104.848821,22.695644],[104.851186,22.690981],[104.854588,22.687209],[104.864277,22.682149],[104.865498,22.678998],[104.880146,22.67407],[104.878083,22.671429],[104.87782,22.667551],[104.882612,22.662059],[104.882838,22.655581],[104.885349,22.652358],[104.888275,22.653395],[104.894843,22.646753],[104.898949,22.633493],[104.896824,22.630499],[104.898002,22.627164],[104.893617,22.62657],[104.891142,22.623293],[104.891676,22.616574],[104.895483,22.614142],[104.899011,22.61436],[104.900213,22.609266],[104.906765,22.606627],[104.90633,22.600596],[104.908101,22.596966],[104.900906,22.589089],[104.899695,22.584169],[104.89189,22.578188],[104.880461,22.583185],[104.878843,22.591401],[104.873873,22.594252],[104.870743,22.594059],[104.866083,22.590961],[104.858001,22.592572],[104.849698,22.59164],[104.844485,22.595217],[104.838595,22.602887],[104.833672,22.60437],[104.828213,22.603777],[104.826417,22.607086],[104.807225,22.612724],[104.806363,22.618275],[104.801453,22.621126],[104.79238,22.619954],[104.782453,22.622183],[104.783722,22.626507],[104.781845,22.632032],[104.76956309084028,22.650314875094622],[104.771313,22.651065],[104.771707,22.653649],[104.776517,22.656348],[104.775455,22.66311],[104.76825,22.672108],[104.768771,22.67518],[104.773353,22.675465],[104.78346,22.668465],[104.799233,22.676059],[104.796804,22.681059],[104.798059,22.68462],[104.793713,22.689319],[104.794691,22.6899],[104.79094,22.695483],[104.780329,22.701433],[104.781364,22.703968],[104.776048,22.71212],[104.776076,22.720364],[104.797921,22.731298],[104.800622,22.733738],[104.801366,22.737845],[104.807474,22.740405],[104.812195,22.750684],[104.833044,22.739847]]]}},{"type":"Feature","properties":{"code":"00829","name":"Xã Thắng Mố","type":"Xã"},"geometry":{"type":"Polygon","coordinates":[[[105.119396,23.250552],[105.12454,23.241592],[105.127348,23.240354],[105.129253,23.23229],[105.134238,23.223672],[105.13866,23.226311],[105.144382,23.221046],[105.144841,23.212481],[105.139816,23.207404],[105.144912,23.195856],[105.144799,23.193674],[105.141192,23.192152],[105.145016,23.188131],[105.144284,23.184916],[105.14679,23.177436],[105.146222,23.17465],[105.150547,23.168598],[105.150873,23.160796],[105.154441,23.157011],[105.155389,23.152198],[105.157656,23.152575],[105.162246,23.149014],[105.16459,23.141824],[105.168447,23.141552],[105.16533,23.139619],[105.161947,23.14046],[105.160824,23.137378],[105.157,23.134266],[105.154844,23.135175],[105.15169,23.133584],[105.148484,23.135069],[105.146236,23.133555],[105.140897,23.135023],[105.13737,23.132469],[105.132354,23.132792],[105.126417,23.138413],[105.123717,23.151618],[105.115286,23.154978],[105.11662,23.158279],[105.111889,23.159081],[105.111705,23.16079],[105.109933,23.15995],[105.110383,23.161669],[105.108441,23.163341],[105.104741,23.161209],[105.101142,23.161303],[105.099633,23.16332],[105.104726,23.166792],[105.103718,23.169459],[105.101895,23.169568],[105.102567,23.17167],[105.099302,23.171241],[105.099094,23.172934],[105.095451,23.174243],[105.098888,23.181263],[105.096193,23.18737],[105.089421,23.188041],[105.08597,23.186525],[105.081657,23.191189],[105.08024,23.196907],[105.064264,23.199932],[105.058681,23.203451],[105.061774,23.210189],[105.064429,23.211428],[105.068504,23.22104],[105.082384,23.228446],[105.085763,23.239291],[105.095316,23.247098],[105.104322,23.24876],[105.107525,23.245583],[105.119396,23.250552]]]}},{"type":"Feature","properties":{"code":"01225","name":"Xã Tiên Nguyên","type":"Xã"},"geometry":{"type":"Polygon","coordinates":[[[104.662128,22.548932],[104.669595,22.547108],[104.67604,22.540162],[104.685044,22.544387],[104.692872,22.54438],[104.696232,22.541286],[104.700365,22.54431],[104.704813,22.539032],[104.707965,22.539183],[104.715982,22.533637],[104.713597,22.528771],[104.715356,22.521353],[104.722085,22.517591],[104.724704,22.5107],[104.724296,22.504598],[104.727753,22.499034],[104.727827,22.495406],[104.733252,22.489379],[104.73637,22.488414],[104.73354,22.479402],[104.734928,22.471575],[104.724275,22.458873],[104.722245,22.461269],[104.721542,22.467949],[104.718072,22.474734],[104.718582,22.481047],[104.715927,22.48152],[104.709152,22.478999],[104.696981,22.479804],[104.693365,22.47498],[104.686206,22.474253],[104.678834,22.467318],[104.681866,22.462883],[104.680339,22.460334],[104.66579,22.455365],[104.655524,22.446198],[104.651033,22.444654],[104.651585,22.436724],[104.649406,22.434482],[104.650894,22.432439],[104.645574,22.435581],[104.644733,22.437763],[104.641874,22.433739],[104.641953,22.431103],[104.639797,22.429892],[104.6347,22.433126],[104.618412,22.433761],[104.615563,22.432642],[104.614316,22.435026],[104.611911,22.431206],[104.608454,22.431618],[104.609108,22.434597],[104.604535,22.435648],[104.603552,22.438528],[104.605423,22.441146],[104.603793,22.44633],[104.605256,22.449211],[104.60845,22.452374],[104.620764,22.455473],[104.624436,22.461433],[104.639477,22.469225],[104.64185,22.474856],[104.640611,22.478516],[104.643489,22.483575],[104.642655,22.492442],[104.645286,22.496906],[104.639883,22.519377],[104.637881,22.52012],[104.637563,22.522411],[104.630391,22.525905],[104.6254,22.534495],[104.617828,22.538233],[104.61602,22.541438],[104.619525,22.545968],[104.630609,22.541705],[104.634406,22.538159],[104.640278,22.537883],[104.648327,22.540215],[104.651827,22.54418],[104.662128,22.548932]]]}},{"type":"Feature","properties":{"code":"01261","name":"Xã Tiên Yên","type":"Xã"},"geometry":{"type":"Polygon","coordinates":[[[104.753979,22.360634],[104.755735,22.357993],[104.763091,22.355319],[104.769198,22.358144],[104.773011,22.357836],[104.778396,22.351148],[104.782043,22.353863],[104.786317,22.354063],[104.787953,22.351801],[104.788607,22.341681],[104.791434,22.337995],[104.78541,22.337039],[104.786732,22.333951],[104.781098,22.330634],[104.779569,22.326329],[104.776821,22.325061],[104.7794,22.319337],[104.778647,22.312225],[104.780635,22.309933],[104.773487,22.304677],[104.777124,22.295444],[104.770593,22.27967],[104.767822,22.279602],[104.765487,22.275292],[104.763356,22.276493],[104.760638,22.27553],[104.752897,22.279496],[104.750345,22.275154],[104.746246,22.275076],[104.74134,22.272438],[104.741372,22.269597],[104.749292,22.266545],[104.753304,22.260185],[104.762564,22.2525],[104.756122,22.242031],[104.761897,22.237452],[104.76159,22.233835],[104.76858,22.219146],[104.76824,22.215485],[104.76616,22.212428],[104.762615,22.211588],[104.762723,22.209513],[104.759356,22.204889],[104.747113,22.20137],[104.739617,22.208004],[104.732258,22.20916],[104.729687,22.207548],[104.723698,22.207902],[104.719963,22.215007],[104.729345,22.224883],[104.728022,22.229571],[104.728961,22.233252],[104.731872,22.231813],[104.733423,22.233184],[104.728901,22.238262],[104.727775,22.245573],[104.723287,22.246117],[104.722275,22.251282],[104.723628,22.254571],[104.721887,22.25777],[104.714551,22.261785],[104.706128,22.260995],[104.704454,22.264056],[104.68705,22.261187],[104.676902,22.264425],[104.674211,22.27231],[104.67162,22.273268],[104.670046,22.27677],[104.668522,22.283558],[104.671426,22.295029],[104.669911,22.297239],[104.67454,22.298281],[104.678884,22.302579],[104.689348,22.306747],[104.691793,22.31318],[104.69383,22.313472],[104.703489,22.307566],[104.706649,22.308086],[104.71042,22.304735],[104.713932,22.304325],[104.717781,22.306812],[104.719578,22.312803],[104.724663,22.311745],[104.729478,22.313774],[104.732067,22.312977],[104.735495,22.316182],[104.737372,22.315438],[104.734314,22.333678],[104.740682,22.341318],[104.740055,22.344443],[104.74406,22.347425],[104.750564,22.359134],[104.753979,22.360634]]]}},{"type":"Feature","properties":{"code":"02359","name":"Xã Tri Phú","type":"Xã"},"geometry":{"type":"Polygon","coordinates":[[[105.462705,22.074388],[105.467939,22.0729],[105.469073,22.068426],[105.47304,22.06814],[105.476523,22.06537],[105.473222,22.063654],[105.473646,22.060242],[105.480717,22.053827],[105.482348,22.049858],[105.487312,22.047594],[105.489013,22.044565],[105.487473,22.040577],[105.490437,22.038714],[105.490581,22.036213],[105.488696,22.032138],[105.489823,22.030276],[105.482601,22.028704],[105.477583,22.025594],[105.479576,22.016925],[105.481791,22.014685],[105.480979,22.008387],[105.473988,22.004741],[105.467924,21.994073],[105.464184,21.99303],[105.464802,21.980186],[105.462367,21.967216],[105.456492,21.963345],[105.446558,21.962929],[105.440131,21.966066],[105.436264,21.963497],[105.43404,21.963737],[105.431788,21.959441],[105.423203,21.955839],[105.41784,21.948165],[105.408958,21.94606],[105.408173,21.943244],[105.406113,21.943849],[105.398586,21.940609],[105.390186,21.943455],[105.388775,21.945746],[105.383746,21.947949],[105.377975,21.948013],[105.374993,21.95761],[105.370283,21.96247],[105.375442,21.965809],[105.377663,21.970906],[105.372655,21.979213],[105.372689,21.989304],[105.371129,21.99188],[105.364148,21.993968],[105.366959,21.999464],[105.366382,22.004767],[105.368159,22.007901],[105.368249,22.014382],[105.363626,22.015905],[105.363321,22.021834],[105.359503,22.022551],[105.359045,22.02548],[105.355959,22.028746],[105.356959,22.031207],[105.352735,22.036049],[105.356137,22.044611],[105.353347,22.050821],[105.354618,22.055129],[105.35334,22.056065],[105.354205,22.061461],[105.352722,22.063694],[105.354463,22.067461],[105.353645,22.071056],[105.350588,22.076328],[105.342929,22.077599],[105.343706,22.082073],[105.348316,22.08587],[105.345842,22.092042],[105.346948,22.097567],[105.35159,22.101722],[105.363019,22.103944],[105.365758,22.105911],[105.368261,22.104517],[105.374421,22.105662],[105.380402,22.10405],[105.383768,22.100835],[105.389046,22.100596],[105.391528,22.098672],[105.392905,22.094528],[105.405209,22.091129],[105.41279,22.079351],[105.418252,22.080865],[105.421922,22.079889],[105.423426,22.07441],[105.429414,22.07083],[105.430652,22.063268],[105.436531,22.056538],[105.4379,22.059922],[105.446285,22.066156],[105.44785,22.071113],[105.453228,22.07296],[105.460141,22.072038],[105.462705,22.074388]]]}},{"type":"Feature","properties":{"code":"02305","name":"Xã Trung Hà","type":"Xã"},"geometry":{"type":"Polygon","coordinates":[[[105.046589,22.357292],[105.060336,22.35686],[105.071977,22.353178],[105.073618,22.354236],[105.07637,22.352279],[105.086531,22.350449],[105.087418,22.348827],[105.099564,22.346986],[105.100099,22.342566],[105.104146,22.336977],[105.105685,22.337249],[105.106039,22.334071],[105.108028,22.332187],[105.109277,22.323605],[105.111795,22.318355],[105.117625,22.313206],[105.118834,22.308932],[105.124393,22.305884],[105.128561,22.298902],[105.132367,22.296066],[105.131334,22.291863],[105.127124,22.281986],[105.119505,22.284629],[105.11702,22.282095],[105.105616,22.27852],[105.107324,22.266476],[105.101176,22.254229],[105.088918,22.250893],[105.08253,22.245751],[105.07766,22.238212],[105.075068,22.228532],[105.065031,22.230545],[105.059229,22.235757],[105.052344,22.234081],[105.046546,22.237848],[105.043113,22.238759],[105.039048,22.237154],[105.030399,22.240973],[105.027723,22.23817],[105.024533,22.237758],[105.020097,22.231912],[105.022426,22.224328],[105.013963,22.222584],[105.009115,22.224556],[105.007533,22.221672],[105.005622,22.224276],[105.005676,22.231097],[105.000856,22.234088],[104.995975,22.240367],[104.996389,22.246767],[104.994468,22.251303],[105.00059,22.260852],[105.008658,22.261879],[105.009995,22.267908],[105.012327,22.269301],[105.014885,22.266669],[105.021533,22.276412],[105.02983,22.282462],[105.040506,22.286564],[105.039017,22.284871],[105.042184,22.283475],[105.042688,22.280983],[105.046704,22.281812],[105.050061,22.300669],[105.048947,22.303605],[105.043598,22.306606],[105.045574,22.308065],[105.044842,22.311118],[105.04547,22.312567],[105.050807,22.314027],[105.059705,22.313088],[105.058887,22.32193],[105.061075,22.326406],[105.060029,22.329085],[105.061909,22.330164],[105.05429,22.336342],[105.051841,22.335824],[105.048975,22.344817],[105.041207,22.351916],[105.046589,22.357292]]]}},{"type":"Feature","properties":{"code":"02458","name":"Xã Trung Sơn","type":"Xã"},"geometry":{"type":"Polygon","coordinates":[[[105.418927,21.949419],[105.42313,21.9407],[105.420934,21.932756],[105.415708,21.927294],[105.416415,21.924478],[105.414379,21.921707],[105.41464,21.918474],[105.412772,21.915547],[105.40956,21.91423],[105.410539,21.910963],[105.42113,21.903141],[105.42535,21.905052],[105.428526,21.902975],[105.433312,21.905361],[105.438962,21.903256],[105.441539,21.906641],[105.443552,21.906489],[105.448833,21.903319],[105.45474,21.890895],[105.453057,21.887625],[105.448927,21.88667],[105.443495,21.877383],[105.438389,21.874883],[105.437228,21.870998],[105.432871,21.870851],[105.432307,21.868055],[105.424677,21.861092],[105.418413,21.865627],[105.411749,21.863271],[105.406626,21.866468],[105.397255,21.864325],[105.39585,21.860177],[105.397392,21.858117],[105.400486,21.858604],[105.403331,21.855271],[105.40851,21.852714],[105.409232,21.850214],[105.406379,21.846384],[105.406858,21.844197],[105.410447,21.841887],[105.410948,21.839824],[105.415058,21.838882],[105.416084,21.835293],[105.412853,21.831991],[105.418594,21.823838],[105.408803,21.809524],[105.404342,21.812029],[105.398298,21.807404],[105.395737,21.803087],[105.395256,21.797362],[105.393014,21.795629],[105.385537,21.79633],[105.381102,21.795079],[105.377946,21.790561],[105.377878,21.787675],[105.375422,21.786471],[105.373076,21.786786],[105.371496,21.790495],[105.36782,21.791603],[105.364029,21.790685],[105.36148,21.787478],[105.35574,21.792458],[105.356374,21.798807],[105.352762,21.802348],[105.33915,21.804985],[105.339771,21.808655],[105.337998,21.811878],[105.328894,21.817018],[105.324823,21.823241],[105.318958,21.825185],[105.312275,21.824532],[105.310946,21.829477],[105.318909,21.834505],[105.323364,21.833065],[105.32664,21.835426],[105.325327,21.837881],[105.328563,21.840182],[105.329851,21.846214],[105.327513,21.847244],[105.32804,21.854061],[105.325617,21.862863],[105.316453,21.867065],[105.314265,21.874568],[105.318255,21.876557],[105.320608,21.87999],[105.320344,21.884386],[105.32893,21.89067],[105.332903,21.900376],[105.333414,21.906213],[105.340148,21.909411],[105.342404,21.918733],[105.345037,21.918641],[105.34984,21.92159],[105.353647,21.918702],[105.353443,21.914756],[105.355855,21.910682],[105.359532,21.909105],[105.360215,21.907004],[105.362127,21.907162],[105.363924,21.902796],[105.369488,21.904408],[105.373147,21.903096],[105.381195,21.910158],[105.378924,21.916063],[105.381011,21.922165],[105.383247,21.920102],[105.38774,21.922068],[105.395504,21.930861],[105.396043,21.934735],[105.393396,21.937747],[105.394018,21.938833],[105.406113,21.943849],[105.408173,21.943244],[105.40863,21.94588],[105.415761,21.948634],[105.418927,21.949419]]]}},{"type":"Feature","properties":{"code":"01117","name":"Xã Trung Thịnh","type":"Xã"},"geometry":{"type":"Polygon","coordinates":[[[104.582235,22.738289],[104.582212,22.730804],[104.585872,22.727031],[104.587568,22.718241],[104.59114,22.714984],[104.590889,22.701318],[104.588133,22.689458],[104.5966,22.686688],[104.600037,22.674675],[104.606055,22.669225],[104.6072,22.664144],[104.599648,22.660016],[104.590929,22.650092],[104.58501,22.648401],[104.57782,22.651445],[104.573096,22.651362],[104.567262,22.641954],[104.557042,22.638345],[104.548259,22.6451],[104.533664,22.646714],[104.530449,22.65142],[104.523895,22.655506],[104.513384,22.649709],[104.508959,22.650492],[104.512077,22.659148],[104.508665,22.671289],[104.50501,22.677963],[104.509112,22.678761],[104.501985,22.693892],[104.501513,22.697897],[104.515027,22.700385],[104.52088,22.70543],[104.527066,22.706931],[104.539711,22.719378],[104.544618,22.721059],[104.550253,22.726471],[104.566963,22.72993],[104.573557,22.736685],[104.582235,22.738289]]]}},{"type":"Feature","properties":{"code":"02623","name":"Xã Trường Sinh","type":"Xã"},"geometry":{"type":"Polygon","coordinates":[[[105.332714,21.619532],[105.343085,21.620629],[105.348841,21.614242],[105.357339,21.609609],[105.360998,21.606351],[105.363906,21.59987],[105.367068,21.599056],[105.375013,21.592824],[105.372297,21.589387],[105.363727,21.589057],[105.35887,21.584459],[105.34814,21.562895],[105.341932,21.567305],[105.338389,21.564813],[105.340885,21.563588],[105.338141,21.559503],[105.339442,21.556796],[105.336506,21.55654],[105.336709,21.547699],[105.331726,21.5396],[105.333339,21.534021],[105.329363,21.531145],[105.327245,21.525936],[105.323629,21.526397],[105.323278,21.523755],[105.326875,21.520743],[105.328121,21.516591],[105.337308,21.513732],[105.33861,21.510144],[105.336828,21.508155],[105.338816,21.504152],[105.328943,21.505117],[105.323167,21.510979],[105.317631,21.51336],[105.306287,21.508519],[105.302419,21.50829],[105.298451,21.511131],[105.295782,21.516556],[105.294964,21.524286],[105.297403,21.532077],[105.295074,21.53637],[105.287201,21.5416],[105.269717,21.544206],[105.267063,21.54912],[105.271756,21.554399],[105.273025,21.552298],[105.275096,21.552763],[105.279018,21.550379],[105.284461,21.554265],[105.288973,21.553396],[105.294574,21.555421],[105.295972,21.559476],[105.29463,21.557767],[105.292532,21.557929],[105.291183,21.562068],[105.292842,21.563703],[105.290824,21.564014],[105.290842,21.565401],[105.295508,21.568353],[105.296703,21.567545],[105.301177,21.571797],[105.301725,21.569975],[105.303003,21.57032],[105.303363,21.572629],[105.312636,21.573512],[105.312745,21.576479],[105.311597,21.576458],[105.313589,21.580945],[105.315329,21.581323],[105.314477,21.583057],[105.317036,21.587785],[105.314489,21.59345],[105.319284,21.598034],[105.325156,21.596337],[105.333888,21.607125],[105.334193,21.614726],[105.332714,21.619532]]]}},{"type":"Feature","properties":{"code":"00808","name":"Xã Tát Ngà","type":"Xã"},"geometry":{"type":"Polygon","coordinates":[[[105.407737,23.138993],[105.410551,23.135955],[105.413233,23.137457],[105.416337,23.136585],[105.418224,23.127578],[105.420347,23.126439],[105.425443,23.127691],[105.431102,23.125359],[105.453399,23.122777],[105.4521,23.118202],[105.45301,23.114539],[105.444258,23.105922],[105.443554,23.103787],[105.44487,23.101937],[105.441464,23.094787],[105.437538,23.094041],[105.437321,23.091059],[105.438844,23.091623],[105.440145,23.086602],[105.432106,23.077539],[105.435316,23.072256],[105.434633,23.069901],[105.436884,23.065666],[105.42539,23.066072],[105.417972,23.064094],[105.415695,23.061301],[105.411621,23.062158],[105.409045,23.065993],[105.396911,23.061105],[105.392791,23.063892],[105.385076,23.053208],[105.369626,23.041444],[105.369097,23.038993],[105.360333,23.040793],[105.349605,23.039858],[105.346432,23.042939],[105.336985,23.043404],[105.338995,23.046512],[105.340474,23.045968],[105.339612,23.049878],[105.336548,23.051493],[105.3372,23.04957],[105.336108,23.04915],[105.336071,23.053029],[105.332392,23.05298],[105.331867,23.05668],[105.328833,23.056058],[105.331834,23.060005],[105.330468,23.062278],[105.332003,23.063479],[105.329994,23.063969],[105.330443,23.066654],[105.332213,23.067179],[105.332136,23.074515],[105.330115,23.074573],[105.33172,23.076026],[105.328296,23.083561],[105.323803,23.086528],[105.324995,23.099749],[105.323257,23.102207],[105.32373,23.107861],[105.331949,23.111867],[105.337502,23.109492],[105.339627,23.106314],[105.340067,23.109169],[105.344435,23.113201],[105.344292,23.118152],[105.346785,23.121794],[105.355745,23.116344],[105.361181,23.116891],[105.366135,23.120088],[105.377321,23.123392],[105.377623,23.124859],[105.383079,23.121176],[105.384918,23.123567],[105.392875,23.126548],[105.39323,23.133257],[105.398112,23.138713],[105.401147,23.139029],[105.402393,23.141059],[105.407737,23.138993]]]}},{"type":"Feature","properties":{"code":"02320","name":"Xã Tân An","type":"Xã"},"geometry":{"type":"Polygon","coordinates":[[[105.132367,22.296066],[105.139778,22.294796],[105.145607,22.290783],[105.147036,22.287256],[105.154675,22.27963],[105.154067,22.276391],[105.156717,22.271955],[105.161737,22.275659],[105.164814,22.275884],[105.16478,22.270107],[105.172113,22.258158],[105.170038,22.249736],[105.174034,22.244674],[105.170136,22.239598],[105.17397,22.234321],[105.183057,22.233764],[105.186364,22.235715],[105.189906,22.231924],[105.198934,22.228187],[105.198706,22.224876],[105.206762,22.224215],[105.208544,22.222157],[105.221959,22.222029],[105.224927,22.22562],[105.227754,22.221736],[105.224098,22.220584],[105.225097,22.216026],[105.231011,22.217694],[105.233281,22.213981],[105.236292,22.217631],[105.237548,22.217331],[105.234971,22.208519],[105.231537,22.207196],[105.235676,22.202008],[105.228748,22.194852],[105.230962,22.180475],[105.225978,22.180635],[105.221501,22.17758],[105.217405,22.178827],[105.215549,22.176302],[105.209789,22.178432],[105.207115,22.176374],[105.201762,22.176683],[105.19928,22.175067],[105.195922,22.166272],[105.190513,22.160535],[105.170006,22.16087],[105.165264,22.158645],[105.163848,22.156344],[105.160655,22.160277],[105.155574,22.161465],[105.152583,22.163919],[105.151144,22.168183],[105.146876,22.171512],[105.146532,22.175453],[105.143861,22.177175],[105.14107,22.185166],[105.131645,22.184174],[105.129516,22.179213],[105.125861,22.179018],[105.124559,22.175812],[105.119122,22.180154],[105.117479,22.184282],[105.110688,22.185579],[105.108095,22.18441],[105.105285,22.186399],[105.107199,22.188486],[105.095628,22.202625],[105.09463,22.205847],[105.091242,22.208593],[105.086889,22.208989],[105.084868,22.213062],[105.086455,22.217822],[105.081295,22.221158],[105.07675,22.22083],[105.074748,22.227861],[105.07766,22.238212],[105.08253,22.245751],[105.088918,22.250893],[105.101176,22.254229],[105.107324,22.266476],[105.105616,22.27852],[105.11702,22.282095],[105.119505,22.284629],[105.127329,22.2821],[105.132367,22.296066]]]}},{"type":"Feature","properties":{"code":"02470","name":"Xã Tân Long","type":"Xã"},"geometry":{"type":"Polygon","coordinates":[[[105.317247,21.939271],[105.328518,21.939212],[105.328893,21.934099],[105.332095,21.931817],[105.331499,21.929175],[105.335554,21.926099],[105.334992,21.923261],[105.34193,21.918175],[105.34019,21.909475],[105.333414,21.906213],[105.330817,21.893994],[105.32893,21.89067],[105.320344,21.884386],[105.320608,21.87999],[105.318255,21.876557],[105.314265,21.874568],[105.315572,21.871839],[105.308717,21.871935],[105.300786,21.866409],[105.29309,21.855272],[105.289168,21.856426],[105.277893,21.853942],[105.273939,21.857095],[105.271981,21.855449],[105.27114,21.848462],[105.268597,21.845685],[105.259172,21.852009],[105.257358,21.855475],[105.248277,21.853085],[105.246462,21.85073],[105.242238,21.850771],[105.243622,21.85197],[105.243616,21.856055],[105.240905,21.858304],[105.235003,21.858889],[105.230572,21.86229],[105.230032,21.860841],[105.227777,21.861156],[105.227404,21.856757],[105.225399,21.855228],[105.224742,21.85808],[105.220717,21.860291],[105.215805,21.86598],[105.212813,21.863083],[105.212159,21.859403],[105.208304,21.858175],[105.206104,21.860009],[105.20427,21.859511],[105.201643,21.853778],[105.199071,21.852388],[105.194663,21.852816],[105.19441,21.85077],[105.191915,21.84906],[105.187089,21.852371],[105.187702,21.858134],[105.193445,21.862815],[105.196939,21.871328],[105.202539,21.876092],[105.201851,21.88632],[105.198374,21.890363],[105.198099,21.897255],[105.192275,21.904425],[105.201702,21.915358],[105.210027,21.916703],[105.215125,21.915924],[105.217999,21.913573],[105.219987,21.915888],[105.222506,21.916178],[105.227481,21.913161],[105.23326,21.912671],[105.238199,21.915374],[105.243147,21.914145],[105.253144,21.917136],[105.256329,21.920863],[105.262642,21.922206],[105.267928,21.922261],[105.275511,21.917595],[105.281022,21.92075],[105.286191,21.920887],[105.290029,21.925508],[105.295561,21.923317],[105.298589,21.924383],[105.302442,21.922962],[105.305153,21.92835],[105.311028,21.932735],[105.31216,21.937154],[105.317247,21.939271]]]}},{"type":"Feature","properties":{"code":"02308","name":"Xã Tân Mỹ","type":"Xã"},"geometry":{"type":"Polygon","coordinates":[[[105.195539,22.306168],[105.209204,22.288237],[105.212905,22.293191],[105.215708,22.2937],[105.217355,22.286577],[105.216482,22.279371],[105.218341,22.278538],[105.219019,22.272728],[105.224192,22.269378],[105.224926,22.265273],[105.230142,22.264143],[105.231985,22.258727],[105.239167,22.259134],[105.241986,22.261348],[105.252811,22.258196],[105.258719,22.261078],[105.262714,22.261012],[105.269138,22.255048],[105.277506,22.264888],[105.277719,22.276758],[105.281318,22.276934],[105.284084,22.276272],[105.286506,22.273248],[105.290216,22.274126],[105.292827,22.271213],[105.295126,22.270901],[105.298458,22.267341],[105.298549,22.26386],[105.302369,22.263005],[105.303068,22.259399],[105.307102,22.257767],[105.313924,22.258948],[105.317368,22.256627],[105.325319,22.256057],[105.331502,22.258175],[105.336792,22.262392],[105.350998,22.263942],[105.351089,22.260731],[105.354697,22.254641],[105.345831,22.238502],[105.339549,22.235897],[105.338909,22.229765],[105.340436,22.22422],[105.338566,22.220807],[105.331577,22.216735],[105.328754,22.208652],[105.320467,22.207887],[105.320338,22.204999],[105.315728,22.204164],[105.3118,22.20804],[105.309353,22.206245],[105.302931,22.207619],[105.299417,22.206343],[105.296288,22.208378],[105.288314,22.208003],[105.265011,22.213173],[105.260273,22.207223],[105.255278,22.205815],[105.251637,22.199598],[105.245243,22.200002],[105.240515,22.196095],[105.23755,22.197201],[105.235678,22.202006],[105.231596,22.205978],[105.231713,22.207512],[105.234971,22.208519],[105.237736,22.217064],[105.236292,22.217631],[105.233281,22.213981],[105.231011,22.217694],[105.225097,22.216026],[105.224098,22.220584],[105.227754,22.221736],[105.224927,22.22562],[105.221959,22.222029],[105.208544,22.222157],[105.206762,22.224215],[105.198706,22.224876],[105.198934,22.228187],[105.189906,22.231924],[105.186364,22.235715],[105.183057,22.233764],[105.173929,22.234359],[105.170136,22.239598],[105.174034,22.244674],[105.170038,22.249736],[105.172113,22.258158],[105.16478,22.270107],[105.164814,22.275884],[105.161737,22.275659],[105.156717,22.271955],[105.154067,22.276391],[105.154675,22.27963],[105.147036,22.287256],[105.145607,22.290783],[105.140247,22.294586],[105.132495,22.295981],[105.128561,22.298902],[105.124393,22.305884],[105.119785,22.307958],[105.117625,22.313206],[105.11215,22.31794],[105.113546,22.321618],[105.120598,22.324571],[105.128063,22.333558],[105.133451,22.326578],[105.140167,22.327146],[105.142518,22.325031],[105.14632,22.324903],[105.153244,22.317473],[105.158799,22.318445],[105.163003,22.316032],[105.16447,22.31131],[105.167334,22.31123],[105.173668,22.306801],[105.182707,22.304245],[105.18398,22.305475],[105.190115,22.304389],[105.195539,22.306168]]]}},{"type":"Feature","properties":{"code":"01171","name":"Xã Tân Quang","type":"Xã"},"geometry":{"type":"Polygon","coordinates":[[[104.782453,22.622183],[104.79238,22.619954],[104.801453,22.621126],[104.806363,22.618275],[104.807225,22.612724],[104.826417,22.607086],[104.828213,22.603777],[104.833672,22.60437],[104.838595,22.602887],[104.844485,22.595217],[104.849698,22.59164],[104.858001,22.592572],[104.866083,22.590961],[104.870743,22.594059],[104.873873,22.594252],[104.878843,22.591401],[104.880461,22.583185],[104.889899,22.578188],[104.896239,22.580467],[104.899695,22.584169],[104.900906,22.589089],[104.908004,22.596565],[104.90633,22.600596],[104.907104,22.602751],[104.911712,22.600279],[104.91074,22.59364],[104.916426,22.595298],[104.919592,22.600583],[104.926454,22.592183],[104.931686,22.590916],[104.937134,22.593468],[104.941942,22.590667],[104.925781,22.563369],[104.9323,22.553284],[104.923937,22.545184],[104.921369,22.536092],[104.919203,22.535389],[104.917435,22.531457],[104.91876,22.526296],[104.915051,22.523353],[104.913352,22.524344],[104.900738,22.512179],[104.88647,22.487534],[104.883485,22.486799],[104.88298,22.48393],[104.884525,22.481601],[104.881062,22.476072],[104.87463,22.47612],[104.876546,22.481375],[104.872957,22.481619],[104.871688,22.477924],[104.865963,22.478813],[104.864011,22.477567],[104.858078,22.480344],[104.848262,22.482026],[104.847518,22.480584],[104.839892,22.479415],[104.823669,22.467719],[104.805942,22.472121],[104.796724,22.470724],[104.791443,22.472752],[104.793013,22.483913],[104.782274,22.490256],[104.782018,22.499617],[104.779102,22.504557],[104.780228,22.506744],[104.778912,22.509303],[104.781973,22.512623],[104.780384,22.519339],[104.784461,22.527852],[104.780128,22.534984],[104.783073,22.536714],[104.784502,22.539979],[104.790556,22.540682],[104.792192,22.546696],[104.790567,22.55156],[104.79663,22.551812],[104.798801,22.553896],[104.804701,22.561209],[104.805668,22.566542],[104.809281,22.568298],[104.810075,22.571414],[104.802705,22.579296],[104.801582,22.585884],[104.793099,22.59135],[104.791753,22.604365],[104.789745,22.606434],[104.79034,22.609162],[104.785751,22.613897],[104.785873,22.617351],[104.782453,22.622183]]]}},{"type":"Feature","properties":{"code":"02578","name":"Xã Tân Thanh","type":"Xã"},"geometry":{"type":"Polygon","coordinates":[[[105.453777,21.684563],[105.454795,21.680498],[105.457609,21.680591],[105.459285,21.676276],[105.465597,21.673185],[105.465422,21.669556],[105.469375,21.666227],[105.47124,21.654614],[105.46838,21.649145],[105.470584,21.645714],[105.474818,21.644509],[105.478206,21.64586],[105.486084,21.634837],[105.490028,21.634933],[105.497773,21.638703],[105.501286,21.630316],[105.496483,21.61827],[105.489458,21.619397],[105.486453,21.618126],[105.480629,21.619889],[105.472234,21.612992],[105.469715,21.608022],[105.465946,21.607456],[105.461134,21.596686],[105.461812,21.593981],[105.458245,21.590954],[105.459037,21.589276],[105.45559,21.589481],[105.452479,21.584974],[105.449133,21.584782],[105.448846,21.581404],[105.451012,21.580815],[105.451951,21.57816],[105.449622,21.575759],[105.450818,21.573834],[105.444012,21.565204],[105.440006,21.567354],[105.437903,21.565724],[105.430514,21.56975],[105.427618,21.568801],[105.4238,21.572457],[105.418857,21.574344],[105.415282,21.5795],[105.405195,21.586845],[105.395126,21.589914],[105.386262,21.589796],[105.38416,21.58817],[105.380417,21.58958],[105.367068,21.599056],[105.364931,21.598957],[105.360079,21.607287],[105.348841,21.614242],[105.342909,21.620737],[105.336909,21.62133],[105.332361,21.618786],[105.324746,21.622429],[105.328602,21.628611],[105.330217,21.626957],[105.334027,21.628388],[105.327557,21.633834],[105.327035,21.636642],[105.319451,21.642294],[105.31929,21.646489],[105.321203,21.649986],[105.329586,21.647858],[105.332096,21.656771],[105.344815,21.645965],[105.349399,21.639541],[105.356492,21.635814],[105.356774,21.633416],[105.362341,21.633914],[105.365553,21.631585],[105.370807,21.633129],[105.375397,21.627807],[105.384603,21.628656],[105.38893,21.626187],[105.392978,21.62809],[105.398308,21.62805],[105.398962,21.631099],[105.404196,21.630624],[105.404431,21.633459],[105.40684,21.634367],[105.408532,21.63273],[105.40844,21.62988],[105.412136,21.636548],[105.408944,21.640052],[105.408285,21.646122],[105.405157,21.649135],[105.404598,21.652317],[105.399947,21.654596],[105.398394,21.65779],[105.394288,21.660213],[105.387768,21.657667],[105.384872,21.659238],[105.38292,21.661776],[105.384366,21.66453],[105.390212,21.665058],[105.399681,21.673834],[105.4169,21.680457],[105.427225,21.679086],[105.435147,21.683724],[105.444162,21.684407],[105.449085,21.687683],[105.453777,21.684563]]]}},{"type":"Feature","properties":{"code":"01051","name":"Xã Tân Tiến","type":"Xã"},"geometry":{"type":"Polygon","coordinates":[[[104.789427,22.808005],[104.802485,22.80483],[104.804486,22.800999],[104.805963,22.801927],[104.808922,22.799895],[104.806508,22.787641],[104.809928,22.78521],[104.811679,22.779786],[104.814967,22.776989],[104.806115,22.771223],[104.807436,22.765714],[104.803307,22.760326],[104.803543,22.757958],[104.807656,22.755644],[104.811047,22.750559],[104.810379,22.745451],[104.807274,22.740207],[104.801366,22.737845],[104.800622,22.733738],[104.797921,22.731298],[104.776076,22.720364],[104.776092,22.711954],[104.781364,22.703968],[104.778287,22.698665],[104.771437,22.69599],[104.761759,22.700855],[104.75814,22.699864],[104.751144,22.701052],[104.74734,22.695033],[104.741757,22.692072],[104.740471,22.689026],[104.735252,22.687251],[104.731786,22.683074],[104.725001,22.69112],[104.725358,22.695684],[104.728212,22.698538],[104.730634,22.70691],[104.728593,22.713508],[104.730253,22.716509],[104.728785,22.722881],[104.724029,22.72285],[104.723367,22.725717],[104.7173,22.723616],[104.71029,22.725295],[104.711754,22.727385],[104.709073,22.731707],[104.704057,22.729828],[104.70202,22.733936],[104.696227,22.735546],[104.696775,22.740535],[104.700791,22.745394],[104.702834,22.745322],[104.702866,22.747602],[104.70431,22.748026],[104.703091,22.750573],[104.709796,22.751801],[104.709618,22.753934],[104.712339,22.75401],[104.711744,22.756382],[104.715157,22.756806],[104.71592,22.759025],[104.721221,22.76284],[104.731119,22.762968],[104.747685,22.772604],[104.753954,22.781341],[104.760423,22.783799],[104.764282,22.789971],[104.764911,22.795911],[104.776072,22.800603],[104.779259,22.806904],[104.789427,22.808005]]]}},{"type":"Feature","properties":{"code":"02545","name":"Xã Tân Trào","type":"Xã"},"geometry":{"type":"Polygon","coordinates":[[[105.452997,21.887471],[105.453627,21.880569],[105.462752,21.881453],[105.464484,21.872044],[105.461188,21.868135],[105.463683,21.861325],[105.465763,21.859433],[105.474924,21.860069],[105.473897,21.858172],[105.476728,21.854263],[105.474848,21.850317],[105.477414,21.846046],[105.480447,21.845801],[105.481318,21.843424],[105.485216,21.841392],[105.492821,21.841185],[105.497487,21.832633],[105.493432,21.828072],[105.495107,21.817587],[105.492863,21.804585],[105.497505,21.792908],[105.495572,21.783522],[105.492455,21.779218],[105.49362,21.775378],[105.500705,21.7706],[105.516645,21.774249],[105.525756,21.7679],[105.518003,21.755553],[105.513966,21.754798],[105.508994,21.750301],[105.502318,21.754289],[105.499168,21.750947],[105.492379,21.748201],[105.482546,21.751289],[105.476811,21.755666],[105.476641,21.757779],[105.472807,21.758711],[105.469806,21.76261],[105.46723,21.762535],[105.466437,21.766077],[105.462138,21.768812],[105.457195,21.767096],[105.44777,21.768388],[105.442958,21.766642],[105.449496,21.758585],[105.440265,21.756389],[105.439256,21.76051],[105.436818,21.761171],[105.433594,21.75974],[105.433772,21.756331],[105.431354,21.754844],[105.432182,21.75885],[105.428491,21.759371],[105.427898,21.762925],[105.420976,21.763918],[105.414655,21.772165],[105.41805,21.776036],[105.420927,21.774426],[105.424169,21.775274],[105.42425,21.778184],[105.43063,21.78136],[105.429048,21.784261],[105.431058,21.784765],[105.431016,21.787398],[105.425763,21.789634],[105.425478,21.791401],[105.430577,21.794035],[105.43225,21.796851],[105.429621,21.80365],[105.426569,21.806362],[105.421532,21.806721],[105.418872,21.809099],[105.422732,21.814222],[105.419729,21.816781],[105.413306,21.815843],[105.418594,21.823838],[105.412853,21.831991],[105.416084,21.835293],[105.415535,21.837987],[105.410948,21.839824],[105.410447,21.841887],[105.406858,21.844197],[105.406379,21.846384],[105.409232,21.850214],[105.408471,21.852779],[105.403331,21.855271],[105.400486,21.858604],[105.397464,21.85805],[105.396157,21.861921],[105.397255,21.864325],[105.406626,21.866468],[105.411229,21.863301],[105.418497,21.865609],[105.424677,21.861092],[105.432307,21.868055],[105.432871,21.870851],[105.437228,21.870998],[105.438389,21.874883],[105.443584,21.877474],[105.449054,21.886799],[105.452997,21.887471]]]}},{"type":"Feature","properties":{"code":"01243","name":"Xã Tân Trịnh","type":"Xã"},"geometry":{"type":"Polygon","coordinates":[[[104.71883,22.480795],[104.718072,22.474734],[104.721542,22.467949],[104.722245,22.461269],[104.724275,22.458873],[104.725072,22.448462],[104.72893,22.44305],[104.73708,22.438557],[104.741521,22.440797],[104.748345,22.45],[104.753728,22.454109],[104.780717,22.464658],[104.779417,22.459395],[104.783239,22.448106],[104.77838,22.444309],[104.776409,22.434685],[104.770991,22.430818],[104.765839,22.419595],[104.767287,22.414759],[104.766433,22.412646],[104.768226,22.411287],[104.766082,22.408965],[104.767586,22.406827],[104.774293,22.406386],[104.775617,22.404958],[104.774074,22.40185],[104.777563,22.397619],[104.779563,22.397276],[104.781747,22.390557],[104.774618,22.386701],[104.771826,22.391927],[104.769317,22.384225],[104.764439,22.383996],[104.762963,22.381388],[104.761432,22.382411],[104.75554,22.378422],[104.74917,22.379193],[104.747335,22.376709],[104.729412,22.376235],[104.72031,22.370012],[104.716799,22.372617],[104.712274,22.371448],[104.70394,22.379659],[104.690899,22.381196],[104.689237,22.379988],[104.679429,22.380395],[104.668527,22.383729],[104.662897,22.387869],[104.657786,22.387947],[104.655108,22.391372],[104.65262,22.389129],[104.646887,22.391645],[104.644506,22.394007],[104.644665,22.397553],[104.646942,22.400503],[104.64663,22.406275],[104.64996,22.409693],[104.649864,22.41377],[104.655928,22.418607],[104.645379,22.429821],[104.641953,22.431103],[104.643207,22.436369],[104.644733,22.437763],[104.645574,22.435581],[104.650894,22.432439],[104.649406,22.434482],[104.651585,22.436724],[104.651033,22.444654],[104.655524,22.446198],[104.66579,22.455365],[104.680395,22.46038],[104.681866,22.462883],[104.678809,22.467276],[104.686158,22.474226],[104.693138,22.474863],[104.696981,22.479804],[104.709152,22.478999],[104.715927,22.48152],[104.71883,22.480795]]]}},{"type":"Feature","properties":{"code":"00925","name":"Xã Tùng Bá","type":"Xã"},"geometry":{"type":"Polygon","coordinates":[[[105.102189,22.96241],[105.106548,22.959849],[105.115723,22.958322],[105.124473,22.959203],[105.127433,22.962282],[105.133121,22.96008],[105.135503,22.955988],[105.13465,22.951805],[105.139887,22.946304],[105.139772,22.940911],[105.1418,22.937343],[105.142069,22.932331],[105.140112,22.929809],[105.140085,22.926573],[105.140259,22.92347],[105.142269,22.921991],[105.139322,22.91885],[105.138707,22.914563],[105.134886,22.911657],[105.147495,22.88922],[105.147062,22.879566],[105.150402,22.873044],[105.151792,22.860714],[105.150424,22.859111],[105.141329,22.857438],[105.141171,22.851187],[105.14292,22.84714],[105.13683,22.844186],[105.135013,22.836904],[105.128563,22.839398],[105.12781,22.837341],[105.126344,22.837739],[105.117224,22.842158],[105.111844,22.837639],[105.10703,22.830478],[105.102901,22.829485],[105.096917,22.831887],[105.085931,22.831868],[105.073028,22.837274],[105.075341,22.844158],[105.072405,22.845773],[105.067034,22.844777],[105.062104,22.849847],[105.05605,22.851699],[105.055597,22.854204],[105.048003,22.856229],[105.044824,22.862673],[105.041874,22.863683],[105.040622,22.866465],[105.042808,22.867494],[105.047195,22.86632],[105.051031,22.874648],[105.055979,22.901532],[105.054842,22.904659],[105.057708,22.909885],[105.051119,22.923841],[105.052196,22.927139],[105.051137,22.932367],[105.052664,22.937335],[105.057366,22.942317],[105.057891,22.946824],[105.067567,22.950928],[105.072158,22.951112],[105.070316,22.95728],[105.085957,22.9585],[105.094522,22.95606],[105.097871,22.961773],[105.102189,22.96241]]]}},{"type":"Feature","properties":{"code":"00892","name":"Xã Tùng Vài","type":"Xã"},"geometry":{"type":"Polygon","coordinates":[[[104.879244,23.129633],[104.883464,23.127313],[104.880483,23.12448],[104.880976,23.117865],[104.879428,23.114996],[104.884641,23.10803],[104.889903,23.107835],[104.891543,23.10978],[104.893484,23.11474],[104.890387,23.117088],[104.893916,23.121633],[104.89877,23.116206],[104.909832,23.116711],[104.916574,23.114919],[104.918724,23.101872],[104.926571,23.096647],[104.927154,23.09284],[104.929863,23.08959],[104.935972,23.08683],[104.935601,23.084736],[104.938993,23.07908],[104.937806,23.076226],[104.942437,23.075794],[104.942024,23.068837],[104.939099,23.065337],[104.938958,23.062239],[104.941816,23.061251],[104.943674,23.0577],[104.941375,23.05441],[104.937253,23.053406],[104.936753,23.050882],[104.932351,23.047869],[104.931469,23.043953],[104.92584,23.042211],[104.91556,23.042853],[104.913546,23.041746],[104.911963,23.034383],[104.891171,23.02273],[104.897938,23.016723],[104.900425,23.00838],[104.897654,23.003576],[104.889255,23.000098],[104.883027,22.991353],[104.879635,22.990529],[104.876033,22.977413],[104.87276,22.976512],[104.87232,22.979084],[104.867493,22.979071],[104.866365,22.981793],[104.859118,22.978486],[104.848415,22.978541],[104.84458,22.98508],[104.84082,22.984032],[104.836049,22.986695],[104.83543,22.988783],[104.839145,22.991568],[104.837092,22.992805],[104.837967,22.995676],[104.836686,22.997437],[104.829235,22.99866],[104.831403,23.004178],[104.829861,23.008009],[104.830292,23.016049],[104.828557,23.019209],[104.828098,23.026332],[104.825829,23.027769],[104.82414,23.032394],[104.821128,23.033554],[104.819975,23.037643],[104.821443,23.050317],[104.820507,23.055239],[104.818985,23.057257],[104.813562,23.058212],[104.815508,23.065927],[104.811816,23.070503],[104.817151,23.074687],[104.815406,23.079608],[104.808987,23.080115],[104.806653,23.084048],[104.801137,23.115049],[104.803297,23.117313],[104.820772,23.11793],[104.823,23.110096],[104.825731,23.107633],[104.830803,23.115591],[104.835692,23.116156],[104.839348,23.111357],[104.839404,23.119299],[104.844474,23.117697],[104.848533,23.121788],[104.854328,23.123049],[104.85696,23.128824],[104.860286,23.129104],[104.860878,23.124693],[104.863089,23.123905],[104.872318,23.126292],[104.874664,23.125127],[104.879244,23.129633]]]}},{"type":"Feature","properties":{"code":"00967","name":"Xã Việt Lâm","type":"Xã"},"geometry":{"type":"Polygon","coordinates":[[[104.851046,22.729491],[104.863191,22.72657],[104.869835,22.72161],[104.879338,22.724634],[104.896241,22.722432],[104.900658,22.720521],[104.90404,22.72152],[104.907113,22.717605],[104.908735,22.710513],[104.910916,22.710261],[104.916314,22.704922],[104.920271,22.704427],[104.92755,22.699798],[104.931367,22.699781],[104.934193,22.697529],[104.93732,22.698055],[104.938034,22.693397],[104.941659,22.69375],[104.947019,22.68971],[104.95204,22.681673],[104.952165,22.678501],[104.963032,22.67125],[104.96418,22.66664],[104.961097,22.66213],[104.96145,22.659667],[104.958886,22.656505],[104.954681,22.65724],[104.950297,22.653871],[104.943269,22.641616],[104.946855,22.635325],[104.942395,22.627825],[104.943629,22.619405],[104.944799,22.613105],[104.948175,22.610087],[104.949468,22.605573],[104.947325,22.595293],[104.943378,22.591352],[104.941942,22.590667],[104.937134,22.593468],[104.931686,22.590916],[104.926454,22.592183],[104.919592,22.600583],[104.916426,22.595298],[104.91074,22.59364],[104.911809,22.600011],[104.9076,22.602065],[104.906765,22.606627],[104.900213,22.609266],[104.899011,22.61436],[104.895483,22.614142],[104.891786,22.61633],[104.891142,22.623293],[104.893617,22.62657],[104.898002,22.627164],[104.896824,22.630499],[104.898949,22.633493],[104.894793,22.646873],[104.888275,22.653395],[104.885349,22.652358],[104.882838,22.655581],[104.882612,22.662059],[104.87782,22.667551],[104.878083,22.671429],[104.880146,22.67407],[104.865498,22.678998],[104.864277,22.682149],[104.854588,22.687209],[104.851547,22.690501],[104.848821,22.695644],[104.8468,22.706999],[104.84004,22.711874],[104.838297,22.716976],[104.842889,22.723965],[104.851046,22.729491]]]}},{"type":"Feature","properties":{"code":"01156","name":"Xã Vĩnh Tuy","type":"Xã"},"geometry":{"type":"Polygon","coordinates":[[[104.86393,22.32356],[104.875672,22.319649],[104.877592,22.309861],[104.880699,22.306809],[104.886268,22.306809],[104.891168,22.309271],[104.894072,22.308309],[104.89606,22.309351],[104.895805,22.311712],[104.899269,22.313928],[104.898086,22.315273],[104.90071,22.31582],[104.910692,22.312922],[104.91766,22.305246],[104.918098,22.302621],[104.915318,22.297788],[104.921484,22.29237],[104.921441,22.289388],[104.915228,22.29065],[104.912397,22.2888],[104.9111,22.282428],[104.908165,22.280293],[104.905705,22.274967],[104.896325,22.276421],[104.891987,22.27231],[104.893301,22.269792],[104.906956,22.259011],[104.908777,22.250913],[104.911341,22.248508],[104.915914,22.248153],[104.9171,22.246149],[104.91828,22.240235],[104.913702,22.238501],[104.911637,22.232177],[104.911258,22.226733],[104.913664,22.22603],[104.911803,22.221097],[104.914042,22.215953],[104.91155,22.211668],[104.90532,22.213998],[104.903402,22.21163],[104.903811,22.206348],[104.899315,22.204169],[104.898954,22.199627],[104.894628,22.190169],[104.896987,22.186419],[104.893605,22.182748],[104.889412,22.186138],[104.886155,22.185048],[104.884793,22.18649],[104.88251,22.184592],[104.87892,22.185898],[104.874205,22.19569],[104.876429,22.198662],[104.875067,22.201103],[104.864985,22.202544],[104.86076,22.197371],[104.857002,22.198549],[104.855061,22.190234],[104.850949,22.186427],[104.845508,22.184922],[104.839771,22.179876],[104.834667,22.181125],[104.830014,22.177529],[104.827569,22.181348],[104.815602,22.186847],[104.810336,22.19467],[104.813566,22.203174],[104.810113,22.211547],[104.812535,22.215427],[104.818482,22.217051],[104.82139,22.219827],[104.819951,22.222886],[104.821074,22.228571],[104.82018,22.233641],[104.824726,22.233526],[104.83196,22.239906],[104.832206,22.242406],[104.84219,22.244494],[104.842909,22.248138],[104.839526,22.253995],[104.840446,22.257743],[104.836576,22.256848],[104.832348,22.259099],[104.823274,22.259042],[104.815355,22.2645],[104.81444,22.270696],[104.817575,22.271662],[104.819201,22.277669],[104.821826,22.278172],[104.823492,22.280757],[104.827948,22.281281],[104.830378,22.285396],[104.833122,22.285966],[104.836386,22.290023],[104.844492,22.290935],[104.849356,22.294088],[104.849878,22.29502],[104.845569,22.298178],[104.845523,22.300252],[104.849954,22.305504],[104.854795,22.306677],[104.858396,22.304213],[104.858774,22.315047],[104.861758,22.317776],[104.862402,22.322087],[104.86393,22.32356]]]}},{"type":"Feature","properties":{"code":"00913","name":"Xã Vị Xuyên","type":"Xã"},"geometry":{"type":"Polygon","coordinates":[[[104.995054,22.789479],[104.993073,22.786748],[104.994573,22.78191],[105.004189,22.773965],[105.007689,22.764029],[105.007231,22.761212],[105.00971,22.760315],[105.006952,22.755128],[105.006863,22.749377],[105.00304,22.746368],[104.999327,22.740353],[104.99535,22.737862],[104.992148,22.731428],[104.991708,22.722545],[104.987175,22.712327],[104.98792,22.696152],[104.986784,22.687934],[104.987218,22.68473],[104.988834,22.683944],[104.986405,22.682564],[104.986197,22.674875],[104.99015,22.668217],[104.997346,22.663841],[104.993563,22.660148],[104.990134,22.649885],[104.985156,22.647966],[104.980734,22.641703],[104.981493,22.635009],[104.975807,22.636209],[104.976156,22.631477],[104.969649,22.627984],[104.974744,22.622919],[104.971031,22.620588],[104.976541,22.610887],[104.97377,22.603357],[104.967959,22.603337],[104.966823,22.584583],[104.965553,22.582464],[104.96184,22.585074],[104.957766,22.593425],[104.959941,22.597027],[104.960289,22.603784],[104.95696,22.609688],[104.950289,22.596155],[104.943378,22.591352],[104.947325,22.595293],[104.949468,22.605573],[104.948175,22.610087],[104.944799,22.613105],[104.943629,22.619405],[104.942395,22.627825],[104.946855,22.635325],[104.943269,22.641616],[104.950297,22.653871],[104.954681,22.65724],[104.958103,22.656348],[104.959847,22.657498],[104.964186,22.666716],[104.961306,22.673558],[104.952153,22.678514],[104.95204,22.681673],[104.946942,22.689794],[104.941659,22.69375],[104.938034,22.693397],[104.93732,22.698055],[104.939948,22.700424],[104.941716,22.707663],[104.940839,22.712965],[104.945822,22.714003],[104.943508,22.717176],[104.943739,22.720252],[104.949213,22.724036],[104.95414,22.731526],[104.953123,22.736697],[104.954251,22.743845],[104.953085,22.745733],[104.95654,22.754587],[104.964528,22.756664],[104.970218,22.755504],[104.970402,22.757719],[104.96792,22.760304],[104.981627,22.76958],[104.980643,22.776262],[104.983751,22.782031],[104.984245,22.787491],[104.995054,22.789479]]]}},{"type":"Feature","properties":{"code":"01255","name":"Xã Xuân Giang","type":"Xã"},"geometry":{"type":"Polygon","coordinates":[[[104.651507,22.354897],[104.653295,22.352663],[104.651732,22.34856],[104.648188,22.345888],[104.652875,22.342215],[104.65155,22.340168],[104.652374,22.336059],[104.661115,22.333953],[104.663398,22.335033],[104.672015,22.329828],[104.67284,22.331598],[104.677646,22.332864],[104.682649,22.332435],[104.683758,22.330686],[104.690308,22.333497],[104.695892,22.331438],[104.69725,22.328711],[104.699673,22.330283],[104.704841,22.329422],[104.706533,22.328179],[104.707534,22.320753],[104.709788,22.319008],[104.708572,22.315937],[104.709541,22.314547],[104.707469,22.31256],[104.71129,22.309914],[104.713825,22.313943],[104.717849,22.315399],[104.719578,22.312803],[104.717781,22.306812],[104.714749,22.304429],[104.710726,22.304645],[104.706649,22.308086],[104.703489,22.307566],[104.699486,22.310984],[104.691793,22.31318],[104.689348,22.306747],[104.678884,22.302579],[104.67454,22.298281],[104.669911,22.297239],[104.671426,22.295029],[104.668522,22.283558],[104.670259,22.277135],[104.666271,22.276598],[104.664343,22.273474],[104.658527,22.274039],[104.650231,22.280539],[104.644854,22.27956],[104.641854,22.276355],[104.628747,22.287223],[104.623303,22.288075],[104.617285,22.286564],[104.613757,22.290821],[104.606756,22.292176],[104.593993,22.271321],[104.589448,22.269491],[104.585685,22.26395],[104.585921,22.25147],[104.578146,22.25155],[104.572821,22.243568],[104.569214,22.244855],[104.557232,22.241329],[104.551503,22.241919],[104.548178,22.249244],[104.54801,22.256474],[104.546065,22.258794],[104.546825,22.26278],[104.544353,22.277372],[104.552623,22.283828],[104.56092,22.2843],[104.565504,22.289468],[104.565426,22.292164],[104.569241,22.297122],[104.57892,22.303166],[104.579136,22.313212],[104.580405,22.314935],[104.582976,22.316608],[104.590688,22.317023],[104.594448,22.327693],[104.598393,22.325475],[104.603527,22.325129],[104.607141,22.328574],[104.612949,22.330066],[104.616263,22.335816],[104.624028,22.33532],[104.630547,22.34305],[104.633716,22.341457],[104.640916,22.347972],[104.642664,22.353257],[104.64587,22.352814],[104.651507,22.354897]]]}},{"type":"Feature","properties":{"code":"02449","name":"Xã Xuân Vân","type":"Xã"},"geometry":{"type":"Polygon","coordinates":[[[105.280803,21.991254],[105.285393,21.99043],[105.285922,21.984012],[105.288855,21.980135],[105.292114,21.977001],[105.296005,21.97674],[105.297955,21.973963],[105.294921,21.961244],[105.299765,21.95795],[105.305767,21.947482],[105.314345,21.945311],[105.315791,21.942956],[105.314432,21.940574],[105.315193,21.938322],[105.31201,21.937023],[105.311028,21.932735],[105.305153,21.92835],[105.302477,21.922981],[105.298589,21.924383],[105.295561,21.923317],[105.290029,21.925508],[105.286191,21.920887],[105.281198,21.920804],[105.275382,21.91758],[105.267928,21.922261],[105.262642,21.922206],[105.256329,21.920863],[105.253144,21.917136],[105.243147,21.914145],[105.238199,21.915374],[105.23326,21.912671],[105.227481,21.913161],[105.222506,21.916178],[105.219987,21.915888],[105.217999,21.913573],[105.214847,21.916009],[105.207512,21.915569],[105.205352,21.916769],[105.201332,21.915033],[105.19275,21.905623],[105.192963,21.902816],[105.185552,21.900101],[105.175663,21.904799],[105.173744,21.908298],[105.165006,21.907852],[105.161288,21.909246],[105.161082,21.91173],[105.167491,21.922875],[105.165528,21.924933],[105.160124,21.925419],[105.157397,21.929397],[105.154613,21.937234],[105.157914,21.945],[105.155658,21.950603],[105.16236,21.952225],[105.166182,21.955333],[105.170168,21.954569],[105.178681,21.966007],[105.182775,21.967921],[105.187856,21.976675],[105.198306,21.976669],[105.197186,21.97289],[105.199661,21.972528],[105.203275,21.974556],[105.212906,21.973276],[105.209108,21.983343],[105.212699,21.990946],[105.220575,21.983312],[105.22119,21.98011],[105.23093,21.981361],[105.247622,21.976464],[105.250904,21.981896],[105.26055,21.990312],[105.263363,21.991323],[105.273794,21.989626],[105.277632,21.994303],[105.280803,21.991254]]]}},{"type":"Feature","properties":{"code":"01108","name":"Xã Xín Mần","type":"Xã"},"geometry":{"type":"Polygon","coordinates":[[[104.524947,22.807472],[104.532434,22.804287],[104.535783,22.801058],[104.541376,22.799894],[104.549088,22.805826],[104.554319,22.807241],[104.556288,22.803027],[104.553438,22.798246],[104.555042,22.794856],[104.560464,22.791171],[104.566584,22.79247],[104.571296,22.7864],[104.568801,22.7755],[104.572405,22.775398],[104.579594,22.771664],[104.58436,22.772416],[104.590091,22.77081],[104.591777,22.767945],[104.593734,22.767827],[104.593856,22.765996],[104.598042,22.767702],[104.597632,22.765713],[104.595732,22.76532],[104.597485,22.761377],[104.595072,22.76192],[104.595737,22.759847],[104.594446,22.759026],[104.598552,22.75799],[104.59834,22.754639],[104.596084,22.754079],[104.597164,22.751309],[104.594675,22.750861],[104.59504,22.746483],[104.591559,22.742028],[104.579419,22.73718],[104.57312,22.736501],[104.566963,22.72993],[104.550253,22.726471],[104.544618,22.721059],[104.539711,22.719378],[104.527238,22.70705],[104.52088,22.70543],[104.515027,22.700385],[104.5019,22.698068],[104.495595,22.693115],[104.486761,22.69333],[104.475847,22.687818],[104.470235,22.690384],[104.465369,22.690033],[104.46441,22.692717],[104.453942,22.700558],[104.448363,22.70747],[104.437399,22.711239],[104.432561,22.710501],[104.43001,22.719894],[104.432118,22.725715],[104.428211,22.730986],[104.42561,22.729243],[104.4199,22.728828],[104.416374,22.726286],[104.413188,22.727545],[104.423668,22.738019],[104.454082,22.74966],[104.457416,22.752881],[104.459841,22.752286],[104.470324,22.757651],[104.482893,22.769729],[104.485968,22.770176],[104.491357,22.777856],[104.496881,22.778747],[104.499276,22.784335],[104.498441,22.786359],[104.513677,22.789783],[104.51672,22.796037],[104.519301,22.797476],[104.520178,22.804792],[104.524947,22.807472]]]}},{"type":"Feature","properties":{"code":"01006","name":"Xã Yên Cường","type":"Xã"},"geometry":{"type":"Polygon","coordinates":[[[105.375471,22.733665],[105.38436,22.729013],[105.388659,22.720388],[105.391974,22.719994],[105.401681,22.714396],[105.405915,22.71396],[105.411204,22.709405],[105.417656,22.709626],[105.422474,22.706613],[105.422499,22.699181],[105.423844,22.697573],[105.425796,22.699317],[105.430149,22.698564],[105.431703,22.696569],[105.44152,22.695987],[105.442217,22.689316],[105.446179,22.687272],[105.447154,22.684763],[105.44384,22.681924],[105.442629,22.677784],[105.433761,22.673553],[105.429438,22.667348],[105.423551,22.662985],[105.413819,22.666527],[105.403333,22.662921],[105.390347,22.655348],[105.383811,22.655004],[105.379957,22.64698],[105.380169,22.643306],[105.375006,22.639749],[105.365778,22.636503],[105.362693,22.635754],[105.361141,22.639448],[105.346753,22.640319],[105.345207,22.639259],[105.342087,22.640555],[105.336129,22.638646],[105.331862,22.640494],[105.328469,22.639403],[105.322212,22.634491],[105.325433,22.629913],[105.322161,22.62859],[105.322908,22.626483],[105.318033,22.623482],[105.316745,22.620101],[105.317046,22.616761],[105.314442,22.610984],[105.318262,22.604263],[105.317236,22.603799],[105.311971,22.606376],[105.311361,22.613583],[105.288985,22.613919],[105.286291,22.617193],[105.285881,22.622449],[105.288296,22.626291],[105.286872,22.630133],[105.283786,22.631119],[105.28286,22.635521],[105.301341,22.634202],[105.304006,22.636511],[105.30343,22.644867],[105.305504,22.648494],[105.304144,22.650916],[105.304936,22.653279],[105.302379,22.65486],[105.301938,22.658736],[105.297847,22.663768],[105.298995,22.669222],[105.301086,22.670607],[105.300841,22.680108],[105.296846,22.682947],[105.295004,22.691946],[105.286463,22.695534],[105.28687,22.701894],[105.284029,22.704862],[105.285185,22.7069],[105.293259,22.705567],[105.300185,22.705587],[105.308043,22.707924],[105.310032,22.706776],[105.315316,22.711262],[105.320162,22.712621],[105.325288,22.710583],[105.323504,22.705114],[105.332236,22.705221],[105.336798,22.703331],[105.338077,22.707406],[105.344293,22.713994],[105.336554,22.716929],[105.34209,22.72295],[105.348181,22.725369],[105.347214,22.727812],[105.350593,22.732503],[105.366779,22.730778],[105.375471,22.733665]]]}},{"type":"Feature","properties":{"code":"02248","name":"Xã Yên Hoa","type":"Xã"},"geometry":{"type":"Polygon","coordinates":[[[105.446764,22.49335],[105.457491,22.497215],[105.457747,22.50294],[105.461495,22.506921],[105.465854,22.516573],[105.465991,22.520655],[105.471986,22.529044],[105.482725,22.536507],[105.490025,22.535969],[105.498856,22.540253],[105.499761,22.542951],[105.51014,22.549654],[105.513614,22.558697],[105.518759,22.560117],[105.519699,22.563744],[105.535289,22.566849],[105.539667,22.571089],[105.542904,22.572753],[105.547917,22.572393],[105.551528,22.575902],[105.55883,22.572962],[105.560132,22.568583],[105.563633,22.564533],[105.561634,22.556664],[105.56565,22.552931],[105.563439,22.545831],[105.566245,22.54272],[105.556589,22.534418],[105.561473,22.534165],[105.560806,22.533001],[105.55541,22.531974],[105.56022,22.525599],[105.551342,22.521366],[105.545192,22.513203],[105.539048,22.512548],[105.524649,22.506145],[105.521486,22.499436],[105.51518,22.49802],[105.509087,22.499423],[105.50271,22.489959],[105.503476,22.488146],[105.500681,22.481814],[105.498234,22.482247],[105.496594,22.485188],[105.494228,22.483671],[105.497693,22.481443],[105.496855,22.478289],[105.499673,22.473219],[105.490052,22.469913],[105.487372,22.471628],[105.484064,22.470971],[105.47813,22.466435],[105.469572,22.463404],[105.460997,22.456302],[105.461348,22.441215],[105.460421,22.436558],[105.456047,22.4293],[105.455973,22.420372],[105.453473,22.413547],[105.454525,22.405671],[105.452051,22.397972],[105.436662,22.397633],[105.421269,22.390764],[105.41243,22.39316],[105.408316,22.392483],[105.404901,22.389295],[105.403239,22.381262],[105.397938,22.376356],[105.380965,22.402712],[105.379831,22.415945],[105.381788,22.428475],[105.380692,22.436653],[105.385883,22.454785],[105.395223,22.456728],[105.403056,22.463038],[105.40943,22.464278],[105.416876,22.469888],[105.4204,22.476272],[105.423667,22.488668],[105.42381,22.499819],[105.426708,22.502034],[105.431644,22.504857],[105.435378,22.499036],[105.434806,22.493661],[105.446764,22.49335]]]}},{"type":"Feature","properties":{"code":"02317","name":"Xã Yên Lập","type":"Xã"},"geometry":{"type":"Polygon","coordinates":[[[105.413905,22.160594],[105.404767,22.155504],[105.402133,22.159742],[105.397583,22.160448],[105.39939,22.162558],[105.397615,22.169914],[105.402736,22.176028],[105.402658,22.180791],[105.394092,22.181947],[105.389489,22.184276],[105.386028,22.183845],[105.376045,22.19047],[105.374288,22.18899],[105.371184,22.189767],[105.367797,22.194193],[105.360924,22.192752],[105.361934,22.198382],[105.3497,22.203278],[105.348202,22.207579],[105.328754,22.208652],[105.331577,22.216735],[105.338566,22.220807],[105.340436,22.22422],[105.338909,22.229765],[105.339549,22.235897],[105.345739,22.238392],[105.347449,22.243396],[105.353011,22.250595],[105.354711,22.255055],[105.351089,22.260731],[105.350998,22.263942],[105.356223,22.269538],[105.377456,22.271006],[105.394286,22.262426],[105.402104,22.264026],[105.411588,22.27215],[105.4153,22.270258],[105.419809,22.262735],[105.428738,22.258372],[105.435274,22.258556],[105.43885,22.254793],[105.437303,22.251506],[105.438566,22.244026],[105.436043,22.239623],[105.439804,22.237631],[105.441214,22.231357],[105.435757,22.228302],[105.434695,22.217102],[105.434147,22.215949],[105.431497,22.216368],[105.430832,22.214238],[105.443294,22.201035],[105.451586,22.189558],[105.455738,22.187012],[105.460809,22.189999],[105.460387,22.185404],[105.464239,22.181234],[105.461129,22.177544],[105.461165,22.172864],[105.463063,22.170965],[105.45988,22.167347],[105.454202,22.164538],[105.453853,22.161796],[105.442466,22.159712],[105.439788,22.157007],[105.437939,22.148209],[105.431933,22.14764],[105.42725,22.149457],[105.427235,22.156828],[105.42472,22.160199],[105.413905,22.160594]]]}},{"type":"Feature","properties":{"code":"00820","name":"Xã Yên Minh","type":"Xã"},"geometry":{"type":"Polygon","coordinates":[[[105.218061,23.129037],[105.208822,23.12311],[105.217712,23.116404],[105.218231,23.113589],[105.214419,23.113147],[105.204783,23.099723],[105.209159,23.096467],[105.220859,23.079026],[105.216703,23.074849],[105.210973,23.079425],[105.20479,23.079079],[105.201937,23.081031],[105.199209,23.071359],[105.195525,23.072097],[105.19389,23.070187],[105.194002,23.072121],[105.192221,23.072913],[105.187884,23.072461],[105.187725,23.074788],[105.184799,23.07583],[105.18696,23.076534],[105.186184,23.078367],[105.180176,23.079045],[105.179289,23.076591],[105.177417,23.077897],[105.175205,23.077035],[105.174535,23.078962],[105.173331,23.078645],[105.172573,23.083259],[105.165394,23.086688],[105.162121,23.082665],[105.155811,23.082261],[105.155958,23.080019],[105.153646,23.077724],[105.143975,23.071453],[105.139894,23.066904],[105.132461,23.052821],[105.123175,23.049222],[105.11841,23.051373],[105.115891,23.048214],[105.112366,23.046806],[105.108813,23.050512],[105.099247,23.054498],[105.09846,23.056698],[105.102926,23.063526],[105.095998,23.064042],[105.093526,23.070114],[105.090077,23.069441],[105.088943,23.071885],[105.085103,23.071148],[105.083766,23.073254],[105.083263,23.077425],[105.087232,23.080468],[105.086795,23.093867],[105.084153,23.094371],[105.076378,23.101734],[105.073542,23.101106],[105.07261,23.098891],[105.069572,23.099846],[105.0684,23.101735],[105.069994,23.104803],[105.064806,23.107425],[105.065432,23.113993],[105.057136,23.118141],[105.056572,23.121032],[105.048507,23.122803],[105.04751,23.125147],[105.050433,23.13021],[105.041961,23.13369],[105.04339,23.136321],[105.042982,23.142697],[105.046171,23.150221],[105.042067,23.157314],[105.042904,23.158717],[105.046322,23.155606],[105.047781,23.156734],[105.048859,23.154932],[105.050422,23.155904],[105.051128,23.154649],[105.05264,23.155434],[105.05295,23.153741],[105.058147,23.153646],[105.059673,23.149684],[105.063465,23.151146],[105.067506,23.148049],[105.068814,23.148608],[105.069113,23.146896],[105.071999,23.147695],[105.072094,23.144289],[105.074732,23.145528],[105.074527,23.142331],[105.076154,23.142298],[105.077082,23.13914],[105.07905,23.139965],[105.081627,23.136135],[105.085742,23.13658],[105.088065,23.146351],[105.089659,23.147571],[105.088855,23.150508],[105.093129,23.154155],[105.094129,23.164193],[105.097712,23.171476],[105.096576,23.172852],[105.098312,23.173286],[105.099302,23.171241],[105.102567,23.17167],[105.101895,23.169568],[105.103689,23.169487],[105.104684,23.167076],[105.099616,23.163396],[105.100915,23.161501],[105.107285,23.161665],[105.108441,23.163341],[105.110383,23.161669],[105.109933,23.15995],[105.111705,23.16079],[105.111889,23.159081],[105.11662,23.158279],[105.115286,23.154978],[105.123717,23.151618],[105.126417,23.138413],[105.132354,23.132792],[105.13737,23.132469],[105.140897,23.135023],[105.146236,23.133555],[105.148484,23.135069],[105.15169,23.133584],[105.154844,23.135175],[105.157,23.134266],[105.160824,23.137378],[105.161947,23.14046],[105.16533,23.139619],[105.168447,23.141552],[105.164444,23.141976],[105.162246,23.149014],[105.157656,23.152575],[105.155481,23.152093],[105.154441,23.157011],[105.150873,23.160796],[105.150558,23.168569],[105.146857,23.172864],[105.14679,23.177436],[105.145034,23.179976],[105.145016,23.188131],[105.141192,23.192152],[105.144706,23.193585],[105.145124,23.195889],[105.149465,23.195146],[105.158782,23.184229],[105.168403,23.178622],[105.167494,23.175415],[105.172326,23.175253],[105.168705,23.16946],[105.173125,23.163082],[105.174555,23.156963],[105.178972,23.158386],[105.179859,23.160769],[105.185759,23.164725],[105.202828,23.172257],[105.211173,23.172617],[105.224397,23.16984],[105.231233,23.172379],[105.235705,23.162548],[105.234095,23.158533],[105.235241,23.155949],[105.226971,23.152462],[105.225672,23.150221],[105.232936,23.144738],[105.225573,23.145386],[105.225419,23.141284],[105.222228,23.138627],[105.212333,23.142855],[105.208912,23.14165],[105.207532,23.135156],[105.218061,23.129037]]]}},{"type":"Feature","properties":{"code":"02365","name":"Xã Yên Nguyên","type":"Xã"},"geometry":{"type":"Polygon","coordinates":[[[105.131645,22.184174],[105.14107,22.185166],[105.143861,22.177175],[105.146532,22.175453],[105.146876,22.171512],[105.151144,22.168183],[105.152583,22.163919],[105.155574,22.161465],[105.160655,22.160277],[105.163848,22.156344],[105.165264,22.158645],[105.170006,22.16087],[105.179741,22.161559],[105.188695,22.15963],[105.190621,22.1572],[105.189746,22.146206],[105.192139,22.138665],[105.194644,22.134895],[105.196417,22.136129],[105.198719,22.133017],[105.198819,22.128396],[105.201668,22.126313],[105.204187,22.116213],[105.207703,22.113392],[105.210063,22.107071],[105.217051,22.098564],[105.219918,22.09928],[105.219214,22.090181],[105.214798,22.086362],[105.214869,22.081821],[105.206749,22.070895],[105.208236,22.062292],[105.203177,22.061139],[105.201418,22.058377],[105.201349,22.052785],[105.190549,22.041783],[105.184022,22.040072],[105.183058,22.037529],[105.174669,22.034346],[105.175705,22.028324],[105.172726,22.024107],[105.173619,22.017859],[105.171055,22.015695],[105.167526,22.016245],[105.167147,22.014255],[105.164191,22.012414],[105.158991,22.013016],[105.158522,22.015085],[105.154493,22.015589],[105.148826,22.020218],[105.145211,22.019983],[105.144229,22.023299],[105.138362,22.025414],[105.137703,22.029902],[105.138285,22.035935],[105.140559,22.037754],[105.138637,22.040166],[105.141606,22.041565],[105.142357,22.043761],[105.16357,22.053272],[105.163119,22.058222],[105.159221,22.058373],[105.156248,22.060761],[105.157676,22.063717],[105.147922,22.074862],[105.148004,22.080492],[105.152177,22.086677],[105.15624,22.087677],[105.158935,22.090847],[105.156893,22.09629],[105.15697,22.106499],[105.15398,22.107521],[105.152598,22.109993],[105.144708,22.109748],[105.141498,22.120607],[105.133013,22.1265],[105.130492,22.130329],[105.119368,22.1354],[105.119812,22.138467],[105.12586,22.142907],[105.128162,22.147289],[105.120418,22.15444],[105.123161,22.155109],[105.126811,22.159179],[105.12703,22.161121],[105.121398,22.167367],[105.123034,22.171969],[105.124822,22.172965],[105.124836,22.176838],[105.125967,22.179079],[105.129516,22.179213],[105.131645,22.184174]]]}},{"type":"Feature","properties":{"code":"02398","name":"Xã Yên Phú","type":"Xã"},"geometry":{"type":"Polygon","coordinates":[[[104.919135,22.239443],[104.92312,22.235877],[104.925077,22.224435],[104.92454,22.216763],[104.928658,22.211624],[104.930687,22.205196],[104.937158,22.194738],[104.943824,22.189279],[104.949392,22.179857],[104.96204,22.179574],[104.965834,22.175313],[104.971019,22.17277],[104.972557,22.170616],[104.971718,22.163858],[104.973899,22.156726],[104.992229,22.146287],[105.004415,22.136044],[105.007523,22.12807],[105.021926,22.106994],[105.023074,22.095326],[105.026604,22.092392],[105.027975,22.085849],[105.03051,22.083416],[105.027756,22.081289],[105.027729,22.072192],[105.022921,22.065428],[105.02213,22.062257],[105.023768,22.060407],[105.022517,22.057611],[105.01228,22.053714],[105.002593,22.059406],[104.998149,22.06025],[104.996493,22.063099],[104.990251,22.065838],[104.987946,22.063953],[104.982563,22.063823],[104.978054,22.053665],[104.970674,22.049042],[104.964625,22.04866],[104.962821,22.043328],[104.960628,22.042673],[104.958593,22.033959],[104.954778,22.035743],[104.949992,22.034382],[104.946138,22.035845],[104.940333,22.044505],[104.941581,22.052012],[104.934855,22.058702],[104.928017,22.061869],[104.921039,22.060764],[104.918298,22.058752],[104.912609,22.065271],[104.907754,22.062945],[104.902614,22.063812],[104.897731,22.07011],[104.894016,22.072273],[104.886626,22.070834],[104.881826,22.072228],[104.881159,22.074705],[104.873788,22.079694],[104.873269,22.08465],[104.871211,22.086316],[104.871328,22.092082],[104.864761,22.096487],[104.865023,22.112169],[104.863281,22.115255],[104.863641,22.118564],[104.860413,22.12212],[104.859237,22.128861],[104.861654,22.13239],[104.859519,22.135376],[104.863518,22.142209],[104.862256,22.147828],[104.859583,22.148073],[104.858814,22.152997],[104.854053,22.157165],[104.854985,22.161803],[104.853666,22.164017],[104.855553,22.170262],[104.852279,22.171672],[104.850374,22.175576],[104.848685,22.185144],[104.854974,22.190082],[104.857002,22.198549],[104.86076,22.197371],[104.864985,22.202544],[104.875067,22.201103],[104.876429,22.198662],[104.874205,22.19569],[104.87892,22.185898],[104.88251,22.184592],[104.884793,22.18649],[104.886155,22.185048],[104.889412,22.186138],[104.893654,22.182778],[104.896987,22.186419],[104.894628,22.190169],[104.898954,22.199627],[104.899315,22.204169],[104.903811,22.206348],[104.903402,22.21163],[104.90532,22.213998],[104.91155,22.211668],[104.913928,22.21559],[104.911803,22.221097],[104.913664,22.22603],[104.911258,22.226733],[104.912198,22.236275],[104.914313,22.238894],[104.919135,22.239443]]]}},{"type":"Feature","properties":{"code":"02473","name":"Xã Yên Sơn","type":"Xã"},"geometry":{"type":"Polygon","coordinates":[[[105.158486,21.927923],[105.160554,21.925151],[105.165528,21.924933],[105.167468,21.923],[105.161082,21.91173],[105.162102,21.908471],[105.173744,21.908298],[105.175663,21.904799],[105.184791,21.900203],[105.191184,21.90277],[105.195515,21.901179],[105.198303,21.89661],[105.19845,21.890148],[105.201851,21.88632],[105.202539,21.876092],[105.196939,21.871328],[105.193445,21.862815],[105.187702,21.858134],[105.186553,21.847336],[105.183426,21.845579],[105.179495,21.846038],[105.177575,21.848705],[105.169666,21.851916],[105.16741,21.851015],[105.165842,21.847475],[105.158688,21.845077],[105.158774,21.840434],[105.163286,21.83702],[105.161881,21.833004],[105.157406,21.829996],[105.157195,21.826214],[105.155001,21.825723],[105.154336,21.819367],[105.15157,21.815281],[105.15202,21.809745],[105.157269,21.805314],[105.156941,21.80082],[105.152814,21.794106],[105.147705,21.792806],[105.145704,21.787799],[105.139429,21.784743],[105.131543,21.789732],[105.129361,21.797352],[105.122849,21.805743],[105.117826,21.804396],[105.114472,21.800541],[105.109997,21.799688],[105.106282,21.802727],[105.104058,21.801731],[105.104713,21.806906],[105.100682,21.810785],[105.098215,21.817643],[105.092583,21.820886],[105.08903,21.827991],[105.077651,21.829922],[105.069734,21.839441],[105.079365,21.846252],[105.078574,21.858186],[105.082573,21.86112],[105.087257,21.860969],[105.095806,21.871572],[105.093546,21.874556],[105.095542,21.877459],[105.093374,21.881703],[105.094175,21.886449],[105.092022,21.891637],[105.096038,21.893586],[105.098283,21.892196],[105.103955,21.892742],[105.106949,21.901023],[105.121845,21.915269],[105.117302,21.91986],[105.118641,21.92534],[105.120937,21.925111],[105.126294,21.928179],[105.128414,21.924633],[105.127895,21.92068],[105.130148,21.919802],[105.132705,21.921093],[105.13365,21.923922],[105.138248,21.922156],[105.14582,21.928424],[105.154441,21.926681],[105.158486,21.927923]]]}},{"type":"Feature","properties":{"code":"02572","name":"Xã Đông Thọ","type":"Xã"},"geometry":{"type":"Polygon","coordinates":[[[105.341554,21.698943],[105.340924,21.692576],[105.344616,21.68926],[105.344553,21.686832],[105.342333,21.686624],[105.341652,21.684876],[105.34433,21.682536],[105.345884,21.675493],[105.327996,21.670508],[105.329682,21.668158],[105.327766,21.666375],[105.328622,21.660027],[105.332096,21.656771],[105.330502,21.653103],[105.330987,21.649558],[105.329531,21.647835],[105.321148,21.649978],[105.319219,21.646054],[105.319451,21.642294],[105.327035,21.636642],[105.327557,21.633834],[105.334059,21.628106],[105.330217,21.626957],[105.328602,21.628611],[105.32473,21.620162],[105.31955,21.616151],[105.314028,21.620425],[105.296409,21.623477],[105.290671,21.622285],[105.283047,21.613822],[105.272998,21.613482],[105.274783,21.611738],[105.270094,21.608063],[105.272888,21.607112],[105.269636,21.601794],[105.269841,21.603507],[105.264797,21.606548],[105.264538,21.611918],[105.266593,21.614569],[105.264551,21.616365],[105.266818,21.618872],[105.264819,21.620702],[105.26611,21.621814],[105.264293,21.627445],[105.261953,21.624441],[105.257825,21.623829],[105.252922,21.615708],[105.234559,21.618435],[105.232889,21.617518],[105.228028,21.62353],[105.224419,21.630989],[105.232226,21.636979],[105.237877,21.644776],[105.234959,21.667385],[105.237552,21.67086],[105.245386,21.673354],[105.249481,21.676345],[105.252171,21.680291],[105.252352,21.685547],[105.254425,21.685423],[105.257272,21.682442],[105.25954,21.685378],[105.261048,21.682559],[105.271643,21.676715],[105.274993,21.677715],[105.27525,21.6797],[105.282218,21.67886],[105.294768,21.68237],[105.302524,21.689944],[105.305022,21.689146],[105.307792,21.693495],[105.313508,21.696089],[105.318906,21.693413],[105.322074,21.69409],[105.324878,21.699162],[105.329777,21.6992],[105.336847,21.696575],[105.341554,21.698943]]]}},{"type":"Feature","properties":{"code":"01012","name":"Xã Đường Hồng","type":"Xã"},"geometry":{"type":"Polygon","coordinates":[[[105.449688,22.759425],[105.470438,22.755171],[105.468666,22.749545],[105.473713,22.74568],[105.478651,22.737937],[105.475074,22.728242],[105.476643,22.724241],[105.475248,22.72317],[105.475312,22.718881],[105.480089,22.714349],[105.481961,22.709468],[105.48493,22.707789],[105.490716,22.7078],[105.501716,22.699221],[105.503738,22.694773],[105.496517,22.692321],[105.493293,22.688443],[105.492653,22.676257],[105.489977,22.669693],[105.494936,22.665579],[105.497611,22.655249],[105.504758,22.6514],[105.502746,22.649604],[105.505033,22.649116],[105.513936,22.636555],[105.508929,22.634243],[105.502686,22.635109],[105.498993,22.633849],[105.494932,22.624822],[105.486032,22.617706],[105.482066,22.620223],[105.476512,22.620645],[105.474243,22.617226],[105.465188,22.614361],[105.460325,22.609157],[105.450546,22.607256],[105.451411,22.610504],[105.448561,22.61038],[105.449397,22.612698],[105.446738,22.612332],[105.445224,22.609041],[105.446587,22.607328],[105.442987,22.604775],[105.441995,22.610081],[105.437281,22.608857],[105.437869,22.604413],[105.434413,22.605494],[105.432842,22.603377],[105.42479,22.600832],[105.409808,22.612381],[105.409177,22.615833],[105.405401,22.619051],[105.40229,22.62546],[105.397293,22.627548],[105.394966,22.630895],[105.384624,22.62703],[105.375841,22.631577],[105.374605,22.633801],[105.37093,22.633149],[105.365942,22.63735],[105.375006,22.639749],[105.380169,22.643306],[105.379957,22.64698],[105.383811,22.655004],[105.390347,22.655348],[105.403333,22.662921],[105.413819,22.666527],[105.423551,22.662985],[105.425298,22.663887],[105.433761,22.673553],[105.442517,22.67764],[105.44384,22.681924],[105.44696,22.684047],[105.44682,22.686166],[105.442217,22.689316],[105.44152,22.695987],[105.431703,22.696569],[105.430149,22.698564],[105.425796,22.699317],[105.423844,22.697573],[105.422499,22.699181],[105.422474,22.706613],[105.417656,22.709626],[105.411204,22.709405],[105.405915,22.71396],[105.401681,22.714396],[105.391974,22.719994],[105.388659,22.720388],[105.384108,22.729267],[105.375471,22.733665],[105.383557,22.737744],[105.389678,22.744075],[105.394921,22.74345],[105.404136,22.73854],[105.420277,22.747462],[105.422393,22.744301],[105.425906,22.745288],[105.431405,22.743998],[105.435638,22.751285],[105.44633,22.748451],[105.44682,22.754881],[105.449688,22.759425]]]}},{"type":"Feature","properties":{"code":"00865","name":"Xã Đường Thượng","type":"Xã"},"geometry":{"type":"Polygon","coordinates":[[[105.14172,23.029725],[105.143653,23.030638],[105.145168,23.027526],[105.149527,23.023937],[105.153384,23.023182],[105.153881,23.020357],[105.15581,23.019571],[105.159995,23.020104],[105.162637,23.023847],[105.16465,23.023321],[105.165787,23.019913],[105.168797,23.019898],[105.171798,23.02265],[105.173676,23.019511],[105.176598,23.021314],[105.181384,23.019777],[105.181682,23.017021],[105.184519,23.014367],[105.183799,23.010824],[105.185192,23.007825],[105.188141,23.008892],[105.187294,23.011669],[105.198315,23.016144],[105.198944,23.01793],[105.202842,23.01968],[105.223067,23.010745],[105.226868,23.013527],[105.23102,23.012281],[105.245229,23.018557],[105.256115,23.029494],[105.263812,23.029452],[105.268525,23.028275],[105.271788,23.025506],[105.280584,23.026575],[105.284687,23.025533],[105.284631,23.01507],[105.296603,23.007554],[105.295052,23.006744],[105.295647,23.004347],[105.291628,23.000613],[105.286194,23.000916],[105.282036,22.996015],[105.279192,22.995326],[105.271264,22.984483],[105.270432,22.981637],[105.27265,22.977825],[105.270744,22.974367],[105.267415,22.973235],[105.269461,22.970141],[105.266225,22.966776],[105.26668,22.96056],[105.263096,22.954597],[105.252773,22.948268],[105.249095,22.940388],[105.248173,22.943708],[105.24098,22.946235],[105.238608,22.944697],[105.234586,22.948928],[105.232356,22.946966],[105.228568,22.947161],[105.225728,22.949524],[105.225934,22.951894],[105.223111,22.95185],[105.220507,22.954601],[105.218699,22.958501],[105.212895,22.957452],[105.208211,22.958536],[105.204293,22.960721],[105.20443,22.9634],[105.19782,22.965943],[105.197004,22.964566],[105.193156,22.964222],[105.18375,22.965298],[105.180466,22.96299],[105.176386,22.965857],[105.17368,22.964171],[105.166354,22.964429],[105.160896,22.962134],[105.157372,22.963136],[105.149839,22.961385],[105.139375,22.950589],[105.13465,22.951805],[105.135523,22.955922],[105.133121,22.96008],[105.13591,22.972704],[105.143089,22.982994],[105.141937,22.988611],[105.142978,22.996455],[105.138522,23.000108],[105.129108,22.999805],[105.125018,23.002712],[105.127898,23.009645],[105.126159,23.011645],[105.129749,23.018193],[105.134871,23.021088],[105.133353,23.029754],[105.137267,23.031464],[105.14172,23.029725]]]}},{"type":"Feature","properties":{"code":"01165","name":"Xã Đồng Tâm","type":"Xã"},"geometry":{"type":"Polygon","coordinates":[[[105.022741,22.562066],[105.023329,22.560156],[105.033252,22.560521],[105.038016,22.558051],[105.041716,22.553855],[105.043849,22.546997],[105.046979,22.546811],[105.049359,22.544574],[105.053693,22.535747],[105.053211,22.533347],[105.058057,22.529543],[105.057179,22.527717],[105.058777,22.526529],[105.059831,22.521163],[105.057741,22.519245],[105.05787,22.517049],[105.051833,22.514668],[105.052364,22.512967],[105.057977,22.509619],[105.065644,22.50954],[105.068749,22.507507],[105.069121,22.505388],[105.072165,22.504442],[105.072634,22.502087],[105.079972,22.499956],[105.081485,22.498454],[105.08188,22.49206],[105.084699,22.490168],[105.084802,22.487868],[105.087802,22.484491],[105.087524,22.482189],[105.081758,22.481428],[105.075953,22.478425],[105.074189,22.469372],[105.075203,22.467539],[105.062178,22.455731],[105.060674,22.450724],[105.062181,22.448831],[105.049137,22.44795],[105.046154,22.44378],[105.041179,22.441766],[105.034735,22.446403],[105.034427,22.448963],[105.031596,22.451142],[105.026787,22.45122],[105.01746,22.456248],[105.010009,22.457743],[105.00973,22.46275],[105.000251,22.470035],[105.001258,22.47215],[104.996171,22.47342],[104.994702,22.47569],[104.983215,22.475678],[104.983011,22.47855],[104.979284,22.483143],[104.976693,22.480999],[104.966979,22.480624],[104.960979,22.475641],[104.9515,22.473478],[104.94198,22.463197],[104.931409,22.468897],[104.928457,22.463921],[104.925945,22.463715],[104.911833,22.455006],[104.911951,22.444798],[104.906836,22.446347],[104.895912,22.45517],[104.895667,22.462096],[104.899578,22.467107],[104.897606,22.470361],[104.898158,22.475158],[104.89447,22.479518],[104.892291,22.479371],[104.890142,22.483161],[104.882997,22.485252],[104.883461,22.486744],[104.88647,22.487534],[104.893272,22.498392],[104.895941,22.505711],[104.899519,22.508664],[104.904004,22.516184],[104.910374,22.520179],[104.913352,22.524344],[104.915051,22.523353],[104.91876,22.526296],[104.917419,22.531293],[104.918336,22.533666],[104.921369,22.536092],[104.923937,22.545184],[104.928151,22.548034],[104.929242,22.550994],[104.9323,22.553284],[104.940648,22.550003],[104.944163,22.55011],[104.949213,22.546575],[104.952694,22.547372],[104.955305,22.544817],[104.952969,22.539675],[104.966257,22.534457],[104.966636,22.531016],[104.975345,22.524144],[104.97682,22.520398],[104.981488,22.521409],[104.983713,22.524529],[104.990966,22.521137],[104.99757,22.531246],[104.996746,22.536134],[104.993916,22.536719],[104.994529,22.547768],[104.997616,22.552069],[105.0007,22.552956],[105.00313,22.557696],[105.005426,22.558472],[105.010015,22.556212],[105.01736,22.561955],[105.022741,22.562066]]]}},{"type":"Feature","properties":{"code":"00721","name":"Xã Đồng Văn","type":"Xã"},"geometry":{"type":"Polygon","coordinates":[[[105.370522,23.319514],[105.383019,23.310839],[105.389317,23.30258],[105.399951,23.281498],[105.400239,23.276986],[105.406548,23.271298],[105.407975,23.266064],[105.406121,23.26063],[105.407361,23.255895],[105.417796,23.251921],[105.41907,23.236358],[105.411006,23.24047],[105.408364,23.239193],[105.408822,23.236855],[105.405711,23.235902],[105.402312,23.237362],[105.398341,23.233432],[105.395158,23.236608],[105.390781,23.234929],[105.388711,23.229795],[105.392415,23.227428],[105.392016,23.222783],[105.394435,23.222196],[105.394898,23.220266],[105.384307,23.217793],[105.379116,23.219214],[105.376532,23.212915],[105.372932,23.210949],[105.377295,23.206984],[105.374433,23.204878],[105.374752,23.203315],[105.371462,23.202256],[105.369071,23.205315],[105.366545,23.205663],[105.363768,23.203321],[105.360567,23.205712],[105.358857,23.205287],[105.359519,23.201862],[105.35163,23.200406],[105.351367,23.198985],[105.35467,23.195983],[105.351693,23.195348],[105.350739,23.193364],[105.346289,23.192728],[105.338291,23.196905],[105.339501,23.202317],[105.342949,23.205043],[105.343037,23.207176],[105.340695,23.20953],[105.340983,23.21474],[105.33264,23.211872],[105.332394,23.209271],[105.32829,23.20785],[105.327364,23.205783],[105.326031,23.205466],[105.325541,23.207152],[105.323502,23.206359],[105.323733,23.203553],[105.321338,23.203734],[105.319885,23.206341],[105.322075,23.211938],[105.304333,23.208576],[105.296595,23.218521],[105.297511,23.224903],[105.29464,23.226573],[105.29541,23.228254],[105.291882,23.230503],[105.290833,23.233232],[105.294831,23.235662],[105.294534,23.241838],[105.292726,23.245374],[105.291063,23.246308],[105.28941,23.243794],[105.282204,23.243293],[105.279677,23.245851],[105.274845,23.247369],[105.274847,23.249346],[105.280334,23.252843],[105.27668,23.25837],[105.275563,23.264166],[105.277845,23.269235],[105.276579,23.270687],[105.278362,23.272127],[105.278187,23.275691],[105.279716,23.277474],[105.28547,23.276493],[105.287543,23.280932],[105.301067,23.28637],[105.304251,23.289784],[105.307744,23.288065],[105.311669,23.288704],[105.335682,23.302961],[105.34412,23.311495],[105.345809,23.311009],[105.348368,23.315206],[105.359449,23.315843],[105.370522,23.319514]]]}},{"type":"Feature","properties":{"code":"01216","name":"Xã Đồng Yên","type":"Xã"},"geometry":{"type":"Polygon","coordinates":[[[104.770878,22.279395],[104.773403,22.276095],[104.781725,22.273163],[104.797031,22.276594],[104.801829,22.276094],[104.803168,22.27424],[104.808582,22.273874],[104.810057,22.271724],[104.81444,22.270696],[104.815355,22.2645],[104.823274,22.259042],[104.832348,22.259099],[104.836576,22.256848],[104.84051,22.257612],[104.839526,22.253995],[104.842799,22.248624],[104.842463,22.244714],[104.832206,22.242406],[104.83196,22.239906],[104.824726,22.233526],[104.82018,22.233641],[104.821074,22.228571],[104.819951,22.222886],[104.82139,22.219827],[104.818482,22.217051],[104.812535,22.215427],[104.810113,22.211547],[104.813566,22.203174],[104.810336,22.19467],[104.81882,22.184004],[104.819181,22.180765],[104.813905,22.175536],[104.806441,22.171592],[104.801672,22.171751],[104.799808,22.169996],[104.794033,22.171099],[104.789328,22.174546],[104.787383,22.1727],[104.779695,22.170743],[104.776828,22.175547],[104.770714,22.171408],[104.76507,22.171557],[104.763252,22.167668],[104.75404,22.17769],[104.754099,22.179182],[104.758041,22.180452],[104.755084,22.185567],[104.746665,22.186915],[104.741467,22.185324],[104.739336,22.187745],[104.738412,22.192597],[104.7337,22.196257],[104.73413,22.1976],[104.730131,22.196262],[104.723973,22.198713],[104.722989,22.205603],[104.724494,22.208525],[104.739617,22.208004],[104.746175,22.201679],[104.750453,22.201644],[104.759356,22.204889],[104.762723,22.209513],[104.762615,22.211588],[104.76616,22.212428],[104.76824,22.215485],[104.768565,22.219247],[104.76159,22.233835],[104.761907,22.237432],[104.756122,22.242031],[104.762564,22.2525],[104.753304,22.260185],[104.749292,22.266545],[104.741372,22.269597],[104.74134,22.272438],[104.746246,22.275076],[104.750345,22.275154],[104.752897,22.279496],[104.760638,22.27553],[104.763356,22.276493],[104.765487,22.275292],[104.767822,22.279602],[104.770878,22.279395]]]}},{"type":"Feature","properties":{"code":"01234","name":"Xã Yên Thành","type":""},"geometry":{"type":"Polygon","coordinates":[[[104.474895,22.480892],[104.487603,22.473142],[104.495678,22.470896],[104.497221,22.465564],[104.504426,22.465605],[104.512302,22.461392],[104.514617,22.464591],[104.517741,22.465007],[104.521224,22.471059],[104.526462,22.470374],[104.526342,22.46403],[104.536687,22.463493],[104.53793,22.461258],[104.541884,22.460984],[104.542978,22.459635],[104.541626,22.457332],[104.543832,22.452199],[104.550782,22.44927],[104.552647,22.445668],[104.555697,22.444008],[104.566014,22.441529],[104.5628,22.434825],[104.571597,22.434851],[104.575485,22.43294],[104.575466,22.419563],[104.56567,22.416615],[104.566945,22.415197],[104.56521,22.414462],[104.564643,22.403633],[104.558778,22.395146],[104.560536,22.391543],[104.556563,22.387966],[104.555993,22.384627],[104.549136,22.381166],[104.539442,22.384523],[104.527949,22.392103],[104.525055,22.391665],[104.520744,22.396178],[104.513914,22.398281],[104.507675,22.405432],[104.497391,22.404685],[104.490375,22.413165],[104.490517,22.419829],[104.478403,22.420749],[104.475897,22.422865],[104.467024,22.424154],[104.461744,22.435101],[104.457079,22.437728],[104.449241,22.449416],[104.448693,22.460927],[104.45616,22.464104],[104.458409,22.46826],[104.463825,22.472055],[104.464453,22.476412],[104.474895,22.480892]]]}}]}