{"type":"FeatureCollection","features":[{"type":"Feature","properties":{"code":"03151","name":"Phường Mường Lay","type":"Phường"},"geometry":{"type":"Polygon","coordinates":[[[103.133182,22.074178],[103.148208,22.067122],[103.15183,22.074003],[103.155811,22.075424],[103.164457,22.074508],[103.168766,22.079125],[103.171486,22.079729],[103.191261,22.069894],[103.200857,22.067937],[103.209046,22.069918],[103.214531,22.068522],[103.225686,22.063146],[103.243499,22.049367],[103.256193,22.047205],[103.277999,22.038901],[103.284167,22.03874],[103.289229,22.041393],[103.281489,22.028498],[103.276672,22.026727],[103.273526,22.02116],[103.266345,22.021141],[103.261523,22.014932],[103.263665,22.009183],[103.26612,22.007353],[103.267242,22.002205],[103.257086,21.976118],[103.264034,21.952861],[103.263867,21.949044],[103.262319,21.944288],[103.251,21.935038],[103.251009,21.932078],[103.248885,21.934216],[103.247925,21.938951],[103.246253,21.940353],[103.243361,21.939705],[103.239716,21.942476],[103.237691,21.952285],[103.223129,21.951393],[103.224511,21.95285],[103.222084,21.955626],[103.223265,21.957882],[103.217601,21.962357],[103.218829,21.964964],[103.217524,21.967933],[103.212976,21.968736],[103.201368,21.96274],[103.196867,21.964287],[103.191265,21.96266],[103.182786,21.970131],[103.174534,21.964559],[103.172463,21.964853],[103.172009,21.966447],[103.167812,21.957954],[103.162604,21.959116],[103.154552,21.964783],[103.149466,21.965701],[103.15125,21.969393],[103.140612,21.968126],[103.137765,21.970256],[103.135287,21.967988],[103.134752,21.971734],[103.131389,21.974375],[103.128505,21.974291],[103.125268,21.978776],[103.126095,21.979942],[103.115479,21.980556],[103.107596,21.988067],[103.10139,21.988932],[103.098806,22.001817],[103.1009,22.00845],[103.092133,22.020569],[103.083145,22.027867],[103.079745,22.028512],[103.073981,22.033534],[103.064771,22.038341],[103.055049,22.038249],[103.049251,22.046104],[103.045419,22.048438],[103.056021,22.053183],[103.059125,22.061366],[103.064234,22.063089],[103.077029,22.057165],[103.08503,22.058435],[103.094915,22.057588],[103.095137,22.066917],[103.091786,22.067303],[103.089781,22.070166],[103.09559,22.076207],[103.09571,22.083064],[103.100482,22.090508],[103.102479,22.101752],[103.112945,22.099421],[103.122023,22.09514],[103.128885,22.080038],[103.133182,22.074178]]]}},{"type":"Feature","properties":{"code":"03334","name":"Phường Mường Thanh","type":"Phường"},"geometry":{"type":"Polygon","coordinates":[[[103.031382,21.396725],[103.042701,21.396039],[103.044841,21.394792],[103.043455,21.392423],[103.04549,21.391862],[103.042615,21.390976],[103.043378,21.38555],[103.039336,21.385104],[103.040979,21.383644],[103.039839,21.38211],[103.041147,21.379876],[103.039786,21.379495],[103.039833,21.375905],[103.03675,21.37539],[103.038904,21.373451],[103.046289,21.375649],[103.060183,21.372309],[103.064363,21.374772],[103.068565,21.374224],[103.066657,21.371612],[103.073344,21.352029],[103.073084,21.346155],[103.077174,21.342147],[103.06658,21.343485],[103.059053,21.346436],[103.057515,21.352271],[103.050719,21.350366],[103.043765,21.351851],[103.041208,21.34763],[103.034937,21.347274],[103.034921,21.344156],[103.037185,21.342776],[103.03501,21.341347],[103.029412,21.342327],[103.028772,21.345164],[103.023092,21.344155],[103.023909,21.340099],[103.013986,21.339189],[103.013394,21.336851],[103.010315,21.33478],[103.005684,21.335542],[103.004479,21.344433],[103.007422,21.347372],[103.00498,21.347251],[103.004183,21.348296],[103.005771,21.349853],[102.999966,21.352295],[103.00024,21.35369],[103.003533,21.354224],[103.001295,21.361052],[103.004653,21.362135],[103.005136,21.367041],[103.001034,21.367796],[103.008117,21.377516],[103.007572,21.369957],[103.011739,21.374049],[103.011832,21.379417],[103.015027,21.377766],[103.019287,21.380753],[103.023241,21.379518],[103.027484,21.385892],[103.027158,21.391271],[103.029813,21.392256],[103.031382,21.396725]]]}},{"type":"Feature","properties":{"code":"03127","name":"Phường Điện Biên Phủ","type":"Phường"},"geometry":{"type":"Polygon","coordinates":[[[103.047196,21.454434],[103.061921,21.438862],[103.081846,21.436853],[103.083157,21.432026],[103.081735,21.429236],[103.084034,21.423831],[103.081175,21.421224],[103.086966,21.421448],[103.088476,21.416255],[103.083913,21.409409],[103.086432,21.402049],[103.085303,21.39994],[103.088925,21.39814],[103.08911,21.391884],[103.090997,21.383584],[103.092245,21.38335],[103.07842,21.375604],[103.071423,21.378513],[103.068435,21.377168],[103.068565,21.374224],[103.064363,21.374772],[103.060183,21.372309],[103.048993,21.375673],[103.039249,21.373321],[103.03675,21.37539],[103.039939,21.376104],[103.040995,21.383534],[103.039336,21.385104],[103.043529,21.385751],[103.042615,21.390976],[103.045421,21.391504],[103.043387,21.39254],[103.044841,21.394792],[103.032521,21.397244],[103.029813,21.392256],[103.027158,21.391271],[103.027484,21.385892],[103.023241,21.379518],[103.019287,21.380753],[103.015027,21.377766],[103.011832,21.379417],[103.011739,21.374049],[103.007572,21.369957],[103.006833,21.37199],[103.008756,21.376156],[103.003086,21.38014],[103.000612,21.395187],[102.993661,21.39963],[102.992789,21.406578],[102.994674,21.408087],[102.995832,21.414066],[102.999125,21.415581],[103.000932,21.420412],[103.00402,21.421489],[103.010238,21.416298],[103.015337,21.415462],[103.017119,21.411729],[103.022315,21.410266],[103.027664,21.412601],[103.028597,21.415855],[103.030863,21.4161],[103.02618,21.419246],[103.024289,21.423951],[103.025209,21.440785],[103.029064,21.445126],[103.026894,21.452309],[103.032043,21.453388],[103.040091,21.461221],[103.041584,21.457812],[103.047196,21.454434]]]}},{"type":"Feature","properties":{"code":"03301","name":"Xã Búng Lao","type":"Xã"},"geometry":{"type":"Polygon","coordinates":[[[103.25627,21.619029],[103.259614,21.620529],[103.265924,21.617562],[103.270468,21.617931],[103.276936,21.616024],[103.281827,21.612529],[103.285675,21.60786],[103.284213,21.602684],[103.286003,21.597822],[103.287667,21.597228],[103.28719,21.593308],[103.290684,21.588646],[103.297897,21.585025],[103.303754,21.580555],[103.304026,21.578726],[103.307162,21.577477],[103.308644,21.574443],[103.310989,21.573423],[103.311533,21.56945],[103.315471,21.569087],[103.32603,21.56396],[103.327737,21.557726],[103.3314,21.554135],[103.335443,21.552004],[103.343996,21.554601],[103.360467,21.54507],[103.362614,21.540719],[103.367557,21.539374],[103.375095,21.540057],[103.379651,21.536286],[103.382502,21.536428],[103.393998,21.529412],[103.393602,21.525918],[103.404456,21.502551],[103.404113,21.497283],[103.409309,21.49153],[103.40929,21.480119],[103.407443,21.481716],[103.402144,21.481809],[103.390213,21.479466],[103.383891,21.480201],[103.372865,21.477769],[103.363312,21.4723],[103.352962,21.474444],[103.348141,21.478006],[103.348133,21.486833],[103.343929,21.488558],[103.334891,21.496894],[103.333405,21.500368],[103.327908,21.500348],[103.319454,21.496988],[103.311826,21.499784],[103.305173,21.49795],[103.300552,21.501303],[103.290525,21.498284],[103.284708,21.502943],[103.277453,21.504597],[103.277214,21.506717],[103.270406,21.50969],[103.264571,21.516073],[103.257443,21.515604],[103.249037,21.520284],[103.236651,21.519188],[103.236369,21.521006],[103.238505,21.52303],[103.235544,21.529649],[103.231111,21.530832],[103.227339,21.528821],[103.22369,21.528993],[103.222649,21.532452],[103.223658,21.534358],[103.219404,21.549849],[103.222405,21.558557],[103.22119,21.561],[103.226275,21.564375],[103.230258,21.575963],[103.236889,21.580857],[103.241447,21.588064],[103.246427,21.592021],[103.244977,21.592833],[103.245159,21.597996],[103.247195,21.59996],[103.246502,21.603043],[103.247947,21.605345],[103.245055,21.617801],[103.254738,21.620487],[103.25627,21.619029]]]}},{"type":"Feature","properties":{"code":"03283","name":"Xã Chiềng Sinh","type":"Xã"},"geometry":{"type":"Polygon","coordinates":[[[103.383819,21.690252],[103.389174,21.683788],[103.3908,21.675234],[103.388606,21.664959],[103.390597,21.658848],[103.391256,21.646125],[103.388014,21.639621],[103.389736,21.638422],[103.390806,21.63201],[103.389099,21.624042],[103.391982,21.620784],[103.39096,21.613386],[103.388743,21.610532],[103.389075,21.606059],[103.38588,21.603911],[103.381767,21.590392],[103.378292,21.587904],[103.383495,21.582409],[103.390904,21.577711],[103.392198,21.574693],[103.402933,21.568435],[103.395821,21.565163],[103.391102,21.560965],[103.389746,21.557401],[103.393754,21.544403],[103.393998,21.529412],[103.382502,21.536428],[103.379651,21.536286],[103.375095,21.540057],[103.367557,21.539374],[103.362614,21.540719],[103.360467,21.54507],[103.343996,21.554601],[103.335443,21.552004],[103.3314,21.554135],[103.327737,21.557726],[103.32603,21.56396],[103.315471,21.569087],[103.311533,21.56945],[103.310989,21.573423],[103.308644,21.574443],[103.307162,21.577477],[103.304026,21.578726],[103.303754,21.580555],[103.297897,21.585025],[103.290684,21.588646],[103.28719,21.593308],[103.287667,21.597228],[103.286003,21.597822],[103.284213,21.602684],[103.285675,21.60786],[103.276936,21.616024],[103.270155,21.61799],[103.265924,21.617562],[103.259614,21.620529],[103.244952,21.6181],[103.242042,21.619648],[103.241221,21.622005],[103.231987,21.620776],[103.227674,21.623777],[103.224538,21.622583],[103.222842,21.624671],[103.216941,21.62457],[103.212637,21.628414],[103.210832,21.634513],[103.207822,21.634236],[103.207097,21.632382],[103.205241,21.633689],[103.204722,21.632219],[103.198435,21.63222],[103.194293,21.644689],[103.187683,21.645426],[103.181509,21.640686],[103.174018,21.637992],[103.169872,21.639613],[103.162318,21.638641],[103.157465,21.640424],[103.15427,21.639629],[103.151399,21.640219],[103.163716,21.645258],[103.167459,21.648367],[103.171784,21.648329],[103.17153,21.649822],[103.176685,21.653315],[103.176438,21.655655],[103.180731,21.655084],[103.180424,21.65667],[103.184488,21.658233],[103.185004,21.6602],[103.188303,21.660595],[103.191006,21.663199],[103.189902,21.664537],[103.191751,21.665955],[103.192453,21.670103],[103.198862,21.671236],[103.199054,21.673299],[103.206845,21.678473],[103.208906,21.682911],[103.211384,21.684126],[103.213282,21.682593],[103.217623,21.6835],[103.224281,21.680872],[103.226039,21.682145],[103.22686,21.680728],[103.231083,21.682099],[103.234729,21.680793],[103.236145,21.677227],[103.241223,21.673698],[103.240641,21.670819],[103.243333,21.668321],[103.256075,21.676449],[103.25673,21.680765],[103.261217,21.680474],[103.264281,21.681989],[103.268274,21.678028],[103.27348,21.678302],[103.274969,21.672904],[103.276533,21.672248],[103.283876,21.672864],[103.289899,21.670342],[103.291723,21.671406],[103.293695,21.667014],[103.298447,21.664874],[103.315395,21.66456],[103.318273,21.673481],[103.315939,21.676959],[103.31714,21.681099],[103.323613,21.682476],[103.328263,21.679968],[103.33246,21.67992],[103.340764,21.687198],[103.357223,21.686044],[103.383819,21.690252]]]}},{"type":"Feature","properties":{"code":"03175","name":"Xã Chà Tở","type":"Xã"},"geometry":{"type":"Polygon","coordinates":[[[102.932038,22.103333],[102.936314,22.086741],[102.928182,22.076897],[102.929481,22.068359],[102.933795,22.066311],[102.93634,22.068092],[102.944251,22.066287],[102.94702,22.058324],[102.954409,22.056079],[102.957037,22.051818],[102.960811,22.049656],[102.961467,22.045226],[102.964887,22.04201],[102.961341,22.037389],[102.965622,22.032853],[102.969523,22.029931],[102.978678,22.031083],[102.990895,22.021561],[102.991997,22.019249],[102.98938,22.01118],[102.993014,22.010732],[102.988962,22.005672],[102.992621,22.006435],[102.999708,22.002209],[103.004679,21.985511],[103.006089,21.978476],[103.004273,21.968169],[103.005793,21.963664],[103.005343,21.956183],[103.009317,21.952882],[103.007713,21.951698],[103.009292,21.949137],[103.007317,21.945708],[103.010892,21.943826],[103.009142,21.941948],[103.012627,21.941714],[103.011218,21.938822],[103.014034,21.938981],[103.016865,21.936682],[103.017081,21.933898],[103.019754,21.933176],[103.017984,21.932758],[103.0174,21.930466],[103.020912,21.931287],[103.022387,21.92801],[103.023983,21.929315],[103.023416,21.926391],[103.026438,21.9272],[103.026252,21.923297],[103.027458,21.923006],[103.024492,21.921078],[103.024438,21.91905],[103.022575,21.918985],[103.020724,21.914348],[103.016945,21.91373],[103.016287,21.911077],[103.01407,21.910033],[103.014063,21.911915],[103.01106,21.911319],[103.013349,21.906319],[103.01862,21.901854],[103.015751,21.901601],[103.01721,21.895733],[103.011827,21.893441],[103.011767,21.891975],[103.00827,21.891404],[103.006284,21.888243],[103.004192,21.889027],[103.004336,21.887418],[103.002098,21.886549],[103.002335,21.883743],[103.000611,21.882774],[103.001198,21.879996],[102.981916,21.87377],[102.972977,21.873462],[102.970258,21.874757],[102.970203,21.877817],[102.961864,21.88314],[102.957781,21.884025],[102.955565,21.886721],[102.946962,21.885786],[102.941398,21.888197],[102.944784,21.898767],[102.94252,21.900871],[102.943713,21.907875],[102.940266,21.912944],[102.942175,21.914572],[102.941247,21.92074],[102.946683,21.927395],[102.946319,21.936097],[102.95207,21.94152],[102.951,21.944205],[102.953285,21.946072],[102.953408,21.949221],[102.937282,21.95528],[102.935771,21.954053],[102.930837,21.954463],[102.924907,21.950624],[102.918523,21.953606],[102.915883,21.952639],[102.913355,21.94697],[102.906771,21.94456],[102.901529,21.955737],[102.896298,21.961854],[102.88426,21.968227],[102.879936,21.967418],[102.872316,21.970763],[102.872986,21.978513],[102.870312,21.98017],[102.87097,21.982952],[102.86949,21.984978],[102.874108,21.987159],[102.870103,21.990916],[102.87184,21.994904],[102.867514,21.994668],[102.862646,22.001055],[102.855379,22.0006],[102.847593,22.01122],[102.852675,22.012021],[102.85329,22.018176],[102.855368,22.02034],[102.851228,22.029089],[102.851003,22.034943],[102.861307,22.038163],[102.862789,22.045304],[102.8613,22.04786],[102.857212,22.049596],[102.856724,22.050734],[102.858954,22.051239],[102.862263,22.056436],[102.860723,22.059561],[102.863084,22.059813],[102.863095,22.066377],[102.86782,22.077109],[102.879134,22.080255],[102.883871,22.076979],[102.889628,22.076088],[102.890208,22.074366],[102.892721,22.076611],[102.897301,22.075829],[102.906516,22.08677],[102.911057,22.087287],[102.91357,22.090224],[102.925345,22.091093],[102.926296,22.095227],[102.924493,22.099127],[102.924365,22.108223],[102.926042,22.10531],[102.932038,22.103333]]]}},{"type":"Feature","properties":{"code":"03166","name":"Xã Mường Chà","type":"Xã"},"geometry":{"type":"Polygon","coordinates":[[[102.767597,22.117248],[102.776673,22.104079],[102.77543,22.103336],[102.776372,22.101271],[102.781449,22.100502],[102.776598,22.094637],[102.777067,22.092614],[102.775318,22.090237],[102.777574,22.089406],[102.776591,22.08749],[102.785734,22.085492],[102.786717,22.083179],[102.789395,22.083443],[102.793746,22.08016],[102.809655,22.074168],[102.819137,22.06584],[102.831061,22.063949],[102.837485,22.064435],[102.839521,22.065952],[102.84246,22.064909],[102.85484,22.065835],[102.859146,22.059751],[102.860851,22.059804],[102.862263,22.056436],[102.858954,22.051239],[102.856719,22.050643],[102.862789,22.045304],[102.861693,22.039574],[102.860834,22.037664],[102.851003,22.034943],[102.851228,22.029089],[102.855368,22.02034],[102.85329,22.018176],[102.852675,22.012021],[102.847593,22.01122],[102.855379,22.0006],[102.862646,22.001055],[102.867514,21.994668],[102.87184,21.994904],[102.870103,21.990916],[102.874108,21.987159],[102.86949,21.984978],[102.87097,21.982952],[102.870312,21.98017],[102.872986,21.978513],[102.872316,21.970763],[102.879936,21.967418],[102.88426,21.968227],[102.896298,21.961854],[102.901529,21.955737],[102.906771,21.94456],[102.913355,21.94697],[102.915883,21.952639],[102.918523,21.953606],[102.924907,21.950624],[102.930837,21.954463],[102.935771,21.954053],[102.937282,21.95528],[102.953408,21.949221],[102.953285,21.946072],[102.951,21.944205],[102.95207,21.94152],[102.946319,21.936097],[102.946683,21.927395],[102.941247,21.92074],[102.942175,21.914572],[102.937865,21.917176],[102.931786,21.91336],[102.927961,21.904854],[102.92222,21.904562],[102.919145,21.901248],[102.910923,21.89766],[102.9103,21.898928],[102.905534,21.897883],[102.906562,21.893187],[102.904433,21.891427],[102.909399,21.890281],[102.907918,21.887603],[102.910901,21.883665],[102.909156,21.879301],[102.906114,21.877382],[102.907534,21.87499],[102.906424,21.872989],[102.898945,21.871063],[102.889459,21.871602],[102.884838,21.873838],[102.882508,21.880252],[102.871689,21.875872],[102.864067,21.880505],[102.86152,21.880502],[102.860507,21.87398],[102.864274,21.860695],[102.861941,21.857507],[102.851428,21.855552],[102.848808,21.843387],[102.843369,21.846634],[102.838826,21.844964],[102.83469,21.846407],[102.831699,21.84556],[102.830395,21.843132],[102.826372,21.843938],[102.817155,21.839784],[102.814433,21.841915],[102.815219,21.844188],[102.812933,21.848504],[102.812873,21.852438],[102.808919,21.852676],[102.800992,21.858621],[102.798979,21.860633],[102.799725,21.86416],[102.796654,21.863625],[102.792045,21.866597],[102.790153,21.864224],[102.785356,21.862408],[102.78265,21.858795],[102.780141,21.863147],[102.777046,21.863046],[102.774736,21.866099],[102.76853,21.86962],[102.7683,21.872981],[102.765053,21.876851],[102.754641,21.882253],[102.752554,21.88964],[102.744091,21.891049],[102.739292,21.888678],[102.737522,21.884677],[102.72731,21.886924],[102.724561,21.897065],[102.720597,21.902063],[102.716791,21.903606],[102.716895,21.906933],[102.711461,21.911303],[102.711771,21.913152],[102.709222,21.915349],[102.710451,21.918482],[102.709657,21.924327],[102.708764,21.928765],[102.707033,21.928835],[102.709967,21.931283],[102.707641,21.93298],[102.709496,21.936891],[102.704694,21.938184],[102.703747,21.937013],[102.702559,21.938302],[102.698752,21.947004],[102.700685,21.950413],[102.699889,21.953764],[102.697516,21.956286],[102.692395,21.956967],[102.689114,21.960091],[102.680766,21.960678],[102.678976,21.963061],[102.681068,21.966639],[102.679505,21.969872],[102.681133,21.976674],[102.685114,21.981111],[102.686203,21.98642],[102.687805,21.98693],[102.68693,21.989502],[102.680444,21.992758],[102.67772,21.996405],[102.675681,22.000326],[102.676466,22.003252],[102.680567,22.002162],[102.682493,22.003937],[102.690039,22.003471],[102.696145,22.008165],[102.697182,22.010624],[102.692612,22.013273],[102.691228,22.015824],[102.6965,22.02294],[102.696904,22.027343],[102.70091,22.033325],[102.703808,22.043024],[102.707195,22.042594],[102.708576,22.045172],[102.718605,22.049031],[102.722671,22.052654],[102.718821,22.058842],[102.717724,22.068342],[102.713041,22.072074],[102.720496,22.078724],[102.719348,22.083137],[102.716829,22.085234],[102.717737,22.089127],[102.722961,22.090754],[102.724986,22.095641],[102.733112,22.100776],[102.742585,22.101608],[102.745526,22.103664],[102.753335,22.102253],[102.756254,22.103136],[102.759525,22.109172],[102.758999,22.111802],[102.761981,22.115833],[102.767597,22.117248]]]}},{"type":"Feature","properties":{"code":"03214","name":"Xã Mường Luân","type":"Xã"},"geometry":{"type":"Polygon","coordinates":[[[103.365812,21.33337],[103.373933,21.328689],[103.377938,21.329807],[103.381625,21.328854],[103.389201,21.321295],[103.397909,21.316816],[103.415706,21.319658],[103.422284,21.311539],[103.431052,21.308294],[103.43968,21.287804],[103.439316,21.283961],[103.441474,21.2837],[103.441079,21.277297],[103.438103,21.27306],[103.438956,21.26335],[103.43222,21.256882],[103.431149,21.25277],[103.427885,21.254314],[103.426575,21.252412],[103.429789,21.245646],[103.430431,21.239077],[103.433308,21.23701],[103.434109,21.232792],[103.43185,21.223305],[103.43477,21.219369],[103.432262,21.212449],[103.432076,21.206249],[103.437446,21.199739],[103.438185,21.189961],[103.435392,21.182972],[103.436285,21.177864],[103.43406,21.167731],[103.423943,21.159447],[103.418624,21.161386],[103.414628,21.166562],[103.407931,21.161356],[103.40486,21.16319],[103.398965,21.175115],[103.392346,21.17177],[103.389171,21.174124],[103.372717,21.16823],[103.371135,21.164506],[103.36774,21.16516],[103.364813,21.169334],[103.36592,21.173648],[103.364052,21.176922],[103.364942,21.180876],[103.359145,21.184895],[103.357816,21.191974],[103.35589,21.19242],[103.35025,21.200231],[103.35464,21.205549],[103.350635,21.211537],[103.351652,21.213924],[103.347514,21.220738],[103.341698,21.222633],[103.335412,21.219626],[103.335896,21.218675],[103.329132,21.218522],[103.323793,21.214081],[103.318984,21.218831],[103.302014,21.219202],[103.295943,21.221842],[103.307513,21.229924],[103.311716,21.230254],[103.312024,21.234356],[103.314883,21.235601],[103.314812,21.240014],[103.320159,21.238884],[103.32905,21.24373],[103.328583,21.247753],[103.324679,21.251055],[103.326774,21.258087],[103.325096,21.26392],[103.328068,21.266088],[103.328073,21.270774],[103.332749,21.28017],[103.335904,21.281215],[103.334722,21.292773],[103.342926,21.29049],[103.352541,21.293801],[103.35118,21.294926],[103.349041,21.312154],[103.34538,21.316542],[103.341536,21.316975],[103.342707,21.321594],[103.348199,21.330788],[103.357215,21.33357],[103.36114,21.332241],[103.365812,21.33337]]]}},{"type":"Feature","properties":{"code":"03313","name":"Xã Mường Lạn","type":"Xã"},"geometry":{"type":"Polygon","coordinates":[[[103.300552,21.501303],[103.305245,21.497947],[103.313946,21.499509],[103.319454,21.496988],[103.327908,21.500348],[103.333405,21.500368],[103.334891,21.496894],[103.343929,21.488558],[103.348133,21.486833],[103.348141,21.478006],[103.352644,21.474529],[103.359727,21.472675],[103.364619,21.472509],[103.372865,21.477769],[103.383891,21.480201],[103.389954,21.479448],[103.395093,21.481428],[103.407443,21.481716],[103.410685,21.479454],[103.414343,21.465283],[103.409187,21.456369],[103.409477,21.450568],[103.406176,21.440975],[103.398338,21.434456],[103.391985,21.436878],[103.383554,21.433909],[103.377627,21.435943],[103.379187,21.429758],[103.37492,21.42744],[103.367606,21.42934],[103.360477,21.423607],[103.357007,21.425238],[103.352749,21.42448],[103.345946,21.429853],[103.343302,21.42922],[103.340535,21.426676],[103.335155,21.416139],[103.323198,21.414288],[103.317994,21.410704],[103.314765,21.411613],[103.308177,21.410321],[103.304973,21.407875],[103.299393,21.407872],[103.29155,21.402315],[103.289606,21.402956],[103.289409,21.410434],[103.285337,21.41592],[103.280052,21.418079],[103.273409,21.423992],[103.267394,21.425684],[103.265422,21.428717],[103.261241,21.420686],[103.262202,21.414923],[103.246515,21.42786],[103.241026,21.429641],[103.237641,21.424366],[103.232042,21.423217],[103.225956,21.426721],[103.230696,21.427909],[103.230974,21.429943],[103.221206,21.435527],[103.220618,21.438392],[103.223126,21.442674],[103.223133,21.44781],[103.226831,21.452838],[103.226535,21.455676],[103.232696,21.462012],[103.234764,21.470307],[103.240648,21.472249],[103.241624,21.476364],[103.255746,21.486673],[103.26935,21.489288],[103.277164,21.489117],[103.281263,21.490569],[103.2897,21.497986],[103.300552,21.501303]]]}},{"type":"Feature","properties":{"code":"03268","name":"Xã Mường Mùn","type":"Xã"},"geometry":{"type":"Polygon","coordinates":[[[103.308378,21.809362],[103.322349,21.805132],[103.327843,21.79747],[103.330994,21.79662],[103.332602,21.790814],[103.331045,21.787314],[103.334033,21.785293],[103.356289,21.785229],[103.369764,21.779614],[103.37343,21.77971],[103.380586,21.774032],[103.381004,21.769113],[103.385001,21.770665],[103.388031,21.767903],[103.391027,21.768648],[103.400025,21.776008],[103.410263,21.775105],[103.405688,21.764731],[103.407836,21.761144],[103.405694,21.750995],[103.406987,21.744794],[103.404282,21.741747],[103.405416,21.736348],[103.402263,21.732528],[103.401738,21.72413],[103.403536,21.718462],[103.407296,21.716202],[103.408175,21.711038],[103.41373,21.706596],[103.414587,21.703225],[103.413397,21.701542],[103.414807,21.69494],[103.412439,21.694696],[103.412613,21.691568],[103.408796,21.687554],[103.401504,21.684696],[103.400449,21.681956],[103.391793,21.680195],[103.389606,21.677868],[103.389174,21.683788],[103.383819,21.690252],[103.357223,21.686044],[103.340764,21.687198],[103.332537,21.679939],[103.328263,21.679968],[103.323613,21.682476],[103.31714,21.681099],[103.315939,21.676959],[103.318273,21.673481],[103.315395,21.66456],[103.298447,21.664874],[103.293695,21.667014],[103.291723,21.671406],[103.289899,21.670342],[103.283876,21.672864],[103.276533,21.672248],[103.274969,21.672904],[103.27348,21.678302],[103.268274,21.678028],[103.264281,21.681989],[103.261217,21.680474],[103.25673,21.680765],[103.256075,21.676449],[103.243333,21.668321],[103.240641,21.670819],[103.241223,21.673698],[103.236145,21.677227],[103.234729,21.680793],[103.231083,21.682099],[103.22686,21.680728],[103.226039,21.682145],[103.224281,21.680872],[103.217623,21.6835],[103.213282,21.682593],[103.211384,21.684126],[103.208906,21.682911],[103.206845,21.678473],[103.199054,21.673299],[103.198862,21.671236],[103.192453,21.670103],[103.191751,21.665955],[103.189902,21.664537],[103.191006,21.663199],[103.188303,21.660595],[103.185004,21.6602],[103.184488,21.658233],[103.180424,21.65667],[103.180731,21.655084],[103.176438,21.655655],[103.176685,21.653315],[103.17153,21.649822],[103.171784,21.648329],[103.167459,21.648367],[103.163716,21.645258],[103.151494,21.640271],[103.155498,21.652197],[103.1533,21.662587],[103.156919,21.666868],[103.153766,21.671742],[103.154094,21.676882],[103.150316,21.678861],[103.149407,21.682124],[103.162561,21.694945],[103.164372,21.699776],[103.162324,21.701378],[103.163634,21.704264],[103.162197,21.707723],[103.166713,21.71487],[103.164088,21.717369],[103.183353,21.718742],[103.191846,21.716202],[103.197957,21.719339],[103.203787,21.71632],[103.211299,21.716294],[103.215789,21.712224],[103.218663,21.713474],[103.235671,21.725553],[103.236378,21.731372],[103.234685,21.737605],[103.239733,21.750075],[103.25892,21.765123],[103.269457,21.779438],[103.273789,21.78152],[103.278502,21.78672],[103.283612,21.787682],[103.289962,21.79681],[103.298712,21.800829],[103.308378,21.809362]]]}},{"type":"Feature","properties":{"code":"03368","name":"Xã Mường Nhà","type":"Xã"},"geometry":{"type":"Polygon","coordinates":[[[103.126049,21.162683],[103.135124,21.15814],[103.148153,21.158686],[103.151662,21.160871],[103.15514,21.159445],[103.158289,21.156981],[103.162787,21.14924],[103.175225,21.149668],[103.181662,21.135439],[103.177793,21.129177],[103.17716,21.124402],[103.160827,21.119557],[103.15765,21.115474],[103.159353,21.112716],[103.160012,21.104019],[103.165699,21.099325],[103.163557,21.092018],[103.161064,21.089395],[103.161808,21.084687],[103.165237,21.078696],[103.163897,21.077564],[103.164044,21.073868],[103.157388,21.068592],[103.159414,21.06073],[103.147741,21.047295],[103.142546,21.044792],[103.140604,21.04074],[103.144018,21.039158],[103.146777,21.031372],[103.151109,21.031656],[103.152187,21.030057],[103.15821,21.028895],[103.162793,21.032475],[103.172907,21.033643],[103.177587,21.036515],[103.181291,21.034833],[103.187588,21.037255],[103.19147,21.036459],[103.194347,21.039256],[103.200108,21.039646],[103.20151,21.04146],[103.20421,21.040618],[103.210483,21.044296],[103.217054,21.045774],[103.227139,21.038564],[103.230057,21.039529],[103.241463,21.035965],[103.244177,21.038665],[103.246584,21.037042],[103.261998,21.03749],[103.267586,21.040452],[103.2712,21.038569],[103.279835,21.041213],[103.286554,21.034988],[103.285139,21.029701],[103.289097,21.02742],[103.287169,21.025681],[103.292312,21.024544],[103.28903,21.021073],[103.292046,21.020277],[103.291984,21.016773],[103.283398,21.013784],[103.287196,21.011121],[103.285282,21.00485],[103.280026,21.003867],[103.281305,20.998889],[103.28549,20.999508],[103.283612,20.997527],[103.290805,20.993837],[103.295512,20.984616],[103.298074,20.974696],[103.296373,20.968564],[103.298925,20.964777],[103.295938,20.96253],[103.295227,20.957849],[103.298143,20.947723],[103.29162,20.945225],[103.286012,20.948171],[103.280293,20.941959],[103.275256,20.939177],[103.274487,20.928387],[103.278113,20.924362],[103.276836,20.921329],[103.280235,20.919238],[103.288756,20.90885],[103.287249,20.905587],[103.281112,20.902552],[103.27891,20.897449],[103.27625,20.897546],[103.272739,20.902526],[103.268074,20.903162],[103.259015,20.897597],[103.257002,20.897594],[103.255665,20.897267],[103.255358,20.897042],[103.2592,20.896347],[103.263082,20.898341],[103.265882,20.895723],[103.267686,20.892668],[103.262008,20.887741],[103.257696,20.88679],[103.254338,20.888575],[103.253398,20.886715],[103.248431,20.887475],[103.248008,20.885905],[103.246392,20.886699],[103.243238,20.884805],[103.239644,20.887047],[103.237577,20.886494],[103.231582,20.895632],[103.216805,20.895938],[103.214776,20.89918],[103.210942,20.901255],[103.204216,20.90269],[103.200265,20.901665],[103.197663,20.906353],[103.191731,20.901436],[103.18722,20.902041],[103.183138,20.908473],[103.179261,20.908222],[103.173717,20.910494],[103.170916,20.914673],[103.167729,20.913847],[103.166994,20.91664],[103.164952,20.915941],[103.164644,20.910111],[103.157983,20.905376],[103.152909,20.905434],[103.15051,20.903396],[103.145734,20.906325],[103.143857,20.905137],[103.135525,20.908661],[103.134243,20.90665],[103.131516,20.906856],[103.127824,20.909356],[103.122444,20.904072],[103.118439,20.896276],[103.114221,20.896543],[103.109646,20.90017],[103.111235,20.906489],[103.109781,20.909903],[103.112564,20.911838],[103.110184,20.91742],[103.105076,20.918536],[103.10483,20.92374],[103.107126,20.925304],[103.103808,20.931664],[103.10409,20.93434],[103.100467,20.935735],[103.098548,20.934215],[103.092992,20.934404],[103.090931,20.936711],[103.088094,20.93715],[103.083197,20.943993],[103.085821,20.955702],[103.084079,20.970779],[103.079129,20.971177],[103.075238,20.979971],[103.070716,20.980635],[103.070632,20.984717],[103.068563,20.988328],[103.069948,20.991892],[103.067024,20.995386],[103.06509,20.995033],[103.060728,20.99847],[103.057298,21.005343],[103.058311,21.014474],[103.056208,21.013611],[103.054916,21.014939],[103.054135,21.019649],[103.051136,21.022555],[103.050015,21.02718],[103.047263,21.027342],[103.047042,21.030575],[103.04415,21.032273],[103.043727,21.035723],[103.038501,21.037734],[103.040114,21.045845],[103.033408,21.051645],[103.04345,21.070105],[103.047613,21.071204],[103.050764,21.068975],[103.054048,21.073316],[103.058336,21.07093],[103.061546,21.072595],[103.065919,21.088918],[103.063842,21.093883],[103.067273,21.096717],[103.065441,21.099029],[103.065427,21.107583],[103.069938,21.113283],[103.074291,21.115863],[103.070076,21.127457],[103.073911,21.12788],[103.074159,21.130976],[103.071934,21.130708],[103.07,21.133543],[103.076095,21.139557],[103.079723,21.136304],[103.085695,21.134467],[103.086659,21.136508],[103.08995,21.136893],[103.088902,21.138984],[103.093708,21.141755],[103.095021,21.144705],[103.105521,21.144715],[103.121421,21.160054],[103.126049,21.162683]]]}},{"type":"Feature","properties":{"code":"03160","name":"Xã Mường Nhé","type":"Xã"},"geometry":{"type":"Polygon","coordinates":[[[102.412551,22.331012],[102.423843,22.335621],[102.424356,22.339339],[102.421555,22.340934],[102.421825,22.34843],[102.42507,22.358522],[102.43604,22.361158],[102.447804,22.361104],[102.451996,22.355946],[102.452233,22.352868],[102.456959,22.349492],[102.455844,22.341746],[102.467245,22.333165],[102.470277,22.327966],[102.473862,22.326839],[102.474477,22.3192],[102.482103,22.312544],[102.484104,22.306866],[102.490086,22.303159],[102.490023,22.29804],[102.492158,22.294209],[102.494098,22.292396],[102.496883,22.293365],[102.50865,22.2784],[102.509961,22.275132],[102.509132,22.272197],[102.512812,22.266574],[102.513922,22.260387],[102.538828,22.243324],[102.543838,22.242029],[102.553821,22.243352],[102.554635,22.236882],[102.558671,22.233327],[102.557063,22.230339],[102.558602,22.228435],[102.558477,22.224105],[102.561664,22.223039],[102.564849,22.218048],[102.559303,22.213738],[102.561505,22.21302],[102.555607,22.211602],[102.56048,22.204425],[102.557793,22.201623],[102.55293,22.200655],[102.549729,22.198052],[102.54845,22.194743],[102.551522,22.191342],[102.549132,22.186858],[102.537309,22.188734],[102.532275,22.185361],[102.527736,22.185651],[102.526587,22.179335],[102.522803,22.177094],[102.522589,22.17434],[102.526529,22.16644],[102.529509,22.164951],[102.537156,22.15379],[102.530273,22.152256],[102.529852,22.146378],[102.526345,22.143745],[102.523287,22.144988],[102.523446,22.142941],[102.518889,22.138546],[102.518431,22.130907],[102.520607,22.128429],[102.518689,22.124356],[102.513353,22.122326],[102.510181,22.117574],[102.503268,22.115174],[102.503054,22.113569],[102.494621,22.113762],[102.49572,22.111213],[102.489844,22.106833],[102.488863,22.103073],[102.482534,22.103394],[102.484273,22.10239],[102.482774,22.099955],[102.479627,22.100648],[102.479237,22.098169],[102.475319,22.096563],[102.470752,22.085906],[102.453662,22.072196],[102.445793,22.074828],[102.441433,22.074255],[102.440573,22.078142],[102.445303,22.079223],[102.446033,22.084249],[102.437696,22.091462],[102.44069,22.099391],[102.437342,22.108737],[102.433861,22.112459],[102.434772,22.116616],[102.421806,22.116039],[102.415564,22.122041],[102.411618,22.123129],[102.408025,22.127996],[102.402666,22.12571],[102.39639,22.125558],[102.390208,22.126469],[102.384497,22.129497],[102.385823,22.135423],[102.384154,22.149382],[102.377934,22.153394],[102.375228,22.153397],[102.370263,22.158696],[102.367732,22.15905],[102.365683,22.163237],[102.358297,22.167081],[102.347268,22.163063],[102.337891,22.167099],[102.334953,22.166325],[102.334512,22.187852],[102.332179,22.188791],[102.330592,22.194593],[102.327322,22.194907],[102.322638,22.199046],[102.321339,22.202949],[102.315681,22.204646],[102.312731,22.207676],[102.30892,22.207972],[102.307781,22.203224],[102.303208,22.201101],[102.297367,22.205571],[102.294041,22.204677],[102.283808,22.207264],[102.279843,22.205033],[102.278495,22.206942],[102.279493,22.209706],[102.276413,22.212549],[102.278587,22.219892],[102.276607,22.222567],[102.271492,22.224964],[102.273095,22.228819],[102.272718,22.236238],[102.266905,22.237138],[102.26221,22.233719],[102.259759,22.236904],[102.258087,22.235075],[102.245253,22.236707],[102.240613,22.238754],[102.237861,22.248257],[102.247671,22.247325],[102.247605,22.244914],[102.249042,22.243857],[102.251089,22.245095],[102.251171,22.243642],[102.257642,22.246508],[102.258521,22.245699],[102.259467,22.248693],[102.263082,22.249988],[102.279134,22.250162],[102.289029,22.24833],[102.291233,22.2511],[102.292314,22.250205],[102.295157,22.252243],[102.294198,22.254456],[102.30044,22.258865],[102.301931,22.266265],[102.300299,22.272581],[102.305326,22.26802],[102.308188,22.2704],[102.30949,22.268134],[102.313567,22.267087],[102.313186,22.26544],[102.315329,22.266466],[102.316276,22.264572],[102.32085,22.263206],[102.322248,22.264348],[102.321345,22.267332],[102.323625,22.267639],[102.325722,22.270574],[102.324874,22.275604],[102.331175,22.286054],[102.333843,22.285382],[102.339232,22.29068],[102.347347,22.294099],[102.350989,22.298222],[102.357886,22.299855],[102.363422,22.305895],[102.366942,22.305035],[102.371885,22.307333],[102.380961,22.31443],[102.384572,22.315013],[102.391759,22.319861],[102.386503,22.325751],[102.387937,22.328256],[102.389179,22.326471],[102.393886,22.328302],[102.398486,22.325484],[102.397703,22.321312],[102.400833,22.321258],[102.408744,22.324219],[102.412551,22.331012]]]}},{"type":"Feature","properties":{"code":"03325","name":"Xã Mường Phăng","type":"Xã"},"geometry":{"type":"Polygon","coordinates":[[[103.06699,21.561576],[103.076734,21.559121],[103.07926,21.553465],[103.087601,21.548274],[103.087157,21.546482],[103.089567,21.545194],[103.088958,21.539198],[103.097016,21.526922],[103.099206,21.526166],[103.101139,21.516702],[103.104594,21.515928],[103.105434,21.513343],[103.108638,21.513364],[103.107256,21.51005],[103.11257,21.508565],[103.110237,21.503205],[103.11463,21.503245],[103.115187,21.497319],[103.117149,21.496343],[103.119946,21.489173],[103.125167,21.486747],[103.125155,21.483484],[103.131822,21.48209],[103.132582,21.479874],[103.136801,21.482379],[103.140406,21.481802],[103.143549,21.486106],[103.145038,21.485058],[103.148613,21.485955],[103.153683,21.492594],[103.156408,21.491552],[103.170618,21.49276],[103.173412,21.491218],[103.178518,21.485293],[103.179144,21.481811],[103.178441,21.474751],[103.18014,21.47092],[103.177231,21.467018],[103.178801,21.454357],[103.182447,21.448614],[103.181406,21.447052],[103.184812,21.442588],[103.184336,21.440939],[103.18777,21.437187],[103.183062,21.428342],[103.177582,21.423771],[103.17616,21.42056],[103.169592,21.42091],[103.163741,21.413281],[103.153834,21.405917],[103.146705,21.404909],[103.141349,21.406723],[103.140278,21.408632],[103.13753,21.407959],[103.129831,21.401276],[103.125554,21.400496],[103.122864,21.394752],[103.119035,21.394243],[103.114389,21.396452],[103.108456,21.389049],[103.102461,21.386156],[103.098033,21.386611],[103.091918,21.383262],[103.08911,21.391884],[103.089843,21.395591],[103.088925,21.39814],[103.085303,21.39994],[103.086432,21.402049],[103.083889,21.408795],[103.088342,21.416826],[103.086966,21.421448],[103.081175,21.421224],[103.084034,21.423831],[103.081735,21.429236],[103.083157,21.432026],[103.081846,21.436853],[103.061921,21.438862],[103.049096,21.450974],[103.047788,21.454262],[103.041322,21.458075],[103.040091,21.461221],[103.032106,21.453433],[103.027561,21.451547],[103.026256,21.45538],[103.028923,21.456732],[103.026096,21.458968],[103.029204,21.464178],[103.028226,21.467117],[103.024311,21.467858],[103.025092,21.471406],[103.028479,21.471403],[103.036912,21.478928],[103.037103,21.480472],[103.033412,21.483472],[103.032801,21.487762],[103.036988,21.495079],[103.035562,21.496451],[103.044675,21.497596],[103.042761,21.500628],[103.042962,21.504648],[103.039515,21.508098],[103.041388,21.510297],[103.040324,21.512224],[103.04819,21.517908],[103.045271,21.520984],[103.048135,21.523669],[103.048669,21.528587],[103.052736,21.526871],[103.052702,21.529565],[103.054731,21.529871],[103.054556,21.534448],[103.057745,21.535214],[103.054878,21.543311],[103.056088,21.545177],[103.05465,21.546174],[103.056269,21.54862],[103.057616,21.547923],[103.058489,21.550593],[103.057558,21.556323],[103.061704,21.557039],[103.062096,21.558298],[103.060253,21.55929],[103.062848,21.561248],[103.064815,21.560934],[103.065833,21.557424],[103.067606,21.557132],[103.06699,21.561576]]]}},{"type":"Feature","properties":{"code":"03202","name":"Xã Mường Pồn","type":"Xã"},"geometry":{"type":"Polygon","coordinates":[[[103.033531,21.689987],[103.052981,21.68612],[103.055336,21.686884],[103.056912,21.685426],[103.061456,21.686027],[103.063246,21.68234],[103.068868,21.684352],[103.072832,21.683092],[103.074227,21.680984],[103.08402,21.688578],[103.085586,21.68324],[103.083773,21.673295],[103.085405,21.670113],[103.094556,21.671457],[103.098091,21.674139],[103.102189,21.672987],[103.101495,21.670871],[103.10347,21.669251],[103.118013,21.669065],[103.123306,21.667],[103.133256,21.677624],[103.143926,21.675951],[103.153533,21.677708],[103.153766,21.671742],[103.156903,21.666316],[103.1533,21.662587],[103.155498,21.652197],[103.152308,21.641212],[103.141464,21.635163],[103.134502,21.626198],[103.128244,21.623436],[103.125072,21.623658],[103.118297,21.619316],[103.10668,21.615349],[103.10473,21.61298],[103.089992,21.614247],[103.088027,21.611026],[103.084591,21.609171],[103.082385,21.600981],[103.07638,21.592023],[103.069725,21.587289],[103.062251,21.585388],[103.060649,21.581598],[103.063142,21.57685],[103.061229,21.576762],[103.060992,21.574477],[103.063056,21.574428],[103.061499,21.568795],[103.062964,21.566232],[103.064786,21.566589],[103.065023,21.561814],[103.06699,21.561576],[103.067741,21.557249],[103.065833,21.557424],[103.065737,21.559789],[103.062933,21.561261],[103.060253,21.55929],[103.062096,21.558298],[103.061704,21.557039],[103.057558,21.556323],[103.058489,21.550593],[103.057616,21.547923],[103.056269,21.54862],[103.05465,21.546174],[103.056088,21.545177],[103.054878,21.543311],[103.057745,21.535214],[103.054556,21.534448],[103.054731,21.529871],[103.052702,21.529565],[103.052736,21.526871],[103.048669,21.528587],[103.048135,21.523669],[103.045271,21.520984],[103.04819,21.517908],[103.040338,21.512279],[103.041388,21.510297],[103.039515,21.508098],[103.042962,21.504648],[103.042761,21.500628],[103.044502,21.497332],[103.025485,21.493697],[103.017201,21.488658],[103.010093,21.495601],[102.999554,21.493297],[102.998463,21.490447],[102.995574,21.488829],[102.985293,21.486503],[102.979721,21.491491],[102.964862,21.496694],[102.950469,21.491891],[102.946219,21.485619],[102.941715,21.484221],[102.931532,21.48704],[102.927129,21.49009],[102.926035,21.494063],[102.915104,21.495318],[102.913181,21.502092],[102.913634,21.503621],[102.919299,21.50513],[102.918571,21.509517],[102.923071,21.511408],[102.928168,21.5166],[102.932785,21.51694],[102.931936,21.523941],[102.942077,21.526957],[102.943027,21.532431],[102.955568,21.540424],[102.957663,21.544248],[102.961396,21.546108],[102.958944,21.553479],[102.966879,21.560572],[102.969621,21.567028],[102.979714,21.572205],[102.984617,21.579662],[102.984877,21.582848],[102.991831,21.585724],[102.992931,21.590412],[102.991138,21.602661],[102.988151,21.605765],[102.98475,21.606479],[102.985919,21.611004],[102.984918,21.61381],[102.989248,21.615435],[102.986844,21.618311],[102.990164,21.622368],[102.985113,21.626572],[102.986973,21.628878],[102.982756,21.63581],[102.987035,21.636892],[102.984043,21.63993],[102.986657,21.644299],[102.980942,21.643673],[102.981425,21.648128],[102.979518,21.651679],[102.983459,21.654483],[102.980155,21.656959],[102.985015,21.655677],[102.989514,21.660254],[102.987662,21.663293],[102.999795,21.667506],[102.995372,21.670148],[102.997153,21.672198],[103.001607,21.67314],[102.998798,21.674028],[103.00073,21.677052],[102.999789,21.67862],[103.000927,21.680969],[102.998899,21.681938],[103.000286,21.683845],[103.010463,21.67892],[103.021813,21.678623],[103.027994,21.681405],[103.033531,21.689987]]]}},{"type":"Feature","properties":{"code":"03163","name":"Xã Mường Toong","type":"Xã"},"geometry":{"type":"Polygon","coordinates":[[[102.681837,22.256086],[102.693268,22.24841],[102.691792,22.246408],[102.701963,22.245294],[102.702483,22.243151],[102.705384,22.243378],[102.710294,22.238028],[102.713052,22.238548],[102.7153,22.241199],[102.716223,22.238459],[102.718098,22.239912],[102.721816,22.237656],[102.729639,22.237989],[102.728946,22.234903],[102.731208,22.235062],[102.731317,22.232363],[102.734892,22.23337],[102.735033,22.230071],[102.739277,22.228769],[102.740799,22.222797],[102.743294,22.222992],[102.743637,22.219437],[102.748773,22.216795],[102.750801,22.213678],[102.750609,22.208904],[102.754035,22.207404],[102.751404,22.206389],[102.749142,22.198217],[102.750284,22.192076],[102.747685,22.186516],[102.747425,22.177975],[102.743743,22.174051],[102.738565,22.172444],[102.736963,22.168718],[102.736796,22.162374],[102.74116,22.151416],[102.739152,22.144972],[102.742369,22.139583],[102.743856,22.131321],[102.748075,22.129132],[102.740092,22.114784],[102.729581,22.109729],[102.724109,22.109033],[102.719156,22.112242],[102.71583,22.118884],[102.712915,22.114185],[102.707708,22.113997],[102.699987,22.119574],[102.688623,22.111577],[102.687474,22.108903],[102.680271,22.105351],[102.673644,22.110208],[102.672281,22.114812],[102.667785,22.12019],[102.669314,22.122654],[102.666657,22.125517],[102.666334,22.129385],[102.661325,22.128926],[102.651751,22.131121],[102.648906,22.129622],[102.64802,22.135133],[102.642546,22.137664],[102.638379,22.136465],[102.63405,22.141029],[102.619113,22.138414],[102.613298,22.14087],[102.609512,22.138259],[102.611235,22.136455],[102.612501,22.137387],[102.611814,22.13345],[102.613459,22.132243],[102.612125,22.130897],[102.600994,22.134089],[102.597741,22.131853],[102.595361,22.132728],[102.582034,22.129254],[102.580937,22.131717],[102.576084,22.128601],[102.575902,22.125],[102.563501,22.126484],[102.560496,22.124343],[102.54892,22.121549],[102.526881,22.13044],[102.521432,22.13514],[102.520444,22.140135],[102.523446,22.142941],[102.523287,22.144988],[102.527686,22.144357],[102.530518,22.147515],[102.530084,22.152082],[102.537156,22.15379],[102.529509,22.164951],[102.526529,22.16644],[102.522589,22.17434],[102.522803,22.177094],[102.526587,22.179335],[102.527736,22.185651],[102.532275,22.185361],[102.537309,22.188734],[102.548758,22.186542],[102.551522,22.191342],[102.54845,22.194743],[102.549729,22.198052],[102.55293,22.200655],[102.557793,22.201623],[102.56048,22.204425],[102.555607,22.211602],[102.561505,22.21302],[102.559303,22.213738],[102.564849,22.218048],[102.561664,22.223039],[102.558477,22.224105],[102.558602,22.228435],[102.557063,22.230339],[102.558671,22.233327],[102.554635,22.236882],[102.553821,22.243352],[102.558765,22.249832],[102.559343,22.254855],[102.563538,22.260819],[102.566912,22.259312],[102.570235,22.260972],[102.578845,22.260582],[102.587216,22.251856],[102.59207,22.249539],[102.594223,22.245988],[102.599333,22.24394],[102.605344,22.238263],[102.607647,22.239954],[102.614674,22.235347],[102.618647,22.235247],[102.620869,22.22721],[102.61576,22.222107],[102.617718,22.21759],[102.615886,22.214416],[102.61853,22.212569],[102.619044,22.208977],[102.617254,22.205096],[102.618166,22.198713],[102.62309,22.197007],[102.62956,22.187154],[102.636475,22.187104],[102.636954,22.180886],[102.640453,22.176069],[102.645051,22.173679],[102.651171,22.175333],[102.659333,22.174985],[102.664532,22.17129],[102.667059,22.171716],[102.668645,22.168526],[102.67539,22.166962],[102.68075,22.17239],[102.682221,22.178579],[102.686398,22.181656],[102.688116,22.192882],[102.694994,22.197315],[102.697929,22.20914],[102.69495,22.214666],[102.694948,22.21918],[102.689275,22.224949],[102.686901,22.229906],[102.687413,22.23669],[102.681871,22.240401],[102.679521,22.244635],[102.670883,22.246517],[102.668018,22.250932],[102.661084,22.253212],[102.674982,22.260136],[102.677224,22.262699],[102.681837,22.256086]]]}},{"type":"Feature","properties":{"code":"03181","name":"Xã Mường Tùng","type":"Xã"},"geometry":{"type":"Polygon","coordinates":[[[103.185378,21.933355],[103.183045,21.926124],[103.183885,21.91504],[103.187521,21.903988],[103.183368,21.900679],[103.175661,21.901899],[103.16495,21.882362],[103.163838,21.870599],[103.149059,21.872221],[103.142181,21.865239],[103.142279,21.860399],[103.134268,21.857088],[103.12941,21.849731],[103.108243,21.85723],[103.103502,21.853531],[103.096115,21.853792],[103.091518,21.848777],[103.084956,21.850544],[103.080847,21.84967],[103.074564,21.855981],[103.0755,21.860983],[103.070283,21.860397],[103.063966,21.863027],[103.064067,21.868219],[103.061187,21.868675],[103.060126,21.87812],[103.058367,21.879684],[103.049632,21.878423],[103.041093,21.883431],[103.034662,21.880716],[103.033537,21.878255],[103.029761,21.877796],[103.023608,21.883669],[103.022196,21.888192],[103.019956,21.890008],[103.01583,21.899812],[103.01581,21.901695],[103.01862,21.901854],[103.013349,21.906319],[103.011057,21.911282],[103.014063,21.911915],[103.014192,21.910042],[103.016514,21.911273],[103.016945,21.91373],[103.020866,21.914493],[103.022575,21.918985],[103.024438,21.91905],[103.024492,21.921078],[103.027402,21.922866],[103.026252,21.923297],[103.026497,21.927106],[103.023512,21.926279],[103.024033,21.929247],[103.022314,21.92804],[103.020912,21.931287],[103.017548,21.930312],[103.017773,21.932493],[103.019659,21.933314],[103.017081,21.933898],[103.016865,21.936682],[103.014034,21.938981],[103.011218,21.938822],[103.012545,21.941839],[103.009053,21.942058],[103.010925,21.943735],[103.007317,21.945708],[103.009292,21.949137],[103.007713,21.951698],[103.009317,21.952882],[103.005343,21.956183],[103.005793,21.963664],[103.004273,21.968169],[103.006086,21.978567],[103.001874,21.992256],[103.001667,21.997579],[102.997172,22.004301],[102.992436,22.006486],[102.988962,22.005672],[102.993014,22.010732],[102.98938,22.01118],[102.991997,22.019249],[102.985547,22.026531],[102.990241,22.028253],[102.991676,22.034435],[102.995209,22.036071],[102.99403,22.043621],[102.997225,22.047158],[102.998542,22.051668],[103.003737,22.050198],[103.006533,22.052744],[103.011625,22.051756],[103.0166,22.055211],[103.022201,22.056181],[103.027088,22.051905],[103.038785,22.047489],[103.045419,22.048438],[103.049251,22.046104],[103.055049,22.038249],[103.064771,22.038341],[103.073981,22.033534],[103.079745,22.028512],[103.083145,22.027867],[103.092133,22.020569],[103.095249,22.014598],[103.099926,22.011151],[103.100946,22.007575],[103.098806,22.001817],[103.101455,21.988871],[103.107596,21.988067],[103.115479,21.980556],[103.126095,21.979942],[103.125268,21.978776],[103.128505,21.974291],[103.131389,21.974375],[103.134752,21.971734],[103.13416,21.969069],[103.135597,21.967832],[103.137754,21.970255],[103.140612,21.968126],[103.15125,21.969393],[103.149466,21.965701],[103.154816,21.964657],[103.164331,21.958433],[103.168339,21.958071],[103.172009,21.966447],[103.171999,21.959658],[103.180661,21.946497],[103.181531,21.937935],[103.185378,21.933355]]]}},{"type":"Feature","properties":{"code":"03256","name":"Xã Mường Ảng","type":"Xã"},"geometry":{"type":"Polygon","coordinates":[[[103.219579,21.551472],[103.223658,21.534358],[103.22354,21.529234],[103.227339,21.528821],[103.231346,21.530844],[103.235544,21.529649],[103.238505,21.52303],[103.236369,21.521006],[103.236651,21.519188],[103.249037,21.520284],[103.257443,21.515604],[103.264571,21.516073],[103.270406,21.50969],[103.277214,21.506717],[103.277453,21.504597],[103.284708,21.502943],[103.290525,21.498284],[103.279896,21.489926],[103.255746,21.486673],[103.241624,21.476364],[103.240648,21.472249],[103.234764,21.470307],[103.232696,21.462012],[103.226535,21.455676],[103.226831,21.452838],[103.223133,21.44781],[103.223126,21.442674],[103.220618,21.438392],[103.221032,21.435669],[103.231451,21.42862],[103.218062,21.426285],[103.208319,21.431506],[103.202225,21.42831],[103.197531,21.4299],[103.194321,21.435938],[103.18777,21.437187],[103.184336,21.440939],[103.184812,21.442588],[103.181406,21.447052],[103.182447,21.448614],[103.178801,21.454357],[103.177221,21.463775],[103.177765,21.468916],[103.18014,21.47092],[103.178441,21.474751],[103.178518,21.485293],[103.170729,21.492407],[103.167693,21.5034],[103.16828,21.513146],[103.163912,21.520986],[103.16788,21.525684],[103.189407,21.531877],[103.195067,21.537314],[103.197172,21.541676],[103.202828,21.544156],[103.206498,21.549278],[103.213325,21.548669],[103.219579,21.551472]]]}},{"type":"Feature","properties":{"code":"03172","name":"Xã Na Sang","type":"Xã"},"geometry":{"type":"Polygon","coordinates":[[[103.017465,21.895589],[103.023608,21.883669],[103.029761,21.877796],[103.033537,21.878255],[103.034662,21.880716],[103.041093,21.883431],[103.049632,21.878423],[103.058367,21.879684],[103.060126,21.87812],[103.061187,21.868675],[103.064067,21.868219],[103.063966,21.863027],[103.070283,21.860397],[103.0755,21.860983],[103.074564,21.855981],[103.080847,21.84967],[103.084956,21.850544],[103.091518,21.848777],[103.096115,21.853792],[103.103502,21.853531],[103.108243,21.85723],[103.12941,21.849731],[103.134268,21.857088],[103.142279,21.860399],[103.142181,21.865239],[103.149059,21.872221],[103.163838,21.870599],[103.164637,21.864211],[103.168069,21.862212],[103.169522,21.854016],[103.17411,21.852988],[103.176937,21.847945],[103.178978,21.838354],[103.176156,21.830484],[103.176745,21.826738],[103.17029,21.821405],[103.166943,21.820532],[103.165507,21.816903],[103.159652,21.816687],[103.15866,21.817968],[103.156352,21.813071],[103.151377,21.810178],[103.150189,21.804328],[103.141096,21.792177],[103.140675,21.775006],[103.124847,21.770912],[103.12736,21.767033],[103.125706,21.761621],[103.128561,21.753488],[103.126059,21.752116],[103.124624,21.747764],[103.125859,21.746053],[103.129877,21.745436],[103.129908,21.739953],[103.13279,21.733734],[103.14129,21.728051],[103.145539,21.721972],[103.144373,21.7167],[103.156611,21.715649],[103.163204,21.717496],[103.166644,21.715221],[103.162197,21.707723],[103.163634,21.704264],[103.162324,21.701378],[103.164372,21.699776],[103.162561,21.694945],[103.149579,21.682715],[103.150316,21.678861],[103.153361,21.677778],[103.151943,21.676602],[103.143926,21.675951],[103.133256,21.677624],[103.123306,21.667],[103.118013,21.669065],[103.10347,21.669251],[103.101495,21.670871],[103.102189,21.672987],[103.098091,21.674139],[103.094556,21.671457],[103.085405,21.670113],[103.083773,21.673295],[103.085586,21.68324],[103.08402,21.688578],[103.074227,21.680984],[103.072832,21.683092],[103.068868,21.684352],[103.063192,21.682354],[103.061439,21.686031],[103.056912,21.685426],[103.055336,21.686884],[103.052981,21.68612],[103.042154,21.689432],[103.033531,21.689987],[103.028172,21.681561],[103.022231,21.678696],[103.010517,21.678907],[103.000286,21.683845],[102.998899,21.681938],[103.000927,21.680969],[102.999789,21.67862],[103.00073,21.677052],[102.998798,21.674028],[103.001607,21.67314],[102.997153,21.672198],[102.995372,21.670148],[102.999795,21.667506],[102.987662,21.663293],[102.989514,21.660254],[102.985015,21.655677],[102.980152,21.656961],[102.9849,21.658269],[102.986676,21.661171],[102.985453,21.667879],[102.989945,21.684479],[102.985059,21.688683],[102.980325,21.689111],[102.978405,21.696619],[102.981439,21.700736],[102.987683,21.703545],[102.98981,21.711391],[102.988162,21.714438],[102.988378,21.72037],[102.985017,21.722304],[102.983794,21.728139],[102.980263,21.729798],[102.97752,21.734804],[102.972662,21.737581],[102.974654,21.744929],[102.979547,21.748775],[102.981674,21.755003],[102.98572,21.757282],[102.984182,21.761424],[102.977925,21.763741],[102.978545,21.769241],[102.983369,21.777946],[102.981061,21.779558],[102.983289,21.783372],[102.9788,21.787158],[102.984707,21.800742],[102.985423,21.809923],[102.991314,21.812813],[102.985597,21.819048],[102.989546,21.825306],[102.989065,21.828156],[102.994452,21.833093],[102.996114,21.838828],[102.994859,21.841105],[102.99754,21.84309],[102.995771,21.846548],[102.998712,21.848666],[102.999938,21.853384],[103.000713,21.861207],[102.998647,21.867296],[102.998554,21.875603],[102.996003,21.878996],[103.001198,21.879996],[103.000611,21.882774],[103.002335,21.883743],[103.002098,21.886549],[103.004336,21.887418],[103.004192,21.889027],[103.006284,21.888243],[103.00827,21.891404],[103.017465,21.895589]]]}},{"type":"Feature","properties":{"code":"03203","name":"Xã Na Son","type":"Xã"},"geometry":{"type":"Polygon","coordinates":[[[103.094916,21.21708],[103.095832,21.235862],[103.105227,21.246165],[103.11592,21.252628],[103.121766,21.258527],[103.125948,21.25354],[103.131005,21.257611],[103.137712,21.259375],[103.141277,21.265603],[103.149304,21.272755],[103.150181,21.276167],[103.159726,21.282622],[103.163825,21.282889],[103.167297,21.287613],[103.174526,21.291172],[103.177918,21.30031],[103.176109,21.303421],[103.177358,21.309433],[103.186056,21.320481],[103.188924,21.332315],[103.191312,21.333977],[103.191759,21.339574],[103.195686,21.344361],[103.195407,21.347147],[103.200714,21.355619],[103.200616,21.358261],[103.204555,21.36178],[103.20353,21.364528],[103.205871,21.368838],[103.213002,21.37313],[103.208329,21.378707],[103.213799,21.394384],[103.217344,21.398043],[103.217045,21.400311],[103.219214,21.403143],[103.221773,21.403925],[103.222369,21.402767],[103.223431,21.402531],[103.223674,21.409722],[103.226915,21.415051],[103.23596,21.424247],[103.237901,21.424574],[103.241026,21.429641],[103.248863,21.426744],[103.250816,21.424922],[103.248906,21.416636],[103.253544,21.410539],[103.255381,21.40362],[103.252566,21.400821],[103.249505,21.392794],[103.250269,21.385179],[103.252649,21.38339],[103.249465,21.379678],[103.248844,21.374739],[103.247001,21.373815],[103.252581,21.366371],[103.253735,21.36034],[103.247856,21.353951],[103.25229,21.346326],[103.250248,21.345256],[103.248202,21.338271],[103.252183,21.335306],[103.260108,21.333501],[103.265587,21.338699],[103.268355,21.338857],[103.256892,21.324924],[103.257135,21.318586],[103.259532,21.317917],[103.25923,21.312998],[103.250826,21.298848],[103.252824,21.296552],[103.251247,21.29416],[103.253241,21.293452],[103.25473,21.295056],[103.257996,21.292709],[103.253568,21.290347],[103.252702,21.2875],[103.255823,21.284861],[103.252583,21.283118],[103.257371,21.279525],[103.255997,21.277448],[103.259266,21.278239],[103.258952,21.274871],[103.260752,21.273681],[103.261718,21.269572],[103.260475,21.267344],[103.263014,21.264777],[103.259755,21.261323],[103.261998,21.259119],[103.258418,21.258426],[103.259044,21.255984],[103.256776,21.253301],[103.25277,21.255249],[103.251554,21.253109],[103.24984,21.253846],[103.245289,21.251892],[103.241977,21.246341],[103.239476,21.246997],[103.23917,21.245332],[103.242173,21.243117],[103.239613,21.239768],[103.235827,21.242412],[103.234193,21.240383],[103.233997,21.23418],[103.229955,21.230446],[103.230607,21.227946],[103.232238,21.228147],[103.231434,21.225635],[103.228504,21.22436],[103.225912,21.22036],[103.222547,21.221241],[103.220689,21.220008],[103.215685,21.21136],[103.207933,21.209678],[103.202074,21.201677],[103.161754,21.17531],[103.159312,21.176526],[103.150701,21.175188],[103.14433,21.168448],[103.13598,21.165108],[103.122052,21.167531],[103.117818,21.173947],[103.111647,21.194557],[103.105587,21.194893],[103.101354,21.20016],[103.094916,21.21708]]]}},{"type":"Feature","properties":{"code":"03176","name":"Xã Nà Bủng","type":"Xã"},"geometry":{"type":"Polygon","coordinates":[[[102.672417,21.797175],[102.671314,21.783818],[102.682261,21.773977],[102.693793,21.769471],[102.700803,21.768631],[102.709143,21.77093],[102.713439,21.770377],[102.716793,21.773254],[102.730894,21.768741],[102.737681,21.776268],[102.741942,21.772342],[102.746648,21.771102],[102.750774,21.774981],[102.749028,21.776742],[102.749707,21.778207],[102.748296,21.778226],[102.75369,21.780196],[102.754882,21.779091],[102.755617,21.781158],[102.756781,21.778849],[102.764045,21.776585],[102.76472,21.767016],[102.763057,21.76328],[102.763378,21.758905],[102.768467,21.756798],[102.771048,21.757513],[102.77072,21.755816],[102.775618,21.754205],[102.775686,21.749999],[102.78639,21.747292],[102.785145,21.744313],[102.786886,21.731982],[102.780282,21.728894],[102.781128,21.72514],[102.777966,21.715468],[102.783122,21.710098],[102.786685,21.709092],[102.787934,21.707416],[102.785018,21.702468],[102.783026,21.702966],[102.780057,21.700581],[102.780679,21.699033],[102.774404,21.691601],[102.770386,21.689654],[102.767609,21.684536],[102.768729,21.681788],[102.764863,21.68048],[102.763146,21.675667],[102.755127,21.674024],[102.749917,21.664953],[102.742212,21.661891],[102.740582,21.659347],[102.734634,21.659619],[102.732312,21.661048],[102.731955,21.663753],[102.723126,21.664157],[102.714991,21.662275],[102.7094,21.664598],[102.7059,21.662298],[102.6981,21.661318],[102.693272,21.664411],[102.687533,21.661462],[102.688766,21.658064],[102.685728,21.65722],[102.685182,21.654724],[102.678337,21.653831],[102.674078,21.655335],[102.675899,21.657902],[102.673354,21.665035],[102.668314,21.672514],[102.66756,21.6769],[102.662639,21.679882],[102.662996,21.682524],[102.667341,21.685327],[102.664108,21.690263],[102.664318,21.694634],[102.660813,21.699791],[102.660534,21.709896],[102.658363,21.711349],[102.655972,21.718543],[102.652613,21.71947],[102.651053,21.728012],[102.648869,21.728275],[102.645256,21.732267],[102.648195,21.735035],[102.647295,21.740718],[102.648772,21.742202],[102.649069,21.763149],[102.660153,21.781232],[102.65901,21.783457],[102.661446,21.786125],[102.661737,21.793137],[102.666531,21.792595],[102.672417,21.797175]]]}},{"type":"Feature","properties":{"code":"03169","name":"Xã Nà Hỳ","type":"Xã"},"geometry":{"type":"Polygon","coordinates":[[[102.672943,21.959736],[102.689114,21.960091],[102.692592,21.956852],[102.697687,21.956202],[102.697665,21.954704],[102.699944,21.953675],[102.700685,21.950413],[102.698752,21.947004],[102.702559,21.938302],[102.703747,21.937013],[102.704694,21.938184],[102.709496,21.936891],[102.707641,21.93298],[102.709967,21.931283],[102.707033,21.928835],[102.708764,21.928765],[102.709657,21.924327],[102.710451,21.918482],[102.709222,21.915349],[102.711771,21.913152],[102.711461,21.911303],[102.716895,21.906933],[102.716791,21.903606],[102.720597,21.902063],[102.724561,21.897065],[102.72731,21.886924],[102.737522,21.884677],[102.739292,21.888678],[102.744091,21.891049],[102.752356,21.889731],[102.754641,21.882253],[102.765053,21.876851],[102.7683,21.872981],[102.76853,21.86962],[102.774736,21.866099],[102.777046,21.863046],[102.780141,21.863147],[102.78265,21.858795],[102.785356,21.862408],[102.790153,21.864224],[102.792045,21.866597],[102.796654,21.863625],[102.799725,21.86416],[102.798979,21.860633],[102.800992,21.858621],[102.808919,21.852676],[102.812873,21.852438],[102.812933,21.848504],[102.815219,21.844188],[102.814433,21.841915],[102.817155,21.839784],[102.818325,21.835411],[102.817156,21.831547],[102.813544,21.829467],[102.810567,21.825123],[102.810375,21.819427],[102.815372,21.813616],[102.820471,21.798744],[102.819389,21.794112],[102.814723,21.791129],[102.816583,21.783128],[102.820736,21.777574],[102.820171,21.76187],[102.824147,21.751387],[102.824015,21.741868],[102.826917,21.735599],[102.819922,21.730943],[102.814741,21.731804],[102.813942,21.727583],[102.809226,21.724532],[102.811585,21.719397],[102.809298,21.718856],[102.808701,21.716956],[102.803607,21.716963],[102.799036,21.707645],[102.79608,21.706392],[102.788673,21.70682],[102.778113,21.714866],[102.781128,21.72514],[102.780282,21.728894],[102.786886,21.731982],[102.785145,21.744313],[102.78639,21.747292],[102.775686,21.749999],[102.775618,21.754205],[102.77072,21.755816],[102.771048,21.757513],[102.768467,21.756798],[102.763378,21.758905],[102.763057,21.76328],[102.76472,21.767016],[102.763705,21.776874],[102.756781,21.778849],[102.755406,21.781151],[102.754882,21.779091],[102.75369,21.780196],[102.748224,21.778142],[102.749707,21.778207],[102.749028,21.776742],[102.750795,21.775132],[102.747652,21.771535],[102.741942,21.772342],[102.737681,21.776268],[102.730564,21.768707],[102.716793,21.773254],[102.713439,21.770377],[102.709143,21.77093],[102.700803,21.768631],[102.693793,21.769471],[102.682002,21.774148],[102.67111,21.784102],[102.673242,21.794779],[102.672417,21.797175],[102.666531,21.792595],[102.661737,21.793137],[102.659544,21.799372],[102.648239,21.807325],[102.647679,21.810574],[102.650312,21.816449],[102.650974,21.825993],[102.647869,21.831192],[102.647764,21.835261],[102.643831,21.840132],[102.641889,21.848269],[102.646117,21.854657],[102.644923,21.855389],[102.645154,21.859044],[102.633698,21.861283],[102.627992,21.865891],[102.629465,21.869226],[102.624757,21.868971],[102.621061,21.871405],[102.613895,21.872746],[102.610824,21.877122],[102.609415,21.881588],[102.613222,21.882196],[102.617056,21.894049],[102.619329,21.895151],[102.62121,21.901265],[102.628117,21.903921],[102.634446,21.902476],[102.637582,21.903848],[102.643841,21.914521],[102.640105,21.916482],[102.639748,21.918571],[102.64515,21.924504],[102.650141,21.926268],[102.657075,21.924044],[102.658336,21.92878],[102.661781,21.930226],[102.66914,21.947052],[102.671091,21.958286],[102.672943,21.959736]]]}},{"type":"Feature","properties":{"code":"03316","name":"Xã Nà Tấu","type":"Xã"},"geometry":{"type":"Polygon","coordinates":[[[103.187683,21.645426],[103.194293,21.644689],[103.198544,21.63216],[103.199511,21.633175],[103.204722,21.632219],[103.205241,21.633689],[103.207097,21.632382],[103.207822,21.634236],[103.210832,21.634513],[103.212637,21.628414],[103.216941,21.62457],[103.222842,21.624671],[103.224538,21.622583],[103.227674,21.623777],[103.231987,21.620776],[103.241337,21.621934],[103.242042,21.619648],[103.245297,21.618082],[103.247247,21.610938],[103.247195,21.59996],[103.245139,21.597754],[103.244977,21.592833],[103.246427,21.592021],[103.241447,21.588064],[103.236889,21.580857],[103.230258,21.575963],[103.226275,21.564375],[103.22119,21.561],[103.222405,21.558557],[103.220562,21.551982],[103.213325,21.548669],[103.206498,21.549278],[103.202828,21.544156],[103.197172,21.541676],[103.195067,21.537314],[103.189407,21.531877],[103.171738,21.527252],[103.164731,21.523287],[103.164632,21.517769],[103.16828,21.513146],[103.167693,21.5034],[103.170618,21.49276],[103.156408,21.491552],[103.153683,21.492594],[103.148613,21.485955],[103.145038,21.485058],[103.143549,21.486106],[103.140406,21.481802],[103.136801,21.482379],[103.132582,21.479874],[103.131822,21.48209],[103.125155,21.483484],[103.125167,21.486747],[103.119946,21.489173],[103.117149,21.496343],[103.115187,21.497319],[103.11463,21.503245],[103.110237,21.503205],[103.11257,21.508565],[103.107256,21.51005],[103.108638,21.513364],[103.105434,21.513343],[103.104594,21.515928],[103.101139,21.516702],[103.099206,21.526166],[103.097016,21.526922],[103.088958,21.539198],[103.089567,21.545194],[103.087157,21.546482],[103.087601,21.548274],[103.07926,21.553465],[103.076734,21.559121],[103.065049,21.561752],[103.064786,21.566589],[103.062964,21.566232],[103.061499,21.568795],[103.063056,21.574428],[103.060992,21.574477],[103.061229,21.576762],[103.063142,21.57685],[103.060754,21.582589],[103.062348,21.585489],[103.069725,21.587289],[103.07638,21.592023],[103.082385,21.600981],[103.084591,21.609171],[103.088027,21.611026],[103.089992,21.614247],[103.10473,21.61298],[103.10668,21.615349],[103.118297,21.619316],[103.125072,21.623658],[103.128244,21.623436],[103.134502,21.626198],[103.141464,21.635163],[103.151399,21.640219],[103.157465,21.640424],[103.162318,21.638641],[103.169872,21.639613],[103.174018,21.637992],[103.181509,21.640686],[103.187683,21.645426]]]}},{"type":"Feature","properties":{"code":"03358","name":"Xã Núa Ngam","type":"Xã"},"geometry":{"type":"Polygon","coordinates":[[[103.12171,21.258514],[103.115814,21.252549],[103.105227,21.246165],[103.095832,21.235862],[103.094336,21.219977],[103.101354,21.20016],[103.105587,21.194893],[103.111647,21.194557],[103.117818,21.173947],[103.126247,21.1627],[103.121421,21.160054],[103.116843,21.154364],[103.112301,21.152467],[103.105521,21.144715],[103.095021,21.144705],[103.093708,21.141755],[103.088902,21.138984],[103.08995,21.136893],[103.086659,21.136508],[103.085695,21.134467],[103.079723,21.136304],[103.076095,21.139557],[103.07,21.133543],[103.071934,21.130708],[103.074159,21.130976],[103.073911,21.12788],[103.070076,21.127457],[103.074291,21.115863],[103.069938,21.113283],[103.065427,21.107583],[103.065441,21.099029],[103.067273,21.096717],[103.063878,21.094034],[103.065919,21.088918],[103.061216,21.072],[103.058336,21.07093],[103.054245,21.073347],[103.050764,21.068975],[103.047613,21.071204],[103.04345,21.070105],[103.041032,21.064036],[103.034551,21.055803],[103.034068,21.058132],[103.025061,21.057789],[103.013469,21.064678],[103.01144,21.06232],[103.007711,21.064006],[103.005125,21.060496],[103.00112,21.058938],[102.996205,21.062816],[102.992366,21.061633],[102.988006,21.062438],[102.97835,21.067333],[102.974341,21.065609],[102.968564,21.070098],[102.966516,21.07573],[102.962317,21.077383],[102.961172,21.080368],[102.966682,21.088224],[102.967828,21.094236],[102.96119,21.112963],[102.966423,21.117977],[102.96606,21.120857],[102.97082,21.126963],[102.980298,21.13283],[102.980409,21.134123],[102.977042,21.135874],[102.977912,21.1382],[102.982801,21.142163],[102.9843,21.140858],[102.986927,21.147021],[102.98452,21.153924],[102.987088,21.156326],[102.987455,21.160051],[102.988908,21.15972],[102.990059,21.161576],[102.988139,21.164137],[102.988941,21.174325],[102.987137,21.177606],[102.99334,21.180707],[102.99254,21.185294],[102.989998,21.186747],[102.987367,21.194498],[102.990543,21.205356],[102.986692,21.208689],[102.9869,21.211474],[102.984705,21.212863],[102.985704,21.215153],[102.981406,21.217566],[102.980543,21.220173],[102.982961,21.222744],[102.980562,21.226503],[102.990727,21.229759],[102.991554,21.227588],[102.995584,21.231447],[103.00922,21.233575],[103.015163,21.235845],[103.016102,21.238039],[103.017678,21.237654],[103.020506,21.246086],[103.019308,21.248076],[103.02184,21.249334],[103.020941,21.250627],[103.022238,21.252402],[103.025779,21.252594],[103.021119,21.260314],[103.027261,21.256646],[103.033976,21.255735],[103.035831,21.256827],[103.037006,21.25777],[103.034519,21.262271],[103.039959,21.262622],[103.037443,21.264881],[103.038098,21.268267],[103.04147,21.269974],[103.044442,21.269194],[103.047461,21.27237],[103.054352,21.273833],[103.063394,21.279632],[103.067656,21.287783],[103.077597,21.299852],[103.077606,21.302572],[103.083541,21.299656],[103.092977,21.300012],[103.10029,21.284995],[103.111437,21.285893],[103.114742,21.284105],[103.119335,21.275651],[103.118321,21.272587],[103.120515,21.269903],[103.12171,21.258514]]]}},{"type":"Feature","properties":{"code":"03162","name":"Xã Nậm Kè","type":"Xã"},"geometry":{"type":"Polygon","coordinates":[[[102.748075,22.129132],[102.755626,22.124709],[102.75611,22.120798],[102.761981,22.115833],[102.758999,22.111802],[102.759525,22.109172],[102.756254,22.103136],[102.753335,22.102253],[102.745526,22.103664],[102.742585,22.101608],[102.733112,22.100776],[102.724986,22.095641],[102.722961,22.090754],[102.717737,22.089127],[102.716829,22.085234],[102.719348,22.083137],[102.720496,22.078724],[102.713041,22.072074],[102.717724,22.068342],[102.718821,22.058842],[102.722671,22.052654],[102.718605,22.049031],[102.712657,22.046176],[102.706755,22.050561],[102.699899,22.048823],[102.695285,22.049403],[102.693423,22.052779],[102.690002,22.052112],[102.690784,22.052975],[102.687662,22.056396],[102.684266,22.054083],[102.676779,22.055554],[102.673301,22.052001],[102.666957,22.052519],[102.665164,22.054092],[102.662857,22.051988],[102.659525,22.055012],[102.656702,22.054401],[102.655118,22.056242],[102.651415,22.056562],[102.64899,22.053022],[102.646409,22.054777],[102.644332,22.053226],[102.643137,22.05554],[102.646959,22.062019],[102.643784,22.062536],[102.638203,22.069357],[102.633585,22.068029],[102.628017,22.069564],[102.623297,22.067202],[102.620865,22.06798],[102.619843,22.066361],[102.611936,22.069837],[102.607154,22.067257],[102.599591,22.068531],[102.597506,22.066497],[102.585214,22.068064],[102.582736,22.071205],[102.580854,22.068724],[102.572549,22.065238],[102.568557,22.068004],[102.561895,22.067601],[102.559685,22.065049],[102.559975,22.05776],[102.555395,22.049392],[102.55448,22.04075],[102.546771,22.035029],[102.543001,22.036941],[102.540241,22.030906],[102.541823,22.023323],[102.540512,22.017885],[102.53316,22.014211],[102.53684,22.006728],[102.534299,22.004569],[102.535553,21.999281],[102.533906,21.997856],[102.526043,21.997163],[102.522619,21.993351],[102.520735,21.987516],[102.515186,21.981964],[102.512296,21.98204],[102.507384,21.987728],[102.50006,21.981276],[102.499094,21.984738],[102.493836,21.987539],[102.493129,21.991428],[102.488769,21.993644],[102.487391,22.001711],[102.488257,22.007279],[102.492003,22.009226],[102.493082,22.014455],[102.495594,22.013277],[102.507534,22.013883],[102.52095,22.023405],[102.518816,22.030611],[102.508897,22.03679],[102.502487,22.033251],[102.499187,22.037563],[102.494507,22.033824],[102.492689,22.038851],[102.484127,22.041859],[102.48215,22.046532],[102.47514,22.053964],[102.474707,22.056866],[102.472497,22.057552],[102.472596,22.061891],[102.468401,22.061438],[102.459923,22.065823],[102.458621,22.069644],[102.453546,22.071499],[102.455283,22.074539],[102.470752,22.085906],[102.475571,22.096898],[102.479237,22.098169],[102.479627,22.100648],[102.483105,22.100384],[102.484268,22.102433],[102.482484,22.10335],[102.488863,22.103073],[102.489844,22.106833],[102.49572,22.111213],[102.494621,22.113762],[102.503054,22.113569],[102.503268,22.115174],[102.510181,22.117574],[102.513353,22.122326],[102.518689,22.124356],[102.520607,22.128429],[102.518426,22.131029],[102.518842,22.138407],[102.520444,22.140135],[102.521432,22.13514],[102.526881,22.13044],[102.54892,22.121549],[102.560496,22.124343],[102.563501,22.126484],[102.575902,22.125],[102.576084,22.128601],[102.580937,22.131717],[102.582034,22.129254],[102.595361,22.132728],[102.597741,22.131853],[102.600994,22.134089],[102.612125,22.130897],[102.613459,22.132243],[102.611814,22.13345],[102.612501,22.137387],[102.611235,22.136455],[102.609512,22.138259],[102.613298,22.14087],[102.619113,22.138414],[102.634484,22.140971],[102.638379,22.136465],[102.642546,22.137664],[102.64802,22.135133],[102.648906,22.129622],[102.651751,22.131121],[102.661325,22.128926],[102.666334,22.129385],[102.666657,22.125517],[102.669314,22.122654],[102.667785,22.12019],[102.672281,22.114812],[102.673644,22.110208],[102.680271,22.105351],[102.687474,22.108903],[102.688623,22.111577],[102.699987,22.119574],[102.707708,22.113997],[102.712915,22.114185],[102.71583,22.118884],[102.721313,22.110064],[102.729581,22.109729],[102.74032,22.114965],[102.748075,22.129132]]]}},{"type":"Feature","properties":{"code":"03194","name":"Xã Nậm Nèn","type":"Xã"},"geometry":{"type":"Polygon","coordinates":[[[103.282634,21.896589],[103.287878,21.88659],[103.291345,21.882903],[103.293215,21.868941],[103.291909,21.86237],[103.289367,21.859131],[103.290198,21.854001],[103.288793,21.850521],[103.291698,21.847353],[103.297788,21.830548],[103.297523,21.824513],[103.303991,21.817549],[103.301858,21.814858],[103.303823,21.809413],[103.303373,21.805439],[103.298164,21.800465],[103.289962,21.79681],[103.283399,21.787508],[103.278502,21.78672],[103.273789,21.78152],[103.269457,21.779438],[103.25892,21.765123],[103.239479,21.749807],[103.234685,21.737605],[103.236378,21.731372],[103.235671,21.725553],[103.218663,21.713474],[103.215789,21.712224],[103.211299,21.716294],[103.203787,21.71632],[103.197957,21.719339],[103.191846,21.716202],[103.183353,21.718742],[103.162662,21.717469],[103.156611,21.715649],[103.144373,21.7167],[103.145539,21.721972],[103.14129,21.728051],[103.13279,21.733734],[103.129908,21.739953],[103.129877,21.745436],[103.125859,21.746053],[103.124624,21.747764],[103.126059,21.752116],[103.128561,21.753488],[103.125706,21.761621],[103.12736,21.767033],[103.124847,21.770912],[103.140675,21.775006],[103.141096,21.792177],[103.150189,21.804328],[103.151377,21.810178],[103.156352,21.813071],[103.15866,21.817968],[103.159652,21.816687],[103.165507,21.816903],[103.166943,21.820532],[103.169347,21.821321],[103.17898,21.821294],[103.18951,21.817498],[103.198711,21.819671],[103.201242,21.818644],[103.211704,21.823121],[103.21408,21.819299],[103.223107,21.815728],[103.224183,21.812315],[103.224507,21.81425],[103.230904,21.820117],[103.237761,21.823807],[103.242672,21.824484],[103.258706,21.833353],[103.258808,21.839668],[103.255988,21.845971],[103.260954,21.848476],[103.264049,21.852075],[103.263933,21.868608],[103.265547,21.872945],[103.258968,21.876755],[103.25729,21.879417],[103.262274,21.883066],[103.274953,21.888271],[103.279288,21.894943],[103.282634,21.896589]]]}},{"type":"Feature","properties":{"code":"03193","name":"Xã Pa Ham","type":"Xã"},"geometry":{"type":"Polygon","coordinates":[[[103.16495,21.882362],[103.175661,21.901899],[103.183368,21.900679],[103.187521,21.903988],[103.183885,21.91504],[103.183045,21.926124],[103.185681,21.930949],[103.185378,21.933355],[103.181531,21.937935],[103.180661,21.946497],[103.171805,21.960652],[103.172463,21.964853],[103.174534,21.964559],[103.182786,21.970131],[103.191265,21.96266],[103.196867,21.964287],[103.201368,21.96274],[103.213422,21.968866],[103.217769,21.967782],[103.218831,21.964796],[103.217601,21.962357],[103.223265,21.957882],[103.222084,21.955626],[103.224511,21.95285],[103.223129,21.951393],[103.237691,21.952285],[103.239716,21.942476],[103.243361,21.939705],[103.246253,21.940353],[103.247925,21.938951],[103.250142,21.932516],[103.25966,21.9265],[103.266596,21.91787],[103.272941,21.913176],[103.278129,21.904036],[103.277917,21.900826],[103.282634,21.896589],[103.279172,21.894852],[103.274953,21.888271],[103.262274,21.883066],[103.25729,21.879417],[103.258968,21.876755],[103.265547,21.872945],[103.263933,21.868608],[103.264049,21.852075],[103.260954,21.848476],[103.255988,21.845971],[103.258808,21.839668],[103.258878,21.833546],[103.242672,21.824484],[103.237761,21.823807],[103.230904,21.820117],[103.224507,21.81425],[103.224183,21.812315],[103.223107,21.815728],[103.21408,21.819299],[103.211704,21.823121],[103.201242,21.818644],[103.198711,21.819671],[103.18951,21.817498],[103.17898,21.821294],[103.170977,21.820878],[103.169347,21.821321],[103.176205,21.825448],[103.176206,21.830729],[103.178978,21.838354],[103.176937,21.847945],[103.17411,21.852988],[103.169522,21.854016],[103.168069,21.862212],[103.164637,21.864211],[103.163728,21.870125],[103.16495,21.882362]]]}},{"type":"Feature","properties":{"code":"03382","name":"Xã Phình Giàng","type":"Xã"},"geometry":{"type":"Polygon","coordinates":[[[103.228978,21.221422],[103.229397,21.218831],[103.233573,21.219984],[103.235783,21.215818],[103.241348,21.211343],[103.244159,21.212828],[103.246968,21.212284],[103.249825,21.20857],[103.261238,21.208932],[103.269662,21.214288],[103.2745,21.209188],[103.279053,21.209377],[103.280036,21.211197],[103.282571,21.207878],[103.280338,21.199197],[103.281883,21.196603],[103.275781,21.193019],[103.274133,21.187095],[103.274974,21.184258],[103.273216,21.180744],[103.276423,21.178587],[103.28239,21.177614],[103.28376,21.173599],[103.282558,21.170914],[103.286982,21.171065],[103.288514,21.168328],[103.286647,21.164254],[103.281794,21.160855],[103.283001,21.156916],[103.281368,21.155661],[103.282062,21.152446],[103.275171,21.146692],[103.27606,21.134001],[103.278383,21.130756],[103.272594,21.130241],[103.271083,21.121038],[103.27245,21.118044],[103.271151,21.114455],[103.273414,21.112294],[103.275399,21.10533],[103.276121,21.094909],[103.282199,21.089822],[103.285633,21.083459],[103.286043,21.078358],[103.2889,21.076967],[103.286029,21.067645],[103.284072,21.065908],[103.282092,21.066338],[103.280975,21.06423],[103.281569,21.060568],[103.275661,21.062272],[103.278886,21.059134],[103.275282,21.056857],[103.274228,21.05282],[103.277729,21.050842],[103.276215,21.044404],[103.281082,21.042498],[103.281392,21.039903],[103.278652,21.041439],[103.2712,21.038569],[103.267586,21.040452],[103.261998,21.03749],[103.252611,21.036848],[103.246584,21.037042],[103.244177,21.038665],[103.241463,21.035965],[103.230057,21.039529],[103.227139,21.038564],[103.217054,21.045774],[103.210483,21.044296],[103.20421,21.040618],[103.20151,21.04146],[103.200108,21.039646],[103.194347,21.039256],[103.19147,21.036459],[103.187588,21.037255],[103.181291,21.034833],[103.177587,21.036515],[103.172907,21.033643],[103.162793,21.032475],[103.15821,21.028895],[103.152187,21.030057],[103.151109,21.031656],[103.146777,21.031372],[103.144018,21.039158],[103.140604,21.04074],[103.142546,21.044792],[103.147741,21.047295],[103.159414,21.06073],[103.157388,21.068592],[103.164044,21.073868],[103.163897,21.077564],[103.165237,21.078696],[103.161808,21.084687],[103.161064,21.089395],[103.163557,21.092018],[103.165699,21.099325],[103.160012,21.104019],[103.159353,21.112716],[103.15765,21.115474],[103.160827,21.119557],[103.17716,21.124402],[103.177793,21.129177],[103.181662,21.135439],[103.181165,21.138201],[103.177521,21.1427],[103.175173,21.149697],[103.162787,21.14924],[103.158289,21.156981],[103.151662,21.160871],[103.144255,21.158243],[103.131425,21.159143],[103.127919,21.160742],[103.122052,21.167531],[103.13598,21.165108],[103.14433,21.168448],[103.150701,21.175188],[103.159312,21.176526],[103.161754,21.17531],[103.202074,21.201677],[103.207933,21.209678],[103.215685,21.21136],[103.222458,21.221216],[103.224966,21.220134],[103.228978,21.221422]]]}},{"type":"Feature","properties":{"code":"03370","name":"Xã Pu Nhi","type":"Xã"},"geometry":{"type":"Polygon","coordinates":[[[103.18732,21.437038],[103.194321,21.435938],[103.197531,21.4299],[103.200883,21.428577],[103.208319,21.431506],[103.217757,21.426291],[103.224532,21.427386],[103.231404,21.423349],[103.23596,21.424247],[103.223674,21.409722],[103.223431,21.402531],[103.221773,21.403925],[103.21899,21.403004],[103.216204,21.395935],[103.213799,21.394384],[103.208329,21.378707],[103.213002,21.37313],[103.205871,21.368838],[103.20353,21.364528],[103.204555,21.36178],[103.200616,21.358261],[103.200714,21.355619],[103.195407,21.347147],[103.195686,21.344361],[103.191759,21.339574],[103.191312,21.333977],[103.188924,21.332315],[103.186056,21.320481],[103.177358,21.309433],[103.176109,21.303421],[103.177918,21.30031],[103.174526,21.291172],[103.167297,21.287613],[103.163825,21.282889],[103.159726,21.282622],[103.151892,21.277615],[103.145573,21.268468],[103.141277,21.265603],[103.137712,21.259375],[103.131005,21.257611],[103.125948,21.25354],[103.12171,21.258514],[103.120515,21.269903],[103.118321,21.272587],[103.119335,21.275651],[103.114742,21.284105],[103.111437,21.285893],[103.10029,21.284995],[103.092977,21.300012],[103.083541,21.299656],[103.077606,21.302572],[103.078137,21.305303],[103.074186,21.306634],[103.070117,21.310821],[103.071036,21.328984],[103.079591,21.339187],[103.073084,21.346155],[103.073344,21.352029],[103.066657,21.371612],[103.06912,21.375292],[103.068314,21.376846],[103.071766,21.378483],[103.079003,21.375759],[103.098033,21.386611],[103.102461,21.386156],[103.108456,21.389049],[103.114389,21.396452],[103.121259,21.39391],[103.125554,21.400496],[103.129831,21.401276],[103.13753,21.407959],[103.140278,21.408632],[103.145211,21.4051],[103.152177,21.405013],[103.163419,21.412987],[103.169592,21.42091],[103.17616,21.42056],[103.177582,21.423771],[103.183062,21.428342],[103.18732,21.437038]]]}},{"type":"Feature","properties":{"code":"03260","name":"Xã Pú Nhung","type":"Xã"},"geometry":{"type":"Polygon","coordinates":[[[103.542371,21.779664],[103.540764,21.777977],[103.541984,21.775061],[103.558221,21.762712],[103.561677,21.748569],[103.573706,21.738776],[103.571612,21.737087],[103.574894,21.733012],[103.577679,21.719928],[103.583192,21.714364],[103.586226,21.707413],[103.584049,21.704521],[103.593237,21.6928],[103.594559,21.686176],[103.598315,21.683741],[103.595189,21.678154],[103.5952,21.674839],[103.592912,21.67485],[103.583986,21.685057],[103.576358,21.683603],[103.56778,21.677685],[103.566973,21.671929],[103.559838,21.667414],[103.559645,21.663237],[103.556993,21.658766],[103.557486,21.655824],[103.552009,21.651786],[103.548149,21.654187],[103.540083,21.652858],[103.536474,21.655085],[103.528511,21.653529],[103.521371,21.654548],[103.519852,21.656311],[103.508883,21.657316],[103.506166,21.656113],[103.504217,21.652676],[103.495899,21.662387],[103.490425,21.660626],[103.488646,21.661624],[103.485854,21.668209],[103.468066,21.655708],[103.460967,21.653082],[103.45882,21.65594],[103.46294,21.660881],[103.461946,21.662293],[103.45831,21.662017],[103.456775,21.664823],[103.44976,21.666263],[103.44613,21.672729],[103.442419,21.672199],[103.438116,21.673765],[103.43401,21.69028],[103.42475,21.690669],[103.415281,21.69421],[103.413892,21.697322],[103.413783,21.706522],[103.408175,21.711038],[103.407296,21.716202],[103.403536,21.718462],[103.401738,21.72413],[103.402263,21.732528],[103.405416,21.736348],[103.404282,21.741747],[103.406987,21.744794],[103.405694,21.750995],[103.407836,21.761144],[103.405687,21.764688],[103.406289,21.767415],[103.409675,21.774575],[103.413827,21.777778],[103.409258,21.781814],[103.415833,21.782334],[103.417858,21.785859],[103.425881,21.784798],[103.425939,21.788039],[103.428274,21.790119],[103.43122,21.788316],[103.43758,21.77919],[103.441081,21.778423],[103.445309,21.780125],[103.454571,21.777071],[103.458896,21.778846],[103.463112,21.768184],[103.46815,21.771643],[103.469428,21.776656],[103.474912,21.772062],[103.485503,21.774671],[103.488388,21.770434],[103.49057,21.77064],[103.49897,21.766138],[103.504182,21.77225],[103.508803,21.773757],[103.512643,21.777833],[103.527562,21.782335],[103.526856,21.784816],[103.52861,21.789463],[103.534318,21.793233],[103.542371,21.779664]]]}},{"type":"Feature","properties":{"code":"03295","name":"Xã Quài Tở","type":"Xã"},"geometry":{"type":"Polygon","coordinates":[[[103.550449,21.652502],[103.542782,21.647625],[103.541749,21.644454],[103.542522,21.642981],[103.545324,21.643041],[103.543579,21.641176],[103.544253,21.639676],[103.548528,21.640425],[103.550384,21.639012],[103.550305,21.62978],[103.553945,21.626037],[103.553239,21.622105],[103.555597,21.617656],[103.553962,21.61274],[103.54868,21.608095],[103.548,21.602659],[103.54245,21.602536],[103.538546,21.600692],[103.53716,21.59785],[103.538289,21.589616],[103.53323,21.59082],[103.529448,21.58588],[103.529531,21.581965],[103.532434,21.57986],[103.530923,21.572491],[103.53327,21.568842],[103.531465,21.566534],[103.52869,21.567468],[103.527401,21.565242],[103.524002,21.564962],[103.521716,21.567131],[103.519476,21.564744],[103.519729,21.560978],[103.518165,21.559551],[103.522113,21.548189],[103.522139,21.543442],[103.517392,21.537118],[103.517387,21.53347],[103.507928,21.533381],[103.504332,21.53517],[103.488233,21.527394],[103.484262,21.520578],[103.473082,21.520104],[103.46935,21.51653],[103.46303,21.519709],[103.458055,21.51849],[103.461326,21.512197],[103.456582,21.509206],[103.451521,21.502037],[103.450099,21.49077],[103.446929,21.48568],[103.45368,21.480241],[103.452519,21.46964],[103.456737,21.457888],[103.445506,21.444218],[103.449275,21.437944],[103.441038,21.430895],[103.439412,21.432046],[103.430135,21.430087],[103.424013,21.43061],[103.42035,21.429596],[103.418165,21.426394],[103.414742,21.428095],[103.41238,21.427409],[103.414115,21.434823],[103.409598,21.447562],[103.409039,21.455854],[103.414301,21.465152],[103.413823,21.470326],[103.40929,21.480119],[103.409309,21.49153],[103.404228,21.49703],[103.404456,21.502551],[103.393548,21.526127],[103.393754,21.544403],[103.389746,21.557401],[103.391102,21.560965],[103.399989,21.567729],[103.403683,21.568533],[103.406499,21.566978],[103.410232,21.570347],[103.410532,21.574564],[103.413764,21.57652],[103.414393,21.57887],[103.419934,21.581593],[103.427116,21.579303],[103.430861,21.580204],[103.437422,21.584934],[103.441099,21.580893],[103.447745,21.582916],[103.457545,21.580152],[103.45237,21.586445],[103.457247,21.590471],[103.455049,21.591963],[103.457024,21.594622],[103.45451,21.594266],[103.457405,21.596396],[103.45508,21.601263],[103.46401,21.603539],[103.46974,21.602585],[103.470757,21.605274],[103.468385,21.611122],[103.470225,21.617111],[103.479879,21.613933],[103.484198,21.610606],[103.487502,21.613669],[103.48627,21.622692],[103.492238,21.628209],[103.50878,21.634618],[103.502938,21.648584],[103.506705,21.656548],[103.519852,21.656311],[103.521371,21.654548],[103.528511,21.653529],[103.537412,21.655108],[103.540083,21.652858],[103.548149,21.654187],[103.550449,21.652502]]]}},{"type":"Feature","properties":{"code":"03164","name":"Xã Quảng Lâm","type":"Xã"},"geometry":{"type":"Polygon","coordinates":[[[102.712657,22.046176],[102.708576,22.045172],[102.707195,22.042594],[102.703808,22.043024],[102.70091,22.033325],[102.696904,22.027343],[102.6965,22.02294],[102.691286,22.016045],[102.692612,22.013273],[102.697182,22.010624],[102.696145,22.008165],[102.690039,22.003471],[102.682493,22.003937],[102.680567,22.002162],[102.676466,22.003252],[102.675681,22.000326],[102.67772,21.996405],[102.680444,21.992758],[102.68693,21.989502],[102.687805,21.98693],[102.686203,21.98642],[102.685526,21.981929],[102.681133,21.976674],[102.681494,21.973986],[102.679804,21.971873],[102.681089,21.966794],[102.678946,21.96324],[102.680766,21.960678],[102.671091,21.958286],[102.66914,21.947052],[102.661781,21.930226],[102.658336,21.92878],[102.657075,21.924044],[102.650141,21.926268],[102.64515,21.924504],[102.639748,21.918571],[102.640105,21.916482],[102.643841,21.914521],[102.643252,21.912588],[102.637582,21.903848],[102.634696,21.902516],[102.628644,21.903974],[102.62121,21.901265],[102.617223,21.913296],[102.611765,21.9208],[102.604586,21.922809],[102.602813,21.924898],[102.594697,21.924194],[102.589618,21.928109],[102.583974,21.928493],[102.5794,21.934654],[102.576095,21.934426],[102.564979,21.938371],[102.56242,21.942764],[102.558672,21.944088],[102.547209,21.953079],[102.541945,21.954326],[102.535005,21.960271],[102.526225,21.963],[102.521496,21.966548],[102.514264,21.965692],[102.505767,21.973607],[102.505361,21.976248],[102.503513,21.97628],[102.503227,21.979313],[102.500063,21.981262],[102.507384,21.987728],[102.512296,21.98204],[102.515791,21.982261],[102.520735,21.987516],[102.522619,21.993351],[102.526043,21.997163],[102.533906,21.997856],[102.535553,21.999281],[102.534299,22.004569],[102.53684,22.006728],[102.53316,22.014211],[102.540512,22.017885],[102.541823,22.023323],[102.540241,22.030906],[102.543001,22.036941],[102.546771,22.035029],[102.55448,22.04075],[102.555395,22.049392],[102.559975,22.05776],[102.559685,22.065049],[102.561895,22.067601],[102.568557,22.068004],[102.572549,22.065238],[102.580854,22.068724],[102.582736,22.071205],[102.585214,22.068064],[102.597506,22.066497],[102.599591,22.068531],[102.607154,22.067257],[102.611936,22.069837],[102.619843,22.066361],[102.620865,22.06798],[102.623297,22.067202],[102.628017,22.069564],[102.633585,22.068029],[102.638203,22.069357],[102.643784,22.062536],[102.646959,22.062019],[102.643137,22.05554],[102.643827,22.053382],[102.646409,22.054777],[102.64899,22.053022],[102.651415,22.056562],[102.655118,22.056242],[102.656702,22.054401],[102.659525,22.055012],[102.662857,22.051988],[102.665164,22.054092],[102.666957,22.052519],[102.673301,22.052001],[102.676779,22.055554],[102.684266,22.054083],[102.687662,22.056396],[102.690784,22.052975],[102.690002,22.052112],[102.693423,22.052779],[102.695285,22.049403],[102.699899,22.048823],[102.706755,22.050561],[102.712657,22.046176]]]}},{"type":"Feature","properties":{"code":"03356","name":"Xã Sam Mứn","type":"Xã"},"geometry":{"type":"Polygon","coordinates":[[[103.010534,21.300851],[103.018445,21.301765],[103.01874,21.298591],[103.023537,21.299221],[103.024547,21.29795],[103.023493,21.295756],[103.019196,21.294153],[103.020627,21.290741],[103.016923,21.29079],[103.017493,21.288199],[103.013555,21.285248],[103.010174,21.277476],[103.007533,21.276674],[103.010864,21.275101],[103.012257,21.270433],[103.010203,21.265225],[103.012079,21.260564],[103.01494,21.25888],[103.017609,21.254221],[103.017076,21.251966],[103.021731,21.251064],[103.021788,21.249261],[103.019308,21.248076],[103.020506,21.246086],[103.019146,21.239603],[103.015163,21.235845],[103.00922,21.233575],[102.995584,21.231447],[102.991554,21.227588],[102.990727,21.229759],[102.980562,21.226503],[102.982961,21.222744],[102.980543,21.220173],[102.981406,21.217566],[102.985704,21.215153],[102.984705,21.212863],[102.9869,21.211474],[102.986692,21.208689],[102.990543,21.205356],[102.987367,21.194498],[102.989998,21.186747],[102.99254,21.185294],[102.99334,21.180707],[102.987137,21.177606],[102.988941,21.174325],[102.988139,21.164137],[102.990059,21.161576],[102.988908,21.15972],[102.987455,21.160051],[102.987088,21.156326],[102.98452,21.153924],[102.986927,21.147021],[102.9843,21.140858],[102.982801,21.142163],[102.977912,21.1382],[102.977042,21.135874],[102.980409,21.134123],[102.980298,21.13283],[102.97082,21.126963],[102.96606,21.120857],[102.966423,21.117977],[102.961373,21.113111],[102.955096,21.116564],[102.954301,21.1195],[102.951304,21.119906],[102.948016,21.123046],[102.943502,21.123417],[102.940563,21.126412],[102.939432,21.12901],[102.940627,21.1314],[102.949377,21.138142],[102.949612,21.141071],[102.944276,21.144255],[102.937742,21.153451],[102.93718,21.159061],[102.931523,21.159369],[102.927945,21.162661],[102.924864,21.161387],[102.921763,21.155924],[102.917357,21.161216],[102.909017,21.162284],[102.906557,21.164978],[102.902606,21.166198],[102.903604,21.174948],[102.90799,21.176118],[102.909211,21.179993],[102.9034,21.189931],[102.908821,21.196322],[102.907644,21.19989],[102.911194,21.203923],[102.908991,21.205828],[102.909694,21.216176],[102.907644,21.218546],[102.908364,21.224835],[102.912564,21.226955],[102.911916,21.229518],[102.90273,21.232509],[102.897297,21.241305],[102.891832,21.246454],[102.888557,21.246447],[102.881182,21.250778],[102.879947,21.250049],[102.876411,21.25295],[102.870884,21.252565],[102.867005,21.254576],[102.878903,21.256841],[102.883534,21.260577],[102.891772,21.262566],[102.902766,21.262034],[102.907279,21.267328],[102.904772,21.275114],[102.905875,21.277214],[102.90976,21.278426],[102.908268,21.282843],[102.910546,21.283456],[102.924316,21.281355],[102.927382,21.284057],[102.92992,21.28343],[102.936274,21.285441],[102.945196,21.282419],[102.946425,21.288306],[102.950638,21.288189],[102.961001,21.284276],[102.967727,21.284682],[102.967754,21.279006],[102.971534,21.280867],[102.976706,21.280738],[102.978521,21.279551],[102.977669,21.277318],[102.978876,21.27531],[102.992934,21.277941],[103.003434,21.287026],[103.000079,21.29468],[103.006169,21.295455],[103.006955,21.298699],[103.010534,21.300851]]]}},{"type":"Feature","properties":{"code":"03199","name":"Xã Si Pa Phìn","type":"Xã"},"geometry":{"type":"Polygon","coordinates":[[[102.939131,21.91714],[102.942175,21.914572],[102.940266,21.912944],[102.944008,21.906493],[102.94252,21.900871],[102.944767,21.898618],[102.941398,21.888197],[102.943114,21.886922],[102.956918,21.886147],[102.957781,21.884025],[102.961864,21.88314],[102.970203,21.877817],[102.970098,21.87492],[102.972977,21.873462],[102.982232,21.873848],[102.994901,21.87892],[102.998547,21.875644],[102.998647,21.867296],[103.000713,21.861207],[102.999343,21.850378],[102.995771,21.846548],[102.99754,21.84309],[102.994859,21.841105],[102.996114,21.838828],[102.994452,21.833093],[102.989065,21.828156],[102.989546,21.825306],[102.985558,21.818772],[102.991314,21.812813],[102.985423,21.809923],[102.984707,21.800742],[102.9788,21.787158],[102.983289,21.783372],[102.981061,21.779558],[102.983369,21.777946],[102.978545,21.769241],[102.977925,21.763741],[102.984182,21.761424],[102.98572,21.757282],[102.981674,21.755003],[102.979547,21.748775],[102.976655,21.746003],[102.974654,21.744929],[102.969592,21.746688],[102.964425,21.743413],[102.961557,21.737269],[102.956181,21.733399],[102.9548,21.728517],[102.949031,21.729015],[102.946074,21.726678],[102.940502,21.726626],[102.936506,21.724413],[102.923119,21.724905],[102.917511,21.720948],[102.914538,21.72184],[102.907227,21.717141],[102.902755,21.718788],[102.897866,21.714214],[102.886248,21.712568],[102.882127,21.708645],[102.881899,21.705328],[102.877576,21.70224],[102.877468,21.705952],[102.871826,21.708306],[102.869965,21.713088],[102.862086,21.716203],[102.860121,21.71966],[102.85651,21.721039],[102.856681,21.726751],[102.858929,21.730433],[102.854359,21.73978],[102.854978,21.746301],[102.857086,21.747998],[102.85664,21.750553],[102.859212,21.751613],[102.860787,21.754521],[102.860108,21.75968],[102.861804,21.764952],[102.861397,21.766454],[102.857318,21.768343],[102.855758,21.767586],[102.855508,21.768954],[102.858629,21.774423],[102.85737,21.776858],[102.859218,21.782872],[102.856287,21.784181],[102.854244,21.788874],[102.857439,21.791072],[102.859917,21.797782],[102.856231,21.802104],[102.856992,21.806643],[102.854721,21.810525],[102.857633,21.820436],[102.856674,21.823641],[102.853705,21.824169],[102.852222,21.83952],[102.849275,21.845959],[102.850942,21.849028],[102.850969,21.854884],[102.861941,21.857507],[102.864242,21.860609],[102.860507,21.87398],[102.86152,21.880502],[102.864067,21.880505],[102.871689,21.875872],[102.882508,21.880252],[102.884838,21.873838],[102.889459,21.871602],[102.898945,21.871063],[102.906424,21.872989],[102.907534,21.87499],[102.906114,21.877382],[102.909156,21.879301],[102.910901,21.883665],[102.907918,21.887603],[102.909399,21.890281],[102.904433,21.891427],[102.906562,21.893187],[102.905534,21.897883],[102.9103,21.898928],[102.910923,21.89766],[102.919145,21.901248],[102.92222,21.904562],[102.927961,21.904854],[102.931786,21.91336],[102.939131,21.91714]]]}},{"type":"Feature","properties":{"code":"03244","name":"Xã Sáng Nhè","type":"Xã"},"geometry":{"type":"Polygon","coordinates":[[[103.458751,21.927006],[103.473814,21.921725],[103.483135,21.922594],[103.483981,21.919075],[103.479221,21.915333],[103.481989,21.912601],[103.480297,21.907842],[103.487997,21.903952],[103.484449,21.896862],[103.48722,21.891583],[103.490611,21.88982],[103.488471,21.884147],[103.49527,21.879669],[103.492416,21.875229],[103.508107,21.873564],[103.511188,21.867522],[103.522254,21.861859],[103.522606,21.854785],[103.529175,21.842503],[103.529752,21.839263],[103.528024,21.834871],[103.532161,21.831395],[103.535694,21.83201],[103.541904,21.823025],[103.539761,21.817264],[103.536004,21.814169],[103.538958,21.812645],[103.542501,21.805197],[103.546628,21.80096],[103.546818,21.796527],[103.551593,21.794865],[103.553153,21.792779],[103.550584,21.788918],[103.551938,21.783204],[103.547434,21.780242],[103.541971,21.779842],[103.53467,21.793294],[103.52861,21.789463],[103.526856,21.784816],[103.527562,21.782335],[103.512643,21.777833],[103.508803,21.773757],[103.504182,21.77225],[103.49897,21.766138],[103.49057,21.77064],[103.488388,21.770434],[103.485503,21.774671],[103.474912,21.772062],[103.469428,21.776656],[103.46815,21.771643],[103.463112,21.768184],[103.458896,21.778846],[103.454571,21.777071],[103.445309,21.780125],[103.441081,21.778423],[103.43758,21.77919],[103.43122,21.788316],[103.428274,21.790119],[103.428128,21.793919],[103.432324,21.800151],[103.43026,21.801206],[103.427565,21.806732],[103.42885,21.809452],[103.430696,21.809678],[103.427116,21.81668],[103.42397,21.819133],[103.423115,21.825399],[103.424466,21.828511],[103.423139,21.830368],[103.40309,21.832714],[103.396172,21.835329],[103.390315,21.833334],[103.389519,21.831],[103.391122,21.829113],[103.388021,21.829737],[103.39145,21.841064],[103.389611,21.842769],[103.390299,21.844089],[103.388677,21.843138],[103.387863,21.844308],[103.389544,21.846789],[103.388829,21.84804],[103.38183,21.847268],[103.3788,21.850878],[103.38205,21.851995],[103.384285,21.856491],[103.380069,21.864228],[103.379773,21.870772],[103.374124,21.877823],[103.375907,21.888072],[103.377414,21.890886],[103.381843,21.889213],[103.395389,21.892107],[103.405008,21.890007],[103.411371,21.89178],[103.407852,21.899666],[103.400173,21.903677],[103.399899,21.906449],[103.402593,21.90998],[103.394811,21.918425],[103.408567,21.923617],[103.416489,21.92182],[103.419252,21.925128],[103.429233,21.922145],[103.426655,21.917286],[103.431471,21.910712],[103.435847,21.909747],[103.440657,21.913036],[103.440377,21.917384],[103.447909,21.924099],[103.447629,21.925803],[103.452586,21.924886],[103.458751,21.927006]]]}},{"type":"Feature","properties":{"code":"03226","name":"Xã Sín Chải","type":"Xã"},"geometry":{"type":"Polygon","coordinates":[[[103.361237,22.152308],[103.368947,22.130511],[103.36735,22.126372],[103.372711,22.119502],[103.373822,22.114002],[103.378034,22.109745],[103.381416,22.101711],[103.38676,22.099819],[103.386059,22.09213],[103.390486,22.087236],[103.391966,22.077024],[103.399373,22.073501],[103.393403,22.067266],[103.401077,22.065022],[103.403713,22.060931],[103.406821,22.060609],[103.408852,22.058058],[103.40641,22.054638],[103.408953,22.053144],[103.414605,22.039977],[103.409571,22.028825],[103.411136,22.018898],[103.40683,22.015593],[103.405892,22.018817],[103.397928,22.01999],[103.395216,22.026381],[103.391695,22.024238],[103.383952,22.025161],[103.374071,22.022539],[103.374932,22.017936],[103.370737,22.013357],[103.361717,22.014574],[103.35855,22.009803],[103.351404,22.007016],[103.347888,22.008331],[103.343314,22.006257],[103.337815,22.007759],[103.332607,22.003287],[103.328027,22.005074],[103.324857,22.004529],[103.322325,22.00243],[103.321751,21.997383],[103.316504,21.990136],[103.31865,21.986606],[103.317491,21.979277],[103.307863,21.975567],[103.300189,21.969692],[103.291481,21.967763],[103.290029,21.964309],[103.273668,21.955535],[103.263964,21.953099],[103.257086,21.976118],[103.267242,22.002205],[103.26612,22.007353],[103.263665,22.009183],[103.261523,22.014932],[103.266345,22.021141],[103.273526,22.02116],[103.276672,22.026727],[103.282704,22.029715],[103.285265,22.036511],[103.291406,22.045432],[103.291283,22.04891],[103.287921,22.055585],[103.279462,22.062491],[103.272257,22.073111],[103.275809,22.080863],[103.28327,22.088526],[103.285152,22.107062],[103.293047,22.112665],[103.306075,22.113915],[103.307726,22.125985],[103.3145,22.131404],[103.31967,22.142437],[103.327638,22.147212],[103.331236,22.15297],[103.351244,22.15209],[103.361814,22.154073],[103.361237,22.152308]]]}},{"type":"Feature","properties":{"code":"03158","name":"Xã Sín Thầu","type":"Xã"},"geometry":{"type":"Polygon","coordinates":[[[102.423843,22.335621],[102.412551,22.331012],[102.408744,22.324219],[102.400833,22.321258],[102.397703,22.321312],[102.398486,22.325484],[102.393886,22.328302],[102.389179,22.326471],[102.387937,22.328256],[102.386503,22.325751],[102.391759,22.319861],[102.384572,22.315013],[102.380961,22.31443],[102.371885,22.307333],[102.366942,22.305035],[102.363422,22.305895],[102.357886,22.299855],[102.350989,22.298222],[102.347347,22.294099],[102.339232,22.29068],[102.333843,22.285382],[102.331175,22.286054],[102.324874,22.275604],[102.32573,22.270601],[102.323625,22.267639],[102.321345,22.267332],[102.321437,22.263486],[102.316336,22.264541],[102.315305,22.266472],[102.313239,22.265411],[102.313567,22.267087],[102.30949,22.268134],[102.308161,22.270408],[102.305353,22.268008],[102.300213,22.272563],[102.301712,22.261843],[102.299838,22.260583],[102.300373,22.258764],[102.294198,22.254456],[102.295157,22.252243],[102.292314,22.250205],[102.291032,22.250962],[102.290255,22.248855],[102.263082,22.249988],[102.259467,22.248693],[102.258417,22.245648],[102.248896,22.243869],[102.247671,22.247325],[102.239556,22.24855],[102.242426,22.254422],[102.240499,22.25636],[102.240554,22.259033],[102.232253,22.26413],[102.233962,22.268937],[102.232514,22.269637],[102.23272,22.273238],[102.230105,22.274551],[102.233762,22.276763],[102.234692,22.282496],[102.232528,22.284615],[102.226404,22.284392],[102.225176,22.286609],[102.216808,22.285672],[102.21486,22.287882],[102.211908,22.287326],[102.211219,22.290925],[102.205857,22.291036],[102.202031,22.29573],[102.192839,22.299344],[102.190496,22.302536],[102.177748,22.304549],[102.17693,22.314011],[102.180506,22.321443],[102.182647,22.323872],[102.188258,22.32585],[102.189966,22.330807],[102.196197,22.336264],[102.192365,22.33957],[102.185784,22.341583],[102.180517,22.338302],[102.177133,22.339028],[102.167634,22.349761],[102.162701,22.3622],[102.171138,22.371288],[102.16891,22.372855],[102.168506,22.375908],[102.162525,22.377467],[102.159055,22.384764],[102.153982,22.387429],[102.151793,22.38705],[102.148334,22.390039],[102.148263,22.396535],[102.143914,22.400636],[102.146801,22.40268],[102.145541,22.405882],[102.148724,22.407562],[102.154588,22.417018],[102.153846,22.42477],[102.158207,22.425854],[102.159159,22.430095],[102.170351,22.428336],[102.175095,22.432524],[102.17984,22.431898],[102.185803,22.434812],[102.206891,22.42733],[102.212115,22.431566],[102.2224,22.425339],[102.225041,22.427774],[102.228724,22.42648],[102.230816,22.428292],[102.233956,22.426203],[102.23911,22.428163],[102.246427,22.420734],[102.249531,22.420549],[102.259505,22.413944],[102.263057,22.414191],[102.268754,22.425128],[102.266331,22.427295],[102.266026,22.43354],[102.258437,22.442918],[102.257196,22.44918],[102.253844,22.454336],[102.248966,22.457446],[102.249092,22.462384],[102.2519,22.462126],[102.258408,22.466132],[102.262397,22.465407],[102.26402,22.467525],[102.263027,22.469646],[102.265306,22.4782],[102.270624,22.480737],[102.275723,22.479471],[102.277685,22.482845],[102.275147,22.488809],[102.279999,22.502518],[102.281741,22.501851],[102.283689,22.504046],[102.28814,22.504648],[102.289047,22.505816],[102.287831,22.507382],[102.292735,22.510319],[102.294414,22.512861],[102.29306,22.517888],[102.297093,22.521624],[102.295731,22.522221],[102.296689,22.523939],[102.299575,22.524819],[102.299456,22.529866],[102.303559,22.535665],[102.30626,22.53688],[102.307656,22.535695],[102.310272,22.538345],[102.310688,22.541237],[102.315136,22.542137],[102.315536,22.543793],[102.317639,22.544175],[102.316747,22.545593],[102.321821,22.548166],[102.323834,22.547345],[102.321989,22.543686],[102.325597,22.543274],[102.326956,22.539791],[102.329238,22.538731],[102.33043,22.534081],[102.333811,22.533957],[102.336144,22.529812],[102.339297,22.527763],[102.34256,22.528569],[102.340698,22.524722],[102.33761,22.522749],[102.339256,22.521479],[102.338687,22.518179],[102.343305,22.511781],[102.342707,22.509699],[102.346009,22.507701],[102.344402,22.505928],[102.348573,22.505556],[102.346674,22.502435],[102.347004,22.499369],[102.348527,22.498897],[102.346797,22.495905],[102.34755,22.4908],[102.355516,22.490717],[102.359525,22.48886],[102.361182,22.474435],[102.36592,22.475741],[102.370633,22.471789],[102.376527,22.471602],[102.38035,22.469134],[102.382331,22.470209],[102.387335,22.467556],[102.38734,22.464681],[102.392912,22.460725],[102.389882,22.439891],[102.396835,22.433171],[102.396017,22.428153],[102.398234,22.418424],[102.396267,22.418005],[102.391331,22.42142],[102.390913,22.417538],[102.392504,22.415594],[102.387392,22.41164],[102.388302,22.407493],[102.390117,22.406852],[102.393424,22.400995],[102.394597,22.400232],[102.398068,22.402038],[102.40354,22.397089],[102.409043,22.387927],[102.416815,22.388285],[102.420992,22.385836],[102.42391,22.381285],[102.425505,22.370295],[102.432081,22.368278],[102.43583,22.365221],[102.441013,22.365891],[102.44423,22.362564],[102.444211,22.361127],[102.43604,22.361158],[102.42507,22.358522],[102.421825,22.34843],[102.421555,22.340934],[102.424356,22.339339],[102.423843,22.335621]]]}},{"type":"Feature","properties":{"code":"03241","name":"Xã Sính Phình","type":"Xã"},"geometry":{"type":"Polygon","coordinates":[[[103.409716,22.010664],[103.410133,22.000099],[103.403686,21.99724],[103.403789,21.990385],[103.402404,21.992225],[103.400066,21.992045],[103.400682,21.991039],[103.398682,21.992088],[103.39524,21.989977],[103.393499,21.991403],[103.391996,21.988892],[103.397157,21.976646],[103.389211,21.965792],[103.391496,21.959455],[103.390735,21.950111],[103.389082,21.947998],[103.394593,21.941126],[103.390039,21.939649],[103.383108,21.922089],[103.384655,21.918185],[103.391741,21.916176],[103.394604,21.918154],[103.398387,21.913545],[103.401244,21.912752],[103.402593,21.90998],[103.399899,21.906449],[103.400063,21.90388],[103.407852,21.899666],[103.411384,21.893921],[103.411095,21.890857],[103.405008,21.890007],[103.395389,21.892107],[103.381843,21.889213],[103.377414,21.890886],[103.374022,21.881543],[103.374831,21.875126],[103.373117,21.873541],[103.368924,21.872779],[103.356306,21.87625],[103.353957,21.8749],[103.356834,21.872729],[103.344238,21.872441],[103.333027,21.874953],[103.332137,21.872301],[103.328096,21.871011],[103.32656,21.866128],[103.320321,21.863268],[103.297856,21.864111],[103.29387,21.866783],[103.291138,21.883483],[103.287878,21.88659],[103.283965,21.895243],[103.278389,21.90003],[103.278129,21.904036],[103.273295,21.912695],[103.266596,21.91787],[103.25966,21.9265],[103.250507,21.933219],[103.263243,21.945358],[103.264205,21.95341],[103.273668,21.955535],[103.290029,21.964309],[103.291481,21.967763],[103.300189,21.969692],[103.307863,21.975567],[103.317491,21.979277],[103.31865,21.986606],[103.316504,21.990136],[103.321751,21.997383],[103.322325,22.00243],[103.324857,22.004529],[103.328027,22.005074],[103.332607,22.003287],[103.337815,22.007759],[103.343314,22.006257],[103.347888,22.008331],[103.351404,22.007016],[103.35855,22.009803],[103.361717,22.014574],[103.371507,22.013728],[103.374932,22.017936],[103.374071,22.022539],[103.383952,22.025161],[103.391695,22.024238],[103.394817,22.026448],[103.397928,22.01999],[103.405892,22.018817],[103.40683,22.015593],[103.409774,22.014245],[103.415626,22.016026],[103.414321,22.013397],[103.409716,22.010664]]]}},{"type":"Feature","properties":{"code":"03352","name":"Xã Thanh An","type":"Xã"},"geometry":{"type":"Polygon","coordinates":[[[103.056964,21.351859],[103.058861,21.346538],[103.06658,21.343485],[103.077174,21.342147],[103.079591,21.339187],[103.07109,21.329145],[103.069633,21.313017],[103.072214,21.308292],[103.078205,21.305201],[103.077649,21.299946],[103.067656,21.287783],[103.063394,21.279632],[103.054352,21.273833],[103.047461,21.27237],[103.044442,21.269194],[103.04147,21.269974],[103.038486,21.268679],[103.037244,21.265582],[103.039917,21.262509],[103.034519,21.262271],[103.036977,21.257723],[103.033976,21.255735],[103.027759,21.256556],[103.021378,21.26046],[103.025779,21.252594],[103.018751,21.25125],[103.017057,21.251997],[103.017609,21.254221],[103.014869,21.258999],[103.013027,21.259201],[103.010629,21.263396],[103.012257,21.270433],[103.010864,21.275101],[103.007544,21.276903],[103.010174,21.277476],[103.013555,21.285248],[103.017493,21.288199],[103.016923,21.29079],[103.020627,21.290741],[103.019196,21.294153],[103.023578,21.295833],[103.024457,21.29906],[103.01874,21.298591],[103.018423,21.30178],[103.012444,21.301484],[103.006955,21.298699],[103.006169,21.295455],[103.003024,21.295352],[102.998204,21.299545],[102.999776,21.302988],[102.997556,21.307132],[103.003516,21.313955],[102.998991,21.316711],[103.00383,21.318712],[103.001544,21.323033],[103.003298,21.326944],[103.00624,21.327512],[103.006202,21.329645],[103.009609,21.33162],[103.009913,21.334762],[103.013394,21.336851],[103.013318,21.338892],[103.023909,21.340099],[103.023092,21.344155],[103.028534,21.34516],[103.029412,21.342327],[103.03501,21.341347],[103.037185,21.342776],[103.034921,21.344156],[103.034937,21.347274],[103.041208,21.34763],[103.043742,21.351844],[103.050719,21.350366],[103.055265,21.352504],[103.056964,21.351859]],[[103.013211,21.284196],[103.013213,21.284202],[103.0132118921346,21.284198939521882],[103.013211,21.284196]]]}},{"type":"Feature","properties":{"code":"03328","name":"Xã Thanh Nưa","type":"Xã"},"geometry":{"type":"Polygon","coordinates":[[[102.973342,21.35265],[102.969018,21.355035],[102.957045,21.352085],[102.952115,21.355513],[102.948031,21.355251],[102.941416,21.351785],[102.942579,21.354589],[102.94009,21.358585],[102.934048,21.362257],[102.916891,21.360955],[102.908414,21.365457],[102.903136,21.364905],[102.900755,21.36667],[102.899184,21.365695],[102.896812,21.368292],[102.894761,21.367753],[102.898773,21.374678],[102.896062,21.386244],[102.90139,21.388072],[102.904591,21.392252],[102.907232,21.391972],[102.909876,21.399621],[102.915004,21.403005],[102.916124,21.406257],[102.919169,21.406634],[102.920219,21.408516],[102.918087,21.410248],[102.918052,21.415016],[102.919066,21.419224],[102.922777,21.423518],[102.923702,21.431458],[102.926152,21.433262],[102.931657,21.446151],[102.933975,21.44444],[102.934873,21.448302],[102.942622,21.456206],[102.93752,21.458924],[102.922456,21.455316],[102.921523,21.45253],[102.919204,21.453003],[102.920326,21.450225],[102.916845,21.449096],[102.917381,21.448038],[102.914049,21.445102],[102.914912,21.442507],[102.912647,21.440139],[102.913782,21.437758],[102.905476,21.434779],[102.904605,21.430574],[102.899966,21.432766],[102.900002,21.436143],[102.893274,21.433395],[102.890308,21.42826],[102.886929,21.426587],[102.87881,21.42452],[102.871838,21.424737],[102.869365,21.428991],[102.878637,21.438722],[102.877234,21.445475],[102.879544,21.447523],[102.884212,21.447962],[102.886461,21.452428],[102.88483,21.463162],[102.88783,21.464372],[102.891035,21.469879],[102.889748,21.473059],[102.885553,21.476354],[102.889838,21.477416],[102.890093,21.478894],[102.893692,21.477369],[102.901308,21.477719],[102.902934,21.476052],[102.907325,21.478482],[102.909363,21.481526],[102.907524,21.486703],[102.912022,21.488063],[102.915104,21.495318],[102.926035,21.494063],[102.927129,21.49009],[102.931532,21.48704],[102.941715,21.484221],[102.946219,21.485619],[102.950469,21.491891],[102.964862,21.496694],[102.979721,21.491491],[102.985293,21.486503],[102.995574,21.488829],[102.998463,21.490447],[102.999554,21.493297],[103.003414,21.494322],[103.010584,21.495542],[103.017201,21.488658],[103.022001,21.490744],[103.02326,21.492887],[103.035562,21.496451],[103.036988,21.495079],[103.032801,21.487762],[103.033412,21.483472],[103.037103,21.480472],[103.036912,21.478928],[103.028479,21.471403],[103.025092,21.471406],[103.024311,21.467858],[103.028226,21.467117],[103.029204,21.464178],[103.026096,21.458968],[103.028923,21.456732],[103.026256,21.45538],[103.029064,21.445126],[103.025209,21.440785],[103.024289,21.423951],[103.02618,21.419246],[103.030863,21.4161],[103.028597,21.415855],[103.027386,21.41239],[103.022168,21.410274],[103.017039,21.411778],[103.015337,21.415462],[103.010238,21.416298],[103.00427,21.421435],[103.000932,21.420412],[102.999125,21.415581],[102.995832,21.414066],[102.994674,21.408087],[102.992789,21.406578],[102.993661,21.39963],[103.000612,21.395187],[103.003086,21.38014],[103.007886,21.377225],[103.001034,21.367796],[103.005136,21.367041],[103.004653,21.362135],[103.001295,21.361052],[103.003518,21.354186],[103.00024,21.35369],[103.000626,21.351138],[102.996777,21.35015],[102.997535,21.347699],[102.987129,21.347781],[102.987115,21.346309],[102.979654,21.35136],[102.978446,21.349822],[102.973502,21.34973],[102.972177,21.350877],[102.973342,21.35265]]]}},{"type":"Feature","properties":{"code":"03349","name":"Xã Thanh Yên","type":"Xã"},"geometry":{"type":"Polygon","coordinates":[[[102.973342,21.35265],[102.972177,21.350877],[102.973502,21.34973],[102.978446,21.349822],[102.979654,21.35136],[102.987115,21.346309],[102.987129,21.347781],[102.997535,21.347699],[102.996777,21.35015],[103.000626,21.351138],[103.005651,21.349939],[103.004203,21.348127],[103.00743,21.347348],[103.004479,21.344433],[103.00522,21.336367],[103.006573,21.335019],[103.009603,21.335347],[103.00973,21.331877],[103.006202,21.329645],[103.006127,21.327407],[103.003298,21.326944],[103.001544,21.323033],[103.00383,21.318712],[102.99896,21.316589],[103.003506,21.313904],[102.997224,21.306155],[102.999776,21.302988],[102.998438,21.298752],[103.003056,21.295843],[102.999967,21.294507],[103.003474,21.287143],[102.99364,21.278233],[102.978876,21.27531],[102.977669,21.277318],[102.978521,21.279551],[102.976706,21.280738],[102.971534,21.280867],[102.967754,21.279006],[102.967727,21.284682],[102.961001,21.284276],[102.950638,21.288189],[102.946425,21.288306],[102.945196,21.282419],[102.936274,21.285441],[102.92992,21.28343],[102.927382,21.284057],[102.924316,21.281355],[102.910546,21.283456],[102.908268,21.282843],[102.90976,21.278426],[102.905875,21.277214],[102.904772,21.275114],[102.907279,21.267328],[102.901734,21.261472],[102.891772,21.262566],[102.883534,21.260577],[102.878903,21.256841],[102.867005,21.254576],[102.86471,21.255179],[102.864238,21.257445],[102.862235,21.25533],[102.85863,21.257424],[102.854883,21.252416],[102.850018,21.254099],[102.845303,21.250989],[102.842686,21.246816],[102.829936,21.24772],[102.829097,21.246205],[102.826632,21.246859],[102.823922,21.245429],[102.820213,21.249631],[102.820757,21.253293],[102.813605,21.250697],[102.811532,21.251616],[102.815398,21.256292],[102.807885,21.263133],[102.809379,21.266201],[102.814942,21.266493],[102.817135,21.269012],[102.814979,21.27089],[102.815667,21.271931],[102.820136,21.27241],[102.82959,21.278524],[102.83262,21.27778],[102.834745,21.283723],[102.839096,21.282546],[102.839183,21.286971],[102.842773,21.292648],[102.846355,21.289638],[102.849116,21.290182],[102.852227,21.299799],[102.859021,21.29805],[102.862202,21.30075],[102.872923,21.30042],[102.877567,21.302607],[102.884037,21.299508],[102.897261,21.304635],[102.899372,21.311776],[102.898115,21.314218],[102.900193,21.317293],[102.892317,21.330222],[102.889298,21.332072],[102.891001,21.339212],[102.893553,21.341159],[102.892241,21.345135],[102.894017,21.347731],[102.893757,21.352621],[102.896829,21.356291],[102.893576,21.360408],[102.898335,21.363313],[102.899687,21.366505],[102.903136,21.364905],[102.908561,21.36541],[102.916891,21.360955],[102.934048,21.362257],[102.94009,21.358585],[102.942579,21.354589],[102.941416,21.351785],[102.948031,21.355251],[102.952115,21.355513],[102.957045,21.352085],[102.969018,21.355035],[102.973342,21.35265]]]}},{"type":"Feature","properties":{"code":"03253","name":"Xã Tuần Giáo","type":"Xã"},"geometry":{"type":"Polygon","coordinates":[[[103.414467,21.695152],[103.42475,21.690669],[103.43401,21.69028],[103.438116,21.673765],[103.442419,21.672199],[103.44613,21.672729],[103.44976,21.666263],[103.456775,21.664823],[103.45831,21.662017],[103.461946,21.662293],[103.46294,21.660881],[103.45882,21.65594],[103.460967,21.653082],[103.468066,21.655708],[103.485854,21.668209],[103.48944,21.660962],[103.495899,21.662387],[103.504217,21.652676],[103.502938,21.648584],[103.50406,21.643455],[103.50878,21.634618],[103.492238,21.628209],[103.48627,21.622692],[103.487502,21.613669],[103.484198,21.610606],[103.479879,21.613933],[103.470225,21.617111],[103.468385,21.611122],[103.470757,21.605274],[103.46974,21.602585],[103.46401,21.603539],[103.45508,21.601263],[103.457405,21.596396],[103.45451,21.594266],[103.457024,21.594622],[103.455049,21.591963],[103.457247,21.590471],[103.45237,21.586445],[103.457545,21.580152],[103.447745,21.582916],[103.441099,21.580893],[103.437422,21.584934],[103.430861,21.580204],[103.427116,21.579303],[103.419934,21.581593],[103.414393,21.57887],[103.413764,21.57652],[103.410532,21.574564],[103.410232,21.570347],[103.406499,21.566978],[103.392198,21.574693],[103.390904,21.577711],[103.383495,21.582409],[103.378292,21.587904],[103.381767,21.590392],[103.38588,21.603911],[103.389075,21.606059],[103.388743,21.610532],[103.39096,21.613386],[103.391982,21.620784],[103.389099,21.624042],[103.390806,21.63201],[103.389736,21.638422],[103.388014,21.639621],[103.391256,21.646125],[103.390597,21.658848],[103.388606,21.664959],[103.390748,21.672011],[103.389606,21.677868],[103.391793,21.680195],[103.39671,21.680278],[103.400449,21.681956],[103.401504,21.684696],[103.407567,21.686543],[103.412613,21.691568],[103.412439,21.694696],[103.414467,21.695152]]]}},{"type":"Feature","properties":{"code":"03385","name":"Xã Tìa Dình","type":"Xã"},"geometry":{"type":"Polygon","coordinates":[[[103.298192,21.220158],[103.311071,21.218343],[103.315566,21.219782],[103.321606,21.217612],[103.323793,21.214081],[103.329132,21.218522],[103.335896,21.218675],[103.335412,21.219626],[103.341698,21.222633],[103.347514,21.220738],[103.351652,21.213924],[103.350635,21.211537],[103.35464,21.205549],[103.35025,21.200231],[103.35589,21.19242],[103.357816,21.191974],[103.359145,21.184895],[103.364942,21.180876],[103.364052,21.176922],[103.36592,21.173648],[103.364813,21.169334],[103.369815,21.164193],[103.372127,21.165492],[103.372717,21.16823],[103.389171,21.174124],[103.392013,21.171756],[103.399851,21.174485],[103.4018,21.167441],[103.407931,21.161356],[103.404313,21.154936],[103.397696,21.152286],[103.396519,21.146419],[103.399943,21.144801],[103.40155,21.140557],[103.404387,21.138809],[103.403545,21.136154],[103.407779,21.124791],[103.405765,21.121778],[103.404222,21.111513],[103.412604,21.100908],[103.412111,21.095652],[103.413971,21.090835],[103.413001,21.089027],[103.415358,21.088832],[103.415691,21.085783],[103.421366,21.081647],[103.421068,21.075216],[103.424435,21.069995],[103.421944,21.065728],[103.407822,21.063662],[103.402104,21.065627],[103.397133,21.063154],[103.391646,21.063745],[103.384674,21.060012],[103.377336,21.06175],[103.37795,21.064835],[103.368663,21.068037],[103.365461,21.071518],[103.363699,21.070402],[103.360752,21.072193],[103.358066,21.071807],[103.348781,21.081846],[103.338685,21.086108],[103.333445,21.091069],[103.322232,21.092578],[103.315884,21.095972],[103.31594,21.094077],[103.313301,21.091972],[103.308906,21.095589],[103.299082,21.095061],[103.289047,21.101984],[103.286671,21.099992],[103.290252,21.09808],[103.285208,21.094656],[103.287031,21.093693],[103.286984,21.091508],[103.281776,21.090262],[103.276303,21.094606],[103.275399,21.10533],[103.273414,21.112294],[103.271151,21.114455],[103.27245,21.118044],[103.271083,21.120862],[103.271765,21.127329],[103.273135,21.130752],[103.278383,21.130756],[103.27606,21.134001],[103.275171,21.146692],[103.282062,21.152446],[103.281368,21.155661],[103.283001,21.156916],[103.281794,21.160855],[103.286879,21.164514],[103.288567,21.168775],[103.286982,21.171065],[103.282558,21.170914],[103.28376,21.173599],[103.28239,21.177614],[103.273369,21.180392],[103.275039,21.184727],[103.274182,21.187418],[103.275978,21.193334],[103.281883,21.196603],[103.280338,21.199197],[103.281588,21.200583],[103.280657,21.203981],[103.282621,21.207554],[103.280455,21.211956],[103.291535,21.217731],[103.295188,21.222465],[103.296486,21.223044],[103.296013,21.221678],[103.298192,21.220158]]]}},{"type":"Feature","properties":{"code":"03217","name":"Xã Tủa Chùa","type":"Xã"},"geometry":{"type":"Polygon","coordinates":[[[103.356306,21.87625],[103.369085,21.872778],[103.373554,21.87368],[103.374897,21.875735],[103.379773,21.870772],[103.380069,21.864228],[103.384285,21.856491],[103.38205,21.851995],[103.378843,21.850752],[103.38183,21.847268],[103.388829,21.84804],[103.389544,21.846789],[103.387863,21.844308],[103.388677,21.843138],[103.390299,21.844089],[103.389611,21.842769],[103.39145,21.841064],[103.388227,21.829506],[103.391122,21.829113],[103.389519,21.831],[103.390315,21.833334],[103.396234,21.835329],[103.40309,21.832714],[103.422326,21.830852],[103.424361,21.828757],[103.423625,21.820223],[103.430696,21.809678],[103.427464,21.80727],[103.43026,21.801206],[103.432324,21.800151],[103.428128,21.793919],[103.42834,21.789608],[103.425939,21.788039],[103.425881,21.784798],[103.417858,21.785859],[103.415833,21.782334],[103.409085,21.781676],[103.413835,21.777878],[103.412395,21.776058],[103.405898,21.774558],[103.399462,21.775874],[103.392535,21.769264],[103.388532,21.767892],[103.385001,21.770665],[103.381004,21.769113],[103.380586,21.774032],[103.37343,21.77971],[103.369764,21.779614],[103.356289,21.785229],[103.333894,21.785378],[103.331045,21.787314],[103.332602,21.790814],[103.33111,21.796455],[103.327843,21.79747],[103.322349,21.805132],[103.308378,21.809362],[103.3037,21.805862],[103.301858,21.814858],[103.303991,21.817549],[103.297523,21.824513],[103.297788,21.830548],[103.291698,21.847353],[103.288759,21.850688],[103.290198,21.854001],[103.289367,21.859131],[103.293241,21.867591],[103.297856,21.864111],[103.320321,21.863268],[103.32656,21.866128],[103.328096,21.871011],[103.332137,21.872301],[103.333027,21.874953],[103.344238,21.872441],[103.352914,21.872363],[103.356834,21.872729],[103.353957,21.8749],[103.356306,21.87625]]]}},{"type":"Feature","properties":{"code":"03220","name":"Xã Tủa Thàng","type":"Xã"},"geometry":{"type":"Polygon","coordinates":[[[103.40683,22.015593],[103.411136,22.018898],[103.409571,22.028825],[103.414605,22.039977],[103.408953,22.053144],[103.40641,22.054638],[103.408852,22.058058],[103.406821,22.060609],[103.403713,22.060931],[103.401077,22.065022],[103.393403,22.067266],[103.399373,22.073501],[103.391966,22.077024],[103.390486,22.087236],[103.386059,22.09213],[103.38676,22.099819],[103.381416,22.101711],[103.378034,22.109745],[103.373822,22.114002],[103.372711,22.119502],[103.36735,22.126372],[103.368947,22.130511],[103.361327,22.150546],[103.361814,22.154073],[103.374666,22.154475],[103.380579,22.156933],[103.389585,22.154549],[103.39302,22.141258],[103.399916,22.133538],[103.403979,22.125798],[103.412307,22.096422],[103.419122,22.08593],[103.418514,22.08114],[103.421136,22.073386],[103.428336,22.067467],[103.430907,22.059561],[103.434614,22.055298],[103.445501,22.057633],[103.453966,22.054701],[103.457975,22.049335],[103.461685,22.039063],[103.469533,22.030331],[103.469489,22.026908],[103.456131,22.01632],[103.455682,22.009528],[103.458226,22.000086],[103.473506,21.982857],[103.489972,21.976896],[103.501965,21.966971],[103.509286,21.956308],[103.503795,21.954273],[103.498176,21.949056],[103.516359,21.925471],[103.516309,21.923102],[103.518725,21.921796],[103.518425,21.917981],[103.521842,21.913677],[103.508683,21.911063],[103.506958,21.906653],[103.503111,21.904101],[103.497454,21.90812],[103.497047,21.910683],[103.493927,21.911915],[103.49162,21.910331],[103.482048,21.915989],[103.484494,21.920956],[103.483069,21.92265],[103.473814,21.921725],[103.458751,21.927006],[103.452586,21.924886],[103.447579,21.925773],[103.447909,21.924099],[103.440377,21.917384],[103.440657,21.913036],[103.435847,21.909747],[103.431471,21.910712],[103.426655,21.917286],[103.429233,21.922145],[103.419252,21.925128],[103.416489,21.92182],[103.408474,21.923597],[103.405725,21.921636],[103.396954,21.920238],[103.391741,21.916176],[103.384526,21.918292],[103.38311,21.922147],[103.385329,21.929853],[103.388523,21.933597],[103.390039,21.939649],[103.394593,21.941126],[103.389082,21.947998],[103.390735,21.950111],[103.391496,21.959455],[103.389211,21.965792],[103.397157,21.976646],[103.391996,21.988892],[103.393499,21.991403],[103.393999,21.990506],[103.39524,21.989977],[103.398682,21.992088],[103.400682,21.991039],[103.400066,21.992045],[103.402404,21.992225],[103.403789,21.990385],[103.403686,21.99724],[103.410133,22.000099],[103.409716,22.010664],[103.414321,22.013397],[103.415626,22.016026],[103.411566,22.014105],[103.40683,22.015593]]]}},{"type":"Feature","properties":{"code":"03208","name":"Xã Xa Dung","type":"Xã"},"geometry":{"type":"Polygon","coordinates":[[[103.268186,21.425258],[103.273409,21.423992],[103.280052,21.418079],[103.285337,21.41592],[103.289409,21.410434],[103.289606,21.402956],[103.29155,21.402315],[103.299393,21.407872],[103.304973,21.407875],[103.308177,21.410321],[103.314765,21.411613],[103.317994,21.410704],[103.323198,21.414288],[103.330724,21.415455],[103.330501,21.412407],[103.335224,21.411826],[103.338538,21.407736],[103.339048,21.399366],[103.345065,21.399399],[103.345072,21.398038],[103.357513,21.390351],[103.361665,21.378083],[103.360459,21.375004],[103.361546,21.371827],[103.372114,21.372363],[103.375865,21.369946],[103.386679,21.368621],[103.387897,21.360639],[103.383187,21.357153],[103.378956,21.347481],[103.369448,21.346675],[103.368283,21.337306],[103.37047,21.335215],[103.369712,21.331299],[103.366729,21.332304],[103.366666,21.333666],[103.36114,21.332241],[103.358501,21.333562],[103.353214,21.33284],[103.348031,21.330658],[103.342707,21.321594],[103.341536,21.316975],[103.34538,21.316542],[103.349041,21.312154],[103.35118,21.294926],[103.352541,21.293801],[103.342926,21.29049],[103.334722,21.292773],[103.335904,21.281215],[103.332749,21.28017],[103.328073,21.270774],[103.328068,21.266088],[103.325096,21.26392],[103.326774,21.258087],[103.324679,21.251055],[103.328583,21.247753],[103.32905,21.24373],[103.320159,21.238884],[103.314812,21.240014],[103.314883,21.235601],[103.312024,21.234356],[103.31156,21.230109],[103.307513,21.229924],[103.295188,21.222465],[103.29215,21.218172],[103.283935,21.214838],[103.279206,21.209433],[103.2745,21.209188],[103.269484,21.214286],[103.261606,21.209079],[103.254065,21.207753],[103.249016,21.208816],[103.246559,21.212399],[103.243974,21.212778],[103.241861,21.211018],[103.23639,21.215149],[103.233573,21.219984],[103.229192,21.218872],[103.229522,21.221146],[103.226258,21.221804],[103.232213,21.226984],[103.229955,21.230446],[103.233997,21.23418],[103.233969,21.23986],[103.235517,21.242332],[103.238799,21.239608],[103.24176,21.2423],[103.242215,21.24402],[103.23917,21.245332],[103.239476,21.246997],[103.241977,21.246341],[103.245289,21.251892],[103.24984,21.253846],[103.251554,21.253109],[103.25277,21.255249],[103.256776,21.253301],[103.259044,21.255984],[103.258418,21.258426],[103.262109,21.259396],[103.259755,21.261323],[103.263014,21.264777],[103.260475,21.267344],[103.261718,21.269572],[103.260752,21.273681],[103.258952,21.274871],[103.259266,21.278239],[103.255997,21.277448],[103.257371,21.279525],[103.252583,21.283118],[103.255823,21.284861],[103.252702,21.2875],[103.253568,21.290347],[103.257996,21.292709],[103.25473,21.295056],[103.253241,21.293452],[103.251247,21.29416],[103.252824,21.296552],[103.250826,21.298848],[103.25923,21.312998],[103.259532,21.317917],[103.257135,21.318586],[103.256892,21.324924],[103.268355,21.338857],[103.265587,21.338699],[103.260108,21.333501],[103.248523,21.337236],[103.250222,21.345202],[103.25229,21.346326],[103.247831,21.353845],[103.253735,21.36034],[103.252581,21.366371],[103.247001,21.373815],[103.248844,21.374739],[103.249465,21.379678],[103.252649,21.38339],[103.250269,21.385179],[103.249505,21.392794],[103.252566,21.400821],[103.255381,21.40362],[103.253544,21.410539],[103.248906,21.416636],[103.250816,21.424922],[103.262202,21.414923],[103.261241,21.420686],[103.265422,21.428717],[103.268186,21.425258]]]}}]}