{"type":"FeatureCollection","features":[{"type":"Feature","properties":{"code":"03664","name":"Phường Chiềng An","type":"Phường"},"geometry":{"type":"Polygon","coordinates":[[[103.859664,21.442505],[103.873717,21.4399],[103.88007,21.441137],[103.877502,21.433519],[103.887195,21.434397],[103.897361,21.431673],[103.901749,21.432681],[103.904788,21.429861],[103.904653,21.426015],[103.906562,21.425202],[103.912864,21.427625],[103.917739,21.425346],[103.922245,21.426996],[103.930594,21.426989],[103.931946,21.424892],[103.934206,21.425752],[103.937143,21.423727],[103.938363,21.420911],[103.950373,21.415325],[103.957165,21.416363],[103.959518,21.412239],[103.955513,21.40844],[103.956527,21.406223],[103.963231,21.403985],[103.971576,21.404893],[103.974499,21.39862],[103.973612,21.396102],[103.975659,21.393753],[103.974945,21.391291],[103.977507,21.385392],[103.976697,21.382515],[103.982002,21.381465],[103.981173,21.380086],[103.983613,21.375096],[103.980597,21.373166],[103.983794,21.370466],[103.985005,21.366993],[103.978195,21.362979],[103.974893,21.363406],[103.97482,21.359459],[103.970863,21.359102],[103.97078,21.350494],[103.963323,21.352295],[103.959218,21.351082],[103.956902,21.346264],[103.953436,21.345035],[103.949947,21.334823],[103.948431,21.333795],[103.947491,21.334946],[103.942447,21.331014],[103.939067,21.330978],[103.936073,21.333813],[103.931745,21.333329],[103.930485,21.336586],[103.923498,21.340077],[103.920318,21.338745],[103.917257,21.340895],[103.912079,21.341137],[103.913811,21.345665],[103.911818,21.346487],[103.913326,21.351248],[103.910777,21.352051],[103.909853,21.354832],[103.91279,21.355955],[103.911211,21.358976],[103.904461,21.353106],[103.906637,21.352334],[103.906965,21.347127],[103.899516,21.345402],[103.896189,21.341356],[103.897725,21.333828],[103.893801,21.331539],[103.892282,21.332116],[103.893128,21.333597],[103.888662,21.333375],[103.886471,21.327294],[103.884457,21.326156],[103.880154,21.327797],[103.876268,21.334712],[103.878007,21.343681],[103.8717,21.345256],[103.869291,21.349402],[103.862155,21.34739],[103.858131,21.347497],[103.852154,21.350772],[103.839395,21.349393],[103.841825,21.353164],[103.84215,21.359229],[103.838299,21.362673],[103.834019,21.361174],[103.832395,21.363506],[103.830073,21.36353],[103.823298,21.357672],[103.812529,21.35804],[103.814584,21.360762],[103.811313,21.364505],[103.813399,21.366103],[103.815022,21.372108],[103.821063,21.377571],[103.817667,21.381607],[103.812542,21.383962],[103.812003,21.386127],[103.808491,21.386897],[103.809543,21.388189],[103.807885,21.394726],[103.809253,21.398492],[103.818789,21.408656],[103.823033,21.408995],[103.824601,21.412445],[103.827497,21.412359],[103.828216,21.414815],[103.830158,21.414248],[103.831819,21.415806],[103.83317,21.418572],[103.832789,21.42641],[103.834779,21.425924],[103.84034,21.433072],[103.842608,21.432987],[103.845379,21.436147],[103.847638,21.435592],[103.853954,21.438326],[103.854507,21.437087],[103.859664,21.442505]]]}},{"type":"Feature","properties":{"code":"03670","name":"Phường Chiềng Cơi","type":"Phường"},"geometry":{"type":"MultiPolygon","coordinates":[[[[103.852154,21.350772],[103.858299,21.34747],[103.869291,21.349402],[103.8717,21.345256],[103.878007,21.343681],[103.875981,21.336064],[103.880519,21.327535],[103.885238,21.326429],[103.888662,21.333375],[103.893128,21.333597],[103.892282,21.332116],[103.893801,21.331539],[103.895251,21.331623],[103.89554,21.333592],[103.898121,21.330799],[103.902134,21.33038],[103.904048,21.326886],[103.906182,21.327347],[103.907271,21.325052],[103.908573,21.325921],[103.905375,21.322329],[103.907814,21.320297],[103.910331,21.319617],[103.90814,21.324557],[103.908832,21.326277],[103.913633,21.324914],[103.914856,21.321713],[103.921351,21.320339],[103.920622,21.314082],[103.925619,21.311378],[103.928663,21.304987],[103.925673,21.303579],[103.925932,21.301732],[103.929043,21.301159],[103.92943,21.299372],[103.932327,21.300609],[103.933709,21.299506],[103.935203,21.302404],[103.937173,21.300929],[103.936539,21.298563],[103.938844,21.295109],[103.93363,21.291379],[103.936471,21.289959],[103.938293,21.285535],[103.937269,21.285299],[103.942053,21.281113],[103.939916,21.278492],[103.942114,21.27567],[103.94135,21.274009],[103.944204,21.27221],[103.937978,21.267572],[103.936363,21.271798],[103.934849,21.271174],[103.935603,21.272537],[103.924496,21.270966],[103.915415,21.261088],[103.907717,21.262424],[103.905364,21.256309],[103.900801,21.256647],[103.899276,21.248342],[103.889601,21.248586],[103.885779,21.24605],[103.88063,21.245328],[103.878434,21.249233],[103.871973,21.250883],[103.869595,21.255217],[103.864674,21.256205],[103.856916,21.264333],[103.853506,21.271611],[103.84633,21.272958],[103.843757,21.27588],[103.838981,21.274721],[103.835672,21.275663],[103.823957,21.282331],[103.820415,21.28804],[103.816826,21.287802],[103.80266,21.302528],[103.807837,21.307935],[103.810225,21.307439],[103.810223,21.305751],[103.817036,21.304095],[103.817674,21.302264],[103.821409,21.304062],[103.828586,21.301226],[103.827751,21.306142],[103.831131,21.312767],[103.827203,21.31645],[103.829199,21.321824],[103.83196,21.321621],[103.833315,21.325935],[103.831555,21.328002],[103.832634,21.330571],[103.839051,21.338321],[103.836752,21.343192],[103.839917,21.346555],[103.84064,21.349874],[103.845064,21.34906],[103.852154,21.350772]]],[[[103.94152,21.318231],[103.940121,21.316881],[103.941099,21.313815],[103.935321,21.307161],[103.931575,21.309265],[103.932472,21.313929],[103.927725,21.313021],[103.924863,21.316802],[103.926477,21.319988],[103.935759,21.324646],[103.94152,21.318231]]]]}},{"type":"Feature","properties":{"code":"03679","name":"Phường Chiềng Sinh","type":"Phường"},"geometry":{"type":"Polygon","coordinates":[[[103.994064,21.367569],[103.999497,21.365626],[104.001446,21.353269],[104.007468,21.343921],[104.006537,21.341798],[103.999124,21.337933],[103.994181,21.339993],[103.994465,21.336062],[103.99108,21.333391],[103.994901,21.325839],[103.99833,21.325433],[104.000462,21.323148],[103.998982,21.319411],[103.995023,21.317627],[103.999687,21.305601],[104.006453,21.305178],[104.010107,21.302086],[104.00768,21.299287],[104.008497,21.295038],[103.999828,21.289516],[104.011737,21.279903],[104.014113,21.276021],[104.020296,21.273512],[104.019123,21.272359],[104.020751,21.269562],[104.029187,21.259789],[104.027823,21.256008],[104.015578,21.248528],[104.010994,21.248759],[104.013602,21.252705],[104.011177,21.252937],[104.011775,21.254913],[104.006996,21.253591],[104.008035,21.257207],[104.002629,21.257061],[104.00459,21.259789],[104.003456,21.260779],[103.997263,21.256046],[103.995646,21.257589],[103.991094,21.257211],[103.987778,21.261199],[103.986967,21.25842],[103.983314,21.257314],[103.979597,21.264214],[103.971461,21.258974],[103.96588,21.259699],[103.966992,21.262651],[103.965509,21.267219],[103.959568,21.269839],[103.955464,21.273892],[103.955836,21.275554],[103.952376,21.275905],[103.94779,21.270969],[103.945936,21.273206],[103.941461,21.273889],[103.942114,21.27567],[103.939916,21.278492],[103.942053,21.281113],[103.937269,21.285299],[103.938293,21.285535],[103.936471,21.289959],[103.93363,21.291379],[103.940362,21.296929],[103.94223,21.295977],[103.941342,21.297961],[103.942486,21.299238],[103.942572,21.296494],[103.944994,21.293642],[103.948981,21.297446],[103.946033,21.298009],[103.943472,21.300869],[103.944769,21.303203],[103.939246,21.308751],[103.940542,21.310951],[103.935557,21.306869],[103.939536,21.311049],[103.941099,21.313815],[103.940121,21.316881],[103.943419,21.320728],[103.948695,21.321918],[103.939999,21.327362],[103.939067,21.330978],[103.942447,21.331014],[103.947491,21.334946],[103.948431,21.333795],[103.949947,21.334823],[103.953436,21.345035],[103.956902,21.346264],[103.959316,21.351145],[103.963323,21.352295],[103.97078,21.350494],[103.970636,21.358751],[103.97482,21.359459],[103.974893,21.363406],[103.978195,21.362979],[103.983368,21.366808],[103.987441,21.364939],[103.994064,21.367569]]]}},{"type":"Feature","properties":{"code":"03980","name":"Phường Mộc Châu","type":"Phường"},"geometry":{"type":"Polygon","coordinates":[[[104.609782,20.833598],[104.609308,20.832084],[104.604669,20.832108],[104.601513,20.829798],[104.605979,20.826066],[104.614497,20.827309],[104.61816,20.824715],[104.620232,20.819972],[104.630103,20.814853],[104.633687,20.814969],[104.636981,20.811376],[104.63514,20.807389],[104.639871,20.80413],[104.645685,20.795381],[104.641817,20.791159],[104.645267,20.782184],[104.642931,20.777027],[104.6399,20.776229],[104.641463,20.77385],[104.636907,20.770237],[104.636578,20.762393],[104.633895,20.759415],[104.621849,20.760686],[104.619552,20.757762],[104.615073,20.758615],[104.609821,20.766786],[104.611578,20.768148],[104.606248,20.779277],[104.59989,20.779481],[104.599531,20.784444],[104.587788,20.788552],[104.581723,20.794275],[104.581085,20.797287],[104.583631,20.804675],[104.567795,20.809108],[104.565316,20.811177],[104.560973,20.820409],[104.556858,20.823912],[104.538162,20.827207],[104.536268,20.829167],[104.536416,20.838101],[104.539095,20.848506],[104.538513,20.852137],[104.535788,20.854351],[104.532814,20.861194],[104.524078,20.862065],[104.521184,20.863988],[104.51818,20.863228],[104.507849,20.871736],[104.504947,20.870468],[104.499224,20.873053],[104.498423,20.875619],[104.487851,20.878173],[104.484724,20.885],[104.481378,20.883464],[104.471971,20.883629],[104.469514,20.886352],[104.470246,20.890413],[104.466325,20.892842],[104.469893,20.901215],[104.466726,20.91161],[104.479771,20.914101],[104.482226,20.916667],[104.48051,20.918595],[104.478141,20.918377],[104.481626,20.919299],[104.484107,20.916962],[104.495051,20.924092],[104.501206,20.937232],[104.506646,20.937522],[104.506858,20.94143],[104.501549,20.946555],[104.5021,20.948385],[104.506203,20.95062],[104.505683,20.952934],[104.501048,20.958354],[104.510402,20.956866],[104.514661,20.96086],[104.506231,20.967379],[104.506145,20.971227],[104.513236,20.974052],[104.519035,20.969551],[104.522312,20.963756],[104.53042,20.962743],[104.53451,20.958856],[104.541626,20.956271],[104.54976,20.957339],[104.550447,20.953746],[104.557356,20.950257],[104.559264,20.946003],[104.565993,20.941325],[104.576957,20.941491],[104.578221,20.939288],[104.584909,20.936726],[104.595851,20.922972],[104.595332,20.921209],[104.597641,20.917232],[104.608719,20.909139],[104.614592,20.901258],[104.631046,20.893495],[104.639503,20.893676],[104.644536,20.896878],[104.647623,20.8945],[104.648539,20.891328],[104.65556,20.890754],[104.666094,20.883448],[104.668183,20.88344],[104.668865,20.880104],[104.673668,20.876698],[104.672905,20.874844],[104.66861,20.874915],[104.667015,20.86853],[104.671827,20.867309],[104.671238,20.865344],[104.674475,20.862382],[104.659133,20.856891],[104.65208,20.860457],[104.647732,20.864981],[104.64597,20.86187],[104.640274,20.861029],[104.631467,20.853927],[104.630866,20.848795],[104.627188,20.844041],[104.62942,20.839063],[104.626878,20.840431],[104.621319,20.839752],[104.617466,20.835278],[104.609782,20.833598]]]}},{"type":"Feature","properties":{"code":"03979","name":"Phường Mộc Sơn","type":"Phường"},"geometry":{"type":"Polygon","coordinates":[[[104.64808,20.865056],[104.65208,20.860457],[104.656646,20.857994],[104.656955,20.852694],[104.659904,20.848043],[104.656871,20.835153],[104.654026,20.832261],[104.657402,20.828679],[104.655697,20.823185],[104.657896,20.821932],[104.65686,20.819386],[104.658814,20.812102],[104.662792,20.810513],[104.668631,20.800334],[104.668419,20.798397],[104.674068,20.798055],[104.674444,20.793375],[104.677828,20.792319],[104.680957,20.786585],[104.687424,20.781003],[104.688154,20.778247],[104.691348,20.778613],[104.694821,20.774509],[104.69871,20.773119],[104.700508,20.767737],[104.691471,20.766175],[104.683436,20.771112],[104.673773,20.762992],[104.672266,20.758942],[104.663118,20.760441],[104.661247,20.762173],[104.659269,20.7615],[104.654181,20.76583],[104.651049,20.76566],[104.647855,20.773522],[104.650474,20.777641],[104.654419,20.777314],[104.651983,20.789429],[104.647624,20.787044],[104.641952,20.79015],[104.64374,20.79467],[104.645685,20.795381],[104.639871,20.80413],[104.63514,20.807389],[104.636981,20.811376],[104.633687,20.814969],[104.630103,20.814853],[104.620232,20.819972],[104.61816,20.824715],[104.614497,20.827309],[104.605979,20.826066],[104.601513,20.829798],[104.604669,20.832108],[104.609308,20.832084],[104.609652,20.83391],[104.613054,20.835281],[104.617466,20.835278],[104.621319,20.839752],[104.626878,20.840431],[104.62942,20.839063],[104.627188,20.844041],[104.630866,20.848795],[104.631467,20.853927],[104.640274,20.861029],[104.64597,20.86187],[104.64808,20.865056]]]}},{"type":"Feature","properties":{"code":"03982","name":"Phường Thảo Nguyên","type":"Phường"},"geometry":{"type":"Polygon","coordinates":[[[104.650297,20.92535],[104.655677,20.920269],[104.656876,20.921805],[104.659373,20.92057],[104.6597,20.921992],[104.657754,20.923273],[104.657329,20.923967],[104.66166,20.924877],[104.66356,20.921721],[104.668846,20.921238],[104.675854,20.91562],[104.675951,20.913004],[104.680186,20.909242],[104.682004,20.904481],[104.689078,20.904297],[104.696505,20.897952],[104.699108,20.898958],[104.704146,20.892167],[104.709114,20.89389],[104.712054,20.893109],[104.714251,20.8852],[104.717928,20.87903],[104.728195,20.874287],[104.734846,20.874173],[104.735468,20.872239],[104.737676,20.871873],[104.735701,20.868139],[104.732669,20.867914],[104.729152,20.865077],[104.72429,20.86483],[104.724899,20.857585],[104.728595,20.856674],[104.725563,20.850616],[104.714044,20.851267],[104.713412,20.848482],[104.717978,20.84532],[104.721131,20.840417],[104.720076,20.838784],[104.718029,20.840301],[104.715112,20.833861],[104.703768,20.835739],[104.698693,20.826582],[104.690454,20.823514],[104.684158,20.827644],[104.680331,20.833683],[104.676614,20.83313],[104.671393,20.836506],[104.668468,20.834672],[104.664361,20.837562],[104.656955,20.852694],[104.656646,20.857994],[104.661569,20.857014],[104.674475,20.862382],[104.671238,20.865344],[104.671827,20.867309],[104.667015,20.86853],[104.66861,20.874915],[104.672905,20.874844],[104.673668,20.876698],[104.668865,20.880104],[104.668183,20.88344],[104.666094,20.883448],[104.65556,20.890754],[104.648539,20.891328],[104.647623,20.8945],[104.644536,20.896878],[104.644574,20.900904],[104.647375,20.903066],[104.648418,20.909431],[104.647396,20.911082],[104.649314,20.919302],[104.647469,20.924565],[104.650297,20.92535]]]}},{"type":"Feature","properties":{"code":"03646","name":"Phường Tô Hiệu","type":"Phường"},"geometry":{"type":"Polygon","coordinates":[[[103.911425,21.358962],[103.91279,21.355955],[103.90979,21.355157],[103.910777,21.352051],[103.913326,21.351248],[103.911818,21.346487],[103.913811,21.345665],[103.912079,21.341137],[103.917257,21.340895],[103.920318,21.338745],[103.92324,21.340145],[103.927989,21.338248],[103.930631,21.336436],[103.931692,21.333362],[103.936073,21.333813],[103.939067,21.330978],[103.939999,21.327362],[103.947228,21.322156],[103.948702,21.322797],[103.947839,21.321574],[103.943419,21.320728],[103.94152,21.318231],[103.934949,21.324737],[103.926477,21.319988],[103.924863,21.316802],[103.927725,21.313021],[103.932472,21.313929],[103.931575,21.309265],[103.935719,21.306625],[103.940542,21.310951],[103.939246,21.308751],[103.944769,21.303203],[103.943472,21.300869],[103.946033,21.298009],[103.948981,21.297446],[103.945173,21.293674],[103.942572,21.296494],[103.942486,21.299238],[103.941342,21.297961],[103.94223,21.295977],[103.940362,21.296929],[103.938844,21.295109],[103.935646,21.302251],[103.933272,21.299406],[103.932327,21.300609],[103.92943,21.299372],[103.929043,21.301159],[103.925932,21.301732],[103.925673,21.303579],[103.928663,21.304987],[103.925619,21.311378],[103.920622,21.314082],[103.921351,21.320339],[103.914856,21.321713],[103.913633,21.324914],[103.908832,21.326277],[103.90814,21.324557],[103.910338,21.319701],[103.908962,21.319716],[103.90537,21.322231],[103.908573,21.325921],[103.907271,21.325052],[103.906182,21.327347],[103.903758,21.327092],[103.902134,21.33038],[103.897895,21.330919],[103.896139,21.341258],[103.899516,21.345402],[103.906965,21.347127],[103.906637,21.352334],[103.904461,21.353106],[103.911425,21.358962]]]}},{"type":"Feature","properties":{"code":"04033","name":"Phường Vân Sơn","type":"Phường"},"geometry":{"type":"Polygon","coordinates":[[[104.764982,20.861653],[104.770385,20.865511],[104.775313,20.865043],[104.777264,20.861188],[104.779021,20.861825],[104.778544,20.859397],[104.780646,20.856949],[104.77925,20.854698],[104.780234,20.851566],[104.78728,20.846055],[104.785389,20.84463],[104.782201,20.846205],[104.776852,20.845867],[104.767359,20.83759],[104.763325,20.837156],[104.763673,20.832958],[104.758706,20.825815],[104.759919,20.821113],[104.763779,20.819584],[104.778196,20.821071],[104.778356,20.814821],[104.761359,20.812455],[104.756103,20.814058],[104.750571,20.808083],[104.744796,20.807866],[104.73939,20.81047],[104.731142,20.809205],[104.727903,20.804515],[104.72504,20.806091],[104.721936,20.804953],[104.718615,20.806217],[104.716022,20.805781],[104.713547,20.803026],[104.711,20.806129],[104.697087,20.805487],[104.688983,20.810455],[104.685416,20.808333],[104.673329,20.808852],[104.670078,20.81384],[104.662792,20.810513],[104.658814,20.812102],[104.65686,20.819386],[104.657896,20.821932],[104.655697,20.823185],[104.657402,20.828679],[104.654026,20.832261],[104.656871,20.835153],[104.659666,20.846108],[104.665825,20.836129],[104.668468,20.834672],[104.671393,20.836506],[104.676614,20.83313],[104.680331,20.833683],[104.684158,20.827644],[104.690454,20.823514],[104.698693,20.826582],[104.703768,20.835739],[104.715112,20.833861],[104.718029,20.840301],[104.720076,20.838784],[104.721625,20.840171],[104.728787,20.834594],[104.732068,20.839443],[104.736838,20.840388],[104.744891,20.838418],[104.74868,20.835314],[104.752548,20.834539],[104.75791,20.835997],[104.753083,20.84828],[104.750805,20.848556],[104.749664,20.85666],[104.755158,20.861069],[104.763578,20.856793],[104.765037,20.857361],[104.764982,20.861653]]]}},{"type":"Feature","properties":{"code":"03724","name":"Xã Bình Thuận","type":"Xã"},"geometry":{"type":"Polygon","coordinates":[[[103.596397,21.620371],[103.598423,21.624076],[103.603006,21.626952],[103.612267,21.626295],[103.612733,21.623903],[103.617266,21.620492],[103.621963,21.622273],[103.627646,21.614799],[103.632457,21.617611],[103.634298,21.624208],[103.649814,21.608633],[103.648171,21.605512],[103.656239,21.600954],[103.658466,21.597702],[103.65896,21.595582],[103.654208,21.592774],[103.645612,21.591315],[103.643172,21.59368],[103.640352,21.591684],[103.637556,21.586359],[103.633787,21.587303],[103.629421,21.58393],[103.627355,21.577683],[103.627404,21.570984],[103.630204,21.56345],[103.638581,21.556342],[103.64478,21.547757],[103.646188,21.542839],[103.651059,21.540059],[103.655078,21.543491],[103.656283,21.541031],[103.660339,21.539268],[103.667982,21.539951],[103.669724,21.538273],[103.670167,21.53312],[103.658151,21.523316],[103.659788,21.520361],[103.65888,21.515215],[103.663464,21.511816],[103.666291,21.506939],[103.664294,21.500814],[103.670742,21.495518],[103.673686,21.486698],[103.6731,21.484012],[103.665595,21.478933],[103.661836,21.477805],[103.652413,21.483543],[103.644684,21.484333],[103.642789,21.495028],[103.638821,21.494243],[103.634775,21.498532],[103.6296,21.499557],[103.620643,21.508619],[103.617791,21.508366],[103.60846,21.516007],[103.605691,21.521533],[103.609702,21.524819],[103.615285,21.526504],[103.611077,21.534409],[103.602858,21.533716],[103.60175,21.537583],[103.597393,21.541814],[103.584316,21.542121],[103.580692,21.547014],[103.576232,21.547258],[103.571432,21.550608],[103.566215,21.550123],[103.563518,21.545991],[103.562087,21.548939],[103.55859,21.549277],[103.557359,21.551712],[103.54965,21.553428],[103.546262,21.558636],[103.542411,21.561288],[103.538593,21.561391],[103.536575,21.565696],[103.531465,21.566534],[103.533575,21.569438],[103.531012,21.571746],[103.532434,21.57986],[103.529531,21.581965],[103.529448,21.58588],[103.53323,21.59082],[103.538289,21.589616],[103.53716,21.59785],[103.538732,21.600919],[103.548053,21.602727],[103.54868,21.608095],[103.553962,21.61274],[103.555597,21.617656],[103.553239,21.622105],[103.553945,21.626037],[103.558457,21.624363],[103.560376,21.627002],[103.571627,21.630181],[103.577281,21.6308],[103.580015,21.6293],[103.585372,21.631579],[103.589907,21.627249],[103.584071,21.620987],[103.590194,21.621796],[103.596397,21.620371]]]}},{"type":"Feature","properties":{"code":"04171","name":"Xã Bó Sinh","type":"Xã"},"geometry":{"type":"Polygon","coordinates":[[[103.456787,21.354612],[103.482546,21.340384],[103.478643,21.334764],[103.476232,21.335767],[103.473985,21.326739],[103.475571,21.322384],[103.471595,21.320547],[103.463998,21.322285],[103.461041,21.319775],[103.4599,21.314189],[103.470061,21.301327],[103.472855,21.300767],[103.472869,21.298434],[103.482084,21.284342],[103.484075,21.284948],[103.486356,21.278718],[103.493595,21.282888],[103.495766,21.282373],[103.497325,21.271326],[103.502413,21.267311],[103.499579,21.265995],[103.50553,21.256324],[103.497904,21.256971],[103.497379,21.255861],[103.504567,21.250372],[103.51582,21.24709],[103.514988,21.2507],[103.52177,21.255658],[103.530056,21.243193],[103.538954,21.243112],[103.547593,21.23885],[103.547644,21.233687],[103.545809,21.230249],[103.541006,21.226972],[103.546404,21.224043],[103.561639,21.223272],[103.56097,21.218553],[103.553895,21.212735],[103.546628,21.202066],[103.543727,21.192571],[103.536141,21.190355],[103.532943,21.18218],[103.529342,21.180345],[103.519175,21.181672],[103.514406,21.180297],[103.508716,21.173069],[103.498182,21.168662],[103.496548,21.165596],[103.489825,21.162887],[103.485163,21.164672],[103.479572,21.16365],[103.472846,21.166583],[103.469626,21.169803],[103.464374,21.168309],[103.460629,21.169361],[103.459977,21.171689],[103.457167,21.173382],[103.454506,21.172528],[103.451636,21.166721],[103.445433,21.165187],[103.439863,21.165502],[103.434162,21.168068],[103.436285,21.177864],[103.435392,21.182972],[103.438185,21.189961],[103.437824,21.197943],[103.434307,21.204787],[103.432076,21.206249],[103.432262,21.212449],[103.43477,21.219369],[103.43185,21.223305],[103.434109,21.232792],[103.433308,21.23701],[103.430431,21.239077],[103.429789,21.245646],[103.426575,21.252412],[103.427885,21.254314],[103.431149,21.25277],[103.43222,21.256882],[103.438956,21.26335],[103.438103,21.27306],[103.441079,21.277297],[103.441474,21.2837],[103.439316,21.283961],[103.43968,21.287804],[103.431052,21.308294],[103.424652,21.310036],[103.417411,21.31675],[103.42307,21.315783],[103.424204,21.321163],[103.428483,21.324537],[103.432287,21.324716],[103.440209,21.342231],[103.449898,21.351161],[103.45574,21.352856],[103.456787,21.354612]]]}},{"type":"Feature","properties":{"code":"03856","name":"Xã Bắc Yên","type":"Xã"},"geometry":{"type":"Polygon","coordinates":[[[104.399893,21.259572],[104.410421,21.265836],[104.413999,21.272531],[104.421929,21.277991],[104.427525,21.275808],[104.432393,21.277385],[104.437697,21.272487],[104.444675,21.270369],[104.449067,21.27109],[104.454297,21.267273],[104.462552,21.266423],[104.472444,21.260455],[104.481355,21.257291],[104.491289,21.259311],[104.493982,21.255963],[104.49895,21.253873],[104.499432,21.250958],[104.501839,21.248879],[104.503222,21.24114],[104.513519,21.239796],[104.51131,21.238],[104.510317,21.232829],[104.505292,21.231529],[104.505581,21.229414],[104.498576,21.230338],[104.49442,21.226667],[104.496212,21.224292],[104.494134,21.219539],[104.491439,21.218619],[104.490296,21.21217],[104.485736,21.205859],[104.493036,21.204714],[104.497464,21.201287],[104.499795,21.196889],[104.508464,21.193574],[104.510873,21.191106],[104.510839,21.188699],[104.515222,21.185895],[104.513556,21.183835],[104.513331,21.179566],[104.507009,21.172822],[104.506558,21.170261],[104.510424,21.167372],[104.514261,21.158641],[104.51864,21.154846],[104.522129,21.154315],[104.522148,21.151035],[104.524474,21.150805],[104.525294,21.148459],[104.527725,21.148397],[104.528686,21.142394],[104.533728,21.138191],[104.534937,21.132062],[104.533753,21.124036],[104.527263,21.111148],[104.514927,21.097904],[104.503676,21.105715],[104.48106,21.115691],[104.466724,21.131124],[104.462491,21.132286],[104.452225,21.131144],[104.438761,21.142016],[104.422869,21.145273],[104.418817,21.158095],[104.409247,21.165455],[104.404254,21.175909],[104.3853,21.198624],[104.366863,21.208983],[104.343827,21.218011],[104.350176,21.231012],[104.353756,21.232356],[104.355252,21.236393],[104.371592,21.233374],[104.373942,21.238513],[104.374847,21.250688],[104.379835,21.253715],[104.397642,21.253368],[104.397125,21.255204],[104.399893,21.259572]]]}},{"type":"Feature","properties":{"code":"03850","name":"Xã Chiềng Hoa","type":"Xã"},"geometry":{"type":"Polygon","coordinates":[[[104.240038,21.565792],[104.256342,21.562708],[104.261117,21.560091],[104.264232,21.555743],[104.277913,21.550367],[104.282244,21.537731],[104.289165,21.531775],[104.293517,21.524488],[104.292182,21.522581],[104.292347,21.515285],[104.294864,21.510614],[104.292585,21.507913],[104.292923,21.502419],[104.284651,21.492328],[104.286201,21.487209],[104.283027,21.484702],[104.284257,21.476556],[104.282018,21.472276],[104.287817,21.462999],[104.295977,21.457435],[104.300994,21.457609],[104.30295,21.452468],[104.300442,21.449422],[104.299031,21.438828],[104.295253,21.438351],[104.286465,21.43235],[104.2791,21.430787],[104.275169,21.423286],[104.267283,21.424519],[104.267564,21.422554],[104.262527,21.416247],[104.262417,21.414102],[104.25213,21.405633],[104.250092,21.398036],[104.246991,21.395307],[104.248575,21.394893],[104.247169,21.390548],[104.244174,21.390836],[104.243452,21.389022],[104.242128,21.390757],[104.234519,21.390072],[104.22999,21.387473],[104.226022,21.388687],[104.223734,21.386592],[104.224656,21.384533],[104.227192,21.385125],[104.228441,21.383868],[104.224576,21.381092],[104.213352,21.382283],[104.210029,21.37948],[104.210424,21.376045],[104.206984,21.372086],[104.205283,21.372305],[104.204878,21.368655],[104.202774,21.375307],[104.204166,21.379815],[104.198654,21.381483],[104.191903,21.378865],[104.179175,21.365748],[104.171589,21.363482],[104.171381,21.366416],[104.165942,21.374042],[104.153935,21.388049],[104.14309,21.387037],[104.13252,21.383109],[104.129181,21.381268],[104.12951,21.377296],[104.125482,21.376651],[104.121751,21.370959],[104.115589,21.368109],[104.112874,21.36477],[104.10488,21.364533],[104.101426,21.368298],[104.100951,21.372508],[104.091717,21.383143],[104.091227,21.391563],[104.09246,21.394266],[104.097427,21.39359],[104.1007,21.396147],[104.100925,21.402878],[104.103358,21.406556],[104.102561,21.408203],[104.109605,21.411927],[104.113714,21.419624],[104.125149,21.422539],[104.114792,21.433061],[104.107763,21.437605],[104.110034,21.441214],[104.108479,21.445967],[104.111459,21.450084],[104.111538,21.453851],[104.114786,21.457176],[104.116637,21.456185],[104.12114,21.45829],[104.119216,21.465464],[104.121924,21.469761],[104.133813,21.472252],[104.143352,21.478684],[104.139428,21.490051],[104.140943,21.492369],[104.139909,21.499163],[104.152947,21.508079],[104.158681,21.510421],[104.165709,21.510096],[104.169149,21.513003],[104.172272,21.523861],[104.186075,21.533173],[104.191656,21.549862],[104.200183,21.549768],[104.207462,21.553616],[104.209951,21.556863],[104.214761,21.554696],[104.229838,21.557699],[104.240038,21.565792]]]}},{"type":"Feature","properties":{"code":"04078","name":"Xã Chiềng Hặc","type":"Xã"},"geometry":{"type":"Polygon","coordinates":[[[104.376165,21.076588],[104.385375,21.075689],[104.393895,21.072027],[104.395438,21.069294],[104.398194,21.068327],[104.401212,21.070121],[104.408524,21.06885],[104.408403,21.065411],[104.417125,21.056576],[104.427027,21.056575],[104.430597,21.058267],[104.439074,21.051588],[104.441946,21.053202],[104.446364,21.051657],[104.451534,21.053216],[104.457674,21.046139],[104.464962,21.041244],[104.471715,21.039815],[104.47269,21.036587],[104.477239,21.032014],[104.47977,21.033127],[104.489583,21.030831],[104.492587,21.028187],[104.495932,21.028885],[104.49628,21.02714],[104.504101,21.02742],[104.508666,21.023377],[104.515548,21.021262],[104.519528,21.017176],[104.524009,21.015922],[104.528828,21.01114],[104.546154,21.003509],[104.546739,21.001299],[104.540188,20.992824],[104.537563,20.991514],[104.53319,20.983747],[104.533015,20.979774],[104.528474,20.980713],[104.527475,20.982708],[104.520421,20.98578],[104.517364,20.982303],[104.518193,20.980183],[104.521745,20.98008],[104.521667,20.970745],[104.517472,20.970019],[104.513236,20.974052],[104.506145,20.971227],[104.506231,20.967379],[104.514661,20.96086],[104.510402,20.956866],[104.501048,20.958354],[104.505755,20.952664],[104.506203,20.95062],[104.5021,20.948385],[104.501549,20.946555],[104.506858,20.94143],[104.506613,20.937461],[104.501206,20.937232],[104.495051,20.924092],[104.484107,20.916962],[104.481626,20.919299],[104.478141,20.918377],[104.48051,20.918595],[104.482226,20.916667],[104.479771,20.914101],[104.466726,20.91161],[104.469893,20.901215],[104.466325,20.892842],[104.470246,20.890413],[104.469449,20.886453],[104.471106,20.884254],[104.466364,20.886203],[104.461063,20.885168],[104.459749,20.886785],[104.456431,20.88601],[104.454798,20.883763],[104.453768,20.885341],[104.449284,20.884167],[104.445219,20.881327],[104.441152,20.882329],[104.442308,20.885425],[104.441449,20.888454],[104.446448,20.897096],[104.445663,20.901161],[104.443251,20.903885],[104.445425,20.907652],[104.436174,20.918445],[104.440537,20.926319],[104.449958,20.929489],[104.450772,20.933845],[104.449712,20.934839],[104.439488,20.939779],[104.433764,20.940826],[104.431912,20.938312],[104.424712,20.937443],[104.420859,20.930588],[104.416511,20.932742],[104.41162,20.938786],[104.405424,20.942799],[104.395842,20.94251],[104.395397,20.944616],[104.398239,20.949425],[104.395594,20.950365],[104.394797,20.95305],[104.391394,20.952326],[104.375455,20.965265],[104.373976,20.968697],[104.371529,20.969552],[104.370314,20.963023],[104.371827,20.960319],[104.374391,20.960017],[104.372484,20.951508],[104.357144,20.959914],[104.349337,20.955736],[104.343417,20.958992],[104.339193,20.96399],[104.333138,20.962923],[104.329796,20.967224],[104.33097,20.970759],[104.324603,20.974869],[104.327276,20.975981],[104.326732,20.979833],[104.33903,21.003524],[104.34415,21.007833],[104.349455,21.0082],[104.356323,21.013918],[104.351325,21.02232],[104.352309,21.024465],[104.346926,21.029177],[104.347182,21.031195],[104.355479,21.039043],[104.369187,21.057137],[104.373448,21.064932],[104.371981,21.066012],[104.371279,21.073846],[104.376165,21.076588]]]}},{"type":"Feature","properties":{"code":"04204","name":"Xã Chiềng Khoong","type":"Xã"},"geometry":{"type":"Polygon","coordinates":[[[103.809675,21.074215],[103.813656,21.075151],[103.829724,21.070302],[103.834644,21.072221],[103.835681,21.074116],[103.838683,21.06851],[103.84286,21.067333],[103.846508,21.063005],[103.853817,21.063194],[103.856365,21.059189],[103.861248,21.056674],[103.864055,21.048772],[103.861541,21.039969],[103.858212,21.036844],[103.858379,21.02764],[103.854627,21.024044],[103.849441,21.026269],[103.843274,21.021529],[103.843725,21.014711],[103.841883,21.007796],[103.843089,21.000898],[103.835871,20.995555],[103.833029,20.994156],[103.830206,20.994983],[103.822802,20.989273],[103.819738,20.988622],[103.816155,20.984392],[103.815594,20.979536],[103.818112,20.981018],[103.819948,20.978554],[103.816519,20.978242],[103.81787,20.974541],[103.812967,20.973581],[103.81113,20.969129],[103.814828,20.963953],[103.813725,20.960174],[103.817032,20.955485],[103.812723,20.947285],[103.809573,20.944594],[103.812844,20.940445],[103.81329,20.937051],[103.807714,20.934279],[103.805916,20.928802],[103.807252,20.927497],[103.806493,20.924038],[103.801616,20.92266],[103.798324,20.923521],[103.7893,20.920195],[103.788317,20.918565],[103.788256,20.909635],[103.785024,20.904861],[103.786929,20.899927],[103.791481,20.896347],[103.797967,20.886721],[103.801155,20.884941],[103.798873,20.873066],[103.803718,20.866924],[103.809206,20.866111],[103.811706,20.859198],[103.809633,20.857805],[103.811534,20.853657],[103.802885,20.853643],[103.799795,20.850155],[103.800385,20.847008],[103.796603,20.850046],[103.790242,20.850377],[103.783392,20.855038],[103.77034,20.854351],[103.766703,20.850804],[103.761596,20.850848],[103.758426,20.851833],[103.758725,20.853382],[103.753374,20.853591],[103.752566,20.8589],[103.748085,20.857765],[103.745676,20.852062],[103.742256,20.850456],[103.733203,20.854616],[103.728942,20.861909],[103.721473,20.86703],[103.715098,20.868407],[103.709768,20.872934],[103.708134,20.87635],[103.701836,20.880516],[103.700665,20.884492],[103.703863,20.886753],[103.70043,20.889534],[103.702563,20.890111],[103.70301,20.892166],[103.69946,20.893608],[103.698088,20.897081],[103.69613,20.897122],[103.689605,20.902425],[103.688264,20.905926],[103.685435,20.907216],[103.686493,20.909253],[103.685063,20.916978],[103.671321,20.927378],[103.668754,20.932524],[103.67074,20.93297],[103.6679,20.937268],[103.655851,20.945409],[103.656338,20.951044],[103.65849,20.953249],[103.665381,20.955295],[103.665477,20.957327],[103.670093,20.959891],[103.673657,20.957373],[103.678509,20.961247],[103.684279,20.957437],[103.690673,20.958154],[103.691417,20.962181],[103.699206,20.971696],[103.708957,20.970419],[103.715568,20.972207],[103.722643,20.977329],[103.729188,20.973635],[103.738119,20.971228],[103.741475,20.972911],[103.74197,20.980722],[103.740506,20.983617],[103.742355,20.985005],[103.741113,20.987721],[103.751794,20.995252],[103.751574,20.998543],[103.753721,21.000624],[103.752185,21.006328],[103.753685,21.008831],[103.756317,21.00965],[103.756905,21.014726],[103.758863,21.016815],[103.759242,21.020248],[103.757364,21.021734],[103.756651,21.028257],[103.757904,21.029445],[103.7574,21.03356],[103.761626,21.037776],[103.76789,21.039111],[103.767614,21.046049],[103.770908,21.058474],[103.769119,21.060555],[103.774284,21.067291],[103.784654,21.069263],[103.789831,21.07295],[103.794155,21.073605],[103.800663,21.079968],[103.80088,21.082671],[103.804037,21.078141],[103.809675,21.074215]]]}},{"type":"Feature","properties":{"code":"04222","name":"Xã Chiềng Khương","type":"Xã"},"geometry":{"type":"Polygon","coordinates":[[[104.001798,21.017662],[104.002902,21.015506],[104.008608,21.013119],[104.012017,21.008574],[104.016205,21.010411],[104.026337,21.010259],[104.029928,21.013155],[104.038792,21.010702],[104.037334,21.010345],[104.032284,21.000617],[104.028799,20.998467],[104.03417,20.996835],[104.028711,20.994766],[104.033707,20.990491],[104.043198,20.986251],[104.045831,20.980136],[104.050973,20.977394],[104.054044,20.971747],[104.058334,20.968458],[104.064375,20.96674],[104.06961,20.959979],[104.065665,20.955009],[104.051231,20.950801],[104.057351,20.941613],[104.053882,20.934912],[104.047971,20.93154],[104.047595,20.927144],[104.049441,20.922935],[104.047938,20.919172],[104.048422,20.913901],[104.043984,20.911877],[104.040999,20.907985],[104.037369,20.908895],[104.030821,20.902488],[104.028289,20.901868],[104.019995,20.905526],[104.015888,20.904236],[104.004202,20.905521],[103.998964,20.903217],[103.994412,20.903846],[103.992006,20.904908],[103.990618,20.909302],[103.983793,20.910804],[103.977937,20.909653],[103.975787,20.910345],[103.973796,20.914371],[103.97118,20.912174],[103.969585,20.905916],[103.962504,20.902512],[103.961074,20.899522],[103.957275,20.896964],[103.953521,20.897675],[103.943864,20.893888],[103.93739,20.902369],[103.933419,20.901916],[103.928555,20.904257],[103.926273,20.902363],[103.917472,20.900364],[103.913088,20.902504],[103.907341,20.902394],[103.896249,20.907016],[103.898533,20.919544],[103.895327,20.923666],[103.894929,20.927898],[103.903339,20.933799],[103.909483,20.935633],[103.914682,20.944126],[103.91767,20.943841],[103.921942,20.939643],[103.927291,20.947848],[103.928042,20.953929],[103.937113,20.955603],[103.938544,20.962394],[103.943253,20.965676],[103.94733,20.972396],[103.953727,20.969961],[103.957764,20.973928],[103.959447,20.977311],[103.959193,20.981214],[103.955691,20.987995],[103.953932,20.999155],[103.949662,21.003761],[103.961285,21.01222],[103.963773,21.011698],[103.988967,21.019765],[104.001677,21.029096],[104.003016,21.027519],[104.001081,21.023012],[104.003098,21.018396],[104.001798,21.017662]]]}},{"type":"Feature","properties":{"code":"03754","name":"Xã Chiềng La","type":"Xã"},"geometry":{"type":"Polygon","coordinates":[[[103.768446,21.546684],[103.776428,21.544123],[103.793154,21.534242],[103.797156,21.530772],[103.795556,21.527776],[103.800947,21.525324],[103.79326,21.513945],[103.793572,21.512076],[103.800338,21.506815],[103.799086,21.504079],[103.793585,21.500291],[103.794995,21.496993],[103.804014,21.491643],[103.807629,21.486851],[103.805086,21.484985],[103.811083,21.480755],[103.803891,21.475752],[103.804269,21.47346],[103.795753,21.463315],[103.793622,21.452161],[103.796575,21.44535],[103.807063,21.441383],[103.806094,21.43381],[103.80981,21.433377],[103.814783,21.428701],[103.827818,21.422992],[103.830621,21.426522],[103.833018,21.425582],[103.83317,21.418572],[103.831819,21.415806],[103.830158,21.414248],[103.828216,21.414815],[103.827497,21.412359],[103.824601,21.412445],[103.823033,21.408995],[103.818789,21.408656],[103.812779,21.40126],[103.810347,21.400335],[103.807885,21.394726],[103.809543,21.388189],[103.808416,21.387334],[103.799439,21.395923],[103.799211,21.404229],[103.7935,21.406977],[103.790944,21.414429],[103.788341,21.416331],[103.782744,21.416758],[103.779101,21.422029],[103.773554,21.420938],[103.766082,21.434023],[103.760968,21.435378],[103.759791,21.441877],[103.755531,21.441638],[103.751313,21.446468],[103.747543,21.451278],[103.745286,21.460917],[103.743321,21.463447],[103.739082,21.465821],[103.728086,21.467359],[103.732198,21.472386],[103.726863,21.472907],[103.731701,21.482872],[103.727772,21.485839],[103.718962,21.488592],[103.70436,21.48885],[103.6961,21.493374],[103.688486,21.489793],[103.683033,21.494775],[103.674761,21.488817],[103.67364,21.485795],[103.670742,21.495518],[103.664186,21.501092],[103.666134,21.507289],[103.663464,21.511816],[103.658827,21.515406],[103.659805,21.520137],[103.658225,21.523548],[103.668286,21.531033],[103.672192,21.536385],[103.678594,21.539264],[103.68248,21.539875],[103.693308,21.53133],[103.699233,21.529443],[103.702962,21.525662],[103.708188,21.524374],[103.710839,21.52967],[103.727069,21.532405],[103.7327,21.538555],[103.735449,21.53978],[103.741647,21.538973],[103.745707,21.543671],[103.768446,21.546684]]]}},{"type":"Feature","properties":{"code":"03814","name":"Xã Chiềng Lao","type":"Xã"},"geometry":{"type":"Polygon","coordinates":[[[103.837042,21.737161],[103.833657,21.734969],[103.832514,21.729575],[103.834106,21.729302],[103.835081,21.719544],[103.837848,21.716564],[103.836688,21.711044],[103.838823,21.709146],[103.837258,21.706037],[103.84129,21.701412],[103.845148,21.701066],[103.848824,21.702955],[103.853554,21.691346],[103.860738,21.693076],[103.863635,21.689435],[103.868263,21.689482],[103.872187,21.686054],[103.87956,21.686864],[103.881141,21.688504],[103.882224,21.709027],[103.884473,21.705002],[103.889242,21.704335],[103.89437,21.699699],[103.901893,21.697995],[103.905324,21.694769],[103.915656,21.696267],[103.917397,21.697093],[103.917345,21.699188],[103.921453,21.700343],[103.937576,21.691407],[103.936053,21.67009],[103.94236,21.669754],[103.944558,21.668198],[103.949671,21.670251],[103.958515,21.669725],[103.961348,21.671885],[103.961381,21.676492],[103.964052,21.678845],[103.968824,21.67438],[103.974968,21.671608],[103.976238,21.675023],[103.984866,21.678254],[103.987767,21.675792],[103.987705,21.673872],[103.996282,21.675759],[104.000491,21.6746],[104.005726,21.672552],[104.005596,21.668677],[104.00739,21.665529],[104.013606,21.66776],[104.015119,21.670698],[104.02136,21.668357],[104.023468,21.670381],[104.026831,21.669057],[104.02675,21.672276],[104.030942,21.671086],[104.03496,21.666715],[104.044967,21.662739],[104.048271,21.658349],[104.079359,21.650064],[104.086018,21.64526],[104.087227,21.642706],[104.092915,21.642024],[104.08831,21.635323],[104.084036,21.616471],[104.085142,21.613257],[104.078744,21.612546],[104.073021,21.614894],[104.060127,21.612798],[104.052681,21.613929],[104.051078,21.615781],[104.041603,21.614616],[104.041838,21.611649],[104.044433,21.610234],[104.0431,21.609911],[104.031673,21.608319],[104.025651,21.609994],[104.024271,21.6058],[104.016712,21.6022],[104.020161,21.594401],[104.029846,21.591468],[104.037515,21.591125],[104.040753,21.586673],[104.046352,21.582868],[104.040182,21.579079],[104.039086,21.575566],[104.034544,21.57575],[104.031237,21.57163],[104.02259,21.578003],[104.018924,21.571479],[104.005692,21.575497],[104.001888,21.573654],[103.995911,21.57392],[103.993538,21.570295],[103.990851,21.570759],[103.990613,21.572998],[103.987353,21.574324],[103.981934,21.585153],[103.979108,21.586139],[103.973284,21.594544],[103.971084,21.595218],[103.971076,21.599645],[103.967942,21.601511],[103.96606,21.605013],[103.961762,21.619572],[103.951793,21.614795],[103.95079,21.609946],[103.948304,21.606751],[103.943988,21.608995],[103.945497,21.602486],[103.925867,21.598686],[103.917141,21.601945],[103.914757,21.593256],[103.910935,21.590564],[103.908509,21.582236],[103.907317,21.583257],[103.901673,21.582119],[103.899954,21.579618],[103.893864,21.578835],[103.892565,21.574816],[103.888889,21.572232],[103.900485,21.55494],[103.896758,21.552346],[103.888428,21.551681],[103.885356,21.549119],[103.884881,21.546393],[103.874858,21.547247],[103.856868,21.540988],[103.831396,21.55089],[103.814534,21.560026],[103.80683,21.570004],[103.811103,21.581127],[103.809059,21.591585],[103.813024,21.598776],[103.81002,21.604024],[103.810722,21.606845],[103.808907,21.60841],[103.806185,21.605122],[103.795555,21.603987],[103.798736,21.612555],[103.792317,21.609993],[103.789086,21.611947],[103.789125,21.616372],[103.796024,21.618095],[103.797334,21.620333],[103.796515,21.626829],[103.799661,21.628871],[103.802955,21.6402],[103.797815,21.642667],[103.79651,21.646721],[103.786752,21.651661],[103.785928,21.653561],[103.782884,21.650536],[103.776996,21.652091],[103.775935,21.656239],[103.767168,21.660456],[103.765214,21.664477],[103.752339,21.665763],[103.755214,21.668471],[103.754981,21.674589],[103.757246,21.681959],[103.779178,21.693009],[103.78547,21.698892],[103.793238,21.710154],[103.805598,21.720832],[103.810134,21.731517],[103.807432,21.737442],[103.812573,21.740952],[103.817605,21.737854],[103.820646,21.737747],[103.820674,21.735937],[103.825248,21.7349],[103.830565,21.737085],[103.830843,21.741459],[103.832872,21.743838],[103.837042,21.737161]]]}},{"type":"Feature","properties":{"code":"04132","name":"Xã Chiềng Mai","type":"Xã"},"geometry":{"type":"Polygon","coordinates":[[[103.953804,21.275965],[103.955836,21.275554],[103.955464,21.273892],[103.959568,21.269839],[103.965509,21.267219],[103.966992,21.262651],[103.96588,21.259699],[103.962512,21.260312],[103.959062,21.257388],[103.952994,21.245082],[103.957025,21.24391],[103.958428,21.241158],[103.960671,21.241513],[103.962099,21.239059],[103.963923,21.239637],[103.96479,21.237436],[103.978317,21.231404],[103.978912,21.2249],[103.986836,21.222026],[103.986545,21.219154],[103.991098,21.218718],[103.992863,21.21594],[103.997002,21.215741],[103.998016,21.213488],[104.001882,21.214885],[104.008619,21.212262],[104.012231,21.206504],[104.019203,21.202606],[104.019451,21.199546],[104.022996,21.197889],[104.024096,21.195533],[104.02373,21.190559],[104.02742,21.190506],[104.028676,21.188262],[104.018426,21.173489],[104.020911,21.169521],[104.024797,21.166693],[104.03485,21.164261],[104.042507,21.158911],[104.044668,21.159287],[104.050691,21.152897],[104.05055,21.1487],[104.059076,21.147632],[104.057826,21.13966],[104.060397,21.137668],[104.06526,21.137869],[104.064777,21.130096],[104.060531,21.12704],[104.059721,21.120483],[104.065497,21.116963],[104.065227,21.114308],[104.062627,21.111335],[104.062632,21.108635],[104.057149,21.104598],[104.054176,21.107654],[104.048412,21.102976],[104.047205,21.104334],[104.043309,21.103288],[104.037556,21.106278],[104.034441,21.10911],[104.036063,21.109574],[104.034137,21.115024],[104.027122,21.118346],[104.021046,21.123566],[104.017159,21.124598],[104.013348,21.130135],[104.009598,21.127592],[104.006037,21.129037],[103.999974,21.124537],[103.999931,21.121328],[103.996596,21.116829],[103.989232,21.114279],[103.987216,21.11593],[103.988733,21.118116],[103.98774,21.120265],[103.979805,21.122631],[103.975695,21.120066],[103.971727,21.12113],[103.97156,21.126254],[103.967263,21.134287],[103.961594,21.136367],[103.959779,21.138797],[103.951299,21.138729],[103.948435,21.136412],[103.942566,21.136455],[103.936508,21.137612],[103.932175,21.141363],[103.923525,21.141468],[103.921759,21.145759],[103.921523,21.152911],[103.918953,21.157664],[103.913412,21.161379],[103.905083,21.162161],[103.899369,21.165044],[103.90318,21.169269],[103.908601,21.16881],[103.912977,21.170856],[103.918019,21.177288],[103.921496,21.17836],[103.921554,21.182233],[103.931678,21.187538],[103.932997,21.191574],[103.935392,21.192572],[103.937652,21.197355],[103.943976,21.20412],[103.940249,21.207559],[103.939659,21.212888],[103.920929,21.226374],[103.912715,21.236028],[103.899876,21.246556],[103.900801,21.256647],[103.905364,21.256309],[103.907717,21.262424],[103.915415,21.261088],[103.924496,21.270966],[103.935603,21.272537],[103.934849,21.271174],[103.936363,21.271798],[103.937978,21.267572],[103.943819,21.272739],[103.945936,21.273206],[103.947945,21.271018],[103.953804,21.275965]]]}},{"type":"Feature","properties":{"code":"04123","name":"Xã Chiềng Mung","type":"Xã"},"geometry":{"type":"Polygon","coordinates":[[[104.017353,21.36576],[104.025718,21.356278],[104.025768,21.351625],[104.028649,21.349882],[104.034207,21.340291],[104.040777,21.33435],[104.045483,21.33462],[104.052082,21.330134],[104.05335,21.326668],[104.065141,21.312947],[104.068957,21.30554],[104.075167,21.303318],[104.079386,21.294012],[104.077395,21.284874],[104.080722,21.276989],[104.083744,21.277932],[104.085564,21.274754],[104.089027,21.275427],[104.093312,21.280385],[104.094535,21.274378],[104.097226,21.27554],[104.101306,21.270776],[104.109575,21.267377],[104.108324,21.254221],[104.102551,21.242672],[104.1047,21.238642],[104.103355,21.236581],[104.104958,21.234759],[104.101485,21.226943],[104.09857,21.224049],[104.092233,21.22153],[104.092244,21.218175],[104.094093,21.217119],[104.085514,21.214276],[104.084069,21.210694],[104.07379,21.203052],[104.06215,21.208962],[104.061702,21.212488],[104.057005,21.211825],[104.056522,21.21568],[104.05356,21.218269],[104.049843,21.216294],[104.050114,21.221949],[104.045234,21.223677],[104.045025,21.225678],[104.041573,21.223508],[104.042617,21.222943],[104.039151,21.217526],[104.040295,21.216974],[104.03907,21.215245],[104.043275,21.212285],[104.038414,21.205732],[104.04056,21.20502],[104.042848,21.20085],[104.038505,21.199763],[104.036163,21.19569],[104.028473,21.1891],[104.02742,21.190506],[104.02373,21.190559],[104.022996,21.197889],[104.020245,21.198444],[104.019409,21.202395],[104.012231,21.206504],[104.008619,21.212262],[104.001882,21.214885],[103.998016,21.213488],[103.997002,21.215741],[103.992863,21.21594],[103.991098,21.218718],[103.986545,21.219154],[103.986836,21.222026],[103.978912,21.2249],[103.978317,21.231404],[103.96479,21.237436],[103.963923,21.239637],[103.962099,21.239059],[103.960671,21.241513],[103.958428,21.241158],[103.957025,21.24391],[103.952945,21.245156],[103.961059,21.259305],[103.969152,21.260187],[103.971461,21.258974],[103.979597,21.264214],[103.983314,21.257314],[103.986967,21.25842],[103.987778,21.261199],[103.991094,21.257211],[103.995646,21.257589],[103.997263,21.256046],[104.003456,21.260779],[104.004601,21.25984],[104.002791,21.256922],[104.008079,21.257126],[104.006876,21.253682],[104.011198,21.255102],[104.011177,21.252937],[104.013611,21.252863],[104.011081,21.248709],[104.015578,21.248528],[104.027823,21.256008],[104.029011,21.260389],[104.025978,21.262161],[104.023069,21.268341],[104.020751,21.269562],[104.019123,21.272359],[104.020296,21.273512],[104.014113,21.276021],[104.011737,21.279903],[103.999828,21.289516],[104.008497,21.295038],[104.00768,21.299287],[104.010107,21.302086],[104.006453,21.305178],[103.999687,21.305601],[103.995023,21.317627],[103.998982,21.319411],[104.000462,21.323148],[103.99833,21.325433],[103.994901,21.325839],[103.99108,21.333391],[103.994465,21.336062],[103.994181,21.339993],[103.999124,21.337933],[104.007326,21.343182],[104.001446,21.353269],[104.001328,21.356045],[104.012664,21.355132],[104.017353,21.36576]]]}},{"type":"Feature","properties":{"code":"04108","name":"Xã Chiềng Sung","type":"Xã"},"geometry":{"type":"Polygon","coordinates":[[[104.170656,21.367314],[104.176608,21.35479],[104.175629,21.351649],[104.171627,21.348903],[104.168218,21.340789],[104.171934,21.325308],[104.173505,21.322845],[104.186339,21.314483],[104.195179,21.310504],[104.194272,21.305394],[104.180344,21.295107],[104.173943,21.297102],[104.165143,21.290573],[104.164508,21.288088],[104.157041,21.284767],[104.15345,21.267693],[104.155248,21.264765],[104.155212,21.262155],[104.153704,21.261945],[104.154488,21.257866],[104.148631,21.251561],[104.14988,21.246915],[104.147725,21.243617],[104.148431,21.240755],[104.140473,21.236774],[104.137401,21.240042],[104.136053,21.244403],[104.133582,21.244703],[104.128992,21.251779],[104.126618,21.251465],[104.123889,21.253613],[104.108324,21.254221],[104.109575,21.267377],[104.101306,21.270776],[104.097226,21.27554],[104.094535,21.274378],[104.093312,21.280385],[104.089027,21.275427],[104.085564,21.274754],[104.083744,21.277932],[104.080722,21.276989],[104.077395,21.284874],[104.079386,21.294012],[104.075167,21.303318],[104.068957,21.30554],[104.065141,21.312947],[104.05335,21.326668],[104.052082,21.330134],[104.045483,21.33462],[104.040777,21.33435],[104.034207,21.340291],[104.028649,21.349882],[104.025768,21.351625],[104.025718,21.356278],[104.017353,21.36576],[104.023833,21.367238],[104.029793,21.373491],[104.036338,21.376265],[104.037237,21.374591],[104.0447,21.375959],[104.04671,21.381313],[104.050669,21.379828],[104.05332,21.377762],[104.053864,21.37432],[104.052441,21.372331],[104.060674,21.365876],[104.063105,21.361066],[104.068304,21.356306],[104.073739,21.344623],[104.086383,21.332901],[104.086821,21.329827],[104.090174,21.326006],[104.100407,21.320954],[104.104997,21.322033],[104.106694,21.326123],[104.109986,21.328564],[104.112477,21.326627],[104.114651,21.317909],[104.119844,21.318396],[104.120802,21.316788],[104.129222,21.31399],[104.132446,21.309266],[104.134649,21.311473],[104.135323,21.321889],[104.131938,21.324385],[104.127368,21.335887],[104.135815,21.351217],[104.138369,21.35472],[104.148725,21.357826],[104.152495,21.361596],[104.163332,21.358355],[104.170656,21.367314]]]}},{"type":"Feature","properties":{"code":"04195","name":"Xã Chiềng Sơ","type":"Xã"},"geometry":{"type":"Polygon","coordinates":[[[103.599847,21.188831],[103.607526,21.185167],[103.611442,21.175976],[103.619921,21.171963],[103.624097,21.171798],[103.63082,21.167731],[103.636429,21.162967],[103.639127,21.158111],[103.638661,21.156301],[103.644201,21.154544],[103.64905,21.158288],[103.658589,21.157124],[103.667636,21.153026],[103.676151,21.151218],[103.688388,21.151892],[103.69559,21.146464],[103.696201,21.144077],[103.694711,21.141283],[103.688214,21.140653],[103.684378,21.136598],[103.681664,21.136067],[103.682597,21.116184],[103.679771,21.115493],[103.680637,21.109208],[103.676146,21.104991],[103.674609,21.099367],[103.671629,21.096709],[103.669426,21.082048],[103.642059,21.082811],[103.633932,21.080162],[103.630266,21.077158],[103.625035,21.076941],[103.621271,21.078424],[103.619498,21.081603],[103.614561,21.083169],[103.616852,21.086099],[103.61923,21.097519],[103.617353,21.100809],[103.607574,21.102688],[103.605349,21.107283],[103.598795,21.108112],[103.591866,21.106097],[103.586812,21.108924],[103.57579,21.102387],[103.567455,21.103177],[103.554168,21.099366],[103.548852,21.099385],[103.544878,21.097182],[103.538694,21.097682],[103.534334,21.096033],[103.532138,21.088593],[103.529511,21.086419],[103.525947,21.08606],[103.525351,21.082221],[103.522616,21.079451],[103.515328,21.079065],[103.514884,21.077623],[103.507417,21.075117],[103.49953,21.078771],[103.498057,21.080646],[103.504456,21.085038],[103.504464,21.089773],[103.497352,21.101609],[103.50001,21.10646],[103.497851,21.109016],[103.498224,21.112252],[103.501569,21.114729],[103.503074,21.121027],[103.510628,21.125695],[103.511023,21.129158],[103.514767,21.131767],[103.521607,21.130931],[103.523952,21.132014],[103.528308,21.139983],[103.534555,21.146996],[103.536944,21.146486],[103.544015,21.150747],[103.546723,21.150515],[103.555517,21.155901],[103.562316,21.156432],[103.563022,21.16066],[103.567644,21.164979],[103.570611,21.172962],[103.572889,21.173778],[103.574709,21.177227],[103.579373,21.17893],[103.580479,21.181436],[103.590348,21.182213],[103.594836,21.183631],[103.599847,21.188831]]]}},{"type":"Feature","properties":{"code":"03985","name":"Xã Chiềng Sơn","type":"Xã"},"geometry":{"type":"Polygon","coordinates":[[[104.56721,20.809773],[104.583631,20.804675],[104.581085,20.797287],[104.582459,20.793366],[104.587788,20.788552],[104.599531,20.784444],[104.59989,20.779481],[104.606248,20.779277],[104.6087,20.776282],[104.608894,20.772596],[104.611578,20.768148],[104.609821,20.766786],[104.615073,20.758615],[104.619552,20.757762],[104.621849,20.760686],[104.633895,20.759415],[104.636578,20.762393],[104.636907,20.770237],[104.641463,20.77385],[104.6399,20.776229],[104.642931,20.777027],[104.645267,20.782184],[104.641952,20.79015],[104.647624,20.787044],[104.651983,20.789429],[104.654419,20.777314],[104.650474,20.777641],[104.647855,20.773522],[104.652587,20.764837],[104.654181,20.76583],[104.659269,20.7615],[104.661247,20.762173],[104.663118,20.760441],[104.672266,20.758942],[104.673773,20.762992],[104.683436,20.771112],[104.691663,20.766139],[104.71245,20.76953],[104.718951,20.768994],[104.729451,20.761553],[104.733833,20.760183],[104.73489,20.761498],[104.738191,20.759764],[104.742515,20.761611],[104.748519,20.757758],[104.752301,20.758235],[104.755099,20.752449],[104.753362,20.743198],[104.754633,20.737862],[104.753099,20.735867],[104.750598,20.736033],[104.746345,20.729335],[104.743471,20.729966],[104.742382,20.732822],[104.737829,20.732546],[104.735905,20.729642],[104.733865,20.729453],[104.733597,20.725364],[104.729142,20.724775],[104.72733,20.726696],[104.724321,20.72579],[104.72025,20.727756],[104.718314,20.726289],[104.719247,20.720423],[104.717047,20.718317],[104.716755,20.713524],[104.722268,20.713336],[104.718202,20.70426],[104.726808,20.692706],[104.716447,20.68324],[104.700434,20.683348],[104.678016,20.679741],[104.670479,20.682123],[104.666276,20.678713],[104.648085,20.681165],[104.644461,20.68025],[104.643808,20.677674],[104.640298,20.676829],[104.638407,20.673987],[104.634231,20.672147],[104.629921,20.67367],[104.622902,20.672594],[104.611134,20.673805],[104.602546,20.672086],[104.597126,20.675288],[104.591891,20.675054],[104.590181,20.678855],[104.583929,20.682948],[104.587502,20.695027],[104.585539,20.695374],[104.580863,20.703518],[104.586588,20.707222],[104.590232,20.714046],[104.595366,20.717976],[104.595408,20.720795],[104.598053,20.722751],[104.59356,20.731735],[104.591488,20.733054],[104.590723,20.730253],[104.58901,20.730156],[104.574454,20.734479],[104.573402,20.741563],[104.565268,20.744721],[104.557276,20.744488],[104.55522,20.749071],[104.548869,20.751301],[104.547006,20.754099],[104.547951,20.760491],[104.546142,20.763706],[104.551123,20.774044],[104.549721,20.780211],[104.563262,20.779727],[104.567587,20.781883],[104.561582,20.785589],[104.562139,20.787911],[104.564672,20.788747],[104.566103,20.795265],[104.56515,20.803282],[104.56043,20.805535],[104.56721,20.809773]]]}},{"type":"Feature","properties":{"code":"03892","name":"Xã Chiềng Sại","type":"Xã"},"geometry":{"type":"Polygon","coordinates":[[[104.466724,21.131124],[104.48248,21.11478],[104.503676,21.105715],[104.514927,21.097904],[104.517941,21.089454],[104.517844,21.076582],[104.524301,21.069561],[104.542352,21.070615],[104.550668,21.079631],[104.562287,21.083618],[104.564939,21.083358],[104.569425,21.078891],[104.571332,21.05358],[104.567156,21.053444],[104.5621,21.061055],[104.557347,21.064559],[104.551896,21.064803],[104.549064,21.057379],[104.541656,21.049932],[104.542382,21.046019],[104.540204,21.039045],[104.542065,21.035064],[104.542556,21.027217],[104.53205,21.010004],[104.525707,21.013071],[104.524009,21.015922],[104.519528,21.017176],[104.515548,21.021262],[104.508666,21.023377],[104.504101,21.02742],[104.49628,21.02714],[104.495932,21.028885],[104.492587,21.028187],[104.489583,21.030831],[104.47977,21.033127],[104.477239,21.032014],[104.47269,21.036587],[104.471715,21.039815],[104.464962,21.041244],[104.457674,21.046139],[104.451534,21.053216],[104.446364,21.051657],[104.441946,21.053202],[104.439074,21.051588],[104.430597,21.058267],[104.427027,21.056575],[104.417125,21.056576],[104.408403,21.065411],[104.408524,21.06885],[104.401212,21.070121],[104.398194,21.068327],[104.395438,21.069294],[104.393895,21.072027],[104.385375,21.075689],[104.380965,21.075699],[104.382079,21.090383],[104.383897,21.09431],[104.391306,21.09645],[104.395969,21.104882],[104.404772,21.11171],[104.411134,21.113379],[104.416156,21.116868],[104.422536,21.117352],[104.42573,21.115881],[104.4314,21.122622],[104.434716,21.123811],[104.437261,21.121295],[104.440933,21.120569],[104.443287,21.116937],[104.451203,21.118072],[104.452718,21.120851],[104.455852,21.12152],[104.458084,21.131609],[104.460687,21.132212],[104.466724,21.131124]]]}},{"type":"Feature","properties":{"code":"03781","name":"Xã Co Mạ","type":"Xã"},"geometry":{"type":"Polygon","coordinates":[[[103.426974,21.388214],[103.436519,21.381964],[103.445517,21.383601],[103.454239,21.378763],[103.460375,21.3791],[103.470618,21.374336],[103.472892,21.374656],[103.477107,21.379988],[103.488797,21.386911],[103.490281,21.390155],[103.498375,21.389967],[103.509563,21.386793],[103.521686,21.389651],[103.523615,21.388607],[103.529651,21.392373],[103.538789,21.391416],[103.539557,21.387654],[103.544207,21.384464],[103.548419,21.384972],[103.551428,21.382491],[103.557538,21.383072],[103.562177,21.379682],[103.564494,21.38024],[103.565063,21.378166],[103.567257,21.378908],[103.570704,21.376954],[103.579694,21.383818],[103.588122,21.392945],[103.593424,21.395],[103.59319,21.392043],[103.59723,21.384151],[103.595666,21.376743],[103.604623,21.370664],[103.607492,21.366669],[103.600598,21.361288],[103.596011,21.35454],[103.593877,21.35397],[103.596192,21.347315],[103.607444,21.340431],[103.620977,21.339716],[103.624295,21.33639],[103.629228,21.335092],[103.627138,21.331011],[103.623059,21.327791],[103.626116,21.317146],[103.6231,21.315641],[103.627832,21.312414],[103.629614,21.308964],[103.62921,21.303429],[103.627649,21.301868],[103.628417,21.296843],[103.623869,21.295586],[103.615337,21.301026],[103.608628,21.300957],[103.599231,21.310975],[103.591302,21.31208],[103.590624,21.303256],[103.588046,21.299849],[103.582731,21.298197],[103.58145,21.289033],[103.57772,21.29105],[103.572528,21.281371],[103.565756,21.282489],[103.563729,21.281517],[103.562146,21.286003],[103.553263,21.292204],[103.546549,21.285823],[103.549232,21.285438],[103.560663,21.274273],[103.560137,21.270193],[103.553805,21.263057],[103.558257,21.261295],[103.556229,21.256509],[103.561814,21.254707],[103.564264,21.25079],[103.570276,21.246942],[103.572147,21.243243],[103.582283,21.242027],[103.583021,21.231671],[103.588888,21.224792],[103.586294,21.223026],[103.586826,21.221357],[103.577001,21.216638],[103.569044,21.222892],[103.545522,21.224298],[103.541006,21.226972],[103.545483,21.229855],[103.547644,21.233687],[103.547138,21.239373],[103.538954,21.243112],[103.530056,21.243193],[103.521679,21.255701],[103.514988,21.2507],[103.51582,21.24709],[103.504567,21.250372],[103.497379,21.255861],[103.497904,21.256971],[103.50553,21.256324],[103.499579,21.265995],[103.502413,21.267311],[103.497325,21.271326],[103.495766,21.282373],[103.493595,21.282888],[103.486356,21.278718],[103.484075,21.284948],[103.482084,21.284342],[103.472869,21.298434],[103.472855,21.300767],[103.470061,21.301327],[103.4599,21.314189],[103.461041,21.319775],[103.463998,21.322285],[103.471595,21.320547],[103.475571,21.322384],[103.473985,21.326739],[103.476232,21.335767],[103.478643,21.334764],[103.482546,21.340384],[103.465221,21.351744],[103.456787,21.354612],[103.443849,21.345877],[103.439933,21.341774],[103.438416,21.336481],[103.436349,21.336182],[103.434466,21.338063],[103.426625,21.335923],[103.423423,21.338728],[103.427119,21.340667],[103.429897,21.348426],[103.409694,21.363997],[103.408047,21.368056],[103.41061,21.368886],[103.422102,21.383939],[103.425493,21.39496],[103.426974,21.388214]]]}},{"type":"Feature","properties":{"code":"03922","name":"Xã Gia Phù","type":"Xã"},"geometry":{"type":"Polygon","coordinates":[[[104.610495,21.238229],[104.614915,21.236512],[104.617985,21.23281],[104.621561,21.232453],[104.623486,21.229349],[104.627466,21.230456],[104.630184,21.217558],[104.632276,21.21315],[104.635442,21.213149],[104.636478,21.207754],[104.638624,21.207453],[104.637843,21.201154],[104.640433,21.198559],[104.627593,21.194509],[104.625605,21.190574],[104.625936,21.185625],[104.622913,21.18315],[104.612788,21.187939],[104.603087,21.18313],[104.594511,21.170953],[104.578467,21.160262],[104.572817,21.149395],[104.568246,21.1448],[104.56964,21.138878],[104.568059,21.134985],[104.561387,21.128347],[104.560671,21.122842],[104.558355,21.12212],[104.557914,21.12],[104.550382,21.126665],[104.532689,21.122122],[104.534937,21.132062],[104.533491,21.138816],[104.528686,21.142394],[104.527725,21.148397],[104.525294,21.148459],[104.524474,21.150805],[104.522148,21.151035],[104.522129,21.154315],[104.51864,21.154846],[104.514261,21.158641],[104.510424,21.167372],[104.50645,21.17054],[104.513331,21.179566],[104.513556,21.183835],[104.515316,21.185759],[104.510839,21.188699],[104.510873,21.191106],[104.508464,21.193574],[104.499795,21.196889],[104.497464,21.201287],[104.493036,21.204714],[104.48574,21.205645],[104.490296,21.21217],[104.491439,21.218619],[104.494134,21.219539],[104.496212,21.224292],[104.494415,21.22666],[104.498533,21.230323],[104.505388,21.229288],[104.505292,21.231529],[104.51008,21.232601],[104.514334,21.228609],[104.52887,21.227187],[104.536379,21.221665],[104.543938,21.22963],[104.566657,21.222431],[104.569348,21.223186],[104.573405,21.229784],[104.573264,21.236376],[104.589613,21.236287],[104.59429,21.237883],[104.600181,21.236652],[104.610495,21.238229]]]}},{"type":"Feature","properties":{"code":"04210","name":"Xã Huổi Một","type":"Xã"},"geometry":{"type":"Polygon","coordinates":[[[103.591866,21.106097],[103.598795,21.108112],[103.604916,21.107381],[103.607574,21.102688],[103.617353,21.100809],[103.61923,21.097519],[103.616852,21.086099],[103.614561,21.083169],[103.619498,21.081603],[103.62147,21.078318],[103.629421,21.07694],[103.633932,21.080162],[103.641986,21.082793],[103.649977,21.081876],[103.651949,21.083401],[103.669426,21.082048],[103.675749,21.078321],[103.681173,21.079407],[103.686469,21.06889],[103.694854,21.066938],[103.703571,21.061426],[103.706387,21.057828],[103.707408,21.050164],[103.713904,21.050756],[103.716928,21.04702],[103.723432,21.047994],[103.726596,21.045996],[103.728835,21.041536],[103.734607,21.037566],[103.745158,21.040321],[103.755231,21.033929],[103.758095,21.034868],[103.756651,21.028257],[103.757364,21.021734],[103.759242,21.020248],[103.758863,21.016815],[103.756905,21.014726],[103.756317,21.00965],[103.753685,21.008831],[103.752185,21.006328],[103.753721,21.000624],[103.751574,20.998543],[103.751794,20.995252],[103.741113,20.987721],[103.742355,20.985005],[103.740506,20.983617],[103.74197,20.980722],[103.741475,20.972911],[103.738119,20.971228],[103.729188,20.973635],[103.722643,20.977329],[103.715568,20.972207],[103.708957,20.970419],[103.699206,20.971696],[103.691417,20.962181],[103.689979,20.957832],[103.684096,20.957485],[103.678743,20.961249],[103.673848,20.957364],[103.67146,20.959567],[103.667952,20.959014],[103.666592,20.961425],[103.668232,20.967205],[103.664721,20.970504],[103.665162,20.975857],[103.663245,20.978032],[103.664049,20.983751],[103.659157,20.988942],[103.651626,20.98874],[103.642749,20.991379],[103.630669,20.989982],[103.621052,20.99472],[103.617609,20.993021],[103.608639,20.992465],[103.600488,20.998719],[103.590049,21.002161],[103.588464,21.004439],[103.578352,21.006996],[103.567804,21.018766],[103.550729,21.022012],[103.544869,21.028721],[103.545543,21.03037],[103.543461,21.032814],[103.537846,21.03172],[103.533808,21.034583],[103.530653,21.033221],[103.527556,21.035659],[103.525837,21.035294],[103.522614,21.040797],[103.510793,21.052437],[103.508217,21.050512],[103.505718,21.052843],[103.500062,21.054252],[103.500295,21.056465],[103.494997,21.058531],[103.495401,21.060815],[103.491821,21.067922],[103.501207,21.0775],[103.507417,21.075117],[103.514884,21.077623],[103.515328,21.079065],[103.52419,21.080127],[103.525947,21.08606],[103.529511,21.086419],[103.532138,21.088593],[103.534334,21.096033],[103.538694,21.097682],[103.544878,21.097182],[103.548852,21.099385],[103.554168,21.099366],[103.567455,21.103177],[103.57579,21.102387],[103.586812,21.108924],[103.591866,21.106097]]]}},{"type":"Feature","properties":{"code":"03961","name":"Xã Kim Bon","type":"Xã"},"geometry":{"type":"Polygon","coordinates":[[[104.603596,21.160299],[104.607412,21.154154],[104.615765,21.149126],[104.614325,21.14371],[104.631334,21.134572],[104.637031,21.123243],[104.634228,21.113023],[104.642683,21.110759],[104.646782,21.102277],[104.669628,21.089889],[104.672353,21.080228],[104.66798,21.079051],[104.661423,21.074253],[104.649832,21.077562],[104.642652,21.088616],[104.638808,21.089296],[104.637431,21.088931],[104.637851,21.086789],[104.635256,21.086611],[104.635229,21.085044],[104.632435,21.083704],[104.632838,21.081693],[104.630627,21.083006],[104.630341,21.080466],[104.624767,21.07788],[104.62089,21.071627],[104.618924,21.075573],[104.610929,21.08364],[104.608596,21.08248],[104.605434,21.077271],[104.610653,21.072678],[104.612958,21.067363],[104.612096,21.060248],[104.607399,21.061505],[104.59807,21.052358],[104.59428,21.055627],[104.58794,21.055628],[104.586682,21.054039],[104.587255,21.047792],[104.585315,21.045015],[104.572367,21.050423],[104.569911,21.060826],[104.5702,21.077031],[104.564376,21.083638],[104.551428,21.080095],[104.541225,21.070259],[104.527217,21.068775],[104.520134,21.07288],[104.517844,21.076582],[104.517941,21.089454],[104.514927,21.097904],[104.527263,21.111148],[104.532689,21.122122],[104.550382,21.126665],[104.557914,21.12],[104.558355,21.12212],[104.560671,21.122842],[104.561387,21.128347],[104.568059,21.134985],[104.56964,21.138878],[104.568246,21.1448],[104.572817,21.149395],[104.578464,21.160258],[104.594368,21.170828],[104.598175,21.175391],[104.604969,21.168257],[104.603596,21.160299]]]}},{"type":"Feature","properties":{"code":"03763","name":"Xã Long Hẹ","type":"Xã"},"geometry":{"type":"Polygon","coordinates":[[[103.477931,21.516692],[103.479692,21.508818],[103.477819,21.504929],[103.482112,21.502678],[103.481318,21.498542],[103.485957,21.496138],[103.485877,21.492309],[103.488956,21.492152],[103.488916,21.49027],[103.491294,21.490841],[103.492084,21.489389],[103.491256,21.486326],[103.487515,21.485023],[103.488893,21.48359],[103.490555,21.484772],[103.495324,21.484021],[103.498419,21.486023],[103.49936,21.48225],[103.505123,21.484109],[103.505098,21.482108],[103.508017,21.480731],[103.511236,21.476208],[103.510027,21.473137],[103.512967,21.47167],[103.51158,21.469432],[103.514092,21.468434],[103.513477,21.466278],[103.515272,21.465689],[103.51361,21.462665],[103.51811,21.462609],[103.518301,21.459998],[103.520937,21.459797],[103.523163,21.454855],[103.524927,21.458204],[103.534465,21.465428],[103.541854,21.465886],[103.54666,21.463911],[103.55314,21.457921],[103.556604,21.450015],[103.560341,21.450295],[103.563057,21.44567],[103.566014,21.446087],[103.566164,21.443731],[103.569866,21.442763],[103.577068,21.43485],[103.583579,21.430468],[103.595405,21.439704],[103.594939,21.437948],[103.598522,21.437162],[103.582664,21.41189],[103.588122,21.392945],[103.579694,21.383818],[103.570704,21.376954],[103.567257,21.378908],[103.565063,21.378166],[103.564494,21.38024],[103.562177,21.379682],[103.557538,21.383072],[103.551428,21.382491],[103.548419,21.384972],[103.544207,21.384464],[103.539557,21.387654],[103.538789,21.391416],[103.529651,21.392373],[103.523615,21.388607],[103.521686,21.389651],[103.509563,21.386793],[103.498375,21.389967],[103.490281,21.390155],[103.488797,21.386911],[103.477107,21.379988],[103.472892,21.374656],[103.469321,21.374409],[103.460375,21.3791],[103.454239,21.378763],[103.445517,21.383601],[103.436519,21.381964],[103.42703,21.388114],[103.425148,21.395341],[103.419179,21.39701],[103.41203,21.410589],[103.415091,21.420277],[103.41238,21.427409],[103.414742,21.428095],[103.418165,21.426394],[103.42035,21.429596],[103.424013,21.43061],[103.430135,21.430087],[103.439412,21.432046],[103.441038,21.430895],[103.449275,21.437944],[103.445506,21.444218],[103.456737,21.457888],[103.452519,21.46964],[103.45368,21.480241],[103.446929,21.48568],[103.450099,21.49077],[103.450959,21.50078],[103.456582,21.509206],[103.461326,21.512197],[103.458154,21.518564],[103.46303,21.519709],[103.46935,21.51653],[103.472891,21.520019],[103.477931,21.516692]]]}},{"type":"Feature","properties":{"code":"04096","name":"Xã Lóng Phiêng","type":"Xã"},"geometry":{"type":"Polygon","coordinates":[[[104.378131,20.96335],[104.39166,20.95213],[104.394797,20.95305],[104.395594,20.950365],[104.398239,20.949425],[104.395397,20.944616],[104.395842,20.94251],[104.405424,20.942799],[104.419074,20.931312],[104.420901,20.930586],[104.424839,20.937535],[104.431912,20.938312],[104.434505,20.940924],[104.450772,20.933845],[104.449958,20.929489],[104.440537,20.926319],[104.436192,20.918548],[104.445423,20.90766],[104.443251,20.903885],[104.445663,20.901161],[104.446448,20.897096],[104.441352,20.888119],[104.442319,20.880338],[104.4405,20.87803],[104.435428,20.877119],[104.438444,20.870377],[104.433031,20.866449],[104.43352,20.863974],[104.435674,20.862626],[104.435432,20.858146],[104.433171,20.856833],[104.43059,20.849104],[104.428123,20.849558],[104.427935,20.846563],[104.425543,20.846708],[104.426478,20.838411],[104.421062,20.829568],[104.430367,20.821671],[104.431466,20.81189],[104.426111,20.805191],[104.417165,20.800549],[104.417404,20.798648],[104.412008,20.80175],[104.405637,20.811573],[104.399216,20.814849],[104.396785,20.820238],[104.393415,20.822836],[104.389965,20.822947],[104.387921,20.825817],[104.38225,20.828895],[104.377957,20.827317],[104.380297,20.824808],[104.378252,20.823417],[104.378362,20.820271],[104.369324,20.82431],[104.362881,20.834991],[104.356734,20.839721],[104.352886,20.839015],[104.351927,20.843574],[104.346969,20.845411],[104.34667,20.851531],[104.340255,20.850963],[104.340431,20.853303],[104.33631,20.856831],[104.336227,20.860168],[104.33324,20.8589],[104.331407,20.855564],[104.328292,20.856306],[104.326223,20.860202],[104.334937,20.872104],[104.331781,20.877113],[104.331616,20.882531],[104.328535,20.884912],[104.326985,20.88932],[104.318527,20.893334],[104.318468,20.896982],[104.312061,20.900821],[104.322309,20.921914],[104.325196,20.924153],[104.331771,20.923021],[104.336585,20.927162],[104.336096,20.932566],[104.351905,20.929337],[104.352458,20.936217],[104.362865,20.94681],[104.362671,20.949184],[104.367148,20.953737],[104.372632,20.951509],[104.374391,20.960017],[104.370443,20.961785],[104.371529,20.969552],[104.373976,20.968697],[104.378131,20.96335]]]}},{"type":"Feature","properties":{"code":"04045","name":"Xã Lóng Sập","type":"Xã"},"geometry":{"type":"Polygon","coordinates":[[[104.517144,20.864038],[104.532814,20.861194],[104.535788,20.854351],[104.538513,20.852137],[104.536268,20.829167],[104.540653,20.826446],[104.556858,20.823912],[104.560973,20.820409],[104.56721,20.809773],[104.56043,20.805535],[104.56515,20.803282],[104.566103,20.795265],[104.564672,20.788747],[104.562139,20.787911],[104.561582,20.785589],[104.567587,20.781883],[104.563262,20.779727],[104.549721,20.780211],[104.551123,20.774044],[104.546142,20.763706],[104.547951,20.760491],[104.547006,20.754099],[104.548869,20.751301],[104.55522,20.749071],[104.557276,20.744488],[104.565268,20.744721],[104.573402,20.741563],[104.574454,20.734479],[104.58901,20.730156],[104.590723,20.730253],[104.591488,20.733054],[104.59356,20.731735],[104.598053,20.722751],[104.583923,20.704526],[104.580863,20.703518],[104.568359,20.712394],[104.566337,20.716686],[104.561576,20.716707],[104.552273,20.722502],[104.541082,20.716668],[104.541351,20.714735],[104.535907,20.717452],[104.533933,20.716492],[104.532735,20.713294],[104.529682,20.713356],[104.528037,20.710186],[104.528334,20.706389],[104.525621,20.702635],[104.520747,20.700498],[104.517015,20.705196],[104.506487,20.710576],[104.511464,20.715646],[104.501411,20.71336],[104.494806,20.714772],[104.495045,20.717394],[104.491842,20.720697],[104.491412,20.725178],[104.48853,20.728641],[104.490033,20.733036],[104.487134,20.739796],[104.489371,20.744864],[104.485654,20.749246],[104.484218,20.757808],[104.482085,20.759731],[104.483615,20.767919],[104.470415,20.773625],[104.468456,20.77941],[104.457215,20.779863],[104.450883,20.782651],[104.448514,20.789293],[104.449003,20.796478],[104.447741,20.798975],[104.438893,20.798375],[104.436122,20.796373],[104.430904,20.797394],[104.427696,20.79211],[104.419329,20.795379],[104.417404,20.798648],[104.417165,20.800549],[104.426111,20.805191],[104.431466,20.81189],[104.430367,20.821671],[104.421062,20.829568],[104.426478,20.838411],[104.425543,20.846708],[104.427935,20.846563],[104.428123,20.849558],[104.43059,20.849104],[104.433171,20.856833],[104.435432,20.858146],[104.435674,20.862626],[104.43352,20.863974],[104.433031,20.866449],[104.438444,20.870377],[104.435428,20.877119],[104.440942,20.878338],[104.442319,20.880338],[104.441152,20.882329],[104.445219,20.881327],[104.449284,20.884167],[104.453768,20.885341],[104.454798,20.883763],[104.456431,20.88601],[104.459749,20.886785],[104.461063,20.885168],[104.468414,20.886016],[104.472054,20.883622],[104.481378,20.883464],[104.484724,20.885],[104.487851,20.878173],[104.498423,20.875619],[104.499224,20.873053],[104.504947,20.870468],[104.507849,20.871736],[104.517144,20.864038]]]}},{"type":"Feature","properties":{"code":"04105","name":"Xã Mai Sơn","type":"Xã"},"geometry":{"type":"Polygon","coordinates":[[[104.045359,21.22359],[104.050114,21.221949],[104.049843,21.216294],[104.05356,21.218269],[104.056522,21.21568],[104.057005,21.211825],[104.061702,21.212488],[104.06215,21.208962],[104.07379,21.203052],[104.084069,21.210694],[104.085514,21.214276],[104.098129,21.220013],[104.103502,21.217512],[104.113965,21.217205],[104.115895,21.211804],[104.113138,21.211789],[104.113599,21.20894],[104.1205,21.205207],[104.117328,21.201754],[104.112415,21.200069],[104.111195,21.197401],[104.120732,21.192524],[104.1254,21.184357],[104.12994,21.183917],[104.132098,21.179096],[104.136004,21.18144],[104.134059,21.184968],[104.137478,21.184724],[104.142295,21.192706],[104.151093,21.195334],[104.153014,21.197926],[104.152819,21.201571],[104.158268,21.202508],[104.160652,21.199435],[104.171735,21.20353],[104.17451,21.201168],[104.180023,21.200684],[104.183698,21.197619],[104.185463,21.193414],[104.190217,21.191902],[104.194531,21.188095],[104.199634,21.187159],[104.203678,21.184479],[104.210622,21.185378],[104.21186,21.182277],[104.216766,21.180844],[104.216215,21.177451],[104.211686,21.173151],[104.214689,21.171545],[104.212542,21.169583],[104.213321,21.167772],[104.208641,21.167371],[104.198862,21.156561],[104.201322,21.149707],[104.204509,21.148484],[104.205822,21.144623],[104.204241,21.140311],[104.200259,21.137394],[104.197043,21.129285],[104.19788,21.125966],[104.201223,21.122442],[104.199159,21.11937],[104.201736,21.118349],[104.207104,21.110442],[104.211797,21.108441],[104.210982,21.10414],[104.209345,21.102773],[104.20712,21.103448],[104.20744,21.099509],[104.204989,21.095593],[104.206509,21.090868],[104.20521,21.088024],[104.207733,21.084964],[104.206445,21.082313],[104.207859,21.079915],[104.206655,21.071502],[104.202512,21.068516],[104.196301,21.068127],[104.195428,21.066661],[104.194109,21.069651],[104.189652,21.071934],[104.192212,21.073599],[104.190063,21.076547],[104.178979,21.075752],[104.1793,21.080244],[104.173006,21.084129],[104.167565,21.091797],[104.160972,21.093391],[104.159244,21.097163],[104.156212,21.099255],[104.155325,21.103187],[104.151982,21.105071],[104.150432,21.114619],[104.146667,21.118106],[104.145329,21.122131],[104.14332,21.122998],[104.13845,21.121212],[104.134466,21.123279],[104.126494,21.134006],[104.121783,21.137997],[104.117817,21.137681],[104.117612,21.140679],[104.115188,21.140599],[104.11622,21.142749],[104.113708,21.142858],[104.11392,21.144921],[104.111411,21.144666],[104.109953,21.146239],[104.108784,21.148893],[104.110832,21.150837],[104.10596,21.14809],[104.103727,21.149221],[104.107473,21.141908],[104.097964,21.134769],[104.097621,21.133056],[104.087321,21.131594],[104.087313,21.134881],[104.08303,21.137333],[104.081764,21.142707],[104.073559,21.13801],[104.069742,21.139163],[104.06578,21.136558],[104.064942,21.138087],[104.060164,21.137759],[104.057161,21.14041],[104.059076,21.147632],[104.05055,21.1487],[104.050803,21.1526],[104.048427,21.156558],[104.046636,21.156577],[104.044668,21.159287],[104.038692,21.160798],[104.03485,21.164261],[104.024797,21.166693],[104.02124,21.169175],[104.018426,21.173489],[104.023288,21.182192],[104.038505,21.199763],[104.042848,21.20085],[104.04056,21.20502],[104.038414,21.205732],[104.043275,21.212285],[104.03907,21.215245],[104.040295,21.216974],[104.039151,21.217526],[104.042617,21.222943],[104.041573,21.223508],[104.045025,21.225678],[104.045359,21.22359]]]}},{"type":"Feature","properties":{"code":"03799","name":"Xã Muổi Nọi","type":"Xã"},"geometry":{"type":"Polygon","coordinates":[[[103.771673,21.393351],[103.775454,21.393562],[103.775874,21.396782],[103.780329,21.397593],[103.783529,21.39473],[103.791453,21.393948],[103.792346,21.391305],[103.795871,21.391953],[103.80027,21.388803],[103.80305,21.38921],[103.809642,21.384089],[103.817667,21.381607],[103.821065,21.377384],[103.815148,21.372276],[103.813399,21.366103],[103.811313,21.364505],[103.814584,21.360762],[103.812529,21.35804],[103.823298,21.357672],[103.830203,21.363547],[103.832395,21.363506],[103.834019,21.361174],[103.838596,21.362625],[103.842069,21.359778],[103.841825,21.353164],[103.838897,21.350236],[103.839917,21.346555],[103.836717,21.343079],[103.839051,21.338321],[103.831785,21.328647],[103.833318,21.326059],[103.83196,21.321621],[103.829422,21.321973],[103.827913,21.319969],[103.827227,21.315332],[103.831131,21.312767],[103.827751,21.306142],[103.828787,21.301503],[103.825711,21.301392],[103.821409,21.304062],[103.817674,21.302264],[103.817036,21.304095],[103.810223,21.305751],[103.810225,21.307439],[103.807837,21.307935],[103.80266,21.302528],[103.816826,21.287802],[103.820415,21.28804],[103.823957,21.282331],[103.835023,21.276267],[103.83245,21.271708],[103.832961,21.268277],[103.830758,21.265417],[103.814198,21.251623],[103.817701,21.244684],[103.816498,21.236513],[103.820192,21.226241],[103.818279,21.219348],[103.820925,21.215359],[103.817563,21.212598],[103.817482,21.208653],[103.814336,21.20179],[103.793284,21.214754],[103.786912,21.215244],[103.776932,21.210813],[103.774327,21.212481],[103.772915,21.213742],[103.773907,21.216187],[103.772192,21.221882],[103.768171,21.230561],[103.763303,21.232392],[103.758871,21.236738],[103.749903,21.239739],[103.746962,21.245784],[103.746841,21.257983],[103.753274,21.261121],[103.755231,21.266693],[103.754356,21.270359],[103.758961,21.273356],[103.758707,21.282019],[103.761652,21.285882],[103.760562,21.2909],[103.764139,21.294939],[103.769907,21.296957],[103.774055,21.296189],[103.781822,21.290886],[103.784743,21.292079],[103.786888,21.295375],[103.786065,21.299218],[103.787511,21.300175],[103.78834,21.305534],[103.785752,21.309841],[103.786016,21.314094],[103.78308,21.313584],[103.780539,21.317218],[103.774227,21.319839],[103.770794,21.323438],[103.772111,21.327405],[103.779797,21.330902],[103.780193,21.332984],[103.775788,21.336673],[103.776707,21.339016],[103.764269,21.34243],[103.76218,21.345939],[103.751794,21.354688],[103.750287,21.358418],[103.735394,21.368235],[103.72829,21.376385],[103.728354,21.382475],[103.733749,21.379437],[103.740275,21.379359],[103.748483,21.383354],[103.750207,21.381779],[103.75442,21.381243],[103.756108,21.382537],[103.760209,21.381078],[103.764669,21.386934],[103.765064,21.392509],[103.770913,21.393142],[103.77105,21.39876],[103.771673,21.393351]]]}},{"type":"Feature","properties":{"code":"03943","name":"Xã Mường Bang","type":"Xã"},"geometry":{"type":"Polygon","coordinates":[[[104.843375,21.27491],[104.840585,21.264634],[104.842981,21.26076],[104.850547,21.257536],[104.850889,21.254345],[104.848086,21.250501],[104.852485,21.237851],[104.855934,21.23388],[104.848886,21.234269],[104.848992,21.230336],[104.845509,21.228435],[104.844408,21.225676],[104.852876,21.223221],[104.859525,21.217436],[104.86174,21.211266],[104.86523,21.210078],[104.860332,21.198187],[104.858274,21.186901],[104.850923,21.17993],[104.858318,21.176637],[104.860118,21.173758],[104.853061,21.159244],[104.851922,21.153621],[104.856419,21.147547],[104.861672,21.145455],[104.863759,21.146851],[104.871175,21.145149],[104.871837,21.140119],[104.876102,21.138642],[104.880598,21.134206],[104.897302,21.129793],[104.896374,21.126361],[104.898359,21.124211],[104.907258,21.118477],[104.911801,21.118512],[104.912038,21.111208],[104.906544,21.112661],[104.90229,21.109031],[104.892813,21.107292],[104.891113,21.104768],[104.876387,21.098567],[104.871122,21.091958],[104.873419,21.08444],[104.869099,21.08049],[104.867878,21.075535],[104.856567,21.079116],[104.852749,21.076486],[104.853965,21.068812],[104.856947,21.063294],[104.855849,21.056648],[104.841544,21.051096],[104.837044,21.053787],[104.819664,21.058862],[104.815531,21.063559],[104.809193,21.067434],[104.816461,21.076851],[104.814379,21.078511],[104.814035,21.081226],[104.802041,21.082378],[104.797782,21.086132],[104.793456,21.085754],[104.790867,21.08811],[104.790944,21.095711],[104.788163,21.096755],[104.787014,21.099963],[104.777628,21.102128],[104.777449,21.107821],[104.765821,21.110533],[104.76359,21.109124],[104.759632,21.117635],[104.7623,21.122161],[104.760533,21.126531],[104.751879,21.129871],[104.748431,21.129112],[104.742617,21.134509],[104.728499,21.133842],[104.728884,21.137752],[104.726738,21.139818],[104.726595,21.142461],[104.7346,21.148373],[104.729769,21.153693],[104.732763,21.155802],[104.733132,21.158134],[104.729143,21.16244],[104.727403,21.167376],[104.72993,21.173735],[104.733282,21.17698],[104.732763,21.181045],[104.73076,21.182619],[104.73558,21.187202],[104.730889,21.193754],[104.725426,21.196426],[104.72565,21.199634],[104.72816,21.202127],[104.71785,21.203145],[104.70603,21.206855],[104.710937,21.213234],[104.711191,21.215801],[104.716894,21.21966],[104.716984,21.228637],[104.718384,21.230734],[104.728827,21.230515],[104.73704,21.234782],[104.750047,21.236711],[104.748119,21.237602],[104.747707,21.242726],[104.749158,21.244943],[104.74572,21.250042],[104.74662,21.253523],[104.752197,21.258246],[104.788241,21.263018],[104.797881,21.258843],[104.805192,21.262239],[104.809074,21.25946],[104.81209,21.259764],[104.819259,21.262389],[104.827962,21.272054],[104.832132,21.271929],[104.832783,21.270646],[104.834908,21.27366],[104.836303,21.27204],[104.836779,21.275286],[104.838277,21.274782],[104.838132,21.277608],[104.840401,21.278381],[104.840035,21.280599],[104.841851,21.282442],[104.840982,21.28009],[104.843375,21.27491]]]}},{"type":"Feature","properties":{"code":"03760","name":"Xã Mường Bám","type":"Xã"},"geometry":{"type":"Polygon","coordinates":[[[103.409477,21.450568],[103.414115,21.434823],[103.41238,21.427409],[103.415091,21.420277],[103.41203,21.410589],[103.419179,21.39701],[103.425493,21.39496],[103.422102,21.383939],[103.41061,21.368886],[103.408047,21.368056],[103.410043,21.363605],[103.429897,21.348426],[103.427119,21.340667],[103.42356,21.338425],[103.426625,21.335923],[103.434466,21.338063],[103.436349,21.336182],[103.438416,21.336481],[103.433471,21.326108],[103.424204,21.321163],[103.422582,21.315699],[103.416885,21.317028],[103.415706,21.319658],[103.397909,21.316816],[103.389201,21.321295],[103.381625,21.328854],[103.377938,21.329807],[103.373933,21.328689],[103.36997,21.331012],[103.37047,21.335215],[103.368283,21.337306],[103.369448,21.346675],[103.378956,21.347481],[103.383187,21.357153],[103.387897,21.360639],[103.387523,21.36785],[103.382734,21.369843],[103.375276,21.37011],[103.372114,21.372363],[103.361546,21.371827],[103.360459,21.375004],[103.361665,21.378083],[103.357513,21.390351],[103.345072,21.398038],[103.345065,21.399399],[103.339048,21.399366],[103.338538,21.407736],[103.335224,21.411826],[103.331632,21.411506],[103.330256,21.4133],[103.330724,21.415455],[103.335155,21.416139],[103.337185,21.418071],[103.340535,21.426676],[103.343302,21.42922],[103.345946,21.429853],[103.352749,21.42448],[103.357007,21.425238],[103.360477,21.423607],[103.367606,21.42934],[103.37492,21.42744],[103.379187,21.429758],[103.377627,21.435943],[103.383554,21.433909],[103.391985,21.436878],[103.398338,21.434456],[103.405554,21.439966],[103.409477,21.450568]]]}},{"type":"Feature","properties":{"code":"03847","name":"Xã Mường Bú","type":"Xã"},"geometry":{"type":"Polygon","coordinates":[[[104.111538,21.453851],[104.111459,21.450084],[104.108479,21.445967],[104.110029,21.441186],[104.107763,21.437605],[104.114792,21.433061],[104.125149,21.422539],[104.113714,21.419624],[104.109605,21.411927],[104.102561,21.408203],[104.103358,21.406556],[104.100925,21.402878],[104.1007,21.396147],[104.097427,21.39359],[104.09246,21.394266],[104.091227,21.391563],[104.09243,21.387574],[104.091518,21.383552],[104.098137,21.374252],[104.100951,21.372508],[104.101426,21.368298],[104.10488,21.364533],[104.11233,21.364477],[104.115589,21.368109],[104.121751,21.370959],[104.125482,21.376651],[104.12951,21.377296],[104.129504,21.381534],[104.14309,21.387037],[104.153935,21.388049],[104.170656,21.367314],[104.163332,21.358355],[104.152495,21.361596],[104.148725,21.357826],[104.138369,21.35472],[104.135573,21.350842],[104.127368,21.335887],[104.131938,21.324385],[104.135323,21.321889],[104.13335,21.309332],[104.129222,21.31399],[104.120802,21.316788],[104.119844,21.318396],[104.114651,21.317909],[104.112477,21.326627],[104.109986,21.328564],[104.106694,21.326123],[104.104997,21.322033],[104.100407,21.320954],[104.090174,21.326006],[104.086821,21.329827],[104.086383,21.332901],[104.073739,21.344623],[104.068304,21.356306],[104.063105,21.361066],[104.060674,21.365876],[104.052441,21.372331],[104.053864,21.37432],[104.05321,21.377908],[104.047064,21.381461],[104.0447,21.375959],[104.037237,21.374591],[104.036338,21.376265],[104.029793,21.373491],[104.023833,21.367238],[104.017353,21.36576],[104.012664,21.355132],[104.000882,21.356183],[103.999497,21.365626],[103.994289,21.367603],[103.986486,21.365286],[103.983794,21.370466],[103.980785,21.37271],[103.983613,21.375096],[103.981173,21.380086],[103.982054,21.381315],[103.976697,21.382515],[103.977507,21.385392],[103.974945,21.391291],[103.975659,21.393753],[103.973612,21.396102],[103.974499,21.39862],[103.971576,21.404893],[103.963231,21.403985],[103.956527,21.406223],[103.955513,21.40844],[103.959518,21.412239],[103.957165,21.416363],[103.950373,21.415325],[103.938363,21.420911],[103.934206,21.425752],[103.931749,21.425254],[103.940837,21.438052],[103.946505,21.441567],[103.944589,21.445572],[103.947031,21.447056],[103.947655,21.448584],[103.946209,21.449353],[103.951483,21.456582],[103.954217,21.45582],[103.961102,21.462594],[103.963119,21.462868],[103.964444,21.465974],[103.971395,21.465155],[103.97173,21.467026],[103.978474,21.471824],[103.977538,21.47448],[103.982334,21.474144],[103.984885,21.476927],[103.98311,21.483343],[103.985326,21.487164],[103.989816,21.489117],[103.998808,21.489333],[104.004353,21.494209],[104.006349,21.49279],[104.008713,21.494367],[104.013625,21.491437],[104.015803,21.491798],[104.021319,21.48598],[104.023281,21.487085],[104.027738,21.478875],[104.033136,21.474473],[104.036621,21.465805],[104.043915,21.462599],[104.053161,21.452407],[104.060062,21.447821],[104.071605,21.455668],[104.07425,21.463105],[104.077358,21.463722],[104.085644,21.464273],[104.089752,21.461103],[104.092374,21.455082],[104.095561,21.453201],[104.100123,21.454748],[104.111538,21.453851]]]}},{"type":"Feature","properties":{"code":"04117","name":"Xã Mường Chanh","type":"Xã"},"geometry":{"type":"Polygon","coordinates":[[[103.838547,21.274835],[103.843757,21.27588],[103.84633,21.272958],[103.853624,21.271531],[103.856916,21.264333],[103.864674,21.256205],[103.869595,21.255217],[103.871973,21.250883],[103.878434,21.249233],[103.88063,21.245328],[103.885779,21.24605],[103.889601,21.248586],[103.899276,21.248342],[103.920929,21.226374],[103.939659,21.212888],[103.940249,21.207559],[103.943976,21.20412],[103.937652,21.197355],[103.935392,21.192572],[103.932997,21.191574],[103.931678,21.187538],[103.921554,21.182233],[103.921496,21.17836],[103.918019,21.177288],[103.912977,21.170856],[103.908601,21.16881],[103.90318,21.169269],[103.897789,21.163318],[103.892503,21.167007],[103.887396,21.165759],[103.883209,21.167171],[103.876515,21.1644],[103.869649,21.164801],[103.859007,21.173824],[103.853656,21.174446],[103.842109,21.181023],[103.839479,21.185989],[103.823062,21.200374],[103.814861,21.201916],[103.817563,21.212598],[103.820925,21.215359],[103.818279,21.219348],[103.820192,21.226241],[103.816498,21.236513],[103.817736,21.244409],[103.814601,21.252956],[103.825457,21.260016],[103.830758,21.265417],[103.832961,21.268277],[103.83245,21.271708],[103.835023,21.276267],[103.838547,21.274835]]]}},{"type":"Feature","properties":{"code":"03688","name":"Xã Mường Chiên","type":"Xã"},"geometry":{"type":"Polygon","coordinates":[[[103.544326,22.030504],[103.547367,22.029694],[103.549047,22.025343],[103.552973,22.022988],[103.561393,22.023583],[103.568013,22.02146],[103.569202,22.019292],[103.577409,22.018777],[103.597502,22.01175],[103.606278,22.013227],[103.610218,22.010385],[103.610316,22.006486],[103.616056,21.999444],[103.62592,21.995605],[103.634224,21.989271],[103.645533,21.994716],[103.652062,21.993397],[103.651689,21.984682],[103.658095,21.981118],[103.661047,21.972871],[103.658773,21.966326],[103.664716,21.955602],[103.665124,21.95093],[103.672192,21.946455],[103.683351,21.944175],[103.689061,21.940748],[103.690046,21.93235],[103.682536,21.920504],[103.686903,21.919942],[103.690462,21.913444],[103.698842,21.911569],[103.703764,21.906872],[103.703519,21.903914],[103.706399,21.901454],[103.70504,21.898692],[103.706293,21.895475],[103.704403,21.893266],[103.704809,21.884211],[103.711687,21.884292],[103.714932,21.886002],[103.714233,21.882166],[103.716401,21.879412],[103.722584,21.8801],[103.721015,21.869989],[103.715668,21.861814],[103.712275,21.860599],[103.709133,21.855884],[103.70567,21.842969],[103.696204,21.837975],[103.696668,21.834449],[103.694313,21.830943],[103.694726,21.828963],[103.686409,21.828295],[103.679015,21.824684],[103.672316,21.828279],[103.648225,21.832478],[103.644235,21.828682],[103.637639,21.828058],[103.631712,21.82235],[103.62039,21.829256],[103.611464,21.830123],[103.607141,21.827783],[103.603564,21.828969],[103.597149,21.828169],[103.594001,21.825037],[103.589841,21.825533],[103.582234,21.82331],[103.555311,21.807442],[103.549932,21.809394],[103.541393,21.807914],[103.538958,21.812645],[103.536004,21.814169],[103.539761,21.817264],[103.541904,21.823025],[103.535694,21.83201],[103.532161,21.831395],[103.528024,21.834871],[103.529752,21.839263],[103.529175,21.842503],[103.522606,21.854785],[103.522254,21.861859],[103.511188,21.867522],[103.508107,21.873564],[103.492416,21.875229],[103.49527,21.879669],[103.488471,21.884147],[103.490611,21.88982],[103.48722,21.891583],[103.484449,21.896862],[103.487997,21.903952],[103.484059,21.907039],[103.480462,21.907579],[103.481989,21.912601],[103.479221,21.915333],[103.481018,21.916989],[103.49162,21.910331],[103.493927,21.911915],[103.497047,21.910683],[103.497454,21.90812],[103.503111,21.904101],[103.506958,21.906653],[103.508683,21.911063],[103.521842,21.913677],[103.518425,21.917981],[103.518725,21.921796],[103.516309,21.923102],[103.516359,21.925471],[103.498176,21.949056],[103.503795,21.954273],[103.509286,21.956308],[103.497689,21.971207],[103.497953,21.97407],[103.50151,21.980603],[103.508413,21.98308],[103.510373,21.988264],[103.513624,21.990594],[103.511551,21.997569],[103.514347,22.002307],[103.514125,22.006051],[103.510911,22.010128],[103.516599,22.013078],[103.525047,22.024571],[103.528303,22.024095],[103.544326,22.030504]]]}},{"type":"Feature","properties":{"code":"03907","name":"Xã Mường Cơi","type":"Xã"},"geometry":{"type":"Polygon","coordinates":[[[104.706786,21.403988],[104.7102,21.399703],[104.724684,21.40069],[104.728864,21.404498],[104.731373,21.40397],[104.733588,21.406433],[104.73491,21.405508],[104.732663,21.391325],[104.734503,21.382237],[104.743627,21.368806],[104.747948,21.367754],[104.749105,21.363387],[104.747129,21.359813],[104.748638,21.352542],[104.751358,21.351468],[104.757282,21.352688],[104.756338,21.349936],[104.759085,21.345379],[104.768907,21.344311],[104.767845,21.340702],[104.768905,21.330074],[104.779113,21.32594],[104.788117,21.329506],[104.789838,21.333105],[104.794778,21.335141],[104.802087,21.330792],[104.807824,21.333627],[104.813944,21.332604],[104.817009,21.32356],[104.82376,21.318047],[104.843067,21.310579],[104.840949,21.289697],[104.841864,21.282463],[104.840035,21.280599],[104.840401,21.278381],[104.838132,21.277608],[104.838277,21.274782],[104.836779,21.275286],[104.836303,21.27204],[104.834908,21.27366],[104.832783,21.270646],[104.832132,21.271929],[104.827962,21.272054],[104.819259,21.262389],[104.811642,21.259687],[104.809074,21.25946],[104.805192,21.262239],[104.797881,21.258843],[104.788241,21.263018],[104.752197,21.258246],[104.74662,21.253523],[104.74572,21.250042],[104.749158,21.244943],[104.747707,21.242726],[104.748119,21.237602],[104.750047,21.236711],[104.73704,21.234782],[104.728827,21.230515],[104.718384,21.230734],[104.716984,21.228637],[104.71685,21.219575],[104.711191,21.215801],[104.710794,21.213019],[104.704543,21.206429],[104.698881,21.210605],[104.698243,21.215546],[104.703681,21.23075],[104.702209,21.242995],[104.71126,21.247776],[104.71653,21.257286],[104.721395,21.261767],[104.725553,21.26872],[104.722173,21.2717],[104.717366,21.272043],[104.708413,21.285699],[104.704718,21.285866],[104.701358,21.288572],[104.695334,21.287302],[104.68786,21.292025],[104.684868,21.297295],[104.686506,21.300709],[104.68463,21.302748],[104.685033,21.307876],[104.680868,21.311112],[104.680216,21.318113],[104.683891,21.32469],[104.68363,21.327384],[104.674877,21.32661],[104.674236,21.329809],[104.666822,21.334645],[104.663897,21.331699],[104.65905,21.333488],[104.660077,21.340414],[104.656967,21.344894],[104.657705,21.350054],[104.655994,21.351782],[104.650231,21.351755],[104.652036,21.355731],[104.648297,21.356359],[104.649133,21.35865],[104.644975,21.363028],[104.646011,21.366163],[104.644416,21.367171],[104.643088,21.373913],[104.64735,21.378092],[104.648292,21.383363],[104.654915,21.38331],[104.666846,21.379022],[104.670465,21.376082],[104.678502,21.375218],[104.685034,21.376691],[104.688988,21.384583],[104.687592,21.39439],[104.689816,21.400849],[104.697323,21.400177],[104.70222,21.406567],[104.706786,21.403988]]]}},{"type":"Feature","properties":{"code":"03694","name":"Xã Mường Giôn","type":"Xã"},"geometry":{"type":"Polygon","coordinates":[[[103.650145,21.832528],[103.653072,21.83086],[103.672316,21.828279],[103.679015,21.824684],[103.686409,21.828295],[103.694726,21.828963],[103.697492,21.823834],[103.71081,21.82174],[103.713456,21.819402],[103.71534,21.812719],[103.718468,21.811747],[103.718889,21.810119],[103.722483,21.81045],[103.724082,21.806284],[103.730772,21.809037],[103.738745,21.809938],[103.742282,21.810078],[103.744455,21.808146],[103.754482,21.811023],[103.759232,21.808911],[103.758299,21.801578],[103.753211,21.788917],[103.754336,21.779353],[103.757878,21.777811],[103.762476,21.781439],[103.769357,21.778251],[103.77842,21.779613],[103.77854,21.773561],[103.78131,21.773162],[103.78309,21.767503],[103.781554,21.763594],[103.788746,21.764294],[103.791095,21.75996],[103.796878,21.757153],[103.794546,21.752744],[103.799955,21.751492],[103.800912,21.746822],[103.80428,21.742921],[103.803944,21.739432],[103.806741,21.739851],[103.806822,21.736988],[103.809919,21.734287],[103.809975,21.730709],[103.805598,21.720832],[103.793238,21.710154],[103.78547,21.698892],[103.779178,21.693009],[103.757246,21.681959],[103.754981,21.674589],[103.755235,21.668552],[103.753517,21.666448],[103.749685,21.665916],[103.743656,21.669284],[103.737733,21.677146],[103.741259,21.682826],[103.737891,21.68647],[103.732239,21.689059],[103.730711,21.69242],[103.724507,21.696622],[103.715717,21.695961],[103.703261,21.699328],[103.700216,21.703364],[103.694787,21.704941],[103.691078,21.71172],[103.688504,21.712059],[103.687946,21.717196],[103.681864,21.716604],[103.678688,21.718807],[103.674099,21.719329],[103.666129,21.713162],[103.666574,21.70955],[103.664235,21.704891],[103.660494,21.704753],[103.65782,21.707686],[103.654541,21.708218],[103.642901,21.70378],[103.628609,21.723435],[103.624231,21.733942],[103.615462,21.742466],[103.585729,21.733387],[103.582331,21.731126],[103.581795,21.726339],[103.577329,21.723859],[103.574833,21.729183],[103.574894,21.733012],[103.571612,21.737087],[103.573706,21.738776],[103.561677,21.748569],[103.558221,21.762712],[103.541284,21.776113],[103.541535,21.779543],[103.546715,21.779966],[103.551938,21.783204],[103.550584,21.788918],[103.553153,21.792779],[103.551593,21.794865],[103.546818,21.796527],[103.546628,21.80096],[103.541393,21.807914],[103.549932,21.809394],[103.555889,21.807624],[103.569649,21.815388],[103.570551,21.817503],[103.574107,21.817606],[103.576445,21.820885],[103.589841,21.825533],[103.594001,21.825037],[103.597149,21.828169],[103.603564,21.828969],[103.607141,21.827783],[103.611589,21.830131],[103.620236,21.829297],[103.631712,21.82235],[103.637639,21.828058],[103.641942,21.827826],[103.650145,21.832528]]]}},{"type":"Feature","properties":{"code":"04219","name":"Xã Mường Hung","type":"Xã"},"geometry":{"type":"Polygon","coordinates":[[[103.887297,21.063114],[103.892124,21.057673],[103.888411,21.055787],[103.897074,21.053052],[103.90237,21.048905],[103.905132,21.05252],[103.912126,21.045971],[103.919656,21.044194],[103.920878,21.041415],[103.923811,21.039959],[103.926333,21.041898],[103.935264,21.04208],[103.948169,21.051435],[103.959731,21.049479],[103.966512,21.04564],[103.964834,21.040493],[103.96661,21.033619],[103.961388,21.017909],[103.961264,21.011889],[103.949248,21.002889],[103.953932,20.999155],[103.955691,20.987995],[103.959335,20.980673],[103.959132,20.976515],[103.953727,20.969961],[103.94733,20.972396],[103.943253,20.965676],[103.938544,20.962394],[103.937113,20.955603],[103.928042,20.953929],[103.927291,20.947848],[103.921942,20.939643],[103.91767,20.943841],[103.914682,20.944126],[103.909483,20.935633],[103.903339,20.933799],[103.894929,20.927898],[103.895327,20.923666],[103.898533,20.919544],[103.896249,20.907016],[103.887772,20.899518],[103.881643,20.898444],[103.878072,20.890408],[103.872542,20.887634],[103.867565,20.879968],[103.857559,20.872807],[103.856656,20.869163],[103.852265,20.86594],[103.850103,20.861283],[103.839946,20.863241],[103.836249,20.86849],[103.83018,20.872667],[103.821925,20.871516],[103.815017,20.864706],[103.803918,20.866791],[103.798873,20.873066],[103.801155,20.884941],[103.797967,20.886721],[103.791481,20.896347],[103.786929,20.899927],[103.785024,20.904861],[103.788256,20.909635],[103.787442,20.913554],[103.789167,20.920071],[103.798478,20.923566],[103.801616,20.92266],[103.806493,20.924038],[103.807252,20.927497],[103.805916,20.928802],[103.807714,20.934279],[103.81329,20.937051],[103.812844,20.940445],[103.809573,20.944594],[103.812723,20.947285],[103.817032,20.955485],[103.813725,20.960174],[103.814828,20.963953],[103.81113,20.969129],[103.812967,20.973581],[103.81787,20.974541],[103.816519,20.978242],[103.819948,20.978554],[103.818112,20.981018],[103.815594,20.979536],[103.816155,20.984392],[103.819738,20.988622],[103.822802,20.989273],[103.830206,20.994983],[103.833029,20.994156],[103.835871,20.995555],[103.843089,21.000898],[103.841883,21.007796],[103.843725,21.014711],[103.843187,21.021267],[103.844871,21.023915],[103.849441,21.026269],[103.854627,21.024044],[103.858379,21.02764],[103.858212,21.036844],[103.861541,21.039969],[103.864047,21.04867],[103.861657,21.057351],[103.868359,21.060084],[103.873776,21.058602],[103.887297,21.063114]]]}},{"type":"Feature","properties":{"code":"03757","name":"Xã Mường Khiêng","type":"Xã"},"geometry":{"type":"Polygon","coordinates":[[[103.8322,21.55051],[103.856868,21.540988],[103.874858,21.547247],[103.890278,21.545952],[103.904331,21.540731],[103.916829,21.533331],[103.928304,21.530429],[103.934166,21.520069],[103.938152,21.519987],[103.945862,21.523331],[103.961115,21.521866],[103.96601,21.518379],[103.973985,21.506588],[103.974559,21.503237],[103.968015,21.499037],[103.96879,21.493946],[103.975521,21.489023],[103.979669,21.490976],[103.984768,21.490797],[103.985326,21.487164],[103.98311,21.483343],[103.984785,21.476686],[103.981894,21.473903],[103.977538,21.47448],[103.978474,21.471824],[103.97173,21.467026],[103.971395,21.465155],[103.964444,21.465974],[103.963119,21.462868],[103.961102,21.462594],[103.954217,21.45582],[103.951483,21.456582],[103.946209,21.449353],[103.947655,21.448584],[103.947031,21.447056],[103.944589,21.445572],[103.946505,21.441567],[103.940837,21.438052],[103.931705,21.425655],[103.929962,21.427079],[103.922245,21.426996],[103.917739,21.425346],[103.912864,21.427625],[103.906562,21.425202],[103.904653,21.426015],[103.904788,21.429861],[103.901749,21.432681],[103.897361,21.431673],[103.887195,21.434397],[103.877502,21.433519],[103.88007,21.441137],[103.873717,21.4399],[103.860457,21.442799],[103.854507,21.437087],[103.853954,21.438326],[103.844173,21.435586],[103.842608,21.432987],[103.838362,21.431242],[103.834779,21.425924],[103.830621,21.426522],[103.827965,21.422999],[103.814783,21.428701],[103.80981,21.433377],[103.806094,21.43381],[103.807063,21.441383],[103.796575,21.44535],[103.793622,21.452161],[103.795753,21.463315],[103.804269,21.47346],[103.803891,21.475752],[103.811083,21.480755],[103.805086,21.484985],[103.807629,21.486851],[103.804014,21.491643],[103.794995,21.496993],[103.793585,21.500291],[103.799086,21.504079],[103.800338,21.506815],[103.793572,21.512076],[103.79326,21.513945],[103.800947,21.525324],[103.795524,21.527884],[103.799768,21.537609],[103.798354,21.540696],[103.799287,21.542648],[103.811082,21.549745],[103.816952,21.550725],[103.820833,21.556751],[103.8322,21.55051]]]}},{"type":"Feature","properties":{"code":"03808","name":"Xã Mường La","type":"Xã"},"geometry":{"type":"Polygon","coordinates":[[[103.961762,21.619572],[103.965938,21.605276],[103.967942,21.601511],[103.971076,21.599645],[103.971084,21.595218],[103.973284,21.594544],[103.979108,21.586139],[103.981852,21.585258],[103.9873,21.574397],[103.990613,21.572998],[103.990851,21.570759],[103.993538,21.570295],[103.996523,21.574135],[104.001888,21.573654],[104.005692,21.575497],[104.018924,21.571479],[104.02259,21.578003],[104.031237,21.57163],[104.034544,21.57575],[104.039086,21.575566],[104.040182,21.579079],[104.046352,21.582868],[104.040753,21.586673],[104.037515,21.591125],[104.029846,21.591468],[104.020161,21.594401],[104.016712,21.6022],[104.024271,21.6058],[104.025651,21.609994],[104.031673,21.608319],[104.0431,21.609911],[104.044433,21.610234],[104.041838,21.611649],[104.041603,21.614616],[104.051078,21.615781],[104.052681,21.613929],[104.060127,21.612798],[104.073021,21.614894],[104.078744,21.612546],[104.08968,21.613311],[104.105313,21.607627],[104.106454,21.603861],[104.113493,21.59988],[104.118188,21.593583],[104.120969,21.584302],[104.130185,21.588921],[104.138328,21.585734],[104.153935,21.585771],[104.162589,21.582665],[104.167784,21.584043],[104.171921,21.580678],[104.173741,21.574342],[104.178982,21.57062],[104.183949,21.56294],[104.190994,21.558752],[104.190823,21.555214],[104.193524,21.550567],[104.191656,21.549862],[104.186075,21.533173],[104.172272,21.523861],[104.169149,21.513003],[104.165709,21.510096],[104.158681,21.510421],[104.152947,21.508079],[104.139909,21.499163],[104.140943,21.492369],[104.139428,21.490051],[104.143352,21.478684],[104.133813,21.472252],[104.121924,21.469761],[104.119216,21.465464],[104.121019,21.458164],[104.116637,21.456185],[104.114786,21.457176],[104.111538,21.453851],[104.100123,21.454748],[104.095561,21.453201],[104.092374,21.455082],[104.089752,21.461103],[104.085644,21.464273],[104.077358,21.463722],[104.07425,21.463105],[104.071605,21.455668],[104.060062,21.447821],[104.053161,21.452407],[104.043915,21.462599],[104.036621,21.465805],[104.033982,21.473117],[104.027738,21.478875],[104.024818,21.485281],[104.023281,21.487085],[104.021319,21.48598],[104.015803,21.491798],[104.013625,21.491437],[104.008713,21.494367],[104.006349,21.49279],[104.004506,21.494221],[103.998808,21.489333],[103.995612,21.48866],[103.989816,21.489117],[103.985326,21.487164],[103.984768,21.490797],[103.979669,21.490976],[103.975521,21.489023],[103.96879,21.493946],[103.968015,21.499034],[103.974559,21.503237],[103.973195,21.508917],[103.963706,21.520497],[103.951202,21.523447],[103.944124,21.523077],[103.938152,21.519987],[103.934166,21.520069],[103.927573,21.530855],[103.916829,21.533331],[103.906356,21.539766],[103.891963,21.545474],[103.884881,21.546393],[103.885356,21.549119],[103.888428,21.551681],[103.894516,21.551611],[103.900485,21.55494],[103.889203,21.570664],[103.889061,21.572888],[103.892565,21.574816],[103.893864,21.578835],[103.899954,21.579618],[103.901673,21.582119],[103.907317,21.583257],[103.908509,21.582236],[103.910935,21.590564],[103.914757,21.593256],[103.916975,21.60183],[103.925867,21.598686],[103.945497,21.602486],[103.943988,21.608995],[103.948304,21.606751],[103.951961,21.614949],[103.957422,21.618118],[103.961762,21.619572]]]}},{"type":"Feature","properties":{"code":"04240","name":"Xã Mường Lèo","type":"Xã"},"geometry":{"type":"Polygon","coordinates":[[[103.349185,21.015957],[103.353153,21.014244],[103.35642,21.009695],[103.356153,21.004636],[103.361714,20.999389],[103.362444,20.996408],[103.369189,20.995416],[103.373818,20.992462],[103.379703,20.993037],[103.382465,20.989654],[103.389506,20.989798],[103.391293,20.988462],[103.392471,20.991804],[103.398902,20.990696],[103.402638,20.987679],[103.4068,20.992322],[103.407796,20.990211],[103.413177,20.98832],[103.416408,20.977853],[103.412668,20.972573],[103.418687,20.965102],[103.422226,20.957622],[103.415022,20.951509],[103.41594,20.941622],[103.419656,20.940435],[103.421995,20.937463],[103.424115,20.938492],[103.427653,20.935884],[103.429613,20.936428],[103.429594,20.933398],[103.433167,20.932117],[103.433763,20.92909],[103.442393,20.928747],[103.444779,20.930309],[103.450488,20.92897],[103.45253,20.922384],[103.455111,20.920792],[103.447686,20.917029],[103.445695,20.9136],[103.442672,20.913465],[103.439435,20.907355],[103.437407,20.906774],[103.436677,20.90403],[103.439498,20.902305],[103.437071,20.899813],[103.437908,20.89416],[103.428948,20.886659],[103.432529,20.881412],[103.432206,20.876289],[103.436569,20.874406],[103.438846,20.869586],[103.438897,20.866202],[103.435433,20.860841],[103.43758,20.859023],[103.437222,20.856988],[103.443987,20.854867],[103.444378,20.848093],[103.447045,20.843983],[103.449167,20.844406],[103.455731,20.839114],[103.455512,20.837381],[103.459367,20.83385],[103.459261,20.831403],[103.451843,20.819846],[103.446313,20.820439],[103.445662,20.817369],[103.44356,20.816019],[103.440117,20.80581],[103.442092,20.797493],[103.438501,20.797944],[103.43569,20.793473],[103.431219,20.797349],[103.426888,20.794855],[103.424157,20.795834],[103.421442,20.794261],[103.414565,20.797473],[103.409431,20.792974],[103.407362,20.786084],[103.398921,20.782346],[103.393849,20.786595],[103.388499,20.784483],[103.382009,20.785675],[103.379259,20.790587],[103.372576,20.794936],[103.37159,20.798783],[103.365736,20.803327],[103.365065,20.80632],[103.363045,20.807639],[103.358874,20.807497],[103.350985,20.802225],[103.3442,20.805956],[103.344491,20.807741],[103.341325,20.809592],[103.331295,20.812172],[103.319449,20.819722],[103.316124,20.819229],[103.309192,20.821563],[103.302845,20.819872],[103.297862,20.822421],[103.294852,20.822051],[103.29198,20.826154],[103.295097,20.831016],[103.295156,20.835247],[103.291748,20.834931],[103.289515,20.83796],[103.284603,20.838487],[103.283087,20.833567],[103.279508,20.833325],[103.278005,20.829993],[103.271975,20.829312],[103.264945,20.824717],[103.264201,20.822574],[103.256565,20.823477],[103.254028,20.82667],[103.248109,20.828836],[103.2468,20.831922],[103.242407,20.832781],[103.242717,20.834535],[103.236328,20.833035],[103.235198,20.835712],[103.231464,20.837633],[103.233905,20.840664],[103.226923,20.842738],[103.227156,20.848929],[103.22469,20.851036],[103.228527,20.856125],[103.22824,20.861993],[103.230349,20.862835],[103.234732,20.873338],[103.226575,20.879017],[103.225566,20.883098],[103.221943,20.886693],[103.212049,20.890256],[103.216805,20.895938],[103.221217,20.895006],[103.227706,20.89651],[103.231705,20.895552],[103.235866,20.887522],[103.243238,20.884805],[103.246392,20.886699],[103.248008,20.885905],[103.248431,20.887475],[103.253398,20.886715],[103.254338,20.888575],[103.257696,20.88679],[103.262008,20.887741],[103.267686,20.892668],[103.265882,20.895723],[103.263082,20.898341],[103.2592,20.896347],[103.255358,20.897042],[103.259015,20.897597],[103.268074,20.903162],[103.272739,20.902526],[103.27625,20.897546],[103.279093,20.897559],[103.281112,20.902552],[103.287249,20.905587],[103.288756,20.90885],[103.280235,20.919238],[103.276836,20.921329],[103.278113,20.924362],[103.274487,20.928387],[103.275138,20.938973],[103.280293,20.941959],[103.286012,20.948171],[103.29162,20.945225],[103.298143,20.947723],[103.295227,20.957849],[103.295938,20.96253],[103.2989,20.964563],[103.296373,20.968564],[103.298055,20.974976],[103.295241,20.985315],[103.28996,20.994578],[103.291334,20.998921],[103.298811,21.004747],[103.308561,21.004575],[103.317852,21.009079],[103.326129,21.010802],[103.336053,21.008901],[103.349185,21.015957]]]}},{"type":"Feature","properties":{"code":"04246","name":"Xã Mường Lạn","type":"Xã"},"geometry":{"type":"Polygon","coordinates":[[[103.709445,20.873673],[103.715158,20.868369],[103.721473,20.86703],[103.728942,20.861909],[103.733203,20.854616],[103.742256,20.850456],[103.745676,20.852062],[103.748085,20.857765],[103.752566,20.8589],[103.753374,20.853591],[103.758725,20.853382],[103.758426,20.851833],[103.763465,20.850471],[103.766703,20.850804],[103.77034,20.854351],[103.780907,20.855213],[103.785494,20.854533],[103.790242,20.850377],[103.796603,20.850046],[103.800755,20.846447],[103.80266,20.840991],[103.802107,20.836981],[103.804617,20.832269],[103.79974,20.823798],[103.796593,20.822897],[103.79012,20.815749],[103.775096,20.805177],[103.779615,20.796298],[103.776851,20.792865],[103.777615,20.790331],[103.779729,20.787785],[103.782023,20.787632],[103.782499,20.78444],[103.788425,20.778486],[103.784807,20.760832],[103.788593,20.753605],[103.791703,20.751748],[103.791976,20.749316],[103.78868,20.745924],[103.781736,20.744537],[103.771274,20.73562],[103.764888,20.738706],[103.756912,20.734194],[103.756035,20.735362],[103.752833,20.7325],[103.745175,20.734695],[103.739681,20.73526],[103.736985,20.733065],[103.732956,20.734655],[103.729566,20.728912],[103.731803,20.72315],[103.728259,20.722245],[103.736929,20.708332],[103.733833,20.701455],[103.736259,20.697383],[103.734499,20.69459],[103.741681,20.689726],[103.742388,20.685207],[103.746452,20.680233],[103.746213,20.67785],[103.741155,20.673847],[103.737966,20.674159],[103.737068,20.66864],[103.734645,20.66762],[103.724944,20.665384],[103.714213,20.668655],[103.709729,20.665689],[103.69533,20.661906],[103.684272,20.660907],[103.677385,20.666668],[103.675409,20.666661],[103.67323,20.669761],[103.675831,20.672617],[103.670656,20.677788],[103.673495,20.680681],[103.673802,20.683485],[103.670198,20.686146],[103.669815,20.69054],[103.668068,20.691941],[103.668413,20.69748],[103.666535,20.700729],[103.656128,20.6958],[103.650412,20.700956],[103.647569,20.700259],[103.647293,20.704071],[103.643539,20.705788],[103.642724,20.710342],[103.638045,20.713727],[103.639581,20.715943],[103.637412,20.717562],[103.638035,20.719625],[103.636423,20.721215],[103.631317,20.721087],[103.627774,20.724949],[103.625569,20.72469],[103.623417,20.726864],[103.621575,20.725913],[103.62172,20.727326],[103.61565,20.729237],[103.615204,20.731251],[103.608446,20.731279],[103.608198,20.737084],[103.607021,20.736593],[103.60327,20.742644],[103.599794,20.745141],[103.600433,20.747123],[103.606483,20.749369],[103.60595,20.755512],[103.609284,20.757828],[103.610556,20.76089],[103.624891,20.761767],[103.628161,20.763908],[103.631714,20.770669],[103.643149,20.773873],[103.644678,20.776784],[103.643486,20.779638],[103.645139,20.789687],[103.643586,20.792551],[103.644928,20.794368],[103.641116,20.799125],[103.644533,20.800929],[103.649549,20.799805],[103.654067,20.802285],[103.658573,20.811863],[103.666871,20.813405],[103.670746,20.816365],[103.674671,20.816754],[103.676482,20.815036],[103.681819,20.81773],[103.678552,20.825173],[103.681134,20.828643],[103.681164,20.837364],[103.682676,20.839575],[103.681205,20.841432],[103.681606,20.845534],[103.688144,20.854565],[103.693524,20.855019],[103.696489,20.858724],[103.701526,20.859187],[103.699348,20.864506],[103.702906,20.865881],[103.709445,20.873673]]]}},{"type":"Feature","properties":{"code":"04183","name":"Xã Mường Lầm","type":"Xã"},"geometry":{"type":"Polygon","coordinates":[[[103.58299,21.23346],[103.593977,21.226246],[103.593809,21.222766],[103.60286,21.223463],[103.606536,21.22061],[103.604872,21.215703],[103.60596,21.205075],[103.604062,21.203398],[103.602384,21.19725],[103.599178,21.194297],[103.599847,21.188831],[103.594449,21.183482],[103.580479,21.181436],[103.579373,21.17893],[103.574709,21.177227],[103.572889,21.173778],[103.570611,21.172962],[103.567644,21.164979],[103.563022,21.16066],[103.562316,21.156432],[103.555517,21.155901],[103.546723,21.150515],[103.544015,21.150747],[103.536944,21.146486],[103.534555,21.146996],[103.528308,21.139983],[103.523952,21.132014],[103.521607,21.130931],[103.514767,21.131767],[103.511023,21.129158],[103.510628,21.125695],[103.503074,21.121027],[103.501569,21.114729],[103.498224,21.112252],[103.497851,21.109016],[103.50001,21.10646],[103.497352,21.101609],[103.504464,21.089773],[103.504433,21.084871],[103.498057,21.080646],[103.501207,21.0775],[103.491821,21.067922],[103.482963,21.068518],[103.479053,21.063424],[103.467166,21.062881],[103.463751,21.054456],[103.46561,21.052914],[103.459481,21.046877],[103.452022,21.048709],[103.44488,21.046564],[103.433072,21.048128],[103.428888,21.054527],[103.431839,21.059649],[103.43584,21.061779],[103.423699,21.0673],[103.424401,21.070197],[103.421068,21.075216],[103.421366,21.081647],[103.415691,21.085783],[103.415358,21.088832],[103.413001,21.089027],[103.413971,21.090835],[103.412111,21.095652],[103.412604,21.100908],[103.404222,21.111513],[103.405765,21.121778],[103.407779,21.124791],[103.403545,21.136154],[103.404309,21.139032],[103.40155,21.140557],[103.399943,21.144801],[103.396677,21.145863],[103.397696,21.152286],[103.404313,21.154936],[103.407013,21.160809],[103.414628,21.166562],[103.418624,21.161386],[103.423943,21.159447],[103.434162,21.168068],[103.441199,21.16537],[103.451636,21.166721],[103.454506,21.172528],[103.457167,21.173382],[103.459977,21.171689],[103.460392,21.169442],[103.464374,21.168309],[103.469626,21.169803],[103.472846,21.166583],[103.479572,21.16365],[103.485163,21.164672],[103.489825,21.162887],[103.49631,21.165464],[103.498182,21.168662],[103.508969,21.173262],[103.514406,21.180297],[103.519175,21.181672],[103.529342,21.180345],[103.532943,21.18218],[103.536141,21.190355],[103.543727,21.192571],[103.546628,21.202066],[103.553895,21.212735],[103.56097,21.218553],[103.561639,21.223272],[103.569127,21.222859],[103.577001,21.216638],[103.586826,21.221357],[103.586294,21.223026],[103.588888,21.224792],[103.58299,21.23346]]]}},{"type":"Feature","properties":{"code":"03712","name":"Xã Mường Sại","type":"Xã"},"geometry":{"type":"Polygon","coordinates":[[[103.738018,21.651721],[103.766912,21.636797],[103.775086,21.621206],[103.777862,21.60787],[103.792259,21.595286],[103.802897,21.583093],[103.80582,21.572501],[103.809897,21.564829],[103.814534,21.560026],[103.820833,21.556751],[103.816952,21.550725],[103.811082,21.549745],[103.799287,21.542648],[103.798354,21.540696],[103.799768,21.537609],[103.797164,21.530775],[103.776428,21.544123],[103.768446,21.546684],[103.745887,21.543724],[103.742384,21.539398],[103.734695,21.542129],[103.726239,21.541164],[103.717764,21.5436],[103.71595,21.548597],[103.707212,21.557277],[103.706542,21.559423],[103.708341,21.563954],[103.703863,21.571843],[103.687801,21.584892],[103.685728,21.590986],[103.681964,21.593111],[103.682541,21.597155],[103.679941,21.601554],[103.680536,21.606577],[103.673661,21.61168],[103.672073,21.615493],[103.671144,21.622206],[103.672589,21.631131],[103.682072,21.632629],[103.68816,21.635767],[103.691383,21.633336],[103.694684,21.637829],[103.7052,21.64584],[103.70676,21.647869],[103.706763,21.651981],[103.709137,21.651445],[103.711904,21.654655],[103.706477,21.664675],[103.709506,21.666282],[103.719582,21.662917],[103.728949,21.654656],[103.738018,21.651721]]]}},{"type":"Feature","properties":{"code":"03727","name":"Xã Mường É","type":"Xã"},"geometry":{"type":"Polygon","coordinates":[[[103.528927,21.567519],[103.536575,21.565696],[103.538593,21.561391],[103.542411,21.561288],[103.546262,21.558636],[103.54965,21.553428],[103.557359,21.551712],[103.55859,21.549277],[103.562087,21.548939],[103.563518,21.545991],[103.566215,21.550123],[103.571432,21.550608],[103.576232,21.547258],[103.580692,21.547014],[103.584316,21.542121],[103.597393,21.541814],[103.60175,21.537583],[103.602858,21.533716],[103.611077,21.534409],[103.615285,21.526504],[103.609702,21.524819],[103.605691,21.521533],[103.60846,21.516007],[103.617791,21.508366],[103.620643,21.508619],[103.6296,21.499557],[103.634775,21.498532],[103.638821,21.494243],[103.642789,21.495028],[103.643653,21.486731],[103.644684,21.484333],[103.647584,21.48433],[103.64788,21.480873],[103.645801,21.480499],[103.640992,21.474619],[103.636183,21.47627],[103.631083,21.481055],[103.628605,21.480835],[103.627176,21.476552],[103.621246,21.469351],[103.620236,21.460708],[103.615344,21.455268],[103.610123,21.455566],[103.611461,21.45202],[103.602876,21.44564],[103.598948,21.436384],[103.594939,21.437948],[103.595405,21.439704],[103.583579,21.430468],[103.577068,21.43485],[103.569866,21.442763],[103.566164,21.443731],[103.566014,21.446087],[103.563057,21.44567],[103.560341,21.450295],[103.556604,21.450015],[103.55314,21.457921],[103.54666,21.463911],[103.541854,21.465886],[103.534465,21.465428],[103.524927,21.458204],[103.523307,21.454782],[103.520937,21.459797],[103.518301,21.459998],[103.51811,21.462609],[103.51361,21.462665],[103.515272,21.465689],[103.513477,21.466278],[103.514092,21.468434],[103.51158,21.469432],[103.512967,21.47167],[103.510027,21.473137],[103.511236,21.476208],[103.508017,21.480731],[103.505098,21.482108],[103.505123,21.484109],[103.49936,21.48225],[103.498419,21.486023],[103.495324,21.484021],[103.490555,21.484772],[103.488893,21.48359],[103.487515,21.485023],[103.491256,21.486326],[103.492084,21.489389],[103.491294,21.490841],[103.488916,21.49027],[103.488956,21.492152],[103.485935,21.492257],[103.485957,21.496138],[103.481343,21.4985],[103.482118,21.502667],[103.477778,21.505041],[103.479692,21.508818],[103.478514,21.516254],[103.472891,21.520019],[103.484262,21.520578],[103.488233,21.527394],[103.504332,21.53517],[103.507928,21.533381],[103.517149,21.533273],[103.517392,21.537118],[103.522139,21.543442],[103.522113,21.548189],[103.518165,21.559551],[103.519729,21.560978],[103.519476,21.564744],[103.521716,21.567131],[103.524002,21.564962],[103.528348,21.565682],[103.528927,21.567519]]]}},{"type":"Feature","properties":{"code":"03820","name":"Xã Ngọc Chiến","type":"Xã"},"geometry":{"type":"Polygon","coordinates":[[[104.276672,21.66181],[104.290269,21.659442],[104.29463,21.653428],[104.302391,21.652075],[104.308595,21.655709],[104.315079,21.656661],[104.322694,21.654135],[104.332812,21.654915],[104.338767,21.653413],[104.3403,21.642171],[104.336868,21.638635],[104.331137,21.637573],[104.32792,21.630106],[104.322092,21.627515],[104.318781,21.619248],[104.313885,21.615437],[104.309907,21.614664],[104.306035,21.607893],[104.303699,21.608575],[104.299522,21.604561],[104.290738,21.60266],[104.287631,21.600502],[104.287545,21.598614],[104.291534,21.595287],[104.296213,21.580989],[104.295234,21.578868],[104.298463,21.571777],[104.287985,21.568925],[104.286188,21.562962],[104.282109,21.559425],[104.282086,21.556683],[104.276863,21.550887],[104.264232,21.555743],[104.261117,21.560091],[104.256342,21.562708],[104.240721,21.565915],[104.229838,21.557699],[104.214761,21.554696],[104.209951,21.556863],[104.207462,21.553616],[104.200183,21.549768],[104.193524,21.550567],[104.190823,21.555214],[104.190994,21.558752],[104.183949,21.56294],[104.178982,21.57062],[104.173741,21.574342],[104.171921,21.580678],[104.167697,21.584095],[104.162589,21.582665],[104.153935,21.585771],[104.138328,21.585734],[104.130185,21.588921],[104.120969,21.584302],[104.118188,21.593583],[104.113493,21.59988],[104.106454,21.603861],[104.105313,21.607627],[104.089814,21.613288],[104.085142,21.613257],[104.084113,21.615338],[104.08838,21.635513],[104.094135,21.643451],[104.100894,21.647173],[104.107726,21.645172],[104.111938,21.647529],[104.115529,21.646371],[104.120081,21.649654],[104.126887,21.651495],[104.132009,21.650348],[104.13742,21.651925],[104.139156,21.654231],[104.145801,21.654915],[104.148638,21.648279],[104.151386,21.647031],[104.153126,21.64332],[104.163299,21.641556],[104.171767,21.638243],[104.172906,21.636017],[104.175714,21.641391],[104.174972,21.643219],[104.177444,21.643671],[104.174493,21.646568],[104.175069,21.647713],[104.196353,21.648082],[104.211019,21.664345],[104.211607,21.670546],[104.220487,21.673001],[104.221568,21.671489],[104.227078,21.670983],[104.231575,21.672918],[104.241177,21.669754],[104.244824,21.672248],[104.252945,21.671316],[104.255871,21.669648],[104.254979,21.665643],[104.260549,21.663125],[104.268281,21.662385],[104.274289,21.663798],[104.276672,21.66181]]]}},{"type":"Feature","properties":{"code":"03784","name":"Xã Nậm Lầu","type":"Xã"},"geometry":{"type":"Polygon","coordinates":[[[103.622164,21.411705],[103.625105,21.413092],[103.630038,21.419945],[103.6355,21.431777],[103.630294,21.444367],[103.638194,21.453909],[103.644321,21.45876],[103.650402,21.452464],[103.653329,21.451863],[103.65012,21.442886],[103.653617,21.442359],[103.657972,21.438944],[103.656718,21.434926],[103.658885,21.430907],[103.666436,21.43157],[103.66499,21.428058],[103.676598,21.41685],[103.674959,21.412452],[103.677393,21.414126],[103.683622,21.411558],[103.687225,21.4142],[103.693239,21.414565],[103.696152,21.413383],[103.696345,21.410202],[103.699327,21.408105],[103.702416,21.408419],[103.706895,21.405715],[103.710102,21.406973],[103.714812,21.406254],[103.721116,21.400903],[103.727428,21.39958],[103.728454,21.394582],[103.723098,21.386848],[103.726777,21.385115],[103.728354,21.382475],[103.727927,21.377841],[103.730485,21.372863],[103.739764,21.364672],[103.750287,21.358418],[103.751794,21.354688],[103.76218,21.345939],[103.764269,21.34243],[103.776707,21.339016],[103.775788,21.336673],[103.780318,21.332774],[103.779108,21.329969],[103.772111,21.327405],[103.770781,21.323482],[103.774227,21.319839],[103.780539,21.317218],[103.78308,21.313584],[103.786016,21.314094],[103.785752,21.309841],[103.78834,21.305534],[103.787511,21.300175],[103.786065,21.299218],[103.786888,21.295375],[103.784837,21.292185],[103.781822,21.290886],[103.774055,21.296189],[103.769907,21.296957],[103.763976,21.29483],[103.760536,21.290793],[103.761652,21.285882],[103.758707,21.282019],[103.758961,21.273356],[103.754356,21.270359],[103.755231,21.266693],[103.753274,21.261121],[103.748421,21.258439],[103.740573,21.263186],[103.731444,21.26505],[103.72632,21.264391],[103.716843,21.257889],[103.710886,21.260964],[103.708336,21.259432],[103.693484,21.259581],[103.684135,21.262654],[103.678995,21.262019],[103.672702,21.266485],[103.662428,21.267914],[103.65577,21.281856],[103.640423,21.289985],[103.637109,21.289694],[103.628185,21.296365],[103.627649,21.301868],[103.62921,21.303429],[103.629614,21.308964],[103.627832,21.312414],[103.6231,21.315641],[103.626116,21.317146],[103.623059,21.327791],[103.627138,21.331011],[103.629228,21.335092],[103.624295,21.33639],[103.620977,21.339716],[103.607444,21.340431],[103.596192,21.347315],[103.593877,21.35397],[103.596011,21.35454],[103.600598,21.361288],[103.607492,21.366669],[103.604623,21.370664],[103.595666,21.376743],[103.59723,21.384151],[103.59319,21.392043],[103.593335,21.394984],[103.599926,21.40009],[103.619724,21.406349],[103.622164,21.411705]]]}},{"type":"Feature","properties":{"code":"04186","name":"Xã Nậm Ty","type":"Xã"},"geometry":{"type":"Polygon","coordinates":[[[103.591302,21.31208],[103.599231,21.310975],[103.608389,21.301069],[103.615337,21.301026],[103.623869,21.295586],[103.629021,21.29647],[103.637109,21.289694],[103.640423,21.289985],[103.65577,21.281856],[103.662428,21.267914],[103.672702,21.266485],[103.678536,21.262148],[103.684135,21.262654],[103.698835,21.259216],[103.704609,21.260437],[103.708336,21.259432],[103.711075,21.260945],[103.716843,21.257889],[103.72632,21.264391],[103.731444,21.26505],[103.740573,21.263186],[103.74716,21.258623],[103.746936,21.255795],[103.744039,21.25594],[103.744016,21.253429],[103.737779,21.249209],[103.736511,21.239862],[103.73405,21.235517],[103.720524,21.227997],[103.718965,21.223932],[103.719859,21.219156],[103.716757,21.211785],[103.717668,21.210366],[103.711881,21.204645],[103.706912,21.20314],[103.706167,21.200861],[103.704262,21.201771],[103.698065,21.196762],[103.696687,21.194456],[103.69813,21.188861],[103.696551,21.184587],[103.701434,21.180551],[103.706378,21.180112],[103.708331,21.181417],[103.714579,21.17582],[103.720842,21.174281],[103.741504,21.162776],[103.747876,21.156745],[103.751448,21.148805],[103.751228,21.144844],[103.755556,21.141208],[103.755141,21.13908],[103.74995,21.139509],[103.74861,21.142016],[103.744339,21.141786],[103.740859,21.143986],[103.738603,21.141385],[103.733696,21.139495],[103.730846,21.13466],[103.718252,21.135567],[103.699863,21.145147],[103.69464,21.146391],[103.688388,21.151892],[103.676151,21.151218],[103.667636,21.153026],[103.658847,21.157059],[103.649655,21.15834],[103.643777,21.154566],[103.638661,21.156301],[103.639127,21.158111],[103.636429,21.162967],[103.627858,21.169985],[103.611442,21.175976],[103.607526,21.185167],[103.601394,21.187303],[103.598783,21.192353],[103.60596,21.205075],[103.604872,21.215703],[103.606536,21.22061],[103.60286,21.223463],[103.593809,21.222766],[103.593977,21.226246],[103.58299,21.23346],[103.582283,21.242027],[103.572147,21.243243],[103.570276,21.246942],[103.564264,21.25079],[103.561814,21.254707],[103.556229,21.256509],[103.558257,21.261295],[103.553805,21.263057],[103.560137,21.270193],[103.560663,21.274273],[103.549232,21.285438],[103.546549,21.285823],[103.553263,21.292204],[103.562146,21.286003],[103.563729,21.281517],[103.565756,21.282489],[103.572528,21.281371],[103.57772,21.29105],[103.58145,21.289033],[103.582731,21.298197],[103.588498,21.300197],[103.591172,21.304766],[103.591302,21.31208]]]}},{"type":"Feature","properties":{"code":"04144","name":"Xã Phiêng Cằm","type":"Xã"},"geometry":{"type":"Polygon","coordinates":[[[103.744957,21.255968],[103.746936,21.255795],[103.746038,21.250459],[103.749903,21.239739],[103.758871,21.236738],[103.763303,21.232392],[103.768063,21.230692],[103.773803,21.216738],[103.772915,21.213742],[103.776858,21.210834],[103.786912,21.215244],[103.793284,21.214754],[103.812448,21.201959],[103.82242,21.200748],[103.839479,21.185989],[103.842109,21.181023],[103.853656,21.174446],[103.859007,21.173824],[103.869649,21.164801],[103.876881,21.164459],[103.883294,21.16718],[103.887396,21.165759],[103.892686,21.166995],[103.896184,21.163562],[103.899369,21.165044],[103.905083,21.162161],[103.913412,21.161379],[103.918953,21.157664],[103.921078,21.154153],[103.923635,21.141417],[103.932175,21.141363],[103.936508,21.137612],[103.942566,21.136455],[103.948435,21.136412],[103.951299,21.138729],[103.959912,21.138736],[103.961594,21.136367],[103.967263,21.134287],[103.97156,21.126254],[103.971727,21.12113],[103.975695,21.120066],[103.979805,21.122631],[103.988734,21.119294],[103.987172,21.116179],[103.989232,21.114279],[103.985064,21.105338],[103.986581,21.100796],[103.980676,21.100974],[103.977694,21.097135],[103.974708,21.096633],[103.969944,21.092306],[103.963945,21.093265],[103.953447,21.085141],[103.935501,21.089263],[103.927017,21.088624],[103.918489,21.090605],[103.915006,21.084714],[103.90794,21.080118],[103.911469,21.07118],[103.907724,21.067216],[103.906861,21.063097],[103.908882,21.058649],[103.90308,21.048891],[103.896952,21.053112],[103.888411,21.055787],[103.892124,21.057673],[103.889164,21.059406],[103.887297,21.063114],[103.873776,21.058602],[103.868359,21.060084],[103.860749,21.056689],[103.856365,21.059189],[103.853817,21.063194],[103.846508,21.063005],[103.84286,21.067333],[103.838683,21.06851],[103.835681,21.074116],[103.834644,21.072221],[103.829724,21.070302],[103.813656,21.075151],[103.809704,21.074158],[103.801129,21.082001],[103.800567,21.087975],[103.802394,21.089342],[103.800501,21.094179],[103.797218,21.096778],[103.793049,21.094259],[103.793294,21.09574],[103.790182,21.097279],[103.782182,21.106842],[103.774684,21.111589],[103.773277,21.121189],[103.770469,21.124702],[103.770428,21.127201],[103.75467,21.135717],[103.755556,21.141208],[103.751228,21.144844],[103.751448,21.148805],[103.747118,21.157979],[103.736097,21.166753],[103.720842,21.174281],[103.714579,21.17582],[103.708331,21.181417],[103.706378,21.180112],[103.701434,21.180551],[103.69657,21.184481],[103.69813,21.188861],[103.696687,21.194456],[103.698065,21.196762],[103.704262,21.201771],[103.706167,21.200861],[103.706912,21.20314],[103.711881,21.204645],[103.717668,21.210366],[103.716757,21.211785],[103.719859,21.219156],[103.718965,21.223932],[103.720384,21.227765],[103.73405,21.235517],[103.736511,21.239862],[103.737779,21.249209],[103.743802,21.253199],[103.744957,21.255968]]]}},{"type":"Feature","properties":{"code":"04099","name":"Xã Phiêng Khoài","type":"Xã"},"geometry":{"type":"Polygon","coordinates":[[[104.250317,21.01507],[104.258148,21.007977],[104.266031,21.007038],[104.266164,21.005408],[104.270409,21.003176],[104.270824,21.00011],[104.275541,20.99835],[104.272608,20.997374],[104.271645,20.995156],[104.28818,20.992299],[104.288092,20.99054],[104.299389,20.984119],[104.315612,20.97655],[104.324603,20.974869],[104.33097,20.970759],[104.329796,20.967224],[104.333138,20.962923],[104.339193,20.96399],[104.343417,20.958992],[104.349337,20.955736],[104.357144,20.959914],[104.367148,20.953737],[104.362671,20.949184],[104.362865,20.94681],[104.352458,20.936217],[104.351905,20.929337],[104.336096,20.932566],[104.336585,20.927162],[104.331771,20.923021],[104.325196,20.924153],[104.320355,20.919646],[104.317366,20.909613],[104.315201,20.908553],[104.314667,20.905145],[104.312574,20.903582],[104.307972,20.90638],[104.305124,20.906078],[104.30279,20.908983],[104.295706,20.908754],[104.294199,20.91233],[104.291901,20.912573],[104.294385,20.915749],[104.2926,20.921797],[104.290657,20.923437],[104.287146,20.92279],[104.283545,20.924972],[104.283133,20.927021],[104.279248,20.926948],[104.274084,20.920981],[104.270573,20.921885],[104.261603,20.917629],[104.260779,20.912713],[104.259435,20.912375],[104.263467,20.90807],[104.258527,20.903346],[104.257316,20.898537],[104.24674,20.902979],[104.241759,20.909205],[104.239832,20.908342],[104.237331,20.913322],[104.239394,20.917464],[104.235277,20.918572],[104.239988,20.92206],[104.241841,20.93133],[104.240084,20.933394],[104.230025,20.934225],[104.227813,20.942804],[104.232317,20.947324],[104.235285,20.954672],[104.239724,20.958532],[104.241011,20.96314],[104.225018,20.959979],[104.220686,20.960679],[104.21821,20.961947],[104.214433,20.969213],[104.212842,20.977407],[104.216542,20.988494],[104.2186,20.990633],[104.220757,20.989774],[104.221378,20.993766],[104.223213,20.995281],[104.234116,20.998108],[104.239156,20.997439],[104.240163,21.000198],[104.244379,20.998794],[104.248149,20.999626],[104.246988,21.002224],[104.249499,21.010086],[104.248813,21.012517],[104.250317,21.01507]]]}},{"type":"Feature","properties":{"code":"04159","name":"Xã Phiêng Pằn","type":"Xã"},"geometry":{"type":"Polygon","coordinates":[[[104.109524,21.148135],[104.111411,21.144666],[104.113782,21.144992],[104.11363,21.142919],[104.11622,21.142749],[104.115188,21.140599],[104.117612,21.140679],[104.117817,21.137681],[104.121783,21.137997],[104.126494,21.134006],[104.134466,21.123279],[104.13845,21.121212],[104.14332,21.122998],[104.145329,21.122131],[104.146667,21.118106],[104.150432,21.114619],[104.151982,21.105071],[104.155325,21.103187],[104.156212,21.099255],[104.159244,21.097163],[104.160818,21.093553],[104.167565,21.091797],[104.173006,21.084129],[104.1793,21.080244],[104.178979,21.075752],[104.190063,21.076547],[104.192212,21.073599],[104.189652,21.071934],[104.194109,21.069651],[104.195428,21.066661],[104.181096,21.060673],[104.173577,21.045829],[104.16814,21.044218],[104.167896,21.04243],[104.169955,21.042683],[104.172802,21.03916],[104.167775,21.038407],[104.165848,21.03492],[104.162339,21.032938],[104.160631,21.028047],[104.157008,21.024759],[104.157521,21.02193],[104.15296,21.017381],[104.144807,21.01852],[104.139598,21.014714],[104.133898,21.018279],[104.131675,21.017921],[104.127325,21.015045],[104.126454,21.01185],[104.124451,21.012181],[104.121612,21.008002],[104.119477,21.007816],[104.115312,21.003392],[104.120029,21.001709],[104.12557,20.996277],[104.12365,20.991375],[104.120349,20.989099],[104.122468,20.979921],[104.119652,20.976838],[104.119462,20.971148],[104.113421,20.971509],[104.112438,20.973948],[104.104104,20.978654],[104.092174,20.964834],[104.081745,20.961718],[104.079689,20.958898],[104.074715,20.961408],[104.06961,20.959979],[104.064375,20.96674],[104.058334,20.968458],[104.054044,20.971747],[104.050973,20.977394],[104.045831,20.980136],[104.043198,20.986251],[104.033707,20.990491],[104.028711,20.994766],[104.03417,20.996835],[104.028799,20.998467],[104.032284,21.000617],[104.037334,21.010345],[104.038792,21.010702],[104.029928,21.013155],[104.025481,21.010055],[104.01049,21.009242],[104.008608,21.013119],[104.003182,21.015324],[104.001395,21.017637],[104.003098,21.018396],[104.001081,21.023012],[104.002996,21.027203],[104.001677,21.029096],[103.983227,21.017146],[103.963773,21.011698],[103.961285,21.01222],[103.961388,21.017909],[103.96661,21.033619],[103.964834,21.040493],[103.966512,21.04564],[103.959731,21.049479],[103.948169,21.051435],[103.935264,21.04208],[103.926333,21.041898],[103.924382,21.039894],[103.920878,21.041415],[103.919656,21.044194],[103.912126,21.045971],[103.905206,21.052126],[103.904861,21.053551],[103.908882,21.058649],[103.906861,21.063097],[103.907724,21.067216],[103.911469,21.07118],[103.90794,21.080118],[103.915006,21.084714],[103.918489,21.090605],[103.927017,21.088624],[103.935501,21.089263],[103.953447,21.085141],[103.963945,21.093265],[103.969944,21.092306],[103.974708,21.096633],[103.977694,21.097135],[103.980676,21.100974],[103.986581,21.100796],[103.985064,21.105338],[103.989232,21.114279],[103.996596,21.116829],[103.999931,21.121328],[103.999974,21.124537],[104.006037,21.129037],[104.009598,21.127592],[104.013348,21.130135],[104.017159,21.124598],[104.021046,21.123566],[104.027122,21.118346],[104.034137,21.115024],[104.036063,21.109574],[104.034441,21.10911],[104.037556,21.106278],[104.043309,21.103288],[104.047205,21.104334],[104.048412,21.102976],[104.054176,21.107654],[104.057149,21.104598],[104.062632,21.108635],[104.062627,21.111335],[104.065182,21.114124],[104.065497,21.116963],[104.059721,21.120483],[104.060531,21.12704],[104.064741,21.129986],[104.066696,21.137519],[104.069742,21.139163],[104.075476,21.138651],[104.081764,21.142707],[104.08303,21.137333],[104.087313,21.134881],[104.087321,21.131594],[104.09432,21.13357],[104.09714,21.132702],[104.107473,21.141908],[104.103727,21.149221],[104.10596,21.14809],[104.110832,21.150837],[104.109524,21.148135]]]}},{"type":"Feature","properties":{"code":"03910","name":"Xã Phù Yên","type":"Xã"},"geometry":{"type":"Polygon","coordinates":[[[104.702704,21.206585],[104.716266,21.204132],[104.712146,21.194569],[104.708966,21.19379],[104.707118,21.195714],[104.701017,21.193887],[104.698424,21.187667],[104.691936,21.183062],[104.688455,21.183347],[104.684017,21.179581],[104.677671,21.178774],[104.671753,21.181055],[104.669957,21.177771],[104.664482,21.178275],[104.660281,21.18836],[104.655596,21.185886],[104.646183,21.186345],[104.647144,21.196619],[104.642686,21.197348],[104.637898,21.20103],[104.638624,21.207453],[104.636018,21.208413],[104.635442,21.213149],[104.631985,21.213544],[104.627466,21.230456],[104.623486,21.229349],[104.621561,21.232453],[104.617985,21.23281],[104.614915,21.236512],[104.609015,21.238801],[104.600181,21.236652],[104.59429,21.237883],[104.589613,21.236287],[104.57893,21.237316],[104.573569,21.236135],[104.56604,21.242586],[104.565445,21.244989],[104.561558,21.246547],[104.570821,21.251511],[104.572274,21.256193],[104.569608,21.260206],[104.571478,21.264066],[104.577472,21.265731],[104.579958,21.263938],[104.592445,21.262564],[104.6004,21.26913],[104.604297,21.274251],[104.603375,21.285427],[104.609359,21.291457],[104.620867,21.288659],[104.626453,21.282612],[104.635642,21.289261],[104.635651,21.291341],[104.638967,21.291791],[104.643001,21.286957],[104.663476,21.284699],[104.665752,21.282973],[104.66553,21.280598],[104.684868,21.297295],[104.691612,21.288711],[104.696566,21.287256],[104.701358,21.288572],[104.704718,21.285866],[104.709923,21.284662],[104.71454,21.277701],[104.715076,21.274338],[104.717366,21.272043],[104.722173,21.2717],[104.725596,21.268567],[104.71653,21.257286],[104.71126,21.247776],[104.702209,21.242995],[104.703681,21.23075],[104.698243,21.215546],[104.698881,21.210605],[104.70209,21.209357],[104.702704,21.206585]]]}},{"type":"Feature","properties":{"code":"04228","name":"Xã Púng Bánh","type":"Xã"},"geometry":{"type":"Polygon","coordinates":[[[103.299462,21.094982],[103.308906,21.095589],[103.313301,21.091972],[103.31594,21.094077],[103.315884,21.095972],[103.322232,21.092578],[103.333491,21.091054],[103.338685,21.086108],[103.348781,21.081846],[103.358066,21.071807],[103.360752,21.072193],[103.363699,21.070402],[103.365461,21.071518],[103.368663,21.068037],[103.37795,21.064835],[103.377336,21.06175],[103.384545,21.060038],[103.391646,21.063745],[103.397133,21.063154],[103.402104,21.065627],[103.407822,21.063662],[103.421858,21.065689],[103.423699,21.0673],[103.426433,21.066529],[103.43584,21.061779],[103.431839,21.059649],[103.428862,21.053024],[103.433072,21.048128],[103.437227,21.046598],[103.448772,21.04685],[103.451782,21.048716],[103.459481,21.046877],[103.46561,21.052914],[103.463751,21.054456],[103.467166,21.062881],[103.479053,21.063424],[103.482963,21.068518],[103.491821,21.067922],[103.49633,21.057097],[103.500295,21.056465],[103.500062,21.054252],[103.505718,21.052843],[103.508217,21.050512],[103.510793,21.052437],[103.522614,21.040797],[103.525837,21.035294],[103.527556,21.035659],[103.530653,21.033221],[103.533808,21.034583],[103.537846,21.03172],[103.543461,21.032814],[103.545543,21.03037],[103.544869,21.028721],[103.550729,21.022012],[103.567804,21.018766],[103.578352,21.006996],[103.588464,21.004439],[103.590049,21.002161],[103.602027,20.997955],[103.608506,20.992656],[103.602685,20.986841],[103.604364,20.984167],[103.602152,20.975467],[103.603638,20.97177],[103.59228,20.959204],[103.589437,20.959355],[103.586378,20.950781],[103.577695,20.946941],[103.574657,20.938578],[103.570353,20.936276],[103.571146,20.931081],[103.573404,20.928459],[103.570586,20.925591],[103.562115,20.922191],[103.561316,20.918709],[103.555475,20.916242],[103.551199,20.920583],[103.545029,20.919347],[103.537664,20.923271],[103.535347,20.920394],[103.528809,20.918331],[103.523073,20.911671],[103.517728,20.910774],[103.513262,20.91538],[103.511372,20.915508],[103.507068,20.913204],[103.501521,20.91399],[103.49979,20.911981],[103.493255,20.91007],[103.487752,20.915012],[103.477304,20.91157],[103.472383,20.914382],[103.465645,20.912984],[103.461662,20.915143],[103.459154,20.918762],[103.453825,20.920958],[103.450488,20.92897],[103.444779,20.930309],[103.442393,20.928747],[103.433763,20.92909],[103.433167,20.932117],[103.429594,20.933398],[103.429613,20.936428],[103.427653,20.935884],[103.424115,20.938492],[103.421995,20.937463],[103.419656,20.940435],[103.41594,20.941622],[103.415022,20.951509],[103.422226,20.957622],[103.418687,20.965102],[103.412668,20.972573],[103.416408,20.977853],[103.414255,20.981994],[103.415489,20.983702],[103.414415,20.986738],[103.412111,20.989251],[103.407796,20.990211],[103.4068,20.992322],[103.402819,20.987719],[103.400749,20.987938],[103.398902,20.990696],[103.392471,20.991804],[103.391293,20.988462],[103.389506,20.989798],[103.382304,20.989706],[103.379703,20.993037],[103.373818,20.992462],[103.369189,20.995416],[103.362444,20.996408],[103.361714,20.999389],[103.356153,21.004636],[103.35642,21.009695],[103.353153,21.014244],[103.349767,21.015951],[103.346573,21.015597],[103.340968,21.010756],[103.336053,21.008901],[103.326129,21.010802],[103.317852,21.009079],[103.308561,21.004575],[103.298811,21.004747],[103.297749,21.002653],[103.291648,20.999353],[103.28996,20.994578],[103.283683,20.997432],[103.285229,20.999687],[103.281305,20.998889],[103.280136,21.004286],[103.285207,21.004749],[103.287152,21.009993],[103.286981,21.011662],[103.283398,21.013784],[103.291984,21.016773],[103.292046,21.020277],[103.28903,21.021073],[103.292339,21.024404],[103.287169,21.025681],[103.289097,21.02742],[103.285139,21.029701],[103.286554,21.034988],[103.281905,21.038286],[103.281082,21.042498],[103.276215,21.044404],[103.277729,21.050842],[103.274228,21.05282],[103.275282,21.056857],[103.278886,21.059134],[103.275661,21.062272],[103.281355,21.060345],[103.281851,21.066129],[103.286029,21.067645],[103.288536,21.074643],[103.288873,21.07705],[103.286043,21.078358],[103.285633,21.083459],[103.281776,21.090262],[103.286984,21.091508],[103.287031,21.093693],[103.285208,21.094656],[103.290252,21.09808],[103.286671,21.099992],[103.289047,21.101984],[103.299462,21.094982]]]}},{"type":"Feature","properties":{"code":"03871","name":"Xã Pắc Ngà","type":"Xã"},"geometry":{"type":"Polygon","coordinates":[[[104.198654,21.381483],[104.204166,21.379815],[104.202774,21.375307],[104.20438,21.369234],[104.20532,21.37233],[104.209899,21.369425],[104.212184,21.361785],[104.224691,21.356072],[104.230946,21.347394],[104.239178,21.346803],[104.238387,21.343482],[104.24198,21.338212],[104.241508,21.332973],[104.243021,21.329702],[104.241996,21.328028],[104.252549,21.307146],[104.251708,21.305266],[104.248345,21.304495],[104.250409,21.300828],[104.256387,21.305231],[104.261851,21.307237],[104.255821,21.303212],[104.253786,21.29837],[104.267197,21.299949],[104.271744,21.2977],[104.277648,21.304868],[104.280899,21.298022],[104.27894,21.292695],[104.280744,21.289582],[104.287998,21.287029],[104.289621,21.288411],[104.294085,21.286636],[104.305458,21.286793],[104.321781,21.272686],[104.328595,21.270348],[104.345137,21.268878],[104.351381,21.270398],[104.353893,21.271699],[104.356278,21.277298],[104.361057,21.278969],[104.359899,21.27674],[104.362105,21.27185],[104.360694,21.267093],[104.362299,21.258787],[104.367191,21.255721],[104.368133,21.252281],[104.375209,21.250163],[104.373925,21.238429],[104.371592,21.233374],[104.355252,21.236393],[104.353756,21.232356],[104.350176,21.231012],[104.343827,21.218011],[104.324045,21.218171],[104.313577,21.22414],[104.303005,21.227299],[104.296834,21.231344],[104.290427,21.242055],[104.280984,21.247859],[104.272105,21.256459],[104.262982,21.260478],[104.251882,21.261074],[104.24604,21.263289],[104.237392,21.273038],[104.218024,21.28959],[104.208399,21.295448],[104.202803,21.307109],[104.191042,21.311724],[104.173505,21.322845],[104.168218,21.340789],[104.171627,21.348903],[104.175629,21.351649],[104.176608,21.35479],[104.171589,21.363482],[104.179175,21.365748],[104.191973,21.378907],[104.198654,21.381483]]]}},{"type":"Feature","properties":{"code":"03703","name":"Xã Quỳnh Nhai","type":"Xã"},"geometry":{"type":"Polygon","coordinates":[[[103.61635,21.74179],[103.624231,21.733942],[103.628609,21.723435],[103.642901,21.70378],[103.654541,21.708218],[103.65782,21.707686],[103.660494,21.704753],[103.664235,21.704891],[103.666574,21.70955],[103.666129,21.713162],[103.674099,21.719329],[103.678688,21.718807],[103.681864,21.716604],[103.687946,21.717196],[103.688504,21.712059],[103.691078,21.71172],[103.694787,21.704941],[103.700216,21.703364],[103.703261,21.699328],[103.715717,21.695961],[103.724507,21.696622],[103.731055,21.692145],[103.732239,21.689059],[103.737891,21.68647],[103.741259,21.682826],[103.737746,21.677449],[103.738228,21.675832],[103.744849,21.668509],[103.749685,21.665916],[103.765214,21.664477],[103.767168,21.660456],[103.775935,21.656239],[103.776996,21.652091],[103.782884,21.650536],[103.785928,21.653561],[103.786752,21.651661],[103.79651,21.646721],[103.797609,21.642856],[103.802955,21.6402],[103.802658,21.636738],[103.799529,21.628643],[103.796515,21.626829],[103.79745,21.621065],[103.796082,21.618155],[103.78835,21.615204],[103.789267,21.611668],[103.791958,21.610038],[103.798736,21.612555],[103.795555,21.603987],[103.806185,21.605122],[103.808907,21.60841],[103.810722,21.606845],[103.81002,21.604024],[103.813024,21.598776],[103.809059,21.591585],[103.811103,21.581127],[103.80683,21.570004],[103.802897,21.583093],[103.792259,21.595286],[103.777367,21.608658],[103.775086,21.621206],[103.766912,21.636797],[103.740049,21.651012],[103.728949,21.654656],[103.719582,21.662917],[103.711882,21.666223],[103.706477,21.664675],[103.711904,21.654655],[103.709137,21.651445],[103.706763,21.651981],[103.705336,21.645978],[103.694684,21.637829],[103.691383,21.633336],[103.68816,21.635767],[103.682072,21.632629],[103.672589,21.631131],[103.671144,21.622206],[103.673101,21.612442],[103.680536,21.606577],[103.679941,21.601554],[103.682541,21.597155],[103.681964,21.593111],[103.685728,21.590986],[103.687801,21.584892],[103.703863,21.571843],[103.708341,21.563954],[103.706542,21.559423],[103.707212,21.557277],[103.71595,21.548597],[103.717764,21.5436],[103.726239,21.541164],[103.734695,21.542129],[103.742384,21.539398],[103.735257,21.539736],[103.725061,21.531641],[103.712259,21.53039],[103.708358,21.524412],[103.702962,21.525662],[103.699233,21.529443],[103.693308,21.53133],[103.68248,21.539875],[103.67342,21.537235],[103.670096,21.534435],[103.669724,21.538273],[103.667982,21.539951],[103.660487,21.539227],[103.656283,21.541031],[103.655078,21.543491],[103.653869,21.541373],[103.649757,21.540143],[103.646188,21.542839],[103.64478,21.547757],[103.638581,21.556342],[103.630204,21.56345],[103.627404,21.570984],[103.627355,21.577683],[103.629421,21.58393],[103.633787,21.587303],[103.637556,21.586359],[103.640352,21.591684],[103.643172,21.59368],[103.645837,21.591326],[103.654208,21.592774],[103.65913,21.596109],[103.656239,21.600954],[103.648171,21.605512],[103.649814,21.608633],[103.6349,21.623946],[103.632838,21.622086],[103.6322,21.617281],[103.627646,21.614799],[103.621963,21.622273],[103.617266,21.620492],[103.612733,21.623903],[103.612267,21.626295],[103.603006,21.626952],[103.597611,21.62322],[103.596736,21.620222],[103.590194,21.621796],[103.584071,21.620987],[103.589907,21.627249],[103.585372,21.631579],[103.580015,21.6293],[103.577281,21.6308],[103.571627,21.630181],[103.560376,21.627002],[103.558457,21.624363],[103.552144,21.627279],[103.550305,21.62978],[103.550384,21.639012],[103.548528,21.640425],[103.544253,21.639676],[103.543579,21.641176],[103.545324,21.643041],[103.54221,21.643121],[103.541744,21.646406],[103.5469,21.651411],[103.553589,21.652206],[103.557486,21.655824],[103.556993,21.658766],[103.559645,21.663237],[103.559838,21.667414],[103.566973,21.671929],[103.56778,21.677685],[103.576358,21.683603],[103.583986,21.685057],[103.593445,21.674543],[103.5952,21.674839],[103.595189,21.678154],[103.598413,21.682327],[103.597498,21.684706],[103.594559,21.686176],[103.593237,21.6928],[103.584049,21.704521],[103.586226,21.707413],[103.583192,21.714364],[103.577679,21.719928],[103.577329,21.723859],[103.581795,21.726339],[103.582331,21.731126],[103.585729,21.733387],[103.61635,21.74179]]]}},{"type":"Feature","properties":{"code":"04006","name":"Xã Song Khủa","type":"Xã"},"geometry":{"type":"Polygon","coordinates":[[[104.843878,21.029858],[104.868087,21.029459],[104.882061,21.021695],[104.890534,21.008415],[104.892617,20.99676],[104.900594,20.980924],[104.923381,20.963318],[104.938995,20.933252],[104.951899,20.925894],[104.961175,20.915078],[104.966108,20.912541],[104.971413,20.91238],[104.976116,20.907409],[104.979864,20.891015],[104.991325,20.877168],[104.992412,20.867231],[105.000805,20.855948],[104.997143,20.846053],[105.00669,20.844543],[105.002076,20.835603],[105.003331,20.832486],[105.001363,20.828624],[105.002989,20.825539],[104.995899,20.811899],[104.990817,20.811193],[104.968146,20.819568],[104.965925,20.817849],[104.956205,20.820686],[104.957761,20.823397],[104.961436,20.825143],[104.955675,20.830661],[104.954956,20.834861],[104.942778,20.838185],[104.93941,20.841271],[104.936014,20.840058],[104.930587,20.843883],[104.927259,20.84324],[104.926196,20.845287],[104.920996,20.844539],[104.919521,20.84576],[104.919311,20.849536],[104.91749,20.849827],[104.914141,20.855557],[104.911918,20.856001],[104.90691,20.863897],[104.903417,20.864296],[104.896309,20.860127],[104.892929,20.863225],[104.89308,20.866362],[104.884108,20.871099],[104.882031,20.875183],[104.873775,20.87603],[104.875306,20.876303],[104.874072,20.876823],[104.874442,20.882758],[104.876845,20.88646],[104.872006,20.894197],[104.867902,20.912815],[104.866044,20.913811],[104.855722,20.911672],[104.854221,20.913644],[104.846584,20.91147],[104.846399,20.916072],[104.840522,20.92308],[104.837905,20.930234],[104.832845,20.930894],[104.837599,20.942874],[104.840786,20.943701],[104.842964,20.946332],[104.843075,20.948316],[104.840122,20.951663],[104.84072,20.957152],[104.845356,20.961609],[104.849252,20.962001],[104.849596,20.966886],[104.853405,20.968431],[104.856198,20.975286],[104.852881,20.980327],[104.848238,20.979722],[104.848796,20.981618],[104.84672,20.983671],[104.849934,20.987372],[104.846893,20.998314],[104.835905,21.002063],[104.833619,21.004888],[104.835206,21.010301],[104.83384,21.012861],[104.837738,21.018656],[104.841865,21.019992],[104.843878,21.029858]]]}},{"type":"Feature","properties":{"code":"03901","name":"Xã Suối Tọ","type":"Xã"},"geometry":{"type":"Polygon","coordinates":[[[104.58901,21.422975],[104.607094,21.41588],[104.612476,21.404082],[104.616306,21.401431],[104.620315,21.400956],[104.62284,21.396856],[104.630753,21.394544],[104.63517,21.38936],[104.640395,21.38809],[104.643505,21.384031],[104.648292,21.383363],[104.64735,21.378092],[104.643088,21.373913],[104.644416,21.367171],[104.646011,21.366163],[104.644975,21.363028],[104.649133,21.35865],[104.648297,21.356359],[104.651956,21.355965],[104.650231,21.351755],[104.655994,21.351782],[104.657654,21.350174],[104.656967,21.344894],[104.660077,21.340414],[104.65905,21.333488],[104.663897,21.331699],[104.666822,21.334645],[104.674236,21.329809],[104.674877,21.32661],[104.68363,21.327384],[104.683891,21.32469],[104.680216,21.318113],[104.680868,21.311112],[104.685033,21.307876],[104.684299,21.304525],[104.686415,21.300322],[104.684868,21.297295],[104.680501,21.294649],[104.679532,21.291754],[104.66553,21.280598],[104.665752,21.282973],[104.663476,21.284699],[104.643001,21.286957],[104.638967,21.291791],[104.635651,21.291341],[104.635642,21.289261],[104.626453,21.282612],[104.620867,21.288659],[104.609158,21.291347],[104.602869,21.283882],[104.604159,21.27383],[104.59269,21.262696],[104.580029,21.263924],[104.577134,21.265753],[104.571281,21.263853],[104.569608,21.260206],[104.572274,21.256193],[104.570821,21.251511],[104.561558,21.246547],[104.565445,21.244989],[104.56604,21.242586],[104.573264,21.236376],[104.573493,21.22997],[104.568603,21.222798],[104.564088,21.222336],[104.555688,21.226697],[104.543938,21.22963],[104.536379,21.221665],[104.528417,21.227341],[104.514284,21.228626],[104.51008,21.232601],[104.51131,21.238],[104.517874,21.241847],[104.519822,21.248099],[104.525999,21.253275],[104.526043,21.256502],[104.531526,21.258567],[104.534839,21.257381],[104.54222,21.258065],[104.541704,21.267428],[104.545141,21.269593],[104.550331,21.269529],[104.549753,21.27254],[104.55335,21.276563],[104.552348,21.281106],[104.555538,21.281768],[104.552309,21.286802],[104.558674,21.294395],[104.561383,21.294912],[104.56143,21.30043],[104.567363,21.307831],[104.565678,21.308789],[104.567947,21.310745],[104.566007,21.312646],[104.567035,21.315405],[104.564953,21.318492],[104.565674,21.322048],[104.564552,21.323233],[104.562845,21.322465],[104.560073,21.327208],[104.560457,21.328985],[104.562433,21.328708],[104.564798,21.331599],[104.559396,21.334262],[104.558594,21.335923],[104.560068,21.336006],[104.559845,21.337467],[104.55666,21.342915],[104.559138,21.344151],[104.558137,21.345148],[104.562218,21.351775],[104.560485,21.353568],[104.567024,21.357742],[104.562967,21.359111],[104.564899,21.361099],[104.562785,21.364665],[104.564838,21.365606],[104.569136,21.364318],[104.570204,21.365614],[104.565682,21.372362],[104.566047,21.375007],[104.563899,21.374933],[104.564271,21.377129],[104.559303,21.377522],[104.558642,21.379465],[104.557064,21.3778],[104.55614,21.379684],[104.549964,21.382659],[104.545526,21.381621],[104.543179,21.38453],[104.543417,21.389954],[104.53908,21.396108],[104.546082,21.407409],[104.549962,21.410618],[104.559137,21.408866],[104.565556,21.410074],[104.56975,21.413031],[104.57151,21.410998],[104.579055,21.408714],[104.581474,21.411037],[104.582857,21.419404],[104.58901,21.422975]]]}},{"type":"Feature","properties":{"code":"04168","name":"Xã Sông Mã","type":"Xã"},"geometry":{"type":"Polygon","coordinates":[[[103.696036,21.146191],[103.718252,21.135567],[103.730846,21.13466],[103.733696,21.139495],[103.738603,21.141385],[103.740859,21.143986],[103.744339,21.141786],[103.74861,21.142016],[103.74995,21.139509],[103.755141,21.13908],[103.75467,21.135717],[103.770428,21.127201],[103.770469,21.124702],[103.773277,21.121189],[103.773334,21.115139],[103.775214,21.110996],[103.782182,21.106842],[103.790182,21.097279],[103.793294,21.09574],[103.793049,21.094259],[103.797218,21.096778],[103.801153,21.093305],[103.802394,21.089342],[103.800567,21.087975],[103.800968,21.080562],[103.79821,21.077098],[103.793767,21.073348],[103.789831,21.07295],[103.784654,21.069263],[103.774284,21.067291],[103.769119,21.060555],[103.770908,21.058474],[103.767614,21.046049],[103.76789,21.039111],[103.761626,21.037776],[103.755641,21.033846],[103.745158,21.040321],[103.742249,21.040498],[103.738243,21.037732],[103.733286,21.038037],[103.723432,21.047994],[103.716928,21.04702],[103.713904,21.050756],[103.707408,21.050164],[103.706212,21.058306],[103.700742,21.064025],[103.686469,21.06889],[103.681173,21.079407],[103.675657,21.078338],[103.669426,21.082048],[103.671629,21.096709],[103.674609,21.099367],[103.676146,21.104991],[103.680637,21.109208],[103.679771,21.115493],[103.682597,21.116184],[103.681664,21.136067],[103.684378,21.136598],[103.688214,21.140653],[103.694711,21.141283],[103.696036,21.146191]]]}},{"type":"Feature","properties":{"code":"04231","name":"Xã Sốp Cộp","type":"Xã"},"geometry":{"type":"Polygon","coordinates":[[[103.620528,20.994755],[103.630669,20.989982],[103.639426,20.99149],[103.651626,20.98874],[103.657237,20.989586],[103.663492,20.984827],[103.664675,20.970604],[103.668232,20.967205],[103.666592,20.961425],[103.667952,20.959014],[103.665477,20.957327],[103.665381,20.955295],[103.657372,20.952472],[103.65506,20.94651],[103.6679,20.937268],[103.67074,20.93297],[103.668754,20.932524],[103.671321,20.927378],[103.685063,20.916978],[103.686493,20.909253],[103.685404,20.907266],[103.688264,20.905926],[103.690649,20.901514],[103.698088,20.897081],[103.69946,20.893608],[103.70301,20.892166],[103.702563,20.890111],[103.70043,20.889534],[103.703863,20.886753],[103.700665,20.884492],[103.701653,20.880785],[103.708134,20.87635],[103.709399,20.873793],[103.702906,20.865881],[103.699348,20.864506],[103.701526,20.859187],[103.696489,20.858724],[103.693524,20.855019],[103.688144,20.854565],[103.681606,20.845534],[103.681205,20.841432],[103.682676,20.839575],[103.681164,20.837364],[103.681134,20.828643],[103.678552,20.825173],[103.681819,20.81773],[103.676482,20.815036],[103.674671,20.816754],[103.670746,20.816365],[103.666871,20.813405],[103.658573,20.811863],[103.654067,20.802285],[103.649549,20.799805],[103.644533,20.800929],[103.641116,20.799125],[103.644928,20.794368],[103.643586,20.792551],[103.645139,20.789687],[103.643486,20.779638],[103.644678,20.776784],[103.643149,20.773873],[103.631714,20.770669],[103.628161,20.763908],[103.624891,20.761767],[103.610556,20.76089],[103.609284,20.757828],[103.60595,20.755512],[103.606483,20.749369],[103.600433,20.747123],[103.599794,20.745141],[103.596961,20.746615],[103.592516,20.745126],[103.590159,20.747611],[103.583707,20.748597],[103.582451,20.750208],[103.573096,20.746579],[103.571929,20.74833],[103.562281,20.750546],[103.558356,20.74698],[103.55226,20.74485],[103.544971,20.749753],[103.537746,20.750991],[103.536588,20.75412],[103.527625,20.750488],[103.525752,20.751775],[103.520413,20.749801],[103.509879,20.753366],[103.504973,20.757113],[103.502525,20.764439],[103.500542,20.765461],[103.501564,20.771739],[103.49867,20.776638],[103.491223,20.77783],[103.494151,20.779962],[103.49101,20.786558],[103.48467,20.784586],[103.482751,20.790319],[103.478869,20.794453],[103.478915,20.803406],[103.482655,20.810485],[103.476101,20.813082],[103.475557,20.816046],[103.472985,20.816824],[103.470281,20.821735],[103.466264,20.822358],[103.464543,20.827397],[103.460509,20.82855],[103.455474,20.825067],[103.459367,20.83385],[103.452277,20.842521],[103.447045,20.843983],[103.444378,20.848093],[103.443987,20.854867],[103.437222,20.856988],[103.43758,20.859023],[103.435459,20.860636],[103.438897,20.866202],[103.438846,20.869586],[103.436569,20.874406],[103.432206,20.876289],[103.432529,20.881412],[103.428948,20.886659],[103.437908,20.89416],[103.437071,20.899813],[103.439498,20.902305],[103.436677,20.90403],[103.437303,20.906623],[103.439435,20.907355],[103.442672,20.913465],[103.445695,20.9136],[103.447686,20.917029],[103.455111,20.920792],[103.465645,20.912984],[103.472383,20.914382],[103.477304,20.91157],[103.487752,20.915012],[103.493255,20.91007],[103.502306,20.914193],[103.507294,20.913249],[103.509963,20.915461],[103.513262,20.91538],[103.5176,20.910785],[103.523073,20.911671],[103.528809,20.918331],[103.535347,20.920394],[103.537664,20.923271],[103.545029,20.919347],[103.551199,20.920583],[103.555475,20.916242],[103.561316,20.918709],[103.562115,20.922191],[103.570586,20.925591],[103.573404,20.928459],[103.571146,20.931081],[103.570353,20.936276],[103.574657,20.938578],[103.577695,20.946941],[103.586378,20.950781],[103.589437,20.959355],[103.59228,20.959204],[103.603638,20.97177],[103.602152,20.975467],[103.604364,20.984167],[103.602685,20.986841],[103.609178,20.993096],[103.617609,20.993021],[103.620528,20.994755]]]}},{"type":"Feature","properties":{"code":"03721","name":"Xã Thuận Châu","type":"Xã"},"geometry":{"type":"Polygon","coordinates":[[[103.622164,21.411705],[103.619724,21.406349],[103.599926,21.40009],[103.588122,21.392945],[103.58266,21.411867],[103.591545,21.427656],[103.599116,21.436572],[103.602876,21.44564],[103.611461,21.45202],[103.610123,21.455566],[103.615344,21.455268],[103.620236,21.460708],[103.621246,21.469351],[103.627176,21.476552],[103.628377,21.480618],[103.631083,21.481055],[103.636183,21.47627],[103.640992,21.474619],[103.645801,21.480499],[103.64788,21.480873],[103.647831,21.484314],[103.65247,21.483521],[103.662424,21.47777],[103.6731,21.484012],[103.674761,21.488817],[103.681995,21.494578],[103.688738,21.489751],[103.6961,21.493374],[103.70436,21.48885],[103.718962,21.488592],[103.727772,21.485839],[103.731701,21.482872],[103.726863,21.472907],[103.732198,21.472386],[103.728086,21.467359],[103.739082,21.465821],[103.743321,21.463447],[103.745286,21.460917],[103.747678,21.451002],[103.755531,21.441638],[103.759791,21.441877],[103.760968,21.435378],[103.766082,21.434023],[103.773554,21.420938],[103.779101,21.422029],[103.782744,21.416758],[103.79069,21.414692],[103.7935,21.406977],[103.799211,21.404229],[103.799439,21.395923],[103.807473,21.387508],[103.812003,21.386127],[103.812542,21.383962],[103.809642,21.384089],[103.803191,21.389136],[103.80027,21.388803],[103.795871,21.391953],[103.792346,21.391305],[103.791453,21.393948],[103.783529,21.39473],[103.780329,21.397593],[103.776841,21.397334],[103.775454,21.393562],[103.771765,21.393139],[103.77105,21.39876],[103.770913,21.393142],[103.765064,21.392509],[103.764669,21.386934],[103.760209,21.381078],[103.756108,21.382537],[103.75442,21.381243],[103.750207,21.381779],[103.748483,21.383354],[103.740087,21.379322],[103.731638,21.380231],[103.723098,21.386848],[103.728454,21.394582],[103.727428,21.39958],[103.721116,21.400903],[103.714812,21.406254],[103.710102,21.406973],[103.706895,21.405715],[103.702416,21.408419],[103.699327,21.408105],[103.696345,21.410202],[103.696152,21.413383],[103.693239,21.414565],[103.687225,21.4142],[103.683622,21.411558],[103.677393,21.414126],[103.674959,21.412452],[103.676598,21.41685],[103.66499,21.428058],[103.666436,21.43157],[103.658885,21.430907],[103.656718,21.434926],[103.657972,21.438944],[103.653617,21.442359],[103.65012,21.442886],[103.653329,21.451863],[103.650402,21.452464],[103.644321,21.45876],[103.638194,21.453909],[103.630294,21.444367],[103.6355,21.431777],[103.630038,21.419945],[103.625105,21.413092],[103.622164,21.411705]]]}},{"type":"Feature","properties":{"code":"04136","name":"Xã Tà Hộc","type":"Xã"},"geometry":{"type":"Polygon","coordinates":[[[104.204892,21.304542],[104.208399,21.295448],[104.218024,21.28959],[104.237392,21.273038],[104.24604,21.263289],[104.251882,21.261074],[104.262982,21.260478],[104.270156,21.257727],[104.292141,21.239609],[104.279985,21.229084],[104.277551,21.223165],[104.278195,21.219763],[104.27512,21.213858],[104.266369,21.214968],[104.256508,21.222225],[104.254285,21.214314],[104.249464,21.210492],[104.245682,21.211417],[104.238077,21.208051],[104.234168,21.203524],[104.222777,21.196577],[104.220211,21.191652],[104.226911,21.186165],[104.219672,21.179236],[104.21186,21.182277],[104.210622,21.185378],[104.203678,21.184479],[104.199634,21.187159],[104.194531,21.188095],[104.190217,21.191902],[104.185463,21.193414],[104.183698,21.197619],[104.180023,21.200684],[104.17451,21.201168],[104.171735,21.20353],[104.160652,21.199435],[104.158268,21.202508],[104.152819,21.201571],[104.153014,21.197926],[104.151093,21.195334],[104.142295,21.192706],[104.137478,21.184724],[104.134059,21.184968],[104.136004,21.18144],[104.132098,21.179096],[104.12994,21.183917],[104.1254,21.184357],[104.120732,21.192524],[104.111195,21.197401],[104.112415,21.200069],[104.117328,21.201754],[104.120469,21.205041],[104.113599,21.20894],[104.113138,21.211789],[104.115895,21.211804],[104.114981,21.21637],[104.103502,21.217512],[104.098241,21.220014],[104.094097,21.21712],[104.092244,21.218175],[104.092233,21.22153],[104.09857,21.224049],[104.102867,21.228755],[104.10498,21.234905],[104.103355,21.236581],[104.1047,21.238642],[104.102551,21.242672],[104.108324,21.254221],[104.123889,21.253613],[104.126618,21.251465],[104.128992,21.251779],[104.133582,21.244703],[104.136053,21.244403],[104.137401,21.240042],[104.140473,21.236774],[104.141868,21.237286],[104.148431,21.240755],[104.147725,21.243617],[104.14988,21.246915],[104.148631,21.251561],[104.154488,21.257866],[104.153704,21.261945],[104.155212,21.262155],[104.155248,21.264765],[104.15345,21.267693],[104.157041,21.284767],[104.164508,21.288088],[104.165143,21.290573],[104.173943,21.297102],[104.180344,21.295107],[104.187592,21.301689],[104.19353,21.303703],[104.195179,21.310504],[104.200472,21.308809],[104.204892,21.304542]]]}},{"type":"Feature","properties":{"code":"03868","name":"Xã Tà Xùa","type":"Xã"},"geometry":{"type":"Polygon","coordinates":[[[104.399893,21.259572],[104.397125,21.255204],[104.397642,21.253368],[104.379835,21.253715],[104.379468,21.252459],[104.37248,21.250482],[104.368133,21.252281],[104.367191,21.255721],[104.362175,21.259043],[104.362393,21.263566],[104.360694,21.267093],[104.362105,21.27185],[104.359892,21.27686],[104.361057,21.278969],[104.356278,21.277298],[104.352909,21.270998],[104.345137,21.268878],[104.329002,21.270278],[104.321781,21.272686],[104.323866,21.274867],[104.32116,21.277194],[104.323964,21.279704],[104.323159,21.281527],[104.321607,21.280378],[104.31852,21.282851],[104.32204,21.284632],[104.322308,21.290576],[104.326764,21.29704],[104.326603,21.303265],[104.324513,21.30655],[104.329301,21.309804],[104.330744,21.312758],[104.330189,21.314309],[104.328454,21.313859],[104.328886,21.317197],[104.334038,21.319247],[104.343274,21.316973],[104.347621,21.310226],[104.350291,21.308905],[104.354857,21.314453],[104.35437,21.318228],[104.361292,21.317932],[104.366405,21.315601],[104.368451,21.312282],[104.370994,21.314697],[104.372272,21.313019],[104.373546,21.314803],[104.376619,21.315254],[104.380265,21.310108],[104.382263,21.311478],[104.381917,21.314448],[104.383607,21.316672],[104.389955,21.316441],[104.389762,21.313923],[104.393366,21.31104],[104.3972,21.313972],[104.397536,21.316118],[104.404787,21.314994],[104.420819,21.31707],[104.428359,21.330463],[104.433377,21.332136],[104.435549,21.334614],[104.434414,21.338136],[104.435503,21.348844],[104.433832,21.353433],[104.438755,21.355948],[104.447708,21.356988],[104.460736,21.352477],[104.463573,21.353293],[104.470061,21.351327],[104.476344,21.352734],[104.481764,21.356954],[104.483504,21.362959],[104.487808,21.365901],[104.493177,21.373224],[104.498945,21.373824],[104.50505,21.376896],[104.509318,21.385344],[104.514056,21.38894],[104.515274,21.393119],[104.514217,21.395853],[104.518976,21.398788],[104.520639,21.404846],[104.527936,21.412677],[104.532278,21.414441],[104.54049,21.414051],[104.549962,21.410618],[104.546082,21.407409],[104.539064,21.395999],[104.543417,21.389954],[104.543179,21.38453],[104.545526,21.381621],[104.549964,21.382659],[104.55614,21.379684],[104.557064,21.3778],[104.558642,21.379465],[104.559303,21.377522],[104.564271,21.377129],[104.563899,21.374933],[104.566047,21.375007],[104.565682,21.372362],[104.570204,21.365614],[104.569136,21.364318],[104.564838,21.365606],[104.562785,21.364665],[104.564899,21.361099],[104.562967,21.359111],[104.567024,21.357742],[104.560485,21.353568],[104.562218,21.351775],[104.558137,21.345148],[104.559138,21.344151],[104.55666,21.342915],[104.559845,21.337467],[104.560068,21.336006],[104.558594,21.335923],[104.559396,21.334262],[104.564798,21.331599],[104.562433,21.328708],[104.560457,21.328985],[104.560073,21.327208],[104.562845,21.322465],[104.564552,21.323233],[104.565674,21.322048],[104.564953,21.318492],[104.567035,21.315405],[104.566007,21.312646],[104.567952,21.310804],[104.565675,21.308774],[104.567363,21.307831],[104.56143,21.30043],[104.561383,21.294912],[104.558674,21.294395],[104.552309,21.286802],[104.555538,21.281768],[104.552348,21.281106],[104.55335,21.276563],[104.549753,21.27254],[104.550331,21.269529],[104.545141,21.269593],[104.541345,21.266707],[104.542417,21.25821],[104.534839,21.257381],[104.531526,21.258567],[104.52613,21.25658],[104.525985,21.25325],[104.519822,21.248099],[104.517874,21.241847],[104.513519,21.239796],[104.503222,21.24114],[104.501839,21.248879],[104.499432,21.250958],[104.49895,21.253873],[104.493982,21.255963],[104.491289,21.259311],[104.481355,21.257291],[104.472444,21.260455],[104.462552,21.266423],[104.454297,21.267273],[104.449067,21.27109],[104.444675,21.270369],[104.437697,21.272487],[104.432393,21.277385],[104.427525,21.275808],[104.421929,21.277991],[104.413999,21.272531],[104.410421,21.265836],[104.399893,21.259572]]]}},{"type":"Feature","properties":{"code":"03970","name":"Xã Tân Phong","type":"Xã"},"geometry":{"type":"Polygon","coordinates":[[[104.755072,21.128701],[104.760533,21.126531],[104.761802,21.124141],[104.7623,21.122161],[104.759632,21.117635],[104.76359,21.109124],[104.765821,21.110533],[104.777449,21.107821],[104.777628,21.102128],[104.787014,21.099963],[104.788163,21.096755],[104.790944,21.095711],[104.790867,21.08811],[104.793456,21.085754],[104.797782,21.086132],[104.802041,21.082378],[104.814035,21.081226],[104.814379,21.078511],[104.816461,21.076851],[104.809193,21.067434],[104.815531,21.063559],[104.819664,21.058862],[104.837044,21.053787],[104.841544,21.051096],[104.854322,21.055428],[104.85703,21.062056],[104.859353,21.057214],[104.858995,21.052249],[104.861608,21.049633],[104.868087,21.029459],[104.844161,21.029789],[104.822848,21.037359],[104.801832,21.032965],[104.790587,21.042794],[104.754254,21.047654],[104.728335,21.057427],[104.716137,21.069535],[104.712905,21.070925],[104.711378,21.070012],[104.707585,21.053232],[104.704004,21.04919],[104.69466,21.047387],[104.683387,21.04089],[104.67638,21.032888],[104.671815,21.031164],[104.659809,21.035035],[104.650642,21.043482],[104.646783,21.043115],[104.644418,21.038875],[104.644268,21.030208],[104.639535,21.025765],[104.632152,21.029617],[104.620765,21.041512],[104.604646,21.044247],[104.59807,21.052358],[104.607399,21.061505],[104.610488,21.060135],[104.612524,21.061032],[104.612958,21.067363],[104.610804,21.072412],[104.605434,21.077271],[104.610021,21.083272],[104.611176,21.0837],[104.618924,21.075573],[104.62089,21.071627],[104.624767,21.07788],[104.630341,21.080466],[104.630627,21.083006],[104.632838,21.081693],[104.632435,21.083704],[104.635229,21.085044],[104.635256,21.086611],[104.637851,21.086789],[104.637431,21.088931],[104.638808,21.089296],[104.642652,21.088616],[104.649832,21.077562],[104.661945,21.074223],[104.669657,21.079851],[104.672396,21.080395],[104.673846,21.078022],[104.678609,21.077621],[104.685881,21.080387],[104.687206,21.084094],[104.69567,21.089651],[104.691696,21.095465],[104.698937,21.098638],[104.708959,21.096872],[104.710552,21.102199],[104.706558,21.1087],[104.706864,21.11321],[104.70871,21.11182],[104.714013,21.111962],[104.719512,21.10746],[104.732206,21.116403],[104.73902,21.119177],[104.744553,21.119425],[104.755072,21.128701]]]}},{"type":"Feature","properties":{"code":"03997","name":"Xã Tân Yên","type":"Xã"},"geometry":{"type":"Polygon","coordinates":[[[104.55644,21.065044],[104.5621,21.061055],[104.567156,21.053444],[104.571332,21.05358],[104.573075,21.049611],[104.584458,21.045103],[104.587118,21.04724],[104.587058,21.054994],[104.59428,21.055627],[104.604646,21.044247],[104.620765,21.041512],[104.630489,21.031025],[104.638543,21.025854],[104.642066,21.026945],[104.644268,21.030208],[104.644418,21.038875],[104.646783,21.043115],[104.650642,21.043482],[104.659809,21.035035],[104.671815,21.031164],[104.67638,21.032888],[104.683387,21.04089],[104.693401,21.046629],[104.694977,21.036454],[104.699975,21.031403],[104.697138,21.017525],[104.69684,21.002556],[104.697956,21.00122],[104.693864,21.000514],[104.69074,20.996528],[104.692293,20.991605],[104.691369,20.986178],[104.687975,20.989184],[104.679643,20.982398],[104.676135,20.987827],[104.671578,20.987793],[104.662394,20.985824],[104.660673,20.982737],[104.661619,20.981618],[104.655476,20.982026],[104.655731,20.979067],[104.653688,20.977054],[104.655844,20.974771],[104.655656,20.970002],[104.65241,20.96549],[104.649734,20.96463],[104.652437,20.960176],[104.651344,20.957361],[104.656386,20.949596],[104.655192,20.946642],[104.660454,20.945986],[104.66121,20.943271],[104.658284,20.93858],[104.659358,20.937363],[104.650906,20.933742],[104.649132,20.931548],[104.659828,20.921618],[104.659373,20.92057],[104.656876,20.921805],[104.655677,20.920269],[104.650297,20.92535],[104.647469,20.924565],[104.649314,20.919302],[104.647375,20.903066],[104.644574,20.900904],[104.644536,20.896878],[104.639503,20.893676],[104.631046,20.893495],[104.612385,20.902802],[104.608719,20.909139],[104.597641,20.917232],[104.595332,20.921209],[104.595851,20.922972],[104.584909,20.936726],[104.578221,20.939288],[104.576957,20.941491],[104.565993,20.941325],[104.559264,20.946003],[104.557356,20.950257],[104.550447,20.953746],[104.54976,20.957339],[104.541626,20.956271],[104.53451,20.958856],[104.53042,20.962743],[104.520946,20.965003],[104.519035,20.969551],[104.522373,20.972062],[104.521779,20.979947],[104.518193,20.980183],[104.517913,20.983258],[104.52177,20.985888],[104.528474,20.980713],[104.533015,20.979774],[104.53319,20.983747],[104.537563,20.991514],[104.540188,20.992824],[104.546739,21.001299],[104.546154,21.003509],[104.53205,21.010004],[104.542556,21.027217],[104.542065,21.035064],[104.540204,21.039045],[104.542382,21.046019],[104.541656,21.049932],[104.549064,21.057379],[104.551896,21.064803],[104.55644,21.065044]]]}},{"type":"Feature","properties":{"code":"04018","name":"Xã Tô Múa","type":"Xã"},"geometry":{"type":"Polygon","coordinates":[[[104.765036,21.045988],[104.791314,21.042421],[104.801832,21.032965],[104.822848,21.037359],[104.843878,21.029858],[104.841865,21.019992],[104.837738,21.018656],[104.83384,21.012861],[104.835206,21.010301],[104.833619,21.004888],[104.8382,21.000533],[104.846893,20.998314],[104.849934,20.987372],[104.846705,20.983411],[104.848796,20.981618],[104.848238,20.979722],[104.852881,20.980327],[104.856198,20.975286],[104.853405,20.968431],[104.849596,20.966886],[104.849252,20.962001],[104.845356,20.961609],[104.84072,20.957152],[104.840122,20.951663],[104.843075,20.948316],[104.842964,20.946332],[104.840786,20.943701],[104.837599,20.942874],[104.832845,20.930894],[104.837905,20.930234],[104.840522,20.92308],[104.846399,20.916072],[104.846584,20.91147],[104.854221,20.913644],[104.855722,20.911672],[104.866044,20.913811],[104.867902,20.912815],[104.872006,20.894197],[104.876845,20.88646],[104.874442,20.882758],[104.874072,20.876823],[104.875306,20.876303],[104.873775,20.87603],[104.881246,20.875657],[104.884108,20.871099],[104.893335,20.865867],[104.892929,20.863225],[104.885222,20.865312],[104.874358,20.862553],[104.86889,20.857325],[104.868483,20.854184],[104.872467,20.851833],[104.871571,20.847967],[104.873367,20.840697],[104.883717,20.837511],[104.884996,20.834787],[104.881032,20.818935],[104.877604,20.816569],[104.86698,20.818311],[104.864434,20.816616],[104.860497,20.818989],[104.854889,20.819178],[104.854819,20.820989],[104.853053,20.821326],[104.849881,20.818758],[104.849218,20.813653],[104.846201,20.812856],[104.844535,20.805744],[104.839241,20.803579],[104.826044,20.807979],[104.812207,20.80525],[104.808695,20.808086],[104.806724,20.812369],[104.802898,20.814453],[104.800074,20.819448],[104.794544,20.819729],[104.792078,20.82229],[104.763779,20.819584],[104.759919,20.821113],[104.758685,20.823938],[104.763673,20.832958],[104.763325,20.837156],[104.767359,20.83759],[104.776852,20.845867],[104.782201,20.846205],[104.785389,20.84463],[104.78728,20.846055],[104.780234,20.851566],[104.77925,20.854698],[104.780646,20.856949],[104.778544,20.859397],[104.779021,20.861825],[104.777264,20.861188],[104.77561,20.864595],[104.799158,20.863281],[104.800405,20.860981],[104.803689,20.860808],[104.807148,20.862172],[104.809933,20.86133],[104.813157,20.864714],[104.817101,20.865675],[104.822354,20.863486],[104.821193,20.865155],[104.822683,20.869085],[104.821587,20.872481],[104.815812,20.87915],[104.809336,20.880752],[104.807463,20.883304],[104.810901,20.892502],[104.812995,20.893434],[104.803828,20.905164],[104.809005,20.904844],[104.809262,20.910701],[104.80743,20.916947],[104.804621,20.916071],[104.798428,20.91897],[104.797828,20.920597],[104.794399,20.921057],[104.791516,20.925747],[104.784875,20.930221],[104.779532,20.936836],[104.779573,20.939216],[104.783265,20.943211],[104.78167,20.948922],[104.787524,20.951182],[104.787874,20.956924],[104.79016,20.96101],[104.794377,20.963983],[104.794445,20.966756],[104.793619,20.969727],[104.789577,20.971321],[104.791069,20.976403],[104.789263,20.978581],[104.790219,20.986226],[104.786639,20.989893],[104.783912,20.997503],[104.777785,21.003104],[104.771469,21.018837],[104.760956,21.028229],[104.764645,21.033336],[104.763741,21.042683],[104.765036,21.045988]]]}},{"type":"Feature","properties":{"code":"03958","name":"Xã Tường Hạ","type":"Xã"},"geometry":{"type":"Polygon","coordinates":[[[104.716266,21.204132],[104.72816,21.202127],[104.72565,21.199634],[104.725426,21.196426],[104.730889,21.193754],[104.73558,21.187202],[104.73076,21.182619],[104.732763,21.181045],[104.733282,21.17698],[104.72993,21.173735],[104.727403,21.167376],[104.729143,21.16244],[104.733132,21.158134],[104.732763,21.155802],[104.729769,21.153693],[104.7346,21.148373],[104.726595,21.142461],[104.726738,21.139818],[104.728884,21.137752],[104.72842,21.133945],[104.742617,21.134509],[104.745937,21.130309],[104.753593,21.128683],[104.744553,21.119425],[104.73902,21.119177],[104.732206,21.116403],[104.719512,21.10746],[104.714013,21.111962],[104.70871,21.11182],[104.706864,21.11321],[104.706558,21.1087],[104.710552,21.102199],[104.708959,21.096872],[104.698937,21.098638],[104.691696,21.095465],[104.69567,21.089651],[104.687206,21.084094],[104.685881,21.080387],[104.678465,21.077588],[104.673846,21.078022],[104.669628,21.089889],[104.646782,21.102277],[104.642683,21.110759],[104.634228,21.113023],[104.637031,21.123243],[104.631334,21.134572],[104.614325,21.14371],[104.615765,21.149126],[104.605869,21.156019],[104.60357,21.159726],[104.604969,21.168257],[104.598175,21.175391],[104.602924,21.183014],[104.612788,21.187939],[104.622913,21.18315],[104.625936,21.185625],[104.625605,21.190574],[104.627593,21.194509],[104.640433,21.198559],[104.647144,21.196619],[104.646183,21.186345],[104.655596,21.185886],[104.660281,21.18836],[104.664482,21.178275],[104.669957,21.177771],[104.671753,21.181055],[104.677671,21.178774],[104.68365,21.179472],[104.688455,21.183347],[104.691936,21.183062],[104.698424,21.187667],[104.701017,21.193887],[104.707118,21.195714],[104.708966,21.19379],[104.712146,21.194569],[104.714648,21.202405],[104.716266,21.204132]]]}},{"type":"Feature","properties":{"code":"03880","name":"Xã Tạ Khoa","type":"Xã"},"geometry":{"type":"Polygon","coordinates":[[[104.327695,21.217507],[104.345842,21.217555],[104.366863,21.208983],[104.383774,21.199947],[104.404254,21.175909],[104.409247,21.165455],[104.418817,21.158095],[104.422869,21.145273],[104.438761,21.142016],[104.452225,21.131144],[104.458084,21.131609],[104.455852,21.12152],[104.452718,21.120851],[104.451203,21.118072],[104.443559,21.116894],[104.440933,21.120569],[104.437261,21.121295],[104.434716,21.123811],[104.4314,21.122622],[104.42573,21.115881],[104.422536,21.117352],[104.414952,21.116543],[104.399482,21.10804],[104.395675,21.104527],[104.391306,21.09645],[104.384201,21.094551],[104.382079,21.090383],[104.378409,21.093948],[104.365964,21.100284],[104.36034,21.108135],[104.357138,21.10883],[104.357214,21.106379],[104.355008,21.105152],[104.351021,21.107058],[104.343696,21.106903],[104.321476,21.118291],[104.317215,21.124695],[104.311295,21.128818],[104.306717,21.128039],[104.303495,21.130255],[104.295487,21.131505],[104.290048,21.139995],[104.285638,21.139677],[104.274945,21.144398],[104.270336,21.14762],[104.263413,21.157737],[104.256893,21.159258],[104.254231,21.163641],[104.241796,21.168749],[104.227731,21.185972],[104.220211,21.191652],[104.222777,21.196577],[104.234168,21.203524],[104.237955,21.207983],[104.245682,21.211417],[104.249388,21.210446],[104.254002,21.214035],[104.256508,21.222225],[104.266369,21.214968],[104.27512,21.213858],[104.278195,21.219763],[104.277551,21.223165],[104.279985,21.229084],[104.292141,21.239609],[104.296834,21.231344],[104.301857,21.227842],[104.327695,21.217507]]]}},{"type":"Feature","properties":{"code":"04048","name":"Xã Vân Hồ","type":"Xã"},"geometry":{"type":"Polygon","coordinates":[[[104.885222,20.865312],[104.893388,20.86309],[104.896917,20.859955],[104.903417,20.864296],[104.90691,20.863897],[104.911918,20.856001],[104.914141,20.855557],[104.91749,20.849827],[104.919311,20.849536],[104.920407,20.844868],[104.926196,20.845287],[104.927259,20.84324],[104.930587,20.843883],[104.936014,20.840058],[104.93941,20.841271],[104.942778,20.838185],[104.954956,20.834861],[104.955675,20.830661],[104.961436,20.825143],[104.957761,20.823397],[104.956495,20.820552],[104.965925,20.817849],[104.968146,20.819568],[104.984426,20.812904],[104.994014,20.810698],[104.997675,20.814556],[105.001578,20.814435],[105.011252,20.807092],[105.012584,20.804417],[105.018775,20.805887],[105.031378,20.798887],[105.032529,20.795353],[105.02934,20.780063],[105.032914,20.773673],[105.024825,20.776016],[105.020188,20.779333],[105.018075,20.777644],[105.015173,20.777846],[105.006712,20.769318],[104.998152,20.770178],[104.995501,20.772085],[104.993227,20.769164],[104.992126,20.763651],[104.994371,20.762287],[104.990102,20.754127],[104.993126,20.750623],[104.9962,20.751109],[105.002435,20.748739],[105.006023,20.744758],[105.010853,20.742799],[105.011485,20.740317],[105.013458,20.740453],[105.013303,20.73271],[105.0161,20.731206],[105.018787,20.725882],[105.013735,20.722691],[104.991092,20.722902],[104.987622,20.724471],[104.985343,20.721573],[104.983184,20.721406],[104.969337,20.732539],[104.963653,20.735156],[104.961173,20.73416],[104.955707,20.737844],[104.954968,20.739996],[104.949565,20.741345],[104.949327,20.737701],[104.947524,20.736743],[104.933828,20.748727],[104.928899,20.747112],[104.925948,20.74793],[104.924114,20.743842],[104.91944,20.748589],[104.908736,20.749349],[104.90654,20.752344],[104.884496,20.763846],[104.88245,20.766923],[104.87462,20.767576],[104.870697,20.765312],[104.868445,20.769618],[104.863762,20.76908],[104.862298,20.760123],[104.859331,20.753245],[104.836961,20.754935],[104.83888,20.747682],[104.816703,20.753432],[104.813762,20.759137],[104.807181,20.760613],[104.806067,20.754526],[104.797496,20.750517],[104.794718,20.752323],[104.779199,20.752834],[104.775512,20.760737],[104.771457,20.759878],[104.771075,20.752859],[104.764939,20.754684],[104.759916,20.754247],[104.753136,20.758273],[104.747283,20.75824],[104.742515,20.761611],[104.739956,20.75999],[104.73489,20.761498],[104.733833,20.760183],[104.729451,20.761553],[104.718951,20.768994],[104.71245,20.76953],[104.702184,20.767095],[104.700508,20.767737],[104.69871,20.773119],[104.694821,20.774509],[104.691348,20.778613],[104.687955,20.778433],[104.687424,20.781003],[104.680957,20.786585],[104.677828,20.792319],[104.674444,20.793375],[104.674068,20.798055],[104.668419,20.798397],[104.668631,20.800334],[104.662792,20.810513],[104.670078,20.81384],[104.673329,20.808852],[104.685416,20.808333],[104.688983,20.810455],[104.697087,20.805487],[104.711,20.806129],[104.71363,20.803031],[104.716022,20.805781],[104.718615,20.806217],[104.721936,20.804953],[104.72504,20.806091],[104.727903,20.804515],[104.731142,20.809205],[104.73939,20.81047],[104.744796,20.807866],[104.750571,20.808083],[104.756103,20.814058],[104.761359,20.812455],[104.77619,20.814085],[104.778612,20.815111],[104.778604,20.821024],[104.792078,20.82229],[104.794544,20.819729],[104.800074,20.819448],[104.802898,20.814453],[104.806724,20.812369],[104.808695,20.808086],[104.812207,20.80525],[104.826044,20.807979],[104.839241,20.803579],[104.844535,20.805744],[104.846201,20.812856],[104.849218,20.813653],[104.849881,20.818758],[104.853053,20.821326],[104.854819,20.820989],[104.854889,20.819178],[104.860497,20.818989],[104.864434,20.816616],[104.86698,20.818311],[104.877604,20.816569],[104.881032,20.818935],[104.884996,20.834787],[104.883717,20.837511],[104.873367,20.840697],[104.871571,20.847967],[104.872467,20.851833],[104.868483,20.854184],[104.868762,20.856553],[104.874358,20.862553],[104.885222,20.865312]]]}},{"type":"Feature","properties":{"code":"04057","name":"Xã Xuân Nha","type":"Xã"},"geometry":{"type":"Polygon","coordinates":[[[104.779035,20.753202],[104.794718,20.752323],[104.797496,20.750517],[104.806067,20.754526],[104.807181,20.760613],[104.813762,20.759137],[104.816703,20.753432],[104.83888,20.747682],[104.837195,20.746811],[104.837211,20.734073],[104.845906,20.730973],[104.840655,20.722705],[104.839264,20.716163],[104.84137,20.713147],[104.840914,20.710963],[104.849026,20.702862],[104.844505,20.701381],[104.842722,20.699007],[104.838202,20.700462],[104.835677,20.69645],[104.839984,20.690661],[104.841243,20.680319],[104.83679,20.659555],[104.838867,20.660216],[104.846233,20.650842],[104.838438,20.648175],[104.832139,20.643426],[104.827913,20.643129],[104.822136,20.639355],[104.817089,20.638344],[104.812963,20.631453],[104.809674,20.633375],[104.807142,20.630882],[104.807324,20.625421],[104.804665,20.624905],[104.803726,20.620804],[104.799805,20.618596],[104.797296,20.619073],[104.796782,20.616601],[104.798174,20.607005],[104.800736,20.604489],[104.798369,20.59613],[104.80159,20.593105],[104.802723,20.586679],[104.800121,20.584122],[104.793101,20.581775],[104.782176,20.583869],[104.779204,20.579635],[104.780779,20.575943],[104.777449,20.574771],[104.77166,20.575142],[104.76604,20.584997],[104.764439,20.583964],[104.760773,20.585027],[104.755507,20.577568],[104.744797,20.576845],[104.743646,20.574284],[104.740266,20.573602],[104.736121,20.578177],[104.733288,20.57884],[104.728018,20.58755],[104.723419,20.591746],[104.720988,20.599219],[104.722626,20.603539],[104.718174,20.603322],[104.714459,20.605491],[104.706784,20.602432],[104.695702,20.602439],[104.695529,20.604041],[104.692478,20.600443],[104.693273,20.598082],[104.683351,20.596191],[104.684919,20.600391],[104.683497,20.602353],[104.683646,20.611537],[104.678543,20.614631],[104.671,20.62322],[104.661617,20.623958],[104.660534,20.628682],[104.656995,20.631649],[104.655977,20.635217],[104.651518,20.640127],[104.647567,20.640807],[104.644573,20.646682],[104.638131,20.651709],[104.639066,20.666075],[104.636265,20.672192],[104.634231,20.672147],[104.638407,20.673987],[104.640298,20.676829],[104.643808,20.677674],[104.644461,20.68025],[104.648085,20.681165],[104.666276,20.678713],[104.670479,20.682123],[104.678016,20.679741],[104.700434,20.683348],[104.716447,20.68324],[104.726808,20.692706],[104.718202,20.70426],[104.722268,20.713336],[104.716755,20.713524],[104.717047,20.718317],[104.719247,20.720423],[104.718314,20.726289],[104.72025,20.727756],[104.724321,20.72579],[104.72733,20.726696],[104.729142,20.724775],[104.733597,20.725364],[104.733865,20.729453],[104.735905,20.729642],[104.737829,20.732546],[104.742382,20.732822],[104.743471,20.729966],[104.746345,20.729335],[104.750598,20.736033],[104.753099,20.735867],[104.754633,20.737862],[104.753362,20.743198],[104.755099,20.752449],[104.752301,20.758235],[104.759916,20.754247],[104.764939,20.754684],[104.771075,20.752859],[104.771457,20.759878],[104.775512,20.760737],[104.779035,20.753202]]]}},{"type":"Feature","properties":{"code":"03862","name":"Xã Xím Vàng","type":"Xã"},"geometry":{"type":"Polygon","coordinates":[[[104.295253,21.438351],[104.303119,21.437543],[104.3038,21.433285],[104.311278,21.432023],[104.319956,21.428091],[104.322122,21.419392],[104.331292,21.408074],[104.34289,21.409145],[104.34214,21.414889],[104.34383,21.417821],[104.347124,21.419396],[104.354687,21.4143],[104.356228,21.40949],[104.360756,21.406771],[104.363688,21.401314],[104.3697,21.398043],[104.372898,21.398294],[104.374156,21.394838],[104.37755,21.394414],[104.38258,21.389329],[104.395976,21.392387],[104.41295,21.386034],[104.41431,21.382132],[104.418284,21.380121],[104.420852,21.373926],[104.420388,21.370517],[104.421993,21.368324],[104.420027,21.360727],[104.42874,21.354991],[104.433216,21.354157],[104.435503,21.348844],[104.434414,21.338136],[104.435488,21.334474],[104.431361,21.330993],[104.428359,21.330463],[104.420819,21.31707],[104.404787,21.314994],[104.397536,21.316118],[104.3972,21.313972],[104.393366,21.31104],[104.389762,21.313923],[104.389955,21.316441],[104.383607,21.316672],[104.381917,21.314448],[104.382263,21.311478],[104.380265,21.310108],[104.376619,21.315254],[104.373546,21.314803],[104.372272,21.313019],[104.370994,21.314697],[104.368451,21.312282],[104.366405,21.315601],[104.361292,21.317932],[104.35437,21.318228],[104.354857,21.314453],[104.350207,21.308906],[104.347621,21.310226],[104.343308,21.316958],[104.334038,21.319247],[104.330634,21.318381],[104.328523,21.316239],[104.328478,21.313819],[104.330756,21.313145],[104.329424,21.309982],[104.324513,21.30655],[104.326603,21.303265],[104.326758,21.297022],[104.322308,21.290576],[104.32204,21.284632],[104.31852,21.282851],[104.321607,21.280378],[104.323159,21.281527],[104.323964,21.279704],[104.32116,21.277194],[104.323866,21.274867],[104.321723,21.272734],[104.305458,21.286793],[104.294085,21.286636],[104.289621,21.288411],[104.287998,21.287029],[104.280744,21.289582],[104.27894,21.292695],[104.280899,21.298022],[104.277648,21.304868],[104.271744,21.2977],[104.267197,21.299949],[104.253786,21.29837],[104.255821,21.303212],[104.261851,21.307237],[104.250409,21.300828],[104.248345,21.304495],[104.251708,21.305266],[104.252549,21.307146],[104.241996,21.328028],[104.243021,21.329702],[104.241508,21.332973],[104.24198,21.338212],[104.238387,21.343482],[104.239178,21.346803],[104.230946,21.347394],[104.224691,21.356072],[104.212184,21.361785],[104.209899,21.369425],[104.20532,21.37233],[104.206984,21.372086],[104.210424,21.376045],[104.210029,21.37948],[104.213352,21.382283],[104.21863,21.380742],[104.225621,21.381431],[104.228444,21.383911],[104.224656,21.384533],[104.223734,21.386592],[104.226022,21.388687],[104.22999,21.387473],[104.234519,21.390072],[104.242128,21.390757],[104.243452,21.389022],[104.244174,21.390836],[104.247169,21.390548],[104.248575,21.394893],[104.246991,21.395307],[104.250092,21.398036],[104.25213,21.405633],[104.262417,21.414102],[104.262527,21.416247],[104.267564,21.422554],[104.267283,21.424519],[104.275169,21.423286],[104.2791,21.430787],[104.286465,21.43235],[104.295253,21.438351]]]}},{"type":"Feature","properties":{"code":"04075","name":"Xã Yên Châu","type":"Xã"},"geometry":{"type":"Polygon","coordinates":[[[104.227186,21.186164],[104.241796,21.168749],[104.254231,21.163641],[104.256893,21.159258],[104.263413,21.157737],[104.270336,21.14762],[104.274945,21.144398],[104.285638,21.139677],[104.290048,21.139995],[104.295487,21.131505],[104.303495,21.130255],[104.306717,21.128039],[104.311295,21.128818],[104.317215,21.124695],[104.321476,21.118291],[104.343696,21.106903],[104.351021,21.107058],[104.355008,21.105152],[104.357214,21.106379],[104.357138,21.10883],[104.36034,21.108135],[104.365964,21.100284],[104.378409,21.093948],[104.382079,21.090383],[104.380965,21.075699],[104.376165,21.076588],[104.371279,21.073846],[104.371981,21.066012],[104.373448,21.064932],[104.369187,21.057137],[104.355479,21.039043],[104.347182,21.031195],[104.346926,21.029177],[104.352309,21.024465],[104.351325,21.02232],[104.356323,21.013918],[104.349455,21.0082],[104.34415,21.007833],[104.33903,21.003524],[104.326732,20.979833],[104.327764,20.977476],[104.325634,20.97458],[104.315612,20.97655],[104.299389,20.984119],[104.288092,20.99054],[104.28818,20.992299],[104.271645,20.995156],[104.272608,20.997374],[104.275541,20.99835],[104.270824,21.00011],[104.27058,21.002979],[104.266164,21.005408],[104.266031,21.007038],[104.258148,21.007977],[104.255965,21.010826],[104.253205,21.010977],[104.248233,21.017529],[104.245363,21.016477],[104.236434,21.020152],[104.231508,21.028939],[104.230856,21.034639],[104.225688,21.040861],[104.228133,21.044698],[104.224699,21.047572],[104.226286,21.048868],[104.226646,21.053553],[104.224688,21.059784],[104.219269,21.063673],[104.215312,21.06157],[104.21365,21.066021],[104.208228,21.071191],[104.209405,21.077275],[104.206486,21.08202],[104.207733,21.084964],[104.20521,21.088024],[104.206509,21.090868],[104.204989,21.095593],[104.20744,21.099509],[104.20712,21.103448],[104.209345,21.102773],[104.210982,21.10414],[104.211797,21.108441],[104.207104,21.110442],[104.201736,21.118349],[104.199159,21.11937],[104.201223,21.122442],[104.19788,21.125966],[104.197043,21.129285],[104.200259,21.137394],[104.204241,21.140311],[104.205822,21.144623],[104.204509,21.148484],[104.201322,21.149707],[104.198862,21.156561],[104.208641,21.167371],[104.213321,21.167772],[104.212542,21.169583],[104.214689,21.171545],[104.211707,21.172825],[104.212687,21.175271],[104.217374,21.179476],[104.221763,21.180155],[104.221104,21.181009],[104.227186,21.186164]]]}},{"type":"Feature","properties":{"code":"04087","name":"Xã Yên Sơn","type":"Xã"},"geometry":{"type":"Polygon","coordinates":[[[104.207855,21.079868],[104.208228,21.071191],[104.21365,21.066021],[104.215312,21.06157],[104.219269,21.063673],[104.224688,21.059784],[104.226646,21.053553],[104.226286,21.048868],[104.224699,21.047572],[104.228133,21.044698],[104.225688,21.040861],[104.230856,21.034639],[104.232686,21.025971],[104.236434,21.020152],[104.245363,21.016477],[104.248233,21.017529],[104.249681,21.014743],[104.246988,21.002224],[104.248149,20.999626],[104.244379,20.998794],[104.240163,21.000198],[104.239156,20.997439],[104.234116,20.998108],[104.223213,20.995281],[104.221378,20.993766],[104.220757,20.989774],[104.2186,20.990633],[104.216542,20.988494],[104.213465,20.982096],[104.214433,20.969213],[104.21821,20.961947],[104.225018,20.959979],[104.241011,20.96314],[104.239724,20.958532],[104.235285,20.954672],[104.232317,20.947324],[104.227813,20.942804],[104.228616,20.938967],[104.215331,20.938015],[104.212885,20.942822],[104.207187,20.943042],[104.203802,20.946612],[104.194461,20.94578],[104.189506,20.95213],[104.191699,20.95461],[104.188442,20.956905],[104.186151,20.955152],[104.178335,20.953962],[104.157003,20.955631],[104.136887,20.948008],[104.130318,20.949371],[104.126727,20.957055],[104.125927,20.9647],[104.119184,20.97288],[104.119652,20.976838],[104.122468,20.979921],[104.120349,20.989099],[104.12365,20.991375],[104.125541,20.996425],[104.120029,21.001709],[104.115312,21.003392],[104.119477,21.007816],[104.121612,21.008002],[104.124451,21.012181],[104.126454,21.01185],[104.127325,21.015045],[104.131675,21.017921],[104.133898,21.018279],[104.139598,21.014714],[104.144807,21.01852],[104.15296,21.017381],[104.157521,21.02193],[104.157008,21.024759],[104.160631,21.028047],[104.162339,21.032938],[104.165848,21.03492],[104.167775,21.038407],[104.172802,21.03916],[104.169955,21.042683],[104.167896,21.04243],[104.16814,21.044218],[104.173577,21.045829],[104.181096,21.060673],[104.191029,21.065561],[104.192862,21.065192],[104.196301,21.068127],[104.203557,21.069011],[104.206655,21.071502],[104.207855,21.079868]]]}},{"type":"Feature","properties":{"code":"04000","name":"Xã Đoàn Kết","type":"Xã"},"geometry":{"type":"Polygon","coordinates":[[[104.750314,20.849831],[104.753083,20.84828],[104.75791,20.835997],[104.752548,20.834539],[104.74868,20.835314],[104.744891,20.838418],[104.736838,20.840388],[104.732068,20.839443],[104.728787,20.834594],[104.722472,20.838991],[104.717978,20.84532],[104.713412,20.848482],[104.713887,20.850974],[104.725563,20.850616],[104.728595,20.856674],[104.724899,20.857585],[104.72429,20.86483],[104.729152,20.865077],[104.732669,20.867914],[104.735701,20.868139],[104.737676,20.871873],[104.735468,20.872239],[104.734846,20.874173],[104.728195,20.874287],[104.717928,20.87903],[104.714251,20.8852],[104.712597,20.892696],[104.709114,20.89389],[104.704146,20.892167],[104.699108,20.898958],[104.696505,20.897952],[104.689078,20.904297],[104.682004,20.904481],[104.680186,20.909242],[104.675951,20.913004],[104.675311,20.916186],[104.668846,20.921238],[104.66356,20.921721],[104.66166,20.924877],[104.658138,20.923127],[104.649132,20.931548],[104.650906,20.933742],[104.659358,20.937363],[104.658284,20.93858],[104.66121,20.943271],[104.660454,20.945986],[104.655192,20.946642],[104.656386,20.949596],[104.651344,20.957361],[104.652437,20.960176],[104.649734,20.96463],[104.65241,20.96549],[104.655613,20.969884],[104.655926,20.974468],[104.653688,20.977054],[104.655564,20.978668],[104.655476,20.982026],[104.661619,20.981618],[104.660598,20.982974],[104.662394,20.985824],[104.671578,20.987793],[104.676135,20.987827],[104.679643,20.982398],[104.687975,20.989184],[104.691369,20.986178],[104.691282,20.998051],[104.693864,21.000514],[104.697956,21.00122],[104.696493,21.005601],[104.697836,21.008538],[104.697138,21.017525],[104.699975,21.031403],[104.694977,21.036454],[104.693401,21.046629],[104.702144,21.048879],[104.707842,21.053947],[104.710633,21.067763],[104.712905,21.070925],[104.716137,21.069535],[104.728335,21.057427],[104.753271,21.047908],[104.765036,21.045988],[104.763741,21.042683],[104.764645,21.033336],[104.760956,21.028229],[104.771469,21.018837],[104.777785,21.003104],[104.783912,20.997503],[104.786639,20.989893],[104.790219,20.986226],[104.789263,20.978581],[104.791069,20.976403],[104.789577,20.971321],[104.793619,20.969727],[104.794445,20.966756],[104.794377,20.963983],[104.79016,20.96101],[104.787874,20.956924],[104.787524,20.951182],[104.78167,20.948922],[104.783265,20.943211],[104.779573,20.939216],[104.779532,20.936836],[104.784875,20.930221],[104.791516,20.925747],[104.794399,20.921057],[104.797828,20.920597],[104.798428,20.91897],[104.804621,20.916071],[104.80743,20.916947],[104.809262,20.910701],[104.809005,20.904844],[104.803828,20.905164],[104.812995,20.893434],[104.810901,20.892502],[104.807463,20.883304],[104.809336,20.880752],[104.815812,20.87915],[104.821587,20.872481],[104.822683,20.869085],[104.821193,20.865155],[104.822354,20.863486],[104.817101,20.865675],[104.813157,20.864714],[104.809933,20.86133],[104.807148,20.862172],[104.803689,20.860808],[104.800405,20.860981],[104.799158,20.863281],[104.770385,20.865511],[104.764982,20.861653],[104.765037,20.857361],[104.763578,20.856793],[104.755158,20.861069],[104.752298,20.859577],[104.749664,20.85666],[104.750314,20.849831]]]}}]}