{"type":"FeatureCollection","features":[{"type":"Feature","properties":{"code":"05533","name":"Phường Bá Xuyên","type":"Phường"},"geometry":{"type":"Polygon","coordinates":[[[105.831606,21.51891],[105.832487,21.511225],[105.8361,21.510411],[105.837758,21.502586],[105.844298,21.49359],[105.843608,21.489623],[105.838534,21.48643],[105.842766,21.477412],[105.845292,21.475253],[105.845374,21.472355],[105.822079,21.469284],[105.823322,21.467041],[105.819883,21.465824],[105.819222,21.463984],[105.825034,21.460338],[105.825575,21.455036],[105.824047,21.455119],[105.822101,21.458506],[105.820039,21.458587],[105.805589,21.449911],[105.8017,21.450753],[105.796799,21.454751],[105.793487,21.461879],[105.79298,21.463639],[105.796848,21.46834],[105.793456,21.470336],[105.793219,21.473139],[105.796597,21.477257],[105.799518,21.477817],[105.801146,21.481198],[105.803775,21.480563],[105.808265,21.484416],[105.817041,21.480915],[105.818964,21.482586],[105.817746,21.489606],[105.819526,21.492948],[105.816452,21.499015],[105.821134,21.504984],[105.811971,21.50893],[105.814277,21.510422],[105.815041,21.519995],[105.819581,21.522562],[105.822043,21.521581],[105.822462,21.524131],[105.82458,21.524697],[105.831606,21.51891]]]}},{"type":"Feature","properties":{"code":"05528","name":"Phường Bách Quang","type":"Phường"},"geometry":{"type":"Polygon","coordinates":[[[105.90787,21.54042],[105.908992,21.537646],[105.905688,21.532147],[105.913368,21.521683],[105.915132,21.515651],[105.911505,21.516961],[105.910076,21.514124],[105.905375,21.517168],[105.904803,21.513949],[105.899864,21.512394],[105.897781,21.510239],[105.898274,21.507738],[105.896098,21.507776],[105.89378,21.500733],[105.888113,21.496474],[105.885932,21.491573],[105.87803,21.487087],[105.876445,21.483549],[105.874052,21.482893],[105.867536,21.47265],[105.858258,21.471317],[105.856455,21.468224],[105.854757,21.468141],[105.854557,21.469477],[105.84599,21.468262],[105.844765,21.471854],[105.845752,21.474139],[105.838534,21.48643],[105.843608,21.489623],[105.844298,21.49359],[105.837758,21.502586],[105.8361,21.510411],[105.831957,21.511676],[105.831606,21.51891],[105.82343,21.524808],[105.823943,21.529635],[105.826397,21.531071],[105.827387,21.52929],[105.837544,21.529647],[105.841313,21.526877],[105.841735,21.523828],[105.845265,21.524124],[105.849492,21.521645],[105.851549,21.523291],[105.855592,21.522219],[105.857561,21.52406],[105.862083,21.521167],[105.867467,21.524982],[105.868719,21.514738],[105.871784,21.522196],[105.874581,21.524392],[105.877032,21.520401],[105.879419,21.521068],[105.879236,21.516289],[105.884517,21.519465],[105.886081,21.527337],[105.891147,21.532332],[105.889834,21.537837],[105.891175,21.539679],[105.894513,21.538583],[105.896137,21.54285],[105.897979,21.539876],[105.902788,21.542546],[105.90787,21.54042]]]}},{"type":"Feature","properties":{"code":"01843","name":"Phường Bắc Kạn","type":"Phường"},"geometry":{"type":"Polygon","coordinates":[[[105.826587,22.151142],[105.839232,22.1538],[105.837692,22.151298],[105.833802,22.150686],[105.831744,22.143966],[105.835492,22.142036],[105.836067,22.137029],[105.839551,22.135531],[105.843345,22.130454],[105.849902,22.130275],[105.855907,22.126701],[105.863248,22.135014],[105.868141,22.132426],[105.873992,22.13593],[105.876742,22.13485],[105.878176,22.136572],[105.883978,22.13697],[105.885173,22.135461],[105.884535,22.125883],[105.888444,22.123294],[105.892379,22.12358],[105.894216,22.12672],[105.902405,22.127822],[105.916382,22.121937],[105.923317,22.122548],[105.926216,22.113023],[105.922412,22.110679],[105.921283,22.100725],[105.931075,22.088895],[105.926737,22.081109],[105.923503,22.08074],[105.918856,22.084686],[105.912758,22.083962],[105.909434,22.08157],[105.902952,22.084838],[105.899208,22.080419],[105.894744,22.067649],[105.890788,22.072727],[105.882748,22.075897],[105.882342,22.072247],[105.879603,22.069739],[105.875239,22.070625],[105.872783,22.06408],[105.868515,22.061921],[105.866595,22.066094],[105.86321,22.063392],[105.859574,22.063468],[105.856789,22.071048],[105.859031,22.079623],[105.855635,22.083105],[105.856972,22.087671],[105.854406,22.089789],[105.84033,22.093133],[105.823297,22.085015],[105.813654,22.094512],[105.811391,22.092344],[105.801149,22.096457],[105.796214,22.104601],[105.797113,22.110684],[105.800191,22.114954],[105.797934,22.120942],[105.799443,22.127928],[105.80202,22.129554],[105.804508,22.136541],[105.799372,22.135494],[105.7975,22.139067],[105.795388,22.13922],[105.798906,22.140931],[105.799555,22.143206],[105.803027,22.144159],[105.803462,22.146898],[105.80645,22.145204],[105.806498,22.148046],[105.809011,22.148904],[105.813627,22.146948],[105.816372,22.15001],[105.81565,22.153727],[105.818571,22.156027],[105.820528,22.156152],[105.826587,22.151142]]]}},{"type":"Feature","properties":{"code":"05467","name":"Phường Gia Sàng","type":"Phường"},"geometry":{"type":"Polygon","coordinates":[[[105.912121,21.586627],[105.913666,21.583909],[105.911748,21.581431],[105.914586,21.575302],[105.91465,21.570544],[105.916176,21.569457],[105.911662,21.564928],[105.910421,21.565338],[105.910079,21.563604],[105.907198,21.563492],[105.910147,21.560311],[105.910906,21.546788],[105.908232,21.546335],[105.907822,21.542885],[105.906098,21.542448],[105.90806,21.542005],[105.90787,21.54042],[105.902788,21.542546],[105.897979,21.539876],[105.896137,21.54285],[105.894513,21.538583],[105.891337,21.539755],[105.890119,21.538431],[105.89069,21.53493],[105.888586,21.53352],[105.883085,21.535773],[105.881224,21.533266],[105.869178,21.547913],[105.863306,21.553455],[105.859072,21.55516],[105.853307,21.567536],[105.852693,21.566488],[105.849285,21.567735],[105.843911,21.564799],[105.837613,21.568879],[105.8329,21.576918],[105.848807,21.580996],[105.848365,21.583162],[105.851097,21.581363],[105.855927,21.58423],[105.867746,21.56882],[105.876883,21.574784],[105.889483,21.579322],[105.896386,21.579482],[105.898234,21.582324],[105.901877,21.579826],[105.906652,21.584541],[105.910299,21.584161],[105.912121,21.586627]]]}},{"type":"Feature","properties":{"code":"05710","name":"Phường Linh Sơn","type":"Phường"},"geometry":{"type":"Polygon","coordinates":[[[105.81622,21.648389],[105.820663,21.642476],[105.826179,21.640057],[105.827327,21.637074],[105.837651,21.634712],[105.836973,21.631244],[105.839643,21.628848],[105.841582,21.632696],[105.84377,21.631503],[105.84564,21.633188],[105.845486,21.628343],[105.84785,21.628939],[105.84933,21.627637],[105.845671,21.624015],[105.846268,21.622029],[105.849649,21.621541],[105.853906,21.627741],[105.857357,21.627463],[105.858245,21.632651],[105.856919,21.635255],[105.85871,21.636704],[105.862406,21.635787],[105.864287,21.632724],[105.869245,21.633191],[105.880739,21.628629],[105.889214,21.630793],[105.894085,21.626172],[105.89957,21.626148],[105.904039,21.623985],[105.904625,21.616449],[105.902806,21.615283],[105.902326,21.612349],[105.89704,21.610764],[105.897951,21.603432],[105.894762,21.60167],[105.896932,21.600318],[105.896041,21.598221],[105.893942,21.601533],[105.890604,21.603242],[105.885346,21.601179],[105.881394,21.603877],[105.881711,21.60026],[105.876485,21.59623],[105.879629,21.593737],[105.882035,21.596437],[105.88643,21.596187],[105.889548,21.587386],[105.895161,21.58507],[105.897097,21.581059],[105.896386,21.579482],[105.886499,21.578358],[105.876396,21.574583],[105.867173,21.568946],[105.860122,21.578734],[105.86563,21.584507],[105.856525,21.594871],[105.857021,21.605163],[105.844403,21.603994],[105.839962,21.598779],[105.836699,21.598791],[105.833553,21.601783],[105.838145,21.612735],[105.837848,21.616423],[105.834843,21.616576],[105.829313,21.612559],[105.824526,21.611524],[105.806611,21.618905],[105.808149,21.627216],[105.802257,21.636694],[105.802223,21.641222],[105.809163,21.647836],[105.81622,21.648389]]]}},{"type":"Feature","properties":{"code":"05443","name":"Phường Phan Đình Phùng","type":"Phường"},"geometry":{"type":"Polygon","coordinates":[[[105.857446,21.604562],[105.856525,21.594871],[105.865416,21.585037],[105.86482,21.582402],[105.859053,21.579603],[105.85601,21.584206],[105.850939,21.581335],[105.848365,21.583162],[105.848807,21.580996],[105.829893,21.575651],[105.824551,21.566641],[105.806914,21.581457],[105.808173,21.585606],[105.804931,21.590958],[105.810114,21.591634],[105.815115,21.596481],[105.814216,21.599081],[105.816365,21.600982],[105.818549,21.599838],[105.821063,21.605151],[105.823691,21.603139],[105.825967,21.605165],[105.827161,21.602604],[105.838679,21.598452],[105.844012,21.603835],[105.855714,21.605634],[105.857446,21.604562]]]}},{"type":"Feature","properties":{"code":"05857","name":"Phường Phúc Thuận","type":"Phường"},"geometry":{"type":"Polygon","coordinates":[[[105.751113,21.49659],[105.769776,21.482125],[105.775779,21.480147],[105.776115,21.478187],[105.782662,21.477405],[105.788828,21.472141],[105.796848,21.46834],[105.792955,21.463538],[105.796799,21.454751],[105.8017,21.450753],[105.805589,21.449911],[105.820039,21.458587],[105.822291,21.458359],[105.824379,21.45492],[105.826616,21.455641],[105.829946,21.445014],[105.831935,21.444473],[105.830131,21.436994],[105.826842,21.436646],[105.827137,21.433459],[105.831451,21.426779],[105.828136,21.423093],[105.821808,21.423824],[105.827782,21.418256],[105.827147,21.416349],[105.823633,21.414496],[105.820324,21.416224],[105.818204,21.4142],[105.818901,21.4125],[105.81424,21.413819],[105.813431,21.412654],[105.812213,21.414844],[105.807374,21.41579],[105.799112,21.415131],[105.796839,21.416515],[105.796487,21.419764],[105.791799,21.419923],[105.789269,21.424849],[105.7851,21.42422],[105.785465,21.421425],[105.782704,21.424407],[105.781352,21.421422],[105.776987,21.42113],[105.776294,21.41969],[105.761591,21.429878],[105.751881,21.42193],[105.751212,21.427854],[105.748696,21.430092],[105.730916,21.417397],[105.72683,21.415775],[105.720952,21.416154],[105.723915,21.420745],[105.725348,21.427078],[105.72452,21.433005],[105.71346,21.43028],[105.711722,21.434844],[105.708034,21.435421],[105.705286,21.44297],[105.713985,21.453246],[105.712925,21.454757],[105.717693,21.46255],[105.716317,21.464367],[105.717271,21.465973],[105.723188,21.469022],[105.722151,21.47284],[105.727383,21.475015],[105.726735,21.480188],[105.731459,21.482476],[105.736934,21.482784],[105.738254,21.490813],[105.734338,21.49168],[105.735957,21.493242],[105.734379,21.496654],[105.729694,21.498056],[105.72022,21.505837],[105.709896,21.511555],[105.713345,21.513926],[105.716304,21.512674],[105.721499,21.516902],[105.74141,21.501028],[105.742929,21.497061],[105.746322,21.495368],[105.751113,21.49659]]]}},{"type":"Feature","properties":{"code":"05860","name":"Phường Phổ Yên","type":"Phường"},"geometry":{"type":"Polygon","coordinates":[[[105.887523,21.490257],[105.891276,21.478776],[105.891907,21.474055],[105.88913,21.472455],[105.889143,21.469897],[105.891928,21.469895],[105.891974,21.457266],[105.895601,21.457327],[105.897029,21.4607],[105.902096,21.460116],[105.909614,21.453939],[105.909721,21.451175],[105.911459,21.450742],[105.90935,21.449874],[105.910842,21.44766],[105.909307,21.446535],[105.910127,21.445398],[105.908551,21.443582],[105.910136,21.441901],[105.908656,21.44002],[105.910096,21.439522],[105.911231,21.433153],[105.904694,21.433568],[105.904659,21.431254],[105.888878,21.431054],[105.88952,21.425217],[105.885803,21.425219],[105.884629,21.421974],[105.882374,21.421743],[105.882229,21.417865],[105.877687,21.422776],[105.876092,21.407339],[105.869573,21.407478],[105.865784,21.409914],[105.861863,21.40603],[105.858545,21.40614],[105.858925,21.408359],[105.857421,21.407414],[105.851805,21.408635],[105.848867,21.404705],[105.853748,21.401626],[105.854018,21.399155],[105.852203,21.398833],[105.852819,21.39616],[105.843442,21.39556],[105.840435,21.398161],[105.838198,21.396732],[105.833415,21.402198],[105.832653,21.404286],[105.834711,21.405547],[105.833334,21.406612],[105.834331,21.408149],[105.830044,21.411173],[105.828858,21.417557],[105.821819,21.423714],[105.828136,21.423093],[105.831451,21.426779],[105.827137,21.433459],[105.826842,21.436646],[105.830131,21.436994],[105.831941,21.444322],[105.834794,21.443842],[105.836019,21.445199],[105.841999,21.445465],[105.84912,21.442844],[105.853856,21.444169],[105.855209,21.441993],[105.855745,21.442997],[105.85733,21.440963],[105.860209,21.441105],[105.860469,21.439434],[105.863387,21.43944],[105.86375,21.442641],[105.865763,21.442497],[105.867337,21.444533],[105.865231,21.447278],[105.861268,21.447788],[105.862183,21.449892],[105.864887,21.448491],[105.864154,21.450546],[105.87026,21.451115],[105.872632,21.455444],[105.875448,21.455449],[105.873464,21.457486],[105.874717,21.460177],[105.87158,21.465214],[105.870465,21.473947],[105.868492,21.474851],[105.87803,21.487087],[105.884785,21.490804],[105.887523,21.490257]]]}},{"type":"Feature","properties":{"code":"05482","name":"Phường Quan Triều","type":"Phường"},"geometry":{"type":"Polygon","coordinates":[[[105.787399,21.667419],[105.797243,21.664059],[105.802306,21.658391],[105.80469,21.652606],[105.809855,21.649789],[105.802032,21.640301],[105.802257,21.636694],[105.808149,21.627216],[105.806111,21.619348],[105.823629,21.611599],[105.828124,21.612025],[105.834843,21.616576],[105.83803,21.616287],[105.838145,21.612735],[105.835176,21.608168],[105.833535,21.600929],[105.827161,21.602604],[105.825967,21.605165],[105.823691,21.603139],[105.821172,21.60518],[105.818378,21.599736],[105.816365,21.600982],[105.813572,21.59832],[105.81052,21.59906],[105.807631,21.59665],[105.804906,21.597058],[105.799385,21.600426],[105.795292,21.607953],[105.797311,21.609793],[105.795987,21.612483],[105.79188,21.614405],[105.789935,21.613528],[105.790238,21.614905],[105.779072,21.613252],[105.776742,21.615312],[105.775645,21.61454],[105.774327,21.61802],[105.770047,21.621236],[105.763954,21.623389],[105.764106,21.625999],[105.767789,21.626679],[105.772273,21.631547],[105.768037,21.634436],[105.768632,21.636714],[105.772592,21.63957],[105.772178,21.641252],[105.775461,21.6427],[105.776256,21.645688],[105.778424,21.645223],[105.77833,21.649345],[105.774475,21.651831],[105.777901,21.656596],[105.775187,21.656318],[105.774764,21.657925],[105.778328,21.660427],[105.779446,21.663712],[105.787399,21.667419]]]}},{"type":"Feature","properties":{"code":"05455","name":"Phường Quyết Thắng","type":"Phường"},"geometry":{"type":"Polygon","coordinates":[[[105.772555,21.615292],[105.779072,21.613252],[105.790238,21.614905],[105.789935,21.613528],[105.79188,21.614405],[105.794662,21.613217],[105.797311,21.609793],[105.795311,21.607888],[105.800667,21.598609],[105.803831,21.598867],[105.804375,21.597349],[105.807451,21.596633],[105.811414,21.599084],[105.815157,21.597006],[105.809317,21.59108],[105.804907,21.590714],[105.808173,21.585606],[105.806914,21.581457],[105.818603,21.572421],[105.822879,21.566911],[105.827125,21.565354],[105.824065,21.562243],[105.819074,21.551968],[105.811145,21.550951],[105.808786,21.553126],[105.803712,21.549769],[105.80279,21.547435],[105.800053,21.549816],[105.802862,21.559923],[105.795531,21.565178],[105.788957,21.562539],[105.785291,21.559252],[105.77897,21.557443],[105.775756,21.559585],[105.777943,21.565525],[105.777885,21.567892],[105.776398,21.567452],[105.776756,21.569312],[105.774784,21.570143],[105.776594,21.572342],[105.773224,21.573222],[105.772432,21.576188],[105.767985,21.576389],[105.768873,21.580295],[105.766203,21.583224],[105.768711,21.583431],[105.771795,21.586389],[105.771598,21.592476],[105.775815,21.598873],[105.773785,21.600429],[105.775194,21.603625],[105.771987,21.605357],[105.773705,21.607625],[105.769967,21.608324],[105.770974,21.613974],[105.772555,21.615292]]]}},{"type":"Feature","properties":{"code":"05518","name":"Phường Sông Công","type":"Phường"},"geometry":{"type":"Polygon","coordinates":[[[105.867536,21.47265],[105.870465,21.473947],[105.87158,21.465214],[105.874717,21.460177],[105.873464,21.457486],[105.875448,21.455449],[105.872632,21.455444],[105.87026,21.451115],[105.864154,21.450546],[105.864887,21.448491],[105.862183,21.449892],[105.861268,21.447788],[105.865231,21.447278],[105.867337,21.444533],[105.865763,21.442497],[105.86375,21.442641],[105.86221,21.43896],[105.860209,21.441105],[105.85733,21.440963],[105.855745,21.442997],[105.855209,21.441993],[105.853856,21.444169],[105.84912,21.442844],[105.841999,21.445465],[105.836019,21.445199],[105.834363,21.443769],[105.830068,21.444937],[105.825288,21.459925],[105.819222,21.463984],[105.819883,21.465824],[105.823322,21.467041],[105.822079,21.469284],[105.844765,21.471854],[105.847007,21.46757],[105.854557,21.469477],[105.854757,21.468141],[105.856455,21.468224],[105.858258,21.471317],[105.867536,21.47265]]]}},{"type":"Feature","properties":{"code":"05899","name":"Phường Trung Thành","type":"Phường"},"geometry":{"type":"Polygon","coordinates":[[[105.896877,21.391301],[105.902346,21.389882],[105.904283,21.387319],[105.903139,21.385666],[105.906469,21.384778],[105.90737,21.38663],[105.908941,21.386433],[105.910139,21.381398],[105.913568,21.378764],[105.913821,21.375111],[105.9113,21.375807],[105.909031,21.374015],[105.901127,21.357048],[105.895527,21.351949],[105.898759,21.349563],[105.90703,21.352357],[105.908323,21.35017],[105.904176,21.34527],[105.898408,21.343157],[105.89397,21.343217],[105.887093,21.346028],[105.881499,21.338529],[105.881299,21.336308],[105.885075,21.333137],[105.887113,21.328916],[105.892395,21.326084],[105.875565,21.327885],[105.871394,21.329661],[105.868144,21.327078],[105.862948,21.337804],[105.858244,21.338471],[105.855789,21.342648],[105.856522,21.345964],[105.858654,21.345829],[105.852322,21.349283],[105.854655,21.352452],[105.851706,21.357453],[105.853696,21.359419],[105.855354,21.367309],[105.858129,21.368627],[105.858433,21.374604],[105.856129,21.37605],[105.84895,21.374468],[105.846097,21.380338],[105.848006,21.38087],[105.850507,21.37828],[105.855078,21.377905],[105.858774,21.378224],[105.858697,21.380919],[105.861763,21.380365],[105.861898,21.379059],[105.8652,21.378928],[105.864353,21.377341],[105.869822,21.373054],[105.873021,21.376146],[105.874191,21.37457],[105.877605,21.375154],[105.877139,21.376676],[105.878288,21.375525],[105.877602,21.374276],[105.880021,21.372658],[105.881407,21.376988],[105.886477,21.378175],[105.888103,21.38202],[105.892516,21.384911],[105.893502,21.390558],[105.89604,21.391445],[105.896398,21.394114],[105.896877,21.391301]]]}},{"type":"Feature","properties":{"code":"05500","name":"Phường Tích Lương","type":"Phường"},"geometry":{"type":"Polygon","coordinates":[[[105.853307,21.567536],[105.859072,21.55516],[105.863306,21.553455],[105.869178,21.547913],[105.881405,21.533106],[105.883085,21.535773],[105.891498,21.533761],[105.886081,21.527337],[105.884517,21.519465],[105.879676,21.516424],[105.879419,21.521068],[105.877032,21.520401],[105.874581,21.524392],[105.871784,21.522196],[105.868719,21.514738],[105.867467,21.524982],[105.862083,21.521167],[105.857561,21.52406],[105.855592,21.522219],[105.851549,21.523291],[105.849492,21.521645],[105.845265,21.524124],[105.841735,21.523828],[105.841313,21.526877],[105.837544,21.529647],[105.827387,21.52929],[105.826397,21.531071],[105.823943,21.529635],[105.825912,21.539004],[105.830419,21.541433],[105.830537,21.544937],[105.818594,21.5528],[105.827125,21.565354],[105.825093,21.568073],[105.829739,21.575504],[105.8329,21.576918],[105.837613,21.568879],[105.843911,21.564799],[105.849354,21.567738],[105.852693,21.566488],[105.853307,21.567536]]]}},{"type":"Feature","properties":{"code":"05890","name":"Phường Vạn Xuân","type":"Phường"},"geometry":{"type":"Polygon","coordinates":[[[105.911231,21.433153],[105.910246,21.428482],[105.913955,21.425492],[105.914849,21.415759],[105.917505,21.413346],[105.919608,21.414729],[105.927945,21.412905],[105.932522,21.404593],[105.935746,21.401004],[105.940916,21.398985],[105.942163,21.394461],[105.944535,21.392188],[105.943711,21.379201],[105.940809,21.373651],[105.93603,21.37178],[105.922543,21.374743],[105.916607,21.372653],[105.913821,21.375111],[105.913568,21.378764],[105.910139,21.381398],[105.909045,21.386344],[105.90737,21.38663],[105.906469,21.384778],[105.903139,21.385666],[105.903952,21.388263],[105.896509,21.391476],[105.896398,21.394114],[105.89604,21.391445],[105.893502,21.390558],[105.892516,21.384911],[105.888103,21.38202],[105.886477,21.378175],[105.881407,21.376988],[105.880021,21.372658],[105.877602,21.374276],[105.878288,21.375525],[105.877139,21.376676],[105.877605,21.375154],[105.874191,21.37457],[105.873021,21.376146],[105.869822,21.373054],[105.864353,21.377341],[105.8652,21.378928],[105.861898,21.379059],[105.861763,21.380365],[105.858697,21.380919],[105.858176,21.378006],[105.852197,21.37914],[105.850099,21.3824],[105.850131,21.387063],[105.853524,21.394492],[105.852203,21.398833],[105.854018,21.399155],[105.853748,21.401626],[105.848867,21.404705],[105.851302,21.408368],[105.858925,21.408359],[105.858545,21.40614],[105.861716,21.406001],[105.865784,21.409914],[105.869573,21.407478],[105.876092,21.407339],[105.877687,21.422776],[105.882229,21.417865],[105.882374,21.421743],[105.884629,21.421974],[105.885803,21.425219],[105.88952,21.425217],[105.888878,21.431054],[105.904659,21.431254],[105.904694,21.433568],[105.911231,21.433153]]]}},{"type":"Feature","properties":{"code":"01840","name":"Phường Đức Xuân","type":"Phường"},"geometry":{"type":"Polygon","coordinates":[[[105.807073,22.212086],[105.818592,22.210309],[105.833203,22.200713],[105.841144,22.200869],[105.841369,22.197354],[105.847181,22.193243],[105.852284,22.193319],[105.852612,22.190975],[105.858923,22.18584],[105.86706,22.185766],[105.867544,22.183918],[105.864453,22.179442],[105.865146,22.173075],[105.868712,22.170024],[105.870421,22.170808],[105.873274,22.169136],[105.873784,22.163873],[105.885816,22.157015],[105.889992,22.152475],[105.885672,22.151328],[105.885319,22.14506],[105.883798,22.142803],[105.884248,22.136924],[105.878176,22.136572],[105.876742,22.13485],[105.873992,22.13593],[105.868141,22.132426],[105.863248,22.135014],[105.855949,22.126694],[105.849902,22.130275],[105.843345,22.130454],[105.839551,22.135531],[105.836067,22.137029],[105.835492,22.142036],[105.831976,22.143634],[105.831669,22.146135],[105.833802,22.150686],[105.837692,22.151298],[105.839232,22.1538],[105.83688,22.158685],[105.833474,22.15951],[105.833547,22.163348],[105.831304,22.16746],[105.829091,22.167929],[105.826247,22.171798],[105.827334,22.186035],[105.82405,22.188684],[105.823314,22.191963],[105.808432,22.200113],[105.810236,22.204061],[105.807073,22.212086]]]}},{"type":"Feature","properties":{"code":"05809","name":"Xã An Khánh","type":"Xã"},"geometry":{"type":"Polygon","coordinates":[[[105.729298,21.662725],[105.732977,21.661766],[105.732857,21.65785],[105.73053,21.656525],[105.733107,21.650582],[105.74143,21.646929],[105.743396,21.642539],[105.741936,21.640291],[105.74443,21.638958],[105.744385,21.63512],[105.746014,21.632951],[105.74809,21.631754],[105.75036,21.634292],[105.752601,21.633834],[105.760576,21.623076],[105.763587,21.623956],[105.774327,21.61802],[105.775645,21.61454],[105.771495,21.614837],[105.769967,21.608324],[105.773705,21.607625],[105.771987,21.605357],[105.775194,21.603625],[105.773785,21.600429],[105.775942,21.599797],[105.771392,21.590534],[105.767997,21.594437],[105.764594,21.594574],[105.763088,21.591725],[105.760503,21.591473],[105.755319,21.596479],[105.743705,21.595634],[105.737063,21.604913],[105.730758,21.604033],[105.72847,21.606776],[105.72457,21.604304],[105.70871,21.605998],[105.706759,21.60989],[105.711233,21.609925],[105.708431,21.613911],[105.711684,21.617985],[105.709972,21.622857],[105.690898,21.619147],[105.688759,21.617279],[105.684028,21.623926],[105.671271,21.62807],[105.672486,21.632402],[105.667007,21.636087],[105.665824,21.643348],[105.662291,21.646751],[105.667711,21.655276],[105.673024,21.656256],[105.675212,21.654744],[105.677349,21.655753],[105.678486,21.653823],[105.682892,21.653869],[105.685548,21.651588],[105.688587,21.652883],[105.695526,21.647666],[105.698856,21.646954],[105.706708,21.6536],[105.709654,21.651493],[105.715184,21.65085],[105.726317,21.666133],[105.729298,21.662725]]]}},{"type":"Feature","properties":{"code":"01906","name":"Xã Ba Bể","type":"Xã"},"geometry":{"type":"Polygon","coordinates":[[[105.567002,22.469437],[105.595626,22.489651],[105.601306,22.487906],[105.611808,22.494975],[105.622186,22.495839],[105.628292,22.498267],[105.639779,22.491714],[105.643705,22.495364],[105.644912,22.498773],[105.65211,22.504043],[105.659751,22.498359],[105.662249,22.50143],[105.666775,22.501606],[105.674143,22.506024],[105.678164,22.505158],[105.683063,22.510723],[105.686362,22.505168],[105.682897,22.499537],[105.68176,22.493138],[105.684932,22.490626],[105.688753,22.481504],[105.686865,22.481787],[105.684922,22.479656],[105.680838,22.481456],[105.677363,22.47965],[105.675032,22.48041],[105.673575,22.476042],[105.668989,22.476816],[105.66383,22.474687],[105.669227,22.47056],[105.670058,22.467633],[105.668957,22.466404],[105.671581,22.465483],[105.670751,22.462092],[105.674441,22.458175],[105.675664,22.453079],[105.683365,22.449291],[105.681046,22.444612],[105.67903,22.44406],[105.682894,22.436169],[105.681376,22.422092],[105.684766,22.419545],[105.687667,22.413639],[105.699968,22.407993],[105.704955,22.402887],[105.706717,22.398352],[105.696761,22.392275],[105.693277,22.392669],[105.67715,22.38171],[105.655686,22.392673],[105.653118,22.38425],[105.653379,22.377605],[105.640723,22.366868],[105.637179,22.368046],[105.640705,22.372119],[105.638444,22.372587],[105.639957,22.379623],[105.635323,22.384636],[105.629903,22.384952],[105.628856,22.388894],[105.625407,22.390997],[105.622087,22.391579],[105.614451,22.38633],[105.611879,22.386435],[105.609338,22.388029],[105.607962,22.393475],[105.60623,22.394523],[105.600657,22.393847],[105.59052,22.383809],[105.58018,22.387642],[105.574953,22.395799],[105.573645,22.400326],[105.575486,22.40426],[105.574135,22.406307],[105.574851,22.411126],[105.570696,22.414257],[105.570767,22.419237],[105.565016,22.416766],[105.560055,22.409887],[105.55251,22.412275],[105.550264,22.420549],[105.555167,22.428431],[105.548392,22.437677],[105.555445,22.437651],[105.556886,22.439497],[105.555134,22.441074],[105.555576,22.445681],[105.559489,22.451301],[105.558146,22.454844],[105.55961,22.46258],[105.563103,22.463098],[105.567002,22.469437]]]}},{"type":"Feature","properties":{"code":"05605","name":"Xã Bình Thành","type":"Xã"},"geometry":{"type":"Polygon","coordinates":[[[105.566189,21.843842],[105.57566,21.836568],[105.575324,21.830809],[105.580625,21.828041],[105.584939,21.831217],[105.588078,21.830399],[105.587558,21.828878],[105.590637,21.823759],[105.594423,21.825488],[105.59894,21.82208],[105.602994,21.824499],[105.602309,21.820742],[105.599823,21.819346],[105.600152,21.817193],[105.596892,21.816278],[105.602846,21.814831],[105.602466,21.812069],[105.604705,21.811373],[105.60592,21.808022],[105.602193,21.808083],[105.59868,21.802981],[105.594522,21.802584],[105.593405,21.799863],[105.589832,21.798168],[105.591182,21.793315],[105.590246,21.791465],[105.596412,21.786794],[105.604445,21.787535],[105.607773,21.78474],[105.606289,21.780737],[105.601296,21.778317],[105.599609,21.774939],[105.59704,21.773629],[105.598051,21.766772],[105.589556,21.767552],[105.586064,21.764888],[105.584099,21.754278],[105.581944,21.75083],[105.577118,21.748079],[105.569961,21.748179],[105.569642,21.746059],[105.567633,21.745088],[105.555175,21.752084],[105.545728,21.753229],[105.543406,21.760573],[105.533068,21.759345],[105.524971,21.765723],[105.526264,21.768598],[105.533486,21.769601],[105.540355,21.776352],[105.549059,21.780617],[105.547745,21.786703],[105.549453,21.789735],[105.553683,21.792028],[105.554973,21.797353],[105.556703,21.797549],[105.556166,21.799936],[105.55278,21.800488],[105.550714,21.805417],[105.55141,21.809047],[105.553631,21.811551],[105.565568,21.816363],[105.56597,21.822898],[105.57093,21.826457],[105.56609,21.827487],[105.564045,21.83086],[105.565361,21.832213],[105.564724,21.834329],[105.562452,21.837333],[105.564638,21.837694],[105.566189,21.843842]]]}},{"type":"Feature","properties":{"code":"05587","name":"Xã Bình Yên","type":"Xã"},"geometry":{"type":"Polygon","coordinates":[[[105.576402,21.901966],[105.583092,21.902313],[105.583652,21.9009],[105.584192,21.896631],[105.581293,21.895083],[105.579252,21.891544],[105.580692,21.890739],[105.580324,21.884562],[105.582912,21.880959],[105.582832,21.878156],[105.589961,21.874365],[105.588586,21.87351],[105.589516,21.871827],[105.586892,21.87086],[105.588235,21.868679],[105.585762,21.864975],[105.589111,21.860613],[105.592309,21.859789],[105.591993,21.856114],[105.593453,21.856006],[105.608996,21.870357],[105.614095,21.872721],[105.617663,21.869064],[105.61622,21.862166],[105.620002,21.85645],[105.620513,21.852182],[105.618498,21.851687],[105.617651,21.84936],[105.622056,21.848376],[105.627057,21.837707],[105.622883,21.835218],[105.616649,21.834526],[105.617324,21.827764],[105.61495,21.822695],[105.610688,21.824585],[105.608112,21.823266],[105.602994,21.824499],[105.598498,21.822085],[105.594423,21.825488],[105.590637,21.823759],[105.587558,21.828878],[105.588078,21.830399],[105.584939,21.831217],[105.580625,21.828041],[105.575324,21.830809],[105.575551,21.836746],[105.572636,21.837542],[105.565463,21.846156],[105.552996,21.848016],[105.548648,21.846682],[105.545179,21.847526],[105.545125,21.849285],[105.538827,21.848133],[105.531927,21.850019],[105.529431,21.847845],[105.527112,21.850002],[105.52908,21.852551],[105.525375,21.863084],[105.522956,21.86621],[105.522695,21.870178],[105.518239,21.874138],[105.521284,21.884814],[105.525102,21.888095],[105.532802,21.887879],[105.535814,21.890325],[105.543051,21.890985],[105.546175,21.885214],[105.553934,21.882358],[105.556854,21.878509],[105.560629,21.880649],[105.562499,21.879674],[105.563012,21.882536],[105.567903,21.887414],[105.565773,21.893879],[105.566079,21.89914],[105.568809,21.898908],[105.57577,21.903138],[105.576402,21.901966]]]}},{"type":"Feature","properties":{"code":"02014","name":"Xã Bạch Thông","type":"Xã"},"geometry":{"type":"Polygon","coordinates":[[[105.694095,22.224705],[105.700071,22.214803],[105.700843,22.21069],[105.688041,22.201392],[105.689856,22.198507],[105.686493,22.195446],[105.689132,22.183522],[105.688632,22.181399],[105.684909,22.178642],[105.683239,22.174057],[105.687573,22.167787],[105.687837,22.163],[105.694937,22.158017],[105.695846,22.155687],[105.70183,22.157734],[105.71798,22.152255],[105.719903,22.153682],[105.728963,22.152326],[105.730958,22.148775],[105.738682,22.145263],[105.74297,22.146303],[105.747099,22.150093],[105.751991,22.149652],[105.754994,22.152974],[105.769195,22.148962],[105.771263,22.151778],[105.781952,22.154164],[105.787048,22.147923],[105.792326,22.146242],[105.79498,22.139671],[105.7975,22.139067],[105.799372,22.135494],[105.804508,22.136541],[105.80202,22.129554],[105.799443,22.127928],[105.797934,22.120942],[105.800194,22.11501],[105.797113,22.110684],[105.796208,22.104472],[105.797959,22.100708],[105.779126,22.097901],[105.775637,22.101192],[105.767415,22.102103],[105.75776,22.100114],[105.75746,22.096772],[105.755841,22.096301],[105.749432,22.099318],[105.746813,22.097238],[105.740601,22.096109],[105.737458,22.092336],[105.73312,22.093479],[105.730283,22.096615],[105.726714,22.096667],[105.725001,22.100005],[105.720128,22.098309],[105.715703,22.099591],[105.712859,22.098621],[105.706337,22.101424],[105.701412,22.095175],[105.701656,22.09076],[105.696842,22.087258],[105.696046,22.084458],[105.693264,22.089567],[105.684777,22.089369],[105.682834,22.091069],[105.678971,22.091004],[105.675195,22.088841],[105.668022,22.091331],[105.663467,22.089555],[105.660644,22.09564],[105.654294,22.098935],[105.651813,22.102597],[105.653314,22.105585],[105.650563,22.116269],[105.642076,22.119106],[105.639964,22.121821],[105.635033,22.121009],[105.632628,22.12656],[105.633859,22.127435],[105.634184,22.135542],[105.640673,22.142803],[105.642033,22.149626],[105.6401,22.152581],[105.640417,22.159813],[105.650529,22.171471],[105.655036,22.172943],[105.657076,22.176004],[105.657612,22.180454],[105.652128,22.182382],[105.649023,22.185824],[105.649307,22.18781],[105.660834,22.204291],[105.664326,22.20448],[105.6665,22.206942],[105.663722,22.210682],[105.665857,22.214998],[105.679841,22.223038],[105.691644,22.226116],[105.694095,22.224705]]]}},{"type":"Feature","properties":{"code":"01864","name":"Xã Bằng Thành","type":"Xã"},"geometry":{"type":"Polygon","coordinates":[[[105.740267,22.741266],[105.745144,22.73603],[105.746974,22.729392],[105.749527,22.729227],[105.751898,22.726687],[105.756086,22.727925],[105.758627,22.724935],[105.759425,22.720421],[105.751781,22.712793],[105.757338,22.700929],[105.762368,22.696164],[105.766116,22.696206],[105.767884,22.693982],[105.771642,22.694258],[105.777078,22.692075],[105.773562,22.68442],[105.770496,22.68329],[105.767828,22.678645],[105.761506,22.674442],[105.759846,22.670546],[105.754955,22.668905],[105.749623,22.664698],[105.748101,22.658263],[105.740868,22.650033],[105.74015,22.643195],[105.728608,22.638944],[105.727135,22.633558],[105.72407,22.630486],[105.715871,22.627321],[105.714189,22.628549],[105.709332,22.62761],[105.708458,22.624032],[105.69734,22.614283],[105.690546,22.613838],[105.683965,22.603115],[105.684263,22.601283],[105.686206,22.601008],[105.689703,22.596893],[105.686074,22.589694],[105.683104,22.586352],[105.68003,22.585561],[105.678836,22.583026],[105.66684,22.575835],[105.661039,22.578992],[105.659967,22.581143],[105.65814,22.580404],[105.6567,22.583462],[105.652807,22.585233],[105.647005,22.582239],[105.643389,22.582818],[105.641457,22.580271],[105.635505,22.578048],[105.621193,22.57965],[105.618867,22.581754],[105.613296,22.58194],[105.606704,22.585094],[105.603498,22.59552],[105.602059,22.596178],[105.603813,22.602227],[105.599538,22.614169],[105.59405,22.616774],[105.592874,22.620999],[105.587899,22.622172],[105.586454,22.62402],[105.581832,22.625351],[105.57588,22.62419],[105.574205,22.625767],[105.576538,22.634632],[105.586165,22.642192],[105.587855,22.645894],[105.591666,22.648227],[105.593505,22.652554],[105.575644,22.664215],[105.581495,22.669351],[105.58839,22.6664],[105.598512,22.666027],[105.603207,22.667398],[105.599679,22.67806],[105.601941,22.679181],[105.601151,22.683234],[105.607981,22.687258],[105.610208,22.693368],[105.619062,22.699288],[105.619345,22.702335],[105.62116,22.702199],[105.623144,22.69904],[105.631619,22.698664],[105.635197,22.701052],[105.637065,22.698938],[105.644983,22.699579],[105.647955,22.698318],[105.648713,22.70403],[105.656237,22.710065],[105.655909,22.715237],[105.661937,22.718576],[105.66285,22.722137],[105.665304,22.724263],[105.669026,22.722663],[105.673317,22.725363],[105.685916,22.718423],[105.692037,22.718051],[105.696727,22.729111],[105.701839,22.720453],[105.708097,22.727455],[105.713195,22.721976],[105.717037,22.721785],[105.719105,22.723172],[105.720186,22.728817],[105.723059,22.72888],[105.724048,22.724435],[105.729831,22.72524],[105.735464,22.730884],[105.735594,22.739063],[105.740267,22.741266]]]}},{"type":"Feature","properties":{"code":"01942","name":"Xã Bằng Vân","type":"Xã"},"geometry":{"type":"Polygon","coordinates":[[[106.047962,22.578212],[106.057985,22.571414],[106.064092,22.570437],[106.065978,22.56816],[106.071233,22.572853],[106.080337,22.573966],[106.08225,22.572833],[106.082323,22.567065],[106.079273,22.566303],[106.075544,22.562355],[106.073387,22.554626],[106.079828,22.552423],[106.086601,22.553241],[106.090973,22.548091],[106.095067,22.547196],[106.091991,22.538663],[106.094452,22.533478],[106.100761,22.535438],[106.099467,22.532686],[106.095905,22.531055],[106.094898,22.527948],[106.101591,22.522111],[106.100625,22.517457],[106.112487,22.512765],[106.117463,22.512423],[106.119522,22.509719],[106.117795,22.505605],[106.118732,22.499016],[106.11654,22.494728],[106.116723,22.488184],[106.114622,22.482678],[106.119722,22.472012],[106.115676,22.470146],[106.109627,22.463164],[106.104332,22.452448],[106.095634,22.446129],[106.080421,22.448416],[106.078334,22.452785],[106.072698,22.456796],[106.062865,22.456483],[106.057175,22.459219],[106.050231,22.459438],[106.047936,22.462415],[106.049803,22.464818],[106.04884,22.467811],[106.04158,22.471563],[106.039068,22.471217],[106.034098,22.465128],[106.027634,22.46465],[106.026649,22.466414],[106.02959,22.469454],[106.027637,22.475957],[106.015815,22.472003],[106.004851,22.465612],[106.003623,22.467724],[105.9995,22.466707],[105.995498,22.46865],[105.989734,22.463541],[105.983706,22.463574],[105.978276,22.465962],[105.980745,22.470124],[105.975927,22.475602],[105.981249,22.482636],[105.985903,22.485447],[105.987918,22.490063],[105.991683,22.492209],[105.992369,22.500187],[105.997439,22.506819],[105.995439,22.510483],[105.995132,22.513432],[105.996567,22.514907],[105.993771,22.520869],[105.993394,22.525876],[105.996031,22.534678],[105.99336,22.537127],[105.990826,22.543326],[106.002868,22.548263],[106.003692,22.552924],[106.007283,22.555524],[106.013711,22.556673],[106.019656,22.56023],[106.022725,22.560736],[106.026328,22.557992],[106.037865,22.562006],[106.042491,22.565417],[106.046558,22.576909],[106.047962,22.578212]]]}},{"type":"Feature","properties":{"code":"01879","name":"Xã Cao Minh","type":"Xã"},"geometry":{"type":"Polygon","coordinates":[[[105.573849,22.665249],[105.593505,22.652554],[105.591666,22.648227],[105.587855,22.645894],[105.586165,22.642192],[105.576538,22.634632],[105.574205,22.625767],[105.576073,22.624172],[105.583929,22.625094],[105.587899,22.622172],[105.592874,22.620999],[105.59405,22.616774],[105.600256,22.613269],[105.603813,22.602227],[105.602059,22.596178],[105.603498,22.59552],[105.606446,22.58532],[105.613296,22.58194],[105.616372,22.582527],[105.621193,22.57965],[105.630662,22.578054],[105.636663,22.578198],[105.641592,22.580358],[105.643389,22.582818],[105.647005,22.582239],[105.652807,22.585233],[105.6567,22.583462],[105.65814,22.580404],[105.659967,22.581143],[105.661039,22.578992],[105.666955,22.575685],[105.668592,22.568844],[105.673193,22.566088],[105.673359,22.562185],[105.676779,22.559381],[105.676273,22.553357],[105.673616,22.549133],[105.675338,22.543224],[105.671954,22.541795],[105.671208,22.536996],[105.672411,22.533203],[105.678057,22.527892],[105.679194,22.517264],[105.683097,22.510912],[105.681966,22.508017],[105.678268,22.505215],[105.674143,22.506024],[105.666775,22.501606],[105.662249,22.50143],[105.659751,22.498359],[105.65211,22.504043],[105.644912,22.498773],[105.643705,22.495364],[105.639779,22.491714],[105.628292,22.498267],[105.622398,22.495882],[105.611366,22.494807],[105.60085,22.487814],[105.594803,22.491622],[105.593966,22.498771],[105.596117,22.503621],[105.590671,22.50766],[105.593265,22.514636],[105.597997,22.516878],[105.599155,22.522308],[105.59493,22.525972],[105.595891,22.531573],[105.593783,22.532805],[105.59157,22.538089],[105.591617,22.543562],[105.585743,22.549184],[105.585685,22.552349],[105.579964,22.554424],[105.574177,22.561402],[105.563394,22.559979],[105.563633,22.564533],[105.560132,22.568583],[105.55883,22.572962],[105.551574,22.575822],[105.546411,22.58812],[105.547054,22.594048],[105.552036,22.599103],[105.546163,22.601179],[105.539783,22.607389],[105.538438,22.611019],[105.533349,22.614433],[105.532707,22.617628],[105.529034,22.619145],[105.531206,22.633288],[105.539581,22.63354],[105.541247,22.640457],[105.540998,22.649249],[105.543931,22.653848],[105.550653,22.657551],[105.557476,22.657402],[105.566589,22.664754],[105.573849,22.665249]]]}},{"type":"Feature","properties":{"code":"02086","name":"Xã Chợ Mới","type":"Xã"},"geometry":{"type":"Polygon","coordinates":[[[105.848776,21.948279],[105.856848,21.947715],[105.862561,21.942158],[105.869859,21.942206],[105.873766,21.939378],[105.8807,21.938974],[105.883177,21.935511],[105.880868,21.931914],[105.88081,21.923985],[105.874913,21.920061],[105.875128,21.915118],[105.879696,21.909676],[105.872395,21.908719],[105.869615,21.906534],[105.868253,21.902925],[105.86971,21.897961],[105.879513,21.897757],[105.883224,21.896493],[105.884512,21.894088],[105.891922,21.894644],[105.893104,21.896209],[105.908644,21.89359],[105.891689,21.875032],[105.887959,21.866434],[105.885039,21.862571],[105.882959,21.862099],[105.881931,21.857488],[105.871518,21.855968],[105.868386,21.858991],[105.862892,21.860641],[105.864321,21.851419],[105.860379,21.845958],[105.855323,21.845854],[105.853209,21.843624],[105.8222,21.846786],[105.812182,21.842643],[105.804899,21.83404],[105.801386,21.822513],[105.80377,21.819447],[105.802973,21.814145],[105.800871,21.811841],[105.800674,21.806582],[105.799255,21.80511],[105.786086,21.804402],[105.77909,21.810871],[105.767697,21.81286],[105.761021,21.816881],[105.759296,21.820711],[105.761023,21.827718],[105.760251,21.830809],[105.758129,21.830881],[105.757825,21.834906],[105.761531,21.8375],[105.760197,21.842917],[105.763631,21.845186],[105.765982,21.850583],[105.765636,21.853518],[105.769366,21.858114],[105.768247,21.867873],[105.772937,21.876327],[105.770913,21.882749],[105.772061,21.88437],[105.770271,21.884894],[105.772411,21.88754],[105.775828,21.887041],[105.781065,21.889354],[105.773895,21.896285],[105.771075,21.910143],[105.764319,21.914547],[105.767429,21.919851],[105.770455,21.921419],[105.770657,21.925596],[105.772895,21.926441],[105.77792,21.933169],[105.779092,21.931936],[105.787676,21.932153],[105.785949,21.925617],[105.787192,21.92235],[105.78438,21.918884],[105.783964,21.914932],[105.78802,21.910835],[105.794797,21.908811],[105.794196,21.906432],[105.799087,21.900889],[105.802695,21.901975],[105.802958,21.906069],[105.806973,21.907335],[105.807955,21.912383],[105.810604,21.915115],[105.817247,21.912126],[105.822595,21.912273],[105.828319,21.908868],[105.834271,21.908186],[105.837016,21.911172],[105.841441,21.912664],[105.841109,21.915551],[105.843546,21.921281],[105.842163,21.922857],[105.84328,21.927703],[105.846703,21.929263],[105.847847,21.938502],[105.850409,21.941763],[105.848776,21.948279]]]}},{"type":"Feature","properties":{"code":"01912","name":"Xã Chợ Rã","type":"Xã"},"geometry":{"type":"Polygon","coordinates":[[[105.714438,22.491849],[105.718901,22.487971],[105.730479,22.485094],[105.735381,22.479541],[105.747234,22.481942],[105.754584,22.485424],[105.757258,22.484122],[105.761647,22.486377],[105.764269,22.485815],[105.765834,22.483462],[105.761864,22.47201],[105.764207,22.469452],[105.76377,22.4657],[105.765356,22.463025],[105.764651,22.458969],[105.762247,22.458595],[105.761306,22.456633],[105.761583,22.449035],[105.777769,22.438172],[105.778385,22.429806],[105.785328,22.427789],[105.788123,22.421859],[105.784388,22.421185],[105.781246,22.418398],[105.77499,22.417467],[105.768776,22.407187],[105.764575,22.407039],[105.761855,22.399903],[105.758199,22.397866],[105.759051,22.392966],[105.756801,22.388968],[105.744274,22.386296],[105.741887,22.383149],[105.738215,22.382434],[105.73298,22.378187],[105.725741,22.379501],[105.722302,22.38194],[105.722159,22.393765],[105.706717,22.398352],[105.704955,22.402887],[105.699968,22.407993],[105.687667,22.413639],[105.68532,22.416287],[105.684766,22.419545],[105.681376,22.422092],[105.682894,22.436169],[105.67903,22.44406],[105.681046,22.444612],[105.683365,22.449291],[105.675664,22.453079],[105.674441,22.458175],[105.670751,22.462092],[105.671581,22.465483],[105.668957,22.466404],[105.670058,22.467633],[105.669227,22.47056],[105.66383,22.474687],[105.668989,22.476816],[105.673575,22.476042],[105.675032,22.48041],[105.677363,22.47965],[105.680838,22.481456],[105.684922,22.479656],[105.686865,22.481787],[105.688753,22.481504],[105.688896,22.484156],[105.696935,22.483959],[105.707393,22.489889],[105.711886,22.489918],[105.714438,22.491849]]]}},{"type":"Feature","properties":{"code":"02020","name":"Xã Chợ Đồn","type":"Xã"},"geometry":{"type":"Polygon","coordinates":[[[105.63313,22.244424],[105.636132,22.245135],[105.643809,22.242888],[105.650635,22.238643],[105.65069,22.232048],[105.656764,22.228756],[105.660049,22.224206],[105.66505,22.222081],[105.672971,22.226746],[105.676097,22.22286],[105.675919,22.220589],[105.664294,22.213594],[105.663734,22.210636],[105.6665,22.206942],[105.658183,22.201337],[105.649242,22.187692],[105.649023,22.185824],[105.652128,22.182382],[105.65766,22.180372],[105.65522,22.173105],[105.650529,22.171471],[105.640455,22.159866],[105.634494,22.16061],[105.629446,22.156314],[105.625355,22.15805],[105.621007,22.157447],[105.612403,22.151939],[105.609266,22.148073],[105.612577,22.140136],[105.610704,22.137917],[105.610025,22.132761],[105.606325,22.12871],[105.613731,22.120398],[105.599896,22.110889],[105.604103,22.098225],[105.593725,22.095614],[105.590746,22.091683],[105.586122,22.090874],[105.585598,22.096276],[105.580464,22.099628],[105.582238,22.096698],[105.579779,22.085069],[105.576564,22.085079],[105.57454,22.082284],[105.570797,22.071958],[105.571196,22.069531],[105.565631,22.069632],[105.560496,22.077144],[105.561454,22.082164],[105.557904,22.084033],[105.55636,22.088995],[105.556765,22.09115],[105.562314,22.094255],[105.562492,22.097324],[105.564472,22.098779],[105.558129,22.103343],[105.553044,22.099288],[105.546342,22.099894],[105.537515,22.096928],[105.529493,22.097855],[105.539453,22.105051],[105.545018,22.112639],[105.54028,22.111761],[105.536398,22.114074],[105.535482,22.117527],[105.536559,22.119409],[105.534457,22.121663],[105.532593,22.121499],[105.531498,22.127118],[105.535992,22.125239],[105.541076,22.126699],[105.548552,22.125562],[105.552457,22.132251],[105.553104,22.137537],[105.556381,22.139811],[105.557533,22.14312],[105.557026,22.147123],[105.558338,22.149327],[105.552939,22.153157],[105.55518,22.156098],[105.555083,22.161406],[105.552244,22.165927],[105.555534,22.174456],[105.555054,22.180986],[105.557512,22.183573],[105.556116,22.191428],[105.548329,22.202],[105.552811,22.204454],[105.547588,22.209336],[105.549131,22.216564],[105.54665,22.216676],[105.543483,22.219675],[105.548008,22.228347],[105.548671,22.233974],[105.550519,22.236749],[105.558985,22.238942],[105.570103,22.245028],[105.571817,22.241587],[105.575986,22.239163],[105.576773,22.235215],[105.591201,22.235225],[105.592273,22.233068],[105.596966,22.231344],[105.600669,22.225656],[105.610879,22.224657],[105.614467,22.222258],[105.61689,22.228357],[105.619297,22.229285],[105.622372,22.233801],[105.622305,22.23679],[105.627398,22.24006],[105.628508,22.244676],[105.630401,22.245741],[105.63313,22.244424]]]}},{"type":"Feature","properties":{"code":"02185","name":"Xã Côn Minh","type":"Xã"},"geometry":{"type":"Polygon","coordinates":[[[106.06457,22.170917],[106.057665,22.167337],[106.056798,22.163806],[106.051019,22.158761],[106.050806,22.155005],[106.048914,22.153211],[106.044398,22.152436],[106.050609,22.145012],[106.051223,22.141491],[106.057188,22.139117],[106.060822,22.135522],[106.060631,22.133633],[106.063809,22.130254],[106.063523,22.123312],[106.066946,22.116164],[106.06353,22.110502],[106.056208,22.105123],[106.057907,22.10171],[106.055961,22.09693],[106.057666,22.096192],[106.05857,22.092459],[106.055016,22.084422],[106.058606,22.081985],[106.065072,22.083085],[106.070723,22.087556],[106.080484,22.085881],[106.083598,22.087372],[106.094365,22.08658],[106.094815,22.088253],[106.100641,22.08844],[106.10792,22.086447],[106.108932,22.084407],[106.107697,22.074184],[106.099996,22.071445],[106.098621,22.067589],[106.102434,22.062475],[106.09995,22.05915],[106.099837,22.052588],[106.102934,22.045799],[106.101165,22.040445],[106.082457,22.047419],[106.080123,22.048011],[106.078954,22.046656],[106.077333,22.050542],[106.059352,22.045817],[106.056774,22.042717],[106.046272,22.041764],[106.037275,22.043821],[106.032475,22.050568],[106.027287,22.049607],[106.015488,22.051232],[106.014058,22.049036],[106.012419,22.049179],[106.002507,22.053341],[105.997938,22.045566],[105.995926,22.044449],[105.992325,22.045378],[105.988069,22.041716],[105.984769,22.035793],[105.980118,22.037184],[105.970487,22.035884],[105.967231,22.031248],[105.967324,22.035221],[105.961664,22.039205],[105.962698,22.042491],[105.965026,22.042699],[105.966816,22.045325],[105.965988,22.047818],[105.967204,22.050198],[105.965326,22.052938],[105.972482,22.057108],[105.973392,22.061515],[105.976871,22.065175],[105.983463,22.067757],[105.988663,22.066087],[105.994733,22.070703],[105.995324,22.073338],[105.992608,22.077016],[105.99442,22.080005],[105.999462,22.082184],[105.998451,22.08697],[106.000445,22.089606],[105.993607,22.089396],[105.986466,22.091744],[105.971992,22.099904],[105.966034,22.098413],[105.963244,22.102214],[105.956891,22.102121],[105.955811,22.103669],[105.94928,22.102982],[105.951204,22.10793],[105.944248,22.114423],[105.941578,22.114936],[105.945233,22.11771],[105.94561,22.120138],[105.951647,22.118117],[105.963859,22.122759],[105.962568,22.139461],[105.968525,22.140985],[105.970317,22.145862],[105.973596,22.148297],[105.975487,22.152466],[105.97292,22.15641],[105.979352,22.168492],[105.982719,22.167473],[105.988639,22.15982],[105.997611,22.156511],[106.010521,22.161456],[106.009077,22.166041],[106.011707,22.169335],[106.011529,22.177936],[106.023083,22.176159],[106.025197,22.17375],[106.029698,22.177938],[106.037564,22.179244],[106.040959,22.183782],[106.042247,22.181743],[106.047099,22.182553],[106.053594,22.188442],[106.057826,22.185134],[106.0613,22.186484],[106.061375,22.178008],[106.06457,22.170917]]]}},{"type":"Feature","properties":{"code":"02152","name":"Xã Cường Lợi","type":"Xã"},"geometry":{"type":"Polygon","coordinates":[[[106.184344,22.387089],[106.187889,22.384364],[106.187118,22.380116],[106.189418,22.377389],[106.2008,22.373893],[106.205359,22.369447],[106.208734,22.368408],[106.210226,22.36199],[106.217018,22.358102],[106.218164,22.35596],[106.220053,22.347848],[106.215323,22.34508],[106.214595,22.342019],[106.211589,22.341317],[106.208531,22.337607],[106.209252,22.335929],[106.205561,22.332307],[106.204983,22.328496],[106.200965,22.322746],[106.201961,22.317051],[106.199453,22.312445],[106.20038,22.309347],[106.203476,22.307199],[106.204628,22.301475],[106.208809,22.297148],[106.210884,22.290879],[106.215005,22.288288],[106.219974,22.290225],[106.222487,22.288844],[106.22404,22.286758],[106.223857,22.282604],[106.228058,22.282473],[106.234733,22.279099],[106.245277,22.267113],[106.244736,22.260577],[106.247189,22.255977],[106.241979,22.247098],[106.238635,22.247317],[106.235232,22.250864],[106.234489,22.253942],[106.23784,22.260748],[106.229564,22.263734],[106.225725,22.261254],[106.225977,22.259792],[106.221731,22.25515],[106.209941,22.257386],[106.205395,22.256197],[106.20329,22.257543],[106.199628,22.253651],[106.193915,22.253401],[106.191102,22.254093],[106.188352,22.259852],[106.185184,22.258713],[106.185715,22.260551],[106.181635,22.264451],[106.178259,22.264814],[106.175251,22.269302],[106.169464,22.270172],[106.152474,22.259543],[106.143648,22.270189],[106.132718,22.27193],[106.121703,22.276906],[106.124348,22.279774],[106.124476,22.285586],[106.129447,22.287964],[106.131332,22.297984],[106.129347,22.300992],[106.12349,22.29867],[106.112777,22.308548],[106.112829,22.321198],[106.115517,22.322733],[106.118953,22.331333],[106.116738,22.339044],[106.117574,22.342397],[106.128525,22.347825],[106.132413,22.355292],[106.137963,22.358994],[106.139967,22.357905],[106.141689,22.359051],[106.143803,22.364737],[106.156938,22.371495],[106.160796,22.37671],[106.161362,22.381663],[106.174765,22.387581],[106.179102,22.386031],[106.184344,22.387089]]]}},{"type":"Feature","properties":{"code":"02008","name":"Xã Cẩm Giàng","type":"Xã"},"geometry":{"type":"Polygon","coordinates":[[[105.92149,22.240643],[105.921568,22.232856],[105.927673,22.225667],[105.925968,22.223033],[105.92753,22.218502],[105.926659,22.210338],[105.936209,22.208328],[105.945416,22.211601],[105.948679,22.21059],[105.947752,22.200877],[105.944923,22.198051],[105.943447,22.19098],[105.93794,22.179727],[105.93639,22.17111],[105.933166,22.167635],[105.936841,22.166864],[105.939002,22.16441],[105.935688,22.162916],[105.9372,22.161852],[105.93613,22.160261],[105.938909,22.159849],[105.943622,22.154843],[105.948547,22.137538],[105.951937,22.13728],[105.954473,22.134729],[105.959303,22.134116],[105.96333,22.13143],[105.963859,22.122759],[105.951647,22.118117],[105.94561,22.120138],[105.943157,22.124016],[105.933179,22.129826],[105.930767,22.129224],[105.927644,22.124922],[105.918914,22.121735],[105.902405,22.127822],[105.894216,22.12672],[105.893309,22.12424],[105.890644,22.12303],[105.884626,22.125667],[105.883775,22.128481],[105.885173,22.135461],[105.883798,22.142803],[105.885319,22.14506],[105.885672,22.151328],[105.889992,22.152475],[105.885816,22.157015],[105.873784,22.163873],[105.873274,22.169136],[105.870421,22.170808],[105.868712,22.170024],[105.865146,22.173075],[105.864453,22.179442],[105.867544,22.183918],[105.86706,22.185766],[105.858923,22.18584],[105.852612,22.190975],[105.852284,22.193319],[105.847181,22.193243],[105.841369,22.197354],[105.841144,22.200869],[105.832747,22.20089],[105.816274,22.211324],[105.807073,22.212086],[105.805168,22.215555],[105.815665,22.220098],[105.818652,22.224838],[105.82403,22.226802],[105.825223,22.229686],[105.830142,22.232119],[105.838194,22.231065],[105.842113,22.232075],[105.843769,22.23852],[105.846352,22.236458],[105.850331,22.239274],[105.855865,22.237775],[105.8591,22.246994],[105.857805,22.248882],[105.858798,22.251481],[105.8708,22.248287],[105.872151,22.242039],[105.879736,22.239126],[105.879127,22.236018],[105.873602,22.232512],[105.876095,22.229272],[105.879076,22.228334],[105.890786,22.229935],[105.89813,22.23728],[105.900961,22.237686],[105.901141,22.239944],[105.909856,22.244126],[105.914566,22.252356],[105.914703,22.249955],[105.92149,22.240643]]]}},{"type":"Feature","properties":{"code":"05755","name":"Xã Dân Tiến","type":"Xã"},"geometry":{"type":"Polygon","coordinates":[[[106.173309,21.750505],[106.178293,21.743874],[106.180729,21.744112],[106.182418,21.741465],[106.190013,21.743651],[106.194515,21.742428],[106.196033,21.740871],[106.194708,21.737666],[106.196646,21.735363],[106.208037,21.7334],[106.218124,21.726426],[106.223353,21.731503],[106.22927,21.731008],[106.230909,21.727446],[106.235443,21.726809],[106.235873,21.72127],[106.238271,21.717879],[106.234446,21.705274],[106.231872,21.701644],[106.232732,21.699008],[106.225986,21.690495],[106.224915,21.678264],[106.22088,21.674834],[106.221604,21.672679],[106.20537,21.662565],[106.206192,21.659472],[106.203956,21.653884],[106.199712,21.652614],[106.192396,21.647162],[106.191305,21.64308],[106.192975,21.635857],[106.198058,21.632727],[106.194585,21.626757],[106.197929,21.62141],[106.197393,21.618657],[106.191051,21.611762],[106.18793,21.611417],[106.185287,21.603999],[106.181182,21.604911],[106.174137,21.609648],[106.164315,21.624389],[106.160207,21.626483],[106.154926,21.625537],[106.154129,21.623771],[106.1422,21.623268],[106.136147,21.618462],[106.126341,21.615741],[106.117564,21.616299],[106.106568,21.622029],[106.101642,21.621672],[106.099077,21.625003],[106.093055,21.622783],[106.089421,21.629805],[106.089424,21.633121],[106.092671,21.637895],[106.09103,21.642934],[106.087618,21.644666],[106.086403,21.648549],[106.077931,21.651751],[106.075614,21.654828],[106.079234,21.657799],[106.090505,21.66138],[106.094398,21.658503],[106.100357,21.65899],[106.104912,21.656187],[106.109692,21.664468],[106.11054,21.671023],[106.112812,21.674788],[106.11197,21.67622],[106.102531,21.678558],[106.103319,21.681597],[106.109437,21.684478],[106.1089,21.688293],[106.105999,21.691563],[106.106718,21.697232],[106.113903,21.697013],[106.115567,21.698323],[106.118196,21.702846],[106.117505,21.707795],[106.120464,21.710111],[106.124476,21.706391],[106.131342,21.706262],[106.13659,21.703181],[106.140195,21.704937],[106.14674,21.703506],[106.150561,21.704884],[106.150879,21.707432],[106.147768,21.710055],[106.150697,21.718302],[106.148058,21.724181],[106.150688,21.733269],[106.156916,21.737043],[106.155713,21.74466],[106.158465,21.74739],[106.156773,21.751364],[106.160152,21.755175],[106.165384,21.755412],[106.168422,21.749821],[106.173309,21.750505]]]}},{"type":"Feature","properties":{"code":"01960","name":"Xã Hiệp Lực","type":"Xã"},"geometry":{"type":"Polygon","coordinates":[[[105.943048,22.366703],[105.947143,22.366415],[105.949349,22.364378],[105.954491,22.36627],[105.961342,22.366285],[105.965905,22.361109],[105.974966,22.356371],[105.978678,22.350723],[105.990587,22.347846],[106.002357,22.350671],[106.009684,22.354406],[106.012326,22.352826],[106.020337,22.357809],[106.02396,22.350789],[106.027932,22.347926],[106.032007,22.348823],[106.042434,22.344639],[106.046949,22.346483],[106.052738,22.339517],[106.060826,22.336204],[106.065641,22.337219],[106.071261,22.328314],[106.07492,22.326244],[106.07566,22.322589],[106.07349,22.32036],[106.070953,22.320754],[106.068935,22.319207],[106.06655,22.315145],[106.056786,22.310434],[106.051442,22.310452],[106.041489,22.316381],[106.039619,22.314497],[106.035256,22.315148],[106.029329,22.310823],[106.017747,22.311506],[106.00973,22.304644],[105.998827,22.303924],[105.993916,22.300438],[105.976526,22.302395],[105.974313,22.301195],[105.971842,22.294864],[105.967508,22.289808],[105.964742,22.290484],[105.961898,22.287236],[105.95958,22.287626],[105.954448,22.293762],[105.943744,22.295294],[105.937129,22.30055],[105.93511,22.30029],[105.929098,22.293482],[105.931186,22.286475],[105.923762,22.284667],[105.917002,22.289213],[105.914538,22.288571],[105.911058,22.290141],[105.906454,22.293658],[105.901606,22.30163],[105.89722,22.302012],[105.897428,22.304438],[105.893112,22.307976],[105.891956,22.312209],[105.887307,22.317689],[105.889194,22.321726],[105.885597,22.332093],[105.893544,22.335633],[105.896375,22.338868],[105.899617,22.339273],[105.899146,22.342295],[105.903393,22.344215],[105.905064,22.351634],[105.904114,22.354992],[105.906002,22.359395],[105.918757,22.361158],[105.921443,22.362839],[105.93463,22.361484],[105.943048,22.366703]]]}},{"type":"Feature","properties":{"code":"05632","name":"Xã Hợp Thành","type":"Xã"},"geometry":{"type":"Polygon","coordinates":[[[105.670718,21.797538],[105.671361,21.794537],[105.681798,21.790059],[105.685625,21.790869],[105.687577,21.789674],[105.687301,21.785719],[105.685165,21.784736],[105.688857,21.782912],[105.691814,21.775148],[105.68934,21.772111],[105.687651,21.7627],[105.690569,21.757918],[105.695849,21.758157],[105.697199,21.756657],[105.690889,21.753268],[105.694312,21.745968],[105.694424,21.741777],[105.689725,21.739683],[105.689533,21.741876],[105.686122,21.744164],[105.683877,21.743823],[105.677739,21.737688],[105.673836,21.736696],[105.67342,21.734909],[105.665813,21.735109],[105.659469,21.728758],[105.648976,21.726392],[105.643778,21.721651],[105.642681,21.729099],[105.643899,21.733874],[105.640973,21.735082],[105.642209,21.737657],[105.64433,21.738255],[105.641817,21.742897],[105.643851,21.749828],[105.639623,21.756233],[105.640337,21.759202],[105.637824,21.760333],[105.638209,21.762673],[105.635617,21.763424],[105.636602,21.765276],[105.632579,21.767229],[105.632994,21.769553],[105.629565,21.770704],[105.627704,21.769554],[105.624274,21.771337],[105.623644,21.774424],[105.626037,21.776851],[105.626476,21.787217],[105.628767,21.792524],[105.633518,21.792317],[105.637431,21.794595],[105.641532,21.803366],[105.646266,21.802971],[105.647977,21.806646],[105.656751,21.807018],[105.661447,21.801898],[105.662484,21.797959],[105.66782,21.796374],[105.670718,21.797538]]]}},{"type":"Feature","properties":{"code":"05953","name":"Xã Kha Sơn","type":"Xã"},"geometry":{"type":"Polygon","coordinates":[[[106.034855,21.473094],[106.040943,21.472539],[106.041925,21.466928],[106.044824,21.463043],[106.047138,21.464018],[106.048321,21.460936],[106.05153,21.459524],[106.049884,21.454378],[106.048341,21.454119],[106.049054,21.451193],[106.045604,21.441487],[106.04195,21.441383],[106.038164,21.438167],[106.034709,21.439463],[106.026593,21.4366],[106.025405,21.431341],[106.028277,21.426996],[106.031339,21.42537],[106.033285,21.415049],[106.032155,21.412167],[106.03401,21.410684],[106.032278,21.406791],[106.030884,21.407203],[106.028643,21.399338],[106.027424,21.399354],[106.029322,21.394115],[106.026004,21.39466],[106.02538,21.391456],[106.019179,21.395965],[106.019587,21.402551],[106.013092,21.402818],[106.007515,21.406268],[106.005914,21.404989],[106.005239,21.406472],[106.001269,21.405807],[105.998143,21.402503],[105.995076,21.405694],[105.996551,21.405981],[105.99562,21.408285],[105.990813,21.409638],[105.990866,21.411774],[105.986441,21.413795],[105.984877,21.410948],[105.979361,21.414106],[105.975666,21.41935],[105.972517,21.419919],[105.972637,21.421763],[105.970187,21.423039],[105.964695,21.435794],[105.960008,21.437412],[105.964604,21.44546],[105.968856,21.445408],[105.969134,21.443976],[105.97178,21.444556],[105.975412,21.442424],[105.984272,21.448523],[105.991233,21.447411],[105.99537,21.451577],[105.997043,21.456542],[105.999934,21.45291],[106.006631,21.449625],[106.016614,21.448173],[106.015494,21.453167],[106.017726,21.457476],[106.02481,21.459937],[106.029294,21.464879],[106.031766,21.464556],[106.032337,21.470515],[106.034855,21.473094]]]}},{"type":"Feature","properties":{"code":"05551","name":"Xã Kim Phượng","type":"Xã"},"geometry":{"type":"Polygon","coordinates":[[[105.641543,22.006316],[105.647005,21.999733],[105.653434,21.999497],[105.653118,21.992973],[105.658394,21.987712],[105.661559,21.989753],[105.67201,21.988192],[105.672707,21.984396],[105.666984,21.970561],[105.663932,21.970297],[105.667157,21.966704],[105.665222,21.95807],[105.668832,21.956411],[105.671371,21.949646],[105.676758,21.945623],[105.676858,21.942822],[105.673649,21.935795],[105.667993,21.933609],[105.667281,21.928273],[105.658992,21.9132],[105.654931,21.914296],[105.650634,21.91909],[105.646515,21.920108],[105.64636,21.923155],[105.640261,21.921215],[105.636565,21.918233],[105.620098,21.93124],[105.61317,21.934215],[105.61098,21.940591],[105.607537,21.942113],[105.603688,21.939827],[105.59896,21.941772],[105.593228,21.939169],[105.58455,21.945141],[105.580812,21.94515],[105.575585,21.957337],[105.577433,21.958274],[105.579705,21.96526],[105.581688,21.966762],[105.577815,21.975025],[105.578187,21.977543],[105.58212,21.980618],[105.5794,21.983353],[105.579513,21.985462],[105.583157,21.991739],[105.582631,21.994487],[105.586125,21.997716],[105.585806,22.00105],[105.590432,22.008601],[105.596828,22.008663],[105.601237,22.011085],[105.601795,22.014091],[105.607758,22.011122],[105.612923,22.013643],[105.616499,22.012487],[105.620775,22.018485],[105.624571,22.016984],[105.629161,22.017512],[105.632124,22.007595],[105.634388,22.005],[105.641543,22.006316]]]}},{"type":"Feature","properties":{"code":"05818","name":"Xã La Bằng","type":"Xã"},"geometry":{"type":"Polygon","coordinates":[[[105.632386,21.668769],[105.641029,21.666625],[105.64573,21.663135],[105.638489,21.659687],[105.638462,21.656264],[105.635274,21.651845],[105.635007,21.6416],[105.637418,21.640898],[105.634356,21.639471],[105.628009,21.631643],[105.622987,21.631429],[105.617632,21.634278],[105.61539,21.631872],[105.597196,21.628633],[105.59308,21.624542],[105.587677,21.626245],[105.583054,21.625292],[105.582664,21.623687],[105.585288,21.622642],[105.581328,21.6202],[105.575813,21.611406],[105.575279,21.608344],[105.576974,21.605412],[105.573221,21.601331],[105.574238,21.59835],[105.57126,21.598354],[105.567784,21.593519],[105.564069,21.593121],[105.558082,21.589613],[105.553781,21.581977],[105.552701,21.573754],[105.544182,21.573302],[105.538534,21.578008],[105.536556,21.581722],[105.526649,21.58215],[105.518907,21.596906],[105.513818,21.602628],[105.509943,21.604432],[105.507026,21.610677],[105.500285,21.613996],[105.496483,21.61827],[105.501287,21.630387],[105.511402,21.628169],[105.52205,21.628814],[105.525705,21.631255],[105.527036,21.635152],[105.546548,21.649326],[105.55087,21.648578],[105.555056,21.651712],[105.556241,21.649843],[105.557985,21.650037],[105.565191,21.654653],[105.572509,21.653918],[105.572913,21.651537],[105.575022,21.651968],[105.576932,21.648203],[105.578441,21.648437],[105.575327,21.644052],[105.578994,21.641301],[105.597164,21.648274],[105.6022,21.647839],[105.602421,21.648897],[105.608667,21.646267],[105.608459,21.648237],[105.61103,21.650156],[105.618044,21.650664],[105.619331,21.653815],[105.617694,21.653744],[105.621395,21.656349],[105.620739,21.659191],[105.623111,21.661402],[105.627597,21.662075],[105.62892,21.665804],[105.631634,21.666523],[105.632386,21.668769]]]}},{"type":"Feature","properties":{"code":"05740","name":"Xã La Hiên","type":"Xã"},"geometry":{"type":"Polygon","coordinates":[[[106.005191,21.770354],[106.014746,21.764377],[106.005607,21.763112],[106.001084,21.755679],[105.99328,21.74738],[105.99091,21.74762],[105.986843,21.744779],[105.981384,21.747565],[105.969207,21.737626],[105.973262,21.731535],[105.973633,21.726818],[105.972171,21.725816],[105.975175,21.722204],[105.973612,21.720494],[105.975691,21.71516],[105.975043,21.71042],[105.972321,21.708956],[105.958446,21.708742],[105.951657,21.704936],[105.936478,21.702502],[105.935178,21.701864],[105.936062,21.697356],[105.93346,21.694951],[105.914928,21.694598],[105.900654,21.690864],[105.900314,21.693695],[105.897331,21.693782],[105.896417,21.699131],[105.894326,21.700185],[105.895638,21.704593],[105.8863,21.706366],[105.889455,21.712471],[105.897859,21.715855],[105.897218,21.718066],[105.892839,21.720342],[105.893466,21.727451],[105.90361,21.730208],[105.912525,21.729818],[105.913344,21.737938],[105.918102,21.741817],[105.919351,21.746026],[105.922879,21.750139],[105.92272,21.756899],[105.928371,21.758219],[105.928123,21.775522],[105.935286,21.777659],[105.938886,21.782349],[105.942226,21.780133],[105.956278,21.786817],[105.96014,21.786376],[105.962653,21.789607],[105.971354,21.792915],[105.972715,21.796655],[105.979061,21.792097],[105.980341,21.78597],[105.98325,21.782395],[105.984258,21.783195],[105.984237,21.78197],[105.991996,21.779621],[105.99592,21.783955],[106.001205,21.776328],[106.005508,21.7739],[106.005191,21.770354]]]}},{"type":"Feature","properties":{"code":"05542","name":"Xã Lam Vỹ","type":"Xã"},"geometry":{"type":"Polygon","coordinates":[[[105.643969,22.004306],[105.641435,22.006331],[105.634388,22.005],[105.632124,22.007595],[105.629925,22.017217],[105.636046,22.017982],[105.635341,22.021198],[105.637399,22.021271],[105.638673,22.025234],[105.640782,22.026731],[105.645912,22.024841],[105.651513,22.025278],[105.653116,22.023742],[105.655363,22.027404],[105.660104,22.029463],[105.663713,22.039947],[105.668208,22.043323],[105.667844,22.046487],[105.670147,22.047801],[105.681572,22.044587],[105.694562,22.038174],[105.697524,22.030661],[105.707898,22.022635],[105.716605,22.022134],[105.722913,22.026156],[105.731335,22.015413],[105.73574,22.016052],[105.7372,22.018565],[105.739127,22.018824],[105.745243,22.01661],[105.747359,22.013906],[105.744911,22.00715],[105.741268,22.003105],[105.741507,21.999257],[105.739799,21.998441],[105.742326,21.990563],[105.738496,21.985049],[105.733032,21.981868],[105.732708,21.979414],[105.72983,21.978643],[105.730321,21.97604],[105.728099,21.973123],[105.719756,21.967069],[105.719773,21.955871],[105.715617,21.956184],[105.715017,21.953751],[105.711072,21.950619],[105.701942,21.952565],[105.701599,21.954664],[105.69854,21.954414],[105.698319,21.956654],[105.695708,21.956265],[105.696088,21.953941],[105.691571,21.952875],[105.688953,21.949495],[105.685165,21.948439],[105.684527,21.95095],[105.681152,21.95179],[105.676758,21.945623],[105.671371,21.949646],[105.668832,21.956411],[105.665202,21.958218],[105.667157,21.966704],[105.663932,21.970297],[105.666984,21.970561],[105.666823,21.972761],[105.669411,21.975323],[105.672707,21.984396],[105.67201,21.988192],[105.661559,21.989753],[105.658394,21.987712],[105.653118,21.992973],[105.653434,21.999497],[105.647005,21.999733],[105.64382,22.001862],[105.643969,22.004306]]]}},{"type":"Feature","properties":{"code":"02155","name":"Xã Na Rì","type":"Xã"},"geometry":{"type":"Polygon","coordinates":[[[106.169464,22.270172],[106.175251,22.269302],[106.178259,22.264814],[106.181635,22.264451],[106.185715,22.260551],[106.185184,22.258713],[106.188352,22.259852],[106.191102,22.254093],[106.193915,22.253401],[106.199628,22.253651],[106.20329,22.257543],[106.205395,22.256197],[106.209941,22.257386],[106.221731,22.25515],[106.225977,22.259792],[106.225725,22.261254],[106.229564,22.263734],[106.23784,22.260748],[106.234489,22.253942],[106.235232,22.250864],[106.238635,22.247317],[106.241979,22.247098],[106.242987,22.238092],[106.24014,22.233618],[106.23764,22.221265],[106.231899,22.219891],[106.229621,22.216242],[106.225105,22.213999],[106.225325,22.210329],[106.221159,22.206831],[106.223281,22.201381],[106.221363,22.196873],[106.233773,22.177819],[106.231675,22.174332],[106.226031,22.171034],[106.22615,22.169591],[106.217116,22.166754],[106.213981,22.159743],[106.200911,22.149218],[106.200307,22.146085],[106.196975,22.143058],[106.191324,22.143809],[106.188828,22.145711],[106.184732,22.157002],[106.185065,22.161382],[106.181892,22.16688],[106.172347,22.172918],[106.166967,22.173793],[106.166795,22.179124],[106.163406,22.183244],[106.161231,22.180839],[106.157426,22.181719],[106.152529,22.173977],[106.149466,22.180567],[106.145913,22.181347],[106.144632,22.183853],[106.14421,22.189655],[106.147227,22.193441],[106.14644,22.194943],[106.144838,22.192982],[106.143291,22.193748],[106.144575,22.200142],[106.137422,22.202091],[106.12576,22.211874],[106.113551,22.210261],[106.110029,22.211798],[106.100887,22.203707],[106.100662,22.200981],[106.096668,22.199997],[106.092851,22.19653],[106.093644,22.203791],[106.092412,22.208222],[106.093951,22.212962],[106.108007,22.228158],[106.109824,22.235604],[106.113151,22.236351],[106.119101,22.242932],[106.120642,22.24272],[106.124139,22.249818],[106.131129,22.249488],[106.140964,22.240934],[106.142918,22.240744],[106.141032,22.244492],[106.146204,22.253321],[106.145019,22.257111],[106.146936,22.256487],[106.169464,22.270172]]]}},{"type":"Feature","properties":{"code":"02026","name":"Xã Nam Cường","type":"Xã"},"geometry":{"type":"Polygon","coordinates":[[[105.570811,22.414156],[105.574767,22.411412],[105.574135,22.406307],[105.575486,22.40426],[105.57366,22.400226],[105.58018,22.387642],[105.59052,22.383809],[105.600657,22.393847],[105.60623,22.394523],[105.607962,22.393475],[105.609338,22.388029],[105.611879,22.386435],[105.614451,22.38633],[105.622403,22.391653],[105.628856,22.388894],[105.629903,22.384952],[105.636743,22.383642],[105.640074,22.379028],[105.638444,22.372587],[105.640713,22.372205],[105.637682,22.369402],[105.635254,22.36294],[105.636118,22.360054],[105.648791,22.360347],[105.65199,22.355998],[105.652297,22.347929],[105.650475,22.345056],[105.643523,22.343411],[105.637038,22.339318],[105.628979,22.33832],[105.62456,22.333958],[105.622618,22.329342],[105.623268,22.325444],[105.619209,22.321869],[105.613693,22.326102],[105.609556,22.324354],[105.607147,22.305562],[105.604971,22.30436],[105.600136,22.30494],[105.597395,22.298363],[105.598213,22.294024],[105.596851,22.292257],[105.586522,22.291624],[105.575872,22.29383],[105.568646,22.288584],[105.569344,22.282712],[105.56654,22.279781],[105.564362,22.279624],[105.562888,22.272788],[105.552414,22.267485],[105.549584,22.268165],[105.550773,22.278321],[105.546581,22.287079],[105.549108,22.290356],[105.548406,22.299337],[105.537567,22.299022],[105.530701,22.295164],[105.526357,22.290092],[105.522092,22.290559],[105.517767,22.287668],[105.514332,22.28939],[105.504607,22.288681],[105.502408,22.290697],[105.501446,22.294793],[105.49145,22.293425],[105.490151,22.295678],[105.486056,22.297181],[105.482604,22.301757],[105.47872,22.303885],[105.478655,22.308936],[105.482967,22.317232],[105.488331,22.319165],[105.490912,22.317789],[105.497818,22.3204],[105.497529,22.338525],[105.507149,22.34267],[105.514164,22.348832],[105.513054,22.356294],[105.51724,22.367316],[105.514442,22.369945],[105.51341,22.376989],[105.51628,22.384685],[105.519611,22.38788],[105.518346,22.400828],[105.520985,22.401351],[105.522068,22.40434],[105.53273,22.404039],[105.535093,22.407747],[105.55453,22.402208],[105.559762,22.40228],[105.565076,22.407468],[105.567027,22.414759],[105.570767,22.419237],[105.570811,22.414156]]]}},{"type":"Feature","properties":{"code":"05707","name":"Xã Nam Hòa","type":"Xã"},"geometry":{"type":"Polygon","coordinates":[[[105.99442,21.678545],[106.011398,21.677388],[106.018531,21.673116],[106.019221,21.669457],[106.024261,21.668918],[106.027391,21.666681],[106.026105,21.664334],[106.030307,21.658943],[106.028628,21.652906],[106.031995,21.649139],[106.031451,21.644814],[106.026979,21.637236],[106.026969,21.631898],[106.017455,21.632385],[106.007702,21.636044],[106.004685,21.635217],[105.998536,21.625449],[105.992999,21.622274],[105.9906,21.614056],[105.987794,21.610792],[105.990015,21.607452],[105.98865,21.602975],[105.980746,21.603638],[105.974314,21.594087],[105.975187,21.591812],[105.974059,21.589876],[105.967754,21.589103],[105.963634,21.59303],[105.957014,21.594103],[105.952844,21.597591],[105.953753,21.602241],[105.943037,21.601029],[105.941995,21.598145],[105.93638,21.59964],[105.935455,21.584658],[105.933255,21.586496],[105.931571,21.585713],[105.925915,21.587939],[105.923218,21.586935],[105.922139,21.589075],[105.920164,21.588411],[105.918034,21.590994],[105.913839,21.585922],[105.912121,21.586627],[105.910299,21.584161],[105.906652,21.584541],[105.901877,21.579826],[105.898585,21.58228],[105.897097,21.581059],[105.895161,21.58507],[105.890033,21.586826],[105.88643,21.596187],[105.882035,21.596437],[105.879629,21.593737],[105.876485,21.59623],[105.881711,21.60026],[105.881394,21.603877],[105.885346,21.601179],[105.890604,21.603242],[105.893942,21.601533],[105.896041,21.598221],[105.896932,21.600318],[105.894762,21.60167],[105.897951,21.603432],[105.89704,21.610764],[105.902326,21.612349],[105.902806,21.615283],[105.904625,21.616449],[105.903421,21.628362],[105.905608,21.631089],[105.911855,21.628546],[105.915666,21.630717],[105.920781,21.626683],[105.920545,21.623484],[105.922017,21.621856],[105.923403,21.62316],[105.926558,21.622478],[105.931141,21.620421],[105.931002,21.618999],[105.93479,21.619961],[105.936476,21.624528],[105.937899,21.624298],[105.939163,21.62731],[105.942505,21.62799],[105.947919,21.627869],[105.952704,21.620951],[105.957855,21.623427],[105.961462,21.628187],[105.964323,21.629395],[105.969721,21.639226],[105.968927,21.64382],[105.977552,21.646272],[105.976482,21.651663],[105.979255,21.655605],[105.977244,21.658514],[105.978765,21.663328],[105.977761,21.667249],[105.983919,21.669735],[105.99442,21.678545]]]}},{"type":"Feature","properties":{"code":"05722","name":"Xã Nghinh Tường","type":"Xã"},"geometry":{"type":"Polygon","coordinates":[[[106.0979,21.93844],[106.103945,21.936477],[106.107142,21.932824],[106.110702,21.934037],[106.113082,21.929198],[106.118005,21.928404],[106.122161,21.923997],[106.128104,21.924834],[106.132171,21.920358],[106.132114,21.916685],[106.127182,21.910371],[106.127655,21.907252],[106.131666,21.905947],[106.130273,21.903206],[106.127234,21.898779],[106.123893,21.898818],[106.122515,21.896863],[106.115098,21.894687],[106.114707,21.891717],[106.113046,21.890829],[106.116292,21.880384],[106.113754,21.875502],[106.115412,21.874261],[106.115255,21.869719],[106.111732,21.865803],[106.110458,21.861007],[106.11309,21.854276],[106.111531,21.849901],[106.118319,21.843564],[106.114673,21.840572],[106.106569,21.84068],[106.108549,21.835873],[106.107857,21.83177],[106.100909,21.830178],[106.100747,21.824867],[106.095397,21.820858],[106.098112,21.812989],[106.087029,21.812777],[106.085543,21.810761],[106.081165,21.809756],[106.076896,21.804412],[106.080656,21.799473],[106.078362,21.793603],[106.075861,21.792952],[106.066614,21.783975],[106.059825,21.781757],[106.048308,21.769834],[106.045804,21.764553],[106.043311,21.76331],[106.024376,21.763871],[106.02252,21.7626],[106.015305,21.764142],[106.007736,21.769797],[106.006069,21.769424],[106.005508,21.7739],[106.001205,21.776328],[105.99592,21.783955],[105.991996,21.779621],[105.984237,21.78197],[105.984258,21.783195],[105.98325,21.782395],[105.980341,21.78597],[105.979061,21.792097],[105.972715,21.796655],[105.995309,21.812191],[106.001083,21.809269],[106.005596,21.819507],[106.00796,21.820246],[106.005355,21.822453],[106.005667,21.824951],[106.011417,21.826065],[106.015734,21.829117],[106.01493,21.832673],[106.013114,21.833472],[106.00716,21.844361],[106.009095,21.84841],[106.016061,21.853227],[106.020484,21.85406],[106.020092,21.861628],[106.022588,21.864715],[106.034355,21.863599],[106.03695,21.873858],[106.03545,21.884486],[106.037504,21.896599],[106.048836,21.899662],[106.053437,21.898218],[106.054596,21.906844],[106.056965,21.91164],[106.066238,21.918056],[106.065059,21.921058],[106.062067,21.92298],[106.063337,21.941704],[106.069289,21.942679],[106.075292,21.940678],[106.083626,21.942575],[106.091669,21.939499],[106.094695,21.941606],[106.0979,21.93844]]]}},{"type":"Feature","properties":{"code":"01882","name":"Xã Nghiên Loan","type":"Xã"},"geometry":{"type":"Polygon","coordinates":[[[105.72801,22.631083],[105.733117,22.631194],[105.739098,22.628212],[105.741429,22.623525],[105.740562,22.621401],[105.74654,22.618022],[105.750081,22.613666],[105.751001,22.609248],[105.75329,22.608523],[105.752956,22.603231],[105.746655,22.599023],[105.746987,22.596062],[105.745435,22.594538],[105.750151,22.591851],[105.752076,22.58846],[105.750902,22.586464],[105.755468,22.585817],[105.757415,22.587229],[105.761388,22.585843],[105.762852,22.588188],[105.765954,22.588699],[105.777916,22.576761],[105.778668,22.571788],[105.77424,22.565861],[105.771294,22.566359],[105.770354,22.5647],[105.77322,22.558325],[105.767446,22.556076],[105.773923,22.554212],[105.774266,22.551406],[105.771703,22.551749],[105.771609,22.549979],[105.776137,22.550273],[105.778859,22.548682],[105.778789,22.545121],[105.776041,22.541471],[105.767388,22.53886],[105.756688,22.530569],[105.756573,22.524891],[105.759505,22.520266],[105.760909,22.513994],[105.759141,22.511446],[105.762919,22.500575],[105.760944,22.492855],[105.762744,22.491128],[105.761497,22.486237],[105.735381,22.479541],[105.730479,22.485094],[105.718901,22.487971],[105.714438,22.491849],[105.711886,22.489918],[105.706404,22.489534],[105.696935,22.483959],[105.688896,22.484156],[105.688753,22.481504],[105.684932,22.490626],[105.681618,22.493993],[105.686362,22.505168],[105.679194,22.517264],[105.678057,22.527892],[105.672411,22.533203],[105.671239,22.536395],[105.671954,22.541795],[105.675338,22.543224],[105.673616,22.549133],[105.676273,22.553357],[105.676779,22.559381],[105.673359,22.562185],[105.673193,22.566088],[105.668592,22.568844],[105.66684,22.575835],[105.678836,22.583026],[105.68003,22.585561],[105.683104,22.586352],[105.686074,22.589694],[105.689703,22.596893],[105.686206,22.601008],[105.684263,22.601283],[105.683965,22.603115],[105.690546,22.613838],[105.69734,22.614283],[105.708458,22.624032],[105.709332,22.62761],[105.714189,22.628549],[105.715871,22.627321],[105.723531,22.630214],[105.728016,22.636461],[105.729182,22.633076],[105.72801,22.631083]]]}},{"type":"Feature","properties":{"code":"02071","name":"Xã Nghĩa Tá","type":"Xã"},"geometry":{"type":"Polygon","coordinates":[[[105.493767,22.150692],[105.495445,22.146673],[105.500405,22.14308],[105.516099,22.146299],[105.52654,22.143187],[105.526129,22.135927],[105.528829,22.12935],[105.531498,22.127117],[105.532593,22.121499],[105.53649,22.119565],[105.536275,22.114239],[105.54028,22.111761],[105.545018,22.112639],[105.539453,22.105051],[105.529493,22.097855],[105.537515,22.096928],[105.546342,22.099894],[105.553044,22.099288],[105.558129,22.103343],[105.564472,22.098779],[105.562492,22.097324],[105.562314,22.094255],[105.556765,22.09115],[105.55636,22.088995],[105.557904,22.084033],[105.561454,22.082164],[105.560496,22.077144],[105.565631,22.069632],[105.572211,22.069499],[105.572422,22.066552],[105.575029,22.066429],[105.579915,22.055742],[105.577648,22.051933],[105.579134,22.0487],[105.57746,22.043099],[105.578216,22.037277],[105.58855,22.024112],[105.591357,22.021661],[105.594679,22.022585],[105.596463,22.01935],[105.592846,22.016099],[105.593883,22.011561],[105.588235,22.005761],[105.585806,22.00105],[105.586125,21.997716],[105.582631,21.994487],[105.583157,21.991739],[105.579513,21.985462],[105.5794,21.983353],[105.58212,21.980618],[105.578187,21.977543],[105.577815,21.975025],[105.581688,21.966762],[105.579705,21.96526],[105.577261,21.958105],[105.570256,21.958249],[105.563242,21.955488],[105.555674,21.957476],[105.552538,21.96277],[105.541025,21.963958],[105.537644,21.967341],[105.533453,21.966698],[105.525694,21.98051],[105.516558,21.987174],[105.514748,21.98425],[105.511936,21.98464],[105.511164,21.990415],[105.504921,21.992559],[105.506069,21.996383],[105.505323,22.008357],[105.500718,22.010326],[105.498099,22.009253],[105.4938,22.011846],[105.493181,22.024243],[105.488713,22.031763],[105.490576,22.035958],[105.490437,22.038714],[105.487388,22.040989],[105.489013,22.044565],[105.487104,22.047806],[105.482348,22.049858],[105.480717,22.053827],[105.473835,22.059858],[105.473222,22.063654],[105.476523,22.06537],[105.47304,22.06814],[105.469073,22.068426],[105.467939,22.0729],[105.462705,22.074388],[105.469453,22.081256],[105.468186,22.089942],[105.473558,22.096258],[105.470213,22.103207],[105.464998,22.10381],[105.463396,22.108104],[105.464383,22.111928],[105.462686,22.115135],[105.469066,22.124962],[105.475244,22.126532],[105.476436,22.129823],[105.473736,22.136988],[105.481305,22.143128],[105.484323,22.147661],[105.490888,22.151207],[105.493767,22.150692]]]}},{"type":"Feature","properties":{"code":"01954","name":"Xã Ngân Sơn","type":"Xã"},"geometry":{"type":"Polygon","coordinates":[[[105.990826,22.543326],[105.99336,22.537127],[105.996031,22.534678],[105.993394,22.525876],[105.993771,22.520869],[105.996567,22.514907],[105.995132,22.513432],[105.995439,22.510483],[105.997439,22.506819],[105.992369,22.500187],[105.991683,22.492209],[105.987918,22.490063],[105.985903,22.485447],[105.981249,22.482636],[105.975927,22.475602],[105.980745,22.470124],[105.978409,22.465657],[105.983706,22.463574],[105.989734,22.463541],[105.995498,22.46865],[105.9995,22.466707],[106.003623,22.467724],[106.004851,22.465612],[106.015815,22.472003],[106.027637,22.475957],[106.02959,22.469454],[106.026649,22.466414],[106.027634,22.46465],[106.034098,22.465128],[106.039068,22.471217],[106.04158,22.471563],[106.04884,22.467811],[106.049803,22.464818],[106.047936,22.462415],[106.050231,22.459438],[106.057175,22.459219],[106.062865,22.456483],[106.072698,22.456796],[106.078334,22.452785],[106.080421,22.448416],[106.094531,22.445859],[106.094202,22.441237],[106.097973,22.439883],[106.101605,22.435738],[106.099425,22.429407],[106.095983,22.428496],[106.087451,22.429749],[106.075265,22.425592],[106.069422,22.4334],[106.064699,22.432261],[106.062212,22.42828],[106.057389,22.426415],[106.052693,22.429528],[106.041085,22.430932],[106.032321,22.415455],[106.028481,22.415692],[106.022146,22.41106],[106.018156,22.412716],[106.008664,22.410735],[105.992432,22.398997],[105.982112,22.398018],[105.974876,22.401189],[105.964143,22.401765],[105.957856,22.404709],[105.953744,22.404333],[105.954299,22.401787],[105.951284,22.399276],[105.942733,22.400132],[105.942021,22.401741],[105.945765,22.404234],[105.948571,22.409208],[105.946394,22.417595],[105.947985,22.426452],[105.950172,22.428211],[105.948228,22.433842],[105.949121,22.437627],[105.947369,22.440427],[105.943495,22.44207],[105.947381,22.443951],[105.930811,22.451387],[105.927112,22.452292],[105.924232,22.450602],[105.920596,22.452652],[105.917891,22.455361],[105.919518,22.460366],[105.918552,22.462019],[105.908048,22.463897],[105.901815,22.467848],[105.897929,22.472829],[105.897888,22.476173],[105.90039,22.478881],[105.899252,22.482326],[105.904803,22.491529],[105.903846,22.495564],[105.913531,22.497746],[105.914418,22.501126],[105.923491,22.513167],[105.924316,22.522064],[105.928592,22.523486],[105.931249,22.527339],[105.946966,22.528743],[105.952777,22.522649],[105.954697,22.522919],[105.961071,22.527976],[105.965865,22.528717],[105.968922,22.535529],[105.971658,22.537121],[105.977213,22.536724],[105.982861,22.539968],[105.986241,22.544591],[105.990826,22.543326]]]}},{"type":"Feature","properties":{"code":"01936","name":"Xã Nà Phặc","type":"Xã"},"geometry":{"type":"Polygon","coordinates":[[[105.897888,22.476173],[105.901614,22.468047],[105.907539,22.464186],[105.918628,22.461951],[105.919518,22.460366],[105.917891,22.455361],[105.922091,22.451614],[105.930811,22.451387],[105.947381,22.443951],[105.943495,22.44207],[105.947369,22.440427],[105.949121,22.437627],[105.948228,22.433842],[105.950172,22.428211],[105.947985,22.426452],[105.946394,22.417595],[105.948571,22.409208],[105.945765,22.404234],[105.941902,22.401319],[105.948573,22.398632],[105.95181,22.399498],[105.951314,22.396737],[105.953357,22.394289],[105.952421,22.388642],[105.953974,22.387063],[105.953544,22.382734],[105.957053,22.381297],[105.958097,22.377471],[105.949541,22.367348],[105.945482,22.365666],[105.943048,22.366703],[105.936281,22.361847],[105.930783,22.361161],[105.921443,22.362839],[105.918757,22.361158],[105.906002,22.359395],[105.904114,22.354992],[105.905064,22.351634],[105.903393,22.344215],[105.899146,22.342295],[105.899617,22.339273],[105.896375,22.338868],[105.893544,22.335633],[105.885597,22.332093],[105.88392,22.336907],[105.877913,22.342222],[105.875558,22.347748],[105.872339,22.347773],[105.864503,22.351948],[105.859698,22.361329],[105.850371,22.364392],[105.859624,22.375099],[105.858349,22.384612],[105.854277,22.389835],[105.859581,22.401874],[105.86676,22.404785],[105.870942,22.410996],[105.869056,22.423895],[105.876009,22.439314],[105.882018,22.446364],[105.884338,22.460443],[105.883219,22.463933],[105.889271,22.471841],[105.897888,22.476173]]]}},{"type":"Feature","properties":{"code":"01849","name":"Xã Phong Quang","type":"Xã"},"geometry":{"type":"Polygon","coordinates":[[[105.788686,22.277065],[105.793537,22.272308],[105.792793,22.265988],[105.794232,22.261843],[105.792787,22.254751],[105.7895,22.252852],[105.78767,22.248793],[105.790009,22.246328],[105.788827,22.239504],[105.790975,22.233939],[105.790673,22.227469],[105.796569,22.223567],[105.79793,22.218961],[105.807568,22.213102],[105.810236,22.204061],[105.808507,22.200018],[105.823314,22.191963],[105.82405,22.188684],[105.827334,22.186035],[105.826247,22.171798],[105.829091,22.167929],[105.831304,22.16746],[105.833547,22.163348],[105.833474,22.15951],[105.83688,22.158685],[105.839232,22.1538],[105.826056,22.151164],[105.820676,22.156056],[105.818571,22.156027],[105.81565,22.153727],[105.816372,22.15001],[105.813627,22.146948],[105.809011,22.148904],[105.806498,22.148046],[105.80645,22.145204],[105.803462,22.146898],[105.803027,22.144159],[105.799555,22.143206],[105.798906,22.140931],[105.795388,22.13922],[105.792326,22.146242],[105.787048,22.147923],[105.781691,22.154261],[105.776466,22.153469],[105.775105,22.151651],[105.771263,22.151778],[105.769195,22.148962],[105.754994,22.152974],[105.751991,22.149652],[105.747099,22.150093],[105.74297,22.146303],[105.738682,22.145263],[105.730958,22.148775],[105.728963,22.152326],[105.719903,22.153682],[105.71798,22.152255],[105.70183,22.157734],[105.695176,22.155987],[105.694937,22.158017],[105.687837,22.163],[105.687573,22.167787],[105.683239,22.174057],[105.684909,22.178642],[105.688632,22.181399],[105.689132,22.183522],[105.686493,22.195446],[105.689856,22.198507],[105.688061,22.201462],[105.700843,22.21069],[105.695726,22.223622],[105.691644,22.226116],[105.702597,22.226778],[105.704647,22.224502],[105.711377,22.226816],[105.710957,22.234107],[105.712638,22.239994],[105.706179,22.260116],[105.715132,22.263205],[105.71784,22.266394],[105.722602,22.267711],[105.72613,22.272135],[105.730212,22.273832],[105.735307,22.272718],[105.740982,22.274747],[105.752937,22.273348],[105.756684,22.270469],[105.764285,22.270686],[105.772115,22.272225],[105.774277,22.276142],[105.779436,22.27721],[105.788083,22.281999],[105.788686,22.277065]]]}},{"type":"Feature","properties":{"code":"05908","name":"Xã Phú Bình","type":"Xã"},"geometry":{"type":"Polygon","coordinates":[[[105.963619,21.520373],[105.969455,21.514216],[105.968733,21.512652],[105.972286,21.507117],[105.965473,21.492193],[105.960958,21.487671],[105.960978,21.481248],[105.971076,21.480086],[105.974818,21.484409],[105.980501,21.483676],[105.982882,21.485843],[105.98477,21.485074],[105.992068,21.475452],[105.991043,21.47379],[105.993012,21.469037],[105.989818,21.465688],[105.99026,21.462327],[105.996032,21.463603],[105.999487,21.460325],[105.997432,21.458569],[105.99537,21.451577],[105.991233,21.447411],[105.984272,21.448523],[105.975412,21.442424],[105.967639,21.445672],[105.95778,21.444127],[105.954425,21.440995],[105.944571,21.437666],[105.942207,21.433133],[105.935417,21.433218],[105.932889,21.4364],[105.927227,21.436696],[105.925174,21.438935],[105.926066,21.443285],[105.930375,21.443957],[105.931358,21.447661],[105.934353,21.448754],[105.934495,21.456568],[105.93149,21.46205],[105.926248,21.463193],[105.926201,21.47308],[105.91969,21.47848],[105.91709,21.47858],[105.915031,21.481373],[105.918471,21.48251],[105.933083,21.495604],[105.931171,21.500503],[105.936363,21.503648],[105.936251,21.512079],[105.937803,21.512381],[105.938095,21.510964],[105.940346,21.512439],[105.939582,21.514326],[105.942237,21.51537],[105.942974,21.513253],[105.945118,21.512996],[105.945829,21.514289],[105.951444,21.515106],[105.952426,21.517868],[105.961465,21.517552],[105.963619,21.520373]]]}},{"type":"Feature","properties":{"code":"05611","name":"Xã Phú Lương","type":"Xã"},"geometry":{"type":"Polygon","coordinates":[[[105.757986,21.83172],[105.758618,21.830325],[105.760251,21.830809],[105.761023,21.827718],[105.759296,21.820711],[105.761021,21.816881],[105.767697,21.81286],[105.77909,21.810871],[105.786086,21.804402],[105.799255,21.80511],[105.794778,21.799664],[105.797812,21.794202],[105.7981,21.78961],[105.78968,21.775507],[105.787869,21.779107],[105.781043,21.777573],[105.777257,21.772334],[105.771363,21.76979],[105.766812,21.765001],[105.765389,21.760879],[105.762389,21.759022],[105.762097,21.760755],[105.761275,21.759279],[105.757975,21.75935],[105.757299,21.756832],[105.754691,21.756083],[105.753731,21.752114],[105.757635,21.749648],[105.756839,21.741533],[105.754369,21.739311],[105.756031,21.736098],[105.754028,21.73288],[105.746576,21.73206],[105.741139,21.723579],[105.742051,21.720521],[105.73363,21.718364],[105.732332,21.716206],[105.734259,21.71313],[105.732879,21.712032],[105.7345,21.710818],[105.734603,21.706985],[105.741729,21.704278],[105.737483,21.701256],[105.739132,21.6966],[105.737989,21.691514],[105.741063,21.691929],[105.741537,21.690541],[105.73767,21.686043],[105.739431,21.681618],[105.73758,21.680122],[105.744499,21.672125],[105.740122,21.668576],[105.739919,21.665842],[105.738028,21.669076],[105.737439,21.666011],[105.735014,21.663895],[105.728519,21.66286],[105.727261,21.667001],[105.724487,21.665776],[105.721326,21.66656],[105.722455,21.664643],[105.718221,21.66444],[105.714132,21.670076],[105.710852,21.669015],[105.711552,21.670529],[105.709168,21.670564],[105.70858,21.673318],[105.704371,21.672648],[105.701625,21.675003],[105.701675,21.677133],[105.693844,21.68085],[105.691868,21.684798],[105.683303,21.687578],[105.681177,21.689666],[105.675532,21.689838],[105.675975,21.698594],[105.677839,21.703365],[105.674379,21.70504],[105.672045,21.711547],[105.66729,21.713284],[105.660319,21.71252],[105.654073,21.717368],[105.650218,21.717038],[105.644991,21.720539],[105.640607,21.720439],[105.651913,21.727708],[105.659374,21.7287],[105.665813,21.735109],[105.67342,21.734909],[105.673836,21.736696],[105.677739,21.737688],[105.683877,21.743823],[105.686122,21.744164],[105.689533,21.741876],[105.689725,21.739683],[105.694367,21.74171],[105.694312,21.745968],[105.690889,21.753268],[105.697113,21.756454],[105.69714,21.761187],[105.698934,21.761718],[105.697647,21.766111],[105.705371,21.769694],[105.706111,21.774058],[105.711596,21.779362],[105.711138,21.783932],[105.717177,21.787068],[105.726497,21.799481],[105.728158,21.798626],[105.727766,21.799792],[105.731069,21.801441],[105.736657,21.80197],[105.73986,21.800203],[105.741638,21.801691],[105.741786,21.8077],[105.746602,21.810487],[105.748206,21.813326],[105.746724,21.81752],[105.748649,21.819952],[105.747342,21.822442],[105.754376,21.831067],[105.757986,21.83172]]]}},{"type":"Feature","properties":{"code":"05788","name":"Xã Phú Lạc","type":"Xã"},"geometry":{"type":"Polygon","coordinates":[[[105.644991,21.720539],[105.647907,21.717717],[105.655927,21.71654],[105.660319,21.71252],[105.66729,21.713284],[105.672045,21.711547],[105.674379,21.70504],[105.677839,21.703365],[105.675975,21.698594],[105.675532,21.689838],[105.681177,21.689666],[105.683303,21.687578],[105.691868,21.684798],[105.693844,21.68085],[105.701675,21.677133],[105.701625,21.675003],[105.704371,21.672648],[105.70858,21.673318],[105.709168,21.670564],[105.711552,21.670529],[105.710852,21.669015],[105.714132,21.670076],[105.718221,21.66444],[105.722455,21.664643],[105.721326,21.66656],[105.727936,21.666382],[105.726317,21.666133],[105.715184,21.65085],[105.709654,21.651493],[105.706708,21.6536],[105.698294,21.646918],[105.688587,21.652883],[105.685548,21.651588],[105.682892,21.653869],[105.678486,21.653823],[105.677349,21.655753],[105.675212,21.654744],[105.673024,21.656256],[105.667711,21.655276],[105.662291,21.646751],[105.657606,21.659688],[105.632386,21.668769],[105.629645,21.67448],[105.631304,21.676865],[105.625974,21.680952],[105.622708,21.676757],[105.612205,21.675744],[105.613468,21.675035],[105.612744,21.673089],[105.610575,21.671937],[105.613381,21.672245],[105.613791,21.67107],[105.609812,21.669036],[105.600102,21.669168],[105.601579,21.671855],[105.597264,21.675802],[105.599537,21.678892],[105.596943,21.682506],[105.596863,21.685489],[105.594972,21.685303],[105.589104,21.691677],[105.58641,21.690989],[105.585916,21.694098],[105.581949,21.69905],[105.583154,21.70451],[105.585026,21.70603],[105.587685,21.704802],[105.597992,21.705826],[105.601715,21.703714],[105.608038,21.708631],[105.611562,21.707715],[105.613963,21.704678],[105.6189,21.704459],[105.629222,21.717754],[105.639534,21.720591],[105.644991,21.720539]]]}},{"type":"Feature","properties":{"code":"05800","name":"Xã Phú Thịnh","type":"Xã"},"geometry":{"type":"Polygon","coordinates":[[[105.584288,21.705514],[105.581817,21.701683],[105.582025,21.698805],[105.585916,21.694098],[105.58641,21.690989],[105.589104,21.691677],[105.594972,21.685303],[105.596863,21.685489],[105.596943,21.682506],[105.599537,21.678892],[105.597264,21.675802],[105.601579,21.671855],[105.600228,21.669076],[105.609812,21.669036],[105.613791,21.67107],[105.613381,21.672245],[105.610575,21.671937],[105.612744,21.673089],[105.613468,21.675035],[105.612205,21.675744],[105.622708,21.676757],[105.625974,21.680952],[105.631304,21.676865],[105.629645,21.67448],[105.632654,21.669778],[105.631634,21.666523],[105.62892,21.665804],[105.627554,21.662045],[105.623111,21.661402],[105.620739,21.659191],[105.621395,21.656349],[105.617694,21.653744],[105.619331,21.653815],[105.617788,21.650468],[105.61103,21.650156],[105.608459,21.648237],[105.608667,21.646267],[105.602421,21.648897],[105.6022,21.647839],[105.594365,21.647794],[105.589609,21.644622],[105.577603,21.641766],[105.575327,21.644052],[105.578441,21.648437],[105.576932,21.648203],[105.575022,21.651968],[105.574158,21.651012],[105.572566,21.651922],[105.575089,21.652888],[105.575189,21.655332],[105.582418,21.656735],[105.58712,21.660665],[105.579869,21.663527],[105.574829,21.66305],[105.574514,21.664223],[105.56691,21.663253],[105.562884,21.664139],[105.561142,21.666167],[105.562862,21.667016],[105.55856,21.672218],[105.557218,21.679889],[105.562282,21.685475],[105.560988,21.695626],[105.558397,21.694013],[105.558681,21.691941],[105.552883,21.689771],[105.54878,21.689913],[105.54593,21.69317],[105.541244,21.691965],[105.540951,21.693429],[105.538623,21.692983],[105.534375,21.696354],[105.533159,21.695402],[105.533825,21.693203],[105.526448,21.695784],[105.529841,21.697198],[105.528813,21.700391],[105.529924,21.70752],[105.526564,21.710557],[105.529354,21.714876],[105.530003,21.722495],[105.534882,21.727001],[105.541587,21.730103],[105.552446,21.727301],[105.555922,21.723547],[105.558751,21.723054],[105.55764,21.725095],[105.562312,21.729129],[105.568581,21.731709],[105.578504,21.729436],[105.580337,21.711875],[105.584288,21.705514]]]}},{"type":"Feature","properties":{"code":"05773","name":"Xã Phú Xuyên","type":"Xã"},"geometry":{"type":"Polygon","coordinates":[[[105.530003,21.722495],[105.529354,21.714876],[105.526564,21.710557],[105.529924,21.70752],[105.528813,21.700391],[105.529841,21.697198],[105.526448,21.695784],[105.533825,21.693203],[105.533159,21.695402],[105.534375,21.696354],[105.538623,21.692983],[105.540951,21.693429],[105.541244,21.691965],[105.54593,21.69317],[105.54878,21.689913],[105.552883,21.689771],[105.558681,21.691941],[105.558397,21.694013],[105.560988,21.695626],[105.562282,21.685475],[105.557218,21.679889],[105.55856,21.672218],[105.562862,21.667016],[105.561142,21.666167],[105.562884,21.664139],[105.579869,21.663527],[105.587096,21.660411],[105.582418,21.656735],[105.575189,21.655332],[105.574338,21.652312],[105.572509,21.653918],[105.565191,21.654653],[105.557985,21.650037],[105.556241,21.649843],[105.555056,21.651712],[105.55087,21.648578],[105.545844,21.649035],[105.527036,21.635152],[105.525705,21.631255],[105.52205,21.628814],[105.503909,21.62926],[105.501287,21.630387],[105.497389,21.639155],[105.490629,21.64317],[105.488225,21.649072],[105.489003,21.651196],[105.483486,21.65985],[105.482125,21.672404],[105.479341,21.674355],[105.481915,21.678804],[105.487247,21.681019],[105.487922,21.689587],[105.484261,21.693212],[105.478295,21.695456],[105.477217,21.697786],[105.484618,21.702333],[105.490257,21.703188],[105.493464,21.715302],[105.495819,21.717245],[105.500436,21.717593],[105.499281,21.723126],[105.503008,21.726388],[105.503649,21.729336],[105.512285,21.732986],[105.515913,21.736982],[105.525831,21.724097],[105.530003,21.722495]]]}},{"type":"Feature","properties":{"code":"05602","name":"Xã Phú Đình","type":"Xã"},"geometry":{"type":"Polygon","coordinates":[[[105.525756,21.7679],[105.516645,21.774249],[105.500705,21.7706],[105.49362,21.775378],[105.492455,21.779218],[105.495572,21.783522],[105.497505,21.792908],[105.492863,21.804585],[105.495107,21.817587],[105.493432,21.828072],[105.497381,21.832604],[105.506508,21.833129],[105.510467,21.832693],[105.514653,21.826847],[105.516767,21.826746],[105.519772,21.830782],[105.527705,21.834689],[105.529025,21.847359],[105.531927,21.850019],[105.538827,21.848133],[105.545125,21.849285],[105.545179,21.847526],[105.548648,21.846682],[105.552996,21.848016],[105.565463,21.846156],[105.564638,21.837694],[105.56237,21.836937],[105.565361,21.832213],[105.564045,21.83086],[105.56609,21.827487],[105.57093,21.826457],[105.56597,21.822898],[105.565568,21.816363],[105.553631,21.811551],[105.55141,21.809047],[105.550714,21.805417],[105.55278,21.800488],[105.556166,21.799936],[105.556703,21.797549],[105.554973,21.797353],[105.553683,21.792028],[105.549453,21.789735],[105.547745,21.786703],[105.549059,21.780617],[105.540355,21.776352],[105.533486,21.769601],[105.525756,21.7679]]]}},{"type":"Feature","properties":{"code":"01894","name":"Xã Phúc Lộc","type":"Xã"},"geometry":{"type":"Polygon","coordinates":[[[105.786163,22.551114],[105.787687,22.547413],[105.790733,22.546225],[105.795531,22.53456],[105.798237,22.532958],[105.804325,22.523413],[105.82126,22.520256],[105.829182,22.523874],[105.830819,22.526591],[105.833154,22.526602],[105.832353,22.517465],[105.834046,22.515334],[105.836903,22.516359],[105.841664,22.51511],[105.850427,22.520332],[105.860183,22.521371],[105.865098,22.520467],[105.875619,22.514153],[105.883036,22.513565],[105.899361,22.507051],[105.898116,22.504423],[105.903498,22.49672],[105.90486,22.491932],[105.899252,22.482326],[105.900371,22.478788],[105.896608,22.475099],[105.889271,22.471841],[105.883278,22.464052],[105.884338,22.460443],[105.882018,22.446364],[105.876009,22.439314],[105.869056,22.423895],[105.870942,22.410996],[105.86676,22.404785],[105.859581,22.401874],[105.854277,22.389835],[105.850084,22.392581],[105.847964,22.402677],[105.841716,22.403667],[105.839639,22.408225],[105.831747,22.405355],[105.830695,22.40301],[105.824855,22.399371],[105.81594,22.397093],[105.809089,22.405685],[105.804944,22.406823],[105.799184,22.405099],[105.796263,22.409173],[105.796969,22.414911],[105.788775,22.420455],[105.785328,22.427789],[105.778385,22.429806],[105.777769,22.438172],[105.761583,22.449035],[105.761306,22.456633],[105.762247,22.458595],[105.764651,22.458969],[105.765356,22.463025],[105.76377,22.4657],[105.764207,22.469452],[105.761864,22.47201],[105.765834,22.483462],[105.764185,22.485884],[105.761647,22.486377],[105.762744,22.491128],[105.760944,22.492855],[105.762894,22.500794],[105.759141,22.511446],[105.760909,22.513994],[105.759505,22.520266],[105.756573,22.524891],[105.756539,22.529978],[105.757274,22.532016],[105.762498,22.534094],[105.767388,22.53886],[105.776041,22.541471],[105.778789,22.545121],[105.778859,22.548682],[105.786163,22.551114]]]}},{"type":"Feature","properties":{"code":"05563","name":"Xã Phượng Tiến","type":"Xã"},"geometry":{"type":"Polygon","coordinates":[[[105.751936,22.012906],[105.755684,21.998319],[105.755941,21.989063],[105.759949,21.988854],[105.764081,21.98607],[105.763771,21.980607],[105.761726,21.979476],[105.762508,21.978024],[105.760813,21.976411],[105.761994,21.97295],[105.760329,21.972173],[105.760682,21.968223],[105.770178,21.955625],[105.775369,21.952842],[105.774325,21.94868],[105.776136,21.942135],[105.774013,21.938904],[105.77792,21.933169],[105.772895,21.926441],[105.770657,21.925596],[105.770455,21.921419],[105.767429,21.919851],[105.764319,21.914547],[105.755716,21.915364],[105.749928,21.910961],[105.747132,21.910658],[105.74217,21.907088],[105.74188,21.90414],[105.734417,21.906568],[105.732892,21.904708],[105.730659,21.906026],[105.727558,21.902776],[105.723909,21.904368],[105.722167,21.901194],[105.718345,21.899398],[105.716906,21.900489],[105.7147,21.898208],[105.711448,21.899018],[105.710142,21.895597],[105.705605,21.895942],[105.699859,21.889731],[105.704629,21.88548],[105.702313,21.881998],[105.690766,21.878349],[105.68772,21.875752],[105.686218,21.871631],[105.682502,21.872828],[105.680705,21.870723],[105.671997,21.871421],[105.670254,21.868748],[105.672643,21.864632],[105.672222,21.862555],[105.669718,21.863338],[105.666696,21.86192],[105.664118,21.864616],[105.661616,21.856384],[105.656375,21.857041],[105.655737,21.850545],[105.645961,21.850281],[105.645264,21.856068],[105.642239,21.858117],[105.643044,21.862868],[105.639927,21.863056],[105.63649,21.866821],[105.640786,21.873055],[105.638988,21.877481],[105.634099,21.879324],[105.63687,21.883094],[105.635458,21.886564],[105.640089,21.889155],[105.651652,21.90368],[105.655169,21.9049],[105.656643,21.90781],[105.655588,21.912231],[105.65945,21.913524],[105.661756,21.920256],[105.667281,21.928273],[105.667993,21.933609],[105.673649,21.935795],[105.675579,21.938373],[105.677608,21.947624],[105.681724,21.952057],[105.684556,21.950923],[105.685165,21.948439],[105.688953,21.949495],[105.691571,21.952875],[105.696088,21.953941],[105.695708,21.956265],[105.698319,21.956654],[105.69854,21.954414],[105.701599,21.954664],[105.701942,21.952565],[105.711072,21.950619],[105.715017,21.953751],[105.715617,21.956184],[105.719773,21.955871],[105.719756,21.967069],[105.728099,21.973123],[105.730321,21.97604],[105.72983,21.978643],[105.732708,21.979414],[105.733032,21.981868],[105.738496,21.985049],[105.742326,21.990563],[105.73977,21.998304],[105.741507,21.999257],[105.741268,22.003105],[105.744911,22.00715],[105.747028,22.013283],[105.751936,22.012906]]]}},{"type":"Feature","properties":{"code":"01969","name":"Xã Phủ Thông","type":"Xã"},"geometry":{"type":"Polygon","coordinates":[[[105.887307,22.317689],[105.891956,22.312209],[105.893112,22.307976],[105.897428,22.304438],[105.89722,22.302012],[105.901606,22.30163],[105.906454,22.293658],[105.916273,22.286477],[105.915829,22.28375],[105.912887,22.283338],[105.913941,22.280954],[105.912718,22.278427],[105.915388,22.271958],[105.914566,22.252356],[105.909856,22.244126],[105.901141,22.239944],[105.900961,22.237686],[105.89813,22.23728],[105.890786,22.229935],[105.879076,22.228334],[105.876095,22.229272],[105.873602,22.232512],[105.879127,22.236018],[105.879736,22.239126],[105.872151,22.242039],[105.8708,22.248287],[105.858798,22.251481],[105.857805,22.248882],[105.8591,22.246994],[105.855865,22.237775],[105.850331,22.239274],[105.846352,22.236458],[105.843769,22.23852],[105.842113,22.232075],[105.838194,22.231065],[105.830142,22.232119],[105.825223,22.229686],[105.82403,22.226802],[105.818652,22.224838],[105.816078,22.220411],[105.808782,22.216178],[105.805168,22.215555],[105.79793,22.218961],[105.796569,22.223567],[105.790673,22.227469],[105.790975,22.233939],[105.788827,22.239504],[105.790009,22.246328],[105.78767,22.248793],[105.7895,22.252852],[105.792787,22.254751],[105.794232,22.261843],[105.792793,22.265988],[105.793537,22.272308],[105.788952,22.275842],[105.788083,22.281999],[105.789155,22.284535],[105.787478,22.287281],[105.809731,22.28856],[105.814959,22.293919],[105.819207,22.294096],[105.820934,22.296921],[105.824185,22.297684],[105.825759,22.301477],[105.831659,22.306355],[105.835315,22.305679],[105.837877,22.307703],[105.846963,22.305507],[105.849392,22.30701],[105.861753,22.30547],[105.873347,22.306799],[105.876362,22.310481],[105.876461,22.31653],[105.884331,22.316334],[105.887307,22.317689]]]}},{"type":"Feature","properties":{"code":"05674","name":"Xã Quang Sơn","type":"Xã"},"geometry":{"type":"Polygon","coordinates":[[[105.856331,21.755717],[105.865033,21.755253],[105.866753,21.769184],[105.877381,21.775095],[105.878413,21.777285],[105.887838,21.770888],[105.894945,21.772828],[105.899188,21.771794],[105.909375,21.775742],[105.924782,21.775997],[105.928456,21.778474],[105.929774,21.776254],[105.927716,21.773734],[105.928371,21.758219],[105.92272,21.756899],[105.922879,21.750139],[105.919351,21.746026],[105.918102,21.741817],[105.913344,21.737938],[105.912525,21.729818],[105.90361,21.730208],[105.893466,21.727451],[105.892839,21.720342],[105.897218,21.718066],[105.897859,21.715855],[105.889455,21.712471],[105.886298,21.706373],[105.895638,21.704593],[105.894326,21.700185],[105.896417,21.699131],[105.897331,21.693782],[105.900314,21.693695],[105.900654,21.690864],[105.894571,21.693599],[105.889506,21.692675],[105.88896,21.697737],[105.878444,21.698628],[105.878501,21.69662],[105.870904,21.694686],[105.864845,21.694979],[105.862418,21.693271],[105.846769,21.69772],[105.847434,21.699226],[105.845176,21.700672],[105.843882,21.704665],[105.832551,21.701786],[105.824036,21.701966],[105.823909,21.703898],[105.821711,21.704952],[105.824391,21.709807],[105.823271,21.711685],[105.824924,21.713334],[105.82468,21.717568],[105.829737,21.722016],[105.830063,21.724916],[105.837154,21.730794],[105.850188,21.735833],[105.852697,21.747429],[105.856331,21.755717]]]}},{"type":"Feature","properties":{"code":"05851","name":"Xã Quân Chu","type":"Xã"},"geometry":{"type":"Polygon","coordinates":[[[105.676329,21.540552],[105.687389,21.53739],[105.700781,21.53047],[105.708272,21.523689],[105.712304,21.5234],[105.718332,21.516912],[105.721499,21.516902],[105.716304,21.512674],[105.713345,21.513926],[105.709896,21.511555],[105.72022,21.505837],[105.729694,21.498056],[105.734379,21.496654],[105.735957,21.493242],[105.734338,21.49168],[105.738215,21.491008],[105.736934,21.482784],[105.731459,21.482476],[105.726735,21.480188],[105.727383,21.475015],[105.722151,21.47284],[105.723188,21.469022],[105.717271,21.465973],[105.716317,21.464367],[105.717693,21.46255],[105.712925,21.454757],[105.713985,21.453246],[105.705372,21.44322],[105.708034,21.435421],[105.711722,21.434844],[105.71346,21.43028],[105.707317,21.435194],[105.706092,21.439739],[105.703793,21.44089],[105.698285,21.438641],[105.687312,21.442362],[105.678031,21.456187],[105.674854,21.458136],[105.669089,21.458171],[105.666346,21.460257],[105.651896,21.457511],[105.645569,21.464944],[105.644014,21.470352],[105.631092,21.479092],[105.635015,21.493111],[105.628516,21.496739],[105.624193,21.497157],[105.62233,21.499374],[105.619395,21.498673],[105.622029,21.501177],[105.631827,21.50133],[105.631071,21.503524],[105.63362,21.504687],[105.636984,21.514967],[105.647742,21.520857],[105.654909,21.529403],[105.657003,21.529754],[105.657715,21.533438],[105.660062,21.535638],[105.660148,21.539513],[105.664521,21.544569],[105.668647,21.546635],[105.676329,21.540552]]]}},{"type":"Feature","properties":{"code":"02038","name":"Xã Quảng Bạch","type":"Xã"},"geometry":{"type":"Polygon","coordinates":[[[105.62396,22.307944],[105.629796,22.306314],[105.639974,22.307406],[105.644418,22.303552],[105.644191,22.300089],[105.648479,22.298017],[105.650909,22.29368],[105.654936,22.294521],[105.658918,22.290279],[105.661935,22.289713],[105.661258,22.286916],[105.654548,22.281246],[105.653801,22.270198],[105.65056,22.267278],[105.649253,22.262096],[105.643868,22.257778],[105.642669,22.25441],[105.638084,22.250292],[105.636132,22.245135],[105.628508,22.244676],[105.627398,22.24006],[105.622305,22.23679],[105.622372,22.233801],[105.619297,22.229285],[105.61689,22.228357],[105.614467,22.222258],[105.610879,22.224657],[105.600669,22.225656],[105.596966,22.231344],[105.592273,22.233068],[105.591201,22.235225],[105.576773,22.235215],[105.575986,22.239163],[105.571817,22.241587],[105.570103,22.245028],[105.558985,22.238942],[105.550519,22.236749],[105.550532,22.242258],[105.547931,22.247409],[105.545119,22.247858],[105.54199,22.253948],[105.538691,22.254617],[105.54006,22.261576],[105.537694,22.266086],[105.552526,22.267502],[105.562888,22.272788],[105.564362,22.279624],[105.56654,22.279781],[105.569344,22.282712],[105.568646,22.288584],[105.576139,22.293969],[105.586522,22.291624],[105.596851,22.292257],[105.598213,22.294024],[105.597395,22.298363],[105.600136,22.30494],[105.604971,22.30436],[105.607147,22.305562],[105.609556,22.324354],[105.613693,22.326102],[105.620713,22.321538],[105.622175,22.316175],[105.620971,22.311248],[105.62396,22.307944]]]}},{"type":"Feature","properties":{"code":"05719","name":"Xã Sảng Mộc","type":"Xã"},"geometry":{"type":"Polygon","coordinates":[[[106.063337,21.941704],[106.062067,21.92298],[106.066551,21.918808],[106.056965,21.91164],[106.054596,21.906844],[106.053437,21.898218],[106.048836,21.899662],[106.037504,21.896599],[106.03545,21.884486],[106.03695,21.873858],[106.034124,21.863354],[106.022588,21.864715],[106.020092,21.861628],[106.020571,21.854183],[106.013341,21.851459],[105.99209,21.858377],[105.984201,21.85281],[105.968076,21.852308],[105.965443,21.84916],[105.956128,21.845872],[105.95003,21.848217],[105.944641,21.853831],[105.944028,21.860416],[105.951773,21.866246],[105.9499,21.872026],[105.953438,21.878206],[105.951838,21.887545],[105.94561,21.899606],[105.946396,21.902452],[105.950992,21.906932],[105.958897,21.91073],[105.961001,21.922085],[105.970856,21.924534],[105.969192,21.928769],[105.97187,21.937773],[105.976715,21.939391],[105.981203,21.935963],[105.986344,21.93644],[105.992954,21.933146],[105.994927,21.929664],[106.000971,21.931073],[106.003411,21.935275],[106.01295,21.938047],[106.019582,21.948033],[106.018278,21.950189],[106.019446,21.955184],[106.022687,21.957383],[106.022954,21.960504],[106.027943,21.967359],[106.030824,21.96779],[106.033071,21.964271],[106.041674,21.962056],[106.043781,21.95963],[106.046774,21.960477],[106.046654,21.957352],[106.048519,21.957118],[106.05203,21.950357],[106.053261,21.943382],[106.063337,21.941704]]]}},{"type":"Feature","properties":{"code":"02101","name":"Xã Thanh Mai","type":"Xã"},"geometry":{"type":"Polygon","coordinates":[[[105.75776,22.100114],[105.775637,22.101192],[105.779126,22.097901],[105.798063,22.100677],[105.801149,22.096457],[105.809707,22.09295],[105.811757,22.09236],[105.814309,22.094161],[105.823297,22.085015],[105.820078,22.083585],[105.822233,22.078063],[105.825472,22.075613],[105.82301,22.07252],[105.819284,22.071124],[105.819815,22.065096],[105.815741,22.062385],[105.814332,22.054687],[105.812634,22.052909],[105.815257,22.0503],[105.815986,22.04667],[105.811414,22.044895],[105.806089,22.031562],[105.812372,22.017536],[105.817217,22.013358],[105.811259,22.010078],[105.811909,22.007376],[105.805985,22.005015],[105.804357,21.997746],[105.802312,21.999361],[105.796864,21.998843],[105.784449,22.010159],[105.780501,22.008954],[105.778527,22.010063],[105.774288,22.004391],[105.765329,22.010563],[105.76295,22.009284],[105.759461,22.012256],[105.756501,22.010534],[105.750549,22.013903],[105.747028,22.013283],[105.745243,22.01661],[105.73972,22.018748],[105.7372,22.018565],[105.73574,22.016052],[105.731335,22.015413],[105.722913,22.026156],[105.716605,22.022134],[105.707898,22.022635],[105.697186,22.031077],[105.694582,22.047618],[105.699708,22.051826],[105.700936,22.056125],[105.698333,22.059089],[105.698348,22.063393],[105.693129,22.069421],[105.692977,22.07367],[105.695046,22.075655],[105.693653,22.082517],[105.696842,22.087258],[105.701656,22.09076],[105.701412,22.095175],[105.704865,22.10069],[105.720128,22.098309],[105.725001,22.100005],[105.726714,22.096667],[105.730283,22.096615],[105.73312,22.093479],[105.737458,22.092336],[105.740601,22.096109],[105.746813,22.097238],[105.749866,22.099444],[105.755841,22.096301],[105.75746,22.096772],[105.75776,22.100114]]]}},{"type":"Feature","properties":{"code":"02107","name":"Xã Thanh Thịnh","type":"Xã"},"geometry":{"type":"Polygon","coordinates":[[[105.751936,22.012906],[105.756501,22.010534],[105.759867,22.012131],[105.76295,22.009284],[105.765329,22.010563],[105.774288,22.004391],[105.778527,22.010063],[105.780501,22.008954],[105.784449,22.010159],[105.796864,21.998843],[105.802312,21.999361],[105.804357,21.997746],[105.805985,22.005015],[105.811909,22.007376],[105.811175,22.009923],[105.814843,22.013138],[105.819664,22.013133],[105.82534,22.00612],[105.827372,22.006485],[105.834519,22.002464],[105.843201,22.001325],[105.849059,21.991107],[105.867308,21.990457],[105.876145,21.987017],[105.882395,21.986825],[105.885575,21.988838],[105.889231,21.988905],[105.893266,21.979725],[105.899553,21.97733],[105.900629,21.973762],[105.897391,21.970024],[105.897037,21.967249],[105.888068,21.960597],[105.89,21.953609],[105.893681,21.952155],[105.893633,21.945141],[105.885968,21.941899],[105.882357,21.937028],[105.8807,21.938974],[105.873766,21.939378],[105.869859,21.942206],[105.862561,21.942158],[105.855542,21.948408],[105.848827,21.948308],[105.850409,21.941763],[105.847847,21.938502],[105.846703,21.929263],[105.84328,21.927703],[105.842163,21.922857],[105.843546,21.921281],[105.841109,21.915551],[105.841441,21.912664],[105.837016,21.911172],[105.834072,21.908187],[105.810604,21.915115],[105.807955,21.912383],[105.806973,21.907335],[105.802958,21.906069],[105.802695,21.901975],[105.798106,21.901299],[105.79417,21.906482],[105.794797,21.908811],[105.78802,21.910835],[105.783964,21.914932],[105.78438,21.918884],[105.787192,21.92235],[105.785949,21.925617],[105.787742,21.932067],[105.77848,21.932321],[105.774013,21.938904],[105.776136,21.942135],[105.774325,21.94868],[105.775369,21.952842],[105.770178,21.955625],[105.760682,21.968223],[105.760329,21.972173],[105.761994,21.97295],[105.760813,21.976411],[105.762508,21.978024],[105.761726,21.979476],[105.763771,21.980607],[105.764081,21.98607],[105.759949,21.988854],[105.755941,21.989063],[105.755684,21.998319],[105.753628,22.001027],[105.751936,22.012906]]]}},{"type":"Feature","properties":{"code":"05881","name":"Xã Thành Công","type":"Xã"},"geometry":{"type":"Polygon","coordinates":[[[105.751702,21.421997],[105.761591,21.429878],[105.776294,21.41969],[105.776987,21.42113],[105.781352,21.421422],[105.782704,21.424407],[105.785465,21.421425],[105.7851,21.42422],[105.789269,21.424849],[105.791799,21.419923],[105.796487,21.419764],[105.796839,21.416515],[105.799112,21.415131],[105.807374,21.41579],[105.812213,21.414844],[105.813431,21.412654],[105.81424,21.413819],[105.818983,21.412505],[105.818204,21.4142],[105.82026,21.416183],[105.82393,21.414509],[105.828071,21.418342],[105.830044,21.411173],[105.834331,21.408149],[105.833334,21.406612],[105.834711,21.405547],[105.832817,21.403623],[105.837303,21.397214],[105.839381,21.396556],[105.840435,21.398161],[105.843442,21.39556],[105.853371,21.395744],[105.850131,21.387063],[105.850099,21.3824],[105.852138,21.378479],[105.847088,21.38097],[105.846887,21.37742],[105.837407,21.376713],[105.833733,21.372969],[105.83033,21.375704],[105.821382,21.377943],[105.81648,21.383049],[105.813663,21.382854],[105.812751,21.380603],[105.807485,21.382968],[105.804863,21.382373],[105.803939,21.384481],[105.800871,21.38539],[105.798972,21.381504],[105.796665,21.382535],[105.796772,21.381089],[105.788001,21.375849],[105.789673,21.373301],[105.785821,21.370454],[105.786872,21.366739],[105.784674,21.35964],[105.775383,21.361111],[105.773128,21.370664],[105.769825,21.370906],[105.768638,21.374969],[105.759829,21.378138],[105.762171,21.385409],[105.765906,21.389605],[105.763019,21.401361],[105.755902,21.410542],[105.74967,21.416035],[105.745413,21.41619],[105.739332,21.414682],[105.733374,21.409954],[105.729181,21.40932],[105.722165,21.413775],[105.720952,21.416154],[105.72683,21.415775],[105.730916,21.417397],[105.734155,21.420661],[105.743779,21.425431],[105.748507,21.430088],[105.751212,21.427854],[105.751702,21.421997]]]}},{"type":"Feature","properties":{"code":"01921","name":"Xã Thượng Minh","type":"Xã"},"geometry":{"type":"Polygon","coordinates":[[[105.78718,22.421896],[105.796969,22.414911],[105.796263,22.409173],[105.799184,22.405099],[105.804944,22.406823],[105.809089,22.405685],[105.81594,22.397093],[105.824855,22.399371],[105.830695,22.40301],[105.831747,22.405355],[105.839639,22.408225],[105.841716,22.403667],[105.847964,22.402677],[105.850084,22.392581],[105.856678,22.387062],[105.859599,22.380468],[105.859624,22.375099],[105.850371,22.364392],[105.859698,22.361329],[105.864503,22.351948],[105.876546,22.346533],[105.877913,22.342222],[105.88392,22.336907],[105.884382,22.333172],[105.887993,22.327754],[105.889197,22.321588],[105.887307,22.317689],[105.884331,22.316334],[105.876461,22.31653],[105.876362,22.310481],[105.873347,22.306799],[105.861753,22.30547],[105.849392,22.30701],[105.846963,22.305507],[105.837877,22.307703],[105.835315,22.305679],[105.831659,22.306355],[105.825759,22.301477],[105.824185,22.297684],[105.820934,22.296921],[105.819207,22.294096],[105.814959,22.293919],[105.809731,22.28856],[105.787478,22.287281],[105.788532,22.289604],[105.786037,22.296856],[105.78713,22.30134],[105.785301,22.303584],[105.785386,22.307347],[105.778069,22.314645],[105.775406,22.325265],[105.771233,22.326397],[105.770876,22.337568],[105.765857,22.345],[105.75716,22.347587],[105.756943,22.355889],[105.75455,22.355576],[105.74741,22.360289],[105.745876,22.365507],[105.741736,22.366129],[105.737996,22.370999],[105.734226,22.372501],[105.732612,22.376269],[105.73298,22.378187],[105.738215,22.382434],[105.741887,22.383149],[105.744274,22.386296],[105.756801,22.388968],[105.759051,22.392966],[105.758199,22.397866],[105.761855,22.399903],[105.764709,22.407163],[105.769329,22.407839],[105.774416,22.417092],[105.781246,22.418398],[105.78718,22.421896]]]}},{"type":"Feature","properties":{"code":"01957","name":"Xã Thượng Quan","type":"Xã"},"geometry":{"type":"Polygon","coordinates":[[[106.074364,22.426373],[106.087451,22.429749],[106.100306,22.42903],[106.102197,22.422827],[106.098796,22.413996],[106.105601,22.409188],[106.106356,22.40413],[106.104334,22.401833],[106.112296,22.398588],[106.116298,22.401907],[106.121613,22.4022],[106.122386,22.399437],[106.131772,22.399252],[106.13442,22.395286],[106.139542,22.394309],[106.148042,22.4012],[106.154656,22.396165],[106.152188,22.390596],[106.156786,22.387607],[106.15856,22.383303],[106.16116,22.3815],[106.160796,22.37671],[106.156938,22.371495],[106.143803,22.364737],[106.141689,22.359051],[106.139967,22.357905],[106.137963,22.358994],[106.132413,22.355292],[106.128525,22.347825],[106.117574,22.342397],[106.116738,22.339044],[106.118953,22.331333],[106.115517,22.322733],[106.113728,22.321497],[106.110703,22.322156],[106.105481,22.320292],[106.103772,22.316904],[106.097543,22.322712],[106.09575,22.321455],[106.091185,22.323239],[106.08607,22.322039],[106.075382,22.322678],[106.07492,22.326244],[106.071261,22.328314],[106.065641,22.337219],[106.060826,22.336204],[106.052738,22.339517],[106.046949,22.346483],[106.042434,22.344639],[106.032007,22.348823],[106.027932,22.347926],[106.02396,22.350789],[106.020337,22.357809],[106.012326,22.352826],[106.009684,22.354406],[106.002357,22.350671],[105.990587,22.347846],[105.978678,22.350723],[105.974966,22.356371],[105.965905,22.361109],[105.961342,22.366285],[105.954491,22.36627],[105.949349,22.364378],[105.947273,22.366058],[105.958097,22.377471],[105.957053,22.381297],[105.953582,22.382651],[105.953974,22.387063],[105.952421,22.388642],[105.953357,22.394289],[105.951308,22.396823],[105.954299,22.401787],[105.953744,22.404333],[105.95854,22.404612],[105.964618,22.40169],[105.974876,22.401189],[105.982112,22.398018],[105.992432,22.398997],[106.008664,22.410735],[106.018156,22.412716],[106.022146,22.41106],[106.028481,22.415692],[106.032321,22.415455],[106.041085,22.430932],[106.052693,22.429528],[106.057389,22.426415],[106.062212,22.42828],[106.064699,22.432261],[106.069422,22.4334],[106.074364,22.426373]]]}},{"type":"Feature","properties":{"code":"05725","name":"Xã Thần Sa","type":"Xã"},"geometry":{"type":"Polygon","coordinates":[[[105.941232,21.899876],[105.947126,21.898573],[105.951838,21.887545],[105.953438,21.878206],[105.9499,21.872026],[105.951773,21.866246],[105.944028,21.860416],[105.943491,21.855657],[105.947538,21.850519],[105.952357,21.846756],[105.95846,21.846092],[105.965443,21.84916],[105.968076,21.852308],[105.984201,21.85281],[105.991906,21.858349],[106.001552,21.855747],[106.013341,21.851459],[106.009095,21.84841],[106.007168,21.84415],[106.013114,21.833472],[106.01493,21.832673],[106.015734,21.829117],[106.011417,21.826065],[106.005667,21.824951],[106.005355,21.822453],[106.00796,21.820246],[106.005596,21.819507],[106.001083,21.809269],[105.995309,21.812191],[105.988579,21.806629],[105.976735,21.800511],[105.972715,21.796655],[105.971354,21.792915],[105.962653,21.789607],[105.960455,21.786534],[105.956278,21.786817],[105.942226,21.780133],[105.938886,21.782349],[105.935405,21.777739],[105.931672,21.77613],[105.928484,21.777028],[105.928017,21.778614],[105.924782,21.775997],[105.909375,21.775742],[105.899188,21.771794],[105.894945,21.772828],[105.887709,21.770889],[105.878413,21.777285],[105.871134,21.77767],[105.864431,21.781536],[105.859436,21.781608],[105.857557,21.78892],[105.859366,21.793234],[105.855066,21.795868],[105.852353,21.803964],[105.848764,21.806881],[105.848575,21.813222],[105.852549,21.817016],[105.856777,21.817908],[105.856803,21.826615],[105.854533,21.835398],[105.861402,21.839082],[105.863152,21.842903],[105.862784,21.845731],[105.864551,21.847986],[105.863138,21.849811],[105.864323,21.851677],[105.862892,21.860641],[105.868386,21.858991],[105.871518,21.855968],[105.881706,21.857334],[105.882959,21.862099],[105.885039,21.862571],[105.887959,21.866434],[105.891689,21.875032],[105.908862,21.893817],[105.917258,21.895995],[105.928653,21.895441],[105.941232,21.899876]]]}},{"type":"Feature","properties":{"code":"05581","name":"Xã Trung Hội","type":"Xã"},"geometry":{"type":"Polygon","coordinates":[[[105.636399,21.887629],[105.635188,21.885418],[105.636855,21.88303],[105.634099,21.879324],[105.638988,21.877481],[105.640786,21.873055],[105.63649,21.866821],[105.639927,21.863056],[105.643159,21.862667],[105.642239,21.858117],[105.645264,21.856068],[105.645846,21.850371],[105.649401,21.851127],[105.652487,21.849475],[105.655737,21.850545],[105.656799,21.845199],[105.655348,21.841441],[105.656716,21.839684],[105.662318,21.836978],[105.663485,21.832956],[105.667612,21.829834],[105.675736,21.833987],[105.677466,21.829428],[105.679652,21.830264],[105.683301,21.8283],[105.682417,21.827052],[105.684491,21.8246],[105.684969,21.820242],[105.67922,21.814235],[105.677992,21.810116],[105.674392,21.809468],[105.676921,21.806003],[105.675328,21.802188],[105.67631,21.801124],[105.674003,21.797556],[105.672763,21.798442],[105.66782,21.796374],[105.662484,21.797959],[105.661447,21.801898],[105.656836,21.806975],[105.647875,21.806622],[105.646266,21.802971],[105.641532,21.803366],[105.637431,21.794595],[105.633518,21.792317],[105.628593,21.792332],[105.626476,21.787217],[105.626037,21.776851],[105.623644,21.774424],[105.624566,21.772455],[105.621562,21.77342],[105.616194,21.772174],[105.615123,21.76937],[105.606891,21.766148],[105.598051,21.766772],[105.59704,21.773629],[105.599609,21.774939],[105.601296,21.778317],[105.606289,21.780737],[105.607773,21.78474],[105.604445,21.787535],[105.595329,21.787213],[105.593777,21.789812],[105.590378,21.791136],[105.589832,21.798168],[105.593405,21.799863],[105.594522,21.802584],[105.59868,21.802981],[105.602193,21.808083],[105.60592,21.808022],[105.604705,21.811373],[105.602466,21.812069],[105.602846,21.814831],[105.596892,21.816278],[105.600152,21.817193],[105.599823,21.819346],[105.602309,21.820742],[105.602994,21.824499],[105.608112,21.823266],[105.610688,21.824585],[105.61495,21.822695],[105.617324,21.827764],[105.616649,21.834526],[105.622883,21.835218],[105.627057,21.837707],[105.622056,21.848376],[105.617651,21.84936],[105.618668,21.851837],[105.620481,21.851809],[105.620173,21.855324],[105.61622,21.862166],[105.616051,21.865619],[105.617887,21.868576],[105.614986,21.870843],[105.614265,21.873724],[105.622791,21.879747],[105.625058,21.885439],[105.623992,21.888399],[105.625848,21.888051],[105.627611,21.890343],[105.62978,21.887955],[105.632777,21.889393],[105.63341,21.887807],[105.636399,21.887629]]]}},{"type":"Feature","properties":{"code":"05746","name":"Xã Tràng Xá","type":"Xã"},"geometry":{"type":"Polygon","coordinates":[[[106.070462,21.739619],[106.076051,21.737284],[106.081276,21.731697],[106.092315,21.736185],[106.096059,21.732239],[106.097244,21.73336],[106.103393,21.732613],[106.110727,21.735116],[106.114197,21.734338],[106.127559,21.728342],[106.138345,21.717854],[106.148015,21.712688],[106.147862,21.709839],[106.151018,21.707101],[106.150561,21.704884],[106.14674,21.703506],[106.140195,21.704937],[106.137088,21.7031],[106.131342,21.706262],[106.124476,21.706391],[106.121931,21.709605],[106.119285,21.70985],[106.117112,21.706596],[106.118196,21.702846],[106.115567,21.698323],[106.113903,21.697013],[106.106718,21.697232],[106.105999,21.691563],[106.1089,21.688293],[106.109437,21.684478],[106.103319,21.681597],[106.102531,21.678558],[106.112651,21.675343],[106.109692,21.664468],[106.104912,21.656187],[106.100357,21.65899],[106.094398,21.658503],[106.090505,21.66138],[106.079234,21.657799],[106.075614,21.654828],[106.077931,21.651751],[106.086403,21.648549],[106.087618,21.644666],[106.09103,21.642934],[106.092671,21.637895],[106.089424,21.633121],[106.089421,21.629805],[106.092561,21.624525],[106.085902,21.6204],[106.078671,21.618613],[106.074058,21.613177],[106.07263,21.615506],[106.068517,21.614847],[106.063972,21.617657],[106.060092,21.617882],[106.05154,21.623847],[106.049533,21.629549],[106.051789,21.63212],[106.051037,21.633395],[106.042283,21.64247],[106.031479,21.644721],[106.031995,21.649139],[106.028628,21.652906],[106.030307,21.658943],[106.026105,21.664334],[106.027391,21.666681],[106.024261,21.668918],[106.019221,21.669457],[106.018531,21.673116],[106.011398,21.677388],[105.999465,21.679141],[105.999253,21.692489],[105.99486,21.703265],[105.992766,21.706558],[105.983859,21.707167],[105.981094,21.709781],[105.984065,21.712168],[105.987422,21.711992],[105.993974,21.719215],[105.998141,21.717797],[106.001571,21.719848],[106.001606,21.722579],[106.008037,21.725052],[106.026528,21.72524],[106.028177,21.728571],[106.034911,21.731737],[106.043117,21.729956],[106.055538,21.735842],[106.060429,21.740419],[106.06266,21.739356],[106.066392,21.744209],[106.070462,21.739619]]]}},{"type":"Feature","properties":{"code":"05662","name":"Xã Trại Cau","type":"Xã"},"geometry":{"type":"Polygon","coordinates":[[[106.031451,21.644814],[106.042283,21.64247],[106.051037,21.633395],[106.051789,21.63212],[106.049533,21.629549],[106.050171,21.626255],[106.053398,21.622235],[106.066799,21.615306],[106.074486,21.614264],[106.074262,21.611291],[106.069063,21.608401],[106.067919,21.605021],[106.056808,21.603232],[106.055641,21.598135],[106.051534,21.592373],[106.053206,21.58984],[106.049028,21.58167],[106.041485,21.575635],[106.032956,21.571363],[106.033589,21.568099],[106.031852,21.566586],[106.033489,21.564162],[106.030434,21.561983],[106.034053,21.560072],[106.041041,21.561019],[106.046176,21.558211],[106.047886,21.558903],[106.050615,21.552214],[106.052248,21.552762],[106.054613,21.550817],[106.050764,21.545384],[106.052793,21.54289],[106.051657,21.540373],[106.053092,21.538122],[106.051185,21.53394],[106.048942,21.533393],[106.047242,21.530574],[106.043691,21.520781],[106.038076,21.521698],[106.033812,21.531047],[106.030319,21.53053],[106.031052,21.534311],[106.027424,21.541008],[106.028777,21.545057],[106.027136,21.547511],[106.017824,21.551923],[106.016097,21.55495],[106.008415,21.557729],[106.004123,21.553796],[105.999769,21.557567],[105.995384,21.557756],[105.994497,21.562157],[105.992406,21.562782],[105.982001,21.560913],[105.977538,21.562273],[105.972669,21.56146],[105.969537,21.564852],[105.967737,21.564591],[105.966753,21.568676],[105.959487,21.572129],[105.957428,21.571337],[105.956954,21.567839],[105.953463,21.563831],[105.94947,21.56466],[105.947189,21.567333],[105.944684,21.567032],[105.942933,21.564722],[105.940103,21.565777],[105.938629,21.57742],[105.93553,21.581161],[105.936745,21.584223],[105.93497,21.587329],[105.936634,21.588445],[105.935119,21.590777],[105.936747,21.593489],[105.935356,21.594902],[105.936434,21.599687],[105.941995,21.598145],[105.942211,21.600768],[105.952811,21.602339],[105.953814,21.60209],[105.952844,21.597591],[105.957057,21.594077],[105.963634,21.59303],[105.967754,21.589103],[105.974059,21.589876],[105.975187,21.591812],[105.974314,21.594087],[105.980746,21.603638],[105.98865,21.602975],[105.990015,21.607452],[105.987794,21.610792],[105.9906,21.614056],[105.992999,21.622274],[105.998536,21.625449],[106.004685,21.635217],[106.007702,21.636044],[106.017455,21.632385],[106.026804,21.631845],[106.026979,21.637236],[106.029763,21.643636],[106.031451,21.644814]]]}},{"type":"Feature","properties":{"code":"02176","name":"Xã Trần Phú","type":"Xã"},"geometry":{"type":"Polygon","coordinates":[[[106.126235,22.211498],[106.137422,22.202091],[106.144575,22.200142],[106.143291,22.193748],[106.144838,22.192982],[106.14644,22.194943],[106.147227,22.193441],[106.14421,22.189655],[106.144632,22.183853],[106.145913,22.181347],[106.149466,22.180567],[106.152529,22.173977],[106.157426,22.181719],[106.161231,22.180839],[106.163406,22.183244],[106.166795,22.179124],[106.166967,22.173793],[106.172347,22.172918],[106.181892,22.16688],[106.185065,22.161382],[106.184732,22.157002],[106.188538,22.146254],[106.191637,22.142525],[106.188996,22.140173],[106.189643,22.137771],[106.187939,22.134152],[106.180776,22.12869],[106.184806,22.125782],[106.185811,22.117432],[106.180237,22.115818],[106.176665,22.112835],[106.176303,22.11034],[106.172007,22.112967],[106.168211,22.11064],[106.168103,22.106141],[106.162102,22.101512],[106.161287,22.092053],[106.157209,22.081757],[106.142645,22.082015],[106.139859,22.086372],[106.122975,22.085718],[106.118955,22.082736],[106.117774,22.076981],[106.114371,22.072936],[106.108251,22.075549],[106.108872,22.084779],[106.103925,22.088176],[106.094815,22.088253],[106.094365,22.08658],[106.090914,22.086377],[106.083598,22.087372],[106.080484,22.085881],[106.07052,22.08753],[106.065072,22.083085],[106.058196,22.082059],[106.055016,22.084422],[106.05857,22.092459],[106.057666,22.096192],[106.055961,22.09693],[106.057907,22.10171],[106.056208,22.105123],[106.06353,22.110502],[106.066946,22.116164],[106.063523,22.123312],[106.063809,22.130254],[106.060631,22.133633],[106.060822,22.135522],[106.057188,22.139117],[106.051223,22.141491],[106.050609,22.145012],[106.044398,22.152436],[106.048233,22.152747],[106.050806,22.155005],[106.052363,22.160866],[106.056488,22.163435],[106.057665,22.167337],[106.060646,22.169675],[106.062484,22.168871],[106.064841,22.171293],[106.072939,22.167214],[106.075311,22.173475],[106.082542,22.181835],[106.088544,22.192829],[106.093891,22.193306],[106.092851,22.19653],[106.09431,22.198535],[106.100662,22.200981],[106.100767,22.203547],[106.105693,22.208835],[106.110954,22.211978],[106.113551,22.210261],[106.126235,22.211498]]]}},{"type":"Feature","properties":{"code":"05503","name":"Xã Tân Cương","type":"Xã"},"geometry":{"type":"Polygon","coordinates":[[[105.796183,21.564677],[105.802862,21.559923],[105.800053,21.549816],[105.80279,21.547435],[105.803712,21.549769],[105.808786,21.553126],[105.813071,21.55076],[105.815325,21.552392],[105.819857,21.552447],[105.829063,21.54703],[105.830482,21.541672],[105.825912,21.539004],[105.824324,21.533289],[105.825249,21.531671],[105.82375,21.531267],[105.824357,21.528838],[105.822844,21.527356],[105.823699,21.524346],[105.822043,21.521581],[105.819581,21.522562],[105.815041,21.519995],[105.814277,21.510422],[105.811971,21.50893],[105.82112,21.505106],[105.816452,21.499015],[105.819526,21.492948],[105.817746,21.489606],[105.818964,21.482586],[105.817041,21.480915],[105.808265,21.484416],[105.803775,21.480563],[105.801146,21.481198],[105.799518,21.477817],[105.794443,21.475484],[105.793217,21.470962],[105.788828,21.472141],[105.780483,21.478365],[105.776115,21.478187],[105.775779,21.480147],[105.769776,21.482125],[105.758298,21.491502],[105.757605,21.493842],[105.760774,21.496635],[105.758004,21.497986],[105.758519,21.50138],[105.752205,21.506499],[105.753518,21.507438],[105.753292,21.510905],[105.748941,21.515446],[105.749708,21.518487],[105.744598,21.524059],[105.744306,21.527983],[105.746779,21.532018],[105.746017,21.533006],[105.752443,21.536886],[105.747363,21.54277],[105.750917,21.552912],[105.760593,21.550731],[105.762133,21.552147],[105.762357,21.551096],[105.765981,21.552936],[105.768183,21.552308],[105.769129,21.555495],[105.771656,21.555202],[105.779601,21.544805],[105.783696,21.548087],[105.785477,21.559762],[105.788957,21.562539],[105.796183,21.564677]]]}},{"type":"Feature","properties":{"code":"05917","name":"Xã Tân Khánh","type":"Xã"},"geometry":{"type":"Polygon","coordinates":[[[105.918634,21.590797],[105.923218,21.586935],[105.925915,21.587939],[105.931571,21.585713],[105.933255,21.586496],[105.936745,21.584223],[105.93553,21.581161],[105.938629,21.57742],[105.940058,21.565885],[105.941743,21.565015],[105.945857,21.567523],[105.951422,21.563768],[105.954594,21.564249],[105.957428,21.571337],[105.959487,21.572129],[105.966753,21.568676],[105.967737,21.564591],[105.969537,21.564852],[105.972669,21.56146],[105.977538,21.562273],[105.982001,21.560913],[105.992406,21.562782],[105.994887,21.56085],[105.994873,21.558369],[105.990382,21.556801],[105.98899,21.550991],[105.984252,21.547385],[105.980667,21.547699],[105.975039,21.545115],[105.973924,21.542317],[105.97628,21.538399],[105.9757,21.534164],[105.973525,21.533642],[105.974114,21.530058],[105.970323,21.526124],[105.967655,21.526064],[105.961943,21.517936],[105.952391,21.517859],[105.951444,21.515106],[105.945829,21.514289],[105.945118,21.512996],[105.942974,21.513253],[105.942394,21.515351],[105.940575,21.51501],[105.940346,21.512439],[105.938095,21.510964],[105.937803,21.512381],[105.93625,21.512078],[105.935512,21.50243],[105.933849,21.502984],[105.931127,21.500084],[105.926097,21.499476],[105.920031,21.495163],[105.914955,21.497055],[105.914556,21.500814],[105.91843,21.506042],[105.924731,21.510434],[105.927249,21.515841],[105.917957,21.515213],[105.905642,21.532969],[105.908992,21.537646],[105.90806,21.542005],[105.906082,21.542412],[105.907822,21.542885],[105.908232,21.546335],[105.910906,21.546788],[105.910147,21.560311],[105.907198,21.563492],[105.910079,21.563604],[105.910421,21.565338],[105.911662,21.564928],[105.916176,21.569457],[105.91465,21.570544],[105.914586,21.575302],[105.911679,21.581881],[105.913666,21.583909],[105.912848,21.585657],[105.918634,21.590797]]]}},{"type":"Feature","properties":{"code":"02104","name":"Xã Tân Kỳ","type":"Xã"},"geometry":{"type":"Polygon","coordinates":[[[105.94561,22.120138],[105.945233,22.11771],[105.941519,22.114624],[105.944248,22.114423],[105.951204,22.10793],[105.94928,22.102982],[105.955811,22.103669],[105.956891,22.102121],[105.963244,22.102214],[105.966034,22.098413],[105.971992,22.099904],[105.986466,22.091744],[105.993607,22.089396],[106.000445,22.089606],[105.998451,22.08697],[105.999462,22.082184],[105.99442,22.080005],[105.992608,22.077016],[105.995324,22.073338],[105.994733,22.070703],[105.988663,22.066087],[105.983463,22.067757],[105.976871,22.065175],[105.973392,22.061515],[105.972482,22.057108],[105.965326,22.052938],[105.967204,22.050198],[105.965988,22.047818],[105.966816,22.045325],[105.965026,22.042699],[105.962698,22.042491],[105.961664,22.039205],[105.967182,22.035411],[105.967303,22.031909],[105.96261,22.026316],[105.954056,22.026345],[105.951242,22.021811],[105.943336,22.022995],[105.935935,22.01272],[105.936052,22.009237],[105.933563,22.008462],[105.927895,22.002079],[105.924912,22.001045],[105.918638,22.00296],[105.913318,22.002078],[105.911838,22.000918],[105.912471,21.999394],[105.918059,21.993094],[105.915356,21.990452],[105.904917,21.989829],[105.902804,21.983272],[105.89082,21.986443],[105.889066,21.98896],[105.882395,21.986825],[105.876145,21.987017],[105.867308,21.990457],[105.849059,21.991107],[105.843098,22.001401],[105.834519,22.002464],[105.827372,22.006485],[105.82534,22.00612],[105.821798,22.011528],[105.812372,22.017536],[105.806089,22.031562],[105.811414,22.044895],[105.815986,22.04667],[105.815257,22.0503],[105.812634,22.052909],[105.814332,22.054687],[105.815741,22.062385],[105.819815,22.065096],[105.819284,22.071124],[105.82301,22.07252],[105.825472,22.075613],[105.822233,22.078063],[105.820512,22.084142],[105.841535,22.093231],[105.854406,22.089789],[105.856972,22.087671],[105.855571,22.083347],[105.859031,22.079623],[105.856789,22.071048],[105.859574,22.063468],[105.86321,22.063392],[105.866595,22.066094],[105.867164,22.062919],[105.870776,22.06228],[105.87513,22.070503],[105.879603,22.069739],[105.882966,22.073307],[105.882832,22.075913],[105.890788,22.072727],[105.894744,22.067649],[105.899208,22.080419],[105.902952,22.084838],[105.909434,22.08157],[105.912758,22.083962],[105.918856,22.084686],[105.922214,22.081379],[105.925676,22.080484],[105.930837,22.087759],[105.929378,22.092127],[105.921283,22.100725],[105.922412,22.110679],[105.926216,22.113023],[105.923398,22.118865],[105.924695,22.12425],[105.927644,22.124922],[105.930767,22.129224],[105.933179,22.129826],[105.943157,22.124016],[105.94561,22.120138]]]}},{"type":"Feature","properties":{"code":"05923","name":"Xã Tân Thành","type":"Xã"},"geometry":{"type":"Polygon","coordinates":[[[105.990382,21.556801],[105.999769,21.557567],[106.004123,21.553796],[106.008177,21.557644],[106.009966,21.557481],[106.016097,21.55495],[106.017824,21.551923],[106.020281,21.551722],[106.024736,21.547591],[106.027136,21.547511],[106.028846,21.544868],[106.027524,21.54062],[106.031052,21.534311],[106.030319,21.53053],[106.033729,21.531139],[106.038076,21.521698],[106.043691,21.520781],[106.044544,21.518464],[106.041121,21.515696],[106.044423,21.513605],[106.045774,21.508251],[106.043164,21.502471],[106.043249,21.498109],[106.037925,21.490276],[106.047584,21.481872],[106.047371,21.478059],[106.044684,21.473705],[106.033675,21.472302],[106.033516,21.470324],[106.031945,21.469844],[106.031766,21.464556],[106.029294,21.464879],[106.02481,21.459937],[106.017726,21.457476],[106.015718,21.454687],[106.017273,21.44879],[106.015717,21.447928],[106.006827,21.449545],[105.999243,21.453469],[105.996879,21.456801],[105.999707,21.461175],[105.997397,21.463059],[105.99026,21.462327],[105.989818,21.465688],[105.993012,21.469037],[105.991043,21.47379],[105.992068,21.475452],[105.98477,21.485074],[105.982882,21.485843],[105.980501,21.483676],[105.974818,21.484409],[105.971076,21.480086],[105.960978,21.481248],[105.960958,21.487671],[105.965473,21.492193],[105.972286,21.507117],[105.968733,21.512652],[105.969455,21.514216],[105.963619,21.520373],[105.967655,21.526064],[105.970323,21.526124],[105.974114,21.530058],[105.973525,21.533642],[105.9757,21.534164],[105.97628,21.538399],[105.973924,21.542317],[105.975039,21.545115],[105.980667,21.547699],[105.984252,21.547385],[105.98899,21.550991],[105.990382,21.556801]]]}},{"type":"Feature","properties":{"code":"05641","name":"Xã Vô Tranh","type":"Xã"},"geometry":{"type":"Polygon","coordinates":[[[105.798328,21.769388],[105.803417,21.762682],[105.800679,21.761862],[105.794248,21.754029],[105.790284,21.75251],[105.799882,21.751347],[105.804372,21.74799],[105.809332,21.742173],[105.808751,21.735615],[105.811278,21.733616],[105.813826,21.734658],[105.817165,21.733415],[105.821932,21.727556],[105.821333,21.725069],[105.823286,21.722595],[105.821761,21.719031],[105.817163,21.716402],[105.81466,21.709686],[105.807199,21.708711],[105.80285,21.705206],[105.797841,21.704542],[105.791183,21.696441],[105.786635,21.69461],[105.793471,21.684877],[105.792143,21.679594],[105.793746,21.673209],[105.791224,21.666442],[105.78538,21.667211],[105.784163,21.664903],[105.779446,21.663712],[105.778328,21.660427],[105.77484,21.658053],[105.775187,21.656318],[105.777901,21.656596],[105.774475,21.651831],[105.77833,21.649345],[105.778201,21.644561],[105.776256,21.645688],[105.775461,21.6427],[105.772178,21.641252],[105.772592,21.63957],[105.768632,21.636714],[105.768037,21.634436],[105.772539,21.632449],[105.771156,21.629993],[105.770604,21.631143],[105.767789,21.626679],[105.76465,21.626398],[105.763715,21.623853],[105.76085,21.62294],[105.752909,21.633651],[105.75036,21.634292],[105.74809,21.631754],[105.746014,21.632951],[105.744385,21.63512],[105.74443,21.638958],[105.741936,21.640291],[105.743396,21.642539],[105.74143,21.646929],[105.733344,21.650409],[105.73132,21.653551],[105.73053,21.656525],[105.733586,21.659496],[105.731256,21.663648],[105.735014,21.663895],[105.738243,21.669153],[105.740037,21.665923],[105.740122,21.668576],[105.744554,21.672812],[105.739605,21.676446],[105.73758,21.680122],[105.739431,21.681618],[105.73767,21.686043],[105.741537,21.690541],[105.741063,21.691929],[105.737989,21.691514],[105.739132,21.6966],[105.737483,21.701256],[105.741729,21.704278],[105.734603,21.706985],[105.732467,21.717008],[105.742051,21.720521],[105.741139,21.723579],[105.746576,21.73206],[105.754144,21.732944],[105.756031,21.736098],[105.754369,21.739311],[105.756839,21.741533],[105.757635,21.749648],[105.753628,21.752599],[105.757889,21.759308],[105.761275,21.759279],[105.762097,21.760755],[105.762389,21.759022],[105.764976,21.760547],[105.765353,21.763298],[105.771363,21.76979],[105.773763,21.769788],[105.780081,21.77693],[105.784801,21.778582],[105.787869,21.779107],[105.789874,21.773545],[105.798328,21.769388]]]}},{"type":"Feature","properties":{"code":"05716","name":"Xã Võ Nhai","type":"Xã"},"geometry":{"type":"Polygon","coordinates":[[[106.098112,21.812989],[106.107729,21.803214],[106.10609,21.792287],[106.107684,21.789456],[106.110938,21.788522],[106.112438,21.783442],[106.111146,21.781884],[106.1172,21.78247],[106.11865,21.780908],[106.121443,21.783453],[106.127743,21.783001],[106.133127,21.785517],[106.137857,21.784688],[106.139377,21.777866],[106.148613,21.767312],[106.149238,21.761394],[106.151444,21.760408],[106.15457,21.761627],[106.159834,21.755921],[106.156724,21.751271],[106.158465,21.74739],[106.155713,21.74466],[106.156916,21.737043],[106.150879,21.733454],[106.149137,21.729958],[106.148095,21.723703],[106.150697,21.718302],[106.148015,21.712688],[106.138345,21.717854],[106.127559,21.728342],[106.114197,21.734338],[106.110727,21.735116],[106.103393,21.732613],[106.097244,21.73336],[106.096059,21.732239],[106.092315,21.736185],[106.081276,21.731697],[106.076051,21.737284],[106.070098,21.739773],[106.066392,21.744209],[106.06266,21.739356],[106.060429,21.740419],[106.055538,21.735842],[106.043117,21.729956],[106.034911,21.731737],[106.028177,21.728571],[106.026528,21.72524],[106.008037,21.725052],[106.001606,21.722579],[106.001571,21.719848],[105.998141,21.717797],[105.993974,21.719215],[105.987287,21.711921],[105.984065,21.712168],[105.981094,21.709781],[105.975043,21.71042],[105.975691,21.71516],[105.973612,21.720494],[105.975175,21.722204],[105.972171,21.725816],[105.973633,21.726818],[105.973262,21.731535],[105.969201,21.737613],[105.977437,21.74519],[105.981584,21.747633],[105.986843,21.744779],[105.99091,21.74762],[105.993162,21.747304],[106.006853,21.763667],[106.012057,21.763055],[106.014746,21.764377],[106.02252,21.7626],[106.024376,21.763871],[106.033603,21.762803],[106.035321,21.764126],[106.037263,21.762715],[106.044506,21.763637],[106.048052,21.767345],[106.048308,21.769834],[106.059825,21.781757],[106.066614,21.783975],[106.075861,21.792952],[106.078362,21.793603],[106.080656,21.799473],[106.076896,21.804412],[106.081165,21.809756],[106.085543,21.810761],[106.087029,21.812777],[106.098112,21.812989]]]}},{"type":"Feature","properties":{"code":"05680","name":"Xã Văn Hán","type":"Xã"},"geometry":{"type":"Polygon","coordinates":[[[105.977604,21.71036],[105.981094,21.709781],[105.983859,21.707167],[105.992766,21.706558],[105.999253,21.692489],[105.999465,21.679141],[105.99442,21.678545],[105.983919,21.669735],[105.977761,21.667249],[105.978765,21.663328],[105.977244,21.658514],[105.979255,21.655605],[105.976482,21.651663],[105.977552,21.646272],[105.968927,21.64382],[105.969747,21.639297],[105.964365,21.629455],[105.95501,21.621638],[105.951488,21.621771],[105.947919,21.627869],[105.942505,21.62799],[105.939163,21.62731],[105.937899,21.624298],[105.936476,21.624528],[105.93479,21.619961],[105.931002,21.618999],[105.931141,21.620421],[105.926558,21.622478],[105.923403,21.62316],[105.922017,21.621856],[105.920545,21.623484],[105.920781,21.626683],[105.915599,21.630747],[105.911855,21.628546],[105.905608,21.631089],[105.903421,21.628362],[105.903592,21.624328],[105.89957,21.626148],[105.894085,21.626172],[105.889214,21.630793],[105.880886,21.628605],[105.869245,21.633191],[105.864287,21.632724],[105.862406,21.635787],[105.859895,21.636603],[105.856155,21.635714],[105.856827,21.638393],[105.855448,21.640896],[105.8597,21.640534],[105.862434,21.644458],[105.858971,21.64523],[105.859284,21.648161],[105.856049,21.64951],[105.857343,21.652475],[105.854511,21.653312],[105.853302,21.656808],[105.856513,21.657825],[105.858558,21.661842],[105.861975,21.660012],[105.865329,21.662862],[105.863379,21.666976],[105.858622,21.667201],[105.859695,21.672012],[105.861387,21.672081],[105.860792,21.675244],[105.863308,21.67619],[105.862925,21.678246],[105.870405,21.671227],[105.876271,21.674915],[105.876807,21.677806],[105.883007,21.674395],[105.884809,21.679792],[105.882753,21.681382],[105.883177,21.684573],[105.881209,21.687009],[105.883739,21.688102],[105.886053,21.686276],[105.886933,21.689166],[105.889725,21.690543],[105.889506,21.692675],[105.894571,21.693599],[105.900654,21.690864],[105.914928,21.694598],[105.93346,21.694951],[105.936062,21.697356],[105.935178,21.701864],[105.936478,21.702502],[105.951657,21.704936],[105.958446,21.708742],[105.968207,21.708183],[105.977604,21.71036]]]}},{"type":"Feature","properties":{"code":"02143","name":"Xã Văn Lang","type":"Xã"},"geometry":{"type":"Polygon","coordinates":[[[106.112829,22.321198],[106.112214,22.312597],[106.114517,22.305934],[106.12349,22.29867],[106.129347,22.300992],[106.131332,22.297984],[106.129447,22.287964],[106.124476,22.285586],[106.124348,22.279774],[106.121703,22.276906],[106.132718,22.27193],[106.143648,22.270189],[106.152474,22.259543],[106.149187,22.25888],[106.146936,22.256487],[106.145019,22.257111],[106.146204,22.253321],[106.141032,22.244492],[106.142918,22.240744],[106.140964,22.240934],[106.131129,22.249488],[106.124282,22.249857],[106.120642,22.24272],[106.119101,22.242932],[106.113151,22.236351],[106.109824,22.235604],[106.108007,22.228158],[106.093866,22.212789],[106.092418,22.206507],[106.093992,22.19341],[106.088544,22.192829],[106.082542,22.181835],[106.075311,22.173475],[106.072637,22.167015],[106.063309,22.17201],[106.063685,22.174543],[106.060711,22.181474],[106.0613,22.186484],[106.057826,22.185134],[106.053594,22.188442],[106.047099,22.182553],[106.042247,22.181743],[106.040959,22.183782],[106.037564,22.179244],[106.029698,22.177938],[106.025197,22.17375],[106.023083,22.176159],[106.011529,22.177936],[106.01445,22.185081],[106.020464,22.188109],[106.021429,22.190043],[106.027487,22.190485],[106.034222,22.196488],[106.039424,22.197538],[106.044507,22.207052],[106.049133,22.210198],[106.035617,22.223233],[106.029062,22.225146],[106.025374,22.230329],[106.022816,22.231636],[106.021164,22.230361],[106.019662,22.233616],[106.017172,22.233523],[106.013963,22.23724],[106.008574,22.236503],[106.007956,22.233347],[106.005254,22.231298],[105.994699,22.237724],[105.994485,22.241621],[105.980339,22.251726],[105.9873,22.263889],[105.988613,22.269107],[105.983402,22.275517],[105.983017,22.281506],[105.978899,22.283915],[105.978543,22.286194],[105.97313,22.291756],[105.971794,22.294838],[105.974313,22.301195],[105.981884,22.302593],[105.985438,22.300875],[105.993916,22.300438],[105.998827,22.303924],[106.00973,22.304644],[106.017747,22.311506],[106.029329,22.310823],[106.035256,22.315148],[106.039619,22.314497],[106.041489,22.316381],[106.051442,22.310452],[106.056786,22.310434],[106.06655,22.315145],[106.070953,22.320754],[106.07349,22.32036],[106.077197,22.322821],[106.08607,22.322039],[106.091185,22.323239],[106.09575,22.321455],[106.097543,22.322712],[106.103772,22.316904],[106.105481,22.320292],[106.110703,22.322156],[106.112829,22.321198]]]}},{"type":"Feature","properties":{"code":"05665","name":"Xã Văn Lăng","type":"Xã"},"geometry":{"type":"Polygon","coordinates":[[[105.877503,21.775189],[105.866753,21.769184],[105.865033,21.755253],[105.856331,21.755717],[105.852697,21.747429],[105.850188,21.735833],[105.83423,21.729059],[105.830063,21.724916],[105.829683,21.721859],[105.82468,21.717568],[105.824924,21.713334],[105.823271,21.711685],[105.824391,21.709807],[105.822598,21.705575],[105.81506,21.705131],[105.813797,21.706531],[105.816013,21.708455],[105.815143,21.710354],[105.817163,21.716402],[105.821761,21.719031],[105.823286,21.722595],[105.821333,21.725069],[105.821932,21.727556],[105.816324,21.733936],[105.811278,21.733616],[105.808751,21.735615],[105.809332,21.742173],[105.804372,21.74799],[105.799882,21.751347],[105.790284,21.75251],[105.794248,21.754029],[105.800371,21.761571],[105.803557,21.76307],[105.800064,21.768627],[105.791233,21.772469],[105.789529,21.77533],[105.7981,21.78961],[105.797812,21.794202],[105.794778,21.799664],[105.800674,21.806582],[105.800871,21.811841],[105.802973,21.814145],[105.80377,21.819447],[105.801386,21.822513],[105.804899,21.83404],[105.812182,21.842643],[105.8222,21.846786],[105.853209,21.843624],[105.855323,21.845854],[105.860379,21.845958],[105.862429,21.84953],[105.864261,21.848867],[105.861402,21.839082],[105.854533,21.835398],[105.856803,21.826615],[105.856777,21.817908],[105.852549,21.817016],[105.849072,21.814015],[105.848572,21.807288],[105.852353,21.803964],[105.855066,21.795868],[105.859366,21.793234],[105.857557,21.78892],[105.859436,21.781608],[105.864431,21.781536],[105.871134,21.77767],[105.878413,21.777285],[105.877503,21.775189]]]}},{"type":"Feature","properties":{"code":"01981","name":"Xã Vĩnh Thông","type":"Xã"},"geometry":{"type":"Polygon","coordinates":[[[105.943744,22.295294],[105.954448,22.293762],[105.95958,22.287626],[105.961731,22.287222],[105.964742,22.290484],[105.967476,22.289782],[105.971794,22.294838],[105.978899,22.283915],[105.983017,22.281506],[105.983402,22.275517],[105.988613,22.269107],[105.9873,22.263889],[105.980443,22.251601],[105.994485,22.241621],[105.994699,22.237724],[106.005254,22.231298],[106.007956,22.233347],[106.008574,22.236503],[106.013963,22.23724],[106.017172,22.233523],[106.019662,22.233616],[106.021164,22.230361],[106.022816,22.231636],[106.025374,22.230329],[106.029062,22.225146],[106.035617,22.223233],[106.049133,22.210198],[106.044507,22.207052],[106.039424,22.197538],[106.034222,22.196488],[106.027487,22.190485],[106.021429,22.190043],[106.020464,22.188109],[106.01445,22.185081],[106.011482,22.179061],[106.011678,22.169203],[106.009077,22.166041],[106.010473,22.161416],[105.996926,22.15658],[105.988639,22.15982],[105.982719,22.167473],[105.979352,22.168492],[105.97292,22.15641],[105.975487,22.152466],[105.973596,22.148297],[105.970317,22.145862],[105.968525,22.140985],[105.962721,22.139886],[105.96333,22.13143],[105.959303,22.134116],[105.954473,22.134729],[105.951937,22.13728],[105.948547,22.137538],[105.943622,22.154843],[105.938909,22.159849],[105.93613,22.160261],[105.9372,22.161852],[105.935688,22.162916],[105.939002,22.16441],[105.936841,22.166864],[105.933166,22.167635],[105.93639,22.17111],[105.93794,22.179727],[105.943447,22.19098],[105.944923,22.198051],[105.947752,22.200877],[105.948606,22.210844],[105.945416,22.211601],[105.936209,22.208328],[105.926659,22.210338],[105.92753,22.218502],[105.925968,22.223033],[105.927673,22.225667],[105.921568,22.232856],[105.921649,22.240298],[105.914703,22.249955],[105.913912,22.254956],[105.915674,22.261363],[105.914269,22.267701],[105.915388,22.271958],[105.912718,22.278427],[105.913941,22.280954],[105.912887,22.283338],[105.916479,22.284961],[105.914569,22.28857],[105.917002,22.289213],[105.924198,22.28459],[105.930803,22.286076],[105.929098,22.293482],[105.93511,22.30029],[105.937129,22.30055],[105.943744,22.295294]]]}},{"type":"Feature","properties":{"code":"05845","name":"Xã Vạn Phú","type":"Xã"},"geometry":{"type":"Polygon","coordinates":[[[105.677867,21.590008],[105.702146,21.576867],[105.693498,21.574346],[105.688395,21.575008],[105.683975,21.572845],[105.681303,21.573824],[105.672625,21.570632],[105.670913,21.567896],[105.671836,21.563124],[105.669764,21.561262],[105.666842,21.551807],[105.668647,21.546635],[105.664521,21.544569],[105.660192,21.539579],[105.660062,21.535638],[105.657715,21.533438],[105.657003,21.529754],[105.654909,21.529403],[105.647742,21.520857],[105.636984,21.514967],[105.63362,21.504687],[105.631071,21.503524],[105.631827,21.50133],[105.627236,21.500377],[105.624503,21.501679],[105.619409,21.499017],[105.617918,21.499622],[105.616457,21.503656],[105.611505,21.506009],[105.611536,21.512667],[105.606792,21.517181],[105.606755,21.525064],[105.603943,21.529135],[105.596856,21.533677],[105.600683,21.54454],[105.600637,21.554011],[105.603371,21.556894],[105.606704,21.557524],[105.612383,21.565921],[105.611343,21.571344],[105.605948,21.572305],[105.606761,21.573883],[105.605398,21.576474],[105.608772,21.5771],[105.616233,21.582254],[105.623536,21.579785],[105.628199,21.582205],[105.643805,21.584796],[105.646109,21.584606],[105.644936,21.581298],[105.649322,21.581351],[105.652725,21.577929],[105.655069,21.578707],[105.654625,21.577357],[105.658523,21.579672],[105.657517,21.581512],[105.658558,21.583296],[105.669151,21.580883],[105.677867,21.590008]]]}},{"type":"Feature","properties":{"code":"02191","name":"Xã Xuân Dương","type":"Xã"},"geometry":{"type":"Polygon","coordinates":[[[106.001808,22.05321],[106.014058,22.049036],[106.015488,22.051232],[106.027287,22.049607],[106.032475,22.050568],[106.037275,22.043821],[106.049941,22.041661],[106.056774,22.042717],[106.059352,22.045817],[106.077333,22.050542],[106.078954,22.046656],[106.080123,22.048011],[106.082457,22.047419],[106.101165,22.040445],[106.095845,22.036174],[106.09583,22.034082],[106.096923,22.030117],[106.102181,22.0278],[106.108581,22.021353],[106.111768,22.013408],[106.109404,22.005451],[106.110101,21.998021],[106.107549,21.997477],[106.114636,21.992977],[106.112671,21.98895],[106.115538,21.977961],[106.113117,21.975707],[106.114532,21.968207],[106.112323,21.965492],[106.112854,21.963497],[106.111333,21.961626],[106.107019,21.962825],[106.104531,21.960512],[106.098919,21.959422],[106.09811,21.952143],[106.099071,21.95076],[106.103641,21.953251],[106.110936,21.951888],[106.11267,21.949702],[106.110957,21.94633],[106.0979,21.93844],[106.094977,21.941568],[106.091669,21.939499],[106.083626,21.942575],[106.075292,21.940678],[106.069289,21.942679],[106.059208,21.941489],[106.05298,21.943684],[106.05203,21.950357],[106.048519,21.957118],[106.046654,21.957352],[106.046774,21.960477],[106.043781,21.95963],[106.041674,21.962056],[106.033071,21.964271],[106.030824,21.96779],[106.027943,21.967359],[106.025844,21.963696],[106.02349,21.970111],[106.015384,21.965211],[106.013915,21.961996],[106.007728,21.960458],[106.003314,21.961333],[105.996402,21.956904],[105.992856,21.959068],[105.988599,21.967301],[105.982187,21.970653],[105.972822,21.981177],[105.968494,21.978747],[105.96705,21.980303],[105.960036,21.980458],[105.953659,21.979872],[105.950864,21.977791],[105.946487,21.980481],[105.940557,21.978647],[105.938425,21.979274],[105.938041,21.982544],[105.935771,21.984415],[105.932299,21.98517],[105.931473,21.987321],[105.927551,21.987655],[105.927642,21.991053],[105.932536,21.995051],[105.932466,21.997393],[105.937249,22.003203],[105.935935,22.01272],[105.943336,22.022995],[105.951242,22.021811],[105.954056,22.026345],[105.956236,22.02569],[105.958119,22.027168],[105.961798,22.025797],[105.970203,22.035803],[105.980118,22.037184],[105.984769,22.035793],[105.988069,22.041716],[105.992325,22.045378],[105.995926,22.044449],[105.997938,22.045566],[106.001808,22.05321]]]}},{"type":"Feature","properties":{"code":"02116","name":"Xã Yên Bình","type":"Xã"},"geometry":{"type":"Polygon","coordinates":[[[105.937249,22.003203],[105.932466,21.997393],[105.932536,21.995051],[105.927642,21.991053],[105.927446,21.988104],[105.931473,21.987321],[105.932299,21.98517],[105.937143,21.983421],[105.938511,21.979199],[105.942168,21.978623],[105.946634,21.980468],[105.950967,21.977784],[105.954191,21.979982],[105.965092,21.980533],[105.968494,21.978747],[105.972822,21.981177],[105.982187,21.970653],[105.988599,21.967301],[105.992856,21.959068],[105.996402,21.956904],[106.003314,21.961333],[106.007728,21.960458],[106.013915,21.961996],[106.015384,21.965211],[106.02349,21.970111],[106.025701,21.963024],[106.022954,21.960504],[106.022687,21.957383],[106.019446,21.955184],[106.018278,21.950189],[106.019639,21.94822],[106.017344,21.944458],[106.012493,21.937643],[106.003411,21.935275],[106.000971,21.931073],[105.994973,21.929656],[105.992954,21.933146],[105.986344,21.93644],[105.981203,21.935963],[105.976715,21.939391],[105.97187,21.937773],[105.969192,21.928769],[105.970856,21.924534],[105.961001,21.922085],[105.958897,21.91073],[105.949369,21.905627],[105.944272,21.89875],[105.940791,21.900577],[105.928653,21.895441],[105.917258,21.895995],[105.90824,21.893375],[105.893104,21.896209],[105.891922,21.894644],[105.884512,21.894088],[105.883224,21.896493],[105.879513,21.897757],[105.86971,21.897961],[105.868253,21.902925],[105.869615,21.906534],[105.872395,21.908719],[105.879696,21.909676],[105.875128,21.915118],[105.874913,21.920061],[105.88081,21.923985],[105.880868,21.931914],[105.883247,21.934853],[105.882493,21.937389],[105.885968,21.941899],[105.893688,21.945305],[105.893681,21.952155],[105.89,21.953609],[105.8881,21.96069],[105.897037,21.967249],[105.897391,21.970024],[105.900536,21.973319],[105.899553,21.97733],[105.893266,21.979725],[105.89082,21.986443],[105.902804,21.983272],[105.904917,21.989829],[105.915356,21.990452],[105.91816,21.993279],[105.912143,22.001193],[105.916524,22.003064],[105.925422,22.001099],[105.936052,22.009237],[105.937249,22.003203]]]}},{"type":"Feature","properties":{"code":"02083","name":"Xã Yên Phong","type":"Xã"},"geometry":{"type":"Polygon","coordinates":[[[105.633789,22.160312],[105.640455,22.159866],[105.6401,22.152581],[105.642033,22.149626],[105.64064,22.142696],[105.634184,22.135542],[105.633859,22.127435],[105.632628,22.12656],[105.635033,22.121009],[105.639964,22.121821],[105.642076,22.119106],[105.650563,22.116269],[105.653314,22.105585],[105.651813,22.102597],[105.654294,22.098935],[105.660644,22.09564],[105.663467,22.089555],[105.668022,22.091331],[105.675729,22.088823],[105.67876,22.090938],[105.682629,22.091113],[105.684777,22.089369],[105.693264,22.089567],[105.695331,22.086486],[105.696046,22.084458],[105.693653,22.082517],[105.695046,22.075655],[105.692977,22.07367],[105.693084,22.069638],[105.698348,22.063393],[105.698333,22.059089],[105.700936,22.056125],[105.699708,22.051826],[105.694582,22.047618],[105.696307,22.042982],[105.696376,22.035878],[105.692737,22.039328],[105.681572,22.044587],[105.678501,22.04467],[105.673137,22.047862],[105.668498,22.047523],[105.668428,22.043679],[105.663713,22.039947],[105.660104,22.029463],[105.655363,22.027404],[105.653116,22.023742],[105.651513,22.025278],[105.645912,22.024841],[105.640782,22.026731],[105.638673,22.025234],[105.637399,22.021271],[105.635341,22.021198],[105.636046,22.017982],[105.624571,22.016984],[105.620775,22.018485],[105.616499,22.012487],[105.612923,22.013643],[105.607758,22.011122],[105.601795,22.014091],[105.60114,22.010995],[105.591618,22.007917],[105.590432,22.008601],[105.594081,22.012393],[105.592846,22.016099],[105.596434,22.019472],[105.594679,22.022585],[105.591357,22.021661],[105.58855,22.024112],[105.578216,22.037277],[105.57746,22.043099],[105.579134,22.0487],[105.577648,22.051933],[105.579915,22.055742],[105.575029,22.066429],[105.572422,22.066552],[105.570917,22.07042],[105.571508,22.07442],[105.576367,22.084924],[105.579779,22.085069],[105.581057,22.088047],[105.582238,22.096698],[105.580464,22.099628],[105.585598,22.096276],[105.586122,22.090874],[105.590746,22.091683],[105.593725,22.095614],[105.604103,22.098225],[105.599896,22.110889],[105.613731,22.120398],[105.606325,22.12871],[105.610025,22.132761],[105.610704,22.137917],[105.612577,22.140136],[105.609266,22.148073],[105.612403,22.151939],[105.621007,22.157447],[105.625355,22.15805],[105.629446,22.156314],[105.633789,22.160312]]]}},{"type":"Feature","properties":{"code":"02044","name":"Xã Yên Thịnh","type":"Xã"},"geometry":{"type":"Polygon","coordinates":[[[105.549584,22.268165],[105.537694,22.266086],[105.54006,22.261576],[105.538691,22.254617],[105.54199,22.253948],[105.545119,22.247858],[105.547931,22.247409],[105.551202,22.239142],[105.547836,22.231604],[105.548008,22.228347],[105.543483,22.219675],[105.54665,22.216676],[105.549131,22.216564],[105.547588,22.209336],[105.552811,22.204454],[105.548329,22.202],[105.556116,22.191428],[105.557512,22.183573],[105.555054,22.180986],[105.555534,22.174456],[105.552244,22.165927],[105.555083,22.161406],[105.55518,22.156098],[105.552939,22.153157],[105.558338,22.149327],[105.556381,22.139811],[105.553104,22.137537],[105.552457,22.132251],[105.548552,22.125562],[105.541076,22.126699],[105.535992,22.125239],[105.528606,22.129716],[105.525628,22.137893],[105.52654,22.143187],[105.516099,22.146299],[105.500405,22.14308],[105.495445,22.146673],[105.491997,22.154216],[105.493511,22.156264],[105.492589,22.158442],[105.478288,22.163296],[105.470049,22.160167],[105.462245,22.169192],[105.463063,22.170965],[105.461165,22.172864],[105.461129,22.177544],[105.464239,22.181234],[105.460387,22.185404],[105.460809,22.189999],[105.455738,22.187012],[105.451586,22.189558],[105.443294,22.201035],[105.430832,22.214238],[105.431497,22.216368],[105.434147,22.215949],[105.434695,22.217102],[105.435757,22.228302],[105.441273,22.231658],[105.439804,22.237631],[105.436043,22.239623],[105.43862,22.244351],[105.437303,22.251506],[105.438896,22.25469],[105.435585,22.25842],[105.43663,22.26033],[105.44006,22.261033],[105.444515,22.264631],[105.450542,22.264538],[105.454563,22.268917],[105.463908,22.264667],[105.470256,22.271602],[105.473185,22.272704],[105.466427,22.279649],[105.460994,22.281404],[105.460742,22.284358],[105.472091,22.28564],[105.480271,22.288173],[105.488061,22.293222],[105.498817,22.295025],[105.501446,22.294793],[105.502408,22.290697],[105.504607,22.288681],[105.514332,22.28939],[105.517767,22.287668],[105.522092,22.290559],[105.526357,22.290092],[105.530701,22.295164],[105.537567,22.299022],[105.548406,22.299337],[105.549108,22.290356],[105.546543,22.288074],[105.550773,22.278321],[105.549584,22.268165]]]}},{"type":"Feature","properties":{"code":"05620","name":"Xã Yên Trạch","type":"Xã"},"geometry":{"type":"Polygon","coordinates":[[[105.764319,21.914547],[105.771075,21.910143],[105.773895,21.896285],[105.781065,21.889354],[105.775828,21.887041],[105.772411,21.88754],[105.770271,21.884894],[105.772061,21.88437],[105.770913,21.882749],[105.77291,21.876073],[105.768247,21.867873],[105.769856,21.861436],[105.768928,21.856416],[105.765636,21.853518],[105.765982,21.850583],[105.763631,21.845186],[105.760197,21.842917],[105.761531,21.8375],[105.757976,21.835322],[105.757784,21.83165],[105.754376,21.831067],[105.747342,21.822442],[105.748649,21.819952],[105.746724,21.81752],[105.748206,21.813326],[105.746602,21.810487],[105.741786,21.8077],[105.741638,21.801691],[105.73986,21.800203],[105.736657,21.80197],[105.731069,21.801441],[105.727766,21.799792],[105.728158,21.798626],[105.726497,21.799481],[105.717177,21.787068],[105.711138,21.783932],[105.711596,21.779362],[105.706111,21.774058],[105.705371,21.769694],[105.697647,21.766111],[105.698934,21.761718],[105.696596,21.759602],[105.697199,21.756657],[105.695849,21.758157],[105.690569,21.757918],[105.687584,21.765191],[105.691671,21.777214],[105.688857,21.782912],[105.685165,21.784736],[105.687301,21.785719],[105.687577,21.789674],[105.685625,21.790869],[105.681798,21.790059],[105.671361,21.794537],[105.670718,21.797536],[105.674003,21.797556],[105.67631,21.801124],[105.675328,21.802188],[105.676922,21.806154],[105.674392,21.809468],[105.677992,21.810116],[105.67922,21.814235],[105.684923,21.820123],[105.684491,21.8246],[105.682417,21.827052],[105.683301,21.8283],[105.679652,21.830264],[105.677466,21.829428],[105.675503,21.834122],[105.667581,21.829845],[105.663485,21.832956],[105.662318,21.836978],[105.656716,21.839684],[105.655276,21.842548],[105.656799,21.845199],[105.656375,21.857041],[105.661616,21.856384],[105.664118,21.864616],[105.666696,21.86192],[105.669718,21.863338],[105.672222,21.862555],[105.672643,21.864632],[105.670254,21.868748],[105.671997,21.871421],[105.680705,21.870723],[105.682502,21.872828],[105.686218,21.871631],[105.68772,21.875752],[105.690766,21.878349],[105.702313,21.881998],[105.704629,21.88548],[105.699859,21.889731],[105.705605,21.895942],[105.710142,21.895597],[105.711448,21.899018],[105.7147,21.898208],[105.716906,21.900489],[105.718345,21.899398],[105.722167,21.901194],[105.723909,21.904368],[105.727558,21.902776],[105.730659,21.906026],[105.732892,21.904708],[105.734417,21.906568],[105.74188,21.90414],[105.74217,21.907088],[105.755716,21.915364],[105.764319,21.914547]]]}},{"type":"Feature","properties":{"code":"05941","name":"Xã Điềm Thụy","type":"Xã"},"geometry":{"type":"Polygon","coordinates":[[[105.931127,21.500084],[105.9329,21.495367],[105.918471,21.48251],[105.915031,21.481373],[105.91709,21.47858],[105.91969,21.47848],[105.926201,21.47308],[105.926248,21.463193],[105.93149,21.46205],[105.934495,21.456568],[105.934353,21.448754],[105.931358,21.447661],[105.930375,21.443957],[105.926066,21.443285],[105.925183,21.43878],[105.927227,21.436696],[105.932889,21.4364],[105.935417,21.433218],[105.942207,21.433133],[105.944571,21.437666],[105.954425,21.440995],[105.957525,21.444061],[105.963324,21.444139],[105.964604,21.44546],[105.960155,21.438259],[105.961132,21.435109],[105.957747,21.431142],[105.958519,21.422723],[105.95429,21.413129],[105.959246,21.403638],[105.957223,21.400781],[105.955044,21.401284],[105.955938,21.404338],[105.953465,21.406761],[105.945857,21.400505],[105.942198,21.401129],[105.940916,21.398985],[105.934902,21.401898],[105.927945,21.412905],[105.919608,21.414729],[105.917171,21.413466],[105.913603,21.41894],[105.913955,21.425492],[105.910246,21.428482],[105.911839,21.431975],[105.910096,21.439522],[105.908656,21.44002],[105.910099,21.442188],[105.908551,21.443582],[105.910842,21.44766],[105.90935,21.449874],[105.911459,21.450742],[105.909721,21.451175],[105.909614,21.453939],[105.907602,21.454366],[105.903588,21.459821],[105.897029,21.4607],[105.895601,21.457327],[105.891974,21.457266],[105.891928,21.469895],[105.889143,21.469897],[105.88913,21.472455],[105.891907,21.474055],[105.890718,21.481492],[105.888732,21.489075],[105.886957,21.491188],[105.884785,21.490804],[105.888113,21.496474],[105.893874,21.500871],[105.896098,21.507776],[105.898274,21.507738],[105.897893,21.510408],[105.904803,21.513949],[105.905375,21.517168],[105.910076,21.514124],[105.911505,21.516961],[105.915132,21.515651],[105.913446,21.518218],[105.91464,21.518923],[105.918599,21.515019],[105.927016,21.516292],[105.924731,21.510434],[105.914982,21.501892],[105.914385,21.497833],[105.920375,21.495182],[105.926097,21.499476],[105.931127,21.500084]]]}},{"type":"Feature","properties":{"code":"05488","name":"Xã Đại Phúc","type":"Xã"},"geometry":{"type":"Polygon","coordinates":[[[105.645621,21.663191],[105.651684,21.662656],[105.652554,21.660751],[105.657606,21.659688],[105.66129,21.650721],[105.66104,21.647778],[105.665824,21.643348],[105.667007,21.636087],[105.672486,21.632402],[105.671271,21.62807],[105.684028,21.623926],[105.688759,21.617279],[105.690898,21.619147],[105.709385,21.623123],[105.711684,21.617985],[105.708431,21.613911],[105.710193,21.613048],[105.711053,21.609267],[105.706759,21.60989],[105.70871,21.605998],[105.72457,21.604304],[105.72847,21.606776],[105.730758,21.604033],[105.737063,21.604913],[105.743705,21.595634],[105.755319,21.596479],[105.760503,21.591473],[105.763088,21.591725],[105.764594,21.594574],[105.767997,21.594437],[105.770531,21.592112],[105.772516,21.587932],[105.771795,21.586389],[105.768711,21.583431],[105.766203,21.583224],[105.768873,21.580295],[105.767985,21.576389],[105.772432,21.576188],[105.773224,21.573222],[105.776594,21.572342],[105.774779,21.570518],[105.776756,21.569312],[105.776398,21.567452],[105.777915,21.567825],[105.775748,21.559852],[105.776607,21.558614],[105.77897,21.557443],[105.785291,21.559252],[105.785267,21.556849],[105.783684,21.548058],[105.779601,21.544805],[105.771656,21.555202],[105.769129,21.555495],[105.768183,21.552308],[105.765981,21.552936],[105.762357,21.551096],[105.762133,21.552147],[105.760593,21.550731],[105.758316,21.552265],[105.750901,21.552898],[105.747363,21.54277],[105.752443,21.536886],[105.746017,21.533006],[105.744598,21.524059],[105.749708,21.518487],[105.748941,21.515446],[105.753292,21.510905],[105.753518,21.507438],[105.752205,21.506499],[105.758519,21.50138],[105.758004,21.497986],[105.760774,21.496635],[105.757605,21.493842],[105.758442,21.491387],[105.751113,21.49659],[105.746322,21.495368],[105.742929,21.497061],[105.74141,21.501028],[105.723592,21.515587],[105.718332,21.516912],[105.712304,21.5234],[105.708272,21.523689],[105.700781,21.53047],[105.687389,21.53739],[105.676879,21.540153],[105.667902,21.547089],[105.666842,21.551807],[105.669764,21.561262],[105.671836,21.563124],[105.670913,21.567896],[105.672625,21.570632],[105.681303,21.573824],[105.683975,21.572845],[105.688395,21.575008],[105.693498,21.574346],[105.702146,21.576867],[105.677867,21.590008],[105.66844,21.599065],[105.660986,21.610576],[105.656144,21.62203],[105.649111,21.626106],[105.647784,21.624071],[105.646142,21.625091],[105.642018,21.624313],[105.639621,21.622112],[105.637369,21.623528],[105.634647,21.621835],[105.630667,21.626039],[105.621263,21.627946],[105.622067,21.631766],[105.629923,21.632596],[105.634356,21.639471],[105.637418,21.640898],[105.635007,21.6416],[105.635274,21.651845],[105.638462,21.656264],[105.638489,21.659687],[105.645621,21.663191]]]}},{"type":"Feature","properties":{"code":"05830","name":"Xã Đại Từ","type":"Xã"},"geometry":{"type":"Polygon","coordinates":[[[105.61787,21.634205],[105.622426,21.6321],[105.621263,21.627946],[105.622231,21.626902],[105.625302,21.628061],[105.625716,21.626553],[105.630667,21.626039],[105.634647,21.621835],[105.637369,21.623528],[105.639621,21.622112],[105.642018,21.624313],[105.646142,21.625091],[105.647784,21.624071],[105.649111,21.626106],[105.656144,21.62203],[105.660986,21.610576],[105.66844,21.599065],[105.677867,21.590008],[105.669151,21.580883],[105.658558,21.583296],[105.657517,21.581512],[105.658523,21.579672],[105.654625,21.577357],[105.655069,21.578707],[105.652725,21.577929],[105.649322,21.581351],[105.644936,21.581298],[105.646109,21.584606],[105.643805,21.584796],[105.628199,21.582205],[105.623536,21.579785],[105.616233,21.582254],[105.608772,21.5771],[105.605398,21.576474],[105.606761,21.573883],[105.605948,21.572305],[105.611343,21.571344],[105.612383,21.565921],[105.606704,21.557524],[105.603371,21.556894],[105.600637,21.554011],[105.600683,21.54454],[105.596856,21.533677],[105.586203,21.534232],[105.583406,21.535425],[105.583679,21.539982],[105.580584,21.541074],[105.572302,21.550892],[105.563194,21.558661],[105.558312,21.570072],[105.552701,21.573754],[105.553871,21.582299],[105.558497,21.589971],[105.567784,21.593519],[105.57126,21.598354],[105.574238,21.59835],[105.573221,21.601331],[105.576974,21.605412],[105.575279,21.608344],[105.575813,21.611406],[105.581328,21.6202],[105.585288,21.622642],[105.582664,21.623687],[105.583054,21.625292],[105.587677,21.626245],[105.59308,21.624542],[105.597318,21.628681],[105.61539,21.631872],[105.61787,21.634205]]]}},{"type":"Feature","properties":{"code":"05569","name":"Xã Định Hóa","type":"Xã"},"geometry":{"type":"Polygon","coordinates":[[[105.570256,21.958249],[105.575542,21.95767],[105.576814,21.955971],[105.580812,21.94515],[105.58455,21.945141],[105.593228,21.939169],[105.59896,21.941772],[105.603688,21.939827],[105.607537,21.942113],[105.61098,21.940591],[105.61317,21.934215],[105.620098,21.93124],[105.636565,21.918233],[105.640261,21.921215],[105.64636,21.923155],[105.646515,21.920108],[105.650634,21.91909],[105.65715,21.91351],[105.655588,21.912231],[105.656643,21.90781],[105.655169,21.9049],[105.651652,21.90368],[105.640089,21.889155],[105.637728,21.887697],[105.63341,21.887807],[105.632777,21.889393],[105.630001,21.887912],[105.627529,21.890343],[105.625848,21.888051],[105.623992,21.888399],[105.625058,21.885439],[105.622791,21.879747],[105.617178,21.875458],[105.615304,21.875618],[105.612369,21.871121],[105.606729,21.868865],[105.593453,21.856006],[105.591993,21.856114],[105.592309,21.859789],[105.589111,21.860613],[105.585762,21.864975],[105.588235,21.868679],[105.586892,21.87086],[105.589516,21.871827],[105.588586,21.87351],[105.589961,21.874365],[105.582832,21.878156],[105.582912,21.880959],[105.580324,21.884562],[105.580692,21.890739],[105.57917,21.891049],[105.581293,21.895083],[105.584192,21.896631],[105.583092,21.902313],[105.576747,21.901771],[105.57577,21.903138],[105.568809,21.898908],[105.566079,21.89914],[105.565773,21.893879],[105.567903,21.887414],[105.563012,21.882536],[105.562499,21.879674],[105.560629,21.880649],[105.556854,21.878509],[105.553934,21.882358],[105.546175,21.885214],[105.543051,21.890985],[105.54709,21.895955],[105.545011,21.9044],[105.552795,21.908411],[105.554242,21.914525],[105.553539,21.918698],[105.550158,21.923679],[105.552346,21.94313],[105.549429,21.947619],[105.549947,21.949249],[105.555674,21.957476],[105.563242,21.955488],[105.570256,21.958249]]]}},{"type":"Feature","properties":{"code":"05692","name":"Xã Đồng Hỷ","type":"Xã"},"geometry":{"type":"Polygon","coordinates":[[[105.815143,21.710354],[105.813797,21.706531],[105.81506,21.705131],[105.821218,21.705255],[105.823909,21.703898],[105.824036,21.701966],[105.832551,21.701786],[105.843882,21.704665],[105.845176,21.700672],[105.847434,21.699226],[105.846769,21.69772],[105.86067,21.693499],[105.878501,21.69662],[105.878444,21.698628],[105.88896,21.697737],[105.889725,21.690543],[105.886933,21.689166],[105.886053,21.686276],[105.883739,21.688102],[105.881105,21.686705],[105.883071,21.684956],[105.882814,21.681275],[105.884613,21.681093],[105.883007,21.674395],[105.876807,21.677806],[105.876271,21.674915],[105.870639,21.671189],[105.864205,21.677865],[105.862925,21.678246],[105.863237,21.676077],[105.860792,21.675244],[105.861387,21.672081],[105.85954,21.671723],[105.85869,21.666849],[105.863186,21.667091],[105.86535,21.662912],[105.861975,21.660012],[105.857868,21.66147],[105.85661,21.657921],[105.853692,21.657698],[105.853241,21.656169],[105.854511,21.653312],[105.857343,21.652475],[105.856049,21.64951],[105.859284,21.648161],[105.858971,21.64523],[105.862305,21.644659],[105.862547,21.643044],[105.8597,21.640534],[105.855393,21.640808],[105.858241,21.629527],[105.85694,21.627104],[105.855123,21.62671],[105.854592,21.628168],[105.852819,21.626812],[105.849649,21.621541],[105.846268,21.622029],[105.845471,21.623522],[105.84933,21.627637],[105.84785,21.628939],[105.845486,21.628343],[105.84564,21.633188],[105.84377,21.631503],[105.841582,21.632696],[105.839643,21.628848],[105.836973,21.631244],[105.837651,21.634712],[105.827327,21.637074],[105.826179,21.640057],[105.818682,21.644322],[105.817306,21.648382],[105.809163,21.647836],[105.809855,21.649789],[105.80469,21.652606],[105.802306,21.658391],[105.797243,21.664059],[105.791118,21.666581],[105.79387,21.673798],[105.792143,21.679594],[105.793471,21.684877],[105.786635,21.69461],[105.791183,21.696441],[105.797841,21.704542],[105.80285,21.705206],[105.807199,21.708711],[105.815143,21.710354]]]}},{"type":"Feature","properties":{"code":"01933","name":"Xã Đồng Phúc","type":"Xã"},"geometry":{"type":"Polygon","coordinates":[[[105.706717,22.398352],[105.722159,22.393765],[105.722302,22.38194],[105.725741,22.379501],[105.73298,22.378187],[105.734389,22.372348],[105.737996,22.370999],[105.742897,22.36522],[105.745876,22.365507],[105.747692,22.360067],[105.75455,22.355576],[105.757057,22.35575],[105.75716,22.347587],[105.765857,22.345],[105.768791,22.34081],[105.771763,22.335509],[105.771233,22.326397],[105.775406,22.325265],[105.778069,22.314645],[105.785386,22.307347],[105.785301,22.303584],[105.78713,22.30134],[105.786037,22.296856],[105.788532,22.289604],[105.787478,22.287281],[105.789104,22.28355],[105.785454,22.280049],[105.774032,22.275988],[105.772115,22.272225],[105.764285,22.270686],[105.756684,22.270469],[105.752937,22.273348],[105.740982,22.274747],[105.735307,22.272718],[105.727419,22.272999],[105.722602,22.267711],[105.706133,22.260039],[105.712638,22.239994],[105.710957,22.234107],[105.711336,22.226726],[105.704647,22.224502],[105.702597,22.226778],[105.691644,22.226116],[105.679841,22.223038],[105.675919,22.220589],[105.676097,22.22286],[105.672804,22.226743],[105.664988,22.222078],[105.660049,22.224206],[105.656764,22.228756],[105.65069,22.232048],[105.650635,22.238643],[105.64432,22.24268],[105.636132,22.245135],[105.638084,22.250292],[105.642669,22.25441],[105.643868,22.257778],[105.649253,22.262096],[105.65056,22.267278],[105.653801,22.270198],[105.654548,22.281246],[105.661258,22.286916],[105.661935,22.289713],[105.658918,22.290279],[105.654936,22.294521],[105.650909,22.29368],[105.648479,22.298017],[105.644191,22.300089],[105.644418,22.303552],[105.639974,22.307406],[105.629796,22.306314],[105.623755,22.308007],[105.620971,22.311248],[105.622175,22.316175],[105.620713,22.321538],[105.619209,22.321869],[105.623268,22.325444],[105.622618,22.329342],[105.62456,22.333958],[105.628979,22.33832],[105.637038,22.339318],[105.643523,22.343411],[105.650475,22.345056],[105.652158,22.34758],[105.65199,22.355998],[105.648791,22.360347],[105.646162,22.361278],[105.63713,22.359599],[105.635254,22.36294],[105.637179,22.368046],[105.64265,22.367667],[105.653379,22.377605],[105.653118,22.38425],[105.655686,22.392673],[105.67715,22.38171],[105.693277,22.392669],[105.696761,22.392275],[105.706717,22.398352]]]}},{"type":"Feature","properties":{"code":"05776","name":"Xã Đức Lương","type":"Xã"},"geometry":{"type":"Polygon","coordinates":[[[105.622835,21.773128],[105.625191,21.770368],[105.632886,21.769661],[105.632629,21.767154],[105.636003,21.76596],[105.63684,21.76389],[105.635617,21.763424],[105.638209,21.762673],[105.637824,21.760333],[105.640337,21.759202],[105.639623,21.756233],[105.643873,21.749697],[105.641817,21.742897],[105.64433,21.738255],[105.642209,21.737657],[105.640973,21.735082],[105.643899,21.733874],[105.642681,21.729099],[105.643778,21.721651],[105.629222,21.717754],[105.6189,21.704459],[105.613963,21.704678],[105.611562,21.707715],[105.608038,21.708631],[105.601715,21.703714],[105.597992,21.705826],[105.584433,21.705394],[105.580337,21.711875],[105.578504,21.729436],[105.56885,21.731755],[105.562312,21.729129],[105.55764,21.725095],[105.55894,21.72308],[105.55598,21.723508],[105.552446,21.727301],[105.541819,21.730116],[105.528545,21.722608],[105.517126,21.734045],[105.516238,21.739518],[105.511881,21.743083],[105.508916,21.749883],[105.513868,21.75474],[105.517819,21.755376],[105.52498,21.765223],[105.533068,21.759345],[105.543406,21.760573],[105.545728,21.753229],[105.555175,21.752084],[105.567633,21.745088],[105.569642,21.746059],[105.569961,21.748179],[105.577118,21.748079],[105.581944,21.75083],[105.584099,21.754278],[105.585884,21.764625],[105.588979,21.767351],[105.606891,21.766148],[105.615123,21.76937],[105.616194,21.772174],[105.622835,21.773128]]]}}]}