{"type":"FeatureCollection","features":[{"type":"Feature","properties":{"code":"06187","name":"Phường Kỳ Lừa","type":"Phường"},"geometry":{"type":"Polygon","coordinates":[[[106.767987,21.899932],[106.775064,21.899246],[106.776326,21.897166],[106.775498,21.891472],[106.782626,21.889145],[106.784868,21.880264],[106.784073,21.878376],[106.78604,21.876027],[106.785164,21.87146],[106.7996,21.861874],[106.805992,21.862985],[106.806747,21.86527],[106.81334,21.865976],[106.821399,21.876449],[106.828386,21.880598],[106.834163,21.876137],[106.8336,21.8701],[106.83716,21.868657],[106.838847,21.864697],[106.841535,21.863404],[106.841788,21.858026],[106.85642,21.857301],[106.860515,21.858427],[106.875733,21.848025],[106.867374,21.842023],[106.864267,21.836817],[106.864118,21.833239],[106.857368,21.830103],[106.855114,21.8211],[106.850408,21.819751],[106.848487,21.814855],[106.84463,21.811471],[106.847144,21.808203],[106.846421,21.802851],[106.842316,21.799764],[106.842161,21.797499],[106.839684,21.797273],[106.838483,21.794135],[106.835316,21.793883],[106.830453,21.784694],[106.826794,21.783395],[106.826174,21.781422],[106.822766,21.784144],[106.823722,21.785793],[106.820451,21.796041],[106.817802,21.797544],[106.815474,21.796054],[106.808044,21.796597],[106.805994,21.798061],[106.804445,21.807115],[106.806583,21.80856],[106.799406,21.820119],[106.794534,21.822886],[106.794982,21.827202],[106.791557,21.828268],[106.799787,21.835773],[106.801067,21.84103],[106.799279,21.841921],[106.798675,21.84677],[106.793408,21.849525],[106.793332,21.852461],[106.789859,21.853577],[106.78213,21.848717],[106.776827,21.856924],[106.774907,21.857305],[106.777862,21.859657],[106.775397,21.86043],[106.77774,21.86248],[106.776703,21.863183],[106.772203,21.860625],[106.770928,21.856686],[106.768409,21.85705],[106.765757,21.862141],[106.762296,21.860535],[106.762884,21.857301],[106.758361,21.855537],[106.757301,21.852553],[106.755893,21.860893],[106.753993,21.86242],[106.754923,21.87069],[106.759554,21.870753],[106.758739,21.872012],[106.760066,21.872792],[106.757693,21.875047],[106.75574,21.873791],[106.754364,21.878185],[106.758722,21.885545],[106.763645,21.888167],[106.763888,21.891109],[106.762249,21.892465],[106.763859,21.893324],[106.763194,21.894584],[106.768642,21.897424],[106.767987,21.899932]]]}},{"type":"Feature","properties":{"code":"05983","name":"Phường Lương Văn Tri","type":"Phường"},"geometry":{"type":"Polygon","coordinates":[[[106.758032,21.850473],[106.759712,21.84961],[106.759135,21.839494],[106.760601,21.83227],[106.759256,21.830522],[106.757259,21.832441],[106.75031,21.827756],[106.748479,21.82489],[106.749459,21.815911],[106.746094,21.813399],[106.74456,21.809057],[106.73693,21.807333],[106.734616,21.798051],[106.729847,21.798292],[106.727348,21.790477],[106.722739,21.790691],[106.721665,21.786677],[106.722788,21.782913],[106.719494,21.781721],[106.716237,21.784726],[106.708546,21.786347],[106.707181,21.79028],[106.70205,21.790622],[106.702327,21.793828],[106.698967,21.794856],[106.698096,21.7984],[106.702576,21.801228],[106.706712,21.809753],[106.709887,21.810667],[106.709849,21.812424],[106.7055,21.814991],[106.70613,21.819551],[106.713646,21.827347],[106.711786,21.840188],[106.715104,21.845609],[106.708523,21.85626],[106.702077,21.862016],[106.703322,21.866732],[106.701408,21.869729],[106.71545,21.872876],[106.719579,21.867193],[106.726561,21.867002],[106.731855,21.857809],[106.729234,21.852555],[106.733205,21.841816],[106.74091,21.847027],[106.745879,21.847717],[106.749333,21.845987],[106.758032,21.850473]]]}},{"type":"Feature","properties":{"code":"05986","name":"Phường Tam Thanh","type":"Phường"},"geometry":{"type":"Polygon","coordinates":[[[106.740188,21.92822],[106.742397,21.928261],[106.743105,21.924637],[106.752767,21.921774],[106.754654,21.91734],[106.753361,21.915366],[106.761654,21.909872],[106.768642,21.897424],[106.763194,21.894584],[106.763859,21.893324],[106.762249,21.892465],[106.763888,21.891109],[106.763645,21.888167],[106.758722,21.885545],[106.754364,21.878185],[106.75574,21.873791],[106.757693,21.875047],[106.760066,21.872792],[106.758739,21.872012],[106.759554,21.870753],[106.754923,21.87069],[106.753986,21.862731],[106.755893,21.860893],[106.758032,21.850473],[106.749432,21.846007],[106.745811,21.847724],[106.740414,21.846854],[106.733523,21.841769],[106.729242,21.852467],[106.731855,21.857809],[106.726695,21.866853],[106.719579,21.867193],[106.716273,21.872571],[106.711406,21.871567],[106.710084,21.875535],[106.71367,21.881448],[106.723725,21.88292],[106.728699,21.886892],[106.728585,21.889564],[106.732405,21.894667],[106.729303,21.897224],[106.734526,21.900943],[106.732561,21.905525],[106.735378,21.910123],[106.734225,21.912931],[106.735654,21.920704],[106.740188,21.92822]]]}},{"type":"Feature","properties":{"code":"05977","name":"Phường Đông Kinh","type":"Phường"},"geometry":{"type":"Polygon","coordinates":[[[106.775397,21.86043],[106.77794,21.85993],[106.77518,21.856623],[106.776827,21.856924],[106.78213,21.848717],[106.789859,21.853577],[106.793332,21.852461],[106.793436,21.849489],[106.79605,21.84917],[106.799576,21.845559],[106.798742,21.843478],[106.801067,21.84103],[106.799787,21.835773],[106.791557,21.828268],[106.794982,21.827202],[106.794534,21.822886],[106.799406,21.820119],[106.806583,21.80856],[106.804445,21.807115],[106.808329,21.791545],[106.805045,21.790357],[106.805096,21.786686],[106.800256,21.785347],[106.792905,21.778601],[106.792073,21.774299],[106.789276,21.776135],[106.785103,21.773393],[106.781417,21.773416],[106.777451,21.767906],[106.774736,21.768162],[106.772653,21.765533],[106.769749,21.765885],[106.755542,21.760862],[106.750884,21.756643],[106.746636,21.756709],[106.745761,21.761142],[106.748167,21.7644],[106.751378,21.76443],[106.754325,21.766682],[106.753939,21.769558],[106.747424,21.774754],[106.742411,21.772933],[106.740805,21.777237],[106.73698,21.780248],[106.734559,21.779731],[106.730422,21.782295],[106.726895,21.786628],[106.726629,21.789852],[106.729847,21.798292],[106.734616,21.798051],[106.73693,21.807333],[106.74456,21.809057],[106.746094,21.813399],[106.749459,21.815911],[106.748479,21.82489],[106.75031,21.827756],[106.757259,21.832441],[106.759256,21.830522],[106.760601,21.83227],[106.759135,21.839494],[106.759712,21.84961],[106.757301,21.852553],[106.75818,21.855332],[106.762095,21.856305],[106.763265,21.859261],[106.762296,21.860535],[106.765757,21.862141],[106.768721,21.856795],[106.770938,21.856689],[106.773434,21.861498],[106.777738,21.862727],[106.775397,21.86043]]]}},{"type":"Feature","properties":{"code":"06196","name":"Xã Ba Sơn","type":"Xã"},"geometry":{"type":"Polygon","coordinates":[[[106.892807,21.977505],[106.897264,21.975814],[106.903655,21.971616],[106.913795,21.976012],[106.918598,21.974257],[106.92413,21.962795],[106.924112,21.958835],[106.921156,21.954406],[106.929507,21.941535],[106.929553,21.931252],[106.933501,21.929606],[106.945576,21.932372],[106.951884,21.931429],[106.954133,21.92947],[106.953387,21.924439],[106.958523,21.922365],[106.960953,21.919072],[106.966763,21.923564],[106.971634,21.922745],[106.979493,21.926657],[106.981239,21.931773],[106.985056,21.93606],[106.983696,21.938631],[106.989152,21.942592],[106.987708,21.947915],[106.991213,21.951505],[107.000494,21.944367],[107.006663,21.946735],[107.01199,21.94492],[107.017374,21.946234],[107.020262,21.943946],[107.024116,21.944973],[107.023346,21.940072],[107.025866,21.937778],[107.03028,21.936565],[107.032731,21.938253],[107.038937,21.930801],[107.047882,21.930061],[107.049506,21.928286],[107.05018,21.925028],[107.054991,21.920979],[107.058033,21.915594],[107.056577,21.911317],[107.059959,21.908783],[107.059141,21.904016],[107.063152,21.896705],[107.062829,21.89371],[107.058694,21.891597],[107.055125,21.884177],[107.049558,21.880278],[107.0408,21.879196],[107.032,21.869422],[107.02598,21.865251],[107.018118,21.863967],[107.013917,21.858512],[107.013302,21.855234],[107.002717,21.844523],[106.998951,21.845205],[106.99527,21.84273],[106.991495,21.844629],[106.984559,21.841928],[106.982766,21.844577],[106.980897,21.842773],[106.979474,21.844069],[106.966496,21.836689],[106.961436,21.835566],[106.95702,21.838733],[106.953023,21.838972],[106.948793,21.84372],[106.950873,21.845358],[106.950929,21.848512],[106.952439,21.849178],[106.957376,21.861148],[106.94308,21.870771],[106.94632,21.876824],[106.94491,21.876954],[106.944769,21.878979],[106.948222,21.879355],[106.946237,21.880424],[106.94783,21.882731],[106.94607,21.885621],[106.940759,21.882724],[106.933701,21.882615],[106.92261,21.891589],[106.90952,21.886631],[106.909064,21.884591],[106.897974,21.885595],[106.895445,21.887379],[106.893282,21.894252],[106.884992,21.899358],[106.885532,21.902057],[106.883223,21.902095],[106.88175,21.908664],[106.877188,21.910511],[106.876988,21.913297],[106.880934,21.912504],[106.880413,21.915392],[106.882593,21.916741],[106.874051,21.920366],[106.872161,21.934136],[106.872925,21.938529],[106.874705,21.940223],[106.878435,21.940467],[106.880853,21.944981],[106.885026,21.946224],[106.882796,21.950508],[106.885072,21.959798],[106.886665,21.959714],[106.885564,21.964684],[106.887207,21.968349],[106.889815,21.969377],[106.890337,21.976279],[106.892807,21.977505]]]}},{"type":"Feature","properties":{"code":"06112","name":"Xã Bình Gia","type":"Xã"},"geometry":{"type":"Polygon","coordinates":[[[106.363946,22.033613],[106.367901,22.030154],[106.370489,22.023737],[106.369165,22.009231],[106.375088,22.005081],[106.375013,22.000737],[106.378085,22.000746],[106.386617,21.996592],[106.386148,21.991729],[106.387503,21.990042],[106.39569,21.990839],[106.396032,21.98845],[106.400984,21.985989],[106.405533,21.987857],[106.410601,21.984716],[106.411573,21.979227],[106.409663,21.973337],[106.406621,21.97078],[106.409276,21.966709],[106.409897,21.960557],[106.411791,21.959179],[106.409695,21.957471],[106.41053,21.955122],[106.408643,21.952241],[106.410559,21.949151],[106.407775,21.943221],[106.41302,21.936639],[106.411479,21.933291],[106.413226,21.927794],[106.405755,21.913445],[106.393333,21.908813],[106.395579,21.913089],[106.392087,21.915304],[106.390881,21.919912],[106.386842,21.925158],[106.389534,21.928116],[106.379545,21.932014],[106.370798,21.929471],[106.366838,21.933569],[106.36245,21.932186],[106.359797,21.927295],[106.352244,21.926813],[106.346577,21.932706],[106.343157,21.9339],[106.335286,21.942677],[106.336776,21.949379],[106.338437,21.950243],[106.33545,21.954165],[106.331689,21.956623],[106.327776,21.956586],[106.3264,21.953275],[106.322673,21.957056],[106.322538,21.959223],[106.316126,21.962789],[106.305357,21.958667],[106.305249,21.955553],[106.301867,21.952103],[106.303716,21.949711],[106.299056,21.943861],[106.294038,21.940714],[106.296527,21.93932],[106.29737,21.934727],[106.293456,21.931426],[106.284546,21.932776],[106.280301,21.931615],[106.2797,21.929247],[106.267486,21.931656],[106.264387,21.933668],[106.265015,21.935165],[106.26185,21.938659],[106.261674,21.941816],[106.265829,21.940973],[106.269559,21.943481],[106.273378,21.942605],[106.273948,21.946969],[106.276605,21.948944],[106.274896,21.952736],[106.269868,21.954664],[106.266169,21.960267],[106.26595,21.961874],[106.269297,21.963711],[106.268592,21.968009],[106.278173,21.969644],[106.28253,21.972784],[106.279731,21.976953],[106.275238,21.977733],[106.269937,21.984391],[106.261263,21.987909],[106.261648,21.99156],[106.25634,21.997862],[106.265786,22.000696],[106.271045,22.001074],[106.273184,21.999614],[106.277775,22.001329],[106.284204,21.998311],[106.29483,21.999099],[106.298391,21.995467],[106.299693,21.988951],[106.311001,21.990022],[106.312464,21.99306],[106.319884,21.990812],[106.325595,21.993958],[106.328527,21.997929],[106.33947,22.000255],[106.338453,22.007739],[106.340724,22.011871],[106.340515,22.017385],[106.332079,22.019992],[106.328713,22.023467],[106.333527,22.025357],[106.334899,22.02444],[106.338963,22.030346],[106.344896,22.028609],[106.341254,22.015534],[106.342042,22.014078],[106.350849,22.011864],[106.352309,22.016104],[106.355179,22.018281],[106.356571,22.016223],[106.355686,22.014854],[106.36258,22.01277],[106.363284,22.020877],[106.361314,22.024073],[106.363946,22.033613]]]}},{"type":"Feature","properties":{"code":"06325","name":"Xã Bắc Sơn","type":"Xã"},"geometry":{"type":"Polygon","coordinates":[[[106.326073,21.953604],[106.327776,21.956586],[106.331689,21.956623],[106.33545,21.954165],[106.338437,21.950243],[106.336776,21.949379],[106.335286,21.942677],[106.343157,21.9339],[106.346577,21.932706],[106.35232,21.926775],[106.359797,21.927295],[106.36245,21.932186],[106.366838,21.933569],[106.370798,21.929471],[106.379545,21.932014],[106.389566,21.928059],[106.387154,21.923968],[106.390881,21.919912],[106.392087,21.915304],[106.395579,21.913089],[106.391717,21.905489],[106.390589,21.895943],[106.392103,21.894219],[106.388803,21.8917],[106.381186,21.893237],[106.375481,21.886541],[106.366996,21.886097],[106.368544,21.883673],[106.368589,21.878683],[106.365183,21.877451],[106.365498,21.87226],[106.36267,21.865865],[106.357096,21.867005],[106.352109,21.864209],[106.352488,21.869494],[106.346953,21.873595],[106.342765,21.875993],[106.341139,21.874539],[106.333348,21.873644],[106.328103,21.878944],[106.325628,21.879172],[106.324842,21.876453],[106.32106,21.874915],[106.318062,21.869817],[106.31419,21.873028],[106.30997,21.873054],[106.308311,21.875137],[106.305559,21.873073],[106.297627,21.875805],[106.295599,21.878139],[106.298091,21.883398],[106.295641,21.890224],[106.288422,21.892407],[106.287961,21.894977],[106.291998,21.897714],[106.291703,21.900435],[106.295497,21.900833],[106.299119,21.904268],[106.300343,21.910582],[106.296579,21.912723],[106.286121,21.91397],[106.285204,21.917721],[106.286372,21.920529],[106.284828,21.921912],[106.279137,21.922476],[106.27772,21.920841],[106.268514,21.918655],[106.267621,21.917099],[106.264457,21.919614],[106.259561,21.917277],[106.252413,21.919286],[106.251132,21.921883],[106.247707,21.922776],[106.24762,21.925474],[106.244137,21.929843],[106.245269,21.93352],[106.248459,21.936697],[106.241518,21.94049],[106.241831,21.942796],[106.248233,21.941426],[106.253455,21.944209],[106.258241,21.9447],[106.261674,21.941816],[106.26185,21.938659],[106.265015,21.935165],[106.264387,21.933668],[106.267486,21.931656],[106.2797,21.929247],[106.280301,21.931615],[106.284546,21.932776],[106.293097,21.931275],[106.29737,21.934727],[106.296527,21.93932],[106.294038,21.940714],[106.299056,21.943861],[106.303716,21.949711],[106.301867,21.952103],[106.305249,21.955553],[106.305357,21.958667],[106.316126,21.962789],[106.322538,21.959223],[106.322673,21.957056],[106.326073,21.953604]]]}},{"type":"Feature","properties":{"code":"06475","name":"Xã Bằng Mạc","type":"Xã"},"geometry":{"type":"Polygon","coordinates":[[[106.564769,21.76573],[106.571756,21.7631],[106.577654,21.75689],[106.584733,21.756273],[106.587186,21.75104],[106.590618,21.749756],[106.592603,21.745194],[106.590834,21.742513],[106.59375,21.739923],[106.592338,21.734061],[106.594543,21.731569],[106.592963,21.73039],[106.594153,21.728081],[106.589424,21.724202],[106.58886,21.721775],[106.591488,21.72004],[106.590738,21.71745],[106.593111,21.717472],[106.593967,21.714343],[106.599001,21.711846],[106.597522,21.707938],[106.598812,21.706531],[106.597793,21.701146],[106.594555,21.698111],[106.595919,21.694038],[106.594428,21.691937],[106.595267,21.688851],[106.605771,21.688952],[106.606087,21.684783],[106.603257,21.681169],[106.59613,21.681613],[106.595072,21.683109],[106.591664,21.679428],[106.587741,21.680815],[106.585931,21.676397],[106.576859,21.673823],[106.578028,21.669819],[106.567409,21.671248],[106.563882,21.668208],[106.560783,21.672837],[106.562606,21.677286],[106.5643,21.677865],[106.56339,21.682128],[106.559463,21.683806],[106.559453,21.685686],[106.549647,21.687724],[106.549454,21.691021],[106.548126,21.691624],[106.542056,21.690166],[106.53938,21.69109],[106.53604,21.686704],[106.532851,21.6888],[106.525563,21.684283],[106.522095,21.684229],[106.522571,21.677669],[106.521054,21.676191],[106.518954,21.67665],[106.510996,21.669137],[106.505815,21.667158],[106.487492,21.675639],[106.489809,21.679659],[106.492975,21.68021],[106.491735,21.682701],[106.485374,21.686635],[106.486282,21.688279],[106.484356,21.691547],[106.478607,21.688853],[106.479612,21.685889],[106.477559,21.684151],[106.460375,21.681924],[106.461681,21.684438],[106.460344,21.685791],[106.460426,21.69172],[106.454336,21.692319],[106.458321,21.696894],[106.463461,21.698762],[106.465488,21.702077],[106.459946,21.706082],[106.453833,21.706147],[106.455428,21.709499],[106.452735,21.711619],[106.452516,21.716762],[106.448738,21.720188],[106.447974,21.723756],[106.450654,21.728007],[106.448738,21.730093],[106.452095,21.736651],[106.451039,21.7412],[106.458265,21.743797],[106.457981,21.745254],[106.461332,21.746571],[106.463324,21.746764],[106.466377,21.744059],[106.471062,21.745958],[106.471639,21.748068],[106.476765,21.747029],[106.477005,21.75189],[106.47939,21.754275],[106.482689,21.754597],[106.487863,21.759925],[106.490902,21.753552],[106.499786,21.754201],[106.500719,21.750443],[106.507231,21.745515],[106.516908,21.745644],[106.519687,21.743361],[106.524887,21.753311],[106.534233,21.755325],[106.544269,21.750643],[106.551409,21.755779],[106.553999,21.755894],[106.553752,21.757887],[106.555432,21.759248],[106.554482,21.765509],[106.564769,21.76573]]]}},{"type":"Feature","properties":{"code":"06427","name":"Xã Cai Kinh","type":"Xã"},"geometry":{"type":"Polygon","coordinates":[[[106.403272,21.656667],[106.41441,21.652805],[106.414711,21.65146],[106.420636,21.651801],[106.422258,21.648794],[106.424392,21.648143],[106.423191,21.643673],[106.425404,21.641969],[106.424941,21.639929],[106.428404,21.639051],[106.4281,21.633537],[106.432028,21.628713],[106.432587,21.624576],[106.433776,21.623155],[106.435638,21.623845],[106.43989,21.619448],[106.435517,21.614912],[106.437197,21.611134],[106.445736,21.604046],[106.446278,21.599629],[106.449539,21.597862],[106.45069,21.59309],[106.450682,21.587432],[106.44567,21.576749],[106.448009,21.565876],[106.445736,21.565292],[106.442185,21.567318],[106.436198,21.565721],[106.434728,21.561601],[106.43526,21.554347],[106.432415,21.554042],[106.436082,21.548051],[106.435406,21.54609],[106.433263,21.545619],[106.437922,21.540726],[106.43654,21.537625],[106.437249,21.534866],[106.432023,21.529344],[106.428691,21.532628],[106.419897,21.532841],[106.415584,21.528372],[106.415566,21.524432],[106.408831,21.520774],[106.403544,21.514705],[106.392064,21.517248],[106.390045,21.51485],[106.389424,21.514796],[106.388691,21.517816],[106.391943,21.520977],[106.39125,21.524955],[106.38575,21.529019],[106.387281,21.531028],[106.387127,21.538277],[106.384734,21.541858],[106.378137,21.541297],[106.376045,21.544611],[106.378339,21.550811],[106.383832,21.55228],[106.381898,21.559113],[106.376233,21.557669],[106.375981,21.556306],[106.37292,21.55775],[106.369385,21.556261],[106.365183,21.557079],[106.354496,21.553865],[106.353275,21.55564],[106.352345,21.554171],[106.348966,21.556688],[106.34738,21.555819],[106.348202,21.553595],[106.345368,21.55413],[106.343582,21.551921],[106.341725,21.555925],[106.333524,21.559259],[106.331277,21.563322],[106.325749,21.56529],[106.326818,21.569006],[106.3208,21.572129],[106.31883,21.571282],[106.317115,21.574011],[106.305105,21.573112],[106.304319,21.57472],[106.300172,21.574623],[106.299725,21.576494],[106.295764,21.574651],[106.293189,21.578875],[106.287267,21.577066],[106.283045,21.578167],[106.28036,21.581112],[106.28083,21.586393],[106.287369,21.58702],[106.289615,21.589112],[106.297806,21.588957],[106.29889,21.59183],[106.301225,21.590857],[106.303384,21.592492],[106.306865,21.591656],[106.307134,21.589926],[106.309384,21.590299],[106.311347,21.592905],[106.316046,21.594665],[106.315608,21.591812],[106.317954,21.590153],[106.322094,21.593362],[106.322912,21.590174],[106.325011,21.590253],[106.327713,21.59476],[106.331603,21.595144],[106.335617,21.595029],[106.33932,21.592806],[106.343746,21.594417],[106.352729,21.592995],[106.35703,21.594687],[106.355169,21.596777],[106.358783,21.600078],[106.358939,21.603386],[106.362827,21.599202],[106.364166,21.601258],[106.365836,21.598996],[106.371791,21.596882],[106.380276,21.596667],[106.384785,21.606179],[106.383517,21.608821],[106.385829,21.610242],[106.385421,21.612848],[106.390212,21.613372],[106.39102,21.61129],[106.394641,21.610471],[106.395336,21.612791],[106.397606,21.612801],[106.40031,21.615437],[106.398709,21.619217],[106.400059,21.621691],[106.39888,21.625684],[106.399953,21.635975],[106.405509,21.637801],[106.407912,21.644646],[106.405393,21.649939],[106.40136,21.649132],[106.399745,21.651213],[106.403272,21.656667]]]}},{"type":"Feature","properties":{"code":"06211","name":"Xã Cao Lộc","type":"Xã"},"geometry":{"type":"Polygon","coordinates":[[[106.797016,21.985085],[106.799749,21.980451],[106.804112,21.982859],[106.804383,21.977229],[106.812019,21.973408],[106.820352,21.973616],[106.823545,21.975249],[106.825238,21.973696],[106.826828,21.976016],[106.832837,21.974859],[106.832763,21.981899],[106.834641,21.983646],[106.839827,21.98419],[106.846698,21.979669],[106.853046,21.98263],[106.856836,21.980819],[106.861111,21.983882],[106.862826,21.981357],[106.868033,21.983082],[106.869736,21.9809],[106.875114,21.980033],[106.880269,21.982031],[106.887725,21.97916],[106.890337,21.976279],[106.890248,21.971641],[106.885564,21.964684],[106.886665,21.959714],[106.885072,21.959798],[106.882796,21.950508],[106.885026,21.946224],[106.880853,21.944981],[106.878435,21.940467],[106.874705,21.940223],[106.872925,21.938529],[106.8727,21.925451],[106.8741,21.920265],[106.875661,21.919464],[106.874554,21.917775],[106.863759,21.913152],[106.858225,21.914116],[106.858118,21.915538],[106.855326,21.914195],[106.849163,21.916393],[106.845443,21.913173],[106.845834,21.911888],[106.842911,21.911227],[106.843689,21.907197],[106.839672,21.90662],[106.835385,21.902421],[106.831666,21.905035],[106.821971,21.902338],[106.821391,21.899676],[106.81037,21.905843],[106.809533,21.908478],[106.803741,21.912067],[106.799555,21.910088],[106.790857,21.913397],[106.786687,21.911414],[106.786921,21.90611],[106.784636,21.905255],[106.78529,21.900227],[106.778239,21.898982],[106.776326,21.897166],[106.775064,21.899246],[106.767987,21.899932],[106.763425,21.905059],[106.761654,21.909872],[106.753361,21.915366],[106.754654,21.91734],[106.752767,21.921774],[106.743105,21.924637],[106.742397,21.928261],[106.739275,21.928796],[106.739648,21.930907],[106.737262,21.934777],[106.742343,21.940352],[106.741453,21.945251],[106.749789,21.94648],[106.752844,21.953256],[106.760319,21.956997],[106.766441,21.969012],[106.765675,21.970867],[106.771965,21.973846],[106.777808,21.969684],[106.784007,21.976246],[106.782961,21.978147],[106.787163,21.982224],[106.787301,21.98519],[106.797016,21.985085]]]}},{"type":"Feature","properties":{"code":"06463","name":"Xã Chi Lăng","type":"Xã"},"geometry":{"type":"Polygon","coordinates":[[[106.587741,21.680815],[106.592391,21.677429],[106.596865,21.677606],[106.602175,21.674138],[106.604553,21.674381],[106.605525,21.671647],[106.610279,21.667541],[106.610739,21.664093],[106.615717,21.661198],[106.618572,21.655437],[106.616643,21.651613],[106.617173,21.647584],[106.605797,21.644682],[106.603684,21.641467],[106.60028,21.641302],[106.596951,21.637727],[106.597261,21.634785],[106.591713,21.63097],[106.592495,21.627114],[106.586991,21.626583],[106.584782,21.620122],[106.582436,21.618549],[106.57666,21.619346],[106.575995,21.614339],[106.568022,21.606921],[106.570885,21.602509],[106.57012,21.599375],[106.561539,21.593999],[106.557279,21.595013],[106.5559,21.589779],[106.552172,21.588816],[106.55285,21.583465],[106.548799,21.578855],[106.543798,21.576603],[106.540031,21.56721],[106.535513,21.563328],[106.530582,21.562896],[106.527503,21.559046],[106.526005,21.553119],[106.527736,21.550534],[106.52589,21.548651],[106.526328,21.544859],[106.522165,21.535565],[106.516918,21.54168],[106.512434,21.543497],[106.511557,21.550325],[106.50577,21.55345],[106.504111,21.556286],[106.498281,21.55586],[106.495076,21.559092],[106.482332,21.552821],[106.477863,21.55594],[106.473447,21.556408],[106.470503,21.560874],[106.468694,21.560911],[106.469091,21.565092],[106.472801,21.564433],[106.472963,21.566077],[106.47533,21.566355],[106.475648,21.568825],[106.480916,21.570498],[106.482192,21.579071],[106.484081,21.58055],[106.480918,21.582256],[106.482171,21.588021],[106.486548,21.590231],[106.490663,21.585362],[106.498517,21.585483],[106.501224,21.591864],[106.505999,21.59554],[106.505005,21.601959],[106.501616,21.606416],[106.502313,21.609915],[106.516191,21.613471],[106.532387,21.624392],[106.539735,21.624101],[106.538281,21.630973],[106.543701,21.634754],[106.544256,21.637869],[106.553098,21.641853],[106.553799,21.644362],[106.557794,21.647057],[106.557658,21.650778],[106.563972,21.652562],[106.563439,21.658268],[106.566174,21.660868],[106.565554,21.66326],[106.562431,21.664761],[106.563636,21.66828],[106.567409,21.671248],[106.577654,21.669639],[106.576859,21.673823],[106.585931,21.676397],[106.587741,21.680815]]]}},{"type":"Feature","properties":{"code":"06481","name":"Xã Chiến Thắng","type":"Xã"},"geometry":{"type":"Polygon","coordinates":[[[106.822766,21.784144],[106.832427,21.777842],[106.831238,21.773376],[106.826324,21.767248],[106.828358,21.766552],[106.826358,21.763381],[106.828622,21.759129],[106.828693,21.753518],[106.820174,21.742609],[106.816076,21.740187],[106.816734,21.730366],[106.814181,21.730729],[106.812317,21.727259],[106.805954,21.725434],[106.802836,21.715398],[106.799775,21.719904],[106.795746,21.72102],[106.794711,21.718723],[106.790072,21.717462],[106.784531,21.711842],[106.784627,21.707281],[106.780807,21.706569],[106.778428,21.703756],[106.772638,21.704257],[106.772893,21.695006],[106.768656,21.692961],[106.764221,21.684732],[106.761756,21.683196],[106.757397,21.684855],[106.756032,21.680863],[106.757135,21.675477],[106.762912,21.672208],[106.764566,21.669523],[106.764027,21.663179],[106.761615,21.661201],[106.759532,21.662487],[106.756116,21.657662],[106.752351,21.657516],[106.751915,21.651756],[106.746591,21.653579],[106.744947,21.656275],[106.738292,21.660013],[106.737563,21.664111],[106.734972,21.664532],[106.732053,21.668598],[106.726315,21.669669],[106.725144,21.673045],[106.72223,21.675229],[106.723139,21.680235],[106.727858,21.681329],[106.729307,21.684919],[106.721772,21.694652],[106.718402,21.694506],[106.713583,21.698528],[106.710442,21.703606],[106.713677,21.707524],[106.71262,21.710134],[106.706624,21.713986],[106.700625,21.715338],[106.700457,21.717555],[106.693645,21.715384],[106.691534,21.716603],[106.689725,21.722495],[106.693601,21.72857],[106.697432,21.731017],[106.697732,21.735807],[106.704779,21.741789],[106.706607,21.745506],[106.704584,21.746433],[106.70487,21.747931],[106.708258,21.749048],[106.711686,21.754244],[106.704127,21.765637],[106.705406,21.770266],[106.711943,21.772668],[106.713293,21.778139],[106.722788,21.782913],[106.721665,21.786677],[106.722945,21.790786],[106.726629,21.789852],[106.726895,21.786628],[106.730882,21.781829],[106.734559,21.779731],[106.736828,21.780338],[106.740709,21.777336],[106.742411,21.772933],[106.747424,21.774754],[106.753393,21.770325],[106.754325,21.766682],[106.751378,21.76443],[106.748167,21.7644],[106.745743,21.761101],[106.745556,21.757377],[106.748115,21.756546],[106.75091,21.756652],[106.755542,21.760862],[106.769749,21.765885],[106.772653,21.765533],[106.774736,21.768162],[106.777451,21.767906],[106.781417,21.773416],[106.785103,21.773393],[106.789276,21.776135],[106.792073,21.774299],[106.793335,21.779018],[106.800256,21.785347],[106.805096,21.786686],[106.805045,21.790357],[106.8083,21.791454],[106.808044,21.796597],[106.809665,21.797473],[106.815145,21.796035],[106.817802,21.797544],[106.820451,21.796041],[106.823722,21.785793],[106.822766,21.784144]]]}},{"type":"Feature","properties":{"code":"06637","name":"Xã Châu Sơn","type":"Xã"},"geometry":{"type":"Polygon","coordinates":[[[107.128522,21.531623],[107.137445,21.538287],[107.138137,21.546686],[107.136549,21.549974],[107.141126,21.55499],[107.143228,21.559937],[107.148439,21.559478],[107.152793,21.562244],[107.162799,21.564234],[107.164666,21.562246],[107.162074,21.55822],[107.164382,21.555917],[107.166767,21.555844],[107.168582,21.548667],[107.191081,21.540739],[107.196965,21.541103],[107.201449,21.545734],[107.211149,21.530944],[107.216536,21.531613],[107.221682,21.526258],[107.222859,21.519372],[107.226995,21.519357],[107.231114,21.521475],[107.234222,21.518616],[107.233669,21.51405],[107.238737,21.505792],[107.235892,21.502577],[107.236978,21.496414],[107.246297,21.482567],[107.24371,21.476225],[107.239903,21.473407],[107.24248,21.466039],[107.240696,21.465503],[107.238561,21.460139],[107.241071,21.455706],[107.240676,21.447563],[107.245571,21.443882],[107.245292,21.439646],[107.241662,21.434546],[107.244817,21.432861],[107.246097,21.429998],[107.247806,21.43009],[107.248526,21.423775],[107.253406,21.423167],[107.257516,21.417087],[107.256004,21.414423],[107.25698,21.408777],[107.258794,21.407712],[107.257726,21.404271],[107.264983,21.400297],[107.26086,21.392009],[107.261565,21.387751],[107.256955,21.383477],[107.259685,21.37919],[107.252388,21.3664],[107.248739,21.367397],[107.240443,21.363987],[107.237995,21.369257],[107.235473,21.370347],[107.235543,21.373492],[107.227861,21.37742],[107.227888,21.380606],[107.216576,21.389024],[107.209434,21.386938],[107.203839,21.37871],[107.199424,21.377632],[107.193333,21.379097],[107.192041,21.375599],[107.185452,21.375383],[107.182075,21.371363],[107.176159,21.368919],[107.17302,21.364789],[107.167976,21.363159],[107.158248,21.368468],[107.14579,21.364448],[107.141837,21.366516],[107.14334,21.369501],[107.134475,21.371294],[107.126876,21.369119],[107.111402,21.376167],[107.105512,21.375276],[107.101098,21.378003],[107.101352,21.382432],[107.098635,21.386933],[107.099523,21.391668],[107.098341,21.392885],[107.1044,21.400727],[107.10061,21.404818],[107.100622,21.409967],[107.098396,21.413151],[107.099349,21.418822],[107.101551,21.420718],[107.099942,21.427196],[107.103534,21.431716],[107.103574,21.445922],[107.105783,21.447722],[107.103806,21.455394],[107.095895,21.452523],[107.087828,21.453736],[107.081837,21.450577],[107.06936,21.454073],[107.066416,21.451481],[107.057729,21.451206],[107.056729,21.449835],[107.049584,21.450951],[107.044605,21.454574],[107.045212,21.456208],[107.037671,21.468042],[107.040771,21.46887],[107.04456,21.47305],[107.043311,21.47624],[107.044324,21.480333],[107.047539,21.483744],[107.047784,21.487365],[107.045354,21.489955],[107.050641,21.493373],[107.054459,21.498772],[107.057873,21.498001],[107.05982,21.500925],[107.062662,21.501982],[107.064378,21.506422],[107.072989,21.50627],[107.07688,21.515362],[107.086214,21.522146],[107.095707,21.524904],[107.099526,21.522413],[107.104598,21.522672],[107.112121,21.520077],[107.121953,21.525532],[107.127632,21.526792],[107.128522,21.531623]]]}},{"type":"Feature","properties":{"code":"06220","name":"Xã Công Sơn","type":"Xã"},"geometry":{"type":"Polygon","coordinates":[[[106.948684,21.842796],[106.938401,21.846629],[106.919916,21.848817],[106.914404,21.851774],[106.911515,21.849824],[106.904987,21.849281],[106.898809,21.845156],[106.892607,21.844978],[106.883334,21.84801],[106.878453,21.84722],[106.874643,21.84846],[106.860515,21.858427],[106.85642,21.857301],[106.841788,21.858026],[106.841535,21.863404],[106.838847,21.864697],[106.83716,21.868657],[106.8336,21.8701],[106.834163,21.876137],[106.828386,21.880598],[106.821399,21.876449],[106.81334,21.865976],[106.806747,21.86527],[106.805992,21.862985],[106.7996,21.861874],[106.785164,21.87146],[106.78604,21.876027],[106.784073,21.878376],[106.784832,21.880465],[106.783212,21.883158],[106.784294,21.884326],[106.782626,21.889145],[106.775367,21.891667],[106.776326,21.897166],[106.778239,21.898982],[106.785455,21.900398],[106.784671,21.905415],[106.786921,21.90611],[106.786687,21.911414],[106.789259,21.913067],[106.794476,21.912901],[106.799555,21.910088],[106.803741,21.912067],[106.809533,21.908478],[106.81037,21.905843],[106.821391,21.899676],[106.821971,21.902338],[106.831666,21.905035],[106.835385,21.902421],[106.839672,21.90662],[106.843689,21.907197],[106.842911,21.911227],[106.845834,21.911888],[106.845443,21.913173],[106.849163,21.916393],[106.855326,21.914195],[106.858118,21.915538],[106.858225,21.914116],[106.863759,21.913152],[106.877139,21.919418],[106.882593,21.916741],[106.880413,21.915392],[106.880934,21.912504],[106.876988,21.913297],[106.8775,21.90992],[106.88175,21.908664],[106.883223,21.902095],[106.885532,21.902057],[106.884992,21.899358],[106.893282,21.894252],[106.895445,21.887379],[106.897974,21.885595],[106.909064,21.884591],[106.90952,21.886631],[106.92261,21.891589],[106.933701,21.882615],[106.940759,21.882724],[106.94607,21.885621],[106.94783,21.882731],[106.946237,21.880424],[106.948222,21.879355],[106.944769,21.878979],[106.94491,21.876954],[106.94632,21.876824],[106.94308,21.870771],[106.957376,21.861148],[106.948684,21.842796]]]}},{"type":"Feature","properties":{"code":"06073","name":"Xã Hoa Thám","type":"Xã"},"geometry":{"type":"Polygon","coordinates":[[[106.301519,22.251941],[106.308159,22.25106],[106.314531,22.239001],[106.317125,22.239725],[106.328435,22.237471],[106.337076,22.229228],[106.348705,22.230556],[106.373192,22.229861],[106.374497,22.231572],[106.378779,22.228387],[106.380083,22.218875],[106.382168,22.219561],[106.384321,22.217982],[106.38879,22.22097],[106.395465,22.222659],[106.396916,22.225191],[106.399302,22.224441],[106.399501,22.221944],[106.405577,22.220415],[106.41135,22.212473],[106.409754,22.204784],[106.412226,22.197481],[106.409954,22.196332],[106.410362,22.193466],[106.413235,22.191374],[106.415686,22.185967],[106.41485,22.184845],[106.418816,22.179872],[106.422202,22.171154],[106.427394,22.167457],[106.429505,22.168652],[106.430097,22.171869],[106.437456,22.174978],[106.435514,22.176782],[106.430088,22.177439],[106.431268,22.181105],[106.428588,22.194343],[106.431721,22.19252],[106.432382,22.189955],[106.435497,22.189019],[106.437601,22.184383],[106.445502,22.180421],[106.447979,22.176443],[106.447974,22.173405],[106.452294,22.171897],[106.454322,22.16593],[106.456996,22.165183],[106.45453,22.158012],[106.457491,22.155321],[106.45718,22.150644],[106.453914,22.146839],[106.448644,22.144496],[106.447582,22.141637],[106.442377,22.138744],[106.443975,22.136914],[106.444048,22.132133],[106.439999,22.130663],[106.437443,22.125953],[106.429025,22.126416],[106.423088,22.130339],[106.416137,22.129701],[106.412714,22.131774],[106.408453,22.130813],[106.407446,22.132793],[106.401173,22.133917],[106.401042,22.137497],[106.397828,22.138098],[106.396402,22.141049],[106.392665,22.131676],[106.39319,22.125574],[106.390481,22.116765],[106.38411,22.109827],[106.381111,22.109451],[106.379388,22.105577],[106.369718,22.116892],[106.353229,22.117535],[106.351055,22.123458],[106.34879,22.123126],[106.35132,22.12949],[106.348613,22.135142],[106.339449,22.140706],[106.33827,22.145583],[106.339981,22.149644],[106.338503,22.156231],[106.336172,22.157118],[106.336756,22.16033],[106.334363,22.161159],[106.331622,22.167249],[106.321842,22.172174],[106.318435,22.179432],[106.315025,22.182461],[106.307839,22.183629],[106.305757,22.185318],[106.304496,22.190855],[106.299784,22.192788],[106.295273,22.210303],[106.286169,22.214817],[106.283623,22.221555],[106.279522,22.223306],[106.279756,22.226745],[106.271749,22.232731],[106.270771,22.235685],[106.266324,22.239756],[106.263086,22.239871],[106.251942,22.246903],[106.256699,22.25219],[106.263621,22.254179],[106.267469,22.251592],[106.272694,22.251922],[106.277787,22.249714],[106.282299,22.251297],[106.287278,22.250369],[106.28777,22.253318],[106.293948,22.251798],[106.297101,22.254785],[106.301519,22.251941]]]}},{"type":"Feature","properties":{"code":"06172","name":"Xã Hoàng Văn Thụ","type":"Xã"},"geometry":{"type":"Polygon","coordinates":[[[106.67381,22.042451],[106.679088,22.043549],[106.688695,22.042652],[106.689321,22.043965],[106.696978,22.044914],[106.699064,22.041652],[106.705956,22.038511],[106.704856,22.037305],[106.705835,22.032856],[106.708847,22.028746],[106.708809,22.025466],[106.703018,22.023086],[106.703346,22.020279],[106.700927,22.019008],[106.699788,22.015302],[106.695887,22.014514],[106.689193,22.007418],[106.683348,22.004003],[106.682508,22.000918],[106.684212,21.99938],[106.683265,21.985367],[106.691936,21.97318],[106.694749,21.97309],[106.694255,21.96929],[106.690864,21.965959],[106.69118,21.964011],[106.694272,21.964599],[106.694704,21.962186],[106.692267,21.957004],[106.694314,21.953925],[106.691745,21.952715],[106.692634,21.951765],[106.690834,21.948808],[106.682443,21.953017],[106.677718,21.948442],[106.67542,21.948283],[106.673109,21.945743],[106.674204,21.940535],[106.67314,21.939222],[106.670784,21.938608],[106.669481,21.940769],[106.659703,21.939833],[106.662559,21.935984],[106.656626,21.932359],[106.660564,21.93309],[106.661287,21.93023],[106.659621,21.926681],[106.661231,21.925203],[106.660418,21.923087],[106.655316,21.920006],[106.652732,21.919436],[106.651887,21.921864],[106.648659,21.918919],[106.650025,21.916981],[106.648195,21.91371],[106.649727,21.90869],[106.648703,21.900641],[106.64576,21.899888],[106.639988,21.906149],[106.634813,21.900433],[106.631411,21.899954],[106.628954,21.896615],[106.628507,21.891048],[106.623258,21.886671],[106.625928,21.883046],[106.621305,21.880845],[106.618958,21.889342],[106.616315,21.891997],[106.604652,21.886304],[106.604148,21.891619],[106.602045,21.894063],[106.602712,21.898064],[106.595956,21.909579],[106.601198,21.915578],[106.599748,21.921768],[106.602973,21.928266],[106.603074,21.93248],[106.599961,21.942481],[106.594519,21.941905],[106.594017,21.94381],[106.598604,21.951286],[106.605431,21.952635],[106.606412,21.955396],[106.601724,21.960865],[106.606332,21.963044],[106.610773,21.967978],[106.609776,21.969501],[106.604657,21.969515],[106.599595,21.973228],[106.597477,21.986356],[106.603163,21.985039],[106.612481,21.987578],[106.611273,21.992178],[106.61531,21.997028],[106.61836,21.998281],[106.620657,22.004469],[106.622817,22.004521],[106.624904,22.001611],[106.6276,22.005852],[106.627192,22.011631],[106.629357,22.01326],[106.636068,22.01527],[106.637431,22.017006],[106.639244,22.015628],[106.642309,22.017148],[106.643946,22.015583],[106.649977,22.016551],[106.647656,22.024266],[106.645383,22.026228],[106.645139,22.032396],[106.652826,22.03924],[106.652134,22.0416],[106.654515,22.044421],[106.654352,22.048356],[106.663805,22.049612],[106.67381,22.042451]]]}},{"type":"Feature","properties":{"code":"06349","name":"Xã Hưng Vũ","type":"Xã"},"geometry":{"type":"Polygon","coordinates":[[[106.379825,21.89231],[106.388803,21.8917],[106.387959,21.888543],[106.390562,21.887458],[106.402814,21.884631],[106.407224,21.885925],[106.410477,21.883337],[106.409127,21.881173],[106.410469,21.87765],[106.418852,21.868054],[106.418517,21.865208],[106.415801,21.864711],[106.416181,21.862969],[106.412706,21.861026],[106.410178,21.861798],[106.409517,21.856587],[106.407359,21.854119],[106.409215,21.850022],[106.40838,21.84438],[106.416113,21.841578],[106.418189,21.836558],[106.411167,21.8354],[106.409133,21.830626],[106.410079,21.826003],[106.407543,21.825824],[106.404055,21.817262],[106.404721,21.814429],[106.410051,21.808202],[106.404921,21.804756],[106.405497,21.79718],[106.402611,21.794043],[106.402654,21.792266],[106.408755,21.78738],[106.408901,21.78601],[106.407058,21.786582],[106.403188,21.782741],[106.407981,21.77924],[106.405046,21.776969],[106.404042,21.770429],[106.405099,21.768197],[106.403328,21.766387],[106.406652,21.762975],[106.406338,21.759978],[106.402168,21.759197],[106.39982,21.756478],[106.39472,21.755154],[106.392745,21.752068],[106.386265,21.750006],[106.384398,21.752251],[106.384861,21.754811],[106.379566,21.754922],[106.370719,21.744041],[106.374225,21.741995],[106.374881,21.738626],[106.371149,21.730846],[106.368751,21.730355],[106.362969,21.733183],[106.357968,21.728773],[106.357353,21.726025],[106.352491,21.723588],[106.350866,21.719912],[106.345079,21.717014],[106.343651,21.712932],[106.33854,21.710699],[106.335058,21.711169],[106.325636,21.719572],[106.325673,21.724793],[106.322942,21.728122],[106.321945,21.735773],[106.317487,21.741925],[106.323881,21.751383],[106.321862,21.757449],[106.315315,21.763031],[106.319636,21.765794],[106.319944,21.772052],[106.323289,21.778293],[106.329001,21.780137],[106.331261,21.786705],[106.33403,21.788475],[106.332723,21.790251],[106.33368,21.791534],[106.331889,21.791471],[106.329096,21.795808],[106.327381,21.802032],[106.328851,21.804034],[106.322542,21.81032],[106.327074,21.815121],[106.33014,21.815561],[106.328811,21.819059],[106.33043,21.822035],[106.328553,21.824411],[106.329443,21.826712],[106.327217,21.828199],[106.325563,21.836036],[106.315985,21.842267],[106.314025,21.845241],[106.31937,21.848091],[106.324102,21.846846],[106.326269,21.852832],[106.328499,21.852904],[106.329379,21.851182],[106.332359,21.852243],[106.333559,21.855451],[106.339562,21.859978],[106.344918,21.859592],[106.357096,21.867005],[106.361181,21.865436],[106.363739,21.866488],[106.36581,21.874446],[106.365183,21.877451],[106.368589,21.878683],[106.368544,21.883673],[106.366996,21.886097],[106.375402,21.886502],[106.379825,21.89231]]]}},{"type":"Feature","properties":{"code":"06079","name":"Xã Hồng Phong","type":"Xã"},"geometry":{"type":"Polygon","coordinates":[[[106.479531,22.157981],[106.487631,22.15387],[106.486908,22.151531],[106.488926,22.15062],[106.488289,22.146611],[106.490331,22.144613],[106.491453,22.139604],[106.479327,22.135455],[106.476863,22.13132],[106.477976,22.126318],[106.470171,22.122967],[106.473219,22.116455],[106.458703,22.104044],[106.458956,22.10065],[106.444518,22.098843],[106.440795,22.092239],[106.440413,22.086938],[106.437504,22.083515],[106.438034,22.078352],[106.440148,22.077036],[106.438769,22.074604],[106.443669,22.06595],[106.442437,22.060882],[106.446851,22.056213],[106.443148,22.047683],[106.446389,22.041894],[106.442353,22.03811],[106.435736,22.036609],[106.436528,22.031914],[106.434223,22.026456],[106.436633,22.026004],[106.436725,22.022482],[106.442017,22.017421],[106.446018,22.016796],[106.449294,22.013994],[106.444327,22.004484],[106.446042,22.000195],[106.441879,21.987682],[106.44521,21.983808],[106.445098,21.981708],[106.448394,21.981876],[106.449517,21.976595],[106.447195,21.977659],[106.441914,21.975401],[106.433913,21.975808],[106.430195,21.981012],[106.42484,21.978794],[106.424217,21.982862],[106.420771,21.98098],[106.412698,21.980785],[106.410601,21.984716],[106.405533,21.987857],[106.401225,21.985939],[106.396032,21.98845],[106.395824,21.990808],[106.387503,21.990042],[106.386148,21.991729],[106.386617,21.996592],[106.378085,22.000746],[106.375156,22.000597],[106.375088,22.005081],[106.369225,22.009081],[106.370542,22.023569],[106.367901,22.030154],[106.363939,22.03361],[106.372847,22.038415],[106.374467,22.043119],[106.380853,22.043989],[106.382085,22.04551],[106.383971,22.049409],[106.384172,22.058684],[106.382644,22.064509],[106.38856,22.069823],[106.384817,22.071431],[106.377964,22.070726],[106.374133,22.090044],[106.368385,22.093615],[106.367064,22.102402],[106.352091,22.099392],[106.345761,22.105998],[106.342747,22.10521],[106.343394,22.109246],[106.336724,22.112214],[106.342873,22.114514],[106.347793,22.113559],[106.348561,22.122844],[106.351055,22.123458],[106.354225,22.11697],[106.359057,22.118007],[106.363875,22.116234],[106.370035,22.116708],[106.379388,22.105577],[106.381111,22.109451],[106.38411,22.109827],[106.390481,22.116765],[106.39319,22.125574],[106.392665,22.131676],[106.395828,22.140786],[106.397828,22.138098],[106.401042,22.137497],[106.401173,22.133917],[106.407446,22.132793],[106.408453,22.130813],[106.412714,22.131774],[106.416137,22.129701],[106.423088,22.130339],[106.429025,22.126416],[106.436806,22.125712],[106.439999,22.130663],[106.444048,22.132133],[106.443975,22.136914],[106.442377,22.138744],[106.447582,22.141637],[106.448644,22.144496],[106.453914,22.146839],[106.45718,22.150644],[106.463741,22.152366],[106.468702,22.150586],[106.47208,22.151194],[106.474438,22.156736],[106.479531,22.157981]]]}},{"type":"Feature","properties":{"code":"06151","name":"Xã Hội Hoan","type":"Xã"},"geometry":{"type":"Polygon","coordinates":[[[106.477458,22.104075],[106.481793,22.094253],[106.483302,22.095277],[106.487296,22.09148],[106.498627,22.096287],[106.4967,22.092707],[106.497541,22.090291],[106.503211,22.089135],[106.505951,22.083648],[106.509499,22.083233],[106.511384,22.078245],[106.508262,22.073317],[106.509833,22.068306],[106.515114,22.060081],[106.518805,22.059023],[106.517213,22.055627],[106.521664,22.051705],[106.521747,22.047188],[106.527402,22.045652],[106.530516,22.032863],[106.535715,22.033323],[106.538789,22.031579],[106.54417,22.03422],[106.544961,22.031518],[106.543646,22.029586],[106.544945,22.027983],[106.540471,22.022562],[106.541514,22.020222],[106.539299,22.016218],[106.542004,22.014224],[106.541579,22.011127],[106.545045,22.006863],[106.542465,22.005791],[106.53896,22.000565],[106.531566,21.998621],[106.531421,21.993418],[106.534896,21.986617],[106.535313,21.982108],[106.531651,21.981392],[106.527585,21.983954],[106.525493,21.980948],[106.520863,21.979962],[106.519673,21.975793],[106.511854,21.971357],[106.509176,21.973289],[106.506112,21.970976],[106.503927,21.973691],[106.501366,21.968829],[106.49806,21.971533],[106.498129,21.968741],[106.495538,21.967401],[106.492041,21.970167],[106.488838,21.969661],[106.479949,21.972366],[106.466879,21.981923],[106.460718,21.982688],[106.456439,21.977127],[106.449517,21.976595],[106.448394,21.981876],[106.445098,21.981708],[106.44521,21.983808],[106.441879,21.987682],[106.446042,22.000195],[106.444327,22.004484],[106.449294,22.013994],[106.446018,22.016796],[106.442017,22.017421],[106.436725,22.022482],[106.436633,22.026004],[106.434223,22.026456],[106.436528,22.031914],[106.435736,22.036609],[106.442353,22.03811],[106.446389,22.041894],[106.443148,22.047683],[106.446851,22.056213],[106.442437,22.060882],[106.443669,22.06595],[106.438769,22.074604],[106.440148,22.077036],[106.438034,22.078352],[106.43749,22.08329],[106.440413,22.086938],[106.442073,22.095376],[106.444756,22.09894],[106.459026,22.100693],[106.457883,22.098283],[106.458753,22.095712],[106.464678,22.100148],[106.470279,22.102088],[106.476172,22.10163],[106.477458,22.104075]]]}},{"type":"Feature","properties":{"code":"06400","name":"Xã Hữu Liên","type":"Xã"},"geometry":{"type":"Polygon","coordinates":[[[106.379566,21.754922],[106.384861,21.754811],[106.384398,21.752251],[106.3861,21.750032],[106.392745,21.752068],[106.393069,21.749637],[106.390776,21.74786],[106.392791,21.745781],[106.392641,21.74177],[106.395352,21.740248],[106.390683,21.738758],[106.390445,21.736231],[106.39438,21.736378],[106.398448,21.727303],[106.396681,21.724689],[106.391379,21.723405],[106.389244,21.720301],[106.389071,21.717932],[106.392906,21.717795],[106.393701,21.715836],[106.391776,21.711356],[106.394547,21.710299],[106.395076,21.707156],[106.397621,21.707971],[106.400453,21.706539],[106.401434,21.704129],[106.399509,21.70148],[106.400341,21.700248],[106.406318,21.701344],[106.410047,21.695976],[106.417888,21.698243],[106.423857,21.689439],[106.424066,21.682322],[106.427098,21.677358],[106.424871,21.672079],[106.425848,21.669149],[106.422348,21.66727],[106.420514,21.663443],[106.421213,21.658601],[106.418024,21.654417],[106.419022,21.651548],[106.414574,21.651497],[106.41441,21.652805],[106.40374,21.656766],[106.399745,21.651213],[106.40136,21.649132],[106.405393,21.649939],[106.407912,21.644646],[106.405509,21.637801],[106.399953,21.635975],[106.39888,21.625684],[106.400059,21.621691],[106.398709,21.619217],[106.40031,21.615437],[106.397606,21.612801],[106.395336,21.612791],[106.394641,21.610471],[106.39102,21.61129],[106.390212,21.613372],[106.385421,21.612848],[106.385829,21.610242],[106.383517,21.608821],[106.384785,21.606179],[106.382028,21.599329],[106.378548,21.596207],[106.369147,21.597795],[106.364166,21.601258],[106.362364,21.599361],[106.358939,21.603386],[106.358783,21.600078],[106.355169,21.596777],[106.35703,21.594687],[106.352729,21.592995],[106.343746,21.594417],[106.33932,21.592806],[106.335617,21.595029],[106.331603,21.595144],[106.327713,21.59476],[106.325011,21.590253],[106.322912,21.590174],[106.322094,21.593362],[106.317954,21.590153],[106.315608,21.591812],[106.316046,21.594665],[106.311347,21.592905],[106.309384,21.590299],[106.307134,21.589926],[106.306865,21.591656],[106.303502,21.592501],[106.301225,21.590857],[106.29889,21.59183],[106.297806,21.588957],[106.287504,21.589188],[106.288605,21.59479],[106.291611,21.596319],[106.293025,21.601248],[106.296615,21.601632],[106.297327,21.603351],[106.300127,21.602265],[106.301298,21.60471],[106.303376,21.603766],[106.308431,21.610543],[106.309046,21.614191],[106.313055,21.613834],[106.314961,21.616947],[106.318294,21.618275],[106.318046,21.620381],[106.322675,21.622519],[106.323818,21.625296],[106.329652,21.626625],[106.332876,21.630146],[106.331633,21.631304],[106.33426,21.636661],[106.337389,21.638253],[106.336895,21.640679],[106.340168,21.649756],[106.338551,21.653252],[106.340556,21.656516],[106.347562,21.655955],[106.349499,21.665748],[106.346277,21.663717],[106.343229,21.665093],[106.334525,21.662051],[106.318617,21.666027],[106.315829,21.66878],[106.318222,21.670684],[106.322134,21.670894],[106.324025,21.673285],[106.322802,21.675744],[106.324847,21.679893],[106.323852,21.681385],[106.327379,21.684128],[106.328987,21.689382],[106.332381,21.691595],[106.331227,21.696499],[106.332392,21.698651],[106.337223,21.700777],[106.338721,21.7049],[106.342634,21.708865],[106.344727,21.716568],[106.350866,21.719912],[106.352491,21.723588],[106.357353,21.726025],[106.357968,21.728773],[106.362969,21.733183],[106.368751,21.730355],[106.371149,21.730846],[106.374881,21.738626],[106.374225,21.741995],[106.370719,21.744041],[106.376884,21.752769],[106.379566,21.754922]]]}},{"type":"Feature","properties":{"code":"06385","name":"Xã Hữu Lũng","type":"Xã"},"geometry":{"type":"Polygon","coordinates":[[[106.382213,21.55891],[106.383832,21.55228],[106.378339,21.550811],[106.376008,21.544834],[106.378137,21.541297],[106.384626,21.541904],[106.387127,21.538277],[106.387281,21.531028],[106.38575,21.529019],[106.39125,21.524955],[106.391943,21.520977],[106.388691,21.517816],[106.389424,21.514796],[106.393637,21.517233],[106.403362,21.514632],[106.408831,21.520774],[106.41119,21.521203],[106.412504,21.517562],[106.412144,21.508143],[106.405853,21.500737],[106.404925,21.491598],[106.398778,21.485417],[106.401769,21.481843],[106.396979,21.480407],[106.393586,21.475573],[106.392357,21.477378],[106.390348,21.475052],[106.387099,21.47457],[106.385888,21.475978],[106.379168,21.472919],[106.375056,21.475549],[106.372738,21.474153],[106.369547,21.475281],[106.365198,21.484531],[106.360383,21.482814],[106.352769,21.476929],[106.345219,21.476647],[106.345181,21.481759],[106.346358,21.482311],[106.344017,21.484865],[106.339129,21.485489],[106.338309,21.490108],[106.336772,21.489669],[106.336777,21.492319],[106.3323,21.497998],[106.334841,21.501535],[106.333095,21.501604],[106.333868,21.504118],[106.329437,21.512667],[106.329769,21.516677],[106.331388,21.516281],[106.340076,21.521662],[106.336266,21.527804],[106.338264,21.531532],[106.335412,21.535352],[106.3373,21.536833],[106.336912,21.540954],[106.339876,21.543675],[106.336709,21.548926],[106.336828,21.551468],[106.339894,21.552609],[106.339601,21.554571],[106.341454,21.556089],[106.343582,21.551921],[106.345368,21.55413],[106.348202,21.553595],[106.34738,21.555819],[106.348966,21.556688],[106.352345,21.554171],[106.353275,21.55564],[106.354496,21.553865],[106.365183,21.557079],[106.369385,21.556261],[106.37292,21.55775],[106.375981,21.556306],[106.377465,21.558204],[106.382213,21.55891]]]}},{"type":"Feature","properties":{"code":"06565","name":"Xã Khuất Xá","type":"Xã"},"geometry":{"type":"Polygon","coordinates":[[[107.114135,21.789082],[107.126137,21.775912],[107.133914,21.775897],[107.136064,21.771429],[107.135017,21.768181],[107.137692,21.767794],[107.140385,21.762504],[107.145755,21.763127],[107.149131,21.7602],[107.160435,21.757524],[107.162263,21.754762],[107.161805,21.752406],[107.16433,21.75051],[107.172635,21.752472],[107.174935,21.748916],[107.185044,21.747291],[107.187239,21.743784],[107.190167,21.742373],[107.192184,21.736943],[107.18767,21.733608],[107.185085,21.734364],[107.177979,21.730906],[107.177778,21.723705],[107.170759,21.72319],[107.167095,21.718189],[107.159775,21.715047],[107.161603,21.704051],[107.15897,21.699538],[107.153766,21.701527],[107.147477,21.700329],[107.141259,21.703644],[107.138054,21.699],[107.134601,21.699754],[107.131362,21.696629],[107.119706,21.697442],[107.116527,21.692071],[107.111505,21.691884],[107.108091,21.690082],[107.107389,21.688006],[107.103471,21.68952],[107.101985,21.686954],[107.103442,21.682742],[107.100304,21.679972],[107.10147,21.673912],[107.091993,21.663495],[107.088827,21.666169],[107.07739,21.66991],[107.073056,21.678738],[107.071639,21.68603],[107.06668,21.682889],[107.064426,21.678764],[107.062089,21.6781],[107.058247,21.681545],[107.057452,21.687652],[107.052479,21.6925],[107.054474,21.697884],[107.051625,21.703035],[107.0518,21.705601],[107.058572,21.705869],[107.060111,21.707293],[107.060484,21.711258],[107.058358,21.71351],[107.050637,21.715135],[107.048559,21.718651],[107.045834,21.719189],[107.0388,21.716144],[107.030106,21.716777],[107.026824,21.715294],[107.025392,21.718009],[107.02339,21.716534],[107.020824,21.717907],[107.020337,21.721586],[107.02359,21.724446],[107.016759,21.729013],[107.013912,21.728055],[107.014865,21.732671],[107.012588,21.734713],[107.011957,21.733254],[106.99989,21.734172],[106.998047,21.736865],[106.993724,21.738192],[106.988219,21.734652],[106.984337,21.739342],[106.983894,21.743692],[106.986424,21.748422],[106.989053,21.749921],[106.992705,21.755924],[106.996393,21.754818],[106.998605,21.757965],[106.996367,21.762552],[106.993831,21.762785],[106.995525,21.76615],[106.994673,21.769189],[106.991562,21.769759],[106.990329,21.774369],[106.992162,21.779534],[106.997342,21.78066],[107.004127,21.77476],[107.007015,21.778197],[107.010488,21.778684],[107.013451,21.774387],[107.012022,21.773476],[107.014577,21.765334],[107.014011,21.7617],[107.021853,21.758329],[107.02817,21.759062],[107.033777,21.75327],[107.043879,21.752331],[107.051416,21.757302],[107.062701,21.755831],[107.068396,21.758128],[107.080313,21.757262],[107.084437,21.759008],[107.088908,21.757987],[107.090911,21.758989],[107.100061,21.751622],[107.105255,21.751553],[107.107429,21.74871],[107.112553,21.749465],[107.113866,21.744358],[107.121748,21.741904],[107.125221,21.750911],[107.12443,21.755353],[107.125782,21.756231],[107.124327,21.758016],[107.127996,21.760478],[107.128978,21.765256],[107.132643,21.767353],[107.129644,21.769567],[107.124756,21.769683],[107.119421,21.772068],[107.116135,21.769996],[107.112759,21.770723],[107.107752,21.773804],[107.103683,21.779624],[107.104159,21.781009],[107.111933,21.788968],[107.114135,21.789082]]]}},{"type":"Feature","properties":{"code":"06037","name":"Xã Kháng Chiến","type":"Xã"},"geometry":{"type":"Polygon","coordinates":[[[106.639775,22.338209],[106.648653,22.339824],[106.653907,22.335567],[106.659986,22.334146],[106.657134,22.328674],[106.659094,22.317639],[106.663439,22.311985],[106.666103,22.311549],[106.666029,22.309397],[106.668309,22.307559],[106.665752,22.300029],[106.668278,22.296857],[106.666212,22.290289],[106.666782,22.286027],[106.671053,22.283573],[106.675125,22.285171],[106.681576,22.282415],[106.680363,22.280377],[106.675945,22.278972],[106.674428,22.273914],[106.66782,22.270351],[106.653445,22.256056],[106.649755,22.25822],[106.64068,22.254425],[106.638098,22.251754],[106.634799,22.254595],[106.625325,22.25356],[106.624303,22.249447],[106.616808,22.239749],[106.616227,22.235452],[106.610487,22.230539],[106.606882,22.231616],[106.604785,22.235824],[106.601163,22.233257],[106.597189,22.236303],[106.592838,22.234818],[106.591954,22.229584],[106.589382,22.229241],[106.587508,22.22528],[106.579817,22.224841],[106.577781,22.228565],[106.57573,22.22832],[106.575553,22.22463],[106.572576,22.220321],[106.566737,22.216846],[106.565563,22.212336],[106.568451,22.208046],[106.562931,22.204535],[106.560666,22.199181],[106.554419,22.201055],[106.553108,22.194848],[106.550296,22.198111],[106.542054,22.200751],[106.542323,22.204241],[106.54088,22.2049],[106.53863,22.201517],[106.533711,22.201285],[106.53165,22.206657],[106.526607,22.208562],[106.52678,22.210551],[106.530913,22.210897],[106.529834,22.213887],[106.523404,22.215455],[106.520193,22.212673],[106.518484,22.214715],[106.513991,22.215946],[106.51114,22.213182],[106.504793,22.211564],[106.502341,22.213905],[106.501972,22.219669],[106.498524,22.220543],[106.499108,22.223348],[106.495519,22.222514],[106.494676,22.226522],[106.49198,22.227414],[106.491894,22.229272],[106.493972,22.233642],[106.505369,22.241004],[106.500489,22.242778],[106.502961,22.246777],[106.502708,22.249377],[106.506209,22.249424],[106.507748,22.252702],[106.510335,22.253356],[106.514643,22.258414],[106.522641,22.259059],[106.530289,22.265182],[106.533831,22.262847],[106.538693,22.265064],[106.539488,22.271593],[106.541988,22.273871],[106.545598,22.275042],[106.552415,22.273053],[106.556288,22.274554],[106.563245,22.273962],[106.562002,22.278321],[106.565806,22.28058],[106.563734,22.285983],[106.560492,22.287705],[106.559551,22.290778],[106.561517,22.296266],[106.558503,22.302987],[106.563613,22.302763],[106.566616,22.306946],[106.571594,22.304263],[106.57029,22.306572],[106.571543,22.308682],[106.578425,22.308598],[106.582328,22.312558],[106.59175,22.31043],[106.593537,22.312658],[106.593721,22.317247],[106.59801,22.318465],[106.598792,22.322476],[106.601058,22.324364],[106.603531,22.323038],[106.60586,22.325566],[106.609547,22.325335],[106.614036,22.321434],[106.617499,22.324577],[106.620622,22.333063],[106.622804,22.334616],[106.633137,22.337447],[106.635292,22.339719],[106.639775,22.338209]]]}},{"type":"Feature","properties":{"code":"06286","name":"Xã Khánh Khê","type":"Xã"},"geometry":{"type":"Polygon","coordinates":[[[106.719584,21.882867],[106.71367,21.881448],[106.710084,21.875535],[106.711406,21.871567],[106.701408,21.869729],[106.703322,21.866732],[106.702077,21.862016],[106.708523,21.85626],[106.715104,21.845609],[106.711786,21.840188],[106.713646,21.827347],[106.70613,21.819551],[106.7055,21.814991],[106.709849,21.812424],[106.709887,21.810667],[106.706712,21.809753],[106.702469,21.801115],[106.691797,21.795858],[106.685126,21.796011],[106.679911,21.799333],[106.67397,21.798162],[106.670831,21.799919],[106.669774,21.798741],[106.667718,21.799494],[106.665903,21.797965],[106.66173,21.798447],[106.656224,21.793256],[106.652546,21.792705],[106.643945,21.796509],[106.641181,21.800474],[106.633103,21.805479],[106.632168,21.819609],[106.627053,21.82501],[106.627424,21.829268],[106.621856,21.836528],[106.622585,21.838716],[106.620421,21.842277],[106.628788,21.851859],[106.634092,21.853795],[106.639075,21.851592],[106.640035,21.855469],[106.635285,21.864683],[106.629359,21.865379],[106.626881,21.864029],[106.625761,21.865328],[106.624507,21.873496],[106.626124,21.87533],[106.625928,21.883046],[106.623258,21.886671],[106.628507,21.891048],[106.628954,21.896615],[106.630824,21.899317],[106.634813,21.900433],[106.639621,21.905979],[106.64576,21.899888],[106.648703,21.900641],[106.649727,21.90869],[106.648195,21.91371],[106.650025,21.916981],[106.648659,21.918919],[106.651471,21.921703],[106.653683,21.919544],[106.660418,21.923087],[106.66549,21.920208],[106.665956,21.917463],[106.663452,21.913702],[106.66322,21.911494],[106.665283,21.909797],[106.663785,21.906785],[106.668388,21.903369],[106.667546,21.899714],[106.669345,21.898872],[106.672914,21.891952],[106.673278,21.885009],[106.676253,21.88492],[106.676501,21.886921],[106.68579,21.888222],[106.686793,21.890945],[106.690297,21.889488],[106.693045,21.891646],[106.694603,21.888576],[106.701281,21.885057],[106.714148,21.889023],[106.719584,21.882867]]]}},{"type":"Feature","properties":{"code":"06625","name":"Xã Kiên Mộc","type":"Xã"},"geometry":{"type":"Polygon","coordinates":[[[107.089172,21.641195],[107.088783,21.644125],[107.09113,21.64991],[107.095214,21.654684],[107.094319,21.65736],[107.09783,21.658116],[107.098477,21.660052],[107.095224,21.66671],[107.10147,21.673912],[107.100304,21.679972],[107.103442,21.682742],[107.101985,21.686954],[107.103303,21.689367],[107.107389,21.688006],[107.108091,21.690082],[107.111505,21.691884],[107.116527,21.692071],[107.119706,21.697442],[107.131362,21.696629],[107.134601,21.699754],[107.138054,21.699],[107.141259,21.703644],[107.147477,21.700329],[107.153766,21.701527],[107.159107,21.699613],[107.161603,21.704051],[107.159775,21.715047],[107.167095,21.718189],[107.170759,21.72319],[107.177778,21.723705],[107.177979,21.730906],[107.185085,21.734364],[107.18767,21.733608],[107.192027,21.736257],[107.196923,21.733806],[107.199209,21.726574],[107.196405,21.721605],[107.202351,21.719244],[107.206834,21.715324],[107.214669,21.713162],[107.221098,21.708097],[107.227413,21.7071],[107.229967,21.708159],[107.233309,21.706573],[107.237477,21.707451],[107.240322,21.704949],[107.245227,21.705756],[107.247144,21.704561],[107.248968,21.705696],[107.249846,21.716838],[107.252169,21.718521],[107.253794,21.71773],[107.254445,21.721423],[107.258529,21.725273],[107.262779,21.725461],[107.264006,21.729711],[107.274242,21.731277],[107.27952,21.734433],[107.28265,21.732495],[107.287519,21.732284],[107.287477,21.736741],[107.296122,21.742498],[107.300685,21.742537],[107.303161,21.741505],[107.308033,21.730696],[107.313431,21.730259],[107.313878,21.725892],[107.322459,21.725448],[107.319612,21.715055],[107.324181,21.71024],[107.323939,21.706586],[107.335079,21.699038],[107.33524,21.693344],[107.338085,21.688355],[107.344563,21.688333],[107.344543,21.686043],[107.348949,21.681725],[107.348365,21.679868],[107.344495,21.678051],[107.345277,21.676417],[107.352152,21.673295],[107.353412,21.671082],[107.356912,21.670622],[107.356286,21.666629],[107.360764,21.662968],[107.358794,21.661219],[107.358727,21.654087],[107.361048,21.651578],[107.360075,21.647806],[107.363936,21.640014],[107.361113,21.634286],[107.354316,21.630947],[107.355259,21.623659],[107.359313,21.621173],[107.360139,21.616239],[107.358837,21.61438],[107.360999,21.612207],[107.357101,21.606714],[107.362133,21.601444],[107.359087,21.595212],[107.347786,21.595981],[107.340367,21.590227],[107.340904,21.588432],[107.328973,21.588468],[107.327913,21.592599],[107.322227,21.5943],[107.317341,21.593486],[107.313453,21.590337],[107.310919,21.592015],[107.30917,21.596088],[107.295768,21.593499],[107.293259,21.591913],[107.290253,21.581662],[107.284101,21.577255],[107.284354,21.56932],[107.278121,21.56319],[107.272972,21.562241],[107.266567,21.565542],[107.265549,21.563913],[107.260184,21.564452],[107.252294,21.558355],[107.248565,21.557844],[107.246555,21.548546],[107.232854,21.554557],[107.225376,21.551244],[107.221234,21.553534],[107.216728,21.552074],[107.213195,21.546253],[107.207594,21.545126],[107.204608,21.541757],[107.201449,21.545734],[107.196965,21.541103],[107.191081,21.540739],[107.168582,21.548667],[107.166767,21.555844],[107.164382,21.555917],[107.162074,21.55822],[107.164666,21.562246],[107.162799,21.564234],[107.160566,21.585427],[107.165231,21.591563],[107.162249,21.598595],[107.15797,21.598061],[107.156933,21.599782],[107.148532,21.597622],[107.138002,21.604822],[107.120577,21.604864],[107.11334,21.608402],[107.109007,21.613783],[107.104702,21.614184],[107.103071,21.615816],[107.108924,21.622659],[107.110738,21.626588],[107.110217,21.630225],[107.101264,21.640212],[107.096258,21.639215],[107.089172,21.641195]]]}},{"type":"Feature","properties":{"code":"06529","name":"Xã Lộc Bình","type":"Xã"},"geometry":{"type":"Polygon","coordinates":[[[106.898242,21.831786],[106.915138,21.820884],[106.914584,21.815062],[106.911511,21.80923],[106.910299,21.809302],[106.911301,21.806646],[106.909299,21.799565],[106.905292,21.797602],[106.90284,21.798628],[106.900425,21.796766],[106.908579,21.796423],[106.913233,21.800071],[106.923081,21.800214],[106.926412,21.797002],[106.924062,21.794463],[106.923966,21.788877],[106.928879,21.790847],[106.935042,21.786297],[106.935147,21.783184],[106.937205,21.781712],[106.941208,21.782457],[106.938707,21.786522],[106.940408,21.789029],[106.939074,21.793227],[106.94105,21.797141],[106.946558,21.794605],[106.950497,21.798702],[106.954629,21.799406],[106.962721,21.794021],[106.972721,21.793383],[106.971505,21.785561],[106.972828,21.784096],[106.971752,21.780061],[106.970208,21.779692],[106.969558,21.773922],[106.96753,21.772521],[106.966329,21.766888],[106.962699,21.764168],[106.959762,21.759156],[106.95857,21.75412],[106.954224,21.750981],[106.950728,21.744695],[106.947831,21.744398],[106.947556,21.746242],[106.94461,21.746577],[106.941812,21.744273],[106.938789,21.746698],[106.935086,21.74699],[106.933117,21.742305],[106.927361,21.741011],[106.927385,21.738908],[106.923741,21.739868],[106.922293,21.738192],[106.916384,21.739557],[106.912637,21.73317],[106.909387,21.737127],[106.905149,21.735736],[106.897475,21.741414],[106.895419,21.739411],[106.887625,21.739688],[106.885475,21.738171],[106.882637,21.73928],[106.882664,21.75263],[106.880236,21.753021],[106.879139,21.754988],[106.882705,21.763407],[106.889507,21.769383],[106.88593,21.774975],[106.881712,21.775891],[106.878065,21.774375],[106.874244,21.776129],[106.874749,21.780641],[106.880222,21.782408],[106.880109,21.785056],[106.868654,21.783872],[106.86666,21.78509],[106.866549,21.790125],[106.862235,21.791447],[106.857076,21.789119],[106.85546,21.791062],[106.855511,21.794983],[106.846739,21.793948],[106.842194,21.799307],[106.846934,21.804053],[106.847144,21.808203],[106.84463,21.811471],[106.848487,21.814855],[106.850408,21.819751],[106.855114,21.8211],[106.857368,21.830103],[106.860317,21.830478],[106.862273,21.832922],[106.869238,21.831369],[106.873738,21.826371],[106.875733,21.820959],[106.881283,21.822604],[106.887968,21.829167],[106.889454,21.831252],[106.888589,21.835297],[106.892633,21.837603],[106.898242,21.831786]]]}},{"type":"Feature","properties":{"code":"06601","name":"Xã Lợi Bác","type":"Xã"},"geometry":{"type":"Polygon","coordinates":[[[106.975531,21.727907],[106.988826,21.727614],[106.994647,21.725991],[106.994538,21.724565],[106.996555,21.724695],[106.999627,21.720462],[107.00395,21.721972],[107.007122,21.720422],[107.007764,21.722301],[107.014757,21.718318],[107.016392,21.718936],[107.01559,21.723634],[107.01932,21.726343],[107.02359,21.724446],[107.020337,21.721586],[107.020824,21.717907],[107.02339,21.716534],[107.025392,21.718009],[107.026824,21.715294],[107.030106,21.716777],[107.0388,21.716144],[107.045834,21.719189],[107.048559,21.718651],[107.050637,21.715135],[107.058251,21.713577],[107.060233,21.711948],[107.060552,21.707723],[107.058572,21.705869],[107.0518,21.705601],[107.051625,21.703035],[107.054474,21.697884],[107.052479,21.6925],[107.057452,21.687652],[107.058143,21.681742],[107.062089,21.6781],[107.063048,21.674427],[107.06118,21.669796],[107.05732,21.66798],[107.056148,21.664807],[107.060662,21.660229],[107.054845,21.657781],[107.051758,21.65345],[107.052453,21.650394],[107.055129,21.648213],[107.050392,21.643254],[107.053016,21.636797],[107.050154,21.63104],[107.045501,21.632036],[107.042948,21.629786],[107.040956,21.630303],[107.040041,21.627717],[107.035133,21.627593],[107.030466,21.629945],[107.028396,21.639489],[107.022595,21.639006],[107.019225,21.636428],[107.015255,21.637327],[107.01569,21.641237],[107.012648,21.644006],[107.012638,21.647804],[107.009848,21.651093],[107.007201,21.651435],[107.006587,21.648207],[107.002891,21.646585],[107.006474,21.64097],[107.004528,21.635918],[107.006807,21.633501],[107.005396,21.631758],[107.007756,21.629744],[107.009465,21.624468],[107.01356,21.622008],[107.015491,21.618794],[107.013655,21.616],[107.014934,21.612941],[107.011853,21.607873],[107.010045,21.60779],[107.01013,21.605338],[107.015126,21.602425],[107.020209,21.592499],[107.018034,21.590267],[107.018435,21.586033],[107.011058,21.583928],[107.01115,21.577645],[107.008428,21.575404],[107.00588,21.568844],[107.003631,21.56919],[106.999672,21.56493],[107.000443,21.563165],[106.99593,21.55785],[106.996437,21.549862],[106.98692,21.546782],[106.976917,21.549703],[106.972949,21.547915],[106.967987,21.552524],[106.967118,21.555694],[106.958579,21.55575],[106.953861,21.558312],[106.94984,21.558293],[106.948141,21.561667],[106.948051,21.564751],[106.951385,21.567206],[106.954336,21.567308],[106.963265,21.576556],[106.963551,21.581304],[106.968055,21.586107],[106.969711,21.590908],[106.968225,21.597665],[106.97092,21.6026],[106.969017,21.603124],[106.968679,21.606889],[106.965866,21.608253],[106.963889,21.612052],[106.967219,21.61734],[106.964571,21.622299],[106.967786,21.624404],[106.968272,21.62749],[106.965086,21.628832],[106.960761,21.63523],[106.951952,21.635269],[106.943441,21.640125],[106.945299,21.644638],[106.941285,21.648921],[106.943013,21.651675],[106.93902,21.662174],[106.942481,21.665771],[106.941374,21.667583],[106.942484,21.669162],[106.939631,21.674434],[106.949981,21.686437],[106.953094,21.684648],[106.954061,21.679818],[106.956779,21.676623],[106.980148,21.676554],[106.983203,21.678919],[106.986761,21.679026],[106.986868,21.67425],[106.99132,21.672694],[106.992543,21.676577],[106.991493,21.682028],[106.99319,21.685742],[106.991104,21.687242],[106.991008,21.690421],[106.986734,21.692441],[106.985931,21.695975],[106.980833,21.696963],[106.974454,21.702262],[106.97,21.702261],[106.965819,21.705758],[106.962899,21.714288],[106.971669,21.723375],[106.969062,21.723703],[106.969829,21.725918],[106.975531,21.727907]]]}},{"type":"Feature","properties":{"code":"06541","name":"Xã Mẫu Sơn","type":"Xã"},"geometry":{"type":"Polygon","coordinates":[[[106.948843,21.842617],[106.953023,21.838972],[106.95702,21.838733],[106.961436,21.835566],[106.966496,21.836689],[106.979474,21.844069],[106.980897,21.842773],[106.982766,21.844577],[106.984559,21.841928],[106.99291,21.844698],[106.99527,21.84273],[106.998951,21.845205],[107.002614,21.844472],[107.004186,21.846411],[107.005361,21.844323],[107.00479,21.832197],[107.01052,21.826671],[107.018184,21.827219],[107.025537,21.819178],[107.038409,21.815852],[107.043289,21.812288],[107.046062,21.813702],[107.050327,21.813164],[107.050912,21.811475],[107.055829,21.811502],[107.061148,21.809367],[107.063696,21.810489],[107.064849,21.809089],[107.075268,21.808204],[107.079517,21.810264],[107.085697,21.807771],[107.085916,21.804734],[107.090079,21.800134],[107.096775,21.798758],[107.100751,21.794134],[107.104514,21.795117],[107.111753,21.793822],[107.113618,21.792658],[107.113831,21.789408],[107.103739,21.779963],[107.107752,21.773804],[107.112759,21.770723],[107.116135,21.769996],[107.119421,21.772068],[107.124756,21.769683],[107.129644,21.769567],[107.132643,21.767353],[107.128978,21.765256],[107.127996,21.760478],[107.124327,21.758016],[107.125782,21.756231],[107.12443,21.755353],[107.125221,21.750911],[107.122873,21.742757],[107.121748,21.741904],[107.114249,21.744052],[107.112553,21.749465],[107.107429,21.74871],[107.105255,21.751553],[107.100061,21.751622],[107.090911,21.758989],[107.088908,21.757987],[107.084437,21.759008],[107.080313,21.757262],[107.068396,21.758128],[107.062701,21.755831],[107.051416,21.757302],[107.043879,21.752331],[107.033777,21.75327],[107.02817,21.759062],[107.021853,21.758329],[107.014011,21.7617],[107.014577,21.765334],[107.012022,21.773476],[107.013451,21.774387],[107.010488,21.778684],[107.007015,21.778197],[107.004127,21.77476],[106.997342,21.78066],[106.992228,21.779583],[106.991066,21.776787],[106.987448,21.774809],[106.984104,21.778497],[106.982001,21.77787],[106.979451,21.77963],[106.977365,21.777911],[106.972237,21.782193],[106.972833,21.790057],[106.971448,21.791188],[106.972721,21.793383],[106.962721,21.794021],[106.954629,21.799406],[106.950497,21.798702],[106.946558,21.794605],[106.940921,21.797023],[106.939074,21.793227],[106.940408,21.789029],[106.938707,21.786522],[106.941208,21.782457],[106.937205,21.781712],[106.935147,21.783184],[106.935042,21.786297],[106.928879,21.790847],[106.923966,21.788877],[106.924062,21.794463],[106.926412,21.797002],[106.923081,21.800214],[106.913233,21.800071],[106.908579,21.796423],[106.900425,21.796766],[106.90284,21.798628],[106.905292,21.797602],[106.909299,21.799565],[106.911301,21.806646],[106.910299,21.809302],[106.914221,21.813743],[106.915138,21.820884],[106.909061,21.826175],[106.898242,21.831786],[106.892633,21.837603],[106.888589,21.835297],[106.889454,21.831252],[106.887968,21.829167],[106.881283,21.822604],[106.875733,21.820959],[106.872551,21.827833],[106.864011,21.834164],[106.867374,21.842023],[106.875733,21.848025],[106.898723,21.845139],[106.904987,21.849281],[106.911515,21.849824],[106.91454,21.851766],[106.919916,21.848817],[106.938401,21.846629],[106.948843,21.842617]]]}},{"type":"Feature","properties":{"code":"06526","name":"Xã Na Dương","type":"Xã"},"geometry":{"type":"Polygon","coordinates":[[[106.977149,21.77829],[106.979451,21.77963],[106.982001,21.77787],[106.984104,21.778497],[106.98668,21.774827],[106.991066,21.776787],[106.991562,21.769759],[106.994598,21.769316],[106.995524,21.766186],[106.993831,21.762785],[106.996367,21.762552],[106.998683,21.758442],[106.996393,21.754818],[106.992705,21.755924],[106.989053,21.749921],[106.986424,21.748422],[106.983894,21.743692],[106.984764,21.738393],[106.988219,21.734652],[106.993724,21.738192],[106.998047,21.736865],[106.99989,21.734172],[107.011957,21.733254],[107.012588,21.734713],[107.014865,21.732671],[107.013702,21.728289],[107.016759,21.729013],[107.01932,21.726343],[107.01559,21.723634],[107.016392,21.718936],[107.014757,21.718318],[107.007764,21.722301],[107.007122,21.720422],[107.00395,21.721972],[106.999627,21.720462],[106.996555,21.724695],[106.994538,21.724565],[106.994647,21.725991],[106.988826,21.727614],[106.981947,21.726902],[106.973703,21.728323],[106.968853,21.724592],[106.971669,21.723375],[106.963779,21.716282],[106.962899,21.714288],[106.965819,21.705758],[106.97,21.702261],[106.974454,21.702262],[106.980833,21.696963],[106.985931,21.695975],[106.986734,21.692441],[106.991008,21.690421],[106.991104,21.687242],[106.99319,21.685742],[106.991943,21.684795],[106.992543,21.676577],[106.990922,21.672093],[106.98673,21.674448],[106.986761,21.679026],[106.983203,21.678919],[106.980148,21.676554],[106.956779,21.676623],[106.954061,21.679818],[106.953304,21.684342],[106.950415,21.686467],[106.939631,21.674434],[106.942484,21.669162],[106.941374,21.667583],[106.942481,21.665771],[106.939019,21.662364],[106.943013,21.651675],[106.941285,21.648921],[106.945299,21.644638],[106.943441,21.640125],[106.951952,21.635269],[106.960761,21.63523],[106.968684,21.626204],[106.964571,21.622299],[106.967219,21.61734],[106.96478,21.612893],[106.957872,21.615938],[106.95776,21.614167],[106.951355,21.614094],[106.949708,21.612116],[106.952377,21.60569],[106.950706,21.603836],[106.957075,21.599001],[106.96104,21.58963],[106.958414,21.586182],[106.952142,21.585569],[106.943948,21.595379],[106.938843,21.593564],[106.937213,21.594339],[106.938051,21.601226],[106.942364,21.609706],[106.940438,21.613441],[106.931398,21.619789],[106.925565,21.618832],[106.925864,21.632952],[106.919022,21.641913],[106.91979,21.647133],[106.926473,21.650472],[106.923034,21.654739],[106.923669,21.657551],[106.921184,21.65883],[106.919399,21.667073],[106.917469,21.666678],[106.911129,21.671552],[106.908119,21.669627],[106.897364,21.673144],[106.892346,21.682891],[106.878323,21.68493],[106.877824,21.690886],[106.873077,21.694645],[106.872229,21.697934],[106.873115,21.700237],[106.877246,21.703604],[106.881158,21.70399],[106.882391,21.706354],[106.882411,21.708575],[106.875795,21.710292],[106.877763,21.713901],[106.875579,21.715368],[106.876479,21.720366],[106.880116,21.721246],[106.882955,21.724173],[106.890256,21.721966],[106.896094,21.725445],[106.898793,21.729656],[106.904837,21.727624],[106.909039,21.728498],[106.912667,21.731599],[106.916384,21.739557],[106.922293,21.738192],[106.923741,21.739868],[106.927385,21.738908],[106.927361,21.741011],[106.933117,21.742305],[106.935086,21.74699],[106.938789,21.746698],[106.941812,21.744273],[106.94461,21.746577],[106.947556,21.746242],[106.947831,21.744398],[106.950728,21.744695],[106.954224,21.750981],[106.95857,21.75412],[106.962699,21.764168],[106.966329,21.766888],[106.971864,21.781816],[106.977149,21.77829]]]}},{"type":"Feature","properties":{"code":"06124","name":"Xã Na Sầm","type":"Xã"},"geometry":{"type":"Polygon","coordinates":[[[106.557146,22.173166],[106.565846,22.169628],[106.57104,22.170822],[106.571285,22.168754],[106.579427,22.165542],[106.581559,22.167831],[106.584614,22.167486],[106.588611,22.162991],[106.590521,22.160474],[106.58969,22.157864],[106.591028,22.154121],[106.59408,22.154399],[106.597107,22.150872],[106.596361,22.148691],[106.593929,22.148001],[106.592939,22.144565],[106.594027,22.140473],[106.591601,22.138144],[106.591659,22.135628],[106.594851,22.134369],[106.595289,22.129777],[106.598904,22.124736],[106.602481,22.123112],[106.610349,22.127853],[106.61577,22.123321],[106.614091,22.118125],[106.611785,22.116508],[106.612751,22.111769],[106.618185,22.10734],[106.615538,22.101675],[106.617102,22.098301],[106.62452,22.099564],[106.626171,22.10315],[106.634275,22.10508],[106.635072,22.107219],[106.63745,22.106876],[106.639644,22.10968],[106.645177,22.10648],[106.645911,22.10338],[106.651671,22.099725],[106.650458,22.097475],[106.647018,22.096649],[106.644436,22.091585],[106.643895,22.087853],[106.647509,22.085073],[106.646077,22.080581],[106.641556,22.07979],[106.64105,22.075494],[106.640991,22.066002],[106.642306,22.063698],[106.643771,22.062533],[106.64497,22.063783],[106.647933,22.063318],[106.650169,22.061112],[106.649626,22.058125],[106.651322,22.054944],[106.656047,22.050361],[106.660699,22.049649],[106.654243,22.048247],[106.654515,22.044421],[106.652134,22.0416],[106.652826,22.03924],[106.645183,22.032543],[106.645383,22.026228],[106.650537,22.017323],[106.643946,22.015583],[106.642408,22.017153],[106.639244,22.015628],[106.637431,22.017006],[106.627571,22.012037],[106.6276,22.005852],[106.62514,22.001898],[106.622817,22.004521],[106.620559,22.004388],[106.61836,21.998281],[106.61531,21.997028],[106.611202,21.992036],[106.612969,21.988251],[106.609239,21.98637],[106.600337,21.984998],[106.597674,21.986543],[106.600178,21.998038],[106.596756,22.003578],[106.595277,22.002689],[106.596197,21.995349],[106.590917,21.991922],[106.587639,21.992543],[106.5866,21.995388],[106.590833,22.001684],[106.590208,22.004942],[106.588561,22.006502],[106.582193,22.005642],[106.58162,22.008848],[106.586092,22.013399],[106.58231,22.020322],[106.585458,22.021616],[106.593201,22.01801],[106.591289,22.024469],[106.594675,22.025921],[106.598781,22.02419],[106.600365,22.025555],[106.600467,22.026984],[106.595825,22.029386],[106.601555,22.039755],[106.588243,22.042052],[106.589733,22.046974],[106.595442,22.046795],[106.594149,22.051156],[106.592027,22.052289],[106.595139,22.05568],[106.591374,22.056458],[106.593887,22.059379],[106.590981,22.065412],[106.59159,22.068489],[106.589877,22.072809],[106.590278,22.076361],[106.594861,22.080965],[106.591271,22.083959],[106.588837,22.08395],[106.582049,22.090537],[106.581285,22.095375],[106.583102,22.098967],[106.573085,22.108625],[106.570627,22.115518],[106.56719,22.114962],[106.572346,22.121359],[106.562142,22.131642],[106.564942,22.137548],[106.570105,22.135704],[106.571346,22.139462],[106.570268,22.143185],[106.578586,22.141594],[106.578173,22.146932],[106.575138,22.148887],[106.562355,22.148987],[106.552612,22.153242],[106.543748,22.165956],[106.543414,22.17005],[106.541531,22.171898],[106.544658,22.174801],[106.547173,22.174013],[106.549075,22.175296],[106.551347,22.172359],[106.557146,22.173166]]]}},{"type":"Feature","properties":{"code":"06496","name":"Xã Nhân Lý","type":"Xã"},"geometry":{"type":"Polygon","coordinates":[[[106.726315,21.669669],[106.720867,21.663499],[106.725537,21.658536],[106.723321,21.654833],[106.715567,21.651063],[106.707139,21.651534],[106.702713,21.646972],[106.699191,21.646572],[106.699752,21.642056],[106.698345,21.639863],[106.699444,21.636886],[106.697592,21.637513],[106.697258,21.63488],[106.695773,21.63517],[106.693814,21.632366],[106.689399,21.631819],[106.687159,21.629484],[106.681369,21.63327],[106.678417,21.631202],[106.675529,21.631483],[106.66794,21.637756],[106.664437,21.636384],[106.661076,21.644273],[106.656922,21.645462],[106.655625,21.64791],[106.651915,21.645801],[106.647878,21.653936],[106.641464,21.654387],[106.640307,21.657436],[106.628521,21.664407],[106.626747,21.659332],[106.621225,21.659144],[106.618444,21.656149],[106.615717,21.661198],[106.610622,21.664238],[106.610279,21.667541],[106.605525,21.671647],[106.604553,21.674381],[106.602175,21.674138],[106.596865,21.677606],[106.592391,21.677429],[106.591227,21.679322],[106.595072,21.683109],[106.59613,21.681613],[106.60322,21.681144],[106.606188,21.686929],[106.605157,21.689083],[106.595156,21.688927],[106.594439,21.692021],[106.595919,21.694038],[106.594555,21.698111],[106.59774,21.700996],[106.598812,21.706531],[106.597522,21.707938],[106.599306,21.710275],[106.599001,21.711846],[106.593967,21.714343],[106.593111,21.717472],[106.590738,21.71745],[106.591488,21.72004],[106.58886,21.721775],[106.589424,21.724202],[106.594153,21.728081],[106.592963,21.73039],[106.597214,21.730648],[106.597848,21.732599],[106.602731,21.733783],[106.602178,21.736834],[106.605334,21.740387],[106.611662,21.737745],[106.615268,21.740956],[106.617397,21.740876],[106.619634,21.73757],[106.626459,21.74067],[106.629959,21.745092],[106.633869,21.757164],[106.638995,21.756247],[106.637726,21.752475],[106.639971,21.749168],[106.638108,21.749007],[106.636778,21.746633],[106.641006,21.740006],[106.644897,21.739211],[106.647257,21.74199],[106.657176,21.744867],[106.659247,21.742194],[106.659113,21.739038],[106.662875,21.736739],[106.671694,21.741167],[106.673235,21.743382],[106.677845,21.743999],[106.682991,21.75125],[106.689298,21.751309],[106.697299,21.758611],[106.698188,21.76125],[106.704282,21.765315],[106.711589,21.753913],[106.708258,21.749048],[106.70487,21.747931],[106.704584,21.746433],[106.706607,21.745506],[106.704779,21.741789],[106.697732,21.735807],[106.697432,21.731017],[106.693601,21.72857],[106.689725,21.722495],[106.692363,21.716014],[106.700457,21.717555],[106.700625,21.715338],[106.706624,21.713986],[106.71382,21.708503],[106.710442,21.703606],[106.713583,21.698528],[106.718402,21.694506],[106.721772,21.694652],[106.729307,21.684919],[106.727969,21.681442],[106.725019,21.681538],[106.722213,21.677579],[106.72223,21.675229],[106.725144,21.673045],[106.726315,21.669669]]]}},{"type":"Feature","properties":{"code":"06376","name":"Xã Nhất Hòa","type":"Xã"},"geometry":{"type":"Polygon","coordinates":[[[106.22065,21.807641],[106.228321,21.80474],[106.239735,21.80664],[106.240839,21.803867],[106.237516,21.800192],[106.23652,21.796275],[106.237663,21.79467],[106.23639,21.793556],[106.252635,21.790791],[106.252009,21.788473],[106.253546,21.786184],[106.259742,21.785359],[106.261164,21.787778],[106.267625,21.783886],[106.271359,21.784722],[106.273579,21.781339],[106.289464,21.776632],[106.295444,21.784803],[106.30515,21.785534],[106.311783,21.781352],[106.313904,21.777663],[106.311401,21.773341],[106.319899,21.76977],[106.319636,21.765794],[106.315315,21.763031],[106.321862,21.757449],[106.323994,21.750732],[106.317505,21.741753],[106.321945,21.735773],[106.322942,21.728122],[106.325673,21.724793],[106.325636,21.719572],[106.335058,21.711169],[106.33854,21.710699],[106.34374,21.712766],[106.337223,21.700777],[106.333667,21.69987],[106.33133,21.696706],[106.326989,21.695119],[106.32469,21.695833],[106.317997,21.692853],[106.314846,21.692678],[106.312945,21.695264],[106.310048,21.69597],[106.307243,21.695391],[106.306454,21.697375],[106.303446,21.698481],[106.292694,21.690045],[106.285624,21.692456],[106.282666,21.690584],[106.284487,21.68795],[106.281774,21.686188],[106.277651,21.686793],[106.275424,21.684007],[106.273271,21.685889],[106.271336,21.684048],[106.269034,21.685398],[106.264887,21.682185],[106.262664,21.682777],[106.257057,21.679631],[106.257062,21.677795],[106.246292,21.666911],[106.241572,21.668462],[106.234507,21.66801],[106.232588,21.670542],[106.22838,21.671626],[106.228799,21.673682],[106.221604,21.672679],[106.22088,21.674834],[106.224915,21.678264],[106.225986,21.690495],[106.232732,21.699008],[106.231872,21.701644],[106.237475,21.714544],[106.238271,21.717879],[106.235873,21.72127],[106.235443,21.726809],[106.230909,21.727446],[106.229359,21.730959],[106.225377,21.731751],[106.222343,21.730844],[106.218124,21.726426],[106.208037,21.7334],[106.196646,21.735363],[106.194708,21.737666],[106.196033,21.740871],[106.194515,21.742428],[106.190013,21.743651],[106.182418,21.741465],[106.180729,21.744112],[106.178293,21.743874],[106.174423,21.749023],[106.177841,21.758855],[106.177012,21.762269],[106.178812,21.767547],[106.208708,21.783327],[106.216655,21.781552],[106.219408,21.78821],[106.219166,21.792307],[106.213076,21.803545],[106.211329,21.804041],[106.218135,21.805383],[106.22065,21.807641]]]}},{"type":"Feature","properties":{"code":"06517","name":"Xã Quan Sơn","type":"Xã"},"geometry":{"type":"Polygon","coordinates":[[[106.726187,21.669614],[106.7335,21.667463],[106.734972,21.664532],[106.737563,21.664111],[106.738292,21.660013],[106.744947,21.656275],[106.746591,21.653579],[106.759022,21.649157],[106.762281,21.643015],[106.767119,21.644281],[106.777175,21.632822],[106.776228,21.631168],[106.777591,21.628045],[106.775686,21.627158],[106.774516,21.620869],[106.78015,21.611472],[106.77818,21.610184],[106.77705,21.604749],[106.773316,21.601636],[106.771415,21.598213],[106.772511,21.596873],[106.770276,21.594259],[106.770359,21.59061],[106.774675,21.58523],[106.775019,21.581402],[106.773357,21.575079],[106.770972,21.572164],[106.76545,21.57326],[106.758648,21.569562],[106.756318,21.566468],[106.755355,21.56263],[106.757306,21.562398],[106.758958,21.559283],[106.757874,21.557069],[106.759618,21.556527],[106.759276,21.554839],[106.761733,21.554279],[106.75821,21.55309],[106.760099,21.550483],[106.758066,21.549195],[106.759937,21.547377],[106.75676,21.54728],[106.758814,21.544575],[106.755482,21.540771],[106.743178,21.541684],[106.733954,21.544835],[106.733331,21.549282],[106.726879,21.555388],[106.722352,21.555687],[106.716032,21.559673],[106.708962,21.560931],[106.705336,21.567942],[106.698641,21.572572],[106.700007,21.578653],[106.702694,21.582241],[106.701404,21.586747],[106.702669,21.592605],[106.695011,21.595598],[106.688981,21.600165],[106.676809,21.603384],[106.670399,21.608983],[106.666538,21.605811],[106.663254,21.604668],[106.659918,21.606355],[106.656084,21.603202],[106.651186,21.603766],[106.644884,21.60703],[106.643171,21.603945],[106.634869,21.600912],[106.62484,21.602328],[106.62351,21.605926],[106.614994,21.60795],[106.612607,21.605367],[106.608513,21.603624],[106.603543,21.603857],[106.592805,21.598033],[106.586744,21.597957],[106.58527,21.599572],[106.583218,21.598531],[106.572801,21.601338],[106.568214,21.605798],[106.570546,21.610152],[106.575995,21.614339],[106.577014,21.619685],[106.582436,21.618549],[106.584782,21.620122],[106.586991,21.626583],[106.592495,21.627114],[106.591713,21.63097],[106.597261,21.634785],[106.596951,21.637727],[106.600164,21.641219],[106.603684,21.641467],[106.605797,21.644682],[106.617127,21.647516],[106.616643,21.651613],[106.618444,21.656149],[106.621225,21.659144],[106.626747,21.659332],[106.627873,21.664391],[106.639716,21.65789],[106.641464,21.654387],[106.647878,21.653936],[106.651915,21.645801],[106.655625,21.64791],[106.657254,21.645242],[106.661015,21.644345],[106.664437,21.636384],[106.66794,21.637756],[106.673173,21.632474],[106.677577,21.631084],[106.681369,21.63327],[106.687159,21.629484],[106.689399,21.631819],[106.693814,21.632366],[106.695773,21.63517],[106.697258,21.63488],[106.697639,21.637551],[106.699358,21.636581],[106.699191,21.646572],[106.702713,21.646972],[106.707139,21.651534],[106.715567,21.651063],[106.723321,21.654833],[106.725537,21.658536],[106.720867,21.663499],[106.726187,21.669614]]]}},{"type":"Feature","properties":{"code":"06076","name":"Xã Quý Hòa","type":"Xã"},"geometry":{"type":"Polygon","coordinates":[[[106.245861,22.246614],[106.251942,22.246904],[106.268602,22.237775],[106.271749,22.232731],[106.279756,22.226745],[106.279522,22.223306],[106.283623,22.221555],[106.286169,22.214817],[106.295273,22.210303],[106.299784,22.192788],[106.304496,22.190855],[106.305757,22.185318],[106.307839,22.183629],[106.315025,22.182461],[106.318435,22.179432],[106.321842,22.172174],[106.331622,22.167249],[106.334363,22.161159],[106.336756,22.16033],[106.336172,22.157118],[106.338503,22.156231],[106.339981,22.149644],[106.33827,22.145583],[106.339449,22.140706],[106.348392,22.135478],[106.35132,22.12949],[106.348561,22.122844],[106.347793,22.113559],[106.342873,22.114514],[106.336724,22.112214],[106.337814,22.113876],[106.335193,22.117361],[106.334383,22.122247],[106.332243,22.123935],[106.329507,22.123438],[106.322468,22.127861],[106.318226,22.126619],[106.315816,22.123552],[106.310984,22.124398],[106.307284,22.121257],[106.304265,22.123732],[106.292689,22.124841],[106.290773,22.123841],[106.288507,22.125074],[106.284907,22.11988],[106.278108,22.118225],[106.27583,22.114848],[106.267167,22.117553],[106.265912,22.114953],[106.254823,22.10846],[106.252541,22.113172],[106.246161,22.119747],[106.234575,22.1132],[106.233347,22.109973],[106.227568,22.116819],[106.219151,22.119907],[106.217646,22.126061],[106.210105,22.127942],[106.207489,22.126117],[106.202033,22.137311],[106.202836,22.141261],[106.199383,22.145479],[106.200911,22.149218],[106.213981,22.159743],[106.217116,22.166754],[106.22615,22.169591],[106.226031,22.171034],[106.231675,22.174332],[106.233773,22.177819],[106.221363,22.196873],[106.223281,22.201381],[106.221159,22.206831],[106.225325,22.210329],[106.225105,22.213999],[106.229621,22.216242],[106.231899,22.219891],[106.23764,22.221265],[106.24014,22.233618],[106.242987,22.238092],[106.241979,22.247098],[106.243755,22.248312],[106.245861,22.246614]]]}},{"type":"Feature","properties":{"code":"06004","name":"Xã Quốc Khánh","type":"Xã"},"geometry":{"type":"Polygon","coordinates":[[[106.562211,22.421673],[106.564964,22.419145],[106.565232,22.416107],[106.572661,22.402962],[106.577633,22.397585],[106.585155,22.394952],[106.586147,22.388394],[106.585239,22.385767],[106.581709,22.383135],[106.582791,22.381243],[106.584715,22.381658],[106.585439,22.377761],[106.580156,22.371648],[106.571679,22.36946],[106.568727,22.364959],[106.564238,22.366652],[106.561579,22.364335],[106.561283,22.353085],[106.559884,22.349031],[106.558204,22.348623],[106.570798,22.341613],[106.574418,22.345396],[106.577921,22.345188],[106.57802,22.342627],[106.582077,22.339591],[106.590112,22.343537],[106.594955,22.33971],[106.603135,22.33748],[106.611041,22.338566],[106.612811,22.340604],[106.617196,22.337216],[106.61692,22.334407],[106.620662,22.332568],[106.617499,22.324577],[106.614036,22.321434],[106.609261,22.325394],[106.60586,22.325566],[106.603858,22.32311],[106.601058,22.324364],[106.599423,22.323139],[106.59801,22.318465],[106.593589,22.317038],[106.593537,22.312658],[106.59175,22.31043],[106.582328,22.312558],[106.578425,22.308598],[106.571543,22.308682],[106.57029,22.306572],[106.571594,22.304263],[106.566616,22.306946],[106.563613,22.302763],[106.558503,22.302987],[106.561517,22.296266],[106.559551,22.290778],[106.560492,22.287705],[106.563734,22.285983],[106.565806,22.28058],[106.562002,22.278321],[106.563027,22.273733],[106.556513,22.27457],[106.552415,22.273053],[106.544561,22.274801],[106.539488,22.271593],[106.538693,22.265064],[106.533831,22.262847],[106.530289,22.265182],[106.522641,22.259059],[106.513456,22.257675],[106.511533,22.262828],[106.509204,22.262772],[106.506681,22.265903],[106.508055,22.274706],[106.507045,22.279834],[106.508494,22.282372],[106.510271,22.282512],[106.510177,22.285412],[106.505743,22.287126],[106.495644,22.285594],[106.493289,22.288342],[106.486114,22.288118],[106.484135,22.292383],[106.480493,22.291061],[106.475231,22.28561],[106.47264,22.289863],[106.474718,22.293542],[106.468542,22.293897],[106.464548,22.296709],[106.462122,22.302809],[106.458639,22.304347],[106.45446,22.324538],[106.44729,22.338156],[106.4519,22.338245],[106.454298,22.340355],[106.454691,22.345779],[106.45081,22.346873],[106.453575,22.353327],[106.452383,22.357116],[106.462807,22.359759],[106.466787,22.358749],[106.468984,22.362312],[106.476429,22.363142],[106.482047,22.367204],[106.487603,22.368061],[106.4893,22.376326],[106.481404,22.376833],[106.479704,22.379334],[106.489085,22.38245],[106.490847,22.384795],[106.490736,22.387536],[106.483717,22.39012],[106.485369,22.392647],[106.4918,22.393511],[106.494381,22.396401],[106.494053,22.398108],[106.490844,22.398312],[106.490529,22.401447],[106.497756,22.404868],[106.504612,22.405182],[106.519392,22.397819],[106.525146,22.404163],[106.532986,22.408087],[106.528484,22.41298],[106.534396,22.415379],[106.535386,22.419171],[106.545837,22.419439],[106.55189,22.421308],[106.55646,22.419968],[106.557751,22.421874],[106.562211,22.421673]]]}},{"type":"Feature","properties":{"code":"06058","name":"Xã Quốc Việt","type":"Xã"},"geometry":{"type":"Polygon","coordinates":[[[106.684508,22.280139],[106.686812,22.281372],[106.690983,22.277779],[106.690576,22.272998],[106.686131,22.270193],[106.68399,22.265215],[106.68868,22.2601],[106.690445,22.25507],[106.689252,22.250477],[106.692436,22.24664],[106.691308,22.242601],[106.695004,22.23957],[106.692742,22.234236],[106.69587,22.232595],[106.698231,22.223994],[106.702375,22.222771],[106.702078,22.219614],[106.698755,22.218745],[106.69856,22.210332],[106.694041,22.205188],[106.686467,22.203042],[106.678207,22.205426],[106.68063,22.202027],[106.68006,22.196131],[106.6743,22.187419],[106.66952,22.186585],[106.672241,22.182076],[106.671002,22.180951],[106.662088,22.177789],[106.658097,22.180163],[106.658335,22.181598],[106.656663,22.181125],[106.65487,22.176013],[106.646011,22.17108],[106.643491,22.172605],[106.640412,22.171289],[106.637574,22.165895],[106.631094,22.161058],[106.627368,22.161251],[106.625184,22.166666],[106.615132,22.166714],[106.612018,22.163381],[106.608926,22.163589],[106.608436,22.161759],[106.6054,22.160344],[106.605201,22.158082],[106.601998,22.157074],[106.603024,22.151675],[106.599803,22.149847],[106.597207,22.15052],[106.59408,22.154399],[106.591028,22.154121],[106.58969,22.157864],[106.590476,22.160592],[106.584794,22.167375],[106.581559,22.167831],[106.579427,22.165542],[106.571285,22.168754],[106.57104,22.170822],[106.565846,22.169628],[106.557146,22.173166],[106.558104,22.175637],[106.556129,22.180239],[106.553679,22.18161],[106.549248,22.181158],[106.547053,22.182809],[106.546705,22.187809],[106.538215,22.193145],[106.538937,22.197385],[106.535438,22.201398],[106.53863,22.201517],[106.540842,22.204905],[106.542323,22.204241],[106.542054,22.200751],[106.550296,22.198111],[106.552164,22.194987],[106.553695,22.19603],[106.554419,22.201055],[106.560666,22.199181],[106.562931,22.204535],[106.568451,22.208046],[106.565563,22.212336],[106.566737,22.216846],[106.572576,22.220321],[106.575553,22.22463],[106.57573,22.22832],[106.577781,22.228565],[106.579817,22.224841],[106.587508,22.22528],[106.589382,22.229241],[106.591954,22.229584],[106.592838,22.234818],[106.597189,22.236303],[106.601163,22.233257],[106.604785,22.235824],[106.606882,22.231616],[106.610487,22.230539],[106.616227,22.235452],[106.616808,22.239749],[106.624303,22.249447],[106.625325,22.25356],[106.634799,22.254595],[106.638098,22.251754],[106.64068,22.254425],[106.649755,22.25822],[106.654065,22.256322],[106.66782,22.270351],[106.674428,22.273914],[106.676083,22.279134],[106.680942,22.281613],[106.684508,22.280139]]]}},{"type":"Feature","properties":{"code":"06085","name":"Xã Thiện Hòa","type":"Xã"},"geometry":{"type":"Polygon","coordinates":[[[106.199383,22.145479],[106.202955,22.140636],[106.202033,22.137311],[106.207489,22.126117],[106.210105,22.127942],[106.217646,22.126061],[106.219151,22.119907],[106.227568,22.116819],[106.233347,22.109973],[106.234575,22.1132],[106.246161,22.119747],[106.252541,22.113172],[106.254823,22.10846],[106.265912,22.114953],[106.267167,22.117553],[106.27583,22.114848],[106.278108,22.118225],[106.284907,22.11988],[106.288507,22.125074],[106.290773,22.123841],[106.292689,22.124841],[106.304265,22.123732],[106.307284,22.121257],[106.310984,22.124398],[106.315816,22.123552],[106.318226,22.126619],[106.322468,22.127861],[106.329507,22.123438],[106.332326,22.123899],[106.334749,22.121618],[106.335193,22.117361],[106.337814,22.113876],[106.336724,22.112214],[106.337563,22.102884],[106.335933,22.100999],[106.332729,22.101177],[106.329746,22.093054],[106.325307,22.093382],[106.321836,22.085615],[106.315748,22.082288],[106.317506,22.074409],[106.315641,22.058499],[106.310588,22.054916],[106.30638,22.066642],[106.300662,22.072173],[106.288267,22.071789],[106.273715,22.08212],[106.266579,22.084263],[106.258206,22.076375],[106.254412,22.076495],[106.25069,22.070636],[106.244591,22.069833],[106.242143,22.071412],[106.239427,22.069701],[106.236944,22.063003],[106.233754,22.061312],[106.233996,22.057994],[106.230722,22.049495],[106.231565,22.043724],[106.23424,22.041427],[106.233833,22.038556],[106.237568,22.034318],[106.235106,22.031302],[106.236063,22.027555],[106.225007,22.025952],[106.223456,22.02294],[106.218024,22.020864],[106.217394,22.016712],[106.214785,22.015479],[106.210933,22.017002],[106.203298,22.016773],[106.200303,22.019487],[106.195917,22.020315],[106.191519,22.025023],[106.186424,22.021944],[106.183669,22.025528],[106.181865,22.032404],[106.174294,22.035564],[106.171261,22.034153],[106.166703,22.038146],[106.162431,22.034372],[106.158059,22.033967],[106.153364,22.029018],[106.142646,22.030707],[106.135281,22.029582],[106.133913,22.033097],[106.130783,22.033325],[106.132856,22.038538],[106.130811,22.044671],[106.131477,22.05172],[106.127718,22.054341],[106.126452,22.057743],[106.123751,22.056041],[106.117402,22.055566],[106.114591,22.049612],[106.111253,22.046562],[106.102908,22.045917],[106.099837,22.052588],[106.099974,22.059295],[106.102446,22.062345],[106.098615,22.067459],[106.099996,22.071445],[106.107548,22.073976],[106.107786,22.076544],[106.114371,22.072936],[106.117774,22.076981],[106.118955,22.082736],[106.122975,22.085718],[106.139859,22.086372],[106.142645,22.082015],[106.157209,22.081757],[106.161287,22.092053],[106.162102,22.101512],[106.168103,22.106141],[106.168211,22.11064],[106.172007,22.112967],[106.176303,22.11034],[106.176665,22.112835],[106.180237,22.115818],[106.185811,22.117432],[106.184806,22.125782],[106.180776,22.12869],[106.187939,22.134152],[106.191324,22.143809],[106.196975,22.143058],[106.199383,22.145479]]]}},{"type":"Feature","properties":{"code":"06103","name":"Xã Thiện Long","type":"Xã"},"geometry":{"type":"Polygon","coordinates":[[[106.214785,22.015479],[106.212286,22.010031],[106.215556,22.006279],[106.221866,22.007532],[106.228409,22.006014],[106.231122,22.003078],[106.241275,22.003461],[106.245223,21.999085],[106.248802,21.998477],[106.252903,21.995308],[106.25634,21.997862],[106.261648,21.99156],[106.261263,21.987909],[106.266047,21.986943],[106.275238,21.977733],[106.279254,21.977239],[106.280977,21.975457],[106.28253,21.972784],[106.281419,21.971569],[106.278173,21.969644],[106.26897,21.968449],[106.269083,21.963136],[106.26595,21.961874],[106.269868,21.954664],[106.272769,21.954426],[106.27609,21.950818],[106.276605,21.948944],[106.273948,21.946969],[106.273378,21.942605],[106.269479,21.943472],[106.265729,21.940974],[106.257833,21.944714],[106.248174,21.941424],[106.236576,21.94519],[106.232007,21.943788],[106.23046,21.945778],[106.221552,21.948898],[106.219392,21.947487],[106.215782,21.948384],[106.209422,21.946123],[106.204762,21.946532],[106.203568,21.944519],[106.199587,21.943368],[106.191995,21.946223],[106.187542,21.942742],[106.182883,21.945088],[106.18043,21.944051],[106.181313,21.939453],[106.17862,21.937649],[106.179299,21.934339],[106.173766,21.928269],[106.17728,21.9137],[106.174688,21.908774],[106.169578,21.912643],[106.164502,21.913416],[106.155928,21.9092],[106.150901,21.910948],[106.145964,21.915461],[106.13762,21.911121],[106.134722,21.905154],[106.127655,21.907252],[106.128504,21.913425],[106.132172,21.916852],[106.130592,21.92288],[106.127614,21.924988],[106.122161,21.923997],[106.118005,21.928404],[106.112685,21.92953],[106.110702,21.934037],[106.107142,21.932824],[106.103945,21.936477],[106.097975,21.938095],[106.112032,21.94781],[106.11267,21.949702],[106.110936,21.951888],[106.103641,21.953251],[106.099071,21.95076],[106.097988,21.953834],[106.098919,21.959422],[106.104531,21.960512],[106.107019,21.962825],[106.111333,21.961626],[106.112854,21.963497],[106.112323,21.965492],[106.114532,21.968207],[106.113117,21.975707],[106.115538,21.977961],[106.112671,21.98895],[106.114636,21.992977],[106.107549,21.997477],[106.110101,21.998021],[106.109404,22.005451],[106.111768,22.013408],[106.108581,22.021353],[106.102181,22.0278],[106.096923,22.030117],[106.095845,22.036174],[106.101165,22.040445],[106.102908,22.045917],[106.111466,22.04668],[106.117402,22.055566],[106.123751,22.056041],[106.126452,22.057743],[106.127718,22.054341],[106.131387,22.052022],[106.130811,22.044671],[106.132856,22.038538],[106.130783,22.033325],[106.133913,22.033097],[106.135983,22.029273],[106.142646,22.030707],[106.153364,22.029018],[106.158059,22.033967],[106.162431,22.034372],[106.166703,22.038146],[106.171261,22.034153],[106.174294,22.035564],[106.181865,22.032404],[106.183669,22.025528],[106.186424,22.021944],[106.191519,22.025023],[106.195917,22.020315],[106.200303,22.019487],[106.203298,22.016773],[106.210933,22.017002],[106.214785,22.015479]]]}},{"type":"Feature","properties":{"code":"06091","name":"Xã Thiện Thuật","type":"Xã"},"geometry":{"type":"Polygon","coordinates":[[[106.336724,22.112214],[106.343394,22.109246],[106.342747,22.10521],[106.345761,22.105998],[106.352091,22.099392],[106.367064,22.102402],[106.368385,22.093615],[106.374133,22.090044],[106.377964,22.070726],[106.384817,22.071431],[106.38856,22.069823],[106.382644,22.064509],[106.384172,22.058684],[106.383971,22.049409],[106.382085,22.04551],[106.380853,22.043989],[106.374467,22.043119],[106.372847,22.038415],[106.363406,22.033168],[106.361314,22.024073],[106.363284,22.020877],[106.362823,22.012911],[106.355686,22.014854],[106.356571,22.016223],[106.355179,22.018281],[106.352309,22.016104],[106.350849,22.011864],[106.342042,22.014078],[106.341254,22.015534],[106.345343,22.028353],[106.338963,22.030346],[106.334899,22.02444],[106.333527,22.025357],[106.328713,22.023467],[106.332079,22.019992],[106.340515,22.017385],[106.340724,22.011871],[106.338453,22.007739],[106.33947,22.000255],[106.328527,21.997929],[106.325595,21.993958],[106.319884,21.990812],[106.312464,21.99306],[106.311001,21.990022],[106.300062,21.988934],[106.298391,21.995467],[106.29447,21.999277],[106.284363,21.998302],[106.277775,22.001329],[106.273184,21.999614],[106.271045,22.001074],[106.265786,22.000696],[106.255865,21.997803],[106.252903,21.995308],[106.248802,21.998477],[106.245223,21.999085],[106.241362,22.003431],[106.231122,22.003078],[106.228409,22.006014],[106.221866,22.007532],[106.215556,22.006279],[106.212286,22.010031],[106.214785,22.015479],[106.217394,22.016712],[106.219274,22.021865],[106.223456,22.02294],[106.225007,22.025952],[106.228314,22.027251],[106.236063,22.027555],[106.235106,22.031302],[106.237568,22.034318],[106.233833,22.038556],[106.23424,22.041427],[106.231565,22.043724],[106.230722,22.049495],[106.233996,22.057994],[106.233754,22.061312],[106.236944,22.063003],[106.239427,22.069701],[106.242143,22.071412],[106.244591,22.069833],[106.25069,22.070636],[106.254412,22.076495],[106.258206,22.076375],[106.262551,22.081295],[106.267947,22.084179],[106.273715,22.08212],[106.288267,22.071789],[106.300662,22.072173],[106.30638,22.066642],[106.310588,22.054916],[106.316745,22.060373],[106.315685,22.064301],[106.317506,22.074409],[106.315748,22.082288],[106.321836,22.085615],[106.325307,22.093382],[106.329746,22.093054],[106.332729,22.101177],[106.335885,22.100984],[106.337435,22.102543],[106.338229,22.105766],[106.336724,22.112214]]]}},{"type":"Feature","properties":{"code":"06436","name":"Xã Thiện Tân","type":"Xã"},"geometry":{"type":"Polygon","coordinates":[[[106.191845,21.609375],[106.198385,21.607589],[106.200153,21.609309],[106.208865,21.606866],[106.212315,21.61039],[106.216225,21.609958],[106.218977,21.607356],[106.217701,21.605144],[106.219074,21.603481],[106.226706,21.605749],[106.233559,21.605343],[106.233776,21.603113],[106.237464,21.605366],[106.239636,21.603767],[106.241694,21.604824],[106.247473,21.60228],[106.249215,21.599479],[106.253286,21.601196],[106.25497,21.598616],[106.258088,21.59786],[106.259997,21.599899],[106.262701,21.599966],[106.263628,21.597914],[106.272414,21.595453],[106.276017,21.591312],[106.2756,21.58947],[106.272686,21.588382],[106.274967,21.586795],[106.273514,21.583332],[106.270617,21.584318],[106.269364,21.582521],[106.266949,21.583288],[106.262612,21.581275],[106.263748,21.579259],[106.261288,21.578034],[106.264526,21.575025],[106.261995,21.572669],[106.263534,21.569874],[106.26221,21.566379],[106.254901,21.565702],[106.251881,21.568611],[106.244958,21.563093],[106.244918,21.559385],[106.248645,21.559523],[106.253854,21.554354],[106.256506,21.554905],[106.258176,21.553578],[106.248544,21.544992],[106.24367,21.545008],[106.241978,21.540977],[106.240056,21.542037],[106.241025,21.537086],[106.237912,21.53457],[106.235284,21.534694],[106.236342,21.529616],[106.232657,21.528983],[106.232676,21.525206],[106.226013,21.522473],[106.226472,21.521044],[106.224001,21.518467],[106.225362,21.514857],[106.222322,21.51399],[106.22191,21.512464],[106.22331,21.51175],[106.222983,21.508769],[106.228851,21.506057],[106.227359,21.50453],[106.22754,21.500658],[106.226046,21.499794],[106.22666,21.495449],[106.224835,21.494175],[106.223189,21.494083],[106.221221,21.49673],[106.213292,21.496361],[106.209076,21.497244],[106.206078,21.499882],[106.200095,21.500029],[106.185954,21.508195],[106.183624,21.507513],[106.183077,21.508829],[106.178965,21.509358],[106.175868,21.508039],[106.167526,21.514146],[106.168182,21.52863],[106.170694,21.534587],[106.167379,21.540626],[106.16735,21.543721],[106.170802,21.54941],[106.168656,21.552466],[106.16775,21.560724],[106.169775,21.565885],[106.168429,21.567668],[106.169782,21.572094],[106.166924,21.576679],[106.1703,21.586352],[106.169433,21.595346],[106.175366,21.597533],[106.177617,21.601139],[106.185287,21.603999],[106.18793,21.611417],[106.191051,21.611762],[106.191845,21.609375]]]}},{"type":"Feature","properties":{"code":"06616","name":"Xã Thái Bình","type":"Xã"},"geometry":{"type":"Polygon","coordinates":[[[107.012773,21.575266],[107.020683,21.572072],[107.027139,21.565975],[107.027902,21.563446],[107.033125,21.563332],[107.035054,21.56054],[107.035852,21.553487],[107.039465,21.553249],[107.043039,21.547014],[107.04291,21.544228],[107.047942,21.540155],[107.047341,21.534673],[107.051675,21.531264],[107.053333,21.52609],[107.055067,21.518064],[107.05307,21.514248],[107.05522,21.51115],[107.054918,21.507663],[107.05982,21.500925],[107.057873,21.498001],[107.054557,21.498848],[107.050641,21.493373],[107.045354,21.489955],[107.047784,21.487365],[107.047539,21.483744],[107.044324,21.480333],[107.043311,21.47624],[107.04456,21.47305],[107.040771,21.46887],[107.037671,21.468042],[107.045212,21.456208],[107.045497,21.453326],[107.053842,21.449919],[107.066416,21.451481],[107.06936,21.454073],[107.081837,21.450577],[107.087828,21.453736],[107.095895,21.452523],[107.103448,21.455524],[107.105781,21.447772],[107.103574,21.445922],[107.103534,21.431716],[107.099942,21.427196],[107.101551,21.420718],[107.099349,21.418822],[107.098396,21.413151],[107.100622,21.409967],[107.10061,21.404818],[107.104416,21.400948],[107.098341,21.392885],[107.099523,21.391668],[107.098614,21.387015],[107.102344,21.376955],[107.097145,21.374002],[107.095476,21.359962],[107.092091,21.356368],[107.084072,21.354208],[107.082784,21.352996],[107.083627,21.35058],[107.077382,21.34585],[107.073701,21.347652],[107.061628,21.347088],[107.051403,21.332901],[107.052155,21.330176],[107.033633,21.325257],[107.024701,21.328731],[107.021807,21.331518],[107.02277,21.335268],[107.017847,21.339739],[107.018032,21.344218],[107.015769,21.343901],[107.007761,21.348968],[107.002206,21.349921],[106.997619,21.355628],[106.988138,21.358509],[106.987361,21.360175],[106.991202,21.366854],[106.990903,21.373553],[106.993363,21.376051],[106.993047,21.381288],[106.987533,21.388698],[106.988572,21.390812],[106.985408,21.402075],[106.992218,21.408963],[106.991809,21.415263],[106.994737,21.41777],[107.002625,21.419344],[107.003797,21.421364],[106.994515,21.430317],[106.992016,21.430124],[106.990661,21.436536],[106.986884,21.439715],[106.980634,21.439451],[106.976949,21.436826],[106.969,21.43601],[106.961626,21.426647],[106.953366,21.423247],[106.950004,21.425132],[106.948235,21.430198],[106.94594,21.43127],[106.946522,21.433906],[106.940622,21.435347],[106.928469,21.425436],[106.930396,21.433085],[106.929002,21.43959],[106.926517,21.440986],[106.917229,21.430853],[106.914581,21.42953],[106.911572,21.430343],[106.902271,21.440977],[106.895054,21.445582],[106.893813,21.451245],[106.891214,21.451703],[106.890878,21.454065],[106.892175,21.460149],[106.902714,21.470915],[106.901713,21.472863],[106.892228,21.477249],[106.890914,21.479817],[106.891938,21.481177],[106.889171,21.482608],[106.888617,21.484939],[106.891878,21.49087],[106.896691,21.492672],[106.904416,21.498647],[106.90126,21.511688],[106.909663,21.513832],[106.913509,21.516993],[106.913843,21.520973],[106.919513,21.517517],[106.923503,21.519999],[106.926198,21.518708],[106.937391,21.526716],[106.942612,21.526281],[106.944289,21.522064],[106.947811,21.522205],[106.954895,21.516041],[106.973069,21.521268],[106.97546,21.523351],[106.975636,21.528116],[106.97185,21.532017],[106.972553,21.535543],[106.982597,21.535266],[106.988865,21.548307],[106.996437,21.549862],[106.99593,21.55785],[107.000443,21.563165],[107.000605,21.566356],[107.003817,21.569299],[107.00588,21.568844],[107.00877,21.574736],[107.012773,21.575266]]]}},{"type":"Feature","properties":{"code":"06040","name":"Xã Thất Khê","type":"Xã"},"geometry":{"type":"Polygon","coordinates":[[[106.400309,22.370398],[106.404981,22.369342],[106.4119,22.370722],[106.425298,22.359124],[106.429849,22.359433],[106.433776,22.363638],[106.436273,22.364183],[106.438513,22.36252],[106.440741,22.36331],[106.443385,22.359248],[106.452383,22.357116],[106.453575,22.353327],[106.45081,22.346873],[106.454691,22.345779],[106.454298,22.340355],[106.4519,22.338245],[106.44729,22.338156],[106.45446,22.324538],[106.458639,22.304347],[106.462489,22.30234],[106.464594,22.29665],[106.46886,22.293725],[106.474718,22.293542],[106.47264,22.289863],[106.475231,22.28561],[106.480493,22.291061],[106.484135,22.292383],[106.486114,22.288118],[106.493289,22.288342],[106.495644,22.285594],[106.50737,22.287102],[106.510206,22.285371],[106.510271,22.282512],[106.508494,22.282372],[106.507045,22.279834],[106.508055,22.274706],[106.506681,22.265903],[106.509204,22.262772],[106.511533,22.262828],[106.51293,22.255655],[106.507888,22.252841],[106.506209,22.249424],[106.502708,22.249377],[106.502961,22.246777],[106.500489,22.242778],[106.505369,22.241004],[106.493972,22.233642],[106.492086,22.22977],[106.488982,22.230746],[106.489239,22.233703],[106.484126,22.235121],[106.488255,22.241306],[106.483575,22.242907],[106.48052,22.239486],[106.47874,22.243804],[106.479684,22.24586],[106.476687,22.246604],[106.477746,22.249297],[106.476017,22.251261],[106.462799,22.259304],[106.456587,22.266129],[106.456011,22.262316],[106.443518,22.263036],[106.439488,22.268839],[106.429516,22.27394],[106.43118,22.275544],[106.430476,22.28294],[106.423765,22.283817],[106.419611,22.291473],[106.416629,22.289754],[106.408531,22.290924],[106.407328,22.294877],[106.402101,22.298111],[106.400753,22.302572],[106.396733,22.306818],[106.390449,22.306484],[106.390883,22.308061],[106.387204,22.309119],[106.381869,22.31578],[106.378218,22.315992],[106.372557,22.319225],[106.368462,22.328719],[106.367936,22.337192],[106.361031,22.34078],[106.357038,22.339219],[106.353762,22.345052],[106.360954,22.357339],[106.377814,22.359027],[106.38005,22.363308],[106.388512,22.366225],[106.396078,22.373866],[106.400309,22.370398]]]}},{"type":"Feature","properties":{"code":"06577","name":"Xã Thống Nhất","type":"Xã"},"geometry":{"type":"Polygon","coordinates":[[[106.842332,21.798845],[106.84701,21.79388],[106.855511,21.794983],[106.85546,21.791062],[106.857176,21.789083],[106.862235,21.791447],[106.866024,21.790419],[106.866754,21.784869],[106.868903,21.783787],[106.879826,21.785361],[106.880472,21.782711],[106.875061,21.781007],[106.874244,21.776129],[106.878065,21.774375],[106.881712,21.775891],[106.88593,21.774975],[106.889507,21.769383],[106.882705,21.763407],[106.879139,21.754988],[106.880236,21.753021],[106.882664,21.75263],[106.882637,21.73928],[106.885475,21.738171],[106.887625,21.739688],[106.895419,21.739411],[106.897475,21.741414],[106.905149,21.735736],[106.909387,21.737127],[106.912821,21.73189],[106.905795,21.727586],[106.898619,21.729592],[106.896094,21.725445],[106.890256,21.721966],[106.882955,21.724173],[106.880116,21.721246],[106.876388,21.72025],[106.875579,21.715368],[106.877763,21.713901],[106.875795,21.710292],[106.882411,21.708575],[106.882391,21.706354],[106.881158,21.70399],[106.877246,21.703604],[106.873115,21.700237],[106.872229,21.697934],[106.873077,21.694645],[106.877871,21.690778],[106.878992,21.680857],[106.865726,21.667648],[106.861811,21.66654],[106.860877,21.668498],[106.859515,21.667891],[106.860244,21.664393],[106.858129,21.660839],[106.859343,21.657069],[106.856424,21.656888],[106.849637,21.649204],[106.844581,21.646368],[106.846349,21.633794],[106.841195,21.633633],[106.835976,21.629249],[106.833291,21.629426],[106.826365,21.625408],[106.823894,21.6217],[106.823378,21.615829],[106.814161,21.603333],[106.825837,21.599488],[106.828808,21.590886],[106.83419,21.583865],[106.834447,21.577527],[106.830854,21.561919],[106.828279,21.559863],[106.821124,21.562837],[106.807338,21.559001],[106.793053,21.565374],[106.79253,21.568407],[106.787807,21.571244],[106.786633,21.577856],[106.770711,21.572403],[106.773357,21.575079],[106.775027,21.581491],[106.774675,21.58523],[106.770359,21.59061],[106.770312,21.594461],[106.772511,21.596873],[106.771415,21.598213],[106.773316,21.601636],[106.77705,21.604749],[106.77818,21.610184],[106.780156,21.611518],[106.774516,21.620869],[106.775686,21.627158],[106.777591,21.628045],[106.776228,21.631168],[106.777175,21.632822],[106.767119,21.644281],[106.762281,21.643015],[106.759022,21.649157],[106.752102,21.651555],[106.751943,21.656732],[106.756116,21.657662],[106.759532,21.662487],[106.761615,21.661201],[106.764027,21.663179],[106.764566,21.669523],[106.762912,21.672208],[106.757135,21.675477],[106.756032,21.680863],[106.757397,21.684855],[106.761756,21.683196],[106.764221,21.684732],[106.768656,21.692961],[106.772893,21.695006],[106.772638,21.704257],[106.778428,21.703756],[106.780807,21.706569],[106.784627,21.707281],[106.784531,21.711842],[106.790072,21.717462],[106.794711,21.718723],[106.795746,21.72102],[106.799775,21.719904],[106.802836,21.715398],[106.805954,21.725434],[106.812317,21.727259],[106.814181,21.730729],[106.816734,21.730366],[106.816076,21.740187],[106.820174,21.742609],[106.828693,21.753518],[106.828622,21.759129],[106.826358,21.763381],[106.828358,21.766552],[106.826324,21.767248],[106.831238,21.773376],[106.832427,21.777842],[106.826006,21.782448],[106.830453,21.784694],[106.835316,21.793883],[106.838483,21.794135],[106.839684,21.797273],[106.842161,21.797499],[106.842332,21.798845]]]}},{"type":"Feature","properties":{"code":"06148","name":"Xã Thụy Hùng","type":"Xã"},"geometry":{"type":"Polygon","coordinates":[[[106.672241,22.182076],[106.676194,22.179863],[106.676162,22.176759],[106.678445,22.175652],[106.678021,22.170414],[106.682958,22.169089],[106.685955,22.164882],[106.69121,22.164877],[106.693624,22.162064],[106.702835,22.163838],[106.706228,22.159068],[106.705506,22.155227],[106.70127,22.156367],[106.696983,22.153957],[106.695384,22.143041],[106.688075,22.138206],[106.694282,22.13328],[106.692006,22.121924],[106.692427,22.119033],[106.696186,22.116074],[106.695237,22.110962],[106.698641,22.106666],[106.709841,22.101557],[106.713174,22.095873],[106.710885,22.093493],[106.712411,22.092344],[106.711401,22.089563],[106.708603,22.086294],[106.705045,22.085037],[106.706527,22.065274],[106.703705,22.064731],[106.698976,22.055495],[106.697311,22.05476],[106.699535,22.049395],[106.696978,22.044914],[106.689321,22.043965],[106.688695,22.042652],[106.679088,22.043549],[106.673565,22.042482],[106.664249,22.04945],[106.65559,22.050714],[106.649666,22.058048],[106.650169,22.061112],[106.647739,22.063416],[106.643468,22.06263],[106.640991,22.066002],[106.641556,22.07979],[106.646077,22.080581],[106.647509,22.085073],[106.643895,22.087853],[106.64424,22.091061],[106.647018,22.096649],[106.650458,22.097475],[106.651671,22.099725],[106.645911,22.10338],[106.645177,22.10648],[106.639644,22.10968],[106.63745,22.106876],[106.635072,22.107219],[106.634275,22.10508],[106.626171,22.10315],[106.62452,22.099564],[106.617102,22.098301],[106.615538,22.101675],[106.618185,22.10734],[106.612751,22.111769],[106.611785,22.116508],[106.614091,22.118125],[106.615533,22.123735],[106.610349,22.127853],[106.602481,22.123112],[106.598904,22.124736],[106.595289,22.129777],[106.594851,22.134369],[106.591659,22.135628],[106.591661,22.138316],[106.594027,22.140473],[106.592939,22.144565],[106.593929,22.148001],[106.596361,22.148691],[106.597107,22.150872],[106.599979,22.149836],[106.602737,22.150962],[106.601998,22.157074],[106.605201,22.158082],[106.6054,22.160344],[106.608436,22.161759],[106.608926,22.163589],[106.612018,22.163381],[106.616258,22.167091],[106.624775,22.166804],[106.627368,22.161251],[106.631094,22.161058],[106.637574,22.165895],[106.640412,22.171289],[106.643491,22.172605],[106.646011,22.17108],[106.65487,22.176013],[106.656663,22.181125],[106.658335,22.181598],[106.658097,22.180163],[106.662088,22.177789],[106.672241,22.182076]]]}},{"type":"Feature","properties":{"code":"06313","name":"Xã Tri Lễ","type":"Xã"},"geometry":{"type":"Polygon","coordinates":[[[106.451499,21.87649],[106.459333,21.870519],[106.459832,21.861634],[106.456131,21.858341],[106.455568,21.854783],[106.469749,21.849706],[106.475384,21.836536],[106.471544,21.835802],[106.470993,21.831093],[106.469523,21.830034],[106.461894,21.829321],[106.460321,21.828703],[106.460387,21.826778],[106.456399,21.826577],[106.451147,21.82242],[106.450884,21.81992],[106.460942,21.81426],[106.463803,21.814153],[106.469182,21.808181],[106.490913,21.81058],[106.496575,21.807754],[106.488764,21.795683],[106.488089,21.791725],[106.48442,21.791779],[106.482003,21.787719],[106.482334,21.781509],[106.480706,21.779123],[106.48304,21.776844],[106.482858,21.770818],[106.485807,21.767182],[106.487863,21.759925],[106.482689,21.754597],[106.47939,21.754275],[106.477005,21.75189],[106.476765,21.747029],[106.471639,21.748068],[106.471062,21.745958],[106.466377,21.744059],[106.463324,21.746764],[106.461332,21.746571],[106.457981,21.745254],[106.458265,21.743797],[106.451002,21.741141],[106.452095,21.736651],[106.448738,21.730093],[106.450654,21.728007],[106.447974,21.723756],[106.448738,21.720188],[106.452516,21.716762],[106.452735,21.711619],[106.455428,21.709499],[106.453833,21.706147],[106.459946,21.706082],[106.465488,21.702077],[106.463461,21.698762],[106.457298,21.695995],[106.454336,21.692319],[106.454326,21.689129],[106.44616,21.690901],[106.444504,21.685363],[106.440006,21.687445],[106.439868,21.690031],[106.437007,21.691978],[106.431111,21.69151],[106.431534,21.695339],[106.421369,21.695564],[106.417385,21.698633],[106.413027,21.695891],[106.410047,21.695976],[106.406318,21.701344],[106.400341,21.700248],[106.400519,21.706448],[106.397621,21.707971],[106.395076,21.707156],[106.394547,21.710299],[106.391776,21.711356],[106.393701,21.715836],[106.392906,21.717795],[106.389071,21.717932],[106.391379,21.723405],[106.396681,21.724689],[106.398458,21.727205],[106.39438,21.736378],[106.390445,21.736231],[106.390683,21.738758],[106.395352,21.740248],[106.392641,21.74177],[106.392791,21.745781],[106.390776,21.74786],[106.393069,21.749637],[106.392745,21.752068],[106.39472,21.755154],[106.406338,21.759978],[106.406652,21.762975],[106.403328,21.766387],[106.405099,21.768197],[106.404042,21.770429],[106.405046,21.776969],[106.407981,21.77924],[106.403188,21.782741],[106.407058,21.786582],[106.408901,21.78601],[106.408755,21.78738],[106.402654,21.792266],[106.402611,21.794043],[106.405497,21.79718],[106.404921,21.804756],[106.410051,21.808202],[106.404721,21.814429],[106.404055,21.817262],[106.407543,21.825824],[106.410079,21.826003],[106.409133,21.830626],[106.411167,21.8354],[106.418189,21.836558],[106.416113,21.841578],[106.411012,21.842618],[106.407969,21.845464],[106.409215,21.850022],[106.407359,21.854119],[106.409517,21.856587],[106.410061,21.861644],[106.412706,21.861026],[106.416181,21.862969],[106.415801,21.864711],[106.418517,21.865208],[106.418852,21.868054],[106.422936,21.869975],[106.427686,21.865229],[106.437432,21.866858],[106.43988,21.872407],[106.443428,21.873884],[106.448152,21.873247],[106.451499,21.87649]]]}},{"type":"Feature","properties":{"code":"06046","name":"Xã Tràng Định","type":"Xã"},"geometry":{"type":"Polygon","coordinates":[[[106.431161,22.272423],[106.439488,22.268839],[106.442281,22.264065],[106.445265,22.262174],[106.448467,22.263422],[106.456011,22.262316],[106.456587,22.266129],[106.462799,22.259304],[106.477113,22.250113],[106.476572,22.24685],[106.479581,22.246081],[106.47874,22.243804],[106.48052,22.239486],[106.483575,22.242907],[106.488255,22.241306],[106.484257,22.234873],[106.489397,22.233572],[106.488982,22.230746],[106.492086,22.22977],[106.49198,22.227414],[106.494676,22.226522],[106.495519,22.222514],[106.499108,22.223348],[106.498456,22.220666],[106.501972,22.219669],[106.503165,22.215947],[106.502259,22.214073],[106.504556,22.211626],[106.51114,22.213182],[106.513991,22.215946],[106.518484,22.214715],[106.520193,22.212673],[106.523404,22.215455],[106.530084,22.213688],[106.530913,22.210897],[106.52678,22.210551],[106.526733,22.20838],[106.53165,22.206657],[106.533514,22.201516],[106.535438,22.201398],[106.538879,22.197469],[106.538215,22.193145],[106.546705,22.187809],[106.547053,22.182809],[106.549518,22.181025],[106.55478,22.181461],[106.558104,22.175637],[106.555154,22.172154],[106.551347,22.172359],[106.549436,22.175325],[106.547173,22.174013],[106.544658,22.174801],[106.542194,22.172155],[106.536825,22.170897],[106.535353,22.164851],[106.536383,22.162326],[106.532915,22.158903],[106.531309,22.158496],[106.525857,22.163132],[106.528329,22.151333],[106.53179,22.148467],[106.533514,22.143609],[106.530482,22.144213],[106.529959,22.146416],[106.524436,22.14934],[106.51972,22.149598],[106.518967,22.15133],[106.507014,22.146712],[106.503601,22.143287],[106.499956,22.147418],[106.500526,22.149569],[106.479531,22.157981],[106.474314,22.156637],[106.47208,22.151194],[106.468702,22.150586],[106.463741,22.152366],[106.45718,22.150644],[106.457491,22.155321],[106.45453,22.158012],[106.456996,22.165183],[106.454322,22.16593],[106.452294,22.171897],[106.447974,22.173405],[106.447979,22.176443],[106.445502,22.180421],[106.437601,22.184383],[106.435497,22.189019],[106.432382,22.189955],[106.431721,22.19252],[106.428588,22.194343],[106.431268,22.181105],[106.430088,22.177439],[106.435514,22.176782],[106.437456,22.174978],[106.430097,22.171869],[106.429505,22.168652],[106.427234,22.167434],[106.420846,22.172863],[106.413235,22.191374],[106.410007,22.194632],[106.410117,22.196545],[106.412226,22.197481],[106.410019,22.201964],[106.410561,22.214464],[106.405026,22.220807],[106.399448,22.222081],[106.399302,22.224441],[106.402794,22.228746],[106.399693,22.24272],[106.400581,22.244977],[106.405063,22.246149],[106.409035,22.246022],[106.412013,22.243415],[106.418363,22.247533],[106.423561,22.245505],[106.42799,22.247072],[106.42904,22.256158],[106.433929,22.260574],[106.436486,22.260579],[106.43763,22.26324],[106.43735,22.266074],[106.430362,22.270398],[106.431161,22.272423]]]}},{"type":"Feature","properties":{"code":"06457","name":"Xã Tuấn Sơn","type":"Xã"},"geometry":{"type":"Polygon","coordinates":[[[106.324278,21.525089],[106.325442,21.518354],[106.329769,21.516677],[106.329527,21.512281],[106.333868,21.504118],[106.333075,21.501652],[106.334841,21.501535],[106.332614,21.497185],[106.336777,21.492319],[106.336772,21.489669],[106.338309,21.490108],[106.339129,21.485489],[106.344017,21.484865],[106.346358,21.482311],[106.345181,21.481759],[106.345219,21.476647],[106.352769,21.476929],[106.360383,21.482814],[106.365198,21.484531],[106.369547,21.475281],[106.372738,21.474153],[106.375056,21.475549],[106.379168,21.472919],[106.385888,21.475978],[106.387099,21.47457],[106.390348,21.475052],[106.392357,21.477378],[106.393586,21.475573],[106.398976,21.481537],[106.405406,21.483128],[106.407423,21.481689],[106.410444,21.471708],[106.409904,21.468507],[106.416823,21.462929],[106.413439,21.45952],[106.413866,21.456185],[106.411937,21.452879],[106.408519,21.45139],[106.409396,21.446173],[106.407355,21.439674],[106.410157,21.436939],[106.415785,21.438751],[106.417594,21.4372],[106.414183,21.431967],[106.405516,21.428957],[106.405337,21.424193],[106.40861,21.41907],[106.415428,21.416248],[106.415937,21.407826],[106.40509,21.403712],[106.401193,21.406182],[106.400593,21.405033],[106.395193,21.405295],[106.387259,21.397323],[106.381814,21.39641],[106.378056,21.393598],[106.370655,21.395317],[106.367199,21.399446],[106.361575,21.395845],[106.353843,21.397307],[106.351536,21.396044],[106.345952,21.401076],[106.34372,21.398703],[106.340492,21.399759],[106.340908,21.396849],[106.339036,21.398936],[106.338184,21.398174],[106.335129,21.403953],[106.331399,21.404694],[106.329295,21.408314],[106.323268,21.410633],[106.32704,21.420046],[106.324782,21.42446],[106.327813,21.425497],[106.330425,21.430883],[106.329311,21.431373],[106.329938,21.433489],[106.333381,21.43547],[106.333304,21.43816],[106.328876,21.441086],[106.328958,21.44656],[106.325619,21.448062],[106.318617,21.446616],[106.316105,21.44407],[106.310574,21.451938],[106.304078,21.448201],[106.305944,21.442223],[106.300844,21.443122],[106.298737,21.446597],[106.295287,21.442965],[106.288151,21.449825],[106.290577,21.453351],[106.290062,21.455771],[106.283398,21.452217],[106.282953,21.456549],[106.285058,21.459656],[106.28448,21.462073],[106.287015,21.466095],[106.287263,21.469899],[106.282747,21.472415],[106.285323,21.478779],[106.285205,21.48751],[106.289208,21.492214],[106.293642,21.492225],[106.297554,21.496562],[106.299664,21.496837],[106.299597,21.499089],[106.296578,21.500842],[106.298217,21.50224],[106.295431,21.511669],[106.296614,21.518891],[106.302029,21.524806],[106.307842,21.525409],[106.314011,21.522803],[106.324278,21.525089]]]}},{"type":"Feature","properties":{"code":"06445","name":"Xã Tân Thành","type":"Xã"},"geometry":{"type":"Polygon","coordinates":[[[106.456265,21.567981],[106.469091,21.565092],[106.468694,21.560911],[106.470503,21.560874],[106.473447,21.556408],[106.477863,21.55594],[106.482332,21.552821],[106.495076,21.559092],[106.498059,21.555929],[106.504166,21.556259],[106.50577,21.55345],[106.51092,21.551162],[106.512488,21.548487],[106.512434,21.543497],[106.516918,21.54168],[106.522165,21.535565],[106.518094,21.532184],[106.515103,21.531774],[106.508703,21.525858],[106.506882,21.520915],[106.510949,21.517504],[106.510582,21.514921],[106.516617,21.510249],[106.518768,21.502477],[106.521644,21.49954],[106.508685,21.484469],[106.494402,21.482828],[106.493049,21.474635],[106.4887,21.471032],[106.489237,21.469297],[106.487297,21.466548],[106.488342,21.462571],[106.48447,21.457966],[106.482571,21.448576],[106.473002,21.447865],[106.471264,21.444711],[106.471681,21.441804],[106.46619,21.436979],[106.456239,21.437944],[106.452321,21.440095],[106.450775,21.436362],[106.44359,21.436181],[106.438539,21.443829],[106.434725,21.442242],[106.432785,21.43794],[106.427609,21.440271],[106.419889,21.437584],[106.415785,21.438751],[106.410054,21.436972],[106.407314,21.439938],[106.409396,21.446173],[106.408409,21.45109],[106.411937,21.452879],[106.413866,21.456185],[106.413439,21.45952],[106.416823,21.462929],[106.409904,21.468507],[106.410444,21.471708],[106.407423,21.481689],[106.405406,21.483128],[106.401769,21.481843],[106.398778,21.485417],[106.404925,21.491598],[106.405853,21.500737],[106.412144,21.508143],[106.412504,21.517562],[106.411033,21.520869],[106.41584,21.524747],[106.415584,21.528372],[106.419897,21.532841],[106.428691,21.532628],[106.432023,21.529344],[106.437249,21.534866],[106.43654,21.537625],[106.437922,21.540726],[106.433263,21.545619],[106.435406,21.54609],[106.436073,21.548102],[106.432415,21.554042],[106.43526,21.554347],[106.435866,21.565411],[106.442185,21.567318],[106.447034,21.565383],[106.449463,21.567874],[106.456265,21.567981]]]}},{"type":"Feature","properties":{"code":"06019","name":"Xã Tân Tiến","type":"Xã"},"geometry":{"type":"Polygon","coordinates":[[[106.345056,22.352101],[106.354535,22.346891],[106.353785,22.344831],[106.357038,22.339219],[106.361031,22.34078],[106.367936,22.337192],[106.368462,22.328719],[106.372557,22.319225],[106.378218,22.315992],[106.381869,22.31578],[106.387204,22.309119],[106.390883,22.308061],[106.390449,22.306484],[106.396733,22.306818],[106.400753,22.302572],[106.402101,22.298111],[106.407227,22.295012],[106.409168,22.290481],[106.414514,22.291005],[106.416629,22.289754],[106.419611,22.291473],[106.423765,22.283817],[106.430476,22.28294],[106.430441,22.270204],[106.437546,22.265869],[106.436486,22.260579],[106.433929,22.260574],[106.42904,22.256158],[106.42799,22.247072],[106.423561,22.245505],[106.418363,22.247533],[106.412013,22.243415],[106.408713,22.246118],[106.400581,22.244977],[106.399677,22.242175],[106.401905,22.235374],[106.400937,22.233575],[106.402269,22.227613],[106.399302,22.224441],[106.396432,22.225067],[106.395465,22.222659],[106.38879,22.22097],[106.384321,22.217982],[106.379631,22.219311],[106.378779,22.228387],[106.374497,22.231572],[106.373192,22.229861],[106.348705,22.230556],[106.337076,22.229228],[106.328435,22.237471],[106.317125,22.239725],[106.314531,22.239001],[106.308159,22.25106],[106.302741,22.251192],[106.297101,22.254785],[106.293948,22.251798],[106.28777,22.253318],[106.287278,22.250369],[106.282299,22.251297],[106.278106,22.249718],[106.272694,22.251922],[106.267469,22.251592],[106.263621,22.254179],[106.256699,22.25219],[106.251942,22.246904],[106.24574,22.246666],[106.242946,22.248311],[106.247189,22.255977],[106.244837,22.260094],[106.245382,22.266928],[106.244017,22.268934],[106.234733,22.279099],[106.228058,22.282473],[106.223857,22.282604],[106.22404,22.286758],[106.222487,22.288844],[106.219974,22.290225],[106.215005,22.288288],[106.210884,22.290879],[106.208809,22.297148],[106.204628,22.301475],[106.203476,22.307199],[106.20038,22.309347],[106.199453,22.312445],[106.200986,22.31605],[106.203027,22.314044],[106.207668,22.314195],[106.216855,22.320148],[106.21919,22.318948],[106.222462,22.319785],[106.227672,22.316716],[106.229153,22.318021],[106.238078,22.315119],[106.240965,22.315917],[106.245813,22.324369],[106.252132,22.324901],[106.254599,22.331095],[106.261357,22.329379],[106.278429,22.340797],[106.284128,22.339226],[106.281684,22.343382],[106.284237,22.345851],[106.286836,22.343494],[106.291688,22.344107],[106.29749,22.348997],[106.299801,22.347413],[106.305139,22.349021],[106.309376,22.348111],[106.311524,22.344292],[106.31979,22.344561],[106.31923,22.343707],[106.322463,22.343803],[106.324724,22.340852],[106.326476,22.344401],[106.332838,22.348202],[106.33929,22.346973],[106.345056,22.352101]]]}},{"type":"Feature","properties":{"code":"06337","name":"Xã Tân Tri","type":"Xã"},"geometry":{"type":"Polygon","coordinates":[[[106.221552,21.948898],[106.23046,21.945778],[106.232007,21.943788],[106.236177,21.945211],[106.240891,21.943745],[106.242411,21.939438],[106.24739,21.937847],[106.248457,21.936506],[106.245269,21.93352],[106.244137,21.929843],[106.24762,21.925474],[106.247707,21.922776],[106.251132,21.921883],[106.252413,21.919286],[106.259561,21.917277],[106.264457,21.919614],[106.267621,21.917099],[106.268514,21.918655],[106.27772,21.920841],[106.279137,21.922476],[106.284972,21.921872],[106.286372,21.920529],[106.285204,21.917721],[106.286121,21.91397],[106.296579,21.912723],[106.300343,21.910582],[106.299119,21.904268],[106.295497,21.900833],[106.291703,21.900435],[106.291998,21.897714],[106.287961,21.894977],[106.270422,21.897102],[106.266305,21.896889],[106.265116,21.893393],[106.259169,21.894567],[106.256929,21.891211],[106.257719,21.889246],[106.251369,21.886224],[106.24793,21.881155],[106.244563,21.883671],[106.237717,21.879086],[106.231841,21.883372],[106.23003,21.882982],[106.229412,21.880013],[106.222322,21.881658],[106.223171,21.879497],[106.221824,21.877804],[106.218125,21.878055],[106.212159,21.873807],[106.206754,21.873888],[106.204403,21.871171],[106.198888,21.869895],[106.195892,21.867522],[106.195389,21.861918],[106.192799,21.858915],[106.18465,21.858126],[106.181121,21.855551],[106.181358,21.853293],[106.176698,21.850571],[106.17679,21.846118],[106.172811,21.844784],[106.170646,21.838894],[106.1654,21.835384],[106.160036,21.837463],[106.159374,21.83404],[106.156294,21.833785],[106.154836,21.830857],[106.149671,21.828341],[106.146348,21.822616],[106.137691,21.819151],[106.13049,21.819416],[106.126421,21.816213],[106.128036,21.812796],[106.124983,21.809567],[106.124579,21.806496],[106.117246,21.804783],[106.111131,21.805858],[106.106105,21.804051],[106.103108,21.808814],[106.098124,21.812764],[106.095397,21.820858],[106.100747,21.824867],[106.100909,21.830178],[106.107857,21.83177],[106.108549,21.835873],[106.106569,21.84068],[106.114673,21.840572],[106.118319,21.843564],[106.111531,21.849901],[106.11309,21.854276],[106.110458,21.861007],[106.111732,21.865803],[106.115396,21.87023],[106.115412,21.874261],[106.113754,21.875502],[106.116281,21.880599],[106.113024,21.890705],[106.114707,21.891717],[106.11499,21.894573],[106.122515,21.896863],[106.123893,21.898818],[106.127234,21.898779],[106.130921,21.905474],[106.135022,21.905281],[106.13762,21.911121],[106.145964,21.915461],[106.150901,21.910948],[106.155928,21.9092],[106.164502,21.913416],[106.169578,21.912643],[106.174633,21.908729],[106.17728,21.9137],[106.173766,21.928269],[106.179299,21.934339],[106.17862,21.937649],[106.181293,21.939302],[106.180711,21.944305],[106.18438,21.945124],[106.187542,21.942742],[106.191995,21.946223],[106.199587,21.943368],[106.203568,21.944519],[106.204762,21.946532],[106.209422,21.946123],[106.213154,21.948084],[106.219392,21.947487],[106.221552,21.948898]]]}},{"type":"Feature","properties":{"code":"06115","name":"Xã Tân Văn","type":"Xã"},"geometry":{"type":"Polygon","coordinates":[[[106.459474,21.98186],[106.470147,21.980359],[106.48038,21.972189],[106.493844,21.96908],[106.495463,21.965768],[106.490095,21.96308],[106.489094,21.959428],[106.490096,21.95448],[106.493024,21.953083],[106.494774,21.949111],[106.4973,21.949638],[106.499922,21.947563],[106.503718,21.95063],[106.508941,21.947054],[106.51329,21.946869],[106.515615,21.948357],[106.524505,21.942849],[106.527809,21.942769],[106.530318,21.945312],[106.535328,21.945225],[106.53631,21.941809],[106.534245,21.929892],[106.536698,21.925196],[106.540446,21.923031],[106.535654,21.918276],[106.534677,21.913625],[106.521684,21.917007],[106.512429,21.915171],[106.503997,21.918152],[106.502403,21.914087],[106.499799,21.912451],[106.490663,21.910145],[106.49182,21.907448],[106.487087,21.900385],[106.487851,21.897103],[106.483496,21.897578],[106.481207,21.900707],[106.468885,21.890036],[106.461827,21.8911],[106.457902,21.88945],[106.45815,21.877604],[106.455422,21.876403],[106.452239,21.879322],[106.450298,21.874426],[106.440093,21.872552],[106.438056,21.867335],[106.435799,21.866172],[106.431506,21.866773],[106.427486,21.86524],[106.423109,21.869961],[106.418766,21.868071],[106.410469,21.87765],[106.409127,21.881173],[106.410477,21.883337],[106.407224,21.885925],[106.403115,21.884617],[106.398013,21.885472],[106.394816,21.887423],[106.389186,21.887921],[106.387726,21.889665],[106.392135,21.894314],[106.390604,21.895826],[106.390751,21.899422],[106.392954,21.908523],[106.405755,21.913445],[106.407686,21.919262],[106.412475,21.924454],[106.413179,21.928213],[106.411479,21.933291],[106.413063,21.936496],[106.407775,21.943221],[106.410559,21.949151],[106.408643,21.952241],[106.41053,21.955122],[106.409695,21.957471],[106.411791,21.959179],[106.409897,21.960557],[106.409276,21.966709],[106.406621,21.97078],[106.409663,21.973337],[106.411759,21.981094],[106.420771,21.98098],[106.424217,21.982862],[106.42484,21.978794],[106.430195,21.981012],[106.433913,21.975808],[106.441914,21.975401],[106.446918,21.977645],[106.45636,21.977089],[106.459474,21.98186]]]}},{"type":"Feature","properties":{"code":"06316","name":"Xã Tân Đoàn","type":"Xã"},"geometry":{"type":"Polygon","coordinates":[[[106.678895,21.798726],[106.687751,21.795748],[106.693885,21.796218],[106.698259,21.798859],[106.698967,21.794856],[106.702327,21.793828],[106.70205,21.790622],[106.707181,21.79028],[106.708546,21.786347],[106.716237,21.784726],[106.719465,21.781554],[106.718604,21.779879],[106.713135,21.777968],[106.711943,21.772668],[106.705514,21.770394],[106.704278,21.764807],[106.698188,21.76125],[106.691738,21.753225],[106.689035,21.751204],[106.682991,21.75125],[106.677845,21.743999],[106.673235,21.743382],[106.671694,21.741167],[106.662976,21.736761],[106.659113,21.739038],[106.659247,21.742194],[106.657176,21.744867],[106.647257,21.74199],[106.644897,21.739211],[106.640713,21.740226],[106.636778,21.746633],[106.638108,21.749007],[106.639971,21.749168],[106.637726,21.752475],[106.639027,21.756165],[106.636035,21.757693],[106.633838,21.757136],[106.629959,21.745092],[106.626459,21.74067],[106.619634,21.73757],[106.617397,21.740876],[106.615268,21.740956],[106.611662,21.737745],[106.605334,21.740387],[106.602178,21.736834],[106.602731,21.733783],[106.597848,21.732599],[106.597214,21.730648],[106.594458,21.731276],[106.592338,21.734061],[106.593603,21.740868],[106.590816,21.742628],[106.592573,21.745387],[106.590618,21.749756],[106.587186,21.75104],[106.584733,21.756273],[106.577654,21.75689],[106.571756,21.7631],[106.563918,21.766694],[106.560891,21.765222],[106.554227,21.765878],[106.55707,21.768466],[106.558137,21.777007],[106.562253,21.787316],[106.574634,21.788865],[106.576297,21.792626],[106.575532,21.79611],[106.571975,21.79744],[106.57433,21.805323],[106.585839,21.807283],[106.586178,21.81312],[106.590235,21.814713],[106.588732,21.81815],[106.597241,21.822946],[106.597267,21.827009],[106.602077,21.830868],[106.601807,21.833577],[106.603138,21.834107],[106.606943,21.834051],[106.611449,21.831147],[106.618068,21.831581],[106.621809,21.83667],[106.62739,21.829346],[106.627053,21.82501],[106.632168,21.819609],[106.632359,21.806419],[106.648167,21.793832],[106.654167,21.792638],[106.660432,21.797841],[106.665903,21.797965],[106.668071,21.799551],[106.678895,21.798726]]]}},{"type":"Feature","properties":{"code":"06415","name":"Xã Vân Nham","type":"Xã"},"geometry":{"type":"Polygon","coordinates":[[[106.273427,21.582959],[106.276563,21.584114],[106.277816,21.581371],[106.280166,21.582255],[106.283045,21.578167],[106.287122,21.577092],[106.293189,21.578875],[106.295764,21.574651],[106.299725,21.576494],[106.300172,21.574623],[106.304319,21.57472],[106.305105,21.573112],[106.317115,21.574011],[106.31883,21.571282],[106.3208,21.572129],[106.326818,21.569006],[106.325749,21.56529],[106.331277,21.563322],[106.333524,21.559259],[106.341454,21.556089],[106.339601,21.554571],[106.339894,21.552609],[106.336584,21.55082],[106.339876,21.543675],[106.336912,21.540954],[106.3373,21.536833],[106.335405,21.535558],[106.338264,21.531532],[106.336266,21.527804],[106.340076,21.521662],[106.33119,21.516256],[106.326334,21.517018],[106.324123,21.525453],[106.314011,21.522803],[106.307842,21.525409],[106.301155,21.524509],[106.296614,21.518891],[106.295448,21.512244],[106.298077,21.503739],[106.296578,21.500842],[106.299597,21.499089],[106.299412,21.496384],[106.297554,21.496562],[106.293642,21.492225],[106.289208,21.492214],[106.285273,21.490156],[106.280402,21.490256],[106.273151,21.493564],[106.269363,21.48942],[106.264808,21.491598],[106.256699,21.486715],[106.248801,21.487514],[106.245058,21.483378],[106.244429,21.481873],[106.245587,21.481104],[106.245748,21.48042],[106.245433,21.480373],[106.244253,21.481744],[106.243664,21.483431],[106.245579,21.485067],[106.241517,21.486569],[106.237965,21.494501],[106.226544,21.495111],[106.226046,21.499794],[106.22754,21.500658],[106.227359,21.50453],[106.228851,21.506057],[106.222956,21.508796],[106.222181,21.513843],[106.225362,21.514857],[106.224001,21.518467],[106.226472,21.521044],[106.226013,21.522473],[106.232676,21.525206],[106.232657,21.528983],[106.236342,21.529616],[106.235284,21.534694],[106.237912,21.53457],[106.241025,21.537086],[106.240056,21.542037],[106.241978,21.540977],[106.24367,21.545008],[106.248544,21.544992],[106.258176,21.553578],[106.256506,21.554905],[106.253854,21.554354],[106.248645,21.559523],[106.244918,21.559385],[106.245057,21.563242],[106.251881,21.568611],[106.254901,21.565702],[106.26221,21.566379],[106.263534,21.569874],[106.261995,21.572669],[106.264526,21.575025],[106.261288,21.578034],[106.263748,21.579259],[106.262612,21.581275],[106.266949,21.583288],[106.269364,21.582521],[106.270617,21.584318],[106.273427,21.582959]]]}},{"type":"Feature","properties":{"code":"06154","name":"Xã Văn Lãng","type":"Xã"},"geometry":{"type":"Polygon","coordinates":[[[106.592027,22.052289],[106.594149,22.051156],[106.595442,22.046795],[106.589733,22.046974],[106.588243,22.042052],[106.601555,22.039755],[106.595825,22.029386],[106.600467,22.026984],[106.600365,22.025555],[106.598781,22.02419],[106.596332,22.025784],[106.591669,22.025087],[106.592951,22.017804],[106.585458,22.021616],[106.582634,22.020659],[106.585308,22.015584],[106.583519,22.014473],[106.583888,22.012679],[106.58011,22.011223],[106.578917,22.012517],[106.578,22.007769],[106.576348,22.00728],[106.576868,22.008843],[106.574755,22.009485],[106.574236,22.005606],[106.572411,22.006186],[106.57317,22.005368],[106.571236,22.003971],[106.570413,22.005113],[106.565384,22.0037],[106.563205,22.005697],[106.559761,22.005527],[106.557857,22.004791],[106.557841,22.002604],[106.550956,22.000234],[106.547736,22.006064],[106.544752,22.007047],[106.541662,22.011002],[106.542004,22.014224],[106.539299,22.016218],[106.541514,22.020222],[106.540471,22.022562],[106.544945,22.027983],[106.543646,22.029586],[106.544961,22.031518],[106.54417,22.03422],[106.538789,22.031579],[106.535715,22.033323],[106.530516,22.032863],[106.527402,22.045652],[106.521747,22.047188],[106.521664,22.051705],[106.517213,22.055627],[106.518805,22.059023],[106.515114,22.060081],[106.509833,22.068306],[106.508262,22.073317],[106.511384,22.078245],[106.509499,22.083233],[106.505951,22.083648],[106.503211,22.089135],[106.497541,22.090291],[106.4967,22.092707],[106.498627,22.096287],[106.487296,22.09148],[106.483462,22.095195],[106.482194,22.094015],[106.48102,22.095224],[106.48107,22.098135],[106.479255,22.098764],[106.477458,22.104075],[106.476172,22.10163],[106.470279,22.102088],[106.457837,22.096069],[106.45953,22.099708],[106.458652,22.103987],[106.473219,22.116455],[106.470171,22.122967],[106.477976,22.126318],[106.477415,22.133136],[106.480816,22.136517],[106.491453,22.139604],[106.490331,22.144613],[106.488289,22.146611],[106.488926,22.15062],[106.486908,22.151531],[106.487631,22.15387],[106.500526,22.149569],[106.499956,22.147418],[106.503601,22.143287],[106.507014,22.146712],[106.518967,22.15133],[106.51972,22.149598],[106.524436,22.14934],[106.529959,22.146416],[106.530482,22.144213],[106.533514,22.143609],[106.53179,22.148467],[106.528329,22.151333],[106.527136,22.160796],[106.525303,22.162151],[106.526716,22.163088],[106.531309,22.158496],[106.533132,22.159009],[106.536383,22.162326],[106.535353,22.164851],[106.536416,22.170447],[106.541531,22.171898],[106.543414,22.17005],[106.543748,22.165956],[106.552612,22.153242],[106.562934,22.148851],[106.573328,22.149064],[106.577827,22.147529],[106.578586,22.141594],[106.570268,22.143185],[106.571346,22.139462],[106.570105,22.135704],[106.564942,22.137548],[106.562096,22.131918],[106.572346,22.121359],[106.56719,22.114962],[106.570627,22.115518],[106.573085,22.108625],[106.583102,22.098967],[106.581285,22.095375],[106.582049,22.090537],[106.588837,22.08395],[106.591271,22.083959],[106.594861,22.080965],[106.58986,22.075672],[106.590981,22.065412],[106.593887,22.059379],[106.591374,22.056458],[106.595139,22.05568],[106.592027,22.052289]]]}},{"type":"Feature","properties":{"code":"06253","name":"Xã Văn Quan","type":"Xã"},"geometry":{"type":"Polygon","coordinates":[[[106.566284,21.879612],[106.56433,21.872927],[106.554449,21.874975],[106.551889,21.87419],[106.555499,21.864771],[106.559189,21.863239],[106.55842,21.859809],[106.554558,21.860276],[106.548907,21.857457],[106.545612,21.858293],[106.543362,21.853827],[106.540241,21.853066],[106.540689,21.848646],[106.536445,21.847963],[106.535982,21.845744],[106.5333,21.844533],[106.532306,21.840747],[106.530984,21.840606],[106.529373,21.850532],[106.524024,21.851901],[106.523822,21.847919],[106.519993,21.847269],[106.517532,21.844682],[106.514455,21.836895],[106.518011,21.834853],[106.517222,21.827442],[106.519937,21.824125],[106.51613,21.821843],[106.515021,21.822942],[106.510427,21.816943],[106.506692,21.813916],[106.504155,21.813982],[106.503733,21.810898],[106.499342,21.805431],[106.490913,21.81058],[106.469182,21.808181],[106.463803,21.814153],[106.460942,21.81426],[106.450884,21.81992],[106.451147,21.82242],[106.456399,21.826577],[106.460387,21.826778],[106.460321,21.828703],[106.461894,21.829321],[106.469523,21.830034],[106.470993,21.831093],[106.471544,21.835802],[106.475385,21.836596],[106.469749,21.849706],[106.455568,21.854783],[106.456131,21.858341],[106.459822,21.861569],[106.458721,21.864418],[106.45974,21.868964],[106.451811,21.87598],[106.451763,21.878808],[106.455422,21.876403],[106.45815,21.877604],[106.458651,21.883573],[106.457051,21.887883],[106.458438,21.889872],[106.461827,21.8911],[106.468885,21.890036],[106.481207,21.900707],[106.483496,21.897578],[106.487954,21.89717],[106.487087,21.900385],[106.49182,21.907448],[106.490663,21.910145],[106.499799,21.912451],[106.502403,21.914087],[106.503997,21.918152],[106.512429,21.915171],[106.521684,21.917007],[106.534677,21.913625],[106.535654,21.918276],[106.539103,21.920356],[106.543143,21.918676],[106.546787,21.921074],[106.550522,21.919841],[106.547923,21.914111],[106.554416,21.90714],[106.550249,21.889403],[106.557378,21.88599],[106.55913,21.882281],[106.560038,21.88736],[106.563187,21.886349],[106.566284,21.879612]]]}},{"type":"Feature","properties":{"code":"06367","name":"Xã Vũ Lăng","type":"Xã"},"geometry":{"type":"Polygon","coordinates":[[[106.266305,21.896889],[106.287961,21.894977],[106.288422,21.892407],[106.295641,21.890224],[106.298091,21.883398],[106.295599,21.878139],[106.297627,21.875805],[106.30507,21.873195],[106.308311,21.875137],[106.30997,21.873054],[106.31419,21.873028],[106.318062,21.869817],[106.32106,21.874915],[106.324842,21.876453],[106.325628,21.879172],[106.328423,21.878848],[106.333348,21.873644],[106.341139,21.874539],[106.342765,21.875993],[106.352488,21.869494],[106.352109,21.864209],[106.349262,21.86192],[106.342744,21.859016],[106.339562,21.859978],[106.334197,21.85613],[106.332173,21.852149],[106.329379,21.851182],[106.328499,21.852904],[106.326269,21.852832],[106.324102,21.846846],[106.31937,21.848091],[106.314025,21.845241],[106.315985,21.842267],[106.32551,21.836104],[106.327217,21.828199],[106.329443,21.826712],[106.328553,21.824411],[106.330436,21.821938],[106.328811,21.819059],[106.33014,21.815561],[106.327074,21.815121],[106.322542,21.81032],[106.328851,21.804034],[106.327381,21.802032],[106.329096,21.795808],[106.331889,21.791471],[106.33368,21.791534],[106.332723,21.790251],[106.33403,21.788475],[106.331261,21.786705],[106.329001,21.780137],[106.323289,21.778293],[106.319899,21.76977],[106.311401,21.773341],[106.313767,21.77919],[106.305434,21.785474],[106.295444,21.784803],[106.289667,21.776716],[106.285179,21.777299],[106.273121,21.781572],[106.271359,21.784722],[106.267625,21.783886],[106.261164,21.787778],[106.259742,21.785359],[106.253442,21.786222],[106.252009,21.788473],[106.25271,21.790686],[106.250918,21.791478],[106.236948,21.793012],[106.237432,21.799959],[106.240839,21.803867],[106.239735,21.80664],[106.228321,21.80474],[106.221977,21.807231],[106.224866,21.809498],[106.224476,21.818194],[106.222266,21.818313],[106.218322,21.822088],[106.217331,21.828472],[106.221276,21.829611],[106.227672,21.83954],[106.230566,21.839724],[106.229318,21.843502],[106.231382,21.847212],[106.237713,21.847565],[106.242413,21.850706],[106.241524,21.853402],[106.243636,21.861733],[106.249589,21.866067],[106.247767,21.873245],[106.249085,21.877805],[106.247445,21.8806],[106.250375,21.8853],[106.257719,21.889246],[106.256929,21.891211],[106.259169,21.894567],[106.262787,21.892935],[106.266174,21.893685],[106.264791,21.895134],[106.266305,21.896889]]]}},{"type":"Feature","properties":{"code":"06364","name":"Xã Vũ Lễ","type":"Xã"},"geometry":{"type":"Polygon","coordinates":[[[106.244563,21.883671],[106.249115,21.877526],[106.248068,21.86851],[106.249589,21.866067],[106.243636,21.861733],[106.241524,21.853402],[106.242413,21.850706],[106.237713,21.847565],[106.231382,21.847212],[106.229318,21.843502],[106.230566,21.839724],[106.227672,21.83954],[106.221276,21.829611],[106.217331,21.828472],[106.218322,21.822088],[106.222266,21.818313],[106.224476,21.818194],[106.225229,21.811465],[106.221977,21.807231],[106.211329,21.804041],[106.213076,21.803545],[106.219166,21.792307],[106.219408,21.78821],[106.216655,21.781552],[106.208708,21.783327],[106.178812,21.767547],[106.174598,21.749023],[106.173309,21.750505],[106.168422,21.749821],[106.165384,21.755412],[106.160152,21.755175],[106.15457,21.761627],[106.153448,21.760502],[106.149325,21.761291],[106.148613,21.767312],[106.139377,21.777866],[106.137857,21.784688],[106.133127,21.785517],[106.127743,21.783001],[106.121443,21.783453],[106.11865,21.780908],[106.1172,21.78247],[106.111146,21.781884],[106.112438,21.783442],[106.110938,21.788522],[106.106414,21.790732],[106.106299,21.799578],[106.107729,21.803214],[106.106105,21.804051],[106.111131,21.805858],[106.117246,21.804783],[106.124579,21.806496],[106.124983,21.809567],[106.128036,21.812796],[106.126421,21.816213],[106.13049,21.819416],[106.137691,21.819151],[106.146348,21.822616],[106.149671,21.828341],[106.154836,21.830857],[106.156294,21.833785],[106.159374,21.83404],[106.160036,21.837463],[106.1654,21.835384],[106.170646,21.838894],[106.172811,21.844784],[106.17679,21.846118],[106.176698,21.850571],[106.181358,21.853293],[106.181121,21.855551],[106.18465,21.858126],[106.192799,21.858915],[106.195389,21.861918],[106.195892,21.867522],[106.198888,21.869895],[106.204403,21.871171],[106.206754,21.873888],[106.212159,21.873807],[106.218125,21.878055],[106.221824,21.877804],[106.223171,21.879497],[106.222322,21.881658],[106.229412,21.880013],[106.23003,21.882982],[106.231841,21.883372],[106.237717,21.879086],[106.244563,21.883671]]]}},{"type":"Feature","properties":{"code":"06505","name":"Xã Vạn Linh","type":"Xã"},"geometry":{"type":"Polygon","coordinates":[[[106.418475,21.696839],[106.431534,21.695339],[106.431111,21.69151],[106.437007,21.691978],[106.439868,21.690031],[106.440006,21.687445],[106.444504,21.685363],[106.44616,21.690901],[106.454326,21.689129],[106.454336,21.692319],[106.459423,21.692147],[106.461681,21.684438],[106.460375,21.681924],[106.477559,21.684151],[106.479612,21.685889],[106.478607,21.688853],[106.484356,21.691547],[106.486282,21.688279],[106.485374,21.686635],[106.491735,21.682701],[106.492975,21.68021],[106.489809,21.679659],[106.487492,21.675639],[106.503407,21.667201],[106.51036,21.66878],[106.518954,21.67665],[106.521054,21.676191],[106.522571,21.677669],[106.522095,21.684229],[106.525563,21.684283],[106.532851,21.6888],[106.53604,21.686704],[106.539124,21.691044],[106.542056,21.690166],[106.547529,21.691775],[106.549454,21.691021],[106.549647,21.687724],[106.559453,21.685686],[106.559463,21.683806],[106.563625,21.681885],[106.5643,21.677865],[106.562606,21.677286],[106.560783,21.672837],[106.563636,21.66828],[106.562431,21.664761],[106.565554,21.66326],[106.56616,21.66051],[106.563439,21.658268],[106.563931,21.652503],[106.557658,21.650778],[106.557794,21.647057],[106.553799,21.644362],[106.553098,21.641853],[106.544256,21.637869],[106.543701,21.634754],[106.538165,21.630832],[106.539735,21.624101],[106.532387,21.624392],[106.516191,21.613471],[106.502313,21.609915],[106.501616,21.606416],[106.504952,21.602089],[106.506056,21.595628],[106.501224,21.591864],[106.498517,21.585483],[106.490663,21.585362],[106.486548,21.590231],[106.482171,21.588021],[106.480918,21.582256],[106.484081,21.58055],[106.482192,21.579071],[106.482506,21.574595],[106.480051,21.569678],[106.478503,21.570641],[106.475648,21.568825],[106.475239,21.56623],[106.472963,21.566077],[106.471902,21.564114],[106.460176,21.568016],[106.447617,21.566852],[106.44567,21.576749],[106.450728,21.587602],[106.449539,21.597862],[106.446278,21.599629],[106.4457,21.604094],[106.437197,21.611134],[106.435517,21.614912],[106.43989,21.619448],[106.435638,21.623845],[106.433776,21.623155],[106.432587,21.624576],[106.432028,21.628713],[106.4281,21.633537],[106.428404,21.639051],[106.424941,21.639929],[106.425404,21.641969],[106.423191,21.643673],[106.424392,21.648143],[106.418195,21.65303],[106.421213,21.658601],[106.420136,21.661932],[106.421542,21.665989],[106.425848,21.669149],[106.424871,21.672079],[106.427098,21.677358],[106.424066,21.682322],[106.423857,21.689439],[106.418475,21.696839]]]}},{"type":"Feature","properties":{"code":"06607","name":"Xã Xuân Dương","type":"Xã"},"geometry":{"type":"Polygon","coordinates":[[[106.881819,21.683502],[106.886437,21.684238],[106.892346,21.682891],[106.897364,21.673144],[106.908119,21.669627],[106.911129,21.671552],[106.917469,21.666678],[106.919399,21.667073],[106.921184,21.65883],[106.923669,21.657551],[106.923034,21.654739],[106.926473,21.650472],[106.91979,21.647133],[106.919022,21.641913],[106.925864,21.632952],[106.925565,21.618832],[106.929383,21.620036],[106.935621,21.617857],[106.942392,21.609884],[106.937966,21.600967],[106.937405,21.594032],[106.942935,21.595921],[106.952142,21.585569],[106.958414,21.586182],[106.961026,21.588866],[106.959755,21.594477],[106.955939,21.600429],[106.950706,21.603836],[106.952377,21.60569],[106.949765,21.611355],[106.950372,21.613585],[106.960468,21.615681],[106.964261,21.612561],[106.965866,21.608253],[106.968679,21.606889],[106.96898,21.603184],[106.97092,21.6026],[106.968225,21.597665],[106.969711,21.590908],[106.968055,21.586107],[106.963551,21.581304],[106.963286,21.576599],[106.959403,21.572054],[106.954336,21.567308],[106.951385,21.567206],[106.948051,21.564751],[106.949456,21.558539],[106.953861,21.558312],[106.958579,21.55575],[106.967034,21.555738],[106.967987,21.552524],[106.972949,21.547915],[106.976917,21.549703],[106.988537,21.546077],[106.98522,21.542184],[106.9825,21.535178],[106.972553,21.535543],[106.97185,21.532017],[106.975415,21.529075],[106.97546,21.523351],[106.968718,21.519671],[106.954895,21.516041],[106.947811,21.522205],[106.944289,21.522064],[106.942612,21.526281],[106.937865,21.526754],[106.926198,21.518708],[106.923503,21.519999],[106.919513,21.517517],[106.916997,21.520089],[106.913843,21.520973],[106.913509,21.516993],[106.909663,21.513832],[106.90126,21.511688],[106.904416,21.498647],[106.890588,21.489504],[106.873897,21.496909],[106.852397,21.496385],[106.852538,21.499806],[106.845454,21.493672],[106.842929,21.49429],[106.843991,21.499754],[106.84161,21.504909],[106.838667,21.506995],[106.839689,21.512406],[106.845624,21.513344],[106.850657,21.517191],[106.850337,21.522565],[106.851854,21.525339],[106.853926,21.525962],[106.858441,21.523501],[106.862245,21.524609],[106.865212,21.528224],[106.86527,21.53366],[106.859786,21.537126],[106.858318,21.539907],[106.85652,21.539015],[106.850283,21.541159],[106.849145,21.546475],[106.850216,21.547605],[106.843179,21.560487],[106.830854,21.561919],[106.834447,21.577527],[106.83419,21.583865],[106.828808,21.590886],[106.825837,21.599488],[106.814161,21.603333],[106.823378,21.615829],[106.823894,21.6217],[106.826365,21.625408],[106.833291,21.629426],[106.835976,21.629249],[106.841195,21.633633],[106.846349,21.633794],[106.844581,21.646368],[106.849637,21.649204],[106.856424,21.656888],[106.859343,21.657069],[106.858129,21.660839],[106.860244,21.664393],[106.859515,21.667891],[106.860877,21.668498],[106.861811,21.66654],[106.865726,21.667648],[106.878861,21.680638],[106.878323,21.68493],[106.881819,21.683502]]]}},{"type":"Feature","properties":{"code":"06391","name":"Xã Yên Bình","type":"Xã"},"geometry":{"type":"Polygon","coordinates":[[[106.301723,21.698011],[106.306454,21.697375],[106.307243,21.695391],[106.312945,21.695264],[106.314846,21.692678],[106.33133,21.696706],[106.332381,21.691595],[106.328987,21.689382],[106.327379,21.684128],[106.323828,21.68131],[106.324847,21.679893],[106.322802,21.675744],[106.324025,21.673285],[106.322134,21.670894],[106.318222,21.670684],[106.315867,21.668827],[106.317286,21.666875],[106.32392,21.664192],[106.32565,21.664921],[106.32599,21.663525],[106.335939,21.661986],[106.343229,21.665093],[106.346384,21.663745],[106.349499,21.665748],[106.349138,21.662854],[106.347562,21.655955],[106.340556,21.656516],[106.338551,21.653252],[106.340168,21.649756],[106.336895,21.640679],[106.337389,21.638253],[106.33426,21.636661],[106.331633,21.631304],[106.332876,21.630146],[106.329652,21.626625],[106.323818,21.625296],[106.322675,21.622519],[106.318046,21.620381],[106.318294,21.618275],[106.314961,21.616947],[106.313055,21.613834],[106.309046,21.614191],[106.308431,21.610543],[106.303376,21.603766],[106.301298,21.60471],[106.300127,21.602265],[106.297327,21.603351],[106.296615,21.601632],[106.293025,21.601248],[106.291611,21.596319],[106.288582,21.594738],[106.287504,21.589188],[106.288958,21.588864],[106.287369,21.58702],[106.280635,21.586293],[106.280166,21.582255],[106.277816,21.581371],[106.276563,21.584114],[106.273427,21.582959],[106.274981,21.586708],[106.272686,21.588382],[106.2756,21.58947],[106.275969,21.591405],[106.272414,21.595453],[106.263628,21.597914],[106.262701,21.599966],[106.259997,21.599899],[106.258088,21.59786],[106.25497,21.598616],[106.253286,21.601196],[106.249215,21.599479],[106.247473,21.60228],[106.241694,21.604824],[106.239636,21.603767],[106.238021,21.605347],[106.233961,21.60313],[106.233559,21.605343],[106.226706,21.605749],[106.219074,21.603481],[106.217701,21.605144],[106.218977,21.607356],[106.215657,21.610058],[106.212315,21.61039],[106.208865,21.606866],[106.200153,21.609309],[106.198385,21.607589],[106.191845,21.609375],[106.191051,21.611762],[106.192399,21.614421],[106.197393,21.618657],[106.197929,21.62141],[106.194585,21.626757],[106.198058,21.632727],[106.192975,21.635857],[106.191384,21.643787],[106.192908,21.648066],[106.203956,21.653884],[106.206192,21.659472],[106.20537,21.662565],[106.206995,21.663882],[106.214837,21.667314],[106.217121,21.670668],[106.222042,21.673197],[106.228799,21.673682],[106.22838,21.671626],[106.232588,21.670542],[106.234507,21.66801],[106.241572,21.668462],[106.246292,21.666911],[106.257062,21.677795],[106.257057,21.679631],[106.262664,21.682777],[106.264618,21.68207],[106.269034,21.685398],[106.271336,21.684048],[106.273271,21.685889],[106.275424,21.684007],[106.277651,21.686793],[106.281774,21.686188],[106.284487,21.68795],[106.282666,21.690584],[106.285624,21.692456],[106.292694,21.690045],[106.301723,21.698011]]]}},{"type":"Feature","properties":{"code":"06298","name":"Xã Yên Phúc","type":"Xã"},"geometry":{"type":"Polygon","coordinates":[[[106.624777,21.872237],[106.626881,21.864029],[106.63322,21.865473],[106.636421,21.863689],[106.640152,21.852666],[106.638499,21.851601],[106.631895,21.853656],[106.625366,21.848994],[106.620592,21.84339],[106.622616,21.837606],[106.619707,21.832274],[106.611968,21.831072],[106.606784,21.8341],[106.601924,21.833719],[106.602077,21.830868],[106.597267,21.827009],[106.597241,21.822946],[106.588732,21.81815],[106.590235,21.814713],[106.586178,21.81312],[106.585839,21.807283],[106.57433,21.805323],[106.571975,21.79744],[106.5751,21.796988],[106.576284,21.792591],[106.574136,21.788021],[106.570254,21.789312],[106.567253,21.787279],[106.563989,21.788391],[106.562229,21.787284],[106.558137,21.777007],[106.55707,21.768466],[106.554329,21.76652],[106.555432,21.759248],[106.553752,21.757887],[106.553999,21.755894],[106.551409,21.755779],[106.544269,21.750643],[106.534233,21.755325],[106.532747,21.754139],[106.530134,21.755224],[106.524851,21.753292],[106.522793,21.747791],[106.518872,21.743191],[106.516908,21.745644],[106.507231,21.745515],[106.500719,21.750443],[106.499786,21.754201],[106.490902,21.753552],[106.485807,21.767182],[106.482858,21.770818],[106.48304,21.776844],[106.480706,21.779123],[106.482334,21.781509],[106.482003,21.787719],[106.48442,21.791779],[106.488089,21.791725],[106.488764,21.795683],[106.496575,21.807754],[106.499759,21.805671],[106.503733,21.810898],[106.504155,21.813982],[106.506692,21.813916],[106.510427,21.816943],[106.515021,21.822942],[106.51613,21.821843],[106.519937,21.824125],[106.517222,21.827442],[106.518011,21.834853],[106.514455,21.836895],[106.517532,21.844682],[106.519993,21.847269],[106.523822,21.847919],[106.524024,21.851901],[106.529373,21.850532],[106.531736,21.84059],[106.536445,21.847963],[106.540689,21.848646],[106.540241,21.853066],[106.543362,21.853827],[106.545612,21.858293],[106.548907,21.857457],[106.554558,21.860276],[106.55842,21.859809],[106.559189,21.863239],[106.555499,21.864771],[106.551869,21.874159],[106.554449,21.874975],[106.564399,21.872958],[106.566802,21.878699],[106.566915,21.883546],[106.568985,21.883656],[106.571939,21.887364],[106.580411,21.886568],[106.582149,21.882537],[106.581415,21.876545],[106.586295,21.874411],[106.594728,21.875155],[106.596587,21.8738],[106.600247,21.876965],[106.608378,21.873619],[106.610641,21.87741],[106.612838,21.877805],[106.624777,21.872237]]]}},{"type":"Feature","properties":{"code":"06280","name":"Xã Điềm He","type":"Xã"},"geometry":{"type":"Polygon","coordinates":[[[106.597674,21.986543],[106.599595,21.973228],[106.604657,21.969515],[106.609776,21.969501],[106.610773,21.967978],[106.606332,21.963044],[106.601724,21.960865],[106.606412,21.955396],[106.605431,21.952635],[106.598604,21.951286],[106.594552,21.946014],[106.594519,21.941905],[106.599961,21.942481],[106.603074,21.93248],[106.602973,21.928266],[106.599748,21.921768],[106.601198,21.915578],[106.595956,21.909579],[106.602712,21.898064],[106.602045,21.894063],[106.604148,21.891619],[106.604336,21.88652],[106.616717,21.891797],[106.618958,21.889342],[106.621305,21.880845],[106.625589,21.882886],[106.626124,21.87533],[106.624777,21.872237],[106.612838,21.877805],[106.610641,21.87741],[106.608378,21.873619],[106.600247,21.876965],[106.596587,21.8738],[106.594728,21.875155],[106.586958,21.87433],[106.58259,21.875548],[106.58119,21.877305],[106.582149,21.882537],[106.580411,21.886568],[106.571874,21.887336],[106.568985,21.883656],[106.566915,21.883546],[106.566284,21.879612],[106.563187,21.886349],[106.560312,21.887503],[106.558875,21.882405],[106.557378,21.88599],[106.550249,21.889403],[106.554416,21.90714],[106.547923,21.914111],[106.551069,21.919441],[106.546787,21.921074],[106.542497,21.918715],[106.539103,21.920356],[106.540409,21.92347],[106.536698,21.925196],[106.534294,21.929688],[106.53631,21.941809],[106.535328,21.945225],[106.530318,21.945312],[106.527809,21.942769],[106.524505,21.942849],[106.515679,21.948338],[106.508941,21.947054],[106.503718,21.95063],[106.49983,21.947559],[106.4973,21.949638],[106.494463,21.94931],[106.493024,21.953083],[106.49008,21.95451],[106.490095,21.96308],[106.495087,21.965122],[106.495416,21.967406],[106.498274,21.969021],[106.49806,21.971533],[106.501273,21.968812],[106.503927,21.973691],[106.506112,21.970976],[106.509176,21.973289],[106.511854,21.971357],[106.519673,21.975793],[106.520863,21.979962],[106.525493,21.980948],[106.527585,21.983954],[106.531651,21.981392],[106.535313,21.982108],[106.534896,21.986617],[106.531421,21.993418],[106.531566,21.998621],[106.53896,22.000565],[106.542465,22.005791],[106.545044,22.006863],[106.547736,22.006064],[106.550956,22.000234],[106.557841,22.002604],[106.557857,22.004791],[106.559761,22.005527],[106.563205,22.005697],[106.565384,22.0037],[106.570413,22.005113],[106.571236,22.003971],[106.57317,22.005368],[106.572411,22.006186],[106.574236,22.005606],[106.574755,22.009485],[106.57756,22.007439],[106.578518,22.012225],[106.58011,22.011223],[106.583767,22.012588],[106.583519,22.014473],[106.585308,22.015584],[106.58601,22.013186],[106.58162,22.008848],[106.582193,22.005642],[106.588738,22.006486],[106.590908,22.001949],[106.586631,21.9936],[106.590089,21.991697],[106.596033,21.995157],[106.595277,22.002689],[106.597522,22.003201],[106.600178,21.998038],[106.597674,21.986543]]]}},{"type":"Feature","properties":{"code":"06001","name":"Xã Đoàn Kết","type":"Xã"},"geometry":{"type":"Polygon","coordinates":[[[106.239477,22.461645],[106.246745,22.457669],[106.25058,22.457708],[106.260102,22.450356],[106.263843,22.451816],[106.268447,22.449604],[106.271108,22.450863],[106.273061,22.448227],[106.276884,22.447752],[106.284879,22.436798],[106.287963,22.427032],[106.298476,22.423695],[106.312301,22.410226],[106.319125,22.407484],[106.325795,22.409392],[106.328667,22.413032],[106.334237,22.409395],[106.332367,22.403136],[106.339638,22.396914],[106.340907,22.393817],[106.344492,22.392021],[106.343352,22.386155],[106.344953,22.382994],[106.344073,22.378382],[106.34122,22.376135],[106.341711,22.374495],[106.349938,22.368756],[106.352432,22.362408],[106.359183,22.359673],[106.360954,22.357339],[106.356509,22.348146],[106.354535,22.346891],[106.350286,22.350298],[106.344811,22.352055],[106.343113,22.349126],[106.33929,22.346973],[106.332626,22.348084],[106.326476,22.344401],[106.324724,22.340852],[106.322463,22.343803],[106.31923,22.343707],[106.31979,22.344561],[106.311524,22.344292],[106.309376,22.348111],[106.305139,22.349021],[106.299765,22.347413],[106.297559,22.349018],[106.291688,22.344107],[106.286836,22.343494],[106.283817,22.345633],[106.281684,22.343382],[106.284128,22.339226],[106.278429,22.340797],[106.261477,22.329428],[106.254599,22.331095],[106.252132,22.324901],[106.245813,22.324369],[106.240965,22.315917],[106.238078,22.315119],[106.229153,22.318021],[106.227672,22.316716],[106.222462,22.319785],[106.21919,22.318948],[106.216855,22.320148],[106.207801,22.314247],[106.202937,22.314094],[106.200986,22.31605],[106.201041,22.322943],[106.204983,22.328496],[106.205561,22.332307],[106.209252,22.335929],[106.208531,22.337607],[106.211589,22.341317],[106.214595,22.342019],[106.216921,22.346439],[106.21931,22.346698],[106.219921,22.350567],[106.217018,22.358102],[106.210226,22.36199],[106.208734,22.368408],[106.205359,22.369447],[106.2008,22.373893],[106.191256,22.375985],[106.187138,22.380039],[106.187889,22.384364],[106.184344,22.387089],[106.18615,22.388493],[106.187787,22.395909],[106.186671,22.400183],[106.193953,22.407719],[106.192099,22.411381],[106.193398,22.41397],[106.192327,22.415943],[106.199497,22.421973],[106.198636,22.426396],[106.201233,22.432044],[106.207025,22.436179],[106.207211,22.438757],[106.211133,22.440929],[106.214988,22.450475],[106.221709,22.455204],[106.230435,22.45454],[106.235844,22.460303],[106.239477,22.461645]]]}},{"type":"Feature","properties":{"code":"06613","name":"Xã Đình Lập","type":"Xã"},"geometry":{"type":"Polygon","coordinates":[[[107.095224,21.66671],[107.098477,21.660052],[107.09783,21.658116],[107.094319,21.65736],[107.095214,21.654684],[107.09113,21.64991],[107.088783,21.644125],[107.089172,21.641195],[107.096258,21.639215],[107.101264,21.640212],[107.110217,21.630225],[107.110738,21.626588],[107.108924,21.622659],[107.103071,21.615816],[107.104702,21.614184],[107.109007,21.613783],[107.11334,21.608402],[107.120577,21.604864],[107.138002,21.604822],[107.148532,21.597622],[107.156933,21.599782],[107.15797,21.598061],[107.162249,21.598595],[107.165231,21.591563],[107.160566,21.585427],[107.162799,21.564234],[107.152793,21.562244],[107.148439,21.559478],[107.143228,21.559937],[107.141126,21.55499],[107.136549,21.549974],[107.138137,21.546686],[107.137329,21.53804],[107.128522,21.531623],[107.127462,21.526679],[107.121953,21.525532],[107.112121,21.520077],[107.104598,21.522672],[107.099526,21.522413],[107.095707,21.524904],[107.086214,21.522146],[107.07688,21.515362],[107.072989,21.50627],[107.064378,21.506422],[107.062571,21.501886],[107.059098,21.500895],[107.054918,21.507663],[107.05522,21.51115],[107.05307,21.514248],[107.055068,21.518117],[107.051675,21.531264],[107.047341,21.534673],[107.048012,21.54001],[107.04291,21.544228],[107.043039,21.547014],[107.03954,21.553155],[107.035852,21.553487],[107.03502,21.56065],[107.033091,21.563364],[107.027851,21.56348],[107.027139,21.565975],[107.017352,21.574153],[107.008428,21.575404],[107.01115,21.577645],[107.011058,21.583928],[107.018435,21.586033],[107.018034,21.590267],[107.020209,21.592499],[107.015126,21.602425],[107.01013,21.605338],[107.010045,21.60779],[107.011853,21.607873],[107.014934,21.612941],[107.013655,21.616],[107.015491,21.618794],[107.01356,21.622008],[107.009465,21.624468],[107.007756,21.629744],[107.005396,21.631758],[107.006807,21.633501],[107.004528,21.635918],[107.006474,21.64097],[107.002872,21.646546],[107.006587,21.648207],[107.007201,21.651435],[107.009848,21.651093],[107.012638,21.647804],[107.012648,21.644006],[107.01569,21.641237],[107.015255,21.637327],[107.019225,21.636428],[107.022595,21.639006],[107.028396,21.639489],[107.030466,21.629945],[107.038261,21.627305],[107.040041,21.627717],[107.040956,21.630303],[107.042948,21.629786],[107.045501,21.632036],[107.050154,21.63104],[107.052043,21.633528],[107.052609,21.639537],[107.050392,21.643254],[107.055129,21.648213],[107.052453,21.650394],[107.051758,21.65345],[107.054845,21.657781],[107.060662,21.660229],[107.056148,21.664807],[107.05732,21.66798],[107.06118,21.669796],[107.063048,21.674427],[107.062089,21.6781],[107.065825,21.679836],[107.06699,21.6831],[107.071639,21.68603],[107.073056,21.678738],[107.077499,21.669818],[107.088827,21.666169],[107.091765,21.663438],[107.095224,21.66671]]]}},{"type":"Feature","properties":{"code":"06184","name":"Xã Đồng Đăng","type":"Xã"},"geometry":{"type":"Polygon","coordinates":[[[106.764845,22.013236],[106.775218,22.008822],[106.778386,22.00457],[106.784393,22.003955],[106.787639,21.997022],[106.787908,21.990634],[106.790341,21.989294],[106.792692,21.992844],[106.795732,21.993052],[106.797816,21.990251],[106.797016,21.985085],[106.787301,21.98519],[106.787163,21.982224],[106.782961,21.978147],[106.784007,21.976246],[106.777808,21.969684],[106.771965,21.973846],[106.765675,21.970867],[106.766441,21.969012],[106.760264,21.956934],[106.752844,21.953256],[106.749789,21.94648],[106.741303,21.945101],[106.742343,21.940352],[106.737262,21.934777],[106.739772,21.928222],[106.738696,21.924242],[106.736207,21.922449],[106.734225,21.912931],[106.735378,21.910123],[106.732561,21.905525],[106.734526,21.900943],[106.729303,21.897224],[106.732405,21.894667],[106.728585,21.889564],[106.728699,21.886892],[106.723479,21.882894],[106.718866,21.883031],[106.716194,21.888038],[106.713649,21.889121],[106.701281,21.885057],[106.694603,21.888576],[106.693045,21.891646],[106.690297,21.889488],[106.686793,21.890945],[106.68579,21.888222],[106.676501,21.886921],[106.676253,21.88492],[106.673278,21.885009],[106.672914,21.891952],[106.669345,21.898872],[106.667546,21.899714],[106.668388,21.903369],[106.663785,21.906785],[106.665283,21.909797],[106.66322,21.911494],[106.663452,21.913702],[106.665956,21.917463],[106.665646,21.919838],[106.660418,21.923087],[106.660564,21.93309],[106.656626,21.932359],[106.662559,21.935984],[106.65962,21.939746],[106.669481,21.940769],[106.670784,21.938608],[106.673233,21.93926],[106.673109,21.945743],[106.682443,21.953017],[106.690834,21.948808],[106.692634,21.951765],[106.691745,21.952715],[106.694314,21.953925],[106.692267,21.957004],[106.693592,21.961892],[106.695998,21.962575],[106.698947,21.960385],[106.702155,21.962626],[106.701678,21.964639],[106.703887,21.964919],[106.708308,21.970107],[106.707708,21.974793],[106.716034,21.972226],[106.726943,21.981537],[106.728696,21.992523],[106.734642,21.999794],[106.737179,22.000089],[106.736258,22.007588],[106.749473,22.008594],[106.758614,22.012789],[106.763177,22.011628],[106.764845,22.013236]]]}}]}