{"type":"FeatureCollection","features":[{"type":"Feature","properties":{"code":"07090","name":"Phường An Sinh","type":"Phường"},"geometry":{"type":"Polygon","coordinates":[[[106.558112,21.194404],[106.563488,21.19188],[106.564567,21.188858],[106.579504,21.192498],[106.582683,21.191566],[106.584402,21.189331],[106.587376,21.188977],[106.590647,21.183551],[106.588484,21.181124],[106.588673,21.178314],[106.58072,21.178566],[106.578947,21.176951],[106.569055,21.156128],[106.569435,21.150828],[106.566521,21.14845],[106.568886,21.136496],[106.564107,21.135166],[106.561747,21.132296],[106.563964,21.127809],[106.563259,21.123878],[106.557662,21.123804],[106.555108,21.12195],[106.553641,21.111674],[106.55168,21.111824],[106.55277,21.113185],[106.551371,21.118979],[106.550036,21.118317],[106.548471,21.120207],[106.546283,21.118449],[106.547036,21.1209],[106.545402,21.120879],[106.542248,21.11477],[106.538335,21.115116],[106.524593,21.102298],[106.522857,21.098338],[106.524333,21.098071],[106.523346,21.095647],[106.524642,21.092971],[106.521169,21.092908],[106.514716,21.097631],[106.512044,21.095239],[106.509707,21.097255],[106.505243,21.089463],[106.49569,21.087922],[106.493,21.089081],[106.494924,21.093385],[106.495557,21.097145],[106.493697,21.098595],[106.495377,21.10196],[106.491461,21.103012],[106.488182,21.1012],[106.485578,21.101692],[106.48241,21.098225],[106.479081,21.098459],[106.477204,21.094681],[106.477726,21.090977],[106.472913,21.093874],[106.473249,21.096303],[106.469164,21.097526],[106.462858,21.105406],[106.460608,21.106681],[106.459081,21.105709],[106.458253,21.107727],[106.457142,21.107049],[106.458448,21.106138],[106.456815,21.106261],[106.455589,21.109368],[106.453967,21.109431],[106.454023,21.107498],[106.452517,21.109454],[106.449159,21.104909],[106.447677,21.106549],[106.445904,21.10608],[106.446691,21.108037],[106.444613,21.109822],[106.44577,21.112028],[106.44144,21.113358],[106.441347,21.117575],[106.444169,21.117875],[106.445777,21.116277],[106.445563,21.11843],[106.452112,21.117174],[106.451867,21.11888],[106.455868,21.117441],[106.457958,21.119825],[106.460091,21.115815],[106.471932,21.118523],[106.473367,21.122493],[106.481755,21.126987],[106.481576,21.128783],[106.484211,21.130415],[106.481907,21.133831],[106.484548,21.137564],[106.483738,21.145237],[106.478609,21.145115],[106.47909,21.149522],[106.480804,21.15058],[106.483003,21.160373],[106.488518,21.165832],[106.488733,21.169808],[106.486412,21.172938],[106.490218,21.178337],[106.489506,21.180356],[106.496594,21.184803],[106.494101,21.198826],[106.501454,21.202352],[106.49802,21.211197],[106.500655,21.213549],[106.499563,21.217053],[106.501877,21.22405],[106.50809,21.221716],[106.512093,21.221506],[106.515108,21.223939],[106.5191,21.2245],[106.521675,21.222835],[106.52991,21.22234],[106.530305,21.218143],[106.534287,21.214041],[106.536507,21.20465],[106.542243,21.192454],[106.547221,21.19116],[106.552352,21.194089],[106.558112,21.194404]]]}},{"type":"Feature","properties":{"code":"06673","name":"Phường Bãi Cháy","type":"Phường"},"geometry":{"type":"MultiPolygon","coordinates":[[[[107.008168,20.863905],[107.008098,20.862389],[107.007533,20.863876],[107.008168,20.863905]]],[[[107.000353,20.869853],[107.002051,20.868899],[106.999811,20.869003],[107.000353,20.869853]]],[[[107.008204,20.8649],[107.003209,20.873215],[107.009294,20.868486],[107.010611,20.87262],[107.00862,20.870429],[107.007111,20.872958],[107.00893,20.876677],[107.011637,20.875434],[107.013205,20.878063],[107.014705,20.877579],[107.014911,20.875591],[107.011905,20.873808],[107.013142,20.872206],[107.01165,20.866426],[107.014127,20.863382],[107.009878,20.865911],[107.008204,20.8649]]],[[[107.017153,20.876507],[107.020775,20.872061],[107.018053,20.87097],[107.017869,20.868309],[107.012663,20.869487],[107.013536,20.87095],[107.016323,20.870742],[107.017153,20.876507]]],[[[107.005297,20.876688],[107.005088,20.874966],[107.003972,20.877108],[107.006369,20.877824],[107.007638,20.875852],[107.005297,20.876688]]],[[[107.003373,20.879173],[107.003797,20.877699],[107.002714,20.878811],[107.003373,20.879173]]],[[[107.011869,20.881494],[107.014527,20.8825],[107.015441,20.879009],[107.012015,20.880049],[107.011869,20.881494]]],[[[107.007373,20.883034],[107.007635,20.881557],[107.006264,20.881454],[107.006521,20.882863],[107.007373,20.883034]]],[[[107.009909,20.883155],[107.010552,20.886437],[107.008671,20.888298],[107.003592,20.879286],[107.001384,20.881411],[107.003688,20.881934],[107.004227,20.884055],[107.002833,20.885288],[107.004669,20.885998],[107.001671,20.887198],[107.001962,20.891247],[107.002915,20.892373],[107.003951,20.890726],[107.00636,20.890634],[107.006701,20.896406],[107.009515,20.894974],[107.00973,20.89631],[107.009426,20.892612],[107.012034,20.888855],[107.012234,20.883411],[107.009909,20.883155]]],[[[107.01539,20.888335],[107.01598,20.890229],[107.018394,20.889465],[107.015852,20.887984],[107.01539,20.888335]]],[[[107.004805,20.891537],[107.004141,20.893183],[107.005363,20.893353],[107.004805,20.891537]]],[[[107.018449,20.895576],[107.01796,20.895582],[107.017864,20.897381],[107.019485,20.898088],[107.018449,20.895576]]],[[[107.013352,20.902152],[107.015339,20.900491],[107.012491,20.896677],[107.014145,20.89713],[107.015363,20.895564],[107.01139,20.896505],[107.013739,20.899337],[107.013352,20.902152]]],[[[107.006113,20.901442],[107.008663,20.898525],[107.006548,20.898029],[107.005379,20.900438],[107.006113,20.901442]]],[[[107.008672,20.904337],[107.008746,20.902853],[107.007667,20.904196],[107.008672,20.904337]]],[[[107.010026,20.903614],[107.010043,20.908447],[107.012696,20.908392],[107.013419,20.904043],[107.010026,20.903614]]],[[[107.021861,20.864663],[107.021004,20.864616],[107.019918,20.865529],[107.02109,20.865762],[107.021861,20.864663]]],[[[107.033518,20.865155],[107.031308,20.86606],[107.032748,20.866913],[107.03211,20.868812],[107.034133,20.867158],[107.033518,20.865155]]],[[[107.024775,20.869104],[107.02732,20.86849],[107.028973,20.86666],[107.026584,20.864923],[107.024775,20.869104]]],[[[107.034129,20.870538],[107.03124,20.869736],[107.030259,20.872407],[107.034129,20.870538]]],[[[107.023169,20.873582],[107.02456,20.874216],[107.023808,20.870542],[107.021669,20.870226],[107.023169,20.873582]]],[[[107.027484,20.872789],[107.027003,20.874508],[107.028266,20.873607],[107.027484,20.872789]]],[[[107.022398,20.876347],[107.022924,20.874686],[107.020882,20.874348],[107.021722,20.876152],[107.022398,20.876347]]],[[[107.027043,20.879045],[107.028059,20.877989],[107.026516,20.878584],[107.027043,20.879045]]],[[[107.028213,20.881499],[107.026572,20.882494],[107.027142,20.883149],[107.028213,20.881499]]],[[[107.023907,20.884322],[107.02248,20.885292],[107.023057,20.886534],[107.023907,20.884322]]],[[[107.02697,20.890136],[107.025789,20.889869],[107.026379,20.89113],[107.02697,20.890136]]],[[[107.022889,20.899266],[107.021922,20.90067],[107.023291,20.900614],[107.022889,20.899266]]],[[[107.026958,20.900939],[107.025624,20.901489],[107.026629,20.902087],[107.026958,20.900939]]],[[[107.022481,20.903405],[107.023827,20.901433],[107.020846,20.902219],[107.020377,20.899605],[107.019088,20.900266],[107.019162,20.905826],[107.017465,20.903295],[107.014467,20.90567],[107.014005,20.908477],[107.016001,20.908914],[107.017211,20.914678],[107.018713,20.914177],[107.017503,20.912828],[107.019378,20.91053],[107.021071,20.910626],[107.021072,20.913593],[107.023338,20.906896],[107.022179,20.904938],[107.024529,20.903987],[107.022481,20.903405]]],[[[107.026399,20.93952],[107.024142,20.939642],[107.024363,20.942488],[107.027138,20.941556],[107.026399,20.93952]]],[[[107.034144,20.990403],[107.053531,20.976614],[107.061739,20.973162],[107.067284,20.96598],[107.061685,20.948111],[107.051858,20.946909],[107.035816,20.940891],[107.028869,20.942027],[107.026339,20.947675],[107.023677,20.946666],[107.020204,20.94804],[107.018742,20.950953],[107.012433,20.950444],[107.007533,20.954146],[107.001112,20.951985],[106.994372,20.954589],[106.992984,20.952535],[106.990897,20.952487],[106.98775,20.955953],[106.997257,20.971233],[107.012457,20.971578],[107.023252,20.976261],[107.029244,20.972735],[107.034149,20.973582],[107.034144,20.990403]]],[[[107.057651,20.849156],[107.054468,20.846814],[107.051916,20.848408],[107.055377,20.849012],[107.055848,20.851851],[107.057651,20.849156]]],[[[107.049792,20.851401],[107.052645,20.851157],[107.051592,20.849201],[107.049899,20.849568],[107.049792,20.851401]]],[[[107.057246,20.852425],[107.056097,20.853649],[107.057448,20.853077],[107.057246,20.852425]]],[[[107.051056,20.85363],[107.050368,20.854251],[107.05096,20.855518],[107.054015,20.85472],[107.051056,20.85363]]],[[[107.046625,20.851898],[107.046075,20.853978],[107.04468,20.851932],[107.043713,20.857783],[107.049775,20.856026],[107.046625,20.851898]]],[[[107.057089,20.854654],[107.056126,20.854386],[107.054873,20.855479],[107.056145,20.856089],[107.057089,20.854654]]],[[[107.049752,20.860734],[107.048092,20.862585],[107.054663,20.860469],[107.049752,20.860734]]],[[[107.05254,20.862616],[107.052495,20.864481],[107.053227,20.863266],[107.05254,20.862616]]],[[[107.03592,20.863015],[107.035948,20.864444],[107.037018,20.863017],[107.03592,20.863015]]],[[[107.049451,20.868416],[107.049681,20.865831],[107.047725,20.866617],[107.049451,20.868416]]],[[[107.037648,20.866371],[107.037356,20.867974],[107.038393,20.867414],[107.037648,20.866371]]],[[[107.036697,20.870476],[107.036455,20.869181],[107.034994,20.869881],[107.036697,20.870476]]],[[[107.045226,20.865321],[107.042046,20.866273],[107.04311,20.868099],[107.041854,20.86955],[107.040218,20.869746],[107.040206,20.86766],[107.038321,20.868164],[107.038608,20.872289],[107.036929,20.873361],[107.037849,20.87469],[107.039302,20.873274],[107.040363,20.876284],[107.04506,20.875509],[107.045388,20.871781],[107.04289,20.874166],[107.041327,20.872877],[107.047176,20.868965],[107.045226,20.865321]]],[[[107.034077,20.877218],[107.034505,20.872361],[107.032928,20.874075],[107.03343,20.876997],[107.034077,20.877218]]],[[[107.031257,20.882804],[107.033396,20.880811],[107.037242,20.884335],[107.03674,20.880964],[107.038742,20.880772],[107.0397,20.877176],[107.037599,20.876641],[107.033154,20.87955],[107.032761,20.877619],[107.029518,20.875728],[107.031257,20.882804]]]]}},{"type":"Feature","properties":{"code":"07081","name":"Phường Bình Khê","type":"Phường"},"geometry":{"type":"Polygon","coordinates":[[[106.640079,21.181344],[106.646279,21.179106],[106.647958,21.176027],[106.652491,21.173773],[106.656058,21.174513],[106.671146,21.170035],[106.679139,21.170508],[106.681892,21.166472],[106.69718,21.170133],[106.700441,21.167009],[106.706881,21.168191],[106.707967,21.16489],[106.705296,21.149652],[106.702939,21.144024],[106.70005,21.141495],[106.701065,21.133437],[106.697382,21.132508],[106.697705,21.12918],[106.695081,21.128971],[106.695922,21.126116],[106.690001,21.117503],[106.694386,21.117272],[106.693216,21.116044],[106.693295,21.104844],[106.696697,21.10433],[106.697935,21.106382],[106.699995,21.105155],[106.699356,21.103192],[106.701375,21.098346],[106.707008,21.09505],[106.705483,21.091867],[106.708537,21.090441],[106.706827,21.088371],[106.702867,21.086783],[106.69736,21.090588],[106.678734,21.090738],[106.672637,21.087219],[106.662469,21.092951],[106.649923,21.090255],[106.641995,21.091782],[106.639005,21.088846],[106.628246,21.088645],[106.601481,21.092687],[106.590479,21.090038],[106.588952,21.082443],[106.584775,21.081246],[106.57992,21.082211],[106.579224,21.080113],[106.575126,21.081557],[106.57195,21.094232],[106.569562,21.095801],[106.564474,21.094356],[106.55964,21.097393],[106.55719,21.092286],[106.550252,21.092284],[106.544659,21.089323],[106.538326,21.090562],[106.53801,21.094359],[106.534362,21.094959],[106.534228,21.097099],[106.524392,21.093518],[106.523346,21.095647],[106.524333,21.098071],[106.522857,21.098338],[106.524593,21.102298],[106.538335,21.115116],[106.542248,21.11477],[106.545402,21.120879],[106.547036,21.1209],[106.546283,21.118449],[106.548471,21.120207],[106.550036,21.118317],[106.551371,21.118979],[106.55277,21.113185],[106.55168,21.111824],[106.553641,21.111674],[106.555108,21.12195],[106.557662,21.123804],[106.563377,21.124005],[106.563901,21.128157],[106.561747,21.132296],[106.564107,21.135166],[106.568959,21.136786],[106.566551,21.148552],[106.569435,21.150828],[106.568416,21.153598],[106.569953,21.158594],[106.573707,21.163701],[106.579814,21.178194],[106.605162,21.179769],[106.607906,21.177394],[106.608932,21.172394],[106.611813,21.170972],[106.620293,21.17211],[106.628663,21.170937],[106.630775,21.172326],[106.634048,21.171476],[106.637661,21.167679],[106.640982,21.172736],[106.637787,21.17926],[106.640079,21.181344]]]}},{"type":"Feature","properties":{"code":"06658","name":"Phường Cao Xanh","type":"Phường"},"geometry":{"type":"Polygon","coordinates":[[[107.178427,21.026701],[107.17273,21.018965],[107.173835,21.008853],[107.177733,20.998159],[107.15929,20.997845],[107.1495,21.000137],[107.138124,20.994157],[107.13746,20.990068],[107.127745,20.988888],[107.12401,20.99065],[107.123117,20.984195],[107.120443,20.984189],[107.120478,20.981636],[107.11479,20.982433],[107.113271,20.981209],[107.112943,20.97301],[107.10871,20.971901],[107.10825,20.967672],[107.09472,20.978103],[107.092629,20.975174],[107.090848,20.975549],[107.092165,20.965326],[107.089991,20.965239],[107.090334,20.963087],[107.087306,20.958744],[107.081474,20.96646],[107.073951,20.962774],[107.072918,20.965135],[107.067284,20.96598],[107.059664,20.974472],[107.090107,20.995336],[107.104884,21.010597],[107.122473,21.014517],[107.127234,21.017184],[107.133189,21.029471],[107.142189,21.02866],[107.15508,21.033327],[107.162378,21.031391],[107.17213,21.031909],[107.178427,21.026701]]]}},{"type":"Feature","properties":{"code":"06793","name":"Phường Cẩm Phả","type":"Phường"},"geometry":{"type":"MultiPolygon","coordinates":[[[[107.284562,20.928124],[107.282877,20.927481],[107.281807,20.929385],[107.284562,20.928124]]],[[[107.274474,20.93761],[107.27195,20.941424],[107.278142,20.936953],[107.274474,20.93761]]],[[[107.27344,20.943002],[107.273018,20.942373],[107.272025,20.943439],[107.27344,20.943002]]],[[[107.265497,20.948262],[107.265673,20.945818],[107.263499,20.946744],[107.264836,20.948266],[107.265497,20.948262]]],[[[107.274134,20.947456],[107.272827,20.949653],[107.27501,20.948239],[107.274134,20.947456]]],[[[107.26946,20.948393],[107.267645,20.949202],[107.26854,20.950383],[107.270085,20.950499],[107.26946,20.948393]]],[[[107.256669,20.948876],[107.255764,20.95002],[107.261181,20.951868],[107.262722,20.95065],[107.256669,20.948876]]],[[[107.264769,20.953159],[107.265103,20.951772],[107.263722,20.952846],[107.264769,20.953159]]],[[[107.291516,20.95885],[107.290148,20.956296],[107.28479,20.955063],[107.281746,20.95598],[107.284543,20.95774],[107.283985,20.95595],[107.286942,20.956022],[107.291516,20.95885]]],[[[107.263213,20.967064],[107.262964,20.969036],[107.26464,20.968397],[107.263817,20.96695],[107.263213,20.967064]]],[[[107.286364,20.97402],[107.286045,20.972514],[107.285523,20.974035],[107.286364,20.97402]]],[[[107.267881,20.972935],[107.267147,20.973452],[107.268567,20.974147],[107.269423,20.973308],[107.267881,20.972935]]],[[[107.270124,20.976778],[107.271421,20.976014],[107.269819,20.976117],[107.270124,20.976778]]],[[[107.282575,20.979695],[107.288085,20.976819],[107.282329,20.974286],[107.282575,20.979695]]],[[[107.272354,20.97898],[107.274057,20.978521],[107.274582,20.975949],[107.272078,20.978368],[107.272354,20.97898]]],[[[107.266368,20.978288],[107.264698,20.982091],[107.266972,20.980408],[107.27068,20.982061],[107.269921,20.97952],[107.271146,20.977429],[107.268025,20.979554],[107.266368,20.978288]]],[[[107.274418,20.98239],[107.274564,20.980937],[107.273662,20.982025],[107.274418,20.98239]]],[[[107.276614,20.983527],[107.280677,20.983096],[107.277957,20.982479],[107.276614,20.983527]]],[[[107.274124,20.984203],[107.27601,20.986927],[107.279891,20.985937],[107.27514,20.983362],[107.274124,20.984203]]],[[[107.300003,20.994446],[107.302697,20.995714],[107.302794,20.993263],[107.304065,20.994775],[107.302306,20.990879],[107.293836,20.991503],[107.293101,20.993869],[107.295048,20.995075],[107.294149,20.997581],[107.288221,20.9956],[107.266257,20.996417],[107.265848,21.006356],[107.268935,21.010263],[107.268426,21.012124],[107.272019,21.020592],[107.278677,21.023922],[107.27377,21.03526],[107.276635,21.038118],[107.283221,21.041257],[107.295812,21.042352],[107.298737,21.047549],[107.301772,21.048369],[107.305782,21.044947],[107.303652,21.035289],[107.310704,21.032593],[107.303458,21.0175],[107.30262,21.011671],[107.299976,21.010972],[107.299222,21.008884],[107.296879,20.996214],[107.30093,20.995815],[107.300003,20.994446]]],[[[107.289589,20.936608],[107.287054,20.936006],[107.287703,20.937968],[107.284514,20.9395],[107.284315,20.942057],[107.291854,20.937868],[107.290278,20.937665],[107.292436,20.935948],[107.291654,20.935038],[107.289589,20.936608]]],[[[107.292025,20.941674],[107.289909,20.942016],[107.289293,20.94462],[107.290071,20.945619],[107.298046,20.940348],[107.298042,20.938702],[107.294661,20.940504],[107.291634,20.939439],[107.292025,20.941674]]],[[[107.307181,20.949261],[107.306592,20.947593],[107.30619,20.949227],[107.307181,20.949261]]],[[[107.307915,20.952468],[107.304268,20.949489],[107.302952,20.949589],[107.303488,20.952987],[107.307915,20.952468]]],[[[107.308906,20.95539],[107.310624,20.953955],[107.310348,20.951518],[107.308492,20.954791],[107.308906,20.95539]]],[[[107.302814,20.95584],[107.303212,20.956024],[107.304542,20.954563],[107.303104,20.953542],[107.302814,20.95584]]],[[[107.300913,20.953876],[107.297256,20.955573],[107.299676,20.958091],[107.301764,20.95622],[107.300913,20.953876]]],[[[107.308461,20.95709],[107.308518,20.955699],[107.306894,20.957146],[107.308461,20.95709]]],[[[107.2948,20.956597],[107.293071,20.958768],[107.294189,20.959113],[107.2948,20.956597]]],[[[107.314172,20.96087],[107.316009,20.960875],[107.316312,20.9595],[107.314147,20.960419],[107.314172,20.96087]]],[[[107.300423,20.963236],[107.301368,20.963075],[107.300626,20.96203],[107.29951,20.962069],[107.300423,20.963236]]],[[[107.309456,20.961728],[107.30916,20.95996],[107.313012,20.960654],[107.314061,20.957829],[107.30924,20.957923],[107.308384,20.959281],[107.305946,20.958003],[107.304093,20.962562],[107.301179,20.963724],[107.302622,20.967844],[107.306954,20.970874],[107.309798,20.96677],[107.30565,20.96279],[107.309505,20.964863],[107.311906,20.964203],[107.312759,20.962729],[107.311181,20.961172],[107.309456,20.961728]]],[[[107.32374,20.971136],[107.323176,20.971251],[107.323,20.973491],[107.325254,20.974086],[107.32374,20.971136]]],[[[107.311532,20.971955],[107.311193,20.973514],[107.312228,20.972807],[107.311532,20.971955]]],[[[107.309846,20.973786],[107.309021,20.975362],[107.310485,20.974653],[107.309846,20.973786]]],[[[107.29046,20.977808],[107.28965,20.978682],[107.293195,20.980583],[107.296833,20.979863],[107.29046,20.977808]]],[[[107.320339,20.979757],[107.317956,20.981544],[107.319193,20.983081],[107.32335,20.98149],[107.320339,20.979757]]],[[[107.300762,20.982291],[107.300587,20.981448],[107.299446,20.982656],[107.300762,20.982291]]],[[[107.30922,20.981115],[107.309474,20.982999],[107.3098,20.981118],[107.30922,20.981115]]],[[[107.284725,20.984177],[107.285729,20.986547],[107.281819,20.990379],[107.284887,20.990476],[107.28742,20.986251],[107.291129,20.986911],[107.291885,20.989589],[107.297619,20.988028],[107.287827,20.982029],[107.284725,20.984177]]]]}},{"type":"Feature","properties":{"code":"06781","name":"Phường Cửa Ông","type":"Phường"},"geometry":{"type":"MultiPolygon","coordinates":[[[[107.342662,20.984128],[107.342577,20.984673],[107.345434,20.983614],[107.342662,20.984128]]],[[[107.310347,20.984939],[107.310612,20.985652],[107.312877,20.984679],[107.310347,20.984939]]],[[[107.312229,20.9862],[107.313449,20.986815],[107.313999,20.98613],[107.312229,20.9862]]],[[[107.34086,20.986726],[107.341318,20.987414],[107.342545,20.986724],[107.341447,20.985689],[107.34086,20.986726]]],[[[107.345612,20.988482],[107.347737,20.987577],[107.346134,20.986475],[107.344114,20.986606],[107.345612,20.988482]]],[[[107.340902,20.988628],[107.341423,20.990789],[107.3439,20.992049],[107.342553,20.988894],[107.340902,20.988628]]],[[[107.345297,20.989962],[107.345509,20.991573],[107.346972,20.989825],[107.34664,20.989726],[107.345297,20.989962]]],[[[107.3477,20.992138],[107.348809,20.992089],[107.348585,20.990998],[107.3477,20.992138]]],[[[107.312512,20.991216],[107.304329,20.990356],[107.307852,20.99289],[107.308756,20.99146],[107.312512,20.991216]]],[[[107.372608,21.021542],[107.371447,21.024313],[107.36568,21.017098],[107.368496,21.014752],[107.363589,21.008648],[107.358339,21.012218],[107.362449,21.009051],[107.35768,21.00245],[107.347548,20.995546],[107.341397,20.994774],[107.341689,20.9919],[107.338236,20.988765],[107.336723,20.992336],[107.330523,20.991792],[107.332603,20.990438],[107.323995,20.990691],[107.308601,20.994383],[107.306518,20.996882],[107.303884,20.990771],[107.303289,20.990778],[107.304824,20.997032],[107.300083,20.998012],[107.299583,20.995904],[107.2984,20.996075],[107.297844,21.002006],[107.299743,21.010464],[107.30262,21.011671],[107.303458,21.0175],[107.310704,21.032593],[107.303652,21.035289],[107.305782,21.044947],[107.301772,21.048369],[107.302331,21.049371],[107.31567,21.045191],[107.31755,21.04683],[107.327431,21.044915],[107.329713,21.041404],[107.335342,21.040848],[107.336246,21.043371],[107.345099,21.046197],[107.348938,21.04593],[107.350426,21.054226],[107.352402,21.053728],[107.354538,21.055643],[107.355751,21.05949],[107.361101,21.062315],[107.370645,21.060329],[107.371517,21.054959],[107.368196,21.038228],[107.372529,21.031374],[107.370934,21.030424],[107.372608,21.021542]]],[[[107.349191,20.985608],[107.349132,20.986705],[107.351581,20.985097],[107.349191,20.985608]]],[[[107.35421,20.986665],[107.354575,20.98728],[107.35626,20.986363],[107.35421,20.986665]]],[[[107.359614,20.989238],[107.358036,20.988719],[107.357505,20.990038],[107.359614,20.989238]]],[[[107.3551,20.990072],[107.354762,20.989284],[107.353384,20.990417],[107.3551,20.990072]]],[[[107.36117,20.991453],[107.360761,20.990239],[107.360043,20.991777],[107.36117,20.991453]]],[[[107.350625,20.996633],[107.353064,20.993059],[107.348985,20.992516],[107.350928,20.994024],[107.350625,20.996633]]],[[[107.35393,20.995239],[107.355287,20.994988],[107.355301,20.994019],[107.35393,20.995239]]],[[[107.362648,20.995436],[107.363266,20.996067],[107.364226,20.99495],[107.362648,20.995436]]],[[[107.363566,20.998081],[107.363342,20.997215],[107.361642,20.998531],[107.363566,20.998081]]],[[[107.366795,20.998531],[107.366508,20.997898],[107.365289,20.99891],[107.366795,20.998531]]]]}},{"type":"Feature","properties":{"code":"00071","name":"Phường Hiệp Hòa","type":"Phường"},"geometry":{"type":"Polygon","coordinates":[[[106.80098,20.999013],[106.810324,20.998484],[106.815873,20.995497],[106.820446,20.996247],[106.820655,20.992454],[106.824444,20.992866],[106.836917,20.986547],[106.83653,20.981857],[106.838369,20.982561],[106.843648,20.975649],[106.843581,20.966434],[106.846147,20.967414],[106.849992,20.964167],[106.849721,20.95497],[106.84707,20.955508],[106.844107,20.952416],[106.840157,20.95169],[106.838323,20.94697],[106.830423,20.946275],[106.82905,20.941728],[106.826606,20.940901],[106.822301,20.942652],[106.816302,20.941406],[106.813612,20.948614],[106.808506,20.946429],[106.806787,20.947526],[106.804793,20.94402],[106.798672,20.947526],[106.797646,20.949747],[106.79216,20.950119],[106.789213,20.946647],[106.786172,20.946277],[106.785194,20.941527],[106.780351,20.949008],[106.770423,20.950139],[106.768507,20.971323],[106.774688,20.976558],[106.788948,20.980845],[106.796538,20.989287],[106.80098,20.999013]]]}},{"type":"Feature","properties":{"code":"07114","name":"Phường Hoàng Quế","type":"Phường"},"geometry":{"type":"Polygon","coordinates":[[[106.708537,21.090441],[106.713681,21.086005],[106.718659,21.084806],[106.715633,21.080851],[106.716341,21.076896],[106.714151,21.07833],[106.71245,21.077585],[106.712399,21.06962],[106.709556,21.066363],[106.710276,21.060878],[106.707137,21.062036],[106.704136,21.055751],[106.707888,21.054154],[106.705154,21.04808],[106.707379,21.045746],[106.707227,21.042308],[106.709679,21.037933],[106.707195,21.034707],[106.704941,21.035052],[106.701349,21.031207],[106.694163,21.031074],[106.68818,21.035056],[106.681057,21.036124],[106.682075,21.031521],[106.674785,21.032577],[106.674116,21.02395],[106.670682,21.025156],[106.666726,21.024134],[106.664606,21.025746],[106.659272,21.024259],[106.65653,21.017837],[106.652282,21.01944],[106.646137,21.018928],[106.640355,21.013343],[106.635137,21.011629],[106.62355,21.012385],[106.616462,21.018535],[106.61077,21.020965],[106.607708,21.032432],[106.610343,21.039253],[106.622191,21.037547],[106.621481,21.041863],[106.628768,21.04369],[106.63315,21.05421],[106.633025,21.062181],[106.635372,21.068388],[106.633913,21.073403],[106.63559,21.077085],[106.63373,21.081827],[106.63367,21.08856],[106.639005,21.088846],[106.641804,21.091756],[106.649923,21.090255],[106.658497,21.092902],[106.663775,21.092663],[106.672637,21.087219],[106.678494,21.090698],[106.690617,21.090964],[106.698237,21.090386],[106.702867,21.086783],[106.708537,21.090441]]]}},{"type":"Feature","properties":{"code":"07030","name":"Phường Hoành Bồ","type":"Phường"},"geometry":{"type":"Polygon","coordinates":[[[107.009529,21.125076],[107.012703,21.11702],[107.00909,21.112021],[107.006168,21.097606],[107.005375,21.095742],[107.003507,21.095623],[107.001783,21.098438],[106.998426,21.092943],[106.999216,21.091797],[106.99627,21.089063],[107.001482,21.08466],[107.00571,21.087128],[107.009318,21.085479],[107.013037,21.086155],[107.015484,21.088252],[107.031977,21.086876],[107.042343,21.079496],[107.042127,21.075716],[107.044052,21.071832],[107.053138,21.06594],[107.050651,21.06442],[107.052083,21.061087],[107.046918,21.052947],[107.050891,21.047725],[107.059488,21.046322],[107.062547,21.029407],[107.057165,21.017914],[107.059817,21.011031],[107.058509,21.004787],[107.050365,20.995393],[107.04951,20.991143],[107.055093,20.981487],[107.062368,20.976335],[107.059664,20.974472],[107.053531,20.976614],[107.033361,20.990733],[107.017975,20.990724],[107.00988,20.992465],[107.005665,20.998176],[107.007932,21.001174],[106.999675,21.011374],[106.983068,21.014604],[106.978558,21.021004],[106.972917,21.022616],[106.967776,21.029113],[106.966189,21.02829],[106.966789,21.025089],[106.963276,21.018584],[106.960182,21.016465],[106.949713,21.015718],[106.946114,21.017608],[106.945993,21.016215],[106.936936,21.013145],[106.926026,21.014236],[106.923932,21.016231],[106.923511,21.019388],[106.91571,21.025191],[106.915444,21.028946],[106.918763,21.030377],[106.912605,21.036005],[106.910522,21.043642],[106.906375,21.044843],[106.903052,21.049038],[106.909717,21.054214],[106.911513,21.06071],[106.917568,21.061569],[106.922312,21.069522],[106.928966,21.07056],[106.933563,21.07543],[106.937211,21.076077],[106.936043,21.081168],[106.938488,21.08356],[106.955868,21.093924],[106.953353,21.097839],[106.946505,21.102344],[106.945686,21.105266],[106.936773,21.110943],[106.935196,21.116164],[106.918482,21.12127],[106.912413,21.127653],[106.931778,21.134321],[106.936875,21.140724],[106.946098,21.144028],[106.948132,21.146506],[106.945603,21.15078],[106.947798,21.154131],[106.951921,21.155697],[106.960843,21.155398],[106.969926,21.162524],[106.972092,21.160711],[106.975577,21.159886],[106.978801,21.16131],[106.985989,21.15839],[106.99116,21.159986],[106.993093,21.158799],[106.993703,21.147328],[106.996486,21.143789],[106.997323,21.139583],[107.001662,21.136197],[107.009529,21.125076]]]}},{"type":"Feature","properties":{"code":"07168","name":"Phường Hà An","type":"Phường"},"geometry":{"type":"MultiPolygon","coordinates":[[[[106.917373,20.85408],[106.909612,20.840267],[106.912287,20.850931],[106.91522,20.855887],[106.917412,20.856509],[106.917373,20.85408]]],[[[106.877313,20.8504],[106.876885,20.853749],[106.880247,20.860791],[106.882377,20.86153],[106.883861,20.864882],[106.886488,20.865588],[106.888655,20.873245],[106.892574,20.871107],[106.895138,20.861218],[106.898098,20.856713],[106.896544,20.853151],[106.899161,20.847991],[106.899405,20.845636],[106.888203,20.843389],[106.885058,20.846299],[106.881131,20.846577],[106.877313,20.8504]]],[[[106.869927,20.873745],[106.865202,20.87213],[106.867436,20.874793],[106.868119,20.879628],[106.869927,20.873745]]],[[[106.875215,20.887137],[106.872911,20.887608],[106.872674,20.891233],[106.872896,20.890207],[106.875215,20.887137]]],[[[106.881092,20.892677],[106.876816,20.893182],[106.877859,20.895425],[106.882637,20.899576],[106.881092,20.892677]]],[[[106.927132,20.909202],[106.925575,20.910031],[106.925905,20.910272],[106.927132,20.909202]]],[[[106.921045,20.910514],[106.920341,20.910949],[106.92552,20.909763],[106.921045,20.910514]]],[[[106.922215,20.943921],[106.934508,20.934581],[106.93817,20.929925],[106.935396,20.927416],[106.937376,20.924868],[106.937015,20.921464],[106.933555,20.919438],[106.933315,20.921364],[106.929522,20.924165],[106.928647,20.922493],[106.932323,20.921757],[106.933391,20.919134],[106.928505,20.917705],[106.92731,20.921091],[106.926736,20.919008],[106.927588,20.917846],[106.929314,20.917254],[106.933752,20.918859],[106.937392,20.921304],[106.938433,20.925113],[106.945511,20.918373],[106.946013,20.915901],[106.947286,20.915272],[106.948793,20.916771],[106.94965,20.91637],[106.948299,20.915528],[106.949019,20.912581],[106.94779,20.910395],[106.949908,20.906786],[106.93815,20.910166],[106.931094,20.908734],[106.935093,20.911048],[106.930428,20.909589],[106.928017,20.911167],[106.919722,20.911655],[106.917452,20.908787],[106.907051,20.907741],[106.898786,20.900458],[106.894268,20.901648],[106.893573,20.904718],[106.887607,20.905502],[106.886748,20.90291],[106.886698,20.905524],[106.884601,20.904687],[106.882517,20.901137],[106.882494,20.902958],[106.875849,20.894369],[106.872448,20.892332],[106.871595,20.887096],[106.869331,20.883942],[106.866212,20.875346],[106.862552,20.871838],[106.854314,20.868273],[106.845566,20.885917],[106.845796,20.891344],[106.848812,20.898416],[106.847751,20.90284],[106.835142,20.911018],[106.829958,20.921393],[106.824355,20.924458],[106.829789,20.931448],[106.836228,20.931093],[106.836668,20.929321],[106.839917,20.927784],[106.838936,20.924929],[106.840778,20.922529],[106.847337,20.920526],[106.852069,20.922046],[106.852198,20.924175],[106.862314,20.925681],[106.861736,20.928444],[106.863052,20.928817],[106.859495,20.930885],[106.864088,20.934158],[106.859801,20.938924],[106.855443,20.93965],[106.858082,20.945244],[106.857296,20.948023],[106.86322,20.951774],[106.861349,20.955932],[106.863775,20.957111],[106.863271,20.962239],[106.889503,20.966799],[106.888124,20.974315],[106.9025,20.966055],[106.918976,20.9633],[106.923629,20.959075],[106.924818,20.954665],[106.921605,20.945959],[106.922215,20.943921]]],[[[106.935715,20.878685],[106.937716,20.879259],[106.939658,20.876089],[106.936612,20.876207],[106.936468,20.872929],[106.933828,20.875184],[106.935715,20.878685]]],[[[106.939647,20.881769],[106.940692,20.881931],[106.94102,20.880814],[106.939647,20.881769]]],[[[106.944475,20.907379],[106.945441,20.906896],[106.945025,20.906053],[106.944475,20.907379]]],[[[106.950781,20.909472],[106.952278,20.909282],[106.951888,20.908312],[106.950781,20.909472]]],[[[106.927327,20.908874],[106.928231,20.910078],[106.930841,20.909266],[106.927327,20.908874]]],[[[106.94636,20.917268],[106.946866,20.917925],[106.947872,20.916815],[106.94636,20.917268]]],[[[106.948966,20.917103],[106.949632,20.918554],[106.951292,20.919045],[106.950574,20.91751],[106.948966,20.917103]]],[[[106.953052,20.92101],[106.954052,20.919669],[106.953352,20.919447],[106.953052,20.92101]]]]}},{"type":"Feature","properties":{"code":"06676","name":"Phường Hà Lầm","type":"Phường"},"geometry":{"type":"Polygon","coordinates":[[[107.127745,20.988888],[107.12846,20.986792],[107.130542,20.986935],[107.132786,20.979931],[107.131331,20.973676],[107.13506,20.971515],[107.133774,20.963513],[107.134786,20.962355],[107.132774,20.957239],[107.134403,20.954973],[107.133169,20.953097],[107.117773,20.948723],[107.112896,20.95171],[107.111378,20.956393],[107.107792,20.955882],[107.106761,20.957809],[107.100705,20.958047],[107.099352,20.959804],[107.095288,20.958017],[107.087306,20.958744],[107.090334,20.963087],[107.089991,20.965239],[107.092165,20.965326],[107.090848,20.975549],[107.092629,20.975174],[107.09472,20.978103],[107.10825,20.967672],[107.10871,20.971901],[107.112943,20.97301],[107.113271,20.981209],[107.11479,20.982433],[107.120478,20.981636],[107.120443,20.984189],[107.123117,20.984195],[107.12401,20.99065],[107.127745,20.988888]]]}},{"type":"Feature","properties":{"code":"06652","name":"Phường Hà Tu","type":"Phường"},"geometry":{"type":"MultiPolygon","coordinates":[[[[107.185099,20.867584],[107.183648,20.867845],[107.184312,20.868969],[107.185275,20.868846],[107.185099,20.867584]]],[[[107.181633,20.87199],[107.179961,20.872274],[107.180015,20.87442],[107.182969,20.874144],[107.181633,20.87199]]],[[[107.185778,20.878443],[107.186466,20.876237],[107.187836,20.873262],[107.189922,20.871972],[107.189809,20.870615],[107.186369,20.871032],[107.185183,20.875953],[107.182607,20.874957],[107.185778,20.878443]]],[[[107.171962,20.881138],[107.171211,20.879088],[107.172425,20.877715],[107.170106,20.876074],[107.168526,20.876976],[107.170157,20.880328],[107.171962,20.881138]]],[[[107.173552,20.881578],[107.175503,20.878474],[107.17314,20.877878],[107.173832,20.879997],[107.172658,20.880976],[107.173552,20.881578]]],[[[107.167228,20.880836],[107.167644,20.879575],[107.166859,20.8794],[107.167228,20.880836]]],[[[107.161127,20.880836],[107.159269,20.880448],[107.158241,20.881047],[107.159217,20.882002],[107.161127,20.880836]]],[[[107.184162,20.88129],[107.18298,20.881155],[107.183645,20.882152],[107.184162,20.88129]]],[[[107.18013,20.884673],[107.181139,20.881306],[107.179187,20.881594],[107.18013,20.884673]]],[[[107.169309,20.883355],[107.16812,20.883685],[107.169139,20.884796],[107.169309,20.883355]]],[[[107.164697,20.885422],[107.163366,20.88524],[107.16423,20.886443],[107.164697,20.885422]]],[[[107.173215,20.886692],[107.174386,20.88561],[107.173317,20.885021],[107.173215,20.886692]]],[[[107.185883,20.886697],[107.187225,20.88785],[107.188003,20.886831],[107.185883,20.886697]]],[[[107.167034,20.888925],[107.167855,20.888796],[107.167208,20.887148],[107.167034,20.888925]]],[[[107.17852,20.889373],[107.179712,20.888593],[107.177988,20.888055],[107.17852,20.889373]]],[[[107.175626,20.892545],[107.176155,20.890635],[107.174755,20.892223],[107.175626,20.892545]]],[[[107.169303,20.894373],[107.17046,20.893424],[107.168053,20.892389],[107.169303,20.894373]]],[[[107.163844,20.892664],[107.159696,20.89057],[107.156651,20.891028],[107.155162,20.897692],[107.156769,20.892835],[107.161498,20.894562],[107.163844,20.892664]]],[[[107.149214,20.893811],[107.149526,20.896838],[107.150112,20.897231],[107.151148,20.893368],[107.149214,20.893811]]],[[[107.169989,20.898202],[107.168721,20.896241],[107.168257,20.897987],[107.166637,20.898891],[107.169989,20.898202]]],[[[107.174226,20.90189],[107.173335,20.900373],[107.173104,20.902118],[107.174226,20.90189]]],[[[107.165827,20.899201],[107.162332,20.899406],[107.164156,20.903293],[107.167538,20.903313],[107.165827,20.899201]]],[[[107.159489,20.902229],[107.160207,20.901103],[107.159154,20.900411],[107.159489,20.902229]]],[[[107.149741,20.903693],[107.152423,20.90419],[107.150707,20.902004],[107.150346,20.901948],[107.149741,20.903693]]],[[[107.17486,20.906286],[107.174329,20.90483],[107.173616,20.905078],[107.17486,20.906286]]],[[[107.148442,20.908169],[107.149558,20.908751],[107.150113,20.907834],[107.149361,20.907301],[107.148442,20.908169]]],[[[107.155383,20.9084],[107.151915,20.908227],[107.148618,20.911868],[107.15259,20.913236],[107.153556,20.909806],[107.15457,20.910292],[107.155383,20.9084]]],[[[107.157068,20.913822],[107.157128,20.912763],[107.155969,20.912886],[107.157068,20.913822]]],[[[107.148847,20.914118],[107.148424,20.912948],[107.146824,20.914426],[107.148847,20.914118]]],[[[107.148776,20.916353],[107.148622,20.917533],[107.150526,20.918092],[107.150226,20.916943],[107.148776,20.916353]]],[[[107.158052,20.91995],[107.15862,20.920346],[107.15907,20.918916],[107.158052,20.91995]]],[[[107.166365,20.920591],[107.164843,20.920296],[107.165168,20.92214],[107.166365,20.920591]]],[[[107.180015,20.922968],[107.181743,20.923847],[107.182677,20.922799],[107.181865,20.922415],[107.180015,20.922968]]],[[[107.178623,20.924379],[107.179003,20.923217],[107.178152,20.923006],[107.178623,20.924379]]],[[[107.163942,20.928288],[107.165063,20.930359],[107.165993,20.930494],[107.165994,20.92921],[107.163942,20.928288]]],[[[107.149658,20.935417],[107.147062,20.931109],[107.144542,20.933548],[107.14444,20.937712],[107.146121,20.939034],[107.148264,20.93735],[107.149638,20.93859],[107.149658,20.935417]]],[[[107.199618,20.934771],[107.191258,20.935178],[107.192721,20.937887],[107.192156,20.939233],[107.192005,20.939246],[107.19005,20.934698],[107.175342,20.934128],[107.165738,20.932067],[107.16485,20.937171],[107.166023,20.939326],[107.162948,20.936188],[107.165199,20.934318],[107.163709,20.929024],[107.157084,20.927661],[107.156704,20.925062],[107.154327,20.924143],[107.155594,20.928707],[107.153693,20.93175],[107.148336,20.930578],[107.151125,20.937931],[107.150202,20.939383],[107.145632,20.939408],[107.145699,20.941967],[107.140214,20.942665],[107.139051,20.939092],[107.135586,20.93812],[107.136475,20.946639],[107.132774,20.957239],[107.134786,20.962355],[107.133774,20.963513],[107.13506,20.971515],[107.131331,20.973676],[107.132786,20.979931],[107.130542,20.986935],[107.12846,20.986792],[107.127745,20.988888],[107.13746,20.990068],[107.138124,20.994157],[107.144307,20.998251],[107.1495,21.000137],[107.177733,20.998159],[107.170221,20.976615],[107.168998,20.965468],[107.201809,20.942147],[107.203124,20.939973],[107.19985,20.938103],[107.199618,20.934771]]],[[[107.238237,20.850785],[107.237064,20.850677],[107.237829,20.851994],[107.238237,20.850785]]],[[[107.212309,20.858743],[107.211445,20.858201],[107.211759,20.86008],[107.212309,20.858743]]],[[[107.225316,20.858308],[107.224214,20.858731],[107.2253,20.860866],[107.226847,20.859143],[107.225316,20.858308]]],[[[107.213786,20.861284],[107.211402,20.860455],[107.209989,20.86207],[107.212385,20.865178],[107.213786,20.861284]]],[[[107.229018,20.862417],[107.228258,20.859794],[107.222685,20.86698],[107.226528,20.864676],[107.227959,20.865445],[107.231852,20.862713],[107.229018,20.862417]]],[[[107.218653,20.864733],[107.216835,20.865187],[107.215467,20.862647],[107.21408,20.866394],[107.212289,20.866488],[107.214999,20.867323],[107.215062,20.869932],[107.211689,20.868738],[107.211013,20.869768],[107.216393,20.870967],[107.217148,20.868667],[107.215808,20.866982],[107.219552,20.866562],[107.223619,20.861311],[107.22288,20.858009],[107.219682,20.857524],[107.217704,20.859469],[107.22098,20.860757],[107.218653,20.864733]]],[[[107.196514,20.865244],[107.198959,20.865159],[107.199329,20.863536],[107.198827,20.863517],[107.196514,20.865244]]],[[[107.234303,20.8663],[107.233639,20.864633],[107.235347,20.864245],[107.232238,20.86351],[107.232429,20.866026],[107.234303,20.8663]]],[[[107.209041,20.863764],[107.208441,20.868174],[107.210081,20.869643],[107.210981,20.865141],[107.209665,20.862683],[107.207601,20.863246],[107.209041,20.863764]]],[[[107.202794,20.867299],[107.202811,20.865832],[107.200132,20.867726],[107.201061,20.868587],[107.202794,20.867299]]],[[[107.227712,20.869846],[107.230949,20.868807],[107.228259,20.86609],[107.226869,20.868682],[107.227712,20.869846]]],[[[107.195292,20.867696],[107.196448,20.866381],[107.193382,20.868058],[107.195852,20.870551],[107.197127,20.869669],[107.195292,20.867696]]],[[[107.230708,20.871216],[107.231991,20.871245],[107.231951,20.86898],[107.230708,20.871216]]],[[[107.224736,20.870422],[107.227485,20.870829],[107.227415,20.87046],[107.224736,20.870422]]],[[[107.220623,20.870837],[107.222302,20.871905],[107.223012,20.870446],[107.221656,20.870006],[107.220623,20.870837]]],[[[107.23569,20.87138],[107.234918,20.870828],[107.235296,20.872307],[107.23569,20.87138]]],[[[107.189861,20.875787],[107.190249,20.876453],[107.191903,20.873324],[107.189861,20.875787]]],[[[107.187537,20.875839],[107.188282,20.8757],[107.187438,20.874268],[107.187537,20.875839]]],[[[107.233073,20.878601],[107.237296,20.873716],[107.234074,20.872545],[107.230524,20.877125],[107.233073,20.878601]]],[[[107.210346,20.875562],[107.213549,20.872823],[107.21245,20.871022],[107.206304,20.870396],[107.207757,20.867125],[107.205335,20.864585],[107.203501,20.865642],[107.205212,20.867183],[107.205014,20.871976],[107.200019,20.870988],[107.200488,20.874076],[107.198504,20.87216],[107.196213,20.873097],[107.194428,20.871961],[107.194593,20.874596],[107.192256,20.874585],[107.187287,20.880372],[107.182828,20.879723],[107.186717,20.881741],[107.186401,20.883963],[107.188483,20.885248],[107.190822,20.882066],[107.19271,20.882849],[107.191268,20.885111],[107.192422,20.887038],[107.194047,20.886336],[107.194879,20.88272],[107.195576,20.884577],[107.198522,20.882598],[107.200565,20.883025],[107.20266,20.881457],[107.202134,20.87862],[107.207856,20.877525],[107.208749,20.874474],[107.210346,20.875562]]],[[[107.221947,20.87558],[107.220847,20.875223],[107.22134,20.876587],[107.221947,20.87558]]],[[[107.224656,20.877169],[107.226056,20.875247],[107.223874,20.875599],[107.224656,20.877169]]],[[[107.218208,20.877635],[107.21981,20.874501],[107.215444,20.875128],[107.219078,20.8735],[107.218006,20.87206],[107.214235,20.874685],[107.216302,20.881196],[107.220591,20.879032],[107.218208,20.877635]]],[[[107.204034,20.879603],[107.205539,20.885873],[107.208369,20.878183],[107.204034,20.879603]]],[[[107.233015,20.883674],[107.234418,20.884211],[107.234551,20.882084],[107.233759,20.882076],[107.233015,20.883674]]],[[[107.212313,20.881159],[107.210394,20.880422],[107.208353,20.883207],[107.208683,20.885901],[107.212313,20.881159]]],[[[107.200327,20.889794],[107.203561,20.885455],[107.201005,20.883826],[107.197637,20.886105],[107.200327,20.889794]]],[[[107.205415,20.887231],[107.204642,20.886566],[107.204642,20.888221],[107.205415,20.887231]]],[[[107.197921,20.888987],[107.197118,20.887804],[107.196398,20.888211],[107.197921,20.888987]]],[[[107.192228,20.891401],[107.191581,20.891921],[107.192754,20.892276],[107.192228,20.891401]]],[[[107.1887,20.891986],[107.18753,20.891888],[107.188498,20.892652],[107.1887,20.891986]]],[[[107.188263,20.909248],[107.187271,20.908019],[107.186555,20.908428],[107.188263,20.909248]]],[[[107.187603,20.925368],[107.187312,20.925853],[107.188333,20.926722],[107.187603,20.925368]]],[[[107.208442,20.932846],[107.207016,20.933153],[107.207656,20.933916],[107.208442,20.932846]]],[[[107.206395,20.93343],[107.20525,20.933372],[107.205792,20.934347],[107.206395,20.93343]]],[[[107.201568,20.934072],[107.202341,20.935003],[107.203981,20.933471],[107.203349,20.933148],[107.201568,20.934072]]],[[[107.204734,20.938974],[107.205578,20.937992],[107.205076,20.93755],[107.204734,20.938974]]],[[[107.258888,20.816903],[107.257911,20.81595],[107.258198,20.817629],[107.258888,20.816903]]],[[[107.262084,20.819929],[107.261077,20.818585],[107.261533,20.82015],[107.262084,20.819929]]],[[[107.258264,20.821831],[107.259212,20.822359],[107.259652,20.820219],[107.258264,20.821831]]],[[[107.257467,20.824051],[107.254261,20.822015],[107.252935,20.823396],[107.255477,20.82489],[107.257467,20.824051]]],[[[107.26044,20.824442],[107.260003,20.824186],[107.259633,20.825473],[107.26044,20.824442]]],[[[107.25209,20.832487],[107.253222,20.832055],[107.251967,20.830822],[107.25209,20.832487]]],[[[107.258649,20.832406],[107.259712,20.834193],[107.261622,20.832862],[107.259744,20.831579],[107.258649,20.832406]]],[[[107.255639,20.832662],[107.256643,20.833875],[107.257454,20.832759],[107.257125,20.832348],[107.255639,20.832662]]],[[[107.245951,20.834471],[107.247635,20.834051],[107.245918,20.832568],[107.245951,20.834471]]],[[[107.255075,20.83473],[107.254171,20.833425],[107.254172,20.83497],[107.255075,20.83473]]],[[[107.263664,20.835909],[107.259066,20.834872],[107.258319,20.83686],[107.261814,20.838388],[107.263664,20.835909]]],[[[107.256933,20.837883],[107.257303,20.837243],[107.256232,20.836658],[107.256933,20.837883]]],[[[107.257797,20.840071],[107.254388,20.838017],[107.256527,20.840019],[107.257797,20.840071]]],[[[107.246459,20.842791],[107.246633,20.84193],[107.245291,20.842752],[107.246459,20.842791]]],[[[107.246199,20.844075],[107.24402,20.848545],[107.248445,20.847816],[107.24965,20.851176],[107.253259,20.851729],[107.250928,20.849293],[107.252912,20.848493],[107.255475,20.850743],[107.255585,20.847387],[107.250325,20.847126],[107.253064,20.843903],[107.246199,20.844075]]],[[[107.246308,20.857149],[107.248423,20.857191],[107.247862,20.855641],[107.246308,20.857149]]],[[[107.249205,20.857469],[107.249989,20.858052],[107.250635,20.856913],[107.249205,20.857469]]],[[[107.251512,20.859682],[107.253762,20.859858],[107.253041,20.858843],[107.251512,20.859682]]],[[[107.262047,20.859372],[107.260965,20.859794],[107.262457,20.861205],[107.263713,20.860288],[107.262047,20.859372]]],[[[107.248117,20.861397],[107.246246,20.861783],[107.246489,20.863067],[107.247885,20.863466],[107.248117,20.861397]]],[[[107.257137,20.867389],[107.26159,20.867771],[107.260845,20.865279],[107.261978,20.864584],[107.259435,20.861825],[107.258341,20.862663],[107.259521,20.865134],[107.257238,20.865741],[107.257137,20.867389]]],[[[107.24887,20.864666],[107.24792,20.864451],[107.247589,20.866475],[107.24887,20.864666]]],[[[107.238666,20.866986],[107.238863,20.869142],[107.244145,20.86579],[107.240779,20.865447],[107.238666,20.866986]]],[[[107.255732,20.868854],[107.256892,20.865825],[107.25533,20.868312],[107.255732,20.868854]]],[[[107.245811,20.867047],[107.245036,20.866991],[107.24546,20.868984],[107.245811,20.867047]]],[[[107.254085,20.869763],[107.254773,20.868536],[107.253556,20.868793],[107.254085,20.869763]]],[[[107.260082,20.869371],[107.259338,20.869094],[107.258366,20.870547],[107.260082,20.869371]]],[[[107.243301,20.870584],[107.242764,20.869707],[107.242363,20.87149],[107.243301,20.870584]]],[[[107.237295,20.871187],[107.238728,20.874832],[107.240355,20.872445],[107.237473,20.868171],[107.235624,20.870656],[107.237295,20.871187]]],[[[107.260432,20.873822],[107.262925,20.872628],[107.26199,20.870093],[107.258035,20.872599],[107.260432,20.873822]]],[[[107.255452,20.875052],[107.256546,20.874168],[107.255748,20.873572],[107.255452,20.875052]]],[[[107.252151,20.87433],[107.250589,20.874135],[107.251254,20.87558],[107.252151,20.87433]]],[[[107.264083,20.876311],[107.263782,20.875751],[107.261598,20.875835],[107.264083,20.876311]]],[[[107.255322,20.879192],[107.25664,20.878188],[107.255825,20.877465],[107.255322,20.879192]]],[[[107.24599,20.878292],[107.247347,20.879502],[107.24771,20.877406],[107.246773,20.877185],[107.24599,20.878292]]],[[[107.242226,20.87849],[107.241091,20.878094],[107.241299,20.879672],[107.242226,20.87849]]],[[[107.25009,20.884032],[107.251126,20.882746],[107.24969,20.881478],[107.248536,20.883866],[107.25009,20.884032]]],[[[107.269204,20.8051],[107.2679,20.804495],[107.268534,20.805879],[107.269204,20.8051]]],[[[107.267169,20.8153],[107.269299,20.813147],[107.266369,20.813501],[107.267169,20.8153]]],[[[107.269671,20.816034],[107.270845,20.815531],[107.270369,20.814522],[107.269671,20.816034]]],[[[107.273831,20.81955],[107.275695,20.82027],[107.274256,20.816619],[107.273831,20.81955]]],[[[107.269641,20.818717],[107.271015,20.819632],[107.271349,20.818317],[107.269641,20.818717]]],[[[107.26502,20.820689],[107.265244,20.818849],[107.263068,20.820739],[107.263457,20.821009],[107.26502,20.820689]]],[[[107.273608,20.826255],[107.272633,20.822642],[107.270898,20.825542],[107.273608,20.826255]]],[[[107.278792,20.824182],[107.277851,20.823766],[107.277966,20.825593],[107.279314,20.826215],[107.278792,20.824182]]],[[[107.280683,20.825199],[107.280614,20.828748],[107.280877,20.82912],[107.282083,20.828018],[107.280683,20.825199]]],[[[107.27792,20.82882],[107.277876,20.827101],[107.277079,20.828723],[107.27792,20.82882]]],[[[107.267689,20.829131],[107.269623,20.82893],[107.269335,20.827311],[107.267476,20.828133],[107.267689,20.829131]]],[[[107.275351,20.828358],[107.274654,20.827931],[107.274423,20.829134],[107.275351,20.828358]]],[[[107.282893,20.835138],[107.281417,20.834737],[107.280324,20.835874],[107.281654,20.83649],[107.282893,20.835138]]],[[[107.267433,20.841719],[107.268316,20.841395],[107.267558,20.839835],[107.267433,20.841719]]],[[[107.292466,20.847874],[107.296829,20.845765],[107.295358,20.844088],[107.293473,20.844597],[107.294167,20.842348],[107.289249,20.842013],[107.291526,20.840964],[107.28791,20.840246],[107.287859,20.838172],[107.285517,20.838844],[107.285868,20.840924],[107.284212,20.841982],[107.281577,20.84033],[107.282167,20.838864],[107.28378,20.83986],[107.284418,20.836724],[107.280236,20.837454],[107.279827,20.839284],[107.277846,20.837691],[107.279101,20.836205],[107.275038,20.834228],[107.269148,20.835229],[107.272481,20.836291],[107.273705,20.839008],[107.273669,20.836838],[107.276432,20.836828],[107.276452,20.839135],[107.27379,20.840395],[107.278132,20.843337],[107.274263,20.842889],[107.273427,20.8409],[107.268192,20.838414],[107.270164,20.841152],[107.269522,20.84387],[107.281564,20.845927],[107.280391,20.843492],[107.281616,20.841895],[107.284219,20.848819],[107.280515,20.850746],[107.279531,20.853957],[107.280745,20.854195],[107.281906,20.85158],[107.284314,20.853506],[107.286782,20.84969],[107.285161,20.847741],[107.286838,20.847092],[107.284552,20.845584],[107.285222,20.843197],[107.289741,20.844772],[107.292466,20.847874]]],[[[107.27739,20.852402],[107.27641,20.849221],[107.279334,20.851139],[107.28065,20.847309],[107.277092,20.846063],[107.275114,20.847577],[107.273399,20.844667],[107.270315,20.845562],[107.270928,20.848055],[107.276075,20.85236],[107.27739,20.852402]]],[[[107.262856,20.850138],[107.264293,20.849059],[107.263428,20.848666],[107.262856,20.850138]]],[[[107.267101,20.854416],[107.271987,20.853765],[107.270806,20.85037],[107.268236,20.848742],[107.267383,20.849984],[107.269423,20.849761],[107.269893,20.851162],[107.266015,20.850714],[107.267101,20.854416]]],[[[107.274642,20.854938],[107.274658,20.852404],[107.273812,20.854911],[107.274642,20.854938]]],[[[107.283982,20.853769],[107.282207,20.855292],[107.284666,20.856549],[107.284628,20.858633],[107.287562,20.859226],[107.286445,20.854973],[107.283982,20.853769]]],[[[107.27126,20.857106],[107.269053,20.856089],[107.268089,20.858116],[107.269919,20.85906],[107.27126,20.857106]]],[[[107.271837,20.85772],[107.272588,20.858761],[107.273181,20.858817],[107.273118,20.85733],[107.271837,20.85772]]],[[[107.264998,20.857895],[107.264846,20.858055],[107.267018,20.858899],[107.264998,20.857895]]],[[[107.28157,20.862471],[107.282951,20.862739],[107.282294,20.861405],[107.28157,20.862471]]],[[[107.265954,20.861114],[107.268566,20.864401],[107.266598,20.867389],[107.270581,20.865659],[107.272077,20.86664],[107.272534,20.863363],[107.275131,20.862661],[107.27316,20.861344],[107.27431,20.859985],[107.271062,20.86108],[107.265847,20.859338],[107.263601,20.861579],[107.265954,20.861114]]],[[[107.279733,20.86312],[107.278236,20.865393],[107.286403,20.867182],[107.284938,20.864306],[107.283292,20.865147],[107.279733,20.86312]]],[[[107.281366,20.868754],[107.282848,20.869081],[107.2824,20.867711],[107.281366,20.868754]]],[[[107.278574,20.867731],[107.280223,20.870434],[107.280896,20.868634],[107.278633,20.866386],[107.276945,20.8677],[107.278574,20.867731]]],[[[107.270344,20.869197],[107.269642,20.867604],[107.26899,20.869329],[107.270344,20.869197]]],[[[107.275032,20.870951],[107.276604,20.871175],[107.277079,20.870416],[107.276153,20.870006],[107.275032,20.870951]]],[[[107.266027,20.872202],[107.268177,20.869768],[107.265134,20.869313],[107.26294,20.870747],[107.266027,20.872202]]],[[[107.278812,20.873311],[107.277214,20.871611],[107.275136,20.874843],[107.276313,20.875251],[107.278812,20.873311]]],[[[107.267821,20.874545],[107.266804,20.874615],[107.267689,20.875885],[107.267821,20.874545]]],[[[107.268858,20.877436],[107.269525,20.876796],[107.268232,20.876228],[107.268858,20.877436]]],[[[107.283367,20.876249],[107.281379,20.875668],[107.278146,20.878805],[107.281511,20.878879],[107.283367,20.876249]]],[[[107.265812,20.87772],[107.264958,20.876912],[107.263906,20.877528],[107.264348,20.87811],[107.265812,20.87772]]],[[[107.262615,20.88492],[107.263445,20.884421],[107.262813,20.883294],[107.262615,20.88492]]],[[[107.293914,20.826325],[107.294526,20.827764],[107.296394,20.82626],[107.295535,20.825279],[107.293914,20.826325]]],[[[107.287644,20.831177],[107.288257,20.832392],[107.290346,20.830366],[107.289698,20.830134],[107.287644,20.831177]]],[[[107.30896,20.832201],[107.309507,20.831623],[107.308206,20.830624],[107.30896,20.832201]]],[[[107.289811,20.833808],[107.291039,20.833984],[107.291494,20.83294],[107.290472,20.832693],[107.289811,20.833808]]],[[[107.311914,20.836111],[107.310962,20.834836],[107.308436,20.835583],[107.308878,20.836157],[107.311914,20.836111]]],[[[107.287632,20.837393],[107.289519,20.838187],[107.289764,20.837545],[107.287632,20.837393]]],[[[107.303916,20.836639],[107.306648,20.837977],[107.307205,20.839697],[107.307959,20.838072],[107.303916,20.836639]]],[[[107.302972,20.838535],[107.302457,20.838117],[107.301551,20.839461],[107.302972,20.838535]]],[[[107.30794,20.84116],[107.308543,20.841542],[107.309466,20.840148],[107.30794,20.84116]]],[[[107.304214,20.841706],[107.302495,20.841174],[107.30093,20.842418],[107.303135,20.843106],[107.304214,20.841706]]],[[[107.310139,20.844917],[107.310304,20.843482],[107.308777,20.844672],[107.310139,20.844917]]],[[[107.287033,20.84647],[107.288128,20.846439],[107.287603,20.844544],[107.287033,20.84647]]],[[[107.296918,20.848214],[107.298226,20.847997],[107.297679,20.846693],[107.296918,20.848214]]],[[[107.306454,20.848719],[107.306661,20.847629],[107.305615,20.847164],[107.306454,20.848719]]],[[[107.299811,20.849118],[107.298773,20.848287],[107.299247,20.849644],[107.299811,20.849118]]],[[[107.292732,20.852643],[107.289252,20.849422],[107.290439,20.852104],[107.292732,20.852643]]],[[[107.287474,20.851639],[107.286334,20.851527],[107.286559,20.854425],[107.288455,20.854515],[107.287474,20.851639]]],[[[107.29627,20.854756],[107.294878,20.853208],[107.293946,20.853482],[107.29442,20.855114],[107.29627,20.854756]]],[[[107.29164,20.856964],[107.290012,20.854408],[107.288854,20.854852],[107.289248,20.856791],[107.29164,20.856964]]],[[[107.289308,20.858741],[107.2904,20.857631],[107.289655,20.857031],[107.289308,20.858741]]],[[[107.293636,20.858539],[107.295178,20.859772],[107.296303,20.859231],[107.294616,20.856785],[107.293636,20.858539]]],[[[107.308504,20.860957],[107.307774,20.860989],[107.30689,20.863146],[107.308504,20.860957]]],[[[107.301081,20.867099],[107.302823,20.864633],[107.300832,20.863276],[107.304627,20.860653],[107.299661,20.863177],[107.301081,20.867099]]],[[[107.310433,20.865378],[107.309612,20.865027],[107.310076,20.866445],[107.310433,20.865378]]],[[[107.306068,20.866713],[107.309605,20.868044],[107.30722,20.866354],[107.306068,20.866713]]],[[[107.309622,20.869942],[107.312132,20.870121],[107.311019,20.868262],[107.309622,20.869942]]],[[[107.302951,20.871357],[107.303941,20.871631],[107.304798,20.867692],[107.302951,20.871357]]],[[[107.300583,20.870369],[107.299158,20.874597],[107.301912,20.871761],[107.300963,20.868578],[107.299222,20.869197],[107.300583,20.870369]]],[[[107.305544,20.875925],[107.306796,20.872374],[107.303822,20.872446],[107.302959,20.873414],[107.305544,20.875925]]],[[[107.290793,20.87545],[107.289784,20.873811],[107.289574,20.875985],[107.290793,20.87545]]],[[[107.298664,20.876139],[107.295317,20.873272],[107.296625,20.877117],[107.298664,20.876139]]],[[[107.287612,20.876813],[107.288692,20.876371],[107.287783,20.875391],[107.287612,20.876813]]],[[[107.29195,20.879228],[107.294513,20.87989],[107.292113,20.878511],[107.29195,20.879228]]],[[[107.290013,20.881318],[107.288217,20.880705],[107.289536,20.882135],[107.290013,20.881318]]]]}},{"type":"Feature","properties":{"code":"06688","name":"Phường Hạ Long","type":"Phường"},"geometry":{"type":"MultiPolygon","coordinates":[[[[107.118757,20.889133],[107.118868,20.887101],[107.117557,20.886785],[107.118083,20.888608],[107.118757,20.889133]]],[[[107.117644,20.891409],[107.118227,20.889876],[107.11666,20.890228],[107.116632,20.89181],[107.117644,20.891409]]],[[[107.108845,20.894999],[107.109438,20.893664],[107.107759,20.892193],[107.109847,20.891185],[107.106853,20.890868],[107.106241,20.894874],[107.107773,20.893845],[107.108845,20.894999]]],[[[107.104875,20.8929],[107.104075,20.894485],[107.105197,20.894171],[107.104875,20.8929]]],[[[107.105947,20.895378],[107.104765,20.897035],[107.106336,20.897646],[107.106934,20.897361],[107.105947,20.895378]]],[[[107.111187,20.897384],[107.112488,20.896816],[107.110255,20.895736],[107.111187,20.897384]]],[[[107.122273,20.898719],[107.120958,20.901209],[107.123133,20.898974],[107.122273,20.898719]]],[[[107.116014,20.901978],[107.11588,20.900655],[107.114687,20.900685],[107.116014,20.901978]]],[[[107.10635,20.903805],[107.105005,20.904219],[107.105626,20.905436],[107.106804,20.904411],[107.10635,20.903805]]],[[[107.10784,20.9118],[107.109895,20.911246],[107.109322,20.904514],[107.107225,20.911005],[107.10784,20.9118]]],[[[107.117456,20.908132],[107.116157,20.908925],[107.11923,20.908015],[107.117456,20.908132]]],[[[107.113023,20.912279],[107.11511,20.91114],[107.112923,20.908707],[107.113023,20.912279]]],[[[107.104112,20.913654],[107.104256,20.912887],[107.102229,20.912574],[107.102737,20.913835],[107.104112,20.913654]]],[[[107.122727,20.912834],[107.121661,20.914186],[107.122388,20.914449],[107.122727,20.912834]]],[[[107.114398,20.915624],[107.115039,20.915352],[107.114363,20.91405],[107.114398,20.915624]]],[[[107.109749,20.917065],[107.110862,20.913694],[107.109237,20.917043],[107.109749,20.917065]]],[[[107.117989,20.914372],[107.116621,20.91805],[107.118725,20.917106],[107.117989,20.914372]]],[[[107.110533,20.921205],[107.109321,20.919571],[107.109342,20.921068],[107.109429,20.922924],[107.110533,20.921205]]],[[[107.0989,20.921664],[107.100456,20.921559],[107.101584,20.924134],[107.101664,20.921716],[107.09978,20.920203],[107.0989,20.921664]]],[[[107.117609,20.927791],[107.116427,20.928758],[107.117436,20.92942],[107.118372,20.928446],[107.117609,20.927791]]],[[[107.107758,20.929375],[107.11049,20.928839],[107.106538,20.927708],[107.106902,20.933798],[107.107758,20.929375]]],[[[107.098532,20.933206],[107.097249,20.936706],[107.100115,20.934858],[107.098122,20.941277],[107.099809,20.940851],[107.101639,20.936309],[107.104047,20.936454],[107.105023,20.931999],[107.103056,20.934941],[107.099647,20.92833],[107.099335,20.931847],[107.095426,20.930335],[107.096568,20.933781],[107.098532,20.933206]]],[[[107.108052,20.936142],[107.108497,20.935027],[107.107481,20.934558],[107.108052,20.936142]]],[[[107.11191,20.935296],[107.110556,20.936487],[107.111554,20.937271],[107.113011,20.935451],[107.11191,20.935296]]],[[[107.103329,20.944803],[107.103407,20.943312],[107.102888,20.943423],[107.103329,20.944803]]],[[[107.117773,20.948723],[107.123015,20.949236],[107.134301,20.954668],[107.13415,20.950954],[107.136475,20.946639],[107.135586,20.93812],[107.134157,20.937928],[107.133567,20.940596],[107.13611,20.945025],[107.128021,20.936447],[107.109887,20.939231],[107.103347,20.945304],[107.097144,20.947092],[107.099244,20.951305],[107.097443,20.953169],[107.091429,20.952416],[107.09457,20.954143],[107.092894,20.955063],[107.093979,20.956259],[107.091776,20.959124],[107.095288,20.958017],[107.099352,20.959804],[107.101283,20.958101],[107.106678,20.957837],[107.107583,20.955971],[107.11089,20.955344],[107.111378,20.956393],[107.112896,20.95171],[107.117773,20.948723]]],[[[107.14229,20.871014],[107.142535,20.872904],[107.14454,20.872078],[107.145465,20.873342],[107.148197,20.870335],[107.149469,20.870714],[107.152418,20.86626],[107.149361,20.863403],[107.145604,20.870763],[107.139876,20.868413],[107.13872,20.869671],[107.14229,20.871014]]],[[[107.139878,20.87136],[107.13683,20.871097],[107.136554,20.878632],[107.141938,20.87591],[107.139023,20.873836],[107.139878,20.87136]]],[[[107.131592,20.876718],[107.134969,20.876175],[107.134749,20.873997],[107.132207,20.874577],[107.131592,20.876718]]],[[[107.128355,20.878949],[107.131078,20.878593],[107.130611,20.876275],[107.128071,20.878526],[107.128355,20.878949]]],[[[107.126241,20.878387],[107.127338,20.877615],[107.125155,20.877093],[107.124219,20.878296],[107.126241,20.878387]]],[[[107.132711,20.877499],[107.132713,20.878723],[107.134247,20.878272],[107.132711,20.877499]]],[[[107.130362,20.881462],[107.131367,20.880313],[107.130343,20.879888],[107.130362,20.881462]]],[[[107.1262,20.881249],[107.127493,20.881942],[107.128073,20.881025],[107.1262,20.881249]]],[[[107.139632,20.883905],[107.140589,20.88366],[107.139163,20.882186],[107.139632,20.883905]]],[[[107.124176,20.888693],[107.126095,20.888027],[107.125922,20.885565],[107.124176,20.888693]]],[[[107.122965,20.888109],[107.123884,20.887402],[107.122589,20.886592],[107.122965,20.888109]]],[[[107.136274,20.888482],[107.137061,20.888724],[107.137632,20.887075],[107.136274,20.888482]]],[[[107.130918,20.891681],[107.130267,20.892796],[107.13136,20.89245],[107.130918,20.891681]]],[[[107.124608,20.894429],[107.127582,20.893732],[107.126143,20.891316],[107.124126,20.892282],[107.124608,20.894429]]],[[[107.132655,20.89433],[107.133318,20.892573],[107.132198,20.892369],[107.132655,20.89433]]],[[[107.129116,20.894792],[107.129983,20.895749],[107.131495,20.89545],[107.130889,20.893973],[107.129116,20.894792]]],[[[107.12817,20.89668],[107.129491,20.895921],[107.129226,20.895543],[107.12817,20.89668]]],[[[107.142251,20.903372],[107.143628,20.902474],[107.143274,20.901498],[107.142251,20.903372]]],[[[107.139437,20.903357],[107.139495,20.901545],[107.138257,20.902547],[107.139437,20.903357]]],[[[107.139581,20.911082],[107.142319,20.909772],[107.141366,20.907405],[107.140128,20.907235],[107.139581,20.911082]]],[[[107.124134,20.910639],[107.124937,20.90944],[107.123719,20.909169],[107.124134,20.910639]]],[[[107.129202,20.910448],[107.126088,20.907378],[107.127197,20.913176],[107.128153,20.914072],[107.129202,20.910448]]],[[[107.128916,20.915777],[107.130254,20.915046],[107.129847,20.914574],[107.128916,20.915777]]],[[[107.125168,20.926189],[107.127954,20.923033],[107.126468,20.92283],[107.125168,20.926189]]],[[[107.136732,20.930716],[107.138624,20.930503],[107.13844,20.928932],[107.137917,20.928382],[107.136732,20.930716]]],[[[107.132946,20.928532],[107.128697,20.927887],[107.129585,20.929879],[107.136347,20.932734],[107.135652,20.930556],[107.131905,20.929519],[107.132946,20.928532]]],[[[107.207226,20.830967],[107.208518,20.830768],[107.208335,20.82987],[107.207226,20.830967]]],[[[107.207436,20.832224],[107.205705,20.832139],[107.206004,20.83367],[107.207029,20.833657],[107.207436,20.832224]]],[[[107.19914,20.832666],[107.197828,20.8348],[107.199898,20.833091],[107.19914,20.832666]]],[[[107.192013,20.838598],[107.193494,20.837781],[107.192934,20.837167],[107.192013,20.838598]]],[[[107.186893,20.840037],[107.190104,20.839566],[107.189007,20.838618],[107.186893,20.840037]]],[[[107.195818,20.841343],[107.19094,20.841521],[107.194312,20.842654],[107.195818,20.841343]]],[[[107.209764,20.844922],[107.209622,20.843502],[107.208297,20.843823],[107.208435,20.845015],[107.209764,20.844922]]],[[[107.188916,20.845644],[107.189576,20.845294],[107.188549,20.84398],[107.188916,20.845644]]],[[[107.186567,20.840539],[107.18396,20.841307],[107.181165,20.846507],[107.179349,20.844516],[107.181974,20.843275],[107.179231,20.84158],[107.178521,20.84474],[107.177097,20.843787],[107.173279,20.846109],[107.172474,20.849697],[107.173718,20.853898],[107.175794,20.852971],[107.175887,20.850672],[107.179214,20.850938],[107.177549,20.848922],[107.184361,20.848171],[107.183652,20.844675],[107.185389,20.842615],[107.18764,20.843321],[107.186567,20.840539]]],[[[107.164307,20.853555],[107.165243,20.852841],[107.164411,20.851937],[107.164307,20.853555]]],[[[107.18768,20.85465],[107.188809,20.854269],[107.188147,20.853341],[107.18768,20.85465]]],[[[107.172468,20.853503],[107.171591,20.854814],[107.172867,20.854176],[107.172468,20.853503]]],[[[107.185131,20.856935],[107.186806,20.855091],[107.186319,20.854867],[107.185131,20.856935]]],[[[107.177608,20.857369],[107.178023,20.855934],[107.176795,20.855928],[107.177608,20.857369]]],[[[107.181013,20.856766],[107.179531,20.857322],[107.180956,20.858088],[107.181013,20.856766]]],[[[107.190109,20.858392],[107.190755,20.857777],[107.189297,20.856689],[107.190109,20.858392]]],[[[107.172963,20.859038],[107.174171,20.858671],[107.173383,20.857692],[107.172963,20.859038]]],[[[107.189155,20.859656],[107.188728,20.861189],[107.189493,20.86095],[107.189155,20.859656]]],[[[107.181732,20.861408],[107.183345,20.859933],[107.181519,20.859869],[107.181043,20.861126],[107.181732,20.861408]]],[[[107.172345,20.862841],[107.172818,20.861733],[107.171946,20.861691],[107.172345,20.862841]]],[[[107.175414,20.864734],[107.177031,20.863538],[107.176203,20.862799],[107.175414,20.864734]]],[[[107.160668,20.865274],[107.161276,20.866959],[107.168302,20.863847],[107.168462,20.862812],[107.160668,20.865274]]],[[[107.165537,20.868488],[107.166733,20.868016],[107.166439,20.866804],[107.165537,20.868488]]],[[[107.155367,20.868708],[107.156236,20.867401],[107.155264,20.86711],[107.155367,20.868708]]],[[[107.146012,20.868175],[107.14497,20.869571],[107.146307,20.869181],[107.146012,20.868175]]],[[[107.155,20.875262],[107.155492,20.874242],[107.154436,20.87402],[107.155,20.875262]]],[[[107.247309,20.796445],[107.24775,20.795469],[107.246773,20.795147],[107.247309,20.796445]]],[[[107.24697,20.800365],[107.246352,20.802197],[107.24732,20.80144],[107.24697,20.800365]]],[[[107.239285,20.804193],[107.239495,20.803128],[107.238302,20.802977],[107.239285,20.804193]]],[[[107.246564,20.80534],[107.245729,20.806166],[107.247074,20.80668],[107.247984,20.8058],[107.246564,20.80534]]],[[[107.241178,20.813437],[107.241401,20.815024],[107.242043,20.813926],[107.241178,20.813437]]],[[[107.220441,20.816057],[107.221537,20.815964],[107.221584,20.814878],[107.220441,20.816057]]],[[[107.21353,20.816162],[107.212677,20.817143],[107.214018,20.817398],[107.21353,20.816162]]],[[[107.220269,20.819206],[107.221215,20.818625],[107.219998,20.817724],[107.220269,20.819206]]],[[[107.228853,20.81938],[107.228938,20.820028],[107.230709,20.818612],[107.228853,20.81938]]],[[[107.210892,20.820936],[107.213449,20.818698],[107.211956,20.81817],[107.210347,20.82041],[107.210892,20.820936]]],[[[107.224415,20.819395],[107.223658,20.820296],[107.225145,20.821092],[107.225625,20.820858],[107.224415,20.819395]]],[[[107.215518,20.821106],[107.217109,20.821196],[107.217451,20.81948],[107.215625,20.820267],[107.215518,20.821106]]],[[[107.233312,20.821772],[107.23479,20.821389],[107.23121,20.8207],[107.233312,20.821772]]],[[[107.213699,20.823341],[107.214025,20.8218],[107.212848,20.821839],[107.213699,20.823341]]],[[[107.214028,20.824025],[107.211632,20.825393],[107.214305,20.825825],[107.214028,20.824025]]],[[[107.226575,20.826606],[107.225508,20.827419],[107.22657,20.82847],[107.227923,20.827178],[107.226575,20.826606]]],[[[107.223321,20.830044],[107.220058,20.832395],[107.221842,20.833139],[107.225552,20.832256],[107.223321,20.830044]]],[[[107.21184,20.831186],[107.211058,20.832661],[107.212346,20.831654],[107.21184,20.831186]]],[[[107.221052,20.836451],[107.222405,20.835037],[107.218706,20.835137],[107.217838,20.835907],[107.221052,20.836451]]],[[[107.206575,20.842233],[107.215062,20.83485],[107.213235,20.833268],[107.209647,20.835014],[107.208752,20.8384],[107.206389,20.836495],[107.203464,20.839854],[107.206403,20.839346],[107.206575,20.842233]]],[[[107.214946,20.840668],[107.215838,20.840611],[107.215933,20.83932],[107.214946,20.840668]]],[[[107.212624,20.840923],[107.212676,20.839691],[107.211651,20.839933],[107.212624,20.840923]]],[[[107.214989,20.843419],[107.216202,20.842664],[107.215357,20.841584],[107.214989,20.843419]]],[[[107.212692,20.844378],[107.212309,20.843084],[107.211298,20.844119],[107.2113,20.844562],[107.212692,20.844378]]]]}},{"type":"Feature","properties":{"code":"06685","name":"Phường Hồng Gai","type":"Phường"},"geometry":{"type":"MultiPolygon","coordinates":[[[[107.094067,20.820776],[107.097447,20.818149],[107.095965,20.818039],[107.094067,20.820776]]],[[[107.09085,20.823014],[107.089993,20.822417],[107.089856,20.823955],[107.09085,20.823014]]],[[[107.0856,20.826201],[107.084691,20.825698],[107.084762,20.827056],[107.0856,20.826201]]],[[[107.086343,20.829038],[107.08807,20.830955],[107.087507,20.828398],[107.089554,20.82711],[107.086735,20.826476],[107.086343,20.829038]]],[[[107.090282,20.828513],[107.089693,20.828439],[107.090048,20.829714],[107.090282,20.828513]]],[[[107.089993,20.831406],[107.088944,20.830855],[107.089153,20.832499],[107.089993,20.831406]]],[[[107.073662,20.839037],[107.078828,20.840181],[107.080888,20.837051],[107.087389,20.833208],[107.08578,20.830665],[107.081851,20.830173],[107.078388,20.83426],[107.076435,20.833864],[107.072183,20.836898],[107.073662,20.839037]]],[[[107.063055,20.837622],[107.064241,20.838888],[107.064818,20.83873],[107.064766,20.837288],[107.063055,20.837622]]],[[[107.067065,20.84292],[107.067247,20.840408],[107.066715,20.842802],[107.067065,20.84292]]],[[[107.077826,20.84571],[107.077443,20.844703],[107.076936,20.846167],[107.077826,20.84571]]],[[[107.059465,20.848279],[107.060462,20.849056],[107.061128,20.848518],[107.060686,20.847578],[107.059465,20.848279]]],[[[107.062194,20.849597],[107.063941,20.849555],[107.064015,20.848715],[107.06332,20.848208],[107.062194,20.849597]]],[[[107.074874,20.847611],[107.072384,20.850683],[107.075293,20.849022],[107.074874,20.847611]]],[[[107.086404,20.851217],[107.087401,20.850618],[107.086641,20.849598],[107.086404,20.851217]]],[[[107.081955,20.851298],[107.08166,20.8499],[107.08108,20.851317],[107.081955,20.851298]]],[[[107.062938,20.850911],[107.062425,20.850312],[107.061068,20.851705],[107.062938,20.850911]]],[[[107.06833,20.851381],[107.068643,20.852108],[107.069974,20.850996],[107.06833,20.851381]]],[[[107.081009,20.851925],[107.080799,20.853181],[107.081769,20.853491],[107.08238,20.852334],[107.081009,20.851925]]],[[[107.072309,20.857284],[107.071026,20.856076],[107.071642,20.857954],[107.072309,20.857284]]],[[[107.091489,20.856552],[107.091333,20.859694],[107.092731,20.860797],[107.092796,20.856401],[107.091489,20.856552]]],[[[107.065666,20.85955],[107.066285,20.858506],[107.065254,20.857952],[107.065666,20.85955]]],[[[107.081157,20.859353],[107.080102,20.858246],[107.08001,20.85982],[107.081157,20.859353]]],[[[107.088287,20.859644],[107.085416,20.857916],[107.08382,20.860957],[107.08576,20.861873],[107.088287,20.859644]]],[[[107.0635,20.860475],[107.065116,20.866007],[107.068598,20.865558],[107.072408,20.861351],[107.068221,20.861299],[107.06855,20.856878],[107.066619,20.857435],[107.066595,20.861523],[107.065199,20.861701],[107.06524,20.859973],[107.0635,20.860475]]],[[[107.092392,20.863754],[107.09522,20.861588],[107.091757,20.862258],[107.092392,20.863754]]],[[[107.085805,20.862857],[107.082578,20.865729],[107.083453,20.866712],[107.087887,20.866293],[107.088373,20.865381],[107.085805,20.862857]]],[[[107.072933,20.865371],[107.0715,20.865092],[107.069915,20.866568],[107.072326,20.86687],[107.072933,20.865371]]],[[[107.083741,20.868611],[107.084527,20.868997],[107.084693,20.867548],[107.083741,20.868611]]],[[[107.055837,20.870631],[107.056313,20.86803],[107.054884,20.869988],[107.055837,20.870631]]],[[[107.065218,20.866969],[107.062877,20.868899],[107.060451,20.868032],[107.059011,20.872201],[107.061566,20.869943],[107.063301,20.872705],[107.067215,20.873113],[107.065218,20.866969]]],[[[107.062838,20.873751],[107.063,20.874919],[107.064125,20.874249],[107.063827,20.873429],[107.062838,20.873751]]],[[[107.062128,20.87504],[107.059461,20.873503],[107.057731,20.876134],[107.059444,20.877572],[107.059695,20.875884],[107.062128,20.87504]]],[[[107.095617,20.917324],[107.095612,20.918385],[107.097336,20.917719],[107.095617,20.917324]]],[[[107.092181,20.923229],[107.092788,20.923324],[107.093024,20.921624],[107.092181,20.923229]]],[[[107.0859,20.926552],[107.0878,20.924487],[107.085694,20.923421],[107.0859,20.926552]]],[[[107.082787,20.927638],[107.081658,20.928343],[107.083235,20.928665],[107.082787,20.927638]]],[[[107.085875,20.934594],[107.084897,20.934274],[107.085234,20.936544],[107.085875,20.934594]]],[[[107.079559,20.93518],[107.078804,20.9376],[107.081002,20.937898],[107.081424,20.93517],[107.078558,20.934185],[107.077399,20.935828],[107.079559,20.93518]]],[[[107.075971,20.93775],[107.07657,20.940258],[107.07697,20.940434],[107.077485,20.937336],[107.075971,20.93775]]],[[[107.081398,20.938769],[107.078215,20.93969],[107.077686,20.94225],[107.07992,20.941916],[107.081398,20.938769]]],[[[107.084924,20.94359],[107.090186,20.942309],[107.087021,20.941843],[107.084963,20.937302],[107.082903,20.940947],[107.084621,20.948097],[107.085862,20.945907],[107.084924,20.94359]]],[[[107.094054,20.945413],[107.097287,20.941874],[107.095287,20.941532],[107.094054,20.945413]]],[[[107.09371,20.943555],[107.091831,20.942905],[107.093016,20.944729],[107.09371,20.943555]]],[[[107.097144,20.947092],[107.084391,20.948174],[107.081939,20.944089],[107.076944,20.943283],[107.061685,20.948111],[107.067284,20.96598],[107.072918,20.965135],[107.073951,20.962774],[107.081474,20.96646],[107.086003,20.958967],[107.093745,20.956584],[107.092894,20.955063],[107.094393,20.953629],[107.091429,20.952416],[107.097443,20.953169],[107.099244,20.951305],[107.097144,20.947092]]],[[[107.120533,20.771508],[107.119188,20.771218],[107.120066,20.772616],[107.120533,20.771508]]],[[[107.122913,20.773934],[107.121966,20.773512],[107.122121,20.774722],[107.122913,20.773934]]],[[[107.117755,20.778739],[107.116962,20.778895],[107.118067,20.779915],[107.117755,20.778739]]],[[[107.116311,20.78245],[107.117422,20.781833],[107.116396,20.780809],[107.116311,20.78245]]],[[[107.114143,20.793595],[107.115906,20.793942],[107.114115,20.793263],[107.114143,20.793595]]],[[[107.114681,20.798958],[107.115484,20.799894],[107.116413,20.799435],[107.116017,20.798587],[107.114681,20.798958]]],[[[107.113793,20.80237],[107.112425,20.801296],[107.113004,20.802827],[107.113793,20.80237]]],[[[107.110608,20.806393],[107.109641,20.806212],[107.110539,20.807502],[107.110608,20.806393]]],[[[107.118489,20.810517],[107.11949,20.808717],[107.123957,20.808957],[107.121024,20.805684],[107.115249,20.811235],[107.118489,20.810517]]],[[[107.114499,20.810146],[107.114692,20.809092],[107.113161,20.809415],[107.114499,20.810146]]],[[[107.119745,20.811928],[107.122101,20.810771],[107.120551,20.809248],[107.119215,20.811608],[107.119745,20.811928]]],[[[107.121324,20.813925],[107.120777,20.813701],[107.120327,20.8154],[107.121324,20.813925]]],[[[107.114056,20.813785],[107.114259,20.816457],[107.117879,20.813401],[107.116566,20.812726],[107.114056,20.813785]]],[[[107.122129,20.817367],[107.123658,20.817901],[107.123708,20.814438],[107.122129,20.817367]]],[[[107.107403,20.824043],[107.105105,20.825274],[107.105031,20.825651],[107.107179,20.825354],[107.107403,20.824043]]],[[[107.104338,20.82526],[107.102228,20.82569],[107.10203,20.82736],[107.104338,20.82526]]],[[[107.113611,20.830089],[107.113446,20.826907],[107.112573,20.827865],[107.113611,20.830089]]],[[[107.098727,20.828165],[107.098424,20.828346],[107.099294,20.829579],[107.098727,20.828165]]],[[[107.115013,20.832476],[107.114815,20.831527],[107.113766,20.832857],[107.115013,20.832476]]],[[[107.122756,20.832147],[107.122088,20.831984],[107.12279,20.833189],[107.122756,20.832147]]],[[[107.117957,20.83769],[107.112711,20.84062],[107.116708,20.842517],[107.118449,20.839419],[107.124855,20.839512],[107.125219,20.835501],[107.127708,20.835374],[107.126974,20.833815],[107.121954,20.834735],[107.119762,20.832586],[107.115924,20.835038],[107.117957,20.83769]]],[[[107.110559,20.838074],[107.109576,20.836697],[107.107957,20.837798],[107.108493,20.838408],[107.110559,20.838074]]],[[[107.105855,20.840386],[107.107486,20.841916],[107.108016,20.841518],[107.107348,20.840247],[107.105855,20.840386]]],[[[107.108851,20.84265],[107.110601,20.842611],[107.110469,20.841734],[107.108851,20.84265]]],[[[107.104892,20.840182],[107.102615,20.837959],[107.102342,20.832638],[107.104619,20.832702],[107.10592,20.836216],[107.110734,20.833991],[107.105904,20.830693],[107.107032,20.829346],[107.110966,20.829504],[107.108897,20.82617],[107.0956,20.833243],[107.095515,20.834811],[107.101256,20.838844],[107.099077,20.839113],[107.098105,20.842882],[107.096469,20.842335],[107.096794,20.845581],[107.092153,20.844777],[107.093281,20.842602],[107.091256,20.835574],[107.085475,20.838153],[107.085138,20.839345],[107.087538,20.840504],[107.083601,20.841552],[107.083668,20.845106],[107.085204,20.846453],[107.08776,20.846039],[107.087298,20.844244],[107.091099,20.844973],[107.088028,20.850652],[107.089438,20.852258],[107.093432,20.850995],[107.091328,20.852749],[107.091988,20.85524],[107.096105,20.853549],[107.096052,20.857985],[107.098767,20.85863],[107.100692,20.857785],[107.097552,20.85476],[107.102311,20.848414],[107.097797,20.849813],[107.097205,20.846945],[107.101583,20.84471],[107.100211,20.841974],[107.104946,20.842807],[107.104892,20.840182]]],[[[107.121067,20.844565],[107.123256,20.84528],[107.123912,20.84485],[107.12197,20.843665],[107.121067,20.844565]]],[[[107.115407,20.846062],[107.118244,20.846666],[107.116093,20.845472],[107.115407,20.846062]]],[[[107.113637,20.847594],[107.112556,20.847272],[107.113311,20.848617],[107.113637,20.847594]]],[[[107.115344,20.84982],[107.114309,20.850514],[107.115556,20.851807],[107.115344,20.84982]]],[[[107.11482,20.853462],[107.116801,20.855311],[107.119224,20.850415],[107.116854,20.850478],[107.116189,20.852069],[107.109695,20.85558],[107.11405,20.855263],[107.11482,20.853462]]],[[[107.102302,20.852002],[107.099585,20.854844],[107.103181,20.856846],[107.102302,20.852002]]],[[[107.10863,20.857705],[107.108626,20.856558],[107.107284,20.857424],[107.10863,20.857705]]],[[[107.09923,20.861542],[107.098775,20.85979],[107.098273,20.859317],[107.097985,20.861842],[107.09923,20.861542]]],[[[107.097819,20.864023],[107.096784,20.863501],[107.096951,20.865138],[107.097819,20.864023]]],[[[107.123849,20.867222],[107.123002,20.86649],[107.122431,20.867978],[107.123849,20.867222]]],[[[107.123231,20.870965],[107.122308,20.87048],[107.122622,20.871941],[107.123231,20.870965]]],[[[107.117937,20.869393],[107.116296,20.873694],[107.118275,20.873745],[107.119456,20.869925],[107.117937,20.869393]]],[[[107.112078,20.871051],[107.111295,20.872034],[107.11266,20.87239],[107.113147,20.871697],[107.112078,20.871051]]],[[[107.110107,20.872154],[107.109701,20.873552],[107.113278,20.876079],[107.110107,20.872154]]],[[[107.116558,20.876178],[107.117913,20.875828],[107.116829,20.874317],[107.116523,20.874447],[107.116558,20.876178]]],[[[107.108828,20.877794],[107.108323,20.878892],[107.110708,20.879318],[107.108828,20.877794]]],[[[107.115493,20.878919],[107.113631,20.878965],[107.113253,20.879789],[107.115291,20.880064],[107.115493,20.878919]]],[[[107.099337,20.894505],[107.098441,20.894567],[107.099332,20.895739],[107.099337,20.894505]]],[[[107.100819,20.90153],[107.100015,20.89962],[107.099351,20.900297],[107.100819,20.90153]]],[[[107.142981,20.738168],[107.142333,20.737041],[107.140907,20.737378],[107.141379,20.738437],[107.142981,20.738168]]],[[[107.128198,20.746028],[107.127139,20.745011],[107.127682,20.746451],[107.128198,20.746028]]],[[[107.143361,20.749964],[107.141209,20.74998],[107.139561,20.746937],[107.137129,20.751847],[107.135551,20.750451],[107.137416,20.749396],[107.136111,20.746393],[107.137961,20.744061],[107.140135,20.745591],[107.141704,20.742367],[107.143784,20.742916],[107.143542,20.746192],[107.145899,20.743787],[107.140822,20.74004],[107.136154,20.743283],[107.137017,20.739613],[107.133909,20.738218],[107.12951,20.7403],[107.13046,20.744352],[107.128888,20.745456],[107.129098,20.748816],[107.12635,20.747831],[107.125856,20.750926],[107.129126,20.752266],[107.129589,20.755765],[107.133327,20.754862],[107.132321,20.75763],[107.13621,20.760792],[107.1364,20.763169],[107.138539,20.761302],[107.138627,20.764005],[107.135484,20.764178],[107.135597,20.765231],[107.140277,20.765356],[107.143228,20.767425],[107.143037,20.765145],[107.140585,20.763162],[107.143643,20.764041],[107.145329,20.762491],[107.143979,20.758409],[107.140925,20.758862],[107.141078,20.755049],[107.144227,20.753272],[107.143361,20.749964]]],[[[107.128176,20.752694],[107.127575,20.752763],[107.128398,20.754375],[107.128176,20.752694]]],[[[107.143463,20.755955],[107.142443,20.755503],[107.143017,20.757181],[107.143463,20.755955]]],[[[107.126932,20.75824],[107.12746,20.7551],[107.125008,20.755759],[107.126932,20.75824]]],[[[107.129376,20.75892],[107.127948,20.757271],[107.126609,20.759974],[107.127698,20.76091],[107.129376,20.75892]]],[[[107.12329,20.758229],[107.123503,20.762059],[107.125369,20.761835],[107.124939,20.757696],[107.12329,20.758229]]],[[[107.130003,20.757097],[107.130414,20.761689],[107.128429,20.764797],[107.126106,20.764425],[107.12583,20.767114],[107.127441,20.7674],[107.128309,20.765761],[107.131227,20.765865],[107.131395,20.762346],[107.135439,20.763478],[107.135316,20.761743],[107.133743,20.762963],[107.13106,20.760352],[107.131173,20.756522],[107.130003,20.757097]]],[[[107.127726,20.763649],[107.127478,20.762364],[107.126973,20.763859],[107.127726,20.763649]]],[[[107.12417,20.763644],[107.123303,20.762717],[107.123034,20.76463],[107.12417,20.763644]]],[[[107.145633,20.765077],[107.144951,20.764779],[107.144317,20.766577],[107.145633,20.765077]]],[[[107.13381,20.765645],[107.133025,20.765257],[107.132875,20.766421],[107.13381,20.765645]]],[[[107.144097,20.769454],[107.145442,20.769338],[107.144119,20.767757],[107.144097,20.769454]]],[[[107.138999,20.769719],[107.13858,20.768365],[107.13812,20.7701],[107.138999,20.769719]]],[[[107.13333,20.769692],[107.134236,20.770317],[107.135187,20.769737],[107.134771,20.769072],[107.13333,20.769692]]],[[[107.125455,20.770052],[107.126273,20.771485],[107.127247,20.770851],[107.127171,20.770088],[107.125455,20.770052]]],[[[107.132976,20.770875],[107.131587,20.771289],[107.131788,20.772289],[107.13327,20.772263],[107.132976,20.770875]]],[[[107.146329,20.771666],[107.145452,20.770739],[107.143771,20.770068],[107.144186,20.773323],[107.146329,20.771666]]],[[[107.138696,20.774207],[107.141386,20.774275],[107.139231,20.773501],[107.138696,20.774207]]],[[[107.13511,20.773742],[107.131776,20.77379],[107.131835,20.777617],[107.135308,20.776747],[107.133503,20.775053],[107.13511,20.773742]]],[[[107.136772,20.776108],[107.136778,20.775487],[107.135335,20.775863],[107.136772,20.776108]]],[[[107.132568,20.778468],[107.131792,20.778229],[107.132009,20.779574],[107.132568,20.778468]]],[[[107.136617,20.782139],[107.139022,20.782342],[107.138476,20.781054],[107.136617,20.782139]]],[[[107.139362,20.784291],[107.138597,20.787552],[107.142542,20.784287],[107.139362,20.784291]]],[[[107.136155,20.79815],[107.134422,20.793247],[107.137006,20.791126],[107.134805,20.788971],[107.131103,20.788402],[107.137625,20.78676],[107.135076,20.784275],[107.133323,20.786065],[107.132255,20.783527],[107.129762,20.784713],[107.127552,20.782791],[107.128776,20.781154],[107.135137,20.783669],[107.135874,20.782303],[107.134545,20.778673],[107.132466,20.781382],[107.130789,20.779595],[107.129225,20.78032],[107.128965,20.777775],[107.127144,20.779295],[107.124904,20.776646],[107.129931,20.776523],[107.130758,20.769411],[107.127561,20.772256],[107.125181,20.771639],[107.123566,20.76847],[107.123432,20.774556],[107.120638,20.776913],[107.116422,20.785215],[107.116192,20.790544],[107.118603,20.793625],[107.117349,20.799584],[107.114848,20.800599],[107.11418,20.802999],[107.115903,20.805672],[107.112325,20.80627],[107.114834,20.807213],[107.117558,20.806036],[107.11943,20.803291],[107.118142,20.800675],[107.121591,20.803028],[107.124672,20.798818],[107.126326,20.801284],[107.122913,20.803012],[107.122977,20.805667],[107.124489,20.807346],[107.128075,20.807237],[107.126964,20.805576],[107.130144,20.801692],[107.128279,20.800377],[107.129182,20.798324],[107.125346,20.795773],[107.127972,20.796552],[107.129114,20.79293],[107.131663,20.797891],[107.136155,20.79815]]],[[[107.137274,20.789087],[107.137906,20.790845],[107.138635,20.789698],[107.137274,20.789087]]],[[[107.133987,20.799476],[107.133067,20.799429],[107.134212,20.800743],[107.133987,20.799476]]],[[[107.134388,20.804122],[107.136042,20.80513],[107.136993,20.804453],[107.13514,20.803239],[107.134388,20.804122]]],[[[107.131315,20.805829],[107.12989,20.805104],[107.130714,20.80644],[107.131315,20.805829]]],[[[107.134357,20.805919],[107.133279,20.805493],[107.134021,20.80674],[107.134357,20.805919]]],[[[107.12427,20.810863],[107.123239,20.810882],[107.122069,20.813451],[107.12427,20.810863]]],[[[107.130827,20.812075],[107.127529,20.81043],[107.129143,20.812048],[107.128539,20.815957],[107.130827,20.812075]]],[[[107.135001,20.821133],[107.13707,20.820022],[107.136365,20.81926],[107.135001,20.821133]]],[[[107.12836,20.822599],[107.127408,20.822179],[107.127692,20.823892],[107.12836,20.822599]]],[[[107.124242,20.823549],[107.126515,20.824232],[107.124704,20.822971],[107.124242,20.823549]]],[[[107.144899,20.825345],[107.144479,20.822624],[107.140742,20.825871],[107.143509,20.826324],[107.144899,20.825345]]],[[[107.13963,20.835297],[107.140774,20.833831],[107.139157,20.830772],[107.140047,20.828737],[107.138136,20.828745],[107.138917,20.834649],[107.13963,20.835297]]],[[[107.140926,20.832843],[107.142746,20.831905],[107.14088,20.831691],[107.140926,20.832843]]],[[[107.142098,20.84436],[107.141076,20.843787],[107.141999,20.844857],[107.142098,20.84436]]],[[[107.122308,20.851068],[107.125164,20.849127],[107.122351,20.847618],[107.121688,20.850752],[107.122308,20.851068]]],[[[107.129133,20.860323],[107.128295,20.859177],[107.128255,20.860875],[107.129133,20.860323]]],[[[107.138851,20.859069],[107.135034,20.859409],[107.133244,20.861181],[107.130253,20.860218],[107.129839,20.862032],[107.127375,20.862395],[107.130879,20.863944],[107.138851,20.859069]]],[[[107.136998,20.866373],[107.137863,20.864808],[107.135948,20.865285],[107.136998,20.866373]]],[[[107.151888,20.736202],[107.150734,20.734717],[107.149156,20.736027],[107.151888,20.736202]]],[[[107.156267,20.736078],[107.15544,20.735521],[107.155898,20.736597],[107.156267,20.736078]]],[[[107.147683,20.73724],[107.147792,20.736323],[107.146471,20.736724],[107.147683,20.73724]]],[[[107.158075,20.737072],[107.1576,20.73787],[107.159175,20.738001],[107.158075,20.737072]]],[[[107.146543,20.738817],[107.145012,20.738416],[107.146343,20.739367],[107.146543,20.738817]]],[[[107.153765,20.740666],[107.155415,20.73793],[107.152406,20.740172],[107.153765,20.740666]]],[[[107.150977,20.738476],[107.149268,20.739861],[107.150969,20.740332],[107.150977,20.738476]]],[[[107.15792,20.743843],[107.158531,20.742119],[107.160695,20.741958],[107.158444,20.739909],[107.156754,20.742262],[107.15792,20.743843]]],[[[107.154599,20.742062],[107.154881,20.743383],[107.155629,20.741638],[107.154599,20.742062]]],[[[107.148288,20.74177],[107.149589,20.741608],[107.146541,20.741296],[107.14694,20.74447],[107.148288,20.74177]]],[[[107.148732,20.743175],[107.149945,20.745061],[107.151372,20.744073],[107.149699,20.742466],[107.148732,20.743175]]],[[[107.149553,20.745301],[107.148478,20.745155],[107.149285,20.746493],[107.149553,20.745301]]],[[[107.145483,20.747073],[107.143909,20.748194],[107.144217,20.749385],[107.146934,20.748488],[107.145483,20.747073]]],[[[107.147291,20.752019],[107.145918,20.751415],[107.145183,20.752913],[107.145801,20.753117],[107.147291,20.752019]]],[[[107.150578,20.754083],[107.1488,20.759004],[107.146011,20.761169],[107.148476,20.761953],[107.151123,20.758394],[107.151011,20.756796],[107.152976,20.756515],[107.152235,20.754587],[107.154396,20.752876],[107.153339,20.749743],[107.152901,20.753212],[107.150578,20.754083]]],[[[107.148009,20.754353],[107.144987,20.753915],[107.14638,20.759326],[107.147766,20.756003],[107.149607,20.75602],[107.148252,20.752639],[107.148009,20.754353]]],[[[107.154139,20.760693],[107.154862,20.759833],[107.15376,20.759173],[107.154139,20.760693]]],[[[107.151355,20.763036],[107.152091,20.76343],[107.152446,20.761638],[107.151355,20.763036]]],[[[107.154065,20.763165],[107.155363,20.763274],[107.154178,20.762295],[107.154065,20.763165]]],[[[107.17504,20.775364],[107.173631,20.774265],[107.172656,20.774579],[107.173784,20.776355],[107.17504,20.775364]]],[[[107.170155,20.778433],[107.172823,20.779582],[107.174362,20.778768],[107.169735,20.775148],[107.170155,20.778433]]],[[[107.170917,20.800959],[107.170451,20.800678],[107.16995,20.802255],[107.170917,20.800959]]],[[[107.167342,20.805017],[107.167247,20.805973],[107.168836,20.8059],[107.167342,20.805017]]],[[[107.171786,20.805324],[107.172357,20.807295],[107.169144,20.809203],[107.172841,20.80865],[107.173964,20.806181],[107.171786,20.805324]]],[[[107.167178,20.810647],[107.16858,20.809103],[107.165991,20.809909],[107.167178,20.810647]]],[[[107.170996,20.815832],[107.168314,20.818303],[107.166988,20.81696],[107.165767,20.820836],[107.172481,20.819345],[107.171942,20.816243],[107.173768,20.813746],[107.170503,20.814093],[107.169995,20.811577],[107.166385,20.81216],[107.165539,20.814923],[107.168662,20.814035],[107.170996,20.815832]]],[[[107.16454,20.822595],[107.163162,20.822049],[107.164085,20.823394],[107.16454,20.822595]]],[[[107.164005,20.824828],[107.16282,20.825003],[107.164067,20.825833],[107.164005,20.824828]]],[[[107.170285,20.829125],[107.16971,20.82839],[107.169458,20.829717],[107.170285,20.829125]]],[[[107.173482,20.83007],[107.172008,20.828459],[107.172678,20.830194],[107.173482,20.83007]]],[[[107.159214,20.833538],[107.160289,20.833055],[107.159843,20.832065],[107.159214,20.833538]]],[[[107.170161,20.832386],[107.175071,20.832669],[107.171638,20.830385],[107.169999,20.831708],[107.166321,20.829631],[107.166557,20.827542],[107.1626,20.828219],[107.161893,20.82908],[107.164024,20.829546],[107.163512,20.832442],[107.157939,20.835669],[107.165731,20.835016],[107.168892,20.839916],[107.166442,20.841801],[107.166895,20.84365],[107.172462,20.84044],[107.171628,20.837626],[107.174097,20.83524],[107.171842,20.834415],[107.170659,20.836862],[107.170649,20.834575],[107.169072,20.833679],[107.170161,20.832386]]],[[[107.159515,20.838278],[107.159402,20.836865],[107.158975,20.838326],[107.159515,20.838278]]],[[[107.161925,20.835989],[107.160133,20.839795],[107.161967,20.842277],[107.165811,20.84236],[107.161915,20.8381],[107.161925,20.835989]]],[[[107.164077,20.83942],[107.164804,20.840523],[107.165649,20.840346],[107.165171,20.839342],[107.164077,20.83942]]],[[[107.158797,20.844775],[107.157326,20.840214],[107.159409,20.839168],[107.153768,20.839614],[107.15689,20.844662],[107.158797,20.844775]]],[[[107.160531,20.843449],[107.161342,20.842737],[107.16094,20.842137],[107.160531,20.843449]]],[[[107.150928,20.845785],[107.153882,20.846194],[107.152553,20.841473],[107.150928,20.845785]]],[[[107.164322,20.846277],[107.167141,20.844523],[107.165876,20.843212],[107.163144,20.843973],[107.161438,20.844541],[107.164322,20.846277]]],[[[107.155829,20.84825],[107.159565,20.848875],[107.158442,20.845516],[107.155829,20.84825]]],[[[107.164804,20.848236],[107.16611,20.849016],[107.16686,20.846987],[107.165671,20.847352],[107.164804,20.848236]]],[[[107.158066,20.850073],[107.157482,20.848997],[107.156268,20.849868],[107.156618,20.850413],[107.158066,20.850073]]],[[[107.147824,20.855301],[107.146342,20.855443],[107.148027,20.856283],[107.147824,20.855301]]],[[[107.150481,20.861531],[107.149058,20.860917],[107.149348,20.859131],[107.152259,20.859479],[107.150055,20.858106],[107.149533,20.855428],[107.146823,20.859574],[107.148035,20.862101],[107.150481,20.861531]]],[[[107.179533,20.73742],[107.178921,20.736761],[107.178256,20.73813],[107.179533,20.73742]]],[[[107.194114,20.739342],[107.193572,20.73903],[107.193132,20.740312],[107.194114,20.739342]]],[[[107.196233,20.741747],[107.194924,20.741528],[107.195744,20.743215],[107.196233,20.741747]]],[[[107.191308,20.743778],[107.190208,20.743512],[107.191048,20.744767],[107.191308,20.743778]]],[[[107.191659,20.746799],[107.19249,20.748535],[107.193461,20.748122],[107.193558,20.746153],[107.191659,20.746799]]],[[[107.179291,20.748747],[107.178173,20.748903],[107.178746,20.750101],[107.179291,20.748747]]],[[[107.179285,20.754889],[107.180156,20.75418],[107.17949,20.753415],[107.179285,20.754889]]],[[[107.188452,20.754684],[107.187265,20.754637],[107.187672,20.756059],[107.188452,20.754684]]],[[[107.190142,20.761702],[107.191206,20.762381],[107.19273,20.761006],[107.190142,20.761702]]],[[[107.18641,20.772533],[107.183531,20.771738],[107.180192,20.773074],[107.181766,20.774607],[107.180492,20.776176],[107.184064,20.774689],[107.187827,20.776896],[107.185638,20.773467],[107.18641,20.772533]]],[[[107.196894,20.776296],[107.195381,20.775405],[107.195932,20.777014],[107.196894,20.776296]]],[[[107.185083,20.77638],[107.184494,20.775989],[107.183691,20.777355],[107.185083,20.77638]]],[[[107.199871,20.778831],[107.199445,20.778224],[107.198456,20.779365],[107.199871,20.778831]]],[[[107.17552,20.778698],[107.177213,20.780322],[107.177306,20.778601],[107.176016,20.777638],[107.17552,20.778698]]],[[[107.186835,20.786578],[107.187904,20.78712],[107.187317,20.785427],[107.186835,20.786578]]],[[[107.192389,20.787538],[107.191205,20.786732],[107.191579,20.78852],[107.192389,20.787538]]],[[[107.201786,20.795312],[107.200854,20.796075],[107.202765,20.797432],[107.201786,20.795312]]],[[[107.177044,20.794509],[107.17168,20.794059],[107.17262,20.796507],[107.17562,20.796296],[107.175535,20.799058],[107.176904,20.796605],[107.179114,20.796182],[107.177044,20.794509]]],[[[107.182137,20.798051],[107.182059,20.79633],[107.181483,20.798064],[107.182137,20.798051]]],[[[107.183986,20.799775],[107.184479,20.798467],[107.183,20.799659],[107.183986,20.799775]]],[[[107.180701,20.80012],[107.181904,20.799393],[107.18137,20.799044],[107.180701,20.80012]]],[[[107.175791,20.802522],[107.175441,20.800516],[107.175235,20.802394],[107.175791,20.802522]]],[[[107.182757,20.80453],[107.184732,20.804592],[107.183095,20.802383],[107.182007,20.802731],[107.182757,20.80453]]],[[[107.18907,20.809658],[107.185811,20.805083],[107.186375,20.80819],[107.184289,20.810262],[107.18907,20.809658]]],[[[107.194766,20.809115],[107.19435,20.808506],[107.193518,20.809934],[107.194766,20.809115]]],[[[107.177004,20.809642],[107.17609,20.810557],[107.173103,20.811101],[107.176538,20.812001],[107.177004,20.809642]]],[[[107.175118,20.81375],[107.17593,20.817062],[107.17924,20.815331],[107.176286,20.813163],[107.175118,20.81375]]],[[[107.186517,20.815899],[107.187059,20.814632],[107.186222,20.81447],[107.186517,20.815899]]],[[[107.179112,20.819053],[107.178355,20.8185],[107.178524,20.820069],[107.179112,20.819053]]],[[[107.182894,20.820775],[107.181775,20.819142],[107.182367,20.820781],[107.182894,20.820775]]],[[[107.198513,20.820338],[107.19829,20.819692],[107.19686,20.820664],[107.198513,20.820338]]],[[[107.179396,20.820244],[107.175899,20.82219],[107.175578,20.819004],[107.170643,20.823989],[107.17356,20.822222],[107.173962,20.824601],[107.180661,20.82292],[107.179396,20.820244]]],[[[107.181245,20.825502],[107.181509,20.824405],[107.179904,20.824909],[107.181245,20.825502]]],[[[107.192538,20.826407],[107.191795,20.825278],[107.191869,20.826804],[107.192538,20.826407]]],[[[107.177565,20.825055],[107.176253,20.826763],[107.178699,20.828598],[107.179219,20.824882],[107.177565,20.825055]]],[[[107.174586,20.826695],[107.173169,20.826573],[107.17423,20.827575],[107.174586,20.826695]]],[[[107.182713,20.828868],[107.182454,20.826766],[107.181927,20.828541],[107.182713,20.828868]]],[[[107.183425,20.830422],[107.185609,20.831644],[107.186075,20.831407],[107.184281,20.828854],[107.183425,20.830422]]],[[[107.175669,20.830234],[107.175042,20.830497],[107.176255,20.83154],[107.175669,20.830234]]],[[[107.182277,20.833367],[107.183115,20.832087],[107.182373,20.831416],[107.181842,20.832255],[107.182277,20.833367]]],[[[107.177427,20.835631],[107.176446,20.834002],[107.176713,20.83587],[107.177427,20.835631]]]]}},{"type":"Feature","properties":{"code":"07180","name":"Phường Liên Hòa","type":"Phường"},"geometry":{"type":"Polygon","coordinates":[[[106.828515,20.922555],[106.835142,20.911018],[106.847751,20.90284],[106.848812,20.898416],[106.845287,20.888986],[106.847033,20.882047],[106.854314,20.868273],[106.868615,20.860552],[106.877202,20.835931],[106.869436,20.831826],[106.865963,20.835422],[106.861488,20.836962],[106.856949,20.835537],[106.85473,20.833279],[106.854068,20.82944],[106.849006,20.828153],[106.849431,20.822085],[106.835922,20.81439],[106.824641,20.82992],[106.811397,20.832612],[106.798821,20.831498],[106.789994,20.833096],[106.775224,20.841746],[106.763584,20.851665],[106.767806,20.856739],[106.772887,20.85783],[106.789817,20.867919],[106.797704,20.879122],[106.809746,20.873619],[106.810768,20.875471],[106.808738,20.880106],[106.828987,20.886367],[106.822512,20.894877],[106.817032,20.891443],[106.813694,20.892429],[106.814611,20.895679],[106.810776,20.900445],[106.818129,20.907202],[106.819038,20.910014],[106.82468,20.91046],[106.823472,20.917085],[106.820638,20.918648],[106.82165,20.921711],[106.823685,20.921567],[106.824355,20.924458],[106.828515,20.922555]]]}},{"type":"Feature","properties":{"code":"06712","name":"Phường Móng Cái 1","type":"Phường"},"geometry":{"type":"MultiPolygon","coordinates":[[[[107.98307,21.466798],[107.984609,21.468541],[107.98424,21.466943],[107.98307,21.466798]]],[[[107.977472,21.469657],[107.977255,21.471267],[107.977274,21.471895],[107.978032,21.470651],[107.977472,21.469657]]],[[[107.983365,21.473539],[107.984972,21.475106],[107.985209,21.47397],[107.983365,21.473539]]],[[[107.986863,21.47327],[107.987597,21.47604],[107.988346,21.475589],[107.986863,21.47327]]],[[[107.986115,21.475953],[107.986053,21.476658],[107.987119,21.475679],[107.986115,21.475953]]],[[[108.0357,21.524958],[108.037125,21.521494],[108.034812,21.521653],[108.035777,21.523909],[108.035575,21.524475],[108.033739,21.520658],[108.031031,21.521331],[108.033446,21.52027],[108.034664,21.521631],[108.035016,21.520638],[108.03157,21.517702],[108.028117,21.517476],[108.027703,21.518062],[108.028171,21.521652],[108.027796,21.522081],[108.026938,21.516192],[108.017991,21.516962],[108.015797,21.518603],[108.015577,21.523569],[108.01479,21.519002],[108.010184,21.523191],[108.00695,21.522704],[108.01181,21.519262],[108.008367,21.519014],[108.012045,21.518317],[108.013887,21.516255],[108.010717,21.516007],[108.005721,21.512329],[108.003348,21.508614],[108.012569,21.515905],[108.018458,21.511755],[108.016582,21.507652],[108.012425,21.505054],[108.017464,21.506144],[108.018186,21.509435],[108.022264,21.508448],[108.02516,21.505361],[108.024089,21.499208],[108.01164,21.495603],[108.013722,21.495497],[108.014878,21.492031],[108.011441,21.491146],[108.011628,21.489311],[108.019538,21.489672],[108.020823,21.488442],[108.018123,21.488226],[108.018733,21.488007],[108.018377,21.486661],[108.019075,21.485864],[108.019551,21.488051],[108.028332,21.485485],[108.046866,21.495042],[108.053649,21.495282],[108.053934,21.49406],[108.064791,21.495661],[108.069531,21.494073],[108.070532,21.491727],[108.073827,21.492357],[108.079956,21.487043],[108.085765,21.48701],[108.088985,21.484863],[108.086929,21.483551],[108.066783,21.482044],[108.066025,21.483966],[108.063687,21.484512],[108.052056,21.484307],[108.02261,21.477007],[108.00748,21.469013],[107.994453,21.459281],[107.983849,21.447084],[107.977575,21.436585],[107.974539,21.438193],[107.969818,21.433699],[107.966892,21.434052],[107.965604,21.435671],[107.96862,21.441183],[107.967473,21.441797],[107.968334,21.445278],[107.971189,21.44593],[107.968299,21.44578],[107.967663,21.448297],[107.974212,21.45284],[107.974578,21.452279],[107.975977,21.451786],[107.974304,21.453091],[107.976927,21.454739],[107.977132,21.45813],[107.987961,21.465341],[107.989486,21.467496],[107.987633,21.466679],[107.988916,21.468534],[107.986718,21.466324],[107.988094,21.474706],[107.991459,21.476549],[107.99152,21.47704],[107.987908,21.475867],[107.991304,21.478715],[107.98817,21.478333],[107.988895,21.477196],[107.987184,21.476124],[107.984956,21.47924],[107.98964,21.483348],[107.984682,21.48185],[107.983716,21.479379],[107.984817,21.475451],[107.983134,21.473742],[107.982803,21.468836],[107.977972,21.465392],[107.978281,21.470353],[107.976832,21.475415],[107.978959,21.474253],[107.975623,21.478404],[107.976652,21.479089],[107.976929,21.479432],[107.977111,21.479979],[107.975674,21.478889],[107.976531,21.48045],[107.975225,21.480595],[107.975167,21.479125],[107.972166,21.482244],[107.972826,21.484144],[107.975827,21.485661],[107.976031,21.48666],[107.974639,21.486069],[107.970835,21.49209],[107.970485,21.490199],[107.966248,21.492103],[107.964038,21.499337],[107.964271,21.506025],[107.9702,21.506871],[107.96906,21.512347],[107.963025,21.521313],[107.966143,21.530099],[107.965456,21.536217],[107.968064,21.536728],[107.970785,21.540818],[107.975929,21.540151],[107.979261,21.54495],[107.986186,21.543899],[108.004445,21.548618],[108.009684,21.546455],[108.023844,21.548485],[108.034859,21.547102],[108.047663,21.537637],[108.043552,21.536399],[108.037728,21.532345],[108.0357,21.524958]]],[[[108.028943,21.497206],[108.023453,21.494652],[108.020251,21.497199],[108.027278,21.499756],[108.028943,21.497206]]],[[[108.017063,21.507269],[108.017707,21.508377],[108.017303,21.506801],[108.014959,21.506271],[108.017063,21.507269]]],[[[108.022143,21.508754],[108.018715,21.509577],[108.0258,21.508785],[108.023423,21.507636],[108.022143,21.508754]]],[[[108.089305,21.478414],[108.091097,21.480058],[108.092345,21.482754],[108.092916,21.479039],[108.089305,21.478414]]],[[[108.031189,21.498732],[108.028623,21.499832],[108.032788,21.501206],[108.035303,21.500331],[108.031189,21.498732]]],[[[108.029858,21.505492],[108.02599,21.507436],[108.026325,21.508674],[108.034107,21.509491],[108.036594,21.503861],[108.024607,21.499896],[108.025514,21.505495],[108.023832,21.50728],[108.029858,21.505492]]],[[[108.036325,21.510703],[108.03774,21.512937],[108.045217,21.509088],[108.043666,21.506001],[108.039488,21.503359],[108.036325,21.510703]]],[[[108.034912,21.509525],[108.03547,21.510198],[108.036285,21.507768],[108.034912,21.509525]]],[[[108.051365,21.509703],[108.050369,21.510762],[108.05459,21.511537],[108.051365,21.509703]]],[[[108.049478,21.510545],[108.047029,21.509844],[108.045578,21.51191],[108.049478,21.510545]]],[[[108.040092,21.517398],[108.025615,21.513959],[108.018581,21.516286],[108.027137,21.515616],[108.037748,21.51954],[108.040092,21.517398]]],[[[108.046949,21.524764],[108.044705,21.524626],[108.039677,21.5279],[108.038932,21.530427],[108.040347,21.532115],[108.038037,21.531904],[108.043493,21.536087],[108.048242,21.531491],[108.042631,21.530245],[108.04754,21.528947],[108.045473,21.527416],[108.049026,21.528163],[108.046949,21.524764]]]]}},{"type":"Feature","properties":{"code":"06709","name":"Phường Móng Cái 2","type":"Phường"},"geometry":{"type":"MultiPolygon","coordinates":[[[[107.899836,21.417837],[107.901124,21.41732],[107.900843,21.415276],[107.899316,21.415797],[107.899836,21.417837]]],[[[107.905939,21.417453],[107.907854,21.417745],[107.906579,21.41732],[107.905939,21.417453]]],[[[107.910621,21.420533],[107.913113,21.421988],[107.913431,21.418386],[107.910621,21.420533]]],[[[107.913849,21.422523],[107.915774,21.423627],[107.916336,21.422127],[107.914126,21.421458],[107.913849,21.422523]]],[[[107.939246,21.423208],[107.941286,21.425077],[107.943413,21.424719],[107.942727,21.418944],[107.937192,21.41526],[107.936825,21.415537],[107.936496,21.417814],[107.936782,21.41883],[107.936751,21.419146],[107.936602,21.419247],[107.93641,21.418102],[107.936737,21.41515],[107.93437,21.414353],[107.932549,21.41789],[107.932287,21.414208],[107.927044,21.414515],[107.922063,21.417969],[107.922032,21.420262],[107.923333,21.419494],[107.922902,21.420921],[107.924442,21.420925],[107.923767,21.422404],[107.921379,21.42171],[107.922282,21.425115],[107.923911,21.425827],[107.925838,21.425364],[107.927703,21.425252],[107.928484,21.425289],[107.929782,21.425709],[107.929602,21.429474],[107.93154,21.431374],[107.935451,21.430621],[107.939058,21.427434],[107.938705,21.425563],[107.93414,21.424999],[107.933563,21.424495],[107.936304,21.424407],[107.940475,21.425342],[107.939246,21.423208]]],[[[107.923086,21.42587],[107.922073,21.425179],[107.919931,21.42167],[107.916249,21.423776],[107.91579,21.426035],[107.918711,21.4267],[107.915737,21.427519],[107.926283,21.431255],[107.929061,21.433163],[107.931442,21.432469],[107.926181,21.429194],[107.927993,21.42909],[107.929039,21.42938],[107.929502,21.425732],[107.923086,21.42587]]],[[[107.928961,21.434987],[107.922898,21.435259],[107.921377,21.434992],[107.920349,21.435246],[107.919697,21.435172],[107.929127,21.433806],[107.916953,21.428413],[107.913337,21.429073],[107.914317,21.425773],[107.910797,21.42384],[107.910943,21.431675],[107.91292,21.432027],[107.910965,21.432606],[107.91311,21.434048],[107.911661,21.434035],[107.912145,21.436114],[107.914477,21.440735],[107.917515,21.440313],[107.916415,21.437975],[107.918604,21.440201],[107.919256,21.438943],[107.919675,21.44],[107.925115,21.439167],[107.928961,21.434987]]],[[[107.924315,21.443513],[107.926068,21.443733],[107.926913,21.441758],[107.924671,21.443123],[107.924315,21.443513]]],[[[107.930664,21.456796],[107.930372,21.456809],[107.929999,21.45663],[107.936698,21.453315],[107.936997,21.452234],[107.934179,21.45156],[107.936332,21.451895],[107.936375,21.450193],[107.937014,21.451896],[107.942941,21.444872],[107.937259,21.444474],[107.932541,21.447872],[107.933114,21.446742],[107.936169,21.443895],[107.938815,21.444094],[107.938581,21.442758],[107.938889,21.442057],[107.93906,21.444227],[107.942408,21.443484],[107.944886,21.440738],[107.944067,21.438053],[107.936939,21.436938],[107.929235,21.439962],[107.933411,21.442727],[107.928496,21.44064],[107.928105,21.441184],[107.928634,21.442102],[107.928937,21.443166],[107.928704,21.443958],[107.927605,21.441518],[107.924941,21.446663],[107.925797,21.449672],[107.927777,21.448689],[107.928316,21.449083],[107.928541,21.449772],[107.928555,21.450307],[107.927878,21.448876],[107.92656,21.450067],[107.925949,21.44998],[107.925258,21.449364],[107.924518,21.446196],[107.925475,21.443743],[107.921795,21.444485],[107.925316,21.45189],[107.921255,21.453324],[107.921582,21.454236],[107.922493,21.454284],[107.923221,21.454556],[107.923563,21.454941],[107.92353,21.455195],[107.921516,21.454805],[107.921009,21.453672],[107.921503,21.452861],[107.924076,21.4522],[107.924279,21.449929],[107.920549,21.445036],[107.917589,21.448504],[107.91842,21.449365],[107.917343,21.448604],[107.920023,21.444723],[107.915399,21.448208],[107.916055,21.459116],[107.921268,21.459928],[107.922572,21.463348],[107.926485,21.464654],[107.9283,21.46183],[107.932903,21.459612],[107.932329,21.457379],[107.935185,21.456287],[107.933212,21.455123],[107.930664,21.456796]]],[[[107.936746,21.4569],[107.934159,21.457444],[107.933528,21.461413],[107.9365,21.46045],[107.936746,21.4569]]],[[[107.920947,21.460358],[107.915793,21.459818],[107.91786,21.461811],[107.918788,21.466881],[107.921906,21.463214],[107.920947,21.460358]]],[[[107.917813,21.463852],[107.913645,21.460004],[107.912126,21.466827],[107.916601,21.472185],[107.916292,21.469957],[107.918469,21.467058],[107.917813,21.463852]]],[[[107.917471,21.470993],[107.917722,21.468378],[107.916483,21.469967],[107.917471,21.470993]]],[[[107.917612,21.472121],[107.918309,21.474101],[107.922283,21.474588],[107.917612,21.472121]]],[[[107.923622,21.474835],[107.920802,21.476428],[107.921734,21.477121],[107.92352,21.477089],[107.923622,21.474835]]],[[[107.923987,21.478758],[107.927518,21.480873],[107.928301,21.478878],[107.923987,21.478758]]],[[[107.926899,21.485606],[107.929182,21.489409],[107.930847,21.489624],[107.928824,21.486189],[107.926899,21.485606]]],[[[107.928755,21.489867],[107.929835,21.494141],[107.934069,21.497388],[107.93321,21.493721],[107.933433,21.492999],[107.928755,21.489867]]],[[[107.949811,21.441498],[107.951342,21.439235],[107.949454,21.440881],[107.949811,21.441498]]],[[[107.946865,21.446955],[107.946244,21.44653],[107.946067,21.448099],[107.946865,21.446955]]],[[[107.935281,21.45618],[107.936385,21.455814],[107.934899,21.455604],[107.935281,21.45618]]],[[[107.945066,21.45793],[107.94519,21.458179],[107.947219,21.456826],[107.945952,21.456206],[107.945066,21.45793]]],[[[107.961474,21.462761],[107.961279,21.459768],[107.960203,21.460472],[107.961474,21.462761]]],[[[107.951079,21.462346],[107.949991,21.460908],[107.950198,21.46297],[107.951079,21.462346]]],[[[107.969157,21.464057],[107.969079,21.467998],[107.970614,21.465184],[107.969157,21.464057]]],[[[107.972425,21.466764],[107.971685,21.469055],[107.972289,21.469632],[107.972425,21.466764]]],[[[107.963447,21.468013],[107.963294,21.464851],[107.961948,21.46885],[107.964716,21.471748],[107.965208,21.469044],[107.963447,21.468013]]],[[[107.968057,21.468965],[107.968003,21.473072],[107.96677,21.472778],[107.968345,21.475831],[107.970931,21.474065],[107.970747,21.468708],[107.968618,21.468875],[107.968861,21.465114],[107.965286,21.461628],[107.968057,21.468965]]],[[[107.960254,21.469357],[107.959538,21.467065],[107.957928,21.470425],[107.960254,21.469357]]],[[[107.954687,21.47078],[107.953686,21.470222],[107.95279,21.471569],[107.954687,21.47078]]],[[[107.960927,21.474572],[107.963646,21.4735],[107.961335,21.470232],[107.958372,21.470586],[107.960927,21.474572]]],[[[107.967628,21.477981],[107.970625,21.477537],[107.972436,21.473263],[107.967628,21.477981]]],[[[107.966758,21.47644],[107.966493,21.47737],[107.967374,21.475731],[107.966659,21.474473],[107.966758,21.47644]]],[[[107.938823,21.480782],[107.940006,21.479953],[107.939204,21.478898],[107.93793,21.479746],[107.938823,21.480782]]],[[[107.969195,21.479996],[107.971516,21.479558],[107.969512,21.479249],[107.968304,21.481945],[107.970339,21.482529],[107.969195,21.479996]]],[[[107.964181,21.50588],[107.963914,21.500077],[107.966337,21.490821],[107.965429,21.491569],[107.96669,21.490314],[107.971163,21.488986],[107.973093,21.487323],[107.973263,21.486281],[107.972387,21.487362],[107.971637,21.484238],[107.969327,21.48329],[107.970714,21.486905],[107.96893,21.486201],[107.966896,21.479512],[107.963998,21.485639],[107.964944,21.491778],[107.963341,21.492021],[107.962629,21.481906],[107.965875,21.476635],[107.965302,21.473397],[107.964198,21.472726],[107.961343,21.477418],[107.960584,21.474625],[107.960043,21.476038],[107.95775,21.475722],[107.960051,21.473939],[107.957958,21.473751],[107.958077,21.471821],[107.955183,21.474466],[107.957151,21.471479],[107.950536,21.472535],[107.950918,21.47435],[107.949356,21.472333],[107.953085,21.470017],[107.956165,21.470557],[107.958967,21.463713],[107.955699,21.454774],[107.954502,21.45431],[107.953692,21.457019],[107.952806,21.456112],[107.954082,21.451561],[107.952077,21.445786],[107.950183,21.444459],[107.946486,21.446225],[107.947049,21.447015],[107.946409,21.449017],[107.94697,21.448549],[107.947806,21.448262],[107.948164,21.448571],[107.94645,21.449141],[107.945084,21.447531],[107.941935,21.451021],[107.948961,21.455193],[107.946344,21.459185],[107.947452,21.460248],[107.945411,21.461276],[107.94593,21.463308],[107.949619,21.459406],[107.950659,21.461389],[107.951863,21.460458],[107.952525,21.461405],[107.951235,21.461648],[107.952137,21.463402],[107.949575,21.463545],[107.948821,21.46171],[107.949344,21.463348],[107.94776,21.462191],[107.94671,21.463664],[107.948085,21.464865],[107.948958,21.463717],[107.94955,21.4642],[107.947947,21.465205],[107.946678,21.464291],[107.945757,21.465927],[107.948438,21.466524],[107.948634,21.468303],[107.94351,21.466386],[107.946465,21.464001],[107.944984,21.462329],[107.94595,21.458867],[107.942815,21.464569],[107.94142,21.464112],[107.941054,21.465044],[107.93896,21.465994],[107.938514,21.465877],[107.944993,21.458493],[107.941962,21.457312],[107.944957,21.457758],[107.945957,21.455443],[107.939862,21.451202],[107.937118,21.456971],[107.937929,21.457723],[107.938656,21.455644],[107.939849,21.456135],[107.938579,21.456354],[107.93792,21.461718],[107.935318,21.462387],[107.933249,21.461779],[107.932451,21.460193],[107.931377,21.460725],[107.932635,21.462788],[107.93105,21.460906],[107.9286,21.462269],[107.931133,21.464249],[107.929004,21.463279],[107.929419,21.465923],[107.927887,21.463845],[107.926578,21.464842],[107.928767,21.467791],[107.921871,21.463398],[107.917649,21.470583],[107.922602,21.474537],[107.922286,21.473038],[107.923216,21.473868],[107.926209,21.47072],[107.923903,21.473578],[107.924074,21.476256],[107.928107,21.478401],[107.934019,21.476891],[107.935709,21.474709],[107.936967,21.475973],[107.932557,21.477696],[107.934257,21.47726],[107.935406,21.477604],[107.929409,21.479056],[107.931311,21.48315],[107.933376,21.483255],[107.933574,21.48203],[107.937802,21.483229],[107.937309,21.481427],[107.938416,21.480818],[107.936792,21.479998],[107.939347,21.478378],[107.940425,21.479538],[107.940623,21.480824],[107.937694,21.48159],[107.939124,21.485551],[107.938238,21.483748],[107.936468,21.483917],[107.937274,21.485288],[107.936287,21.485839],[107.935767,21.483923],[107.931972,21.484776],[107.933469,21.485466],[107.933154,21.485982],[107.933956,21.48754],[107.933899,21.488014],[107.932785,21.485887],[107.931101,21.485353],[107.936782,21.491521],[107.940535,21.489753],[107.93957,21.489488],[107.939088,21.48888],[107.941274,21.486777],[107.943726,21.48636],[107.94319,21.488281],[107.943246,21.486491],[107.939327,21.489044],[107.942313,21.488602],[107.940735,21.489955],[107.944574,21.490599],[107.948365,21.493809],[107.94238,21.490946],[107.940129,21.492],[107.942016,21.492001],[107.942394,21.49231],[107.943692,21.492369],[107.944178,21.492685],[107.933458,21.493643],[107.934267,21.497044],[107.93365,21.499182],[107.936272,21.500806],[107.934598,21.500206],[107.934355,21.5025],[107.933555,21.499325],[107.932118,21.499906],[107.935196,21.515349],[107.941787,21.518839],[107.94364,21.523429],[107.948737,21.527731],[107.946503,21.529522],[107.950984,21.532975],[107.952698,21.538748],[107.955562,21.536597],[107.9605,21.537575],[107.965456,21.536217],[107.966481,21.534367],[107.963025,21.521313],[107.970247,21.509767],[107.969735,21.50592],[107.964181,21.50588]]]]}},{"type":"Feature","properties":{"code":"06736","name":"Phường Móng Cái 3","type":"Phường"},"geometry":{"type":"MultiPolygon","coordinates":[[[[107.909987,21.489393],[107.909358,21.488549],[107.909041,21.488775],[107.909987,21.489393]]],[[[107.928282,21.493721],[107.927617,21.492906],[107.927607,21.494193],[107.927472,21.494983],[107.928282,21.493721]]],[[[107.93364,21.497177],[107.932268,21.497637],[107.93315,21.498675],[107.93364,21.497177]]],[[[107.883744,21.500943],[107.881689,21.5003],[107.879803,21.504029],[107.882872,21.504378],[107.883744,21.500943]]],[[[107.911496,21.501853],[107.909833,21.503474],[107.911822,21.505781],[107.915159,21.502837],[107.912472,21.502427],[107.911496,21.501853]]],[[[107.900259,21.513995],[107.899391,21.511282],[107.896661,21.515521],[107.896883,21.516446],[107.900259,21.513995]]],[[[107.894532,21.525898],[107.894059,21.522906],[107.892352,21.524563],[107.893598,21.527368],[107.894532,21.525898]]],[[[107.887167,21.575044],[107.892873,21.578861],[107.89894,21.578672],[107.905581,21.583278],[107.912862,21.579507],[107.919283,21.573749],[107.92353,21.573593],[107.92817,21.570824],[107.935299,21.570624],[107.942714,21.563416],[107.952698,21.538748],[107.951127,21.536751],[107.952241,21.534884],[107.947426,21.531186],[107.946503,21.529522],[107.948737,21.527731],[107.94364,21.523429],[107.941787,21.518839],[107.935196,21.515349],[107.932507,21.506845],[107.932118,21.499906],[107.933433,21.499002],[107.931937,21.497535],[107.930137,21.498438],[107.929602,21.500183],[107.929304,21.500255],[107.929975,21.498224],[107.931822,21.496863],[107.928558,21.493624],[107.928228,21.494514],[107.925095,21.497314],[107.924287,21.497271],[107.923205,21.496236],[107.922431,21.496276],[107.923269,21.496094],[107.924705,21.497248],[107.925395,21.496983],[107.92746,21.492954],[107.926605,21.490966],[107.925138,21.491947],[107.923533,21.492043],[107.926488,21.490535],[107.923853,21.488367],[107.923926,21.490232],[107.922721,21.488612],[107.921962,21.48917],[107.921377,21.489285],[107.923041,21.48814],[107.922305,21.48727],[107.915112,21.487381],[107.916431,21.490209],[107.919082,21.490159],[107.914599,21.492254],[107.915022,21.494542],[107.912553,21.497267],[107.913741,21.491546],[107.909515,21.490151],[107.908085,21.492635],[107.910525,21.498461],[107.907448,21.495228],[107.906207,21.4964],[107.907714,21.498905],[107.904888,21.498254],[107.910374,21.501067],[107.910861,21.499587],[107.913552,21.502401],[107.917114,21.500413],[107.914771,21.504476],[107.915834,21.505059],[107.919962,21.500551],[107.91645,21.505419],[107.911345,21.506939],[107.913933,21.509679],[107.92148,21.506994],[107.923084,21.503797],[107.92282,21.505985],[107.923506,21.506224],[107.923632,21.506752],[107.923786,21.50542],[107.925363,21.50789],[107.923028,21.507971],[107.922707,21.50636],[107.918536,21.50907],[107.914428,21.510516],[107.91002,21.50766],[107.918329,21.517356],[107.917869,21.518943],[107.914623,21.513729],[107.910992,21.512582],[107.914225,21.521675],[107.910911,21.519393],[107.90698,21.509228],[107.903085,21.506352],[107.904204,21.510577],[107.902756,21.510232],[107.901884,21.519075],[107.900046,21.515815],[107.897217,21.517556],[107.896361,21.520283],[107.900034,21.521464],[107.897275,21.521696],[107.896174,21.526894],[107.898811,21.529384],[107.894864,21.528171],[107.892989,21.529684],[107.892677,21.526881],[107.891815,21.527255],[107.890266,21.526984],[107.892338,21.526585],[107.892079,21.523462],[107.89349,21.522351],[107.893001,21.521052],[107.894619,21.520788],[107.893015,21.516635],[107.883773,21.515017],[107.885267,21.514892],[107.884403,21.513761],[107.89245,21.51531],[107.893766,21.51268],[107.89073,21.507552],[107.887008,21.504885],[107.879711,21.505547],[107.876741,21.507226],[107.876282,21.510623],[107.876192,21.506528],[107.880792,21.500015],[107.874125,21.492888],[107.87395,21.495774],[107.871455,21.492123],[107.870503,21.494296],[107.869977,21.492845],[107.866991,21.493386],[107.867785,21.497543],[107.867278,21.500389],[107.867451,21.497131],[107.863901,21.494538],[107.859868,21.499635],[107.859432,21.501973],[107.862027,21.5052],[107.85799,21.503412],[107.854113,21.513995],[107.856354,21.516662],[107.862527,21.515731],[107.866015,21.517725],[107.862072,21.516277],[107.857154,21.518969],[107.860316,21.5206],[107.85534,21.519235],[107.854619,21.522317],[107.859177,21.523828],[107.860906,21.528308],[107.865552,21.532946],[107.857628,21.538414],[107.856253,21.545734],[107.853922,21.546104],[107.850274,21.554023],[107.846781,21.556322],[107.847594,21.561988],[107.845717,21.565122],[107.848919,21.569739],[107.849134,21.581705],[107.858742,21.58144],[107.862348,21.584603],[107.86813,21.584131],[107.874812,21.576624],[107.887167,21.575044]]]]}},{"type":"Feature","properties":{"code":"06760","name":"Phường Mông Dương","type":"Phường"},"geometry":{"type":"Polygon","coordinates":[[[107.304563,21.185749],[107.318736,21.172379],[107.323401,21.172132],[107.324229,21.163935],[107.326065,21.162093],[107.319444,21.143411],[107.319538,21.136594],[107.312095,21.125749],[107.313765,21.123303],[107.312254,21.115037],[107.314774,21.11197],[107.322096,21.11039],[107.332101,21.096158],[107.341436,21.099506],[107.351286,21.093254],[107.350027,21.08564],[107.358779,21.086906],[107.369281,21.082843],[107.370894,21.080668],[107.365518,21.074798],[107.370645,21.060329],[107.361101,21.062315],[107.355751,21.05949],[107.354538,21.055643],[107.352402,21.053728],[107.350426,21.054226],[107.348938,21.04593],[107.345099,21.046197],[107.336246,21.043371],[107.335342,21.040848],[107.329713,21.041404],[107.327431,21.044915],[107.31755,21.04683],[107.31567,21.045191],[107.302449,21.049454],[107.298737,21.047549],[107.295812,21.042352],[107.283221,21.041257],[107.276062,21.037594],[107.27377,21.03526],[107.278677,21.023922],[107.272019,21.020592],[107.265873,21.022168],[107.264417,21.025214],[107.25414,21.023232],[107.243657,21.018941],[107.247588,21.028797],[107.245798,21.03316],[107.233379,21.034288],[107.221347,21.029632],[107.208359,21.034404],[107.197291,21.033239],[107.19962,21.034578],[107.202926,21.041368],[107.202231,21.045334],[107.207218,21.047248],[107.20807,21.053965],[107.203545,21.057054],[107.205155,21.058495],[107.204056,21.060882],[107.208927,21.06532],[107.208717,21.067112],[107.213024,21.068647],[107.21341,21.073865],[107.21726,21.079953],[107.217282,21.084401],[107.221041,21.086225],[107.227886,21.08642],[107.228299,21.092249],[107.231486,21.094516],[107.240297,21.094374],[107.243779,21.092138],[107.249197,21.095904],[107.253588,21.096287],[107.257729,21.094409],[107.264968,21.095802],[107.270154,21.105164],[107.260222,21.110542],[107.261122,21.112261],[107.258128,21.114929],[107.254353,21.11405],[107.251297,21.115276],[107.247345,21.119959],[107.247511,21.12187],[107.241763,21.126355],[107.243368,21.140078],[107.236138,21.141389],[107.232749,21.143801],[107.234506,21.153592],[107.23726,21.155522],[107.239356,21.160253],[107.245436,21.161759],[107.251214,21.166415],[107.25915,21.168524],[107.260097,21.170713],[107.267088,21.17201],[107.276401,21.178862],[107.280956,21.179894],[107.286214,21.177113],[107.291952,21.178866],[107.293482,21.181833],[107.30159,21.18639],[107.304563,21.185749]]]}},{"type":"Feature","properties":{"code":"07069","name":"Phường Mạo Khê","type":"Phường"},"geometry":{"type":"Polygon","coordinates":[[[106.63367,21.08856],[106.63373,21.081827],[106.63559,21.077085],[106.633913,21.073403],[106.635372,21.068388],[106.633025,21.062181],[106.63315,21.05421],[106.628768,21.04369],[106.621481,21.041863],[106.622191,21.037547],[106.610343,21.039253],[106.607708,21.032432],[106.603447,21.037234],[106.595456,21.040425],[106.58673,21.049193],[106.575441,21.057314],[106.568405,21.053058],[106.560875,21.05621],[106.554368,21.052725],[106.545742,21.054597],[106.537592,21.052187],[106.536312,21.053589],[106.540657,21.068483],[106.546204,21.067473],[106.547531,21.06878],[106.544352,21.072737],[106.539872,21.072305],[106.536508,21.069212],[106.534633,21.070409],[106.534032,21.075711],[106.536812,21.079314],[106.534424,21.082532],[106.535665,21.085284],[106.534922,21.088311],[106.536662,21.090169],[106.544659,21.089323],[106.550252,21.092284],[106.555309,21.091663],[106.558175,21.092975],[106.55808,21.096153],[106.55964,21.097393],[106.564474,21.094356],[106.569562,21.095801],[106.57195,21.094232],[106.575126,21.081557],[106.579224,21.080113],[106.57992,21.082211],[106.584775,21.081246],[106.588952,21.082443],[106.590479,21.090038],[106.601481,21.092687],[106.621343,21.089132],[106.63367,21.08856]]]}},{"type":"Feature","properties":{"code":"07183","name":"Phường Phong Cốc","type":"Phường"},"geometry":{"type":"Polygon","coordinates":[[[106.78178,20.933125],[106.803764,20.933471],[106.815807,20.925712],[106.824355,20.924458],[106.820638,20.918648],[106.823472,20.917085],[106.82468,20.91046],[106.819038,20.910014],[106.818129,20.907202],[106.810776,20.900445],[106.814611,20.895679],[106.813694,20.892429],[106.817032,20.891443],[106.822512,20.894877],[106.828987,20.886367],[106.808738,20.880106],[106.810768,20.875471],[106.809746,20.873619],[106.797704,20.879122],[106.789817,20.867919],[106.772887,20.85783],[106.767806,20.856739],[106.763584,20.851665],[106.756642,20.865528],[106.753072,20.87835],[106.753169,20.884543],[106.769372,20.90917],[106.770913,20.916683],[106.770925,20.935223],[106.78178,20.933125]]]}},{"type":"Feature","properties":{"code":"06778","name":"Phường Quang Hanh","type":"Phường"},"geometry":{"type":"MultiPolygon","coordinates":[[[[107.217695,20.951752],[107.218858,20.951233],[107.218699,20.950393],[107.217374,20.950454],[107.217695,20.951752]]],[[[107.216375,20.950035],[107.212947,20.950285],[107.214325,20.952868],[107.216344,20.95276],[107.216375,20.950035]]],[[[107.235256,20.952076],[107.233215,20.951424],[107.233784,20.953403],[107.235256,20.952076]]],[[[107.220303,20.954298],[107.219583,20.952593],[107.219158,20.954058],[107.220303,20.954298]]],[[[107.231468,20.955576],[107.230905,20.954775],[107.230178,20.956293],[107.231468,20.955576]]],[[[107.216786,20.956876],[107.218052,20.957305],[107.217439,20.955972],[107.216786,20.956876]]],[[[107.232331,20.958079],[107.23328,20.956544],[107.231183,20.95758],[107.232331,20.958079]]],[[[107.212137,20.958821],[107.21501,20.957998],[107.21428,20.956258],[107.209226,20.956592],[107.21275,20.955212],[107.212171,20.952338],[107.208828,20.952623],[107.209303,20.950435],[107.205755,20.949179],[107.205469,20.956738],[107.209452,20.954362],[107.20626,20.957496],[107.206369,20.959472],[107.20831,20.96001],[107.210539,20.965381],[107.212339,20.964135],[107.213905,20.966604],[107.21974,20.965466],[107.217411,20.961632],[107.219817,20.960368],[107.216058,20.959498],[107.213806,20.961308],[107.212137,20.958821]]],[[[107.225755,20.964437],[107.224827,20.965685],[107.225673,20.965802],[107.225755,20.964437]]],[[[107.22915,20.964332],[107.228329,20.964944],[107.232153,20.968453],[107.231853,20.965301],[107.22915,20.964332]]],[[[107.22122,20.967913],[107.221281,20.966671],[107.220026,20.967603],[107.22122,20.967913]]],[[[107.235152,20.966848],[107.234521,20.965944],[107.232825,20.967991],[107.234408,20.969083],[107.235152,20.966848]]],[[[107.232889,20.968966],[107.231596,20.970246],[107.233316,20.969989],[107.232889,20.968966]]],[[[107.225844,20.968763],[107.22648,20.971546],[107.224254,20.971448],[107.227124,20.974837],[107.232169,20.973281],[107.232182,20.971932],[107.23003,20.972327],[107.23079,20.97014],[107.227923,20.970631],[107.227547,20.968205],[107.225844,20.968763]]],[[[107.232398,20.976685],[107.235098,20.975418],[107.232314,20.975763],[107.232398,20.976685]]],[[[107.231464,20.982395],[107.23211,20.981043],[107.230716,20.981941],[107.231464,20.982395]]],[[[107.229206,20.987398],[107.228534,20.986497],[107.227818,20.988325],[107.229206,20.987398]]],[[[107.231852,20.987299],[107.231493,20.988672],[107.232457,20.988189],[107.231852,20.987299]]],[[[107.268426,21.012124],[107.268935,21.010263],[107.265848,21.006356],[107.266257,20.996417],[107.259788,20.996043],[107.259257,20.997975],[107.249984,20.997019],[107.249162,20.999086],[107.247058,20.99888],[107.249252,20.997591],[107.2514,20.992985],[107.248082,20.991983],[107.246763,20.996424],[107.246162,20.99278],[107.239497,20.992396],[107.241603,20.989079],[107.240573,20.987171],[107.244748,20.984006],[107.244823,20.982005],[107.241518,20.982445],[107.23979,20.987048],[107.237377,20.987522],[107.2327,20.99205],[107.232827,20.989359],[107.239708,20.984436],[107.239754,20.983125],[107.237125,20.985392],[107.235186,20.98286],[107.232402,20.984662],[107.232698,20.988119],[107.231961,20.989576],[107.22346,20.988255],[107.221781,20.986338],[107.223291,20.985999],[107.222097,20.984033],[107.224501,20.986782],[107.226114,20.984848],[107.231649,20.98652],[107.229683,20.985361],[107.228075,20.979215],[107.226697,20.978561],[107.226844,20.980242],[107.224804,20.981104],[107.224204,20.976933],[107.225625,20.975669],[107.22331,20.976573],[107.222834,20.980884],[107.221216,20.981935],[107.223123,20.975926],[107.222158,20.974434],[107.218133,20.974004],[107.217504,20.97163],[107.207944,20.964301],[107.202512,20.963769],[107.201001,20.954699],[107.196894,20.951061],[107.198159,20.948858],[107.196706,20.949377],[107.195175,20.94753],[107.191492,20.948604],[107.185478,20.954938],[107.168998,20.965468],[107.170221,20.976615],[107.177733,20.998159],[107.173193,21.011731],[107.17385,21.017328],[107.172737,21.019129],[107.175869,21.024693],[107.176959,21.024097],[107.178427,21.026701],[107.182875,21.028656],[107.18415,21.028183],[107.18365,21.025609],[107.187393,21.02645],[107.188472,21.030374],[107.192092,21.032699],[107.200507,21.034093],[107.208359,21.034404],[107.221347,21.029632],[107.233379,21.034288],[107.245798,21.03316],[107.247588,21.028797],[107.243657,21.018941],[107.25414,21.023232],[107.264417,21.025214],[107.265873,21.022168],[107.272019,21.020592],[107.268426,21.012124]]],[[[107.235376,20.94802],[107.234657,20.947883],[107.234145,20.949916],[107.235376,20.94802]]],[[[107.252784,20.950064],[107.252706,20.948731],[107.251735,20.950183],[107.252784,20.950064]]],[[[107.246437,20.95172],[107.247164,20.950347],[107.245303,20.951183],[107.246437,20.95172]]],[[[107.241923,20.952527],[107.244613,20.950987],[107.241632,20.95114],[107.241923,20.952527]]],[[[107.247323,20.953382],[107.245951,20.954449],[107.250531,20.954926],[107.249662,20.9533],[107.247323,20.953382]]],[[[107.242948,20.955937],[107.243289,20.954237],[107.242386,20.955754],[107.242948,20.955937]]],[[[107.237599,20.956393],[107.237239,20.954308],[107.235349,20.956188],[107.237599,20.956393]]],[[[107.236983,20.961772],[107.238114,20.960461],[107.236675,20.960639],[107.236983,20.961772]]],[[[107.240951,20.964484],[107.241271,20.966117],[107.241861,20.964884],[107.240951,20.964484]]],[[[107.241865,20.969779],[107.241379,20.969147],[107.240077,20.971223],[107.241865,20.969779]]],[[[107.241713,20.972738],[107.240167,20.971808],[107.240974,20.973398],[107.241713,20.972738]]],[[[107.262191,20.976812],[107.262078,20.975859],[107.260387,20.976813],[107.262191,20.976812]]],[[[107.238198,20.976571],[107.238649,20.97775],[107.239084,20.977128],[107.238198,20.976571]]],[[[107.247871,20.979795],[107.245948,20.980053],[107.246079,20.980641],[107.247871,20.979795]]],[[[107.235162,20.981217],[107.236898,20.980663],[107.23662,20.980115],[107.234934,20.980092],[107.235162,20.981217]]],[[[107.24802,20.987499],[107.251885,20.984149],[107.254285,20.984793],[107.256333,20.981554],[107.252881,20.982828],[107.250048,20.981952],[107.246753,20.986797],[107.24802,20.987499]]],[[[107.258226,20.98709],[107.257751,20.986499],[107.256886,20.987736],[107.258226,20.98709]]],[[[107.25404,20.98677],[107.253128,20.98954],[107.254783,20.986589],[107.25404,20.98677]]],[[[107.256764,20.990961],[107.255605,20.992078],[107.257122,20.991519],[107.256764,20.990961]]]]}},{"type":"Feature","properties":{"code":"07132","name":"Phường Quảng Yên","type":"Phường"},"geometry":{"type":"Polygon","coordinates":[[[106.853117,20.960355],[106.863556,20.961838],[106.863775,20.957111],[106.861349,20.955932],[106.86322,20.951774],[106.857296,20.948023],[106.858082,20.945244],[106.855443,20.93965],[106.859801,20.938924],[106.864088,20.934158],[106.859495,20.930885],[106.863052,20.928817],[106.861736,20.928444],[106.862314,20.925681],[106.852198,20.924175],[106.852274,20.922216],[106.848195,20.920505],[106.840778,20.922529],[106.838936,20.924929],[106.839917,20.927784],[106.836668,20.929321],[106.836228,20.931093],[106.829736,20.931422],[106.824355,20.924458],[106.815807,20.925712],[106.803764,20.933471],[106.78178,20.933125],[106.770925,20.935223],[106.770423,20.950139],[106.780351,20.949008],[106.785194,20.941527],[106.786172,20.946277],[106.789213,20.946647],[106.79216,20.950119],[106.797646,20.949747],[106.798672,20.947526],[106.804793,20.94402],[106.806787,20.947526],[106.808506,20.946429],[106.813612,20.948614],[106.816302,20.941406],[106.822301,20.942652],[106.826606,20.940901],[106.82905,20.941728],[106.830423,20.946275],[106.838323,20.94697],[106.840157,20.95169],[106.844107,20.952416],[106.84707,20.955508],[106.849721,20.95497],[106.849992,20.964167],[106.853117,20.960355]]]}},{"type":"Feature","properties":{"code":"06706","name":"Phường Tuần Châu","type":"Phường"},"geometry":{"type":"MultiPolygon","coordinates":[[[[106.966741,20.880883],[106.966359,20.875838],[106.959843,20.880223],[106.962215,20.880937],[106.964032,20.879114],[106.966741,20.880883]]],[[[106.973703,20.878644],[106.972435,20.87447],[106.96908,20.876815],[106.971694,20.877527],[106.971128,20.884933],[106.973703,20.878644]]],[[[106.970522,20.880266],[106.970112,20.879727],[106.967585,20.881353],[106.970522,20.880266]]],[[[106.968802,20.884396],[106.96943,20.883168],[106.968063,20.884086],[106.968802,20.884396]]],[[[106.950041,20.884578],[106.955032,20.885953],[106.954145,20.891887],[106.95813,20.88688],[106.960577,20.887431],[106.961025,20.886113],[106.954801,20.88437],[106.954218,20.882782],[106.950041,20.884578]]],[[[106.950211,20.888137],[106.948039,20.88768],[106.952056,20.889721],[106.953099,20.888039],[106.950211,20.888137]]],[[[106.962478,20.886925],[106.966115,20.896315],[106.967795,20.886241],[106.966118,20.884361],[106.962478,20.886925]]],[[[106.961896,20.891069],[106.961662,20.889788],[106.960644,20.891191],[106.961896,20.891069]]],[[[106.94625,20.8907],[106.946636,20.891959],[106.947515,20.890828],[106.94625,20.8907]]],[[[106.950347,20.892295],[106.950108,20.891721],[106.948498,20.892501],[106.950347,20.892295]]],[[[106.971642,20.894406],[106.973548,20.895335],[106.97532,20.889332],[106.971642,20.894406]]],[[[106.958267,20.893601],[106.957696,20.892162],[106.956947,20.893947],[106.958267,20.893601]]],[[[106.966116,20.899249],[106.966575,20.897023],[106.965528,20.898761],[106.966116,20.899249]]],[[[106.969747,20.90253],[106.970493,20.904244],[106.972983,20.902684],[106.969406,20.900663],[106.970434,20.897972],[106.96775,20.898513],[106.967083,20.902837],[106.969747,20.90253]]],[[[106.965194,20.902263],[106.964548,20.901908],[106.964626,20.903503],[106.965194,20.902263]]],[[[106.972251,20.904195],[106.972122,20.905916],[106.973204,20.905],[106.972251,20.904195]]],[[[106.944293,20.999011],[106.936713,20.990771],[106.93991,20.990046],[106.941083,20.987524],[106.939179,20.97968],[106.950638,20.97827],[106.953925,20.973584],[106.955429,20.964849],[106.953899,20.9631],[106.97553,20.962512],[106.982699,20.964609],[106.989149,20.960195],[106.981791,20.954577],[106.976489,20.954309],[106.979663,20.953085],[106.979443,20.950325],[106.97446,20.950586],[106.973242,20.948232],[106.966543,20.947917],[106.960192,20.944193],[106.955391,20.937833],[106.951614,20.940903],[106.955403,20.935295],[106.953914,20.923416],[106.948793,20.924663],[106.940333,20.931881],[106.93817,20.929925],[106.934508,20.934581],[106.923015,20.94286],[106.921605,20.945959],[106.924904,20.954012],[106.923629,20.959075],[106.920488,20.962578],[106.900727,20.966697],[106.887062,20.975175],[106.890907,20.991972],[106.893767,20.995923],[106.889332,21.002362],[106.888821,21.007046],[106.886253,21.009087],[106.888527,21.013385],[106.897959,21.013148],[106.907042,21.016188],[106.915805,21.015385],[106.923261,21.016584],[106.928913,21.013318],[106.935182,21.014285],[106.936936,21.013145],[106.941169,21.014812],[106.946094,21.008904],[106.944293,20.999011]]],[[[107.000141,20.861907],[107.004423,20.859862],[107.00267,20.85847],[107.000141,20.861907]]],[[[106.994163,20.867589],[106.996384,20.868672],[106.99767,20.864001],[106.994714,20.864798],[106.994163,20.867589]]],[[[106.976613,20.873846],[106.975535,20.873435],[106.975754,20.874659],[106.976613,20.873846]]],[[[106.978737,20.874986],[106.978697,20.873567],[106.977718,20.875083],[106.978737,20.874986]]],[[[106.97714,20.87813],[106.977366,20.876029],[106.975775,20.87749],[106.97714,20.87813]]],[[[106.999485,20.879262],[107.000337,20.876844],[106.998531,20.877788],[106.999485,20.879262]]],[[[106.975296,20.879593],[106.974479,20.878941],[106.974512,20.880696],[106.975296,20.879593]]],[[[106.994445,20.879085],[106.992621,20.880149],[106.991017,20.878699],[106.990659,20.880246],[106.992604,20.881703],[106.994445,20.879085]]],[[[106.986013,20.87976],[106.988715,20.876148],[106.995271,20.877091],[106.996777,20.869719],[106.993798,20.871801],[106.990114,20.869973],[106.989885,20.872637],[106.985726,20.871082],[106.985645,20.869636],[106.979944,20.871397],[106.980451,20.874009],[106.983605,20.872577],[106.983043,20.875578],[106.985808,20.878201],[106.982007,20.878335],[106.978424,20.88847],[106.982844,20.888814],[106.982927,20.887148],[106.981419,20.887735],[106.981036,20.886548],[106.984185,20.885223],[106.987078,20.886112],[106.98703,20.889705],[106.988456,20.887544],[106.990749,20.89092],[106.994665,20.887748],[106.993356,20.883898],[106.989501,20.887647],[106.988878,20.878625],[106.987407,20.880662],[106.986013,20.87976]]],[[[106.990279,20.88535],[106.992847,20.88284],[106.990259,20.884342],[106.990279,20.88535]]],[[[106.977641,20.88989],[106.977725,20.888577],[106.976536,20.88974],[106.977641,20.88989]]],[[[106.985033,20.890307],[106.98386,20.889284],[106.984179,20.890633],[106.985033,20.890307]]],[[[106.998963,20.893777],[106.998158,20.886521],[106.996109,20.887055],[106.996342,20.890232],[106.998128,20.890624],[106.998963,20.893777]]],[[[106.989689,20.88997],[106.98893,20.889624],[106.988947,20.891247],[106.989689,20.88997]]],[[[106.981,20.892472],[106.980282,20.890384],[106.979801,20.891972],[106.981,20.892472]]],[[[106.996175,20.894482],[106.997552,20.89341],[106.995885,20.892933],[106.996175,20.894482]]],[[[106.994735,20.929181],[106.992667,20.924713],[106.995152,20.923471],[106.995551,20.922086],[106.993281,20.921574],[106.99335,20.917176],[106.995531,20.914832],[106.991856,20.916809],[106.990986,20.924328],[106.989598,20.917414],[106.985865,20.917737],[106.985243,20.92121],[106.982089,20.923098],[106.981875,20.928597],[106.978093,20.926251],[106.977428,20.924019],[106.982555,20.919867],[106.984272,20.915068],[106.988653,20.913623],[106.977656,20.91381],[106.973843,20.917125],[106.970843,20.917049],[106.971075,20.919626],[106.960788,20.925755],[106.960058,20.936746],[106.962885,20.942908],[106.968069,20.942504],[106.971184,20.936749],[106.972453,20.939005],[106.987714,20.942302],[106.988604,20.940439],[106.99113,20.941219],[106.996476,20.937716],[106.99806,20.930528],[106.994735,20.929181]]]]}},{"type":"Feature","properties":{"code":"06811","name":"Phường Uông Bí","type":"Phường"},"geometry":{"type":"Polygon","coordinates":[[[106.743874,21.083002],[106.754867,21.076521],[106.759329,21.078209],[106.765652,21.077639],[106.771475,21.08072],[106.776377,21.076683],[106.781323,21.076022],[106.775677,21.046516],[106.777127,21.043035],[106.778714,21.042508],[106.779501,21.044093],[106.782292,21.042725],[106.783997,21.03658],[106.789149,21.038123],[106.784929,21.034954],[106.786638,21.025961],[106.790377,21.026448],[106.794492,21.023495],[106.795821,21.019531],[106.799788,21.017123],[106.797378,21.010633],[106.799201,21.002855],[106.792703,20.996932],[106.794425,20.987094],[106.787654,20.979931],[106.774688,20.976558],[106.768507,20.971323],[106.766235,20.979621],[106.758861,20.989115],[106.744023,20.997222],[106.729907,20.998187],[106.734742,21.001536],[106.736813,21.015453],[106.734923,21.020347],[106.740238,21.025894],[106.740178,21.037526],[106.746835,21.042029],[106.746309,21.045513],[106.744112,21.046791],[106.744177,21.051668],[106.747847,21.053681],[106.744669,21.058508],[106.746616,21.059133],[106.745781,21.061297],[106.74949,21.064677],[106.749959,21.067153],[106.747827,21.067891],[106.747406,21.0709],[106.745201,21.070415],[106.744428,21.074715],[106.741583,21.075214],[106.743176,21.076908],[106.742319,21.081715],[106.743874,21.083002]]]}},{"type":"Feature","properties":{"code":"06661","name":"Phường Việt Hưng","type":"Phường"},"geometry":{"type":"Polygon","coordinates":[[[107.034144,20.990403],[107.034149,20.973582],[107.029244,20.972735],[107.023252,20.976261],[107.012457,20.971578],[106.997257,20.971233],[106.989149,20.960195],[106.982699,20.964609],[106.97553,20.962512],[106.953899,20.9631],[106.955429,20.964849],[106.953925,20.973584],[106.950638,20.97827],[106.939179,20.97968],[106.941083,20.987524],[106.93991,20.990046],[106.936713,20.990771],[106.944044,20.998541],[106.946617,21.006314],[106.941169,21.014812],[106.945993,21.016215],[106.946114,21.017608],[106.949713,21.015718],[106.960429,21.016577],[106.965552,21.022626],[106.967346,21.029202],[106.972917,21.022616],[106.978558,21.021004],[106.983068,21.014604],[106.999675,21.011374],[107.007932,21.001174],[107.005665,20.998176],[107.00988,20.992465],[107.017975,20.990724],[107.034144,20.990403]]]}},{"type":"Feature","properties":{"code":"06820","name":"Phường Vàng Danh","type":"Phường"},"geometry":{"type":"Polygon","coordinates":[[[106.819342,21.156638],[106.833491,21.152857],[106.839355,21.148935],[106.84084,21.138638],[106.844205,21.136031],[106.846146,21.128405],[106.840669,21.117251],[106.843783,21.113283],[106.837358,21.112749],[106.833357,21.10942],[106.835225,21.098547],[106.840006,21.093703],[106.836246,21.090737],[106.835852,21.084942],[106.828759,21.074712],[106.83131,21.071478],[106.841314,21.066458],[106.843822,21.061161],[106.848957,21.058089],[106.846401,21.052933],[106.842779,21.050544],[106.844609,21.044416],[106.844636,21.03571],[106.840023,21.034833],[106.837202,21.031841],[106.829928,21.014258],[106.828204,21.015211],[106.823513,21.012482],[106.821719,21.01345],[106.819613,21.011422],[106.815359,21.013629],[106.813612,21.011313],[106.799843,21.016776],[106.790377,21.026448],[106.787075,21.025335],[106.784929,21.034954],[106.789149,21.038123],[106.783997,21.03658],[106.782292,21.042725],[106.779501,21.044093],[106.778714,21.042508],[106.777127,21.043035],[106.775677,21.046516],[106.781323,21.076022],[106.776377,21.076683],[106.771269,21.080879],[106.772165,21.083871],[106.782979,21.092935],[106.784512,21.096072],[106.787095,21.096667],[106.784255,21.097277],[106.78351,21.104932],[106.787269,21.105259],[106.788883,21.108271],[106.78467,21.112991],[106.784979,21.117199],[106.782985,21.120802],[106.777277,21.121835],[106.776535,21.125519],[106.77309,21.128584],[106.769151,21.152645],[106.784668,21.151475],[106.794291,21.149106],[106.80396,21.154631],[106.812296,21.153965],[106.819342,21.156638]]]}},{"type":"Feature","properties":{"code":"06832","name":"Phường Yên Tử","type":"Phường"},"geometry":{"type":"Polygon","coordinates":[[[106.706881,21.168191],[106.714805,21.160834],[106.721347,21.162047],[106.721102,21.159803],[106.724553,21.159022],[106.733545,21.161511],[106.744069,21.155601],[106.746157,21.156831],[106.757028,21.155227],[106.767499,21.155783],[106.769161,21.153527],[106.77309,21.128584],[106.776535,21.125519],[106.777277,21.121835],[106.782985,21.120802],[106.784979,21.117199],[106.78467,21.112991],[106.788883,21.108271],[106.787269,21.105259],[106.78351,21.104932],[106.784255,21.097277],[106.787095,21.096667],[106.784512,21.096072],[106.782979,21.092935],[106.767998,21.078693],[106.754867,21.076521],[106.749099,21.078604],[106.743874,21.083002],[106.74237,21.081817],[106.743176,21.076908],[106.741681,21.07502],[106.744428,21.074715],[106.745201,21.070415],[106.747406,21.0709],[106.747827,21.067891],[106.749959,21.067153],[106.74949,21.064677],[106.745781,21.061297],[106.746616,21.059133],[106.744669,21.058508],[106.747847,21.053681],[106.744177,21.051668],[106.744112,21.046791],[106.746309,21.045513],[106.746835,21.042029],[106.741042,21.039109],[106.73924,21.032861],[106.741106,21.029732],[106.740238,21.025894],[106.734923,21.020347],[106.736813,21.015453],[106.734742,21.001536],[106.725264,20.996754],[106.706694,20.999661],[106.686801,21.005136],[106.65653,21.017837],[106.659272,21.024259],[106.664606,21.025746],[106.666726,21.024134],[106.670682,21.025156],[106.674116,21.02395],[106.674785,21.032577],[106.682075,21.031521],[106.681057,21.036124],[106.68818,21.035056],[106.69594,21.03106],[106.701349,21.031207],[106.704941,21.035052],[106.707195,21.034707],[106.709561,21.036622],[106.707379,21.045746],[106.705152,21.047823],[106.707888,21.054154],[106.704136,21.055751],[106.707137,21.062036],[106.710276,21.060878],[106.709556,21.066363],[106.712399,21.06962],[106.71245,21.077585],[106.714151,21.07833],[106.716341,21.076896],[106.715633,21.080851],[106.718651,21.084925],[106.713681,21.086005],[106.710201,21.08984],[106.705515,21.091822],[106.707008,21.09505],[106.701375,21.098346],[106.69961,21.105538],[106.697935,21.106382],[106.696697,21.10433],[106.693295,21.104844],[106.693216,21.116044],[106.694445,21.117049],[106.690001,21.117503],[106.695922,21.126116],[106.695081,21.128971],[106.697705,21.12918],[106.697382,21.132508],[106.701065,21.133437],[106.70005,21.141495],[106.702939,21.144024],[106.705296,21.149652],[106.707967,21.16489],[106.706881,21.168191]]]}},{"type":"Feature","properties":{"code":"07135","name":"Phường Đông Mai","type":"Phường"},"geometry":{"type":"Polygon","coordinates":[[[106.897157,21.029896],[106.898352,21.025142],[106.88624,21.009589],[106.893761,20.996532],[106.890907,20.991972],[106.886973,20.977416],[106.889503,20.966799],[106.884211,20.964987],[106.864894,20.963302],[106.853616,20.960151],[106.846264,20.967352],[106.843581,20.966434],[106.843648,20.975649],[106.838369,20.982561],[106.83653,20.981857],[106.836917,20.986547],[106.824444,20.992866],[106.820655,20.992454],[106.820446,20.996247],[106.815801,20.995512],[106.810118,20.998534],[106.801366,20.999434],[106.794425,20.987094],[106.792703,20.996932],[106.799201,21.002855],[106.797378,21.010633],[106.799843,21.016776],[106.813612,21.011313],[106.815359,21.013629],[106.819613,21.011422],[106.821719,21.01345],[106.823513,21.012482],[106.828204,21.015211],[106.829928,21.014258],[106.835483,21.02869],[106.840023,21.034833],[106.851078,21.036372],[106.854534,21.032728],[106.861225,21.030618],[106.8636,21.03348],[106.872071,21.023223],[106.874946,21.02278],[106.878554,21.024757],[106.880844,21.028745],[106.884611,21.028767],[106.899715,21.035895],[106.900156,21.033701],[106.897157,21.029896]]]}},{"type":"Feature","properties":{"code":"07093","name":"Phường Đông Triều","type":"Phường"},"geometry":{"type":"Polygon","coordinates":[[[106.514716,21.097631],[106.522345,21.092378],[106.534228,21.097099],[106.534362,21.094959],[106.537962,21.094414],[106.538326,21.090562],[106.534922,21.088311],[106.535665,21.085284],[106.534424,21.082532],[106.536812,21.079314],[106.534032,21.075711],[106.534633,21.070409],[106.536508,21.069212],[106.539872,21.072305],[106.54384,21.072785],[106.547371,21.069484],[106.546709,21.067511],[106.542296,21.069172],[106.540532,21.068312],[106.536122,21.055185],[106.537127,21.050203],[106.533206,21.047723],[106.527881,21.048231],[106.525319,21.05042],[106.52362,21.045729],[106.51969,21.048144],[106.515513,21.046329],[106.517086,21.051523],[106.519773,21.053547],[106.516696,21.055133],[106.517339,21.060042],[106.503743,21.056515],[106.499648,21.057343],[106.492247,21.065021],[106.485831,21.068324],[106.475423,21.069634],[106.456829,21.065047],[106.454899,21.065562],[106.454546,21.06979],[106.447699,21.069749],[106.446344,21.075164],[106.441724,21.077305],[106.440572,21.079746],[106.443831,21.083302],[106.445624,21.089858],[106.450087,21.09318],[106.450593,21.095562],[106.44365,21.100542],[106.438856,21.107657],[106.442187,21.110563],[106.442001,21.113827],[106.445702,21.112156],[106.444613,21.109822],[106.446691,21.108037],[106.445904,21.10608],[106.447677,21.106549],[106.448973,21.104915],[106.452517,21.109454],[106.454023,21.107498],[106.453967,21.109431],[106.455589,21.109368],[106.456815,21.106261],[106.458448,21.106138],[106.457142,21.107049],[106.458253,21.107727],[106.459081,21.105709],[106.460608,21.106681],[106.462858,21.105406],[106.469164,21.097526],[106.473249,21.096303],[106.472913,21.093874],[106.477726,21.090977],[106.477204,21.094681],[106.479081,21.098459],[106.48241,21.098225],[106.485578,21.101692],[106.488182,21.1012],[106.491461,21.103012],[106.495377,21.10196],[106.493697,21.098595],[106.495557,21.097145],[106.494924,21.093385],[106.493,21.089081],[106.495441,21.087946],[106.505243,21.089463],[106.509707,21.097255],[106.512044,21.095239],[106.514716,21.097631]]]}},{"type":"Feature","properties":{"code":"06978","name":"Xã Ba Chẽ","type":"Xã"},"geometry":{"type":"Polygon","coordinates":[[[107.252388,21.3664],[107.263347,21.353533],[107.252851,21.343149],[107.253585,21.336711],[107.251904,21.334184],[107.253784,21.330153],[107.261155,21.327988],[107.269824,21.328158],[107.275789,21.32527],[107.281129,21.324728],[107.282246,21.322835],[107.284258,21.323428],[107.284982,21.321457],[107.287233,21.320918],[107.287328,21.322856],[107.289707,21.323098],[107.294689,21.321012],[107.298799,21.321431],[107.299136,21.316381],[107.31039,21.316716],[107.314491,21.312742],[107.317042,21.312911],[107.321902,21.308056],[107.322505,21.30541],[107.326755,21.30731],[107.332894,21.306176],[107.335253,21.299808],[107.334547,21.298019],[107.340331,21.293741],[107.340781,21.287473],[107.338222,21.279729],[107.339322,21.270877],[107.343924,21.264039],[107.347336,21.246894],[107.353291,21.240437],[107.348711,21.233496],[107.348558,21.229246],[107.3518,21.224112],[107.355503,21.223035],[107.365742,21.225299],[107.366429,21.221766],[107.357777,21.220022],[107.35407,21.21639],[107.352947,21.211595],[107.349998,21.210838],[107.349045,21.202377],[107.344026,21.199681],[107.341379,21.194457],[107.33491,21.189055],[107.334339,21.186282],[107.336953,21.181634],[107.336848,21.178133],[107.333925,21.174991],[107.330511,21.175662],[107.330085,21.177195],[107.323401,21.172132],[107.318736,21.172379],[107.314731,21.178026],[107.304563,21.185749],[107.30159,21.18639],[107.293482,21.181833],[107.291952,21.178866],[107.286214,21.177113],[107.280956,21.179894],[107.276401,21.178862],[107.267088,21.17201],[107.260097,21.170713],[107.25915,21.168524],[107.251214,21.166415],[107.245436,21.161759],[107.239454,21.160356],[107.233662,21.151239],[107.233311,21.142387],[107.229371,21.138176],[107.217789,21.138655],[107.208172,21.13018],[107.201921,21.131781],[107.197924,21.134708],[107.194208,21.135023],[107.187916,21.132579],[107.185181,21.135404],[107.184179,21.140716],[107.178352,21.141967],[107.174395,21.144849],[107.176899,21.152102],[107.179457,21.154196],[107.178295,21.164221],[107.180357,21.16599],[107.180482,21.168654],[107.188368,21.173053],[107.190918,21.179172],[107.19476,21.181427],[107.194005,21.182814],[107.196063,21.186809],[107.209318,21.197111],[107.210901,21.201322],[107.197835,21.20993],[107.189174,21.219443],[107.185156,21.217563],[107.181136,21.223016],[107.177238,21.224199],[107.176604,21.227318],[107.171507,21.232708],[107.174652,21.23896],[107.171331,21.242097],[107.172255,21.244775],[107.171008,21.247771],[107.167305,21.250209],[107.162706,21.250696],[107.161296,21.253603],[107.161044,21.267638],[107.166168,21.2689],[107.165924,21.279296],[107.167176,21.281765],[107.184364,21.293658],[107.177957,21.318223],[107.182968,21.321507],[107.191058,21.331891],[107.199926,21.33469],[107.197034,21.34628],[107.202441,21.354964],[107.202172,21.360771],[107.200848,21.361167],[107.203005,21.36427],[107.203947,21.379242],[107.209434,21.386938],[107.216576,21.389024],[107.222695,21.385293],[107.227988,21.380502],[107.227861,21.37742],[107.235543,21.373492],[107.235473,21.370347],[107.237995,21.369257],[107.240443,21.363987],[107.248739,21.367397],[107.252388,21.3664]]]}},{"type":"Feature","properties":{"code":"06838","name":"Xã Bình Liêu","type":"Xã"},"geometry":{"type":"Polygon","coordinates":[[[107.382896,21.595823],[107.380675,21.592391],[107.381838,21.576152],[107.389629,21.571646],[107.394903,21.561984],[107.394631,21.555709],[107.402705,21.548701],[107.402866,21.544984],[107.407371,21.544417],[107.411123,21.537748],[107.417124,21.539007],[107.421924,21.537339],[107.431656,21.523464],[107.434206,21.522412],[107.448879,21.498981],[107.449623,21.502509],[107.452906,21.505633],[107.45329,21.510942],[107.45551,21.512614],[107.468599,21.514671],[107.480735,21.511178],[107.483354,21.515219],[107.48782,21.517159],[107.488116,21.520369],[107.501415,21.512568],[107.508083,21.511918],[107.513782,21.507466],[107.518265,21.510212],[107.521084,21.50915],[107.525161,21.503197],[107.521879,21.499661],[107.523954,21.485878],[107.520512,21.479876],[107.518455,21.478581],[107.512613,21.478835],[107.510676,21.475807],[107.502425,21.471513],[107.501576,21.461944],[107.49128,21.458137],[107.488805,21.460869],[107.482107,21.45997],[107.481706,21.455245],[107.478487,21.453579],[107.474208,21.446739],[107.469615,21.444823],[107.462554,21.447032],[107.452238,21.445067],[107.441595,21.447807],[107.439765,21.450761],[107.440521,21.454563],[107.437946,21.465469],[107.429244,21.462978],[107.426652,21.466598],[107.422719,21.468584],[107.417419,21.464031],[107.414212,21.467366],[107.409657,21.469111],[107.404063,21.467277],[107.397857,21.468546],[107.389728,21.45989],[107.38331,21.455623],[107.383147,21.453186],[107.380609,21.451504],[107.382888,21.447789],[107.378297,21.442435],[107.374898,21.44145],[107.374602,21.438441],[107.371286,21.437399],[107.371148,21.439503],[107.366074,21.445299],[107.361587,21.445179],[107.363441,21.450714],[107.361064,21.456558],[107.361847,21.460971],[107.349887,21.467444],[107.34364,21.468194],[107.340646,21.466988],[107.338688,21.468765],[107.340575,21.472855],[107.339791,21.477259],[107.343091,21.483656],[107.339674,21.485524],[107.33996,21.490325],[107.337143,21.492031],[107.334239,21.497294],[107.329229,21.499009],[107.323953,21.504452],[107.316704,21.507549],[107.315787,21.511392],[107.31693,21.515584],[107.314238,21.517069],[107.301641,21.515666],[107.296774,21.517112],[107.284253,21.5313],[107.283975,21.535403],[107.280225,21.539211],[107.279791,21.542028],[107.284163,21.546634],[107.2797,21.550979],[107.273688,21.562329],[107.278247,21.563271],[107.284354,21.56932],[107.284101,21.577255],[107.290253,21.581662],[107.293259,21.591913],[107.295768,21.593499],[107.30917,21.596088],[107.310919,21.592015],[107.313453,21.590337],[107.317341,21.593486],[107.322227,21.5943],[107.327913,21.592599],[107.328973,21.588468],[107.340904,21.588432],[107.340367,21.590227],[107.347786,21.595981],[107.358577,21.594964],[107.361895,21.600693],[107.364148,21.599111],[107.368756,21.602077],[107.382896,21.595823]]]}},{"type":"Feature","properties":{"code":"06967","name":"Xã Cái Chiên","type":"Xã"},"geometry":{"type":"MultiPolygon","coordinates":[[[[107.674301,21.259982],[107.679183,21.259997],[107.674258,21.25707],[107.674301,21.259982]]],[[[107.679541,21.262608],[107.678087,21.262634],[107.679195,21.264261],[107.680282,21.26347],[107.679541,21.262608]]],[[[107.694235,21.269824],[107.691088,21.266635],[107.685059,21.266193],[107.684074,21.266858],[107.694235,21.269824]]],[[[107.648743,21.271498],[107.647474,21.267498],[107.640076,21.269027],[107.647245,21.27429],[107.648743,21.271498]]],[[[107.651657,21.277187],[107.654707,21.276476],[107.654647,21.278286],[107.657568,21.281002],[107.659207,21.281019],[107.660608,21.278296],[107.663506,21.284218],[107.669224,21.281127],[107.664959,21.277268],[107.661947,21.276756],[107.656204,21.271573],[107.650567,21.269871],[107.651657,21.277187]]],[[[107.703905,21.276871],[107.702232,21.276055],[107.70324,21.278952],[107.704195,21.278886],[107.703905,21.276871]]],[[[107.698301,21.293539],[107.696262,21.293103],[107.695463,21.294515],[107.691905,21.293102],[107.685234,21.288368],[107.686987,21.287229],[107.684041,21.284573],[107.652048,21.265927],[107.67375,21.280595],[107.667883,21.285509],[107.67374,21.290924],[107.677347,21.290881],[107.679231,21.288761],[107.67875,21.291893],[107.68301,21.291341],[107.682151,21.293502],[107.683612,21.294764],[107.7007,21.3003],[107.696853,21.295021],[107.701274,21.296211],[107.698301,21.293539]]],[[[107.754858,21.283585],[107.751774,21.284261],[107.751187,21.287599],[107.754273,21.291023],[107.766925,21.295887],[107.790632,21.297088],[107.79453,21.29542],[107.790472,21.29362],[107.775578,21.29431],[107.754858,21.283585]]],[[[107.803166,21.316821],[107.80662,21.316788],[107.806326,21.315942],[107.803166,21.316821]]],[[[107.811309,21.345657],[107.805737,21.345606],[107.800886,21.337173],[107.798596,21.33866],[107.796767,21.336935],[107.797789,21.335107],[107.796082,21.332658],[107.782289,21.327691],[107.778011,21.323603],[107.774925,21.323468],[107.777775,21.325398],[107.775278,21.325485],[107.762318,21.318327],[107.758424,21.317731],[107.747547,21.311231],[107.746484,21.307283],[107.739313,21.307196],[107.73118,21.302745],[107.733997,21.308653],[107.730442,21.312235],[107.724112,21.309582],[107.717749,21.304294],[107.703701,21.30142],[107.725829,21.313784],[107.727284,21.312392],[107.728861,21.315205],[107.746749,21.326623],[107.75084,21.326976],[107.756447,21.330678],[107.762966,21.332508],[107.766701,21.331788],[107.760628,21.327749],[107.770159,21.331566],[107.773777,21.333975],[107.768082,21.332183],[107.771093,21.336328],[107.795252,21.350932],[107.802651,21.352557],[107.806883,21.355985],[107.814463,21.358234],[107.816155,21.357705],[107.815984,21.355359],[107.819111,21.356858],[107.818282,21.354628],[107.820107,21.352405],[107.811309,21.345657]]]]}},{"type":"Feature","properties":{"code":"06841","name":"Xã Hoành Mô","type":"Xã"},"geometry":{"type":"Polygon","coordinates":[[[107.468355,21.662077],[107.473168,21.662627],[107.47581,21.659925],[107.479307,21.659729],[107.482281,21.657327],[107.480579,21.65461],[107.481239,21.651797],[107.484157,21.648025],[107.48362,21.645126],[107.485774,21.643403],[107.48417,21.635953],[107.485215,21.631623],[107.48392,21.630718],[107.48789,21.624459],[107.492888,21.624958],[107.492717,21.622636],[107.4978,21.614778],[107.494101,21.609441],[107.493598,21.604651],[107.48331,21.598614],[107.489469,21.598737],[107.499068,21.595016],[107.504809,21.597537],[107.507366,21.597096],[107.515405,21.593644],[107.518642,21.59388],[107.524345,21.590242],[107.530898,21.590674],[107.533152,21.593186],[107.537088,21.594331],[107.539122,21.591176],[107.542912,21.58933],[107.546679,21.593819],[107.551385,21.604141],[107.559473,21.612869],[107.568929,21.611985],[107.57242,21.616665],[107.577726,21.618289],[107.582254,21.616891],[107.585119,21.610793],[107.592176,21.606338],[107.592789,21.604441],[107.603109,21.60353],[107.602534,21.600027],[107.607852,21.593648],[107.611976,21.578453],[107.610633,21.575828],[107.611558,21.562354],[107.60559,21.558854],[107.599288,21.561761],[107.594915,21.560054],[107.601868,21.552057],[107.598232,21.548195],[107.597365,21.542928],[107.593967,21.540196],[107.593829,21.536417],[107.59773,21.529832],[107.595983,21.525913],[107.585425,21.520019],[107.585007,21.517466],[107.583448,21.518431],[107.570832,21.51673],[107.563288,21.520275],[107.557013,21.520971],[107.554363,21.525888],[107.550458,21.526967],[107.544632,21.528272],[107.542612,21.52551],[107.539421,21.526395],[107.533396,21.525117],[107.52904,21.528773],[107.523167,21.527913],[107.516052,21.519613],[107.518265,21.510212],[107.514418,21.507372],[107.511303,21.508337],[107.508083,21.511918],[107.501415,21.512568],[107.48884,21.519359],[107.488339,21.530362],[107.491667,21.537817],[107.487493,21.545478],[107.490659,21.551556],[107.485089,21.558673],[107.485743,21.561414],[107.483157,21.567184],[107.483427,21.570533],[107.479767,21.572713],[107.48003,21.577447],[107.476285,21.586722],[107.472413,21.591304],[107.469614,21.591453],[107.468022,21.595867],[107.464923,21.597668],[107.466715,21.603531],[107.46491,21.606746],[107.466785,21.611609],[107.466035,21.614888],[107.45876,21.622065],[107.450813,21.623423],[107.450622,21.625737],[107.443419,21.630192],[107.441593,21.638148],[107.434306,21.650083],[107.438981,21.651465],[107.439644,21.653806],[107.444271,21.654206],[107.445445,21.656501],[107.451,21.657404],[107.459907,21.663072],[107.465297,21.663785],[107.468355,21.662077]]]}},{"type":"Feature","properties":{"code":"06799","name":"Xã Hải Hòa","type":"Xã"},"geometry":{"type":"Polygon","coordinates":[[[107.371125,21.184518],[107.388746,21.181703],[107.396508,21.184675],[107.398654,21.182582],[107.403686,21.184307],[107.412196,21.182842],[107.410416,21.154183],[107.416779,21.139464],[107.41413,21.135381],[107.390972,21.11545],[107.382333,21.098225],[107.375356,21.091471],[107.380129,21.087111],[107.379688,21.085218],[107.370894,21.080668],[107.369281,21.082843],[107.358911,21.086884],[107.351374,21.085027],[107.350027,21.08564],[107.351286,21.093254],[107.341436,21.099506],[107.332101,21.096158],[107.322096,21.11039],[107.314774,21.11197],[107.312074,21.115465],[107.313765,21.123303],[107.312095,21.125749],[107.319538,21.136594],[107.319444,21.143411],[107.326065,21.162093],[107.324229,21.163935],[107.323401,21.172132],[107.330085,21.177195],[107.332683,21.174715],[107.336614,21.177382],[107.334928,21.189091],[107.341379,21.194457],[107.344026,21.199681],[107.349045,21.202377],[107.349998,21.210838],[107.352947,21.211595],[107.352452,21.213324],[107.355916,21.218394],[107.366121,21.221716],[107.366649,21.218285],[107.365192,21.215839],[107.371241,21.214898],[107.367878,21.207762],[107.366051,21.191137],[107.371125,21.184518]]]}},{"type":"Feature","properties":{"code":"06886","name":"Xã Hải Lạng","type":"Xã"},"geometry":{"type":"Polygon","coordinates":[[[107.372632,21.334482],[107.37845,21.333538],[107.391657,21.322713],[107.392738,21.318958],[107.39796,21.315175],[107.393893,21.3117],[107.4005,21.307036],[107.407708,21.297009],[107.416411,21.292957],[107.415028,21.28956],[107.417524,21.28514],[107.421505,21.284092],[107.419369,21.282917],[107.419649,21.280846],[107.420417,21.282746],[107.420685,21.281526],[107.422042,21.282736],[107.425462,21.281228],[107.423087,21.280889],[107.43314,21.274564],[107.445035,21.263785],[107.444136,21.25289],[107.445852,21.23662],[107.442242,21.227062],[107.431639,21.22017],[107.424569,21.210431],[107.412893,21.199399],[107.403007,21.194923],[107.39203,21.184729],[107.386351,21.182384],[107.371125,21.184518],[107.366051,21.191137],[107.367878,21.207762],[107.371241,21.214898],[107.365192,21.215839],[107.366649,21.218285],[107.365742,21.225299],[107.355503,21.223035],[107.351594,21.224273],[107.348558,21.229246],[107.348711,21.233496],[107.353291,21.240437],[107.347336,21.246894],[107.343924,21.264039],[107.339216,21.271288],[107.338222,21.279729],[107.340781,21.287473],[107.340331,21.293741],[107.334547,21.298019],[107.335253,21.299808],[107.332195,21.306966],[107.326755,21.30731],[107.322505,21.30541],[107.321902,21.308056],[107.317042,21.312911],[107.319645,21.315802],[107.319118,21.318461],[107.324292,21.320717],[107.327121,21.324218],[107.324763,21.326499],[107.324616,21.329736],[107.332707,21.330947],[107.335187,21.333558],[107.336256,21.34154],[107.347878,21.345409],[107.351786,21.344539],[107.352878,21.341585],[107.356491,21.33947],[107.366106,21.339448],[107.372632,21.334482]]]}},{"type":"Feature","properties":{"code":"06733","name":"Xã Hải Ninh","type":"Xã"},"geometry":{"type":"MultiPolygon","coordinates":[[[[107.805901,21.496815],[107.805636,21.494654],[107.803612,21.496706],[107.804729,21.498078],[107.805901,21.496815]]],[[[107.822531,21.50328],[107.821979,21.500068],[107.817683,21.499929],[107.821042,21.498999],[107.821271,21.497456],[107.820276,21.491617],[107.816934,21.491732],[107.815399,21.489084],[107.816846,21.487598],[107.817703,21.49022],[107.819812,21.489917],[107.820093,21.487424],[107.818185,21.48634],[107.819571,21.485265],[107.816495,21.48305],[107.810467,21.488114],[107.812851,21.492057],[107.810009,21.492071],[107.808051,21.501782],[107.811291,21.508944],[107.817372,21.509969],[107.818524,21.51144],[107.823708,21.506604],[107.823237,21.504912],[107.820478,21.506363],[107.822531,21.50328]]],[[[107.802889,21.498614],[107.802534,21.496324],[107.800912,21.498771],[107.798482,21.499],[107.802889,21.498614]]],[[[107.802725,21.499002],[107.798473,21.499012],[107.798057,21.499231],[107.801935,21.501749],[107.802725,21.499002]]],[[[107.796807,21.501904],[107.798831,21.503587],[107.798912,21.501858],[107.796807,21.501904]]],[[[107.798102,21.50389],[107.796185,21.50199],[107.788606,21.508768],[107.789304,21.512398],[107.794228,21.510431],[107.798102,21.50389]]],[[[107.845717,21.565122],[107.847594,21.561988],[107.846717,21.556476],[107.850274,21.554023],[107.853922,21.546104],[107.856253,21.545734],[107.857707,21.538302],[107.861335,21.537067],[107.865552,21.532946],[107.864252,21.530389],[107.862631,21.530993],[107.860864,21.529455],[107.858593,21.524037],[107.853924,21.523695],[107.848554,21.512733],[107.84899,21.508923],[107.846478,21.508871],[107.848602,21.504726],[107.848898,21.499316],[107.846524,21.497856],[107.845115,21.499776],[107.843608,21.500346],[107.847965,21.496432],[107.846753,21.491488],[107.840486,21.491948],[107.836816,21.498097],[107.829293,21.503083],[107.830663,21.505949],[107.833445,21.505264],[107.829394,21.508191],[107.829485,21.512169],[107.832434,21.519118],[107.838127,21.522102],[107.836879,21.527473],[107.835036,21.527502],[107.833505,21.524051],[107.830788,21.524527],[107.830769,21.526066],[107.829416,21.525325],[107.831234,21.524221],[107.83332,21.523992],[107.833551,21.522448],[107.829444,21.523893],[107.82929,21.522117],[107.82816,21.524279],[107.827742,21.522136],[107.829262,21.520585],[107.825986,21.514974],[107.821996,21.514514],[107.823649,21.518676],[107.819457,21.52194],[107.820895,21.520459],[107.82048,21.517987],[107.817961,21.518574],[107.820249,21.513348],[107.819171,21.512755],[107.816903,21.515789],[107.813761,21.512673],[107.816205,21.513712],[107.816811,21.510312],[107.811181,21.509397],[107.809492,21.51051],[107.810338,21.508474],[107.806877,21.504889],[107.804127,21.509662],[107.805057,21.498243],[107.803586,21.498479],[107.803126,21.502071],[107.801402,21.502437],[107.802933,21.504994],[107.799773,21.507371],[107.799615,21.509762],[107.797123,21.50852],[107.789479,21.515075],[107.788838,21.513067],[107.785607,21.518275],[107.786122,21.515033],[107.788023,21.513656],[107.787482,21.511853],[107.786411,21.514225],[107.783945,21.516624],[107.782905,21.517139],[107.786041,21.514113],[107.786323,21.510898],[107.784335,21.515021],[107.778985,21.520076],[107.779734,21.51809],[107.777924,21.518078],[107.783961,21.514847],[107.784021,21.513164],[107.782974,21.513576],[107.782138,21.513628],[107.781927,21.51339],[107.786033,21.510017],[107.788266,21.50549],[107.781613,21.506934],[107.780229,21.509861],[107.774421,21.512925],[107.774578,21.514021],[107.77445,21.514409],[107.774061,21.51283],[107.769675,21.512435],[107.768318,21.514308],[107.768891,21.515761],[107.768179,21.516329],[107.768061,21.514449],[107.769478,21.511923],[107.766206,21.510408],[107.764665,21.513336],[107.762675,21.513764],[107.764535,21.513145],[107.7654,21.509785],[107.762821,21.509058],[107.76069,21.511283],[107.761125,21.51012],[107.756728,21.508071],[107.751962,21.518238],[107.753138,21.522692],[107.750116,21.530352],[107.751748,21.534896],[107.749615,21.53804],[107.750974,21.53946],[107.748849,21.543185],[107.749173,21.54571],[107.744872,21.545647],[107.746663,21.546701],[107.744298,21.547305],[107.743799,21.551388],[107.733487,21.556501],[107.734955,21.559279],[107.733349,21.563794],[107.735317,21.565249],[107.731643,21.573765],[107.733197,21.578203],[107.744984,21.580757],[107.751287,21.579942],[107.75067,21.577743],[107.754114,21.576633],[107.755916,21.577922],[107.755951,21.574627],[107.759734,21.57286],[107.759062,21.575325],[107.769484,21.57844],[107.773049,21.575088],[107.780798,21.575193],[107.782864,21.577046],[107.78691,21.576097],[107.788708,21.572954],[107.794483,21.568984],[107.796723,21.564847],[107.801692,21.56378],[107.804579,21.556345],[107.807671,21.552825],[107.811036,21.551788],[107.822249,21.553365],[107.824238,21.55592],[107.827158,21.556432],[107.828163,21.571363],[107.82978,21.571944],[107.830236,21.577168],[107.832419,21.576826],[107.832358,21.58059],[107.845538,21.583418],[107.848865,21.582319],[107.849425,21.576883],[107.848919,21.569739],[107.845717,21.565122]]],[[[107.842402,21.482571],[107.840609,21.482656],[107.839671,21.484833],[107.84051,21.479608],[107.836235,21.476074],[107.832897,21.479644],[107.834478,21.490836],[107.833036,21.491183],[107.833622,21.492614],[107.831736,21.492649],[107.829756,21.500668],[107.834907,21.49884],[107.840352,21.49163],[107.845937,21.490546],[107.842402,21.482571]]],[[[107.828747,21.506016],[107.829854,21.506252],[107.829913,21.50569],[107.828747,21.506016]]],[[[107.822901,21.507937],[107.819823,21.512271],[107.822847,21.511492],[107.822901,21.507937]]],[[[107.818254,21.512488],[107.817578,21.51235],[107.817245,21.513538],[107.818254,21.512488]]],[[[107.821861,21.517916],[107.821747,21.519424],[107.821925,21.519646],[107.822639,21.518567],[107.821861,21.517916]]],[[[107.8321,21.521249],[107.833267,21.521206],[107.832861,21.520082],[107.8321,21.521249]]],[[[107.833686,21.521139],[107.835798,21.525389],[107.837004,21.52274],[107.833686,21.521139]]]]}},{"type":"Feature","properties":{"code":"06724","name":"Xã Hải Sơn","type":"Xã"},"geometry":{"type":"Polygon","coordinates":[[[107.806594,21.657728],[107.814941,21.658627],[107.821386,21.65385],[107.827109,21.653407],[107.830994,21.649416],[107.833015,21.64425],[107.841572,21.641342],[107.845048,21.642905],[107.845496,21.649],[107.853256,21.651025],[107.857081,21.655205],[107.860073,21.653337],[107.860327,21.649733],[107.867389,21.649641],[107.871065,21.647721],[107.871376,21.642314],[107.878152,21.639989],[107.878523,21.63069],[107.888433,21.625745],[107.885543,21.620713],[107.889687,21.618255],[107.89081,21.615389],[107.888407,21.612975],[107.88331,21.611956],[107.882865,21.609984],[107.884699,21.606778],[107.892363,21.606252],[107.893248,21.602209],[107.890269,21.599146],[107.897817,21.59528],[107.899468,21.592995],[107.898161,21.589651],[107.899224,21.588174],[107.902272,21.586694],[107.903337,21.591025],[107.905063,21.591289],[107.915405,21.585992],[107.924889,21.589143],[107.923627,21.58535],[107.928868,21.580068],[107.929571,21.57747],[107.943093,21.56933],[107.942714,21.563416],[107.935299,21.570624],[107.92817,21.570824],[107.92353,21.573593],[107.919283,21.573749],[107.912862,21.579507],[107.905581,21.583278],[107.89894,21.578672],[107.892873,21.578861],[107.887167,21.575044],[107.874812,21.576624],[107.86813,21.584131],[107.865022,21.58476],[107.859991,21.583588],[107.858742,21.58144],[107.849134,21.581705],[107.84428,21.58349],[107.832358,21.58059],[107.832419,21.576826],[107.830236,21.577168],[107.82978,21.571944],[107.828163,21.571363],[107.827158,21.556432],[107.824238,21.55592],[107.822249,21.553365],[107.811036,21.551788],[107.807671,21.552825],[107.804579,21.556345],[107.801692,21.56378],[107.796723,21.564847],[107.794483,21.568984],[107.788708,21.572954],[107.78691,21.576097],[107.782864,21.577046],[107.780798,21.575193],[107.773049,21.575088],[107.769484,21.57844],[107.759062,21.575325],[107.759734,21.57286],[107.755951,21.574627],[107.755916,21.577922],[107.754114,21.576633],[107.75067,21.577743],[107.751287,21.579942],[107.744984,21.580757],[107.733417,21.578324],[107.732733,21.584065],[107.734426,21.588691],[107.741832,21.595665],[107.739971,21.596174],[107.737987,21.600575],[107.740889,21.606262],[107.739949,21.613477],[107.738505,21.613409],[107.742643,21.617772],[107.742099,21.62183],[107.747943,21.62864],[107.749285,21.633227],[107.747474,21.638629],[107.749038,21.639228],[107.748594,21.640829],[107.752773,21.643109],[107.764026,21.642864],[107.77112,21.644958],[107.773518,21.648254],[107.779829,21.648409],[107.780689,21.653556],[107.783213,21.655445],[107.78827,21.656449],[107.790026,21.654628],[107.792473,21.655678],[107.796804,21.653789],[107.803416,21.655373],[107.80474,21.658787],[107.806594,21.657728]]]}},{"type":"Feature","properties":{"code":"06979","name":"Xã Kỳ Thượng","type":"Xã"},"geometry":{"type":"Polygon","coordinates":[[[107.193333,21.379097],[107.199424,21.377632],[107.201962,21.378981],[107.204238,21.377658],[107.20311,21.376378],[107.203005,21.36427],[107.200848,21.361167],[107.202172,21.360771],[107.202441,21.354964],[107.197034,21.34628],[107.199975,21.334844],[107.191058,21.331891],[107.182968,21.321507],[107.177957,21.318223],[107.184468,21.293946],[107.166369,21.280595],[107.166168,21.2689],[107.161102,21.267788],[107.160379,21.256382],[107.162706,21.250696],[107.167305,21.250209],[107.171008,21.247771],[107.172255,21.244775],[107.171331,21.242097],[107.174652,21.23896],[107.171507,21.232708],[107.176604,21.227318],[107.177238,21.224199],[107.181136,21.223016],[107.185156,21.217563],[107.189174,21.219443],[107.197835,21.20993],[107.210901,21.201322],[107.209867,21.197827],[107.196063,21.186809],[107.194005,21.182814],[107.19476,21.181427],[107.190918,21.179172],[107.188368,21.173053],[107.18031,21.168493],[107.177737,21.161841],[107.179457,21.154196],[107.176899,21.152102],[107.174395,21.144849],[107.167113,21.146258],[107.16112,21.143257],[107.157991,21.144525],[107.155019,21.140855],[107.145966,21.141619],[107.134933,21.145933],[107.130874,21.145004],[107.130369,21.142805],[107.127026,21.14164],[107.120046,21.134094],[107.116236,21.133547],[107.110756,21.135227],[107.101833,21.142441],[107.098451,21.153328],[107.09337,21.161071],[107.09539,21.165712],[107.094917,21.169668],[107.097839,21.173281],[107.09382,21.174587],[107.093108,21.17858],[107.098929,21.185843],[107.098597,21.188507],[107.100438,21.190373],[107.098195,21.196778],[107.101329,21.209836],[107.096261,21.215166],[107.098295,21.221406],[107.09466,21.223972],[107.095064,21.231329],[107.090534,21.230236],[107.088128,21.235527],[107.088058,21.240441],[107.084555,21.246222],[107.085868,21.249628],[107.084978,21.252715],[107.079612,21.256945],[107.075592,21.26592],[107.071277,21.267043],[107.072025,21.273034],[107.079513,21.271172],[107.081539,21.272521],[107.081915,21.276484],[107.080001,21.276867],[107.081893,21.283946],[107.074812,21.285688],[107.067995,21.290356],[107.066,21.289443],[107.062725,21.290658],[107.061481,21.299816],[107.059241,21.303714],[107.05095,21.306038],[107.044492,21.31143],[107.042365,21.310852],[107.038154,21.315621],[107.033255,21.314958],[107.033307,21.321979],[107.031757,21.325343],[107.052155,21.330176],[107.051403,21.332901],[107.057379,21.339923],[107.058851,21.344869],[107.062563,21.347602],[107.069062,21.346491],[107.073701,21.347652],[107.077382,21.34585],[107.083627,21.35058],[107.082784,21.352996],[107.08517,21.355063],[107.092091,21.356368],[107.095476,21.359962],[107.097145,21.374002],[107.102079,21.376928],[107.105512,21.375276],[107.111402,21.376167],[107.126876,21.369119],[107.134475,21.371294],[107.14334,21.369501],[107.141837,21.366516],[107.14579,21.364448],[107.157968,21.368508],[107.167976,21.363159],[107.17302,21.364789],[107.176159,21.368919],[107.182075,21.371363],[107.185452,21.375383],[107.192041,21.375599],[107.193333,21.379097]]]}},{"type":"Feature","properties":{"code":"06985","name":"Xã Lương Minh","type":"Xã"},"geometry":{"type":"Polygon","coordinates":[[[107.038629,21.314941],[107.042144,21.311007],[107.046382,21.310595],[107.05095,21.306038],[107.060056,21.302954],[107.062725,21.290658],[107.066,21.289443],[107.067995,21.290356],[107.074812,21.285688],[107.081893,21.283946],[107.080001,21.276867],[107.081915,21.276484],[107.081539,21.272521],[107.079513,21.271172],[107.072025,21.273034],[107.071277,21.267043],[107.075592,21.26592],[107.079612,21.256945],[107.08515,21.252419],[107.084555,21.246222],[107.088058,21.240441],[107.088128,21.235527],[107.090534,21.230236],[107.095064,21.231329],[107.09466,21.223972],[107.098295,21.221406],[107.096307,21.214899],[107.101329,21.209836],[107.098195,21.196778],[107.100438,21.190373],[107.092905,21.177123],[107.094438,21.174001],[107.097839,21.173281],[107.094917,21.169668],[107.09539,21.165712],[107.093429,21.160738],[107.098451,21.153328],[107.099752,21.146378],[107.102859,21.141564],[107.091113,21.143483],[107.086997,21.140611],[107.082497,21.140617],[107.076703,21.14471],[107.07006,21.143926],[107.064326,21.135533],[107.058056,21.137661],[107.056187,21.142661],[107.046914,21.143855],[107.043298,21.141357],[107.041821,21.135184],[107.034891,21.129168],[107.02426,21.133808],[107.016751,21.12674],[107.009708,21.124765],[107.001662,21.136197],[106.997323,21.139583],[106.996486,21.143789],[106.993703,21.147328],[106.993093,21.158799],[106.991404,21.159844],[106.985989,21.15839],[106.978801,21.16131],[106.975577,21.159886],[106.972092,21.160711],[106.969926,21.162524],[106.961463,21.155649],[106.950232,21.155497],[106.945603,21.15078],[106.943656,21.155398],[106.938671,21.15618],[106.936855,21.161384],[106.937703,21.168088],[106.936008,21.169012],[106.938281,21.172548],[106.942789,21.173554],[106.94613,21.179863],[106.946064,21.184417],[106.947862,21.187608],[106.955143,21.189968],[106.956121,21.206283],[106.962747,21.210387],[106.968888,21.225203],[106.972594,21.224191],[106.978424,21.226342],[106.976113,21.229779],[106.978321,21.234732],[106.977215,21.239452],[106.981543,21.243645],[106.981765,21.251452],[106.984251,21.256291],[106.986026,21.256796],[106.982516,21.267329],[106.979689,21.267541],[106.975624,21.270766],[106.974564,21.281006],[106.972277,21.283944],[106.984104,21.292416],[106.999376,21.294849],[107.003787,21.293276],[107.006574,21.295807],[107.011133,21.294965],[107.017404,21.299632],[107.020006,21.298998],[107.025982,21.307615],[107.02999,21.309328],[107.033159,21.314911],[107.038629,21.314941]]]}},{"type":"Feature","properties":{"code":"06856","name":"Xã Lục Hồn","type":"Xã"},"geometry":{"type":"Polygon","coordinates":[[[107.434306,21.650083],[107.441593,21.638148],[107.443419,21.630192],[107.450622,21.625737],[107.450813,21.623423],[107.45876,21.622065],[107.466035,21.614888],[107.466785,21.611609],[107.46491,21.606746],[107.466715,21.603531],[107.464923,21.597668],[107.468022,21.595867],[107.469614,21.591453],[107.472413,21.591304],[107.476285,21.586722],[107.48003,21.577447],[107.479767,21.572713],[107.483427,21.570533],[107.483157,21.567184],[107.485743,21.561414],[107.485089,21.558673],[107.490706,21.551321],[107.487493,21.545478],[107.491673,21.537412],[107.488339,21.530362],[107.48782,21.517159],[107.483354,21.515219],[107.480735,21.511178],[107.468599,21.514671],[107.457719,21.51376],[107.45344,21.511198],[107.452906,21.505633],[107.449623,21.502509],[107.448879,21.498981],[107.434206,21.522412],[107.431656,21.523464],[107.421924,21.537339],[107.417124,21.539007],[107.411123,21.537748],[107.407371,21.544417],[107.402866,21.544984],[107.402705,21.548701],[107.393964,21.556855],[107.394903,21.561984],[107.389629,21.571646],[107.381838,21.576152],[107.380539,21.58575],[107.380675,21.592391],[107.38466,21.598413],[107.391217,21.602753],[107.394578,21.608891],[107.398071,21.609961],[107.394652,21.616068],[107.39567,21.617711],[107.40819,21.622646],[107.407935,21.625984],[107.417453,21.632965],[107.415855,21.636447],[107.417499,21.640618],[107.424806,21.644267],[107.431118,21.650042],[107.434306,21.650083]]]}},{"type":"Feature","properties":{"code":"06922","name":"Xã Quảng Hà","type":"Xã"},"geometry":{"type":"MultiPolygon","coordinates":[[[[107.686375,21.331739],[107.686427,21.33238],[107.688632,21.330951],[107.686375,21.331739]]],[[[107.687392,21.341946],[107.689666,21.342486],[107.688137,21.340213],[107.687392,21.341946]]],[[[107.688101,21.343718],[107.690109,21.344393],[107.689729,21.343373],[107.688101,21.343718]]],[[[107.692121,21.349843],[107.693185,21.349772],[107.692433,21.348511],[107.691229,21.348404],[107.692121,21.349843]]],[[[107.723874,21.350201],[107.726994,21.35158],[107.725857,21.347451],[107.723768,21.347477],[107.723874,21.350201]]],[[[107.692944,21.352272],[107.692411,21.350894],[107.690229,21.352252],[107.692944,21.352272]]],[[[107.727076,21.354799],[107.726392,21.354323],[107.726032,21.356007],[107.727076,21.354799]]],[[[107.68717,21.384332],[107.686929,21.382281],[107.681977,21.381358],[107.678724,21.391764],[107.684887,21.38776],[107.68717,21.384332]]],[[[107.691182,21.394958],[107.691045,21.398638],[107.693835,21.398474],[107.695383,21.388953],[107.689656,21.386265],[107.687638,21.388031],[107.687746,21.39051],[107.691182,21.394958]]],[[[107.671949,21.397117],[107.673935,21.394816],[107.67198,21.396017],[107.671949,21.397117]]],[[[107.67752,21.393773],[107.672183,21.399046],[107.675355,21.404019],[107.678726,21.405301],[107.679481,21.396968],[107.67752,21.393773]]],[[[107.72509,21.403444],[107.725969,21.405479],[107.724561,21.406276],[107.725031,21.407849],[107.727089,21.40674],[107.725639,21.396672],[107.724786,21.396017],[107.722066,21.399967],[107.722932,21.40345],[107.72509,21.403444]]],[[[107.702419,21.404769],[107.69924,21.406654],[107.696756,21.406867],[107.703619,21.407929],[107.702419,21.404769]]],[[[107.72772,21.409522],[107.727624,21.408105],[107.725593,21.408592],[107.72772,21.409522]]],[[[107.781241,21.500234],[107.781374,21.499151],[107.785369,21.496806],[107.787624,21.498385],[107.791864,21.495127],[107.790059,21.496046],[107.788728,21.494914],[107.790698,21.49416],[107.784961,21.492247],[107.788837,21.491528],[107.789894,21.492735],[107.791711,21.490925],[107.793866,21.492438],[107.793113,21.490294],[107.794655,21.491107],[107.798485,21.48892],[107.797544,21.48773],[107.795065,21.488724],[107.792789,21.486518],[107.795651,21.487195],[107.795821,21.485054],[107.798363,21.487071],[107.800282,21.482929],[107.800092,21.478361],[107.796599,21.472782],[107.793535,21.472448],[107.793765,21.474982],[107.789351,21.47288],[107.791488,21.471102],[107.791479,21.468789],[107.793987,21.468766],[107.789162,21.465976],[107.7889,21.463529],[107.786357,21.465536],[107.788828,21.462098],[107.787485,21.462004],[107.787956,21.458269],[107.785685,21.457538],[107.785027,21.455213],[107.781694,21.453801],[107.778754,21.454549],[107.777628,21.454373],[107.777432,21.455875],[107.776911,21.454475],[107.776264,21.455878],[107.774862,21.455184],[107.776242,21.454197],[107.775403,21.453319],[107.77336,21.453883],[107.775054,21.450796],[107.776722,21.45368],[107.777176,21.451047],[107.78187,21.45121],[107.780737,21.447193],[107.777835,21.447608],[107.776364,21.444085],[107.773168,21.443228],[107.771573,21.443916],[107.77074,21.448629],[107.769791,21.446861],[107.765749,21.446492],[107.763132,21.448755],[107.762945,21.446483],[107.765821,21.444688],[107.767748,21.445533],[107.766445,21.444437],[107.764119,21.444423],[107.766784,21.444033],[107.767191,21.441874],[107.762759,21.443213],[107.764604,21.440233],[107.762038,21.439928],[107.761829,21.438566],[107.764425,21.438073],[107.763993,21.436489],[107.761889,21.437233],[107.761531,21.436425],[107.762995,21.436201],[107.763465,21.435069],[107.758482,21.435858],[107.759685,21.434673],[107.757727,21.433997],[107.760688,21.433596],[107.759043,21.432294],[107.756834,21.434155],[107.759059,21.431724],[107.763004,21.433377],[107.762474,21.429289],[107.757072,21.431284],[107.754304,21.429584],[107.753604,21.430786],[107.752462,21.431298],[107.754289,21.429388],[107.758742,21.430517],[107.76086,21.42749],[107.75964,21.425962],[107.761432,21.426255],[107.762735,21.423746],[107.762076,21.421858],[107.75961,21.422028],[107.760308,21.418622],[107.756411,21.418568],[107.758542,21.417564],[107.758723,21.414236],[107.755147,21.409741],[107.753942,21.411784],[107.753278,21.409206],[107.75913,21.397618],[107.754329,21.403814],[107.7522,21.400914],[107.762085,21.388287],[107.761938,21.387408],[107.753356,21.381609],[107.761708,21.388381],[107.750596,21.402532],[107.747331,21.39943],[107.741425,21.398909],[107.741461,21.402842],[107.741133,21.398802],[107.739845,21.398195],[107.737826,21.399088],[107.739154,21.403042],[107.73733,21.403631],[107.736481,21.397548],[107.730071,21.397624],[107.727587,21.402117],[107.730203,21.406281],[107.72888,21.410124],[107.724647,21.40867],[107.723845,21.404825],[107.722229,21.40385],[107.721274,21.406763],[107.720217,21.40481],[107.718407,21.408984],[107.716507,21.410595],[107.714173,21.410213],[107.71209,21.415399],[107.709233,21.415247],[107.706927,21.418597],[107.708689,21.415152],[107.711452,21.414687],[107.713573,21.410015],[107.718348,21.405273],[107.718533,21.398211],[107.716755,21.396377],[107.71147,21.399687],[107.715491,21.395151],[107.718591,21.394799],[107.715227,21.389131],[107.712481,21.387943],[107.710545,21.392503],[107.711207,21.387748],[107.707554,21.38712],[107.703096,21.389618],[107.700054,21.396075],[107.704283,21.395941],[107.70603,21.398039],[107.703702,21.396273],[107.69914,21.397123],[107.703046,21.400129],[107.698704,21.397703],[107.699024,21.394644],[107.697159,21.395675],[107.695552,21.405186],[107.698746,21.406404],[107.702629,21.404522],[107.703952,21.406779],[107.704351,21.405416],[107.701671,21.40301],[107.703631,21.404096],[107.705001,21.405603],[107.704402,21.408644],[107.701903,21.407873],[107.702839,21.409276],[107.703071,21.410531],[107.701606,21.407992],[107.697015,21.407994],[107.694899,21.405819],[107.690271,21.406598],[107.688854,21.410858],[107.687072,21.412486],[107.689991,21.406388],[107.694179,21.405469],[107.693845,21.398933],[107.690545,21.39867],[107.690654,21.395172],[107.687762,21.39152],[107.686916,21.394916],[107.686465,21.388665],[107.682874,21.392386],[107.684882,21.396759],[107.684811,21.398449],[107.687887,21.403118],[107.688188,21.404574],[107.685997,21.400933],[107.68499,21.402674],[107.683688,21.403068],[107.68559,21.400605],[107.684578,21.398614],[107.684571,21.396465],[107.682319,21.392],[107.679714,21.392336],[107.680827,21.397994],[107.679452,21.40521],[107.67676,21.405617],[107.671963,21.41623],[107.672214,21.41881],[107.667816,21.421434],[107.671507,21.430009],[107.668207,21.431033],[107.667995,21.434191],[107.669033,21.436229],[107.672186,21.436628],[107.669027,21.437932],[107.671942,21.441096],[107.673597,21.44082],[107.675056,21.446222],[107.685145,21.446252],[107.687108,21.443802],[107.692301,21.442224],[107.694763,21.438179],[107.701496,21.440429],[107.708699,21.437097],[107.712763,21.4387],[107.71552,21.436386],[107.720177,21.436612],[107.726204,21.43408],[107.741141,21.441342],[107.742139,21.442799],[107.738813,21.442203],[107.735579,21.443851],[107.732317,21.440531],[107.729022,21.440156],[107.720847,21.442858],[107.715416,21.442014],[107.712062,21.445093],[107.708822,21.445365],[107.704543,21.451441],[107.707689,21.45324],[107.711795,21.459692],[107.717471,21.458597],[107.717583,21.456691],[107.722003,21.458581],[107.725905,21.455969],[107.727528,21.458896],[107.729873,21.457907],[107.731854,21.460901],[107.730523,21.462341],[107.73256,21.464455],[107.731048,21.468116],[107.734645,21.469659],[107.736638,21.473249],[107.744647,21.474784],[107.752282,21.472335],[107.756938,21.46856],[107.761197,21.469235],[107.760932,21.47404],[107.757551,21.478904],[107.762814,21.478885],[107.766177,21.482713],[107.76649,21.490051],[107.76449,21.493159],[107.767439,21.497267],[107.762569,21.498731],[107.765392,21.499903],[107.763737,21.503349],[107.764783,21.508101],[107.769616,21.510586],[107.768276,21.508872],[107.769879,21.506706],[107.768625,21.508938],[107.772888,21.51132],[107.779635,21.505316],[107.779563,21.502591],[107.781291,21.502665],[107.77883,21.499634],[107.781241,21.500234]]],[[[107.744567,21.362922],[107.74493,21.36574],[107.743135,21.368892],[107.755011,21.371468],[107.758436,21.370529],[107.760568,21.367917],[107.760806,21.364421],[107.758543,21.365859],[107.755548,21.362121],[107.752322,21.361944],[107.744567,21.362922]]],[[[107.762929,21.383358],[107.761642,21.386076],[107.763,21.386653],[107.765983,21.384039],[107.762929,21.383358]]],[[[107.766893,21.385964],[107.764601,21.386913],[107.765067,21.387922],[107.766899,21.387614],[107.766893,21.385964]]],[[[107.78173,21.397848],[107.781961,21.396026],[107.781487,21.397704],[107.78173,21.397848]]],[[[107.784312,21.400448],[107.784629,21.400374],[107.783993,21.399221],[107.782697,21.399308],[107.784312,21.400448]]],[[[107.778073,21.45322],[107.778877,21.452392],[107.777569,21.452774],[107.778073,21.45322]]],[[[107.777663,21.454085],[107.779717,21.453675],[107.777723,21.453663],[107.777663,21.454085]]],[[[107.797562,21.466952],[107.79708,21.467233],[107.797597,21.468163],[107.799638,21.46809],[107.797562,21.466952]]],[[[107.798402,21.491701],[107.799601,21.489921],[107.798392,21.491168],[107.798402,21.491701]]],[[[107.799649,21.492671],[107.797992,21.494484],[107.800476,21.492836],[107.800408,21.491019],[107.799649,21.492671]]],[[[107.791785,21.499011],[107.788738,21.499302],[107.789714,21.501038],[107.79224,21.500215],[107.791785,21.499011]]],[[[107.78224,21.503527],[107.784168,21.503251],[107.785023,21.500245],[107.783799,21.500653],[107.786836,21.498276],[107.781201,21.500667],[107.78224,21.503527]]],[[[107.785467,21.502765],[107.789409,21.501145],[107.785534,21.500376],[107.785467,21.502765]]],[[[107.780406,21.50354],[107.780751,21.504387],[107.781724,21.502773],[107.780406,21.50354]]]]}},{"type":"Feature","properties":{"code":"07054","name":"Xã Quảng La","type":"Xã"},"geometry":{"type":"Polygon","coordinates":[[[106.854709,21.188408],[106.857913,21.186667],[106.857897,21.181284],[106.861088,21.176557],[106.868322,21.175593],[106.87079,21.173682],[106.873954,21.174098],[106.876798,21.178937],[106.882385,21.183384],[106.886697,21.183071],[106.89252,21.179081],[106.901605,21.18073],[106.904205,21.182783],[106.916451,21.184476],[106.92297,21.179073],[106.926742,21.173335],[106.932654,21.169143],[106.937703,21.168088],[106.936855,21.161384],[106.938671,21.15618],[106.94374,21.155321],[106.948128,21.146552],[106.946098,21.144028],[106.936669,21.140573],[106.931778,21.134321],[106.912413,21.127653],[106.918482,21.12127],[106.935196,21.116164],[106.936773,21.110943],[106.945686,21.105266],[106.946505,21.102344],[106.953353,21.097839],[106.955868,21.093924],[106.938488,21.08356],[106.936043,21.081168],[106.937211,21.076077],[106.933563,21.07543],[106.928966,21.07056],[106.922312,21.069522],[106.917568,21.061569],[106.911513,21.06071],[106.909717,21.054214],[106.903081,21.049527],[106.906375,21.044843],[106.910522,21.043642],[106.912605,21.036005],[106.918763,21.030377],[106.915444,21.028946],[106.91571,21.025191],[106.923511,21.019388],[106.924099,21.015902],[106.907042,21.016188],[106.898138,21.013168],[106.888527,21.013385],[106.898352,21.025142],[106.897046,21.030316],[106.900156,21.033701],[106.899715,21.035895],[106.884611,21.028767],[106.880844,21.028745],[106.878554,21.024757],[106.874946,21.02278],[106.872071,21.023223],[106.8636,21.03348],[106.861225,21.030618],[106.854534,21.032728],[106.851078,21.036372],[106.843939,21.036596],[106.844625,21.044239],[106.842779,21.050544],[106.846401,21.052933],[106.848956,21.058204],[106.843822,21.061161],[106.841314,21.066458],[106.83131,21.071478],[106.828727,21.074848],[106.835852,21.084942],[106.836246,21.090737],[106.840006,21.093703],[106.835225,21.098547],[106.833357,21.10942],[106.837358,21.112749],[106.843783,21.113283],[106.840669,21.117251],[106.846146,21.128405],[106.844205,21.136031],[106.84084,21.138638],[106.839524,21.148718],[106.835067,21.150702],[106.829468,21.15728],[106.826143,21.16494],[106.826014,21.173515],[106.827329,21.175595],[106.825562,21.182367],[106.826906,21.188346],[106.840898,21.186076],[106.854709,21.188408]]]}},{"type":"Feature","properties":{"code":"06913","name":"Xã Quảng Tân","type":"Xã"},"geometry":{"type":"Polygon","coordinates":[[[107.521823,21.496885],[107.543653,21.497759],[107.550137,21.493972],[107.552344,21.489921],[107.558401,21.487733],[107.562659,21.484246],[107.564182,21.485917],[107.571027,21.485076],[107.580554,21.47901],[107.584072,21.473509],[107.589924,21.470939],[107.596531,21.463275],[107.603481,21.461947],[107.617372,21.450386],[107.612851,21.445477],[107.611587,21.438978],[107.613056,21.436052],[107.615378,21.435131],[107.614333,21.432205],[107.622603,21.418135],[107.611364,21.419842],[107.610493,21.416657],[107.602652,21.412223],[107.597997,21.412112],[107.599608,21.410568],[107.598323,21.409521],[107.600507,21.407976],[107.598841,21.403142],[107.600288,21.402328],[107.599529,21.401419],[107.601081,21.401538],[107.598009,21.398657],[107.603628,21.396505],[107.604518,21.392982],[107.598794,21.392463],[107.598726,21.389522],[107.601582,21.390548],[107.603748,21.389479],[107.602102,21.388906],[107.604971,21.387508],[107.603603,21.385742],[107.607116,21.383819],[107.60773,21.381112],[107.609823,21.380941],[107.608493,21.378095],[107.606613,21.378822],[107.608551,21.376998],[107.606707,21.377427],[107.600191,21.372685],[107.605643,21.367342],[107.608722,21.36779],[107.60533,21.365503],[107.607442,21.360268],[107.604913,21.360225],[107.604463,21.358457],[107.600632,21.358625],[107.600871,21.357048],[107.598337,21.356494],[107.59311,21.356292],[107.591069,21.358815],[107.589154,21.35886],[107.586492,21.356262],[107.583152,21.355836],[107.583878,21.354756],[107.573142,21.352468],[107.573736,21.350387],[107.568112,21.349505],[107.568139,21.345846],[107.565693,21.344244],[107.552574,21.343545],[107.550412,21.340196],[107.553575,21.338525],[107.552345,21.335189],[107.536826,21.336624],[107.536852,21.338651],[107.535386,21.33782],[107.536249,21.33569],[107.535156,21.334735],[107.526147,21.339293],[107.521903,21.352486],[107.525388,21.355345],[107.524923,21.358528],[107.516107,21.361227],[107.51304,21.364265],[107.506479,21.371912],[107.508483,21.376105],[107.504502,21.380409],[107.501875,21.380673],[107.496949,21.377101],[107.493912,21.377486],[107.488945,21.375096],[107.48583,21.377085],[107.48419,21.384623],[107.478951,21.382374],[107.475582,21.386128],[107.479618,21.391068],[107.473062,21.394586],[107.471121,21.401303],[107.471748,21.404137],[107.474445,21.406236],[107.473435,21.409007],[107.475122,21.410295],[107.473441,21.41105],[107.475672,21.412065],[107.473199,21.417702],[107.474673,21.418922],[107.475193,21.428389],[107.471866,21.433364],[107.466837,21.436678],[107.469615,21.444823],[107.474208,21.446739],[107.478487,21.453579],[107.481706,21.455245],[107.482107,21.45997],[107.488805,21.460869],[107.49128,21.458137],[107.501576,21.461944],[107.502425,21.471513],[107.510676,21.475807],[107.512613,21.478835],[107.520401,21.479751],[107.523954,21.485878],[107.521823,21.496885]]]}},{"type":"Feature","properties":{"code":"06931","name":"Xã Quảng Đức","type":"Xã"},"geometry":{"type":"MultiPolygon","coordinates":[[[[107.757102,21.507597],[107.76184,21.509264],[107.76259,21.508263],[107.759152,21.50574],[107.757102,21.507597]]],[[[107.749288,21.633413],[107.747943,21.62864],[107.742099,21.62183],[107.742643,21.617772],[107.738505,21.613409],[107.739949,21.613477],[107.740889,21.606262],[107.737987,21.600575],[107.739971,21.596174],[107.741832,21.595665],[107.735227,21.590149],[107.732783,21.584442],[107.733704,21.577649],[107.731643,21.573765],[107.735317,21.565249],[107.733349,21.563794],[107.734955,21.559279],[107.733481,21.556531],[107.743799,21.551388],[107.744298,21.547305],[107.746663,21.546701],[107.744872,21.545647],[107.749173,21.54571],[107.748849,21.543185],[107.750974,21.53946],[107.749615,21.53804],[107.751748,21.534896],[107.750116,21.530352],[107.753138,21.522692],[107.751962,21.518238],[107.753527,21.517212],[107.756226,21.508383],[107.75451,21.507269],[107.759124,21.505494],[107.764783,21.508101],[107.763737,21.503349],[107.765392,21.499903],[107.762569,21.498731],[107.767439,21.497267],[107.76449,21.493159],[107.76649,21.490051],[107.766177,21.482713],[107.762814,21.478885],[107.757551,21.478904],[107.760932,21.47404],[107.76115,21.469209],[107.756938,21.46856],[107.752282,21.472335],[107.744647,21.474784],[107.736638,21.473249],[107.734645,21.469659],[107.731048,21.468116],[107.73256,21.464455],[107.730523,21.462341],[107.731854,21.460901],[107.729873,21.457907],[107.727528,21.458896],[107.725905,21.455969],[107.722003,21.458581],[107.717583,21.456691],[107.717471,21.458597],[107.702829,21.461577],[107.699097,21.466718],[107.701186,21.469545],[107.704946,21.469717],[107.707366,21.472216],[107.706193,21.476296],[107.708163,21.480386],[107.704633,21.483503],[107.704288,21.490538],[107.708097,21.498317],[107.704391,21.506258],[107.704978,21.508791],[107.696283,21.515759],[107.690484,21.509913],[107.68571,21.509726],[107.685559,21.515681],[107.687627,21.522112],[107.684187,21.522837],[107.682412,21.525222],[107.680057,21.522581],[107.673763,21.521955],[107.675719,21.525621],[107.66348,21.535551],[107.665898,21.538037],[107.662434,21.543277],[107.662566,21.547499],[107.658393,21.557923],[107.653751,21.560229],[107.649343,21.568057],[107.639945,21.573043],[107.637273,21.581472],[107.638426,21.585006],[107.644077,21.589222],[107.655724,21.58749],[107.657923,21.585231],[107.66282,21.589601],[107.667448,21.591201],[107.668915,21.594454],[107.662983,21.602535],[107.660549,21.610074],[107.664153,21.613193],[107.669479,21.613335],[107.675721,21.609004],[107.678974,21.611041],[107.688207,21.611374],[107.690652,21.614774],[107.702781,21.616414],[107.705951,21.618705],[107.716106,21.62144],[107.721582,21.628892],[107.731279,21.630661],[107.742476,21.639574],[107.748868,21.641058],[107.747596,21.638561],[107.749288,21.633413]]]]}},{"type":"Feature","properties":{"code":"07060","name":"Xã Thống Nhất","type":"Xã"},"geometry":{"type":"Polygon","coordinates":[[[107.19962,21.034578],[107.192092,21.032699],[107.188472,21.030374],[107.187834,21.026714],[107.184332,21.025511],[107.183827,21.028685],[107.177859,21.026733],[107.171399,21.032071],[107.162378,21.031391],[107.154471,21.033357],[107.142189,21.02866],[107.133189,21.029471],[107.127234,21.017184],[107.122473,21.014517],[107.104884,21.010597],[107.090107,20.995336],[107.062368,20.976335],[107.055093,20.981487],[107.04951,20.991143],[107.050365,20.995393],[107.058509,21.004787],[107.059817,21.011031],[107.057165,21.017914],[107.062547,21.029407],[107.059488,21.046322],[107.050891,21.047725],[107.046918,21.052947],[107.052083,21.061087],[107.050651,21.06442],[107.053138,21.06594],[107.044052,21.071832],[107.042127,21.075716],[107.042343,21.079496],[107.031977,21.086876],[107.015484,21.088252],[107.013037,21.086155],[107.009318,21.085479],[107.00571,21.087128],[107.001482,21.08466],[106.99627,21.089063],[106.999216,21.091797],[106.998426,21.092943],[107.001783,21.098438],[107.003507,21.095623],[107.005375,21.095742],[107.006168,21.097606],[107.00909,21.112021],[107.012703,21.11702],[107.009529,21.125076],[107.016751,21.12674],[107.02426,21.133808],[107.034891,21.129168],[107.041821,21.135184],[107.043298,21.141357],[107.046914,21.143855],[107.056187,21.142661],[107.058056,21.137661],[107.064326,21.135533],[107.07006,21.143926],[107.076703,21.14471],[107.082497,21.140617],[107.086997,21.140611],[107.091113,21.143483],[107.100846,21.142313],[107.109499,21.135792],[107.117366,21.133424],[107.123487,21.136467],[107.131151,21.145091],[107.135715,21.145887],[107.145966,21.141619],[107.155019,21.140855],[107.157991,21.144525],[107.16112,21.143257],[107.166899,21.146246],[107.172521,21.145965],[107.178109,21.142071],[107.184179,21.140716],[107.185181,21.135404],[107.187916,21.132579],[107.194208,21.135023],[107.197924,21.134708],[107.201921,21.131781],[107.208172,21.13018],[107.217789,21.138655],[107.229112,21.138068],[107.233311,21.142387],[107.242143,21.140997],[107.243577,21.138736],[107.241763,21.126355],[107.247511,21.12187],[107.247345,21.119959],[107.251297,21.115276],[107.254353,21.11405],[107.258128,21.114929],[107.261122,21.112261],[107.260222,21.110542],[107.270154,21.105164],[107.264968,21.095802],[107.257729,21.094409],[107.253588,21.096287],[107.249197,21.095904],[107.243779,21.092138],[107.240297,21.094374],[107.231486,21.094516],[107.228299,21.092249],[107.227886,21.08642],[107.221041,21.086225],[107.217282,21.084401],[107.21726,21.079953],[107.21341,21.073865],[107.213024,21.068647],[107.208717,21.067112],[107.208927,21.06532],[107.204056,21.060882],[107.205155,21.058495],[107.203545,21.057054],[107.20807,21.053965],[107.207218,21.047248],[107.202231,21.045334],[107.202926,21.041368],[107.19962,21.034578]]]}},{"type":"Feature","properties":{"code":"06862","name":"Xã Tiên Yên","type":"Xã"},"geometry":{"type":"MultiPolygon","coordinates":[[[[107.43576,21.272309],[107.433226,21.274619],[107.4357,21.275449],[107.436106,21.272572],[107.43576,21.272309]]],[[[107.437815,21.273667],[107.436376,21.272941],[107.436184,21.275583],[107.438436,21.275724],[107.437815,21.273667]]],[[[107.428347,21.282433],[107.430831,21.281889],[107.437934,21.281697],[107.442454,21.282248],[107.443149,21.281347],[107.430361,21.278534],[107.426535,21.281261],[107.428347,21.282433]]],[[[107.436863,21.282945],[107.430824,21.282138],[107.42789,21.28408],[107.426359,21.282281],[107.42699,21.283117],[107.426856,21.284271],[107.425976,21.282244],[107.426291,21.286001],[107.433148,21.284312],[107.435661,21.284548],[107.436863,21.282945]]],[[[107.425502,21.287929],[107.427174,21.286983],[107.426395,21.286534],[107.425502,21.287929]]],[[[107.424671,21.288848],[107.423485,21.28834],[107.423431,21.289709],[107.424211,21.290197],[107.424671,21.288848]]],[[[107.457572,21.295415],[107.454991,21.294977],[107.453523,21.29689],[107.457572,21.295415]]],[[[107.361064,21.456558],[107.363441,21.450714],[107.361479,21.445346],[107.366074,21.445299],[107.371148,21.439503],[107.371286,21.437399],[107.374602,21.438441],[107.374898,21.44145],[107.378297,21.442435],[107.382888,21.447789],[107.387523,21.437417],[107.392508,21.435091],[107.396151,21.438044],[107.403131,21.436852],[107.412527,21.430638],[107.41822,21.431021],[107.421683,21.428933],[107.420333,21.42591],[107.426751,21.417647],[107.420722,21.408071],[107.422822,21.405204],[107.421909,21.402532],[107.428214,21.398709],[107.435227,21.386566],[107.428455,21.381516],[107.428627,21.377716],[107.424858,21.376013],[107.425251,21.374338],[107.421627,21.373581],[107.422607,21.370319],[107.421178,21.367804],[107.426379,21.361879],[107.42559,21.358771],[107.428287,21.355254],[107.426849,21.352237],[107.43843,21.345234],[107.438667,21.343625],[107.441863,21.343644],[107.443823,21.336675],[107.440124,21.333385],[107.438836,21.327649],[107.442688,21.324648],[107.446912,21.324193],[107.453859,21.311615],[107.451673,21.309349],[107.455131,21.306405],[107.46114,21.307811],[107.464205,21.305029],[107.463815,21.301579],[107.4658,21.302403],[107.467295,21.297921],[107.465198,21.296456],[107.450756,21.300117],[107.448402,21.294298],[107.450657,21.292266],[107.448594,21.292791],[107.447953,21.291976],[107.452672,21.289017],[107.452312,21.287245],[107.451163,21.287641],[107.453357,21.285214],[107.452157,21.282675],[107.450638,21.283515],[107.44693,21.281147],[107.444021,21.282437],[107.446068,21.284138],[107.447288,21.28263],[107.445585,21.285207],[107.441253,21.283751],[107.435869,21.284827],[107.433322,21.284596],[107.424475,21.290552],[107.421633,21.289489],[107.423067,21.289362],[107.42231,21.287729],[107.424925,21.287265],[107.42413,21.28605],[107.42545,21.286342],[107.424228,21.28426],[107.425261,21.283102],[107.423313,21.285086],[107.421332,21.284072],[107.417524,21.28514],[107.415028,21.28956],[107.416411,21.292957],[107.407708,21.297009],[107.4005,21.307036],[107.393893,21.3117],[107.39796,21.315175],[107.392738,21.318958],[107.391657,21.322713],[107.37845,21.333538],[107.372632,21.334482],[107.378108,21.339038],[107.381583,21.347625],[107.382486,21.355387],[107.371432,21.357771],[107.364009,21.364064],[107.357816,21.366668],[107.356486,21.374],[107.350301,21.379855],[107.348035,21.385287],[107.343408,21.386328],[107.345188,21.392182],[107.338607,21.39767],[107.339231,21.400094],[107.336242,21.402057],[107.340556,21.409475],[107.340097,21.412546],[107.342185,21.414655],[107.341976,21.416613],[107.344401,21.418363],[107.343819,21.421556],[107.339836,21.424145],[107.341505,21.428347],[107.340019,21.429902],[107.340735,21.432516],[107.334986,21.441665],[107.335339,21.444334],[107.330571,21.446338],[107.332258,21.451172],[107.330826,21.453874],[107.334602,21.461404],[107.340557,21.463651],[107.340646,21.466988],[107.349887,21.467444],[107.362031,21.460776],[107.361064,21.456558]]]]}},{"type":"Feature","properties":{"code":"06757","name":"Xã Vĩnh Thực","type":"Xã"},"geometry":{"type":"MultiPolygon","coordinates":[[[[107.849752,21.357706],[107.852713,21.356559],[107.852358,21.353648],[107.849313,21.35447],[107.849752,21.357706]]],[[[107.857749,21.362791],[107.856818,21.358686],[107.854731,21.360409],[107.857749,21.362791]]],[[[107.87338,21.364334],[107.870629,21.363505],[107.868672,21.365804],[107.8736,21.366431],[107.87338,21.364334]]],[[[107.864015,21.365135],[107.861846,21.364629],[107.862055,21.365515],[107.864015,21.365135]]],[[[107.999861,21.394842],[107.998158,21.38967],[107.991572,21.391185],[107.975338,21.380942],[107.971053,21.38091],[107.966444,21.378054],[107.955803,21.368104],[107.950227,21.358421],[107.94505,21.356174],[107.932603,21.358179],[107.929683,21.359363],[107.927388,21.362647],[107.917183,21.361034],[107.909896,21.357659],[107.904325,21.360648],[107.886669,21.358679],[107.872822,21.354617],[107.845763,21.339649],[107.842318,21.344742],[107.845603,21.351878],[107.849291,21.351919],[107.846128,21.349567],[107.847143,21.347209],[107.855804,21.349733],[107.865503,21.35598],[107.866222,21.353777],[107.864156,21.353279],[107.866114,21.352748],[107.877457,21.357831],[107.869057,21.358779],[107.868291,21.360238],[107.876682,21.36237],[107.880681,21.367342],[107.88884,21.365902],[107.890272,21.370749],[107.884857,21.374332],[107.879319,21.372537],[107.87865,21.374239],[107.875537,21.372446],[107.874591,21.375241],[107.869873,21.371024],[107.868605,21.373956],[107.86621,21.371526],[107.866658,21.370055],[107.859349,21.368561],[107.855989,21.372527],[107.852964,21.373279],[107.845272,21.370184],[107.842785,21.367013],[107.838492,21.365054],[107.829087,21.364711],[107.838196,21.369],[107.840479,21.372364],[107.845272,21.374109],[107.846108,21.372597],[107.848353,21.373267],[107.856203,21.376668],[107.855581,21.378321],[107.862169,21.37867],[107.863781,21.380811],[107.864874,21.380625],[107.864069,21.379088],[107.868003,21.377877],[107.879852,21.380972],[107.87317,21.381802],[107.887784,21.383286],[107.891126,21.382052],[107.892525,21.379741],[107.899307,21.381511],[107.902501,21.380861],[107.897966,21.379186],[107.914492,21.378317],[107.917697,21.380709],[107.907918,21.379615],[107.907087,21.381039],[107.938997,21.391158],[107.961892,21.395985],[107.994292,21.397953],[107.999947,21.396824],[108.003471,21.397752],[108.004267,21.39636],[107.999861,21.394842]]],[[[107.846806,21.37676],[107.848844,21.376497],[107.846464,21.375062],[107.846057,21.375345],[107.846806,21.37676]]],[[[108.009074,21.396509],[108.007556,21.395896],[108.007431,21.396937],[108.009074,21.396509]]]]}},{"type":"Feature","properties":{"code":"06874","name":"Xã Điền Xá","type":"Xã"},"geometry":{"type":"Polygon","coordinates":[[[107.273688,21.562329],[107.2797,21.550979],[107.284163,21.546634],[107.280417,21.54344],[107.280112,21.539447],[107.283975,21.535403],[107.284253,21.5313],[107.292713,21.521016],[107.295772,21.517731],[107.301212,21.515733],[107.314238,21.517069],[107.31693,21.515584],[107.315787,21.511392],[107.316704,21.507549],[107.323953,21.504452],[107.329229,21.499009],[107.334073,21.497454],[107.337143,21.492031],[107.33996,21.490325],[107.339674,21.485524],[107.343106,21.483405],[107.339791,21.477259],[107.340575,21.472855],[107.338762,21.470396],[107.341037,21.464426],[107.334602,21.461404],[107.330826,21.453874],[107.332258,21.451172],[107.330571,21.446338],[107.335339,21.444334],[107.334986,21.441665],[107.340735,21.432516],[107.340019,21.429902],[107.341505,21.428347],[107.339836,21.424145],[107.343819,21.421556],[107.344401,21.418363],[107.341976,21.416613],[107.342185,21.414655],[107.340097,21.412546],[107.340556,21.409475],[107.336242,21.402057],[107.339231,21.400094],[107.338607,21.39767],[107.345188,21.392182],[107.343408,21.386328],[107.348035,21.385287],[107.350301,21.379855],[107.356486,21.374],[107.357816,21.366668],[107.364009,21.364064],[107.371432,21.357771],[107.382486,21.355387],[107.381583,21.347625],[107.378108,21.339038],[107.372632,21.334482],[107.366106,21.339448],[107.356491,21.33947],[107.352878,21.341585],[107.351786,21.344539],[107.347878,21.345409],[107.336256,21.34154],[107.335187,21.333558],[107.332707,21.330947],[107.324616,21.329736],[107.324763,21.326499],[107.327121,21.324218],[107.324292,21.320717],[107.319118,21.318461],[107.319645,21.315802],[107.315959,21.312483],[107.30789,21.317314],[107.299136,21.316381],[107.298799,21.321431],[107.294689,21.321012],[107.289707,21.323098],[107.287328,21.322856],[107.28746,21.320898],[107.285066,21.321393],[107.284258,21.323428],[107.282246,21.322835],[107.281129,21.324728],[107.275789,21.32527],[107.269824,21.328158],[107.261155,21.327988],[107.254342,21.329943],[107.252179,21.332962],[107.253585,21.336711],[107.252851,21.343149],[107.263347,21.353533],[107.252388,21.3664],[107.259685,21.37919],[107.256955,21.383477],[107.261565,21.387751],[107.26086,21.392009],[107.264983,21.400297],[107.257726,21.404271],[107.258794,21.407712],[107.25698,21.408777],[107.256004,21.414423],[107.257516,21.417087],[107.253406,21.423167],[107.248526,21.423775],[107.247806,21.43009],[107.246097,21.429998],[107.244817,21.432861],[107.241662,21.434546],[107.245292,21.439646],[107.245571,21.443882],[107.240676,21.447563],[107.241071,21.455706],[107.238561,21.460139],[107.240696,21.465503],[107.24248,21.466039],[107.239903,21.473407],[107.24504,21.478223],[107.246108,21.483961],[107.236978,21.496414],[107.235892,21.502577],[107.238737,21.505792],[107.233669,21.51405],[107.234222,21.518616],[107.231114,21.521475],[107.226995,21.519357],[107.222859,21.519372],[107.221682,21.526258],[107.216536,21.531613],[107.211149,21.530944],[107.204589,21.540814],[107.207594,21.545126],[107.213195,21.546253],[107.217373,21.552451],[107.221234,21.553534],[107.225376,21.551244],[107.232854,21.554557],[107.246103,21.548457],[107.248565,21.557844],[107.252294,21.558355],[107.259955,21.564343],[107.265549,21.563913],[107.266567,21.565542],[107.273688,21.562329]]]}},{"type":"Feature","properties":{"code":"06877","name":"Xã Đông Ngũ","type":"Xã"},"geometry":{"type":"MultiPolygon","coordinates":[[[[107.497624,21.276696],[107.496029,21.277078],[107.496402,21.278094],[107.497624,21.276696]]],[[[107.489163,21.285139],[107.487756,21.285045],[107.487746,21.285982],[107.489163,21.285139]]],[[[107.478443,21.295855],[107.479712,21.294367],[107.478092,21.294909],[107.477423,21.295883],[107.478443,21.295855]]],[[[107.552314,21.295095],[107.550367,21.297933],[107.550298,21.29835],[107.552314,21.295095]]],[[[107.491408,21.298734],[107.491167,21.297602],[107.489132,21.29816],[107.490828,21.299912],[107.491408,21.298734]]],[[[107.488975,21.298857],[107.488592,21.300328],[107.490275,21.299734],[107.488975,21.298857]]],[[[107.526132,21.326554],[107.527455,21.325234],[107.525653,21.325385],[107.525659,21.326341],[107.526132,21.326554]]],[[[107.426652,21.466598],[107.429244,21.462978],[107.437946,21.465469],[107.440521,21.454563],[107.439765,21.450761],[107.441595,21.447807],[107.452238,21.445067],[107.462554,21.447032],[107.469615,21.444823],[107.466837,21.436678],[107.471866,21.433364],[107.475253,21.427997],[107.474673,21.418922],[107.473199,21.417702],[107.475672,21.412065],[107.473441,21.41105],[107.475122,21.410295],[107.473435,21.409007],[107.474445,21.406236],[107.471544,21.403761],[107.471205,21.400264],[107.473062,21.394586],[107.479618,21.391068],[107.475582,21.386128],[107.478951,21.382374],[107.48419,21.384623],[107.48583,21.377085],[107.488945,21.375096],[107.50429,21.380549],[107.508483,21.376105],[107.506479,21.371912],[107.51304,21.364265],[107.516107,21.361227],[107.524761,21.358767],[107.525388,21.355345],[107.521904,21.352512],[107.523854,21.343553],[107.526147,21.339293],[107.53308,21.335833],[107.532611,21.334357],[107.537444,21.327798],[107.534735,21.327559],[107.53844,21.326239],[107.540415,21.323744],[107.539745,21.322188],[107.541051,21.322945],[107.542395,21.321299],[107.544593,21.311883],[107.539721,21.313614],[107.544533,21.309424],[107.535582,21.310832],[107.534623,21.318031],[107.535646,21.31832],[107.533504,21.323483],[107.533116,21.320891],[107.532049,21.32122],[107.531718,21.321152],[107.532634,21.320347],[107.530836,21.320948],[107.526479,21.326525],[107.527159,21.3291],[107.523524,21.32421],[107.527426,21.324837],[107.52875,21.32131],[107.533085,21.318968],[107.532917,21.316976],[107.53187,21.319235],[107.52719,21.321736],[107.525094,21.320901],[107.526839,21.317376],[107.532485,21.316415],[107.532283,21.311198],[107.530656,21.310782],[107.53193,21.309675],[107.526237,21.311624],[107.52392,21.317885],[107.518823,21.319204],[107.517742,21.317974],[107.523886,21.316669],[107.524425,21.309387],[107.525245,21.310582],[107.533476,21.306139],[107.537557,21.306237],[107.538882,21.303424],[107.540987,21.304784],[107.545656,21.301751],[107.548914,21.297038],[107.549428,21.293057],[107.544714,21.296058],[107.542033,21.295779],[107.543276,21.294496],[107.541537,21.294289],[107.5367,21.297851],[107.540846,21.29394],[107.546228,21.292776],[107.547351,21.290598],[107.53428,21.290782],[107.529893,21.296244],[107.531029,21.297417],[107.529511,21.297665],[107.528866,21.301905],[107.528318,21.296275],[107.523505,21.300465],[107.522269,21.298679],[107.528808,21.294712],[107.529594,21.291786],[107.519475,21.292387],[107.516888,21.293925],[107.515813,21.304825],[107.517436,21.308066],[107.515053,21.312285],[107.518547,21.313199],[107.517976,21.314793],[107.516637,21.313511],[107.516238,21.315291],[107.513922,21.316049],[107.512642,21.316187],[107.515116,21.315084],[107.514666,21.31247],[107.509836,21.315421],[107.508137,21.314837],[107.512121,21.311482],[107.513938,21.311912],[107.514714,21.310381],[107.51274,21.309378],[107.515219,21.309318],[107.514344,21.305067],[107.512527,21.306021],[107.514527,21.300965],[107.510992,21.304805],[107.509145,21.304757],[107.509188,21.308275],[107.50511,21.30807],[107.50508,21.30562],[107.506611,21.306629],[107.512731,21.300827],[107.513202,21.295173],[107.506206,21.2968],[107.506245,21.298568],[107.504719,21.297014],[107.499273,21.297717],[107.498482,21.300168],[107.498406,21.298046],[107.497264,21.298629],[107.498923,21.296928],[107.507957,21.294549],[107.503127,21.292709],[107.497387,21.293017],[107.492367,21.296944],[107.492374,21.295312],[107.491047,21.29713],[107.491934,21.30024],[107.489281,21.300462],[107.488477,21.302253],[107.487524,21.30056],[107.48674,21.303075],[107.486131,21.30162],[107.482816,21.303033],[107.480063,21.310519],[107.482492,21.301774],[107.490267,21.295047],[107.483784,21.297724],[107.481554,21.296282],[107.487022,21.295693],[107.492085,21.292099],[107.490324,21.290105],[107.488367,21.291215],[107.489042,21.288117],[107.471888,21.301235],[107.470664,21.303122],[107.472262,21.303834],[107.468273,21.304565],[107.469033,21.306069],[107.464205,21.305029],[107.46114,21.307811],[107.455131,21.306405],[107.451673,21.309349],[107.453896,21.311423],[107.451565,21.317133],[107.449543,21.318352],[107.450026,21.320491],[107.446812,21.324291],[107.442688,21.324648],[107.438836,21.327649],[107.440124,21.333385],[107.443823,21.336675],[107.441863,21.343644],[107.438667,21.343625],[107.43843,21.345234],[107.426849,21.352237],[107.428287,21.355254],[107.42559,21.358771],[107.426379,21.361879],[107.421102,21.368097],[107.422607,21.370319],[107.421627,21.373581],[107.425251,21.374338],[107.424858,21.376013],[107.428627,21.377716],[107.428455,21.381516],[107.435227,21.386566],[107.428214,21.398709],[107.421909,21.402532],[107.422822,21.405204],[107.420722,21.408071],[107.426751,21.417647],[107.420333,21.42591],[107.421683,21.428933],[107.41822,21.431021],[107.412527,21.430638],[107.403131,21.436852],[107.396151,21.438044],[107.392508,21.435091],[107.387523,21.437417],[107.385633,21.444087],[107.380609,21.451504],[107.383147,21.453186],[107.38331,21.455623],[107.389728,21.45989],[107.397857,21.468546],[107.404063,21.467277],[107.409657,21.469111],[107.414212,21.467366],[107.417701,21.464012],[107.422719,21.468584],[107.426652,21.466598]]]]}},{"type":"Feature","properties":{"code":"06946","name":"Xã Đường Hoa","type":"Xã"},"geometry":{"type":"MultiPolygon","coordinates":[[[[107.647327,21.373301],[107.646103,21.374504],[107.64754,21.37955],[107.64994,21.380408],[107.649336,21.378721],[107.650832,21.376118],[107.648376,21.375864],[107.647327,21.373301]]],[[[107.665011,21.380837],[107.665763,21.380108],[107.664675,21.37918],[107.664607,21.377131],[107.663513,21.380101],[107.665011,21.380837]]],[[[107.663131,21.396322],[107.665272,21.396032],[107.665896,21.395207],[107.664356,21.395242],[107.663131,21.396322]]],[[[107.669043,21.593169],[107.657923,21.585231],[107.655724,21.58749],[107.644077,21.589222],[107.638426,21.585006],[107.637438,21.582089],[107.639386,21.573793],[107.649343,21.568057],[107.653751,21.560229],[107.658393,21.557923],[107.662566,21.547499],[107.662434,21.543277],[107.665898,21.538037],[107.66348,21.535551],[107.675719,21.525621],[107.673763,21.521955],[107.680057,21.522581],[107.682412,21.525222],[107.684187,21.522837],[107.687627,21.522112],[107.685559,21.515681],[107.68571,21.509726],[107.690484,21.509913],[107.696283,21.515759],[107.704978,21.508791],[107.704391,21.506258],[107.708097,21.498317],[107.704288,21.490538],[107.704633,21.483503],[107.708163,21.480386],[107.706193,21.476296],[107.707366,21.472216],[107.704946,21.469717],[107.701186,21.469545],[107.699097,21.466718],[107.702829,21.461577],[107.707072,21.461681],[107.711402,21.459495],[107.707689,21.45324],[107.704543,21.451441],[107.705366,21.449003],[107.708971,21.445241],[107.712062,21.445093],[107.715416,21.442014],[107.720847,21.442858],[107.729022,21.440156],[107.732317,21.440531],[107.735481,21.443853],[107.738813,21.442203],[107.742139,21.442799],[107.726204,21.43408],[107.720177,21.436612],[107.71552,21.436386],[107.712763,21.4387],[107.708699,21.437097],[107.701496,21.440429],[107.694763,21.438179],[107.692301,21.442224],[107.687108,21.443802],[107.685145,21.446252],[107.675056,21.446222],[107.673597,21.44082],[107.671942,21.441096],[107.669027,21.437932],[107.672186,21.436628],[107.669033,21.436229],[107.667995,21.434191],[107.668207,21.431033],[107.671507,21.430009],[107.667816,21.421434],[107.672281,21.418699],[107.671452,21.415684],[107.673638,21.411785],[107.669249,21.411656],[107.673984,21.411184],[107.675543,21.406014],[107.673496,21.403957],[107.673635,21.405426],[107.67261,21.406341],[107.667228,21.406812],[107.672996,21.405311],[107.671906,21.402358],[107.666781,21.403728],[107.668152,21.401932],[107.671411,21.401828],[107.668503,21.395818],[107.666491,21.396251],[107.667086,21.398261],[107.661694,21.399574],[107.662389,21.402067],[107.661199,21.403949],[107.659207,21.404422],[107.661697,21.402462],[107.661015,21.399771],[107.663677,21.396956],[107.662274,21.396517],[107.662306,21.395177],[107.66675,21.394789],[107.674102,21.390423],[107.673056,21.388416],[107.674265,21.385399],[107.672829,21.383654],[107.675009,21.384759],[107.675797,21.380271],[107.673376,21.377201],[107.671869,21.378455],[107.671535,21.375306],[107.668669,21.374622],[107.665003,21.376676],[107.666138,21.381733],[107.663115,21.380199],[107.665939,21.37426],[107.669515,21.373381],[107.668151,21.369892],[107.662164,21.367407],[107.648715,21.373822],[107.648724,21.375184],[107.650837,21.375664],[107.651835,21.37658],[107.650033,21.379188],[107.651152,21.380424],[107.652933,21.379259],[107.653013,21.380765],[107.651536,21.381244],[107.647113,21.379959],[107.644688,21.375204],[107.642067,21.380548],[107.639859,21.380912],[107.633568,21.392874],[107.627166,21.398684],[107.62804,21.403609],[107.630384,21.403539],[107.632137,21.408503],[107.634169,21.407556],[107.634417,21.409869],[107.63601,21.409175],[107.636759,21.410584],[107.633387,21.412226],[107.633254,21.41449],[107.622092,21.418418],[107.614333,21.432205],[107.615378,21.435131],[107.612801,21.436325],[107.611535,21.440398],[107.613652,21.447041],[107.617372,21.450386],[107.603481,21.461947],[107.596531,21.463275],[107.589924,21.470939],[107.584072,21.473509],[107.580554,21.47901],[107.571027,21.485076],[107.564182,21.485917],[107.562659,21.484246],[107.558401,21.487733],[107.552344,21.489921],[107.550137,21.493972],[107.542599,21.498212],[107.521823,21.496885],[107.521949,21.499832],[107.52516,21.503281],[107.521084,21.50915],[107.518265,21.510212],[107.515962,21.519204],[107.523167,21.527913],[107.52904,21.528773],[107.533176,21.525131],[107.539421,21.526395],[107.542612,21.52551],[107.544632,21.528272],[107.554363,21.525888],[107.557013,21.520971],[107.563288,21.520275],[107.570684,21.516741],[107.583448,21.518431],[107.585007,21.517466],[107.585425,21.520019],[107.595983,21.525913],[107.59773,21.529832],[107.593829,21.536417],[107.593967,21.540196],[107.597365,21.542928],[107.598232,21.548195],[107.601868,21.552057],[107.594915,21.560054],[107.599288,21.561761],[107.60559,21.558854],[107.611538,21.562139],[107.610633,21.575828],[107.611976,21.578453],[107.607852,21.593648],[107.606023,21.59686],[107.603685,21.597714],[107.602103,21.602514],[107.612099,21.60811],[107.621896,21.608822],[107.63047,21.607132],[107.6521,21.607105],[107.660549,21.610074],[107.662983,21.602535],[107.669043,21.593169]]]]}},{"type":"Feature","properties":{"code":"06895","name":"Xã Đầm Hà","type":"Xã"},"geometry":{"type":"MultiPolygon","coordinates":[[[[107.594685,21.232515],[107.598148,21.231395],[107.598658,21.233355],[107.6001,21.231464],[107.584115,21.223678],[107.57941,21.224019],[107.580694,21.226275],[107.59307,21.229492],[107.594685,21.232515]]],[[[107.589812,21.239105],[107.590822,21.236255],[107.588598,21.23788],[107.589812,21.239105]]],[[[107.546153,21.25342],[107.542764,21.253465],[107.536842,21.256227],[107.545262,21.255117],[107.546153,21.25342]]],[[[107.573357,21.256521],[107.569988,21.258791],[107.573841,21.256566],[107.573357,21.256521]]],[[[107.541158,21.258986],[107.541653,21.260735],[107.540179,21.261479],[107.543461,21.262669],[107.539818,21.264988],[107.542304,21.267528],[107.543713,21.265229],[107.545431,21.265502],[107.546324,21.263196],[107.544703,21.262],[107.547665,21.258988],[107.545389,21.256229],[107.543737,21.258805],[107.541158,21.258986]]],[[[107.532529,21.264405],[107.534193,21.263691],[107.531895,21.26334],[107.532529,21.264405]]],[[[107.582639,21.26308],[107.579388,21.26235],[107.579732,21.264607],[107.581697,21.265249],[107.577118,21.2671],[107.57816,21.264489],[107.574878,21.263249],[107.576211,21.260005],[107.564424,21.261678],[107.56336,21.261051],[107.564194,21.258651],[107.563055,21.257158],[107.559964,21.257369],[107.559248,21.253853],[107.554667,21.256219],[107.561807,21.264034],[107.559569,21.265501],[107.557885,21.263283],[107.552112,21.265849],[107.553592,21.263938],[107.552657,21.262764],[107.546658,21.265602],[107.54757,21.268792],[107.552677,21.266988],[107.551388,21.271307],[107.554658,21.271593],[107.558644,21.274794],[107.570351,21.276577],[107.575004,21.270913],[107.58525,21.266173],[107.585159,21.263973],[107.587778,21.261536],[107.582639,21.26308]]],[[[107.546526,21.280143],[107.549756,21.278844],[107.549695,21.2773],[107.546297,21.275175],[107.545394,21.276688],[107.542699,21.276748],[107.544518,21.279756],[107.546526,21.280143]]],[[[107.550843,21.278694],[107.550136,21.282792],[107.554265,21.280559],[107.557783,21.28143],[107.558579,21.280021],[107.555526,21.278824],[107.551868,21.280305],[107.550843,21.278694]]],[[[107.504739,21.282651],[107.502622,21.285569],[107.507431,21.285147],[107.509074,21.282787],[107.508081,21.281367],[107.504739,21.282651]]],[[[107.532599,21.282021],[107.529521,21.284437],[107.531609,21.285144],[107.534669,21.282741],[107.532599,21.282021]]],[[[107.516883,21.282327],[107.510504,21.286574],[107.522581,21.285018],[107.521073,21.282291],[107.516883,21.282327]]],[[[107.573111,21.289883],[107.576259,21.290874],[107.581508,21.285299],[107.57651,21.284343],[107.574951,21.286498],[107.573643,21.285911],[107.573111,21.289883]]],[[[107.569363,21.309111],[107.56908,21.307578],[107.567947,21.30753],[107.56845,21.308931],[107.569363,21.309111]]],[[[107.567248,21.312315],[107.569549,21.310387],[107.56762,21.308918],[107.567248,21.312315]]],[[[107.615689,21.229653],[107.618411,21.23084],[107.616924,21.228365],[107.613205,21.227567],[107.615689,21.229653]]],[[[107.640677,21.25472],[107.618079,21.240864],[107.613162,21.236659],[107.615092,21.233955],[107.608864,21.233287],[107.610119,21.235679],[107.605232,21.237463],[107.613783,21.242989],[107.612608,21.243426],[107.59533,21.236594],[107.591538,21.237508],[107.597107,21.242254],[107.606526,21.244841],[107.608845,21.248236],[107.614555,21.248448],[107.615201,21.251799],[107.620303,21.251248],[107.618987,21.25415],[107.620279,21.255158],[107.629318,21.255319],[107.631799,21.25666],[107.631183,21.259525],[107.638309,21.261318],[107.642271,21.259592],[107.630188,21.253107],[107.622611,21.250437],[107.618591,21.246739],[107.632994,21.250369],[107.640677,21.25472]]],[[[107.619083,21.281413],[107.614899,21.281192],[107.614636,21.282302],[107.619083,21.281413]]],[[[107.591883,21.290142],[107.591713,21.289178],[107.590617,21.290742],[107.591883,21.290142]]],[[[107.608324,21.290082],[107.607236,21.289416],[107.605871,21.29061],[107.607591,21.290996],[107.608324,21.290082]]],[[[107.615198,21.290459],[107.614707,21.28975],[107.613417,21.28978],[107.614505,21.290716],[107.615198,21.290459]]],[[[107.592012,21.29052],[107.593179,21.291276],[107.593682,21.28959],[107.592012,21.29052]]],[[[107.61093,21.291439],[107.613299,21.292038],[107.612492,21.290761],[107.61093,21.291439]]],[[[107.589087,21.291596],[107.587051,21.29392],[107.587885,21.300789],[107.589405,21.29638],[107.592607,21.293406],[107.592422,21.291101],[107.590043,21.292502],[107.589087,21.291596]]],[[[107.602992,21.313617],[107.603194,21.315385],[107.604034,21.314885],[107.602992,21.313617]]],[[[107.602471,21.314467],[107.601867,21.314254],[107.601016,21.315031],[107.602249,21.315528],[107.602471,21.314467]]],[[[107.610873,21.31591],[107.609915,21.31709],[107.611629,21.316489],[107.610873,21.31591]]],[[[107.616296,21.331893],[107.617837,21.327045],[107.616077,21.328702],[107.616296,21.331893]]],[[[107.618505,21.329459],[107.616636,21.333264],[107.61974,21.332622],[107.618749,21.330815],[107.618505,21.329459]]],[[[107.634169,21.407556],[107.632137,21.408503],[107.630426,21.403573],[107.62804,21.403609],[107.626874,21.399513],[107.636775,21.388395],[107.639859,21.380912],[107.638231,21.378064],[107.639631,21.378262],[107.641306,21.374798],[107.636266,21.374525],[107.636118,21.37285],[107.642098,21.373343],[107.645939,21.368819],[107.645704,21.368202],[107.644133,21.368237],[107.643473,21.367588],[107.646661,21.3675],[107.648428,21.364558],[107.650262,21.354252],[107.638242,21.356452],[107.646751,21.354319],[107.648291,21.349838],[107.644926,21.34964],[107.641358,21.347991],[107.640361,21.34909],[107.640461,21.348259],[107.64089,21.347837],[107.64205,21.347908],[107.645351,21.349433],[107.650515,21.349419],[107.6525,21.351066],[107.652571,21.343781],[107.647697,21.341522],[107.646476,21.345702],[107.645422,21.345734],[107.639922,21.338551],[107.641126,21.336539],[107.639162,21.33789],[107.63712,21.336961],[107.639228,21.336564],[107.635567,21.335517],[107.635876,21.334008],[107.631456,21.333082],[107.63349,21.331752],[107.631118,21.330658],[107.627931,21.322527],[107.620385,21.326661],[107.619585,21.329648],[107.62128,21.3301],[107.61956,21.330657],[107.621508,21.334322],[107.615818,21.333175],[107.615028,21.328891],[107.611589,21.330791],[107.617212,21.326058],[107.615229,21.323976],[107.617092,21.322485],[107.613615,21.32302],[107.617642,21.320484],[107.622624,21.319649],[107.623002,21.315673],[107.621061,21.311996],[107.619109,21.311285],[107.617951,21.312673],[107.618945,21.311029],[107.617545,21.311021],[107.6114,21.315944],[107.612922,21.31744],[107.610418,21.321098],[107.612716,21.317458],[107.611898,21.316695],[107.610852,21.318062],[107.609732,21.317314],[107.608628,21.31869],[107.60926,21.320388],[107.607708,21.319364],[107.610534,21.315767],[107.617873,21.310085],[107.614821,21.309496],[107.620044,21.30631],[107.615532,21.303983],[107.613283,21.30035],[107.606643,21.30582],[107.605888,21.308967],[107.607147,21.30966],[107.605209,21.309715],[107.603457,21.312806],[107.60452,21.316434],[107.603617,21.315456],[107.601438,21.316675],[107.599205,21.314378],[107.602191,21.312202],[107.601991,21.309107],[107.603697,21.308866],[107.60392,21.305908],[107.599007,21.308828],[107.598152,21.305831],[107.603404,21.304375],[107.60459,21.302292],[107.603074,21.301132],[107.605922,21.302108],[107.60935,21.298596],[107.609444,21.296167],[107.606577,21.295854],[107.606647,21.292839],[107.604344,21.290824],[107.595612,21.290672],[107.587872,21.301015],[107.584196,21.294376],[107.586272,21.29352],[107.587897,21.289359],[107.584908,21.289844],[107.585851,21.287794],[107.582765,21.287791],[107.584249,21.286861],[107.582751,21.286646],[107.576028,21.292212],[107.580915,21.295179],[107.580078,21.297144],[107.581876,21.302019],[107.580222,21.302775],[107.577737,21.296085],[107.573213,21.2917],[107.573996,21.296718],[107.57591,21.296976],[107.576597,21.297772],[107.573749,21.297011],[107.572442,21.294175],[107.572318,21.298239],[107.570124,21.300225],[107.571679,21.303992],[107.569574,21.301279],[107.568072,21.306503],[107.570906,21.307486],[107.572149,21.305618],[107.575048,21.305228],[107.572641,21.30733],[107.569304,21.308249],[107.571159,21.311051],[107.569798,21.312653],[107.572646,21.313913],[107.572541,21.315318],[107.567521,21.31287],[107.571003,21.317494],[107.568601,21.315833],[107.567447,21.319338],[107.565832,21.318744],[107.567796,21.315415],[107.566526,21.31381],[107.563052,21.32045],[107.561234,21.320324],[107.563861,21.318146],[107.562769,21.316964],[107.565122,21.313889],[107.562688,21.313369],[107.565348,21.312706],[107.568314,21.298179],[107.566179,21.299404],[107.565683,21.299553],[107.564738,21.299317],[107.567871,21.298016],[107.570073,21.292792],[107.569986,21.288098],[107.568234,21.291111],[107.567748,21.291261],[107.566403,21.291029],[107.568215,21.290645],[107.569393,21.286857],[107.565493,21.286788],[107.558692,21.293523],[107.55948,21.295401],[107.557783,21.296012],[107.556617,21.299732],[107.55781,21.300879],[107.555915,21.300189],[107.554825,21.302388],[107.557986,21.303851],[107.554069,21.303831],[107.552712,21.305876],[107.553679,21.3084],[107.552026,21.306785],[107.550126,21.309163],[107.551348,21.311885],[107.549415,21.310617],[107.54775,21.313106],[107.547579,21.31527],[107.549249,21.315123],[107.550147,21.31632],[107.546853,21.315606],[107.546579,21.320132],[107.549014,21.320415],[107.548712,21.321798],[107.546638,21.322032],[107.545416,21.324641],[107.545548,21.321242],[107.543668,21.325136],[107.538315,21.329835],[107.538743,21.331201],[107.536621,21.331026],[107.536488,21.333348],[107.538959,21.333515],[107.539674,21.334391],[107.536058,21.333454],[107.536533,21.336015],[107.552535,21.335243],[107.553575,21.338525],[107.550412,21.340196],[107.552574,21.343545],[107.565693,21.344244],[107.568139,21.345846],[107.568112,21.349505],[107.573736,21.350387],[107.573142,21.352468],[107.583878,21.354756],[107.583152,21.355836],[107.586492,21.356262],[107.589154,21.35886],[107.591069,21.358815],[107.59311,21.356292],[107.598337,21.356494],[107.600871,21.357048],[107.600632,21.358625],[107.604463,21.358457],[107.604913,21.360225],[107.607442,21.360268],[107.60533,21.365503],[107.608722,21.36779],[107.605643,21.367342],[107.600191,21.372685],[107.606707,21.377427],[107.608551,21.376998],[107.606613,21.378822],[107.608493,21.378095],[107.609823,21.380941],[107.60773,21.381112],[107.607116,21.383819],[107.603603,21.385742],[107.604971,21.387508],[107.602102,21.388906],[107.603748,21.389479],[107.601582,21.390548],[107.598726,21.389522],[107.598794,21.392463],[107.604518,21.392982],[107.603628,21.396505],[107.598009,21.398657],[107.601081,21.401538],[107.599529,21.401419],[107.600288,21.402328],[107.598841,21.403142],[107.600507,21.407976],[107.597935,21.411868],[107.602652,21.412223],[107.610493,21.416657],[107.611364,21.419842],[107.630578,21.415792],[107.636705,21.41075],[107.63601,21.409175],[107.634417,21.409869],[107.634169,21.407556]]],[[[107.628581,21.234226],[107.628091,21.236995],[107.639644,21.242234],[107.634124,21.237162],[107.634017,21.233818],[107.628581,21.234226]]],[[[107.628768,21.286726],[107.626694,21.288312],[107.628102,21.288892],[107.628768,21.286726]]],[[[107.62719,21.290943],[107.627231,21.290375],[107.625666,21.289931],[107.62719,21.290943]]],[[[107.647742,21.301672],[107.64891,21.302316],[107.650937,21.300644],[107.647742,21.301672]]],[[[107.619134,21.302015],[107.621063,21.302956],[107.622235,21.301375],[107.619134,21.302015]]],[[[107.663513,21.305458],[107.659863,21.306039],[107.659807,21.306304],[107.663513,21.305458]]],[[[107.656114,21.310067],[107.657463,21.306755],[107.655098,21.306997],[107.655531,21.309938],[107.656114,21.310067]]],[[[107.634473,21.313183],[107.634597,21.312017],[107.633359,21.3132],[107.634473,21.313183]]],[[[107.617214,21.321026],[107.617329,21.325635],[107.620786,21.323984],[107.620906,21.321891],[107.617214,21.321026]]],[[[107.688093,21.325859],[107.687062,21.326326],[107.688056,21.327],[107.688093,21.325859]]],[[[107.671139,21.334935],[107.670848,21.332933],[107.670162,21.334325],[107.671139,21.334935]]],[[[107.671764,21.340147],[107.673406,21.339812],[107.673241,21.339164],[107.671764,21.340147]]],[[[107.677943,21.343564],[107.676083,21.346017],[107.678091,21.345856],[107.677943,21.343564]]]]}},{"type":"Feature","properties":{"code":"07192","name":"Đặc khu Cô Tô","type":"Đặc khu"},"geometry":{"type":"MultiPolygon","coordinates":[[[[107.787849,20.972635],[107.784067,20.97393],[107.785801,20.974857],[107.784907,20.977174],[107.786413,20.977436],[107.790601,20.974262],[107.787849,20.972635]]],[[[107.78528,20.990615],[107.786076,20.988574],[107.783486,20.983025],[107.780779,20.981488],[107.781549,20.989017],[107.776588,20.989738],[107.775874,20.992937],[107.76585,20.999637],[107.764321,20.999043],[107.76465,20.996686],[107.760377,20.997917],[107.758408,20.992844],[107.761377,20.992072],[107.762077,20.984931],[107.765425,20.983713],[107.769561,20.987586],[107.769138,20.984649],[107.772563,20.982724],[107.769209,20.981004],[107.776537,20.983096],[107.775403,20.975805],[107.779677,20.969579],[107.772669,20.966063],[107.768789,20.966603],[107.77024,20.962753],[107.764531,20.960696],[107.763984,20.957194],[107.759592,20.954829],[107.756521,20.956527],[107.751389,20.955391],[107.747382,20.95044],[107.747214,20.946788],[107.743119,20.94394],[107.741022,20.94469],[107.738119,20.943041],[107.738928,20.94556],[107.743046,20.946927],[107.743896,20.950305],[107.747434,20.953194],[107.748661,20.958136],[107.7571,20.964583],[107.761113,20.964767],[107.763417,20.970448],[107.760475,20.97746],[107.753928,20.984254],[107.738947,20.991962],[107.735717,20.991281],[107.739215,20.998994],[107.731898,21.005579],[107.738493,21.016597],[107.74855,21.023779],[107.747147,21.019914],[107.749183,21.016316],[107.753088,21.01298],[107.757832,21.0126],[107.76029,21.013988],[107.760691,21.011617],[107.771503,20.999034],[107.780226,20.991234],[107.78528,20.990615]]],[[[107.768374,21.031719],[107.76794,21.031415],[107.767428,21.032799],[107.768374,21.031719]]],[[[107.793496,21.033293],[107.793541,21.033863],[107.794748,21.03541],[107.795891,21.034445],[107.793496,21.033293]]],[[[107.762313,21.032876],[107.765367,21.036643],[107.764771,21.043859],[107.772904,21.044409],[107.777129,21.05019],[107.779355,21.050123],[107.777988,21.044575],[107.783076,21.037983],[107.778405,21.036013],[107.776036,21.036946],[107.771987,21.03397],[107.769104,21.035252],[107.762313,21.032876]]],[[[107.706859,21.045758],[107.706803,21.044255],[107.706263,21.045962],[107.706859,21.045758]]],[[[107.756374,21.051134],[107.754427,21.047999],[107.752765,21.047618],[107.755401,21.051454],[107.756374,21.051134]]],[[[107.769791,21.06985],[107.774725,21.075117],[107.775937,21.073729],[107.775214,21.069476],[107.771803,21.066934],[107.769791,21.06985]]],[[[107.745827,21.073544],[107.745571,21.072501],[107.744727,21.07388],[107.745827,21.073544]]],[[[107.770128,21.098966],[107.769521,21.100571],[107.770853,21.100136],[107.770128,21.098966]]],[[[107.798823,21.129919],[107.800899,21.130554],[107.802397,21.12913],[107.800761,21.128761],[107.798823,21.129919]]],[[[107.793907,21.129707],[107.792574,21.129291],[107.793313,21.130681],[107.79476,21.130385],[107.793907,21.129707]]],[[[107.800283,21.131298],[107.800044,21.132832],[107.80094,21.132648],[107.800283,21.131298]]],[[[107.796907,21.1343],[107.797051,21.131159],[107.795614,21.130936],[107.795609,21.133355],[107.796907,21.1343]]],[[[107.799024,21.136954],[107.799595,21.137246],[107.800073,21.136241],[107.798945,21.135494],[107.799024,21.136954]]],[[[107.800524,21.137919],[107.800194,21.139598],[107.801053,21.139235],[107.800524,21.137919]]],[[[107.808506,20.985444],[107.811311,20.984262],[107.809711,20.982043],[107.810428,20.979328],[107.805415,20.976735],[107.803955,20.981345],[107.806954,20.980703],[107.808506,20.985444]]],[[[107.799283,20.986764],[107.801627,20.986955],[107.802912,20.983876],[107.799262,20.983459],[107.799283,20.986764]]],[[[107.835269,20.997345],[107.834027,20.998763],[107.835541,20.998403],[107.835269,20.997345]]],[[[107.840662,21.008842],[107.841495,21.009516],[107.842095,21.008934],[107.840662,21.008842]]],[[[107.853641,21.025357],[107.850561,21.021506],[107.852324,21.017986],[107.850148,21.020209],[107.847005,21.020328],[107.841683,21.016624],[107.840084,21.014695],[107.840301,21.011685],[107.837546,21.011328],[107.83303,21.007015],[107.832205,21.004064],[107.834991,21.000748],[107.834568,20.999342],[107.829587,21.000838],[107.827078,20.997176],[107.8203,20.992325],[107.8192,20.987901],[107.821113,20.983682],[107.812899,20.984639],[107.811372,20.988939],[107.805705,20.992534],[107.805405,20.995435],[107.808251,20.995818],[107.810944,20.998997],[107.810728,21.002407],[107.807068,21.003868],[107.8157,21.008687],[107.816951,21.01149],[107.814245,21.013193],[107.818899,21.01716],[107.819699,21.021957],[107.823684,21.028547],[107.82535,21.029791],[107.831955,21.029702],[107.833081,21.032604],[107.83125,21.033508],[107.831691,21.036346],[107.836589,21.037422],[107.836161,21.042682],[107.839441,21.043563],[107.841278,21.040402],[107.845955,21.038427],[107.850703,21.03951],[107.853566,21.044169],[107.855541,21.044807],[107.860024,21.041847],[107.860525,21.036784],[107.858659,21.032854],[107.859925,21.030376],[107.863383,21.029488],[107.86319,21.02802],[107.853641,21.025357]]],[[[107.810877,21.014132],[107.810452,21.015475],[107.811525,21.015012],[107.810877,21.014132]]],[[[107.8145,21.015645],[107.813653,21.0174],[107.815089,21.015975],[107.8145,21.015645]]],[[[107.821384,21.031937],[107.819414,21.037102],[107.821585,21.038424],[107.82404,21.037032],[107.823641,21.034781],[107.821384,21.031937]]],[[[107.835556,21.045081],[107.836477,21.047307],[107.837442,21.047266],[107.835556,21.045081]]],[[[107.844927,21.050207],[107.844241,21.051888],[107.845305,21.051654],[107.844927,21.050207]]],[[[107.822117,21.0737],[107.821186,21.073215],[107.821272,21.074949],[107.822117,21.0737]]],[[[107.827353,21.103523],[107.826192,21.102121],[107.824672,21.102265],[107.826727,21.103728],[107.827353,21.103523]]],[[[107.812239,21.11305],[107.815011,21.113596],[107.816197,21.115648],[107.819211,21.115872],[107.820573,21.109711],[107.816049,21.109838],[107.807152,21.103664],[107.802651,21.103538],[107.81183,21.108292],[107.812239,21.11305]]],[[[107.803336,21.131456],[107.802182,21.130761],[107.802299,21.131909],[107.803336,21.131456]]],[[[107.847889,21.141243],[107.851779,21.135155],[107.848057,21.134766],[107.845818,21.137427],[107.847889,21.141243]]],[[[107.84537,21.147326],[107.844046,21.146342],[107.841648,21.147074],[107.844622,21.147899],[107.84537,21.147326]]],[[[107.860575,21.025139],[107.862755,21.024134],[107.860568,21.024734],[107.860575,21.025139]]],[[[107.852375,21.050674],[107.850111,21.051251],[107.852828,21.051711],[107.852375,21.050674]]],[[[107.857879,21.052024],[107.859158,21.050735],[107.857823,21.05086],[107.857879,21.052024]]],[[[107.863321,21.060362],[107.864892,21.060732],[107.865448,21.055464],[107.861499,21.053755],[107.863321,21.060362]]],[[[107.860218,21.129054],[107.859101,21.130978],[107.859887,21.131338],[107.860218,21.129054]]],[[[107.869456,21.137605],[107.868641,21.138733],[107.869733,21.138427],[107.869456,21.137605]]],[[[107.870943,21.141571],[107.868596,21.139473],[107.864805,21.146684],[107.870502,21.145536],[107.870943,21.141571]]],[[[107.852294,21.153474],[107.853915,21.156596],[107.859124,21.159845],[107.862416,21.160557],[107.863866,21.159287],[107.860447,21.155207],[107.852294,21.153474]]],[[[107.866934,21.160678],[107.86548,21.162707],[107.867403,21.162443],[107.866934,21.160678]]],[[[107.866914,21.166098],[107.866769,21.164685],[107.864051,21.164617],[107.866914,21.166098]]],[[[108.015944,21.195999],[108.021532,21.191505],[108.019206,21.188585],[108.010775,21.19098],[108.015944,21.195999]]],[[[108.013587,21.203779],[108.011312,21.205367],[108.011529,21.207025],[108.015836,21.206174],[108.014574,21.202729],[108.013225,21.20251],[108.013587,21.203779]]],[[[107.9707,21.230812],[107.967778,21.232744],[107.96301,21.229962],[107.956707,21.230073],[107.955634,21.233704],[107.950447,21.233433],[107.947589,21.235875],[107.948316,21.238788],[107.957569,21.244507],[107.961529,21.245094],[107.964333,21.243612],[107.964443,21.245909],[107.969919,21.248587],[107.9726,21.249468],[107.97254,21.247915],[107.974782,21.248046],[107.974356,21.246391],[107.978974,21.238488],[107.979317,21.233377],[107.9771,21.230819],[107.9707,21.230812]]],[[[107.978803,21.249519],[107.978299,21.250738],[107.979147,21.25027],[107.978803,21.249519]]],[[[107.974912,21.249907],[107.974688,21.251487],[107.97543,21.251418],[107.974912,21.249907]]]]}},{"type":"Feature","properties":{"code":"06994","name":"Đặc khu Vân Đồn","type":"Đặc khu"},"geometry":{"type":"MultiPolygon","coordinates":[[[[107.338555,20.785851],[107.337678,20.785421],[107.338074,20.786701],[107.338555,20.785851]]],[[[107.335609,20.787417],[107.337715,20.788478],[107.336437,20.78666],[107.335609,20.787417]]],[[[107.336835,20.790846],[107.337938,20.790427],[107.335959,20.788451],[107.336835,20.790846]]],[[[107.338795,20.794355],[107.33903,20.793439],[107.337359,20.793311],[107.337252,20.794609],[107.338795,20.794355]]],[[[107.3414,20.797986],[107.342106,20.799326],[107.342554,20.798366],[107.3414,20.797986]]],[[[107.333,20.809298],[107.331758,20.811749],[107.332501,20.812499],[107.335677,20.81037],[107.333,20.809298]]],[[[107.33865,20.81465],[107.338203,20.813168],[107.337604,20.815013],[107.33865,20.81465]]],[[[107.333726,20.815028],[107.332577,20.814299],[107.332978,20.815746],[107.333726,20.815028]]],[[[107.330735,20.814814],[107.330402,20.816043],[107.331182,20.815299],[107.330735,20.814814]]],[[[107.333207,20.82818],[107.331777,20.829547],[107.333539,20.829619],[107.333207,20.82818]]],[[[107.330728,20.830755],[107.329861,20.829475],[107.330038,20.831153],[107.330728,20.830755]]],[[[107.30972,20.832563],[107.313659,20.833342],[107.311906,20.832602],[107.312126,20.829079],[107.311106,20.828512],[107.30972,20.832563]]],[[[107.336187,20.83381],[107.335571,20.833556],[107.335271,20.834872],[107.336187,20.83381]]],[[[107.328006,20.83575],[107.329129,20.835905],[107.329229,20.833996],[107.32756,20.834169],[107.328006,20.83575]]],[[[107.328816,20.83987],[107.330092,20.840554],[107.329872,20.839359],[107.328816,20.83987]]],[[[107.329603,20.841684],[107.331323,20.843184],[107.332092,20.841991],[107.331785,20.841245],[107.329603,20.841684]]],[[[107.324703,20.844756],[107.321653,20.844881],[107.320927,20.84572],[107.323444,20.846606],[107.324703,20.844756]]],[[[107.314544,20.853969],[107.313862,20.85373],[107.313844,20.855071],[107.314544,20.853969]]],[[[107.312254,20.854039],[107.310728,20.854964],[107.311946,20.855669],[107.312254,20.854039]]],[[[107.33433,20.858903],[107.333173,20.860486],[107.333841,20.860815],[107.33433,20.858903]]],[[[107.315505,20.864058],[107.314324,20.863574],[107.314835,20.865344],[107.315505,20.864058]]],[[[107.321335,20.867285],[107.322503,20.864798],[107.318929,20.865192],[107.321335,20.867285]]],[[[107.317018,20.867859],[107.318381,20.867309],[107.316237,20.866787],[107.317018,20.867859]]],[[[107.318008,20.868863],[107.317877,20.870306],[107.318811,20.868799],[107.318008,20.868863]]],[[[107.313271,20.872412],[107.310513,20.873393],[107.310902,20.875013],[107.313271,20.872412]]],[[[107.319717,20.875559],[107.318967,20.873675],[107.315518,20.876205],[107.315904,20.87868],[107.313352,20.878242],[107.304478,20.887117],[107.299217,20.893066],[107.296468,20.898732],[107.297549,20.900273],[107.291316,20.907319],[107.303139,20.899857],[107.309952,20.892853],[107.315766,20.882266],[107.323938,20.876178],[107.323643,20.872612],[107.321722,20.871921],[107.321176,20.874898],[107.319717,20.875559]]],[[[107.338022,20.895984],[107.335912,20.89511],[107.334148,20.897996],[107.335129,20.898282],[107.338022,20.895984]]],[[[107.329263,20.898801],[107.330714,20.898705],[107.33155,20.897732],[107.330312,20.897671],[107.329263,20.898801]]],[[[107.308754,20.904298],[107.309893,20.907568],[107.307179,20.906396],[107.306298,20.907631],[107.310383,20.911153],[107.308611,20.912638],[107.313625,20.914306],[107.319183,20.900515],[107.319278,20.890736],[107.32341,20.886049],[107.323044,20.882863],[107.319927,20.885253],[107.318835,20.883404],[107.316427,20.885062],[107.308411,20.897129],[107.310386,20.901015],[107.308754,20.904298]]],[[[107.328955,20.899189],[107.3265,20.901179],[107.328342,20.901172],[107.328955,20.899189]]],[[[107.309067,20.900158],[107.308299,20.899386],[107.307908,20.901117],[107.309067,20.900158]]],[[[107.331969,20.900804],[107.333408,20.901839],[107.334311,20.901523],[107.332899,20.900201],[107.331969,20.900804]]],[[[107.307127,20.902862],[107.30669,20.902261],[107.304608,20.903435],[107.307127,20.902862]]],[[[107.332199,20.902675],[107.330893,20.902009],[107.330079,20.903221],[107.331316,20.904322],[107.332199,20.902675]]],[[[107.341363,20.902322],[107.338696,20.904879],[107.341672,20.903828],[107.344491,20.903994],[107.341363,20.902322]]],[[[107.288218,20.904825],[107.289079,20.905362],[107.290736,20.902237],[107.288218,20.904825]]],[[[107.284995,20.904956],[107.285152,20.906154],[107.286092,20.904722],[107.284995,20.904956]]],[[[107.327187,20.902333],[107.324554,20.902087],[107.323646,20.904419],[107.319072,20.909003],[107.322104,20.90798],[107.327187,20.902333]]],[[[107.295851,20.908697],[107.295247,20.908546],[107.295285,20.909774],[107.295851,20.908697]]],[[[107.304469,20.911011],[107.305121,20.910381],[107.304594,20.909637],[107.30337,20.9103],[107.304469,20.911011]]],[[[107.295473,20.911364],[107.294607,20.910107],[107.294031,20.911677],[107.295473,20.911364]]],[[[107.258276,20.911027],[107.259958,20.91318],[107.261089,20.911286],[107.264079,20.911109],[107.263231,20.909914],[107.258276,20.911027]]],[[[107.297118,20.911295],[107.296208,20.912082],[107.297861,20.911958],[107.297118,20.911295]]],[[[107.299505,20.91272],[107.299982,20.91121],[107.29883,20.911527],[107.299505,20.91272]]],[[[107.298023,20.914419],[107.297061,20.913427],[107.296885,20.914482],[107.298023,20.914419]]],[[[107.301447,20.913775],[107.302983,20.91688],[107.306236,20.912475],[107.303073,20.914179],[107.302661,20.911396],[107.301447,20.913775]]],[[[107.324199,20.914151],[107.322696,20.915003],[107.32426,20.915042],[107.324199,20.914151]]],[[[107.311602,20.915264],[107.310761,20.915609],[107.312229,20.916719],[107.311602,20.915264]]],[[[107.307129,20.920135],[107.311099,20.917897],[107.310016,20.914504],[107.306038,20.917522],[107.307129,20.920135]]],[[[107.303045,20.919376],[107.304003,20.92014],[107.304731,20.918397],[107.303644,20.917229],[107.303045,20.919376]]],[[[107.320833,20.92325],[107.318332,20.922274],[107.310871,20.923628],[107.318753,20.928022],[107.342864,20.921617],[107.349297,20.91506],[107.34032,20.914266],[107.33874,20.916726],[107.334225,20.916472],[107.333137,20.91848],[107.328434,20.917932],[107.321354,20.920083],[107.32417,20.92141],[107.320833,20.92325]]],[[[107.325875,20.948925],[107.3357,20.948925],[107.328588,20.947908],[107.325875,20.948925]]],[[[107.328962,20.95342],[107.331691,20.953504],[107.329191,20.952547],[107.328962,20.95342]]],[[[107.333635,20.956632],[107.333317,20.955313],[107.332412,20.956584],[107.333635,20.956632]]],[[[107.334941,20.957977],[107.334098,20.956833],[107.333187,20.958183],[107.334941,20.957977]]],[[[107.347188,20.685472],[107.346054,20.687717],[107.347245,20.688156],[107.347188,20.685472]]],[[[107.343192,20.709976],[107.341674,20.708841],[107.34263,20.710752],[107.343192,20.709976]]],[[[107.375958,20.748321],[107.376118,20.751491],[107.378646,20.752372],[107.377973,20.748982],[107.375958,20.748321]]],[[[107.383619,20.789766],[107.38574,20.789853],[107.384985,20.786183],[107.383619,20.789766]]],[[[107.345536,20.794859],[107.345605,20.796716],[107.346468,20.796699],[107.345536,20.794859]]],[[[107.342661,20.795599],[107.343696,20.796656],[107.3438,20.795611],[107.342661,20.795599]]],[[[107.370616,20.801462],[107.369372,20.801373],[107.370229,20.804489],[107.370616,20.801462]]],[[[107.355986,20.835451],[107.358269,20.829467],[107.361271,20.829757],[107.36606,20.825917],[107.370891,20.833232],[107.368943,20.82426],[107.37745,20.824225],[107.379675,20.82963],[107.383268,20.828616],[107.380229,20.824012],[107.381264,20.819052],[107.37976,20.814905],[107.381034,20.800412],[107.384104,20.798332],[107.383039,20.795278],[107.379743,20.794332],[107.375948,20.800219],[107.371857,20.802707],[107.371579,20.805443],[107.367746,20.806575],[107.350853,20.807998],[107.348547,20.807157],[107.346646,20.803675],[107.34404,20.80456],[107.340853,20.826891],[107.342368,20.831599],[107.338841,20.836643],[107.333775,20.850184],[107.333915,20.853476],[107.335651,20.854263],[107.340748,20.850515],[107.345935,20.840534],[107.348272,20.820938],[107.350312,20.820265],[107.353477,20.824556],[107.357319,20.825043],[107.351456,20.830152],[107.352924,20.837213],[107.355986,20.835451]]],[[[107.35631,20.841448],[107.358453,20.844314],[107.357857,20.848563],[107.362688,20.836353],[107.361817,20.831798],[107.356109,20.837916],[107.35631,20.841448]]],[[[107.370295,20.842824],[107.369724,20.840699],[107.367514,20.842631],[107.370295,20.842824]]],[[[107.385597,20.847108],[107.388176,20.847574],[107.390579,20.845543],[107.388801,20.844184],[107.385597,20.847108]]],[[[107.342806,20.848473],[107.343462,20.851185],[107.341643,20.853423],[107.342894,20.855481],[107.346473,20.851627],[107.344769,20.847056],[107.342806,20.848473]]],[[[107.355668,20.856923],[107.354614,20.856098],[107.354714,20.857681],[107.355668,20.856923]]],[[[107.365183,20.887687],[107.364717,20.890738],[107.368868,20.890409],[107.371557,20.887495],[107.37126,20.890458],[107.376155,20.891471],[107.379637,20.88848],[107.378631,20.885678],[107.38593,20.879313],[107.381745,20.886502],[107.382988,20.890097],[107.386871,20.890491],[107.385508,20.886335],[107.388884,20.884069],[107.388627,20.882562],[107.392827,20.884832],[107.394296,20.884004],[107.392865,20.879879],[107.39469,20.878894],[107.394564,20.875964],[107.38914,20.878942],[107.386587,20.877213],[107.376395,20.878187],[107.372769,20.875912],[107.379014,20.871901],[107.381017,20.873228],[107.38661,20.87056],[107.390284,20.867919],[107.391375,20.864747],[107.388301,20.864322],[107.38264,20.867573],[107.380088,20.863911],[107.376553,20.863447],[107.372342,20.859037],[107.369858,20.860331],[107.370475,20.86282],[107.366593,20.861101],[107.367766,20.859453],[107.364972,20.858265],[107.362303,20.863457],[107.35729,20.863242],[107.355845,20.860001],[107.353309,20.860821],[107.353867,20.864122],[107.350964,20.861518],[107.345284,20.869533],[107.345364,20.874443],[107.343534,20.876264],[107.340367,20.886722],[107.339139,20.886811],[107.337799,20.882729],[107.337051,20.872311],[107.330081,20.875878],[107.328359,20.879526],[107.330781,20.885042],[107.329002,20.888731],[107.329285,20.89387],[107.330968,20.89553],[107.337981,20.89328],[107.339008,20.890648],[107.345127,20.887834],[107.347602,20.884131],[107.351141,20.885905],[107.349556,20.88791],[107.353841,20.891232],[107.362102,20.887294],[107.365183,20.887687]]],[[[107.389217,20.889183],[107.389382,20.890899],[107.390616,20.88914],[107.389217,20.889183]]],[[[107.37343,20.893037],[107.374223,20.894329],[107.374639,20.892982],[107.37343,20.893037]]],[[[107.352134,20.893291],[107.350065,20.892992],[107.349157,20.891096],[107.350335,20.889182],[107.347597,20.887444],[107.343162,20.891562],[107.338968,20.899809],[107.341195,20.900091],[107.342507,20.895454],[107.347612,20.898816],[107.345488,20.89463],[107.347408,20.893475],[107.34835,20.895146],[107.35284,20.896035],[107.353888,20.893795],[107.352553,20.891827],[107.352134,20.893291]]],[[[107.357636,20.896025],[107.358048,20.894184],[107.356838,20.895638],[107.357636,20.896025]]],[[[107.357048,20.897986],[107.357637,20.899117],[107.359641,20.897728],[107.358891,20.89672],[107.357048,20.897986]]],[[[107.349626,20.898319],[107.351773,20.899346],[107.351603,20.897714],[107.34837,20.896558],[107.349626,20.898319]]],[[[107.354033,20.899775],[107.356157,20.899137],[107.356034,20.898701],[107.353629,20.89829],[107.354033,20.899775]]],[[[107.370191,20.899344],[107.365632,20.898495],[107.362644,20.899818],[107.370092,20.901821],[107.37688,20.898058],[107.374046,20.897252],[107.370191,20.899344]]],[[[107.348238,20.903031],[107.349091,20.902497],[107.348077,20.901003],[107.346923,20.901917],[107.348238,20.903031]]],[[[107.362689,20.914959],[107.371827,20.914512],[107.367792,20.913232],[107.362689,20.914959]]],[[[107.386405,20.933947],[107.385564,20.934008],[107.38651,20.935945],[107.386405,20.933947]]],[[[107.392592,20.948254],[107.392435,20.944352],[107.388475,20.94131],[107.384637,20.942201],[107.382706,20.938893],[107.380094,20.939031],[107.385266,20.946595],[107.390793,20.945765],[107.388766,20.948426],[107.389188,20.950199],[107.392592,20.948254]]],[[[107.335987,20.92852],[107.31842,20.9315],[107.311794,20.93478],[107.310346,20.937137],[107.313562,20.94241],[107.315986,20.94143],[107.313958,20.938816],[107.315778,20.93707],[107.31768,20.937742],[107.317607,20.9397],[107.328712,20.94315],[107.338112,20.944032],[107.339786,20.943159],[107.338553,20.93765],[107.343818,20.938787],[107.339459,20.935741],[107.342626,20.935397],[107.347111,20.937811],[107.346771,20.940514],[107.348863,20.941895],[107.352055,20.940636],[107.359052,20.944911],[107.362102,20.943829],[107.361907,20.945882],[107.366806,20.948234],[107.37479,20.959613],[107.376729,20.960645],[107.375698,20.957444],[107.377329,20.959129],[107.380949,20.957422],[107.379608,20.959934],[107.386438,20.965921],[107.383281,20.956635],[107.385796,20.957696],[107.386836,20.960671],[107.390417,20.961732],[107.383575,20.949796],[107.368607,20.93484],[107.361675,20.929967],[107.35082,20.925416],[107.337554,20.926297],[107.335987,20.92852]]],[[[107.342991,20.951443],[107.341199,20.950825],[107.342353,20.95214],[107.342991,20.951443]]],[[[107.390134,20.955049],[107.388798,20.953202],[107.3889,20.955357],[107.390134,20.955049]]],[[[107.349971,20.953861],[107.35209,20.956666],[107.35322,20.956987],[107.351373,20.95314],[107.349971,20.953861]]],[[[107.366749,20.961862],[107.367491,20.963522],[107.367799,20.962068],[107.366749,20.961862]]],[[[107.370659,20.962779],[107.371225,20.964954],[107.37215,20.964232],[107.370659,20.962779]]],[[[107.349376,20.966058],[107.348593,20.964875],[107.34843,20.966477],[107.349376,20.966058]]],[[[107.372227,20.968817],[107.369408,20.965958],[107.370409,20.968691],[107.372227,20.968817]]],[[[107.360886,20.969552],[107.35785,20.969203],[107.35739,20.969859],[107.359406,20.970933],[107.360886,20.969552]]],[[[107.377944,20.971052],[107.379409,20.971847],[107.378741,20.970454],[107.377944,20.971052]]],[[[107.374472,20.97853],[107.378034,20.978187],[107.379019,20.976714],[107.377293,20.975594],[107.374077,20.977171],[107.374472,20.97853]]],[[[107.381133,20.981828],[107.382758,20.983158],[107.385484,20.982595],[107.385886,20.980952],[107.383464,20.980268],[107.381133,20.981828]]],[[[107.38748,20.986658],[107.388517,20.987892],[107.389586,20.987889],[107.389352,20.985779],[107.38748,20.986658]]],[[[107.376576,20.992623],[107.377794,20.991723],[107.376075,20.991854],[107.376576,20.992623]]],[[[107.381371,20.995901],[107.378514,20.995887],[107.381377,20.997448],[107.381371,20.995901]]],[[[107.378726,20.996653],[107.377346,20.997353],[107.377631,20.997971],[107.379449,20.997787],[107.378726,20.996653]]],[[[107.390503,20.997759],[107.389589,20.997624],[107.390224,20.998867],[107.390503,20.997759]]],[[[107.381818,21.002313],[107.379311,21.004269],[107.379458,21.006952],[107.383317,21.00731],[107.381975,21.005849],[107.38432,21.003667],[107.381818,21.002313]]],[[[107.387296,21.008419],[107.386409,21.006725],[107.38437,21.008883],[107.384969,21.009437],[107.387296,21.008419]]],[[[107.375933,21.034563],[107.373426,21.033548],[107.370733,21.036991],[107.372699,21.042482],[107.375718,21.039691],[107.375933,21.034563]]],[[[107.379102,21.051106],[107.378634,21.044352],[107.374334,21.042582],[107.372373,21.046377],[107.372444,21.050773],[107.375874,21.054925],[107.379102,21.051106]]],[[[107.380557,21.057131],[107.379278,21.059679],[107.38159,21.06115],[107.38292,21.058375],[107.380557,21.057131]]],[[[107.383387,21.064751],[107.381181,21.062603],[107.38058,21.062792],[107.381779,21.06458],[107.383387,21.064751]]],[[[107.368632,21.070612],[107.368051,21.076212],[107.3704,21.075357],[107.374142,21.078662],[107.375864,21.076779],[107.377799,21.068708],[107.375972,21.067843],[107.378724,21.06543],[107.375133,21.062785],[107.374558,21.065802],[107.371924,21.066945],[107.372498,21.071157],[107.368632,21.070612]]],[[[107.38205,21.072398],[107.378522,21.072725],[107.377077,21.074725],[107.377306,21.077434],[107.379381,21.077875],[107.381004,21.074383],[107.380246,21.078347],[107.383287,21.076977],[107.38205,21.072398]]],[[[107.377942,21.07884],[107.376049,21.079708],[107.379449,21.080207],[107.377942,21.07884]]],[[[107.388604,21.087176],[107.384009,21.081592],[107.38153,21.081702],[107.382588,21.084351],[107.388604,21.087176]]],[[[107.386183,21.09076],[107.383898,21.089455],[107.381765,21.092831],[107.384636,21.092419],[107.386183,21.09076]]],[[[107.39752,21.09685],[107.38749,21.090555],[107.383754,21.093402],[107.393114,21.100444],[107.39752,21.09685]]],[[[107.395946,20.756378],[107.398676,20.756006],[107.398753,20.752433],[107.395806,20.752994],[107.39477,20.748821],[107.386632,20.746026],[107.387975,20.752263],[107.391805,20.754427],[107.393222,20.757913],[107.394668,20.758821],[107.395946,20.756378]]],[[[107.400941,20.793023],[107.399515,20.795055],[107.400276,20.801376],[107.404822,20.808134],[107.406793,20.808884],[107.407585,20.805379],[107.409136,20.806188],[107.417957,20.802821],[107.421786,20.797141],[107.415211,20.780037],[107.415055,20.774009],[107.410809,20.772802],[107.409982,20.768856],[107.40768,20.777984],[107.400911,20.778314],[107.400941,20.793023]]],[[[107.415351,20.849808],[107.41274,20.848959],[107.41046,20.85129],[107.414522,20.856068],[107.416561,20.856104],[107.415351,20.849808]]],[[[107.395201,20.870902],[107.39455,20.871285],[107.396027,20.871606],[107.395201,20.870902]]],[[[107.399001,20.878909],[107.397904,20.878318],[107.39847,20.87975],[107.399001,20.878909]]],[[[107.397612,20.880252],[107.39618,20.881281],[107.397549,20.883455],[107.398719,20.881294],[107.397612,20.880252]]],[[[107.399376,20.887397],[107.395762,20.885488],[107.393563,20.886801],[107.399376,20.887397]]],[[[107.390877,20.887073],[107.391289,20.888415],[107.391984,20.888577],[107.392473,20.886561],[107.390877,20.887073]]],[[[107.391168,20.895373],[107.393373,20.893482],[107.391007,20.891523],[107.389196,20.892499],[107.391168,20.895373]]],[[[107.41097,20.893692],[107.411885,20.895858],[107.412239,20.893866],[107.41097,20.893692]]],[[[107.41889,20.895197],[107.419276,20.896488],[107.422074,20.895932],[107.421626,20.894613],[107.41889,20.895197]]],[[[107.39638,20.927719],[107.398891,20.927553],[107.397203,20.925749],[107.395536,20.92713],[107.39638,20.927719]]],[[[107.394445,20.933246],[107.395005,20.934422],[107.395832,20.933068],[107.394445,20.933246]]],[[[107.399738,20.913111],[107.385578,20.906839],[107.380113,20.906037],[107.38034,20.908401],[107.376276,20.906274],[107.378703,20.905158],[107.368208,20.902698],[107.355679,20.902538],[107.355234,20.900492],[107.344595,20.905544],[107.351393,20.905621],[107.370447,20.9099],[107.385501,20.915923],[107.395019,20.916248],[107.406062,20.920108],[107.413472,20.925344],[107.421706,20.94293],[107.419744,20.944336],[107.420841,20.948254],[107.423482,20.948433],[107.422713,20.944286],[107.425873,20.945937],[107.434836,20.958484],[107.448353,20.968363],[107.453077,20.9689],[107.454409,20.966663],[107.448175,20.947007],[107.442074,20.940106],[107.422679,20.925043],[107.419826,20.919986],[107.414328,20.919223],[107.404534,20.912643],[107.403012,20.914142],[107.403634,20.917645],[107.398982,20.914941],[107.399738,20.913111]]],[[[107.392368,20.937889],[107.390682,20.939997],[107.394,20.94304],[107.39609,20.937411],[107.392368,20.937889]]],[[[107.398451,20.939646],[107.397269,20.939778],[107.398539,20.940862],[107.398451,20.939646]]],[[[107.414809,20.948122],[107.414632,20.94975],[107.415609,20.948474],[107.414809,20.948122]]],[[[107.394977,20.949037],[107.392589,20.950668],[107.395503,20.94955],[107.394977,20.949037]]],[[[107.392221,20.951915],[107.392794,20.954413],[107.394948,20.952821],[107.39442,20.9516],[107.392221,20.951915]]],[[[107.407956,20.969468],[107.407125,20.96849],[107.407083,20.969984],[107.407956,20.969468]]],[[[107.399002,20.972962],[107.397977,20.971682],[107.396701,20.974126],[107.399002,20.972962]]],[[[107.414705,20.973117],[107.413506,20.97409],[107.415052,20.973839],[107.414705,20.973117]]],[[[107.418129,20.976261],[107.420085,20.975444],[107.417576,20.974892],[107.418129,20.976261]]],[[[107.414874,20.978683],[107.417879,20.976783],[107.415143,20.977172],[107.414874,20.978683]]],[[[107.403117,20.979867],[107.407775,20.977846],[107.405108,20.976472],[107.401777,20.977427],[107.403117,20.979867]]],[[[107.408375,20.979866],[107.407505,20.979576],[107.407537,20.980999],[107.408375,20.979866]]],[[[107.421658,20.981665],[107.423102,20.982585],[107.42255,20.9813],[107.421658,20.981665]]],[[[107.415582,20.982788],[107.416412,20.981446],[107.415984,20.981243],[107.414291,20.981868],[107.415582,20.982788]]],[[[107.406607,20.982098],[107.40586,20.981637],[107.405819,20.983261],[107.406607,20.982098]]],[[[107.414989,20.98569],[107.413856,20.985197],[107.414224,20.98643],[107.414989,20.98569]]],[[[107.412229,20.986964],[107.411934,20.985723],[107.410742,20.987922],[107.412229,20.986964]]],[[[107.415308,20.989638],[107.416005,20.987024],[107.414042,20.988294],[107.413363,20.990109],[107.415308,20.989638]]],[[[107.400011,20.988704],[107.401357,20.989701],[107.400843,20.98842],[107.400011,20.988704]]],[[[107.398728,20.992499],[107.398642,20.990688],[107.397931,20.992369],[107.398728,20.992499]]],[[[107.405757,20.991938],[107.40454,20.991549],[107.40394,20.992219],[107.404559,20.992624],[107.405757,20.991938]]],[[[107.402386,20.993535],[107.401107,20.992816],[107.401677,20.994471],[107.402386,20.993535]]],[[[107.394649,20.994625],[107.395125,20.993591],[107.393905,20.993428],[107.39316,20.994691],[107.394649,20.994625]]],[[[107.390947,20.994539],[107.39169,20.995869],[107.391837,20.994765],[107.390947,20.994539]]],[[[107.406026,20.996063],[107.405394,20.994834],[107.405097,20.996409],[107.406026,20.996063]]],[[[107.423514,20.996603],[107.423134,20.996153],[107.421693,20.997121],[107.423514,20.996603]]],[[[107.408343,20.996307],[107.407081,20.997517],[107.411071,20.999958],[107.410306,20.997556],[107.408343,20.996307]]],[[[107.392732,20.997458],[107.391305,21.000228],[107.394454,20.997567],[107.392732,20.997458]]],[[[107.407404,21.009897],[107.404044,21.00913],[107.404494,21.012327],[107.407727,21.011562],[107.407404,21.009897]]],[[[107.405377,21.014367],[107.408229,21.015515],[107.406312,21.013471],[107.405377,21.014367]]],[[[107.412003,21.030622],[107.409984,21.028119],[107.406462,21.028294],[107.412003,21.030622]]],[[[107.416613,21.029001],[107.417224,21.031178],[107.418947,21.032528],[107.418234,21.028928],[107.416613,21.029001]]],[[[107.403335,21.034273],[107.403461,21.034697],[107.405766,21.033275],[107.404647,21.032031],[107.403335,21.034273]]],[[[107.416457,21.047321],[107.415835,21.048591],[107.416361,21.049332],[107.418268,21.048537],[107.416457,21.047321]]],[[[107.394641,21.101178],[107.396243,21.103115],[107.397331,21.103035],[107.395882,21.099367],[107.394641,21.101178]]],[[[107.397328,21.103689],[107.398003,21.105742],[107.398977,21.105621],[107.397328,21.103689]]],[[[107.391119,21.105155],[107.393126,21.108467],[107.393735,21.107086],[107.391119,21.105155]]],[[[107.393802,21.109726],[107.395329,21.109472],[107.394572,21.10814],[107.393802,21.109726]]],[[[107.418172,21.170174],[107.416979,21.173362],[107.419031,21.170336],[107.418172,21.170174]]],[[[107.398232,21.185033],[107.400379,21.189741],[107.408763,21.193976],[107.407172,21.186279],[107.398232,21.185033]]],[[[107.407996,21.184137],[107.412617,21.1914],[107.428445,21.207273],[107.43272,21.214717],[107.43761,21.217913],[107.436164,21.211875],[107.430088,21.202394],[107.415186,21.190919],[107.411607,21.185687],[107.407996,21.184137]]],[[[107.457573,20.728269],[107.456103,20.728166],[107.456927,20.729294],[107.457573,20.728269]]],[[[107.454046,20.728596],[107.453291,20.72888],[107.454504,20.729376],[107.454046,20.728596]]],[[[107.455046,20.731296],[107.456434,20.73088],[107.455576,20.730531],[107.455046,20.731296]]],[[[107.452993,20.730267],[107.4539,20.731636],[107.454251,20.730779],[107.452993,20.730267]]],[[[107.430647,20.78798],[107.430278,20.789801],[107.430869,20.791362],[107.432576,20.788706],[107.430647,20.78798]]],[[[107.431041,20.884428],[107.428439,20.884713],[107.428227,20.888256],[107.424515,20.888751],[107.425554,20.88956],[107.423896,20.891495],[107.421113,20.889965],[107.415525,20.892176],[107.41825,20.894088],[107.421845,20.892911],[107.42333,20.895755],[107.444902,20.905502],[107.442811,20.900255],[107.451368,20.89983],[107.452755,20.898322],[107.449811,20.896776],[107.44724,20.892529],[107.443809,20.892578],[107.439165,20.887677],[107.434903,20.887256],[107.431041,20.884428]]],[[[107.447176,20.903096],[107.447091,20.90366],[107.449625,20.903948],[107.447176,20.903096]]],[[[107.430707,20.925519],[107.433149,20.929225],[107.435634,20.929682],[107.430707,20.925519]]],[[[107.439986,20.931434],[107.440648,20.933304],[107.441269,20.93312],[107.439986,20.931434]]],[[[107.435315,20.966767],[107.431697,20.962013],[107.429423,20.962286],[107.430007,20.964495],[107.435315,20.966767]]],[[[107.438684,20.971369],[107.440206,20.971562],[107.439119,20.969598],[107.438849,20.96984],[107.438684,20.971369]]],[[[107.447642,20.973167],[107.446139,20.969168],[107.444736,20.968951],[107.44492,20.971786],[107.447642,20.973167]]],[[[107.433699,20.9749],[107.431609,20.971917],[107.430443,20.973218],[107.433699,20.9749]]],[[[107.441607,20.972757],[107.441515,20.974195],[107.442683,20.973405],[107.441607,20.972757]]],[[[107.449995,20.973072],[107.449239,20.973124],[107.450092,20.974411],[107.449995,20.973072]]],[[[107.435445,20.97773],[107.436671,20.977557],[107.437294,20.976707],[107.436029,20.976467],[107.435445,20.97773]]],[[[107.444384,20.977429],[107.443176,20.975648],[107.436437,20.979916],[107.440938,20.979886],[107.441979,20.982071],[107.443123,20.980657],[107.442176,20.979199],[107.444384,20.977429]]],[[[107.426579,20.980194],[107.426036,20.98176],[107.426983,20.981213],[107.426579,20.980194]]],[[[107.440449,20.981452],[107.436238,20.982342],[107.438145,20.983754],[107.440885,20.982966],[107.440449,20.981452]]],[[[107.448407,20.994846],[107.448788,20.993458],[107.447114,20.994191],[107.448407,20.994846]]],[[[107.427812,20.995794],[107.426793,20.995361],[107.42729,20.996908],[107.427812,20.995794]]],[[[107.427179,20.994656],[107.422973,20.994683],[107.424563,20.99812],[107.425651,20.99535],[107.427179,20.994656]]],[[[107.429591,20.9975],[107.429968,20.99896],[107.430486,20.997948],[107.429591,20.9975]]],[[[107.446784,21.01006],[107.447493,21.004093],[107.443327,21.009524],[107.446784,21.01006]]],[[[107.441732,21.011491],[107.441752,21.00754],[107.440789,21.007339],[107.440013,21.009869],[107.441732,21.011491]]],[[[107.45285,21.011017],[107.451353,21.00922],[107.449557,21.01163],[107.45285,21.011017]]],[[[107.443604,21.01368],[107.445919,21.013823],[107.445324,21.011613],[107.443604,21.01368]]],[[[107.455002,21.015264],[107.456923,21.013678],[107.457242,21.017027],[107.45997,21.015018],[107.457306,21.010355],[107.453753,21.014476],[107.455002,21.015264]]],[[[107.446994,21.014865],[107.447463,21.017099],[107.448326,21.015655],[107.446994,21.014865]]],[[[107.439753,21.018167],[107.438621,21.017218],[107.438825,21.019165],[107.439753,21.018167]]],[[[107.440606,21.017158],[107.441667,21.021846],[107.443965,21.021589],[107.445511,21.025785],[107.443538,21.024468],[107.442411,21.026605],[107.444582,21.027842],[107.446773,21.024175],[107.440703,21.011403],[107.439394,21.011531],[107.439332,21.013927],[107.437976,21.011089],[107.433898,21.011956],[107.436339,21.012623],[107.435321,21.015052],[107.440606,21.017158]]],[[[107.429489,21.020611],[107.428413,21.019169],[107.427171,21.022562],[107.428235,21.022999],[107.429489,21.020611]]],[[[107.453131,21.020769],[107.45345,21.022315],[107.455263,21.022069],[107.454897,21.020624],[107.453131,21.020769]]],[[[107.450289,21.020265],[107.451481,21.018855],[107.450124,21.017436],[107.447284,21.021637],[107.452311,21.026006],[107.450289,21.020265]]],[[[107.456292,21.023933],[107.45411,21.026617],[107.455229,21.030192],[107.456636,21.028807],[107.456292,21.023933]]],[[[107.423408,21.035218],[107.425547,21.034941],[107.425423,21.033106],[107.426555,21.034434],[107.428533,21.033309],[107.421635,21.030884],[107.423408,21.035218]]],[[[107.445946,21.04714],[107.439641,21.043432],[107.443811,21.049584],[107.445946,21.04714]]],[[[107.424514,21.048563],[107.424648,21.045797],[107.422426,21.047606],[107.424514,21.048563]]],[[[107.436563,21.045689],[107.435645,21.04772],[107.437508,21.048776],[107.436563,21.045689]]],[[[107.444258,21.050004],[107.443849,21.053261],[107.446025,21.054082],[107.444258,21.050004]]],[[[107.431523,21.052804],[107.430837,21.054573],[107.432191,21.054194],[107.433687,21.056506],[107.436456,21.055247],[107.438019,21.057407],[107.438098,21.055584],[107.431523,21.052804]]],[[[107.427554,21.056826],[107.430233,21.057019],[107.427934,21.055861],[107.427554,21.056826]]],[[[107.425322,21.057932],[107.424158,21.060435],[107.424474,21.060964],[107.426696,21.060086],[107.425322,21.057932]]],[[[107.44966,21.06299],[107.446177,21.062461],[107.447464,21.063248],[107.4461,21.064442],[107.44966,21.06299]]],[[[107.441955,21.064358],[107.440601,21.064908],[107.44623,21.069549],[107.445756,21.065172],[107.441955,21.064358]]],[[[107.453523,21.073297],[107.450982,21.071011],[107.45042,21.071084],[107.451228,21.073961],[107.453523,21.073297]]],[[[107.433032,21.145188],[107.429724,21.140721],[107.428556,21.142807],[107.425917,21.141855],[107.422056,21.144643],[107.423338,21.146106],[107.428167,21.145285],[107.431707,21.146496],[107.433032,21.145188]]],[[[107.424927,21.156064],[107.423763,21.154987],[107.422528,21.157634],[107.424927,21.156064]]],[[[107.430904,21.175589],[107.430465,21.176117],[107.431212,21.177347],[107.432738,21.176477],[107.430904,21.175589]]],[[[107.428371,21.178605],[107.42807,21.17707],[107.425187,21.177932],[107.424856,21.181718],[107.422041,21.185476],[107.422441,21.187786],[107.428221,21.182682],[107.42736,21.186908],[107.429946,21.187733],[107.427323,21.1904],[107.431363,21.189273],[107.428657,21.19292],[107.427476,21.191845],[107.425334,21.193338],[107.431375,21.195762],[107.431868,21.192083],[107.433401,21.191635],[107.438205,21.18263],[107.437576,21.177899],[107.43397,21.179668],[107.431833,21.177722],[107.429817,21.181589],[107.429708,21.178419],[107.425741,21.180618],[107.426551,21.178661],[107.428371,21.178605]]],[[[107.4473,21.192296],[107.448121,21.189594],[107.445144,21.19283],[107.4473,21.192296]]],[[[107.4503,21.197537],[107.449316,21.197052],[107.445793,21.197992],[107.448641,21.19909],[107.4503,21.197537]]],[[[107.457403,21.200318],[107.45643,21.200125],[107.456319,21.20217],[107.457403,21.200318]]],[[[107.45263,21.23716],[107.450934,21.235112],[107.45053,21.236038],[107.451353,21.238418],[107.45263,21.23716]]],[[[107.455628,21.251264],[107.454198,21.252232],[107.454641,21.254992],[107.455285,21.255003],[107.456375,21.25285],[107.455628,21.251264]]],[[[107.460489,20.731795],[107.463235,20.731833],[107.466413,20.735646],[107.466153,20.737478],[107.472168,20.740976],[107.468374,20.728872],[107.456252,20.717547],[107.451269,20.716634],[107.446189,20.718337],[107.448212,20.722659],[107.452024,20.722722],[107.458413,20.727398],[107.460449,20.729168],[107.460489,20.731795]]],[[[107.458728,20.730071],[107.457603,20.73013],[107.458707,20.730912],[107.458728,20.730071]]],[[[107.460562,20.733856],[107.459623,20.733213],[107.459949,20.734717],[107.460562,20.733856]]],[[[107.464551,20.75483],[107.465853,20.755879],[107.465853,20.754808],[107.464551,20.75483]]],[[[107.487463,20.770622],[107.48992,20.774202],[107.48951,20.777509],[107.492753,20.777306],[107.493006,20.775298],[107.489498,20.772073],[107.488658,20.765779],[107.480254,20.757103],[107.475116,20.759117],[107.472507,20.761931],[107.474213,20.765207],[107.479262,20.76735],[107.479187,20.770537],[107.482468,20.771883],[107.483335,20.770557],[107.487463,20.770622]]],[[[107.489905,20.779673],[107.488938,20.779962],[107.490232,20.780838],[107.489905,20.779673]]],[[[107.482598,20.801048],[107.48144,20.800471],[107.480837,20.803129],[107.482598,20.801048]]],[[[107.46047,20.866583],[107.461309,20.86331],[107.459422,20.865926],[107.46047,20.866583]]],[[[107.463208,20.868951],[107.465187,20.869962],[107.468193,20.86491],[107.464278,20.86679],[107.463208,20.868951]]],[[[107.464809,20.871397],[107.463157,20.870095],[107.459433,20.872294],[107.45908,20.874392],[107.463515,20.874263],[107.464809,20.871397]]],[[[107.518717,20.895512],[107.517959,20.884365],[107.505938,20.877134],[107.49642,20.867192],[107.492526,20.859221],[107.491538,20.845523],[107.483254,20.830114],[107.48035,20.820479],[107.477377,20.816735],[107.475634,20.817526],[107.470538,20.81486],[107.470912,20.816788],[107.468671,20.818513],[107.471979,20.820217],[107.471874,20.825879],[107.474823,20.831436],[107.4792,20.83173],[107.479444,20.836382],[107.481485,20.839189],[107.48514,20.852802],[107.483335,20.855241],[107.483539,20.859446],[107.487497,20.860044],[107.491205,20.866082],[107.492331,20.872707],[107.488792,20.876963],[107.476111,20.881782],[107.476432,20.885911],[107.494829,20.878441],[107.508358,20.882305],[107.513663,20.887601],[107.514048,20.889083],[107.511484,20.889441],[107.514083,20.893774],[107.513159,20.897837],[107.51901,20.913388],[107.52058,20.915215],[107.528145,20.913735],[107.532873,20.915575],[107.535522,20.91889],[107.53355,20.92197],[107.538785,20.927058],[107.540344,20.932828],[107.545907,20.935549],[107.544773,20.937571],[107.543041,20.934879],[107.541335,20.935953],[107.538306,20.933848],[107.537028,20.934894],[107.537975,20.938135],[107.547836,20.950566],[107.554543,20.962686],[107.554775,20.966982],[107.557406,20.968376],[107.559478,20.966852],[107.559466,20.964314],[107.552888,20.956947],[107.550979,20.94748],[107.553409,20.941688],[107.555348,20.940703],[107.557807,20.942098],[107.556493,20.935299],[107.560115,20.932987],[107.543039,20.922385],[107.533989,20.912665],[107.532092,20.90868],[107.530233,20.909281],[107.527574,20.9076],[107.518717,20.895512]]],[[[107.466799,20.896813],[107.47099,20.890381],[107.469555,20.88975],[107.464639,20.895141],[107.463875,20.897097],[107.466799,20.896813]]],[[[107.509028,20.895973],[107.507872,20.896154],[107.50931,20.897404],[107.509028,20.895973]]],[[[107.45993,20.900047],[107.461069,20.89946],[107.460981,20.899006],[107.459355,20.898911],[107.45993,20.900047]]],[[[107.503627,20.893567],[107.487994,20.897168],[107.484116,20.896822],[107.482698,20.894652],[107.476799,20.89566],[107.482727,20.901265],[107.486489,20.902404],[107.492349,20.901513],[107.495217,20.906618],[107.498996,20.907167],[107.500703,20.909195],[107.502367,20.907772],[107.504778,20.910824],[107.507902,20.911822],[107.510589,20.911336],[107.510871,20.909244],[107.512612,20.910528],[107.511657,20.913241],[107.517503,20.914615],[107.511382,20.901805],[107.510027,20.901809],[107.509515,20.903986],[107.5083,20.903348],[107.508922,20.900744],[107.506658,20.897133],[107.504692,20.897274],[107.505264,20.895072],[107.503627,20.893567]]],[[[107.47731,20.90751],[107.47642,20.906842],[107.476315,20.908237],[107.47731,20.90751]]],[[[107.443116,20.932982],[107.456965,20.946617],[107.457722,20.954968],[107.461011,20.95723],[107.462198,20.961647],[107.465116,20.961588],[107.463591,20.965062],[107.468075,20.966341],[107.467632,20.96871],[107.470515,20.972111],[107.470549,20.974909],[107.476029,20.977901],[107.480103,20.975484],[107.4813,20.967808],[107.478698,20.965892],[107.473195,20.95495],[107.460847,20.945017],[107.457451,20.940466],[107.452218,20.937974],[107.449689,20.933799],[107.443116,20.932982]]],[[[107.542782,21.00782],[107.545813,21.006069],[107.542225,21.003335],[107.542699,21.000744],[107.544636,21.000238],[107.548063,20.994554],[107.551475,20.995922],[107.551673,20.994824],[107.544862,20.984501],[107.544933,20.981823],[107.538647,20.98464],[107.541102,20.980901],[107.537737,20.974422],[107.534334,20.971363],[107.533199,20.971933],[107.533573,20.976252],[107.532407,20.976306],[107.530402,20.969542],[107.531973,20.968424],[107.534996,20.970617],[107.536593,20.968944],[107.531186,20.957917],[107.53172,20.95456],[107.526407,20.9455],[107.526143,20.940545],[107.52127,20.939031],[107.522397,20.930447],[107.516264,20.922119],[107.511145,20.919415],[107.509036,20.921295],[107.509117,20.917104],[107.506626,20.921349],[107.505326,20.918698],[107.501672,20.919649],[107.500035,20.916129],[107.489157,20.913439],[107.483705,20.917395],[107.481202,20.910356],[107.477807,20.910567],[107.476785,20.912979],[107.462714,20.906094],[107.459561,20.905865],[107.459883,20.907377],[107.458172,20.907813],[107.450907,20.906347],[107.45405,20.909094],[107.461896,20.909975],[107.460993,20.911302],[107.463123,20.913235],[107.460666,20.914131],[107.461254,20.915599],[107.455589,20.917143],[107.41697,20.903488],[107.408178,20.899049],[107.406252,20.89337],[107.39446,20.890772],[107.39561,20.893011],[107.394649,20.901492],[107.403724,20.902827],[107.415366,20.908141],[107.420321,20.915288],[107.434743,20.917394],[107.433281,20.920899],[107.437549,20.921718],[107.445949,20.929934],[107.453027,20.932241],[107.460734,20.938468],[107.46405,20.938848],[107.471993,20.945975],[107.474315,20.945004],[107.481631,20.953745],[107.486007,20.962318],[107.486344,20.958955],[107.48997,20.956619],[107.488572,20.960449],[107.488856,20.972481],[107.492905,20.977109],[107.492453,20.979747],[107.487397,20.98006],[107.48288,20.973642],[107.477669,20.985399],[107.480641,20.985306],[107.482209,20.982942],[107.486764,20.981127],[107.486509,20.987044],[107.489593,20.986214],[107.491277,20.994647],[107.494659,20.996197],[107.503173,21.009452],[107.510456,21.016754],[107.509977,21.010636],[107.507169,21.008871],[107.506212,21.000851],[107.504324,20.999729],[107.501568,20.99334],[107.499282,20.982121],[107.499246,20.979971],[107.504172,20.980221],[107.503117,20.992421],[107.504849,20.999163],[107.508428,21.001752],[107.511345,21.000408],[107.511219,21.006111],[107.514317,21.008813],[107.516028,21.017897],[107.519615,21.022782],[107.52325,21.022584],[107.52566,21.029692],[107.527587,21.029305],[107.536839,21.040705],[107.536575,21.029583],[107.533257,21.021447],[107.534864,21.010862],[107.536685,21.007972],[107.546112,21.024857],[107.551004,21.029776],[107.551223,21.044703],[107.55331,21.03968],[107.555387,21.040115],[107.551127,21.028055],[107.551764,21.023625],[107.546897,21.023149],[107.546826,21.020498],[107.544977,21.019451],[107.543954,21.011802],[107.545297,21.008177],[107.542782,21.00782]]],[[[107.466735,20.970684],[107.464696,20.969525],[107.465125,20.970943],[107.466735,20.970684]]],[[[107.467421,20.980513],[107.469027,20.979605],[107.468168,20.978061],[107.465856,20.978148],[107.467421,20.980513]]],[[[107.47132,20.976494],[107.46941,20.976276],[107.472127,20.978465],[107.469957,20.980918],[107.471208,20.984313],[107.474598,20.981715],[107.474407,20.979399],[107.47132,20.976494]]],[[[107.486127,20.98738],[107.487882,20.989048],[107.48852,20.988621],[107.486127,20.98738]]],[[[107.466615,20.996098],[107.467662,20.995626],[107.46701,20.994701],[107.465806,20.995174],[107.466615,20.996098]]],[[[107.480527,21.018956],[107.478682,21.01629],[107.47955,21.019144],[107.480527,21.018956]]],[[[107.46042,21.019388],[107.458802,21.02151],[107.461382,21.019757],[107.459524,21.018132],[107.46042,21.019388]]],[[[107.460659,21.028006],[107.462754,21.027169],[107.462252,21.022887],[107.459194,21.024068],[107.461928,21.026392],[107.460659,21.028006]]],[[[107.48617,21.025383],[107.486548,21.02705],[107.487518,21.02711],[107.487604,21.024638],[107.48617,21.025383]]],[[[107.486242,21.031674],[107.488359,21.032124],[107.492019,21.028997],[107.490303,21.026895],[107.490103,21.02885],[107.486242,21.031674]]],[[[107.514042,21.029425],[107.511711,21.031346],[107.511648,21.032352],[107.51451,21.032725],[107.514042,21.029425]]],[[[107.492993,21.032208],[107.493808,21.030919],[107.492254,21.030522],[107.491263,21.031628],[107.492993,21.032208]]],[[[107.493476,21.034281],[107.490491,21.034696],[107.491886,21.036656],[107.493476,21.034281]]],[[[107.50121,21.039476],[107.503317,21.037364],[107.500391,21.038404],[107.498595,21.036682],[107.499648,21.035145],[107.497045,21.033623],[107.497952,21.036469],[107.496692,21.038822],[107.50121,21.039476]]],[[[107.486376,21.0397],[107.489547,21.040589],[107.488776,21.03624],[107.486376,21.0397]]],[[[107.512329,21.042422],[107.510932,21.039871],[107.510462,21.042641],[107.512329,21.042422]]],[[[107.470013,21.05122],[107.467838,21.052183],[107.469593,21.053935],[107.471768,21.053123],[107.470013,21.05122]]],[[[107.494335,21.054719],[107.492768,21.055315],[107.494801,21.057424],[107.497771,21.056112],[107.494335,21.054719]]],[[[107.491595,21.055664],[107.491538,21.057307],[107.493362,21.057407],[107.493023,21.056149],[107.491595,21.055664]]],[[[107.462537,21.05835],[107.462649,21.056534],[107.460516,21.056956],[107.462537,21.05835]]],[[[107.463939,21.058799],[107.465319,21.060376],[107.466671,21.060416],[107.465603,21.058643],[107.463939,21.058799]]],[[[107.505412,21.058432],[107.500515,21.058859],[107.504931,21.061381],[107.505412,21.058432]]],[[[107.512274,21.06504],[107.507315,21.06477],[107.505635,21.066217],[107.515828,21.067031],[107.517295,21.06526],[107.515874,21.062004],[107.513811,21.061961],[107.512274,21.06504]]],[[[107.487464,21.063089],[107.491007,21.066366],[107.493576,21.06557],[107.490636,21.062918],[107.487464,21.063089]]],[[[107.514817,21.069196],[107.510982,21.072525],[107.503385,21.067288],[107.498795,21.068524],[107.49707,21.07149],[107.508312,21.075262],[107.513946,21.074853],[107.514817,21.069196]]],[[[107.481238,21.082085],[107.481425,21.079662],[107.479715,21.080978],[107.481238,21.082085]]],[[[107.486331,21.085167],[107.491604,21.083593],[107.485411,21.083252],[107.486331,21.085167]]],[[[107.462107,21.083001],[107.461916,21.085327],[107.46398,21.085745],[107.462107,21.083001]]],[[[107.515688,21.088638],[107.516703,21.086098],[107.513579,21.087252],[107.515688,21.088638]]],[[[107.490703,21.085168],[107.48965,21.088492],[107.491157,21.089921],[107.495464,21.089914],[107.495853,21.088354],[107.492705,21.08522],[107.490703,21.085168]]],[[[107.469596,21.087383],[107.46818,21.087111],[107.466789,21.089434],[107.469596,21.087383]]],[[[107.499624,21.091396],[107.499007,21.093099],[107.502184,21.094978],[107.502909,21.094851],[107.502796,21.09303],[107.499624,21.091396]]],[[[107.503681,21.103117],[107.504533,21.101818],[107.50334,21.101222],[107.502597,21.102945],[107.503681,21.103117]]],[[[107.495448,21.244794],[107.498733,21.244401],[107.50028,21.245991],[107.505112,21.239645],[107.508508,21.237811],[107.508142,21.235392],[107.513864,21.234186],[107.513057,21.231886],[107.510371,21.232607],[107.511257,21.2303],[107.50886,21.228367],[107.514414,21.231607],[107.518028,21.231766],[107.518112,21.227025],[107.51227,21.225625],[107.516926,21.224312],[107.514574,21.221298],[107.517231,21.222899],[107.517797,21.221057],[107.519351,21.221791],[107.517841,21.225696],[107.520429,21.226834],[107.525197,21.224967],[107.526785,21.222919],[107.524473,21.222648],[107.525936,21.219698],[107.530933,21.215713],[107.532082,21.212465],[107.527472,21.211312],[107.529581,21.210609],[107.529655,21.208116],[107.532858,21.210625],[107.532768,21.206144],[107.535422,21.205429],[107.533064,21.204523],[107.534099,21.202098],[107.531093,21.201261],[107.527329,21.203179],[107.526058,21.204948],[107.527608,21.206275],[107.523269,21.205704],[107.513392,21.208251],[107.521754,21.204889],[107.52046,21.202443],[107.517547,21.202177],[107.518282,21.200594],[107.52332,21.203814],[107.530277,21.200467],[107.530607,21.197855],[107.531816,21.199361],[107.532873,21.197604],[107.535597,21.19735],[107.534664,21.200142],[107.538691,21.199673],[107.539985,21.197313],[107.53714,21.197678],[107.536605,21.194393],[107.534253,21.19462],[107.535991,21.192718],[107.534181,21.191618],[107.535754,21.189903],[107.539245,21.193543],[107.541854,21.192743],[107.541745,21.186925],[107.542226,21.189424],[107.54436,21.189427],[107.543528,21.192935],[107.547908,21.192064],[107.543395,21.197218],[107.547892,21.197237],[107.548417,21.194582],[107.552276,21.1928],[107.55015,21.188733],[107.554511,21.189858],[107.560203,21.194234],[107.554595,21.193241],[107.550367,21.194915],[107.553251,21.199113],[107.555594,21.198099],[107.560214,21.200435],[107.563474,21.198902],[107.561692,21.20229],[107.566091,21.20363],[107.569259,21.202634],[107.56423,21.197538],[107.566858,21.197575],[107.57255,21.201082],[107.572248,21.204417],[107.583516,21.206155],[107.594308,21.214627],[107.596554,21.218928],[107.601377,21.218355],[107.601095,21.213414],[107.605718,21.218829],[107.610717,21.218697],[107.611266,21.217438],[107.608078,21.214357],[107.608864,21.211161],[107.605755,21.20449],[107.596635,21.200284],[107.596378,21.195857],[107.592888,21.191147],[107.592881,21.188623],[107.586734,21.184547],[107.583954,21.179115],[107.578911,21.183311],[107.581611,21.177101],[107.57446,21.176526],[107.572084,21.173512],[107.570953,21.174519],[107.573235,21.177285],[107.569859,21.177342],[107.570471,21.175648],[107.567488,21.172604],[107.570245,21.173569],[107.571173,21.171591],[107.573145,21.171717],[107.572216,21.169096],[107.569764,21.167982],[107.571865,21.170838],[107.568192,21.171091],[107.568285,21.166665],[107.566266,21.164007],[107.563955,21.163987],[107.562482,21.165864],[107.560153,21.164671],[107.564201,21.162266],[107.56422,21.160286],[107.557692,21.157416],[107.55838,21.156148],[107.555262,21.154337],[107.552989,21.154074],[107.550854,21.156059],[107.551382,21.152228],[107.549589,21.14988],[107.547709,21.15056],[107.547501,21.148593],[107.545104,21.148477],[107.545349,21.146623],[107.543566,21.146805],[107.540343,21.143274],[107.536538,21.148789],[107.540099,21.152446],[107.537544,21.153359],[107.541333,21.154382],[107.540954,21.156962],[107.536184,21.159576],[107.53389,21.159239],[107.534379,21.16493],[107.533125,21.165518],[107.533609,21.156063],[107.53185,21.151467],[107.528264,21.149478],[107.516606,21.149254],[107.513999,21.14778],[107.513094,21.146216],[107.517287,21.146399],[107.518781,21.14426],[107.517548,21.139886],[107.515334,21.140499],[107.514504,21.137781],[107.511707,21.138945],[107.512444,21.136147],[107.507799,21.131966],[107.502177,21.13121],[107.504676,21.129404],[107.503548,21.125611],[107.506192,21.121012],[107.487507,21.108996],[107.48598,21.106725],[107.487316,21.104448],[107.476637,21.09604],[107.474625,21.096984],[107.473664,21.094077],[107.470623,21.094909],[107.47056,21.097992],[107.469157,21.097882],[107.471432,21.089607],[107.46884,21.09275],[107.461191,21.087338],[107.455693,21.088744],[107.46048,21.08383],[107.452178,21.077405],[107.44759,21.082493],[107.439429,21.075961],[107.443413,21.071607],[107.438738,21.068198],[107.435959,21.071069],[107.432983,21.068818],[107.4312,21.070864],[107.424839,21.067148],[107.428105,21.063593],[107.432008,21.064434],[107.428508,21.058541],[107.425128,21.061994],[107.420355,21.058001],[107.418703,21.058943],[107.411276,21.051183],[107.405206,21.049549],[107.40703,21.046704],[107.395702,21.03855],[107.381911,21.038649],[107.380976,21.0465],[107.383066,21.056576],[107.38567,21.059772],[107.39074,21.060227],[107.3893,21.062459],[107.383906,21.06249],[107.386128,21.066807],[107.383988,21.068171],[107.37944,21.066439],[107.379022,21.069945],[107.381666,21.069362],[107.381535,21.071211],[107.38391,21.071093],[107.383432,21.07366],[107.386326,21.073057],[107.386149,21.074805],[107.383888,21.075349],[107.387313,21.07943],[107.383515,21.078838],[107.387738,21.08483],[107.387837,21.082059],[107.389905,21.082298],[107.389634,21.087716],[107.387857,21.088805],[107.399104,21.093308],[107.403268,21.097366],[107.397721,21.0946],[107.398548,21.096728],[107.396463,21.099089],[107.399624,21.105089],[107.400547,21.111374],[107.405071,21.113291],[107.413168,21.121886],[107.423007,21.139273],[107.427264,21.137363],[107.423075,21.128989],[107.431686,21.125572],[107.432651,21.126478],[107.434732,21.129937],[107.431213,21.130624],[107.428245,21.133394],[107.43264,21.133619],[107.432334,21.141103],[107.43625,21.14662],[107.439148,21.146779],[107.440328,21.144932],[107.443472,21.152832],[107.439958,21.155278],[107.4352,21.154021],[107.435655,21.158996],[107.433478,21.160775],[107.434484,21.162397],[107.43335,21.164405],[107.429163,21.158297],[107.429012,21.154001],[107.427393,21.15392],[107.425536,21.161142],[107.422165,21.160211],[107.419395,21.164553],[107.421249,21.166961],[107.420118,21.170022],[107.423723,21.168303],[107.424147,21.173502],[107.430566,21.173487],[107.431594,21.170463],[107.431779,21.172129],[107.433449,21.17226],[107.43144,21.174101],[107.432659,21.174671],[107.437251,21.168961],[107.439426,21.168577],[107.437087,21.16607],[107.446812,21.162179],[107.451734,21.174396],[107.449159,21.17611],[107.448585,21.179602],[107.443651,21.179691],[107.443872,21.184041],[107.453126,21.186526],[107.461289,21.182932],[107.458669,21.180957],[107.459495,21.179419],[107.466501,21.178109],[107.467742,21.180062],[107.463506,21.181652],[107.465414,21.18544],[107.466069,21.182509],[107.467895,21.183644],[107.470202,21.180493],[107.476928,21.181615],[107.479309,21.179385],[107.481182,21.181436],[107.480186,21.18408],[107.47704,21.185005],[107.475027,21.189075],[107.479637,21.190607],[107.486443,21.190132],[107.488649,21.18811],[107.489424,21.189095],[107.486285,21.191751],[107.48185,21.19134],[107.482599,21.195567],[107.480363,21.196866],[107.482783,21.197745],[107.483444,21.199892],[107.479802,21.198636],[107.476331,21.206914],[107.480238,21.191515],[107.467779,21.196429],[107.470721,21.197696],[107.470135,21.199119],[107.467502,21.199347],[107.464371,21.202219],[107.458891,21.20269],[107.456854,21.206935],[107.463814,21.203548],[107.461552,21.207501],[107.465813,21.205102],[107.465704,21.20926],[107.463073,21.212916],[107.464091,21.215015],[107.465503,21.212515],[107.466617,21.214155],[107.464102,21.217834],[107.456395,21.223302],[107.457027,21.22536],[107.454456,21.227491],[107.455711,21.228521],[107.451152,21.233017],[107.452882,21.233668],[107.453136,21.236517],[107.455298,21.236688],[107.451889,21.242571],[107.453877,21.250374],[107.461554,21.24798],[107.461885,21.245199],[107.463387,21.247403],[107.465742,21.24654],[107.466835,21.24352],[107.470262,21.2408],[107.467454,21.24739],[107.471854,21.251006],[107.470712,21.253067],[107.474749,21.251401],[107.476384,21.254653],[107.473868,21.252936],[107.468391,21.256684],[107.46821,21.251143],[107.465893,21.248827],[107.459779,21.249187],[107.45712,21.251254],[107.453853,21.260549],[107.456417,21.262038],[107.453237,21.263901],[107.456767,21.264424],[107.455258,21.265736],[107.456039,21.266676],[107.461402,21.267256],[107.456677,21.271491],[107.45906,21.275254],[107.460335,21.272587],[107.462663,21.273609],[107.4661,21.27046],[107.46823,21.272606],[107.474011,21.271566],[107.484097,21.25873],[107.495867,21.249603],[107.49787,21.245445],[107.495448,21.244794]]],[[[107.470298,21.1876],[107.472529,21.191476],[107.474746,21.190137],[107.474067,21.186574],[107.470298,21.1876]]],[[[107.456069,21.198832],[107.457537,21.199133],[107.458469,21.197985],[107.456634,21.197889],[107.456069,21.198832]]],[[[107.457644,21.218741],[107.459573,21.217231],[107.458283,21.216918],[107.456914,21.217612],[107.457644,21.218741]]],[[[107.526589,20.923803],[107.528496,20.924053],[107.527022,20.919889],[107.520544,20.916877],[107.526589,20.923803]]],[[[107.523063,20.926103],[107.521984,20.925047],[107.522343,20.926593],[107.523063,20.926103]]],[[[107.549119,20.985678],[107.550104,20.983409],[107.54833,20.984822],[107.549119,20.985678]]],[[[107.567893,20.987107],[107.568096,20.983452],[107.565705,20.984224],[107.567893,20.987107]]],[[[107.551491,20.984478],[107.55167,20.986099],[107.552333,20.985768],[107.551491,20.984478]]],[[[107.550075,20.985574],[107.548996,20.987336],[107.550723,20.986054],[107.550075,20.985574]]],[[[107.572851,20.992906],[107.571858,20.992952],[107.572349,20.994338],[107.572851,20.992906]]],[[[107.552419,21.00972],[107.549834,21.010565],[107.551688,21.011343],[107.552419,21.00972]]],[[[107.538615,21.019695],[107.538825,21.021968],[107.539809,21.020021],[107.538615,21.019695]]],[[[107.544155,21.032149],[107.544948,21.029226],[107.543599,21.027525],[107.542564,21.028323],[107.537623,21.023028],[107.538256,21.029767],[107.53941,21.030275],[107.540414,21.02799],[107.541797,21.03],[107.539984,21.034113],[107.544155,21.032149]]],[[[107.55482,21.02873],[107.557281,21.044207],[107.560147,21.036656],[107.556889,21.033625],[107.55482,21.02873]]],[[[107.541391,21.0359],[107.541789,21.042431],[107.543058,21.039963],[107.547047,21.043385],[107.547204,21.03402],[107.545664,21.031798],[107.541391,21.0359]]],[[[107.588491,21.024458],[107.584743,21.002567],[107.578128,20.987246],[107.576336,20.978422],[107.570007,20.971996],[107.56398,20.969829],[107.563109,20.975038],[107.564846,20.982823],[107.56638,20.981529],[107.570965,20.983789],[107.57505,20.990207],[107.572911,20.991755],[107.574153,20.99275],[107.573605,20.997153],[107.568269,20.993262],[107.565493,20.998424],[107.570547,21.005529],[107.571964,21.010256],[107.57105,21.013385],[107.574252,21.0213],[107.578483,21.028731],[107.579811,21.028634],[107.581331,21.024947],[107.58279,21.030666],[107.587929,21.033751],[107.587699,21.03663],[107.589125,21.035512],[107.589327,21.031317],[107.5903,21.032681],[107.591895,21.041695],[107.588346,21.041833],[107.584311,21.039724],[107.583714,21.040685],[107.586962,21.050102],[107.587656,21.055287],[107.586163,21.060893],[107.588647,21.072083],[107.59882,21.08678],[107.603674,21.089142],[107.608934,21.096863],[107.611847,21.098005],[107.616399,21.103548],[107.617334,21.105986],[107.616168,21.107134],[107.620757,21.11432],[107.631193,21.125087],[107.630074,21.119371],[107.622532,21.106708],[107.615508,21.088892],[107.615251,21.083993],[107.61068,21.074941],[107.60734,21.06036],[107.599452,21.049433],[107.599575,21.038204],[107.598054,21.033061],[107.596698,21.030036],[107.588491,21.024458]]],[[[107.524387,21.04792],[107.525589,21.052377],[107.528093,21.048366],[107.523804,21.045401],[107.521381,21.048219],[107.524387,21.04792]]],[[[107.558562,21.051707],[107.559614,21.051975],[107.560803,21.050367],[107.559397,21.049993],[107.558562,21.051707]]],[[[107.539843,21.058927],[107.54128,21.054529],[107.539025,21.053288],[107.537099,21.055613],[107.539843,21.058927]]],[[[107.529169,21.056512],[107.532734,21.055319],[107.533108,21.053108],[107.529816,21.054374],[107.528265,21.053157],[107.525285,21.056178],[107.524701,21.052897],[107.517294,21.045867],[107.507853,21.051045],[107.506828,21.050091],[107.512716,21.04532],[107.506606,21.0434],[107.509047,21.045514],[107.505176,21.045672],[107.504878,21.042699],[107.506315,21.04262],[107.507204,21.040121],[107.49841,21.04139],[107.49533,21.039891],[107.493534,21.041025],[107.497727,21.04325],[107.501644,21.041288],[107.497834,21.04735],[107.507196,21.051754],[107.507772,21.053896],[107.518952,21.056597],[107.518089,21.058223],[107.520279,21.061744],[107.52579,21.065932],[107.528234,21.070807],[107.526333,21.071343],[107.52617,21.07317],[107.533403,21.070952],[107.529922,21.069031],[107.529184,21.06531],[107.532444,21.066779],[107.534677,21.063837],[107.537241,21.063428],[107.532857,21.057132],[107.53077,21.059924],[107.528286,21.05835],[107.529169,21.056512]]],[[[107.543449,21.056892],[107.541244,21.059437],[107.542891,21.062183],[107.54454,21.057782],[107.543449,21.056892]]],[[[107.554778,21.05713],[107.553348,21.056096],[107.55175,21.058183],[107.548149,21.058541],[107.551497,21.062849],[107.554608,21.064115],[107.553337,21.065272],[107.557923,21.06982],[107.556096,21.058495],[107.559191,21.055206],[107.556889,21.049976],[107.54851,21.053615],[107.549673,21.054776],[107.552202,21.054691],[107.553309,21.05298],[107.555706,21.054215],[107.554778,21.05713]]],[[[107.54842,21.062672],[107.547343,21.060418],[107.547484,21.062865],[107.54842,21.062672]]],[[[107.568377,21.063374],[107.567805,21.066556],[107.568494,21.066959],[107.568377,21.063374]]],[[[107.574839,21.066759],[107.574741,21.062443],[107.570806,21.063792],[107.570744,21.068045],[107.572982,21.06841],[107.574839,21.066759]]],[[[107.534181,21.065622],[107.533347,21.067187],[107.534896,21.06862],[107.536101,21.066505],[107.534181,21.065622]]],[[[107.549936,21.067179],[107.547905,21.06649],[107.547783,21.068668],[107.549936,21.067179]]],[[[107.52255,21.072821],[107.524176,21.073367],[107.525011,21.071109],[107.523785,21.071253],[107.52255,21.072821]]],[[[107.571886,21.080003],[107.576592,21.084016],[107.576184,21.077523],[107.574376,21.076015],[107.571886,21.080003]]],[[[107.577809,21.088923],[107.578483,21.089471],[107.579747,21.085669],[107.578078,21.084415],[107.577809,21.088923]]],[[[107.585346,21.089814],[107.583687,21.08434],[107.582335,21.08392],[107.581854,21.0901],[107.584481,21.091529],[107.585346,21.089814]]],[[[107.528701,21.086837],[107.528291,21.084856],[107.526027,21.087693],[107.526309,21.090709],[107.528209,21.089838],[107.527081,21.08857],[107.528701,21.086837]]],[[[107.598405,21.091906],[107.597415,21.091985],[107.598311,21.093428],[107.598405,21.091906]]],[[[107.569566,21.083066],[107.566981,21.082377],[107.558774,21.087687],[107.550256,21.086591],[107.542974,21.087583],[107.546043,21.084677],[107.547774,21.086506],[107.548969,21.084675],[107.553466,21.0854],[107.55516,21.08387],[107.557896,21.085413],[107.56195,21.083246],[107.562616,21.080583],[107.559725,21.077806],[107.559372,21.073],[107.557724,21.074357],[107.551398,21.073063],[107.549345,21.070931],[107.545874,21.071051],[107.545735,21.068227],[107.539098,21.064813],[107.535389,21.073341],[107.537242,21.076251],[107.534582,21.077415],[107.532895,21.075294],[107.525165,21.078661],[107.530212,21.078955],[107.527946,21.083256],[107.529958,21.087724],[107.532612,21.084177],[107.533216,21.089501],[107.536063,21.087695],[107.541559,21.091203],[107.540706,21.093746],[107.535315,21.090354],[107.536459,21.093887],[107.535134,21.095192],[107.539599,21.095932],[107.53878,21.098597],[107.544013,21.09796],[107.546932,21.110128],[107.553824,21.117903],[107.557818,21.118582],[107.555646,21.112812],[107.571997,21.110387],[107.573404,21.111852],[107.568627,21.114003],[107.566622,21.112843],[107.567227,21.114724],[107.577272,21.118231],[107.579906,21.120687],[107.580429,21.116621],[107.578483,21.113966],[107.581522,21.109216],[107.574425,21.105939],[107.575084,21.103955],[107.579448,21.106075],[107.5722,21.089743],[107.570992,21.088144],[107.569374,21.088895],[107.571358,21.086572],[107.569566,21.083066]]],[[[107.587467,21.101733],[107.588864,21.100242],[107.584823,21.092335],[107.583563,21.092384],[107.585024,21.101209],[107.587467,21.101733]]],[[[107.583688,21.096312],[107.583028,21.096249],[107.583494,21.097858],[107.583688,21.096312]]],[[[107.537332,21.110094],[107.53977,21.105688],[107.537522,21.107585],[107.537332,21.110094]]],[[[107.598371,21.108776],[107.598397,21.112191],[107.601193,21.112714],[107.599814,21.109562],[107.598371,21.108776]]],[[[107.569741,21.111139],[107.568135,21.111894],[107.568401,21.112543],[107.570954,21.112235],[107.569741,21.111139]]],[[[107.61449,21.113093],[107.615491,21.112264],[107.61402,21.111305],[107.613185,21.112237],[107.61449,21.113093]]],[[[107.541577,21.113407],[107.541527,21.116371],[107.543216,21.116935],[107.543085,21.114158],[107.541577,21.113407]]],[[[107.61833,21.120882],[107.61993,21.123387],[107.620274,21.123492],[107.619411,21.12056],[107.61833,21.120882]]],[[[107.608117,21.128037],[107.609885,21.128139],[107.607925,21.126391],[107.610659,21.124329],[107.607319,21.118003],[107.606668,21.120129],[107.603815,21.11932],[107.602945,21.120617],[107.604462,21.123672],[107.608078,21.121268],[107.605535,21.125036],[107.608117,21.128037]]],[[[107.5817,21.124635],[107.583336,21.12538],[107.582005,21.122853],[107.58057,21.123321],[107.5817,21.124635]]],[[[107.560333,21.134036],[107.566521,21.137973],[107.568644,21.137547],[107.566097,21.135142],[107.571939,21.133621],[107.576094,21.137347],[107.58019,21.138668],[107.582754,21.13506],[107.578293,21.1306],[107.577729,21.127836],[107.571204,21.124877],[107.565261,21.119099],[107.55872,21.119672],[107.556468,21.12202],[107.556655,21.128379],[107.563734,21.132446],[107.564844,21.134642],[107.560333,21.134036]]],[[[107.592738,21.132682],[107.588562,21.129625],[107.591396,21.132728],[107.592738,21.132682]]],[[[107.510261,21.128036],[107.508633,21.129366],[107.506012,21.128287],[107.506284,21.129478],[107.5125,21.134377],[107.515863,21.134598],[107.516417,21.136749],[107.519433,21.136095],[107.520792,21.138166],[107.523592,21.138479],[107.52216,21.140037],[107.524329,21.144258],[107.53181,21.143896],[107.536486,21.145886],[107.538692,21.144174],[107.538087,21.141484],[107.533205,21.139562],[107.533095,21.136773],[107.52444,21.13182],[107.51746,21.13056],[107.517657,21.128935],[107.510231,21.123329],[107.507554,21.123749],[107.510261,21.128036]]],[[[107.650233,21.140904],[107.643282,21.132585],[107.645067,21.139036],[107.650233,21.140904]]],[[[107.520583,21.142305],[107.520847,21.143381],[107.522722,21.143414],[107.521883,21.141804],[107.520583,21.142305]]],[[[107.520848,21.144682],[107.519167,21.146957],[107.521907,21.148863],[107.524485,21.148143],[107.525132,21.145266],[107.522852,21.146018],[107.520848,21.144682]]],[[[107.528003,21.145298],[107.526659,21.145563],[107.528077,21.148521],[107.528003,21.145298]]],[[[107.585705,21.144993],[107.581747,21.141672],[107.580871,21.148601],[107.583679,21.151977],[107.587582,21.152371],[107.589977,21.156151],[107.589973,21.151572],[107.585868,21.149424],[107.585705,21.144993]]],[[[107.654496,21.148853],[107.658387,21.161175],[107.657992,21.164132],[107.659872,21.165563],[107.657628,21.173668],[107.662994,21.185908],[107.662858,21.191176],[107.66879,21.201693],[107.670044,21.207943],[107.677409,21.215197],[107.679416,21.215434],[107.682168,21.213829],[107.674881,21.203791],[107.672005,21.18413],[107.664219,21.16322],[107.665383,21.145035],[107.656403,21.138333],[107.654295,21.140858],[107.654834,21.146065],[107.657966,21.14741],[107.654496,21.148853]]],[[[107.626935,21.192381],[107.626423,21.188776],[107.621361,21.181937],[107.618204,21.172651],[107.617269,21.173048],[107.620989,21.183101],[107.626935,21.192381]]],[[[107.585872,21.213604],[107.577172,21.208903],[107.568191,21.205897],[107.567079,21.206885],[107.573746,21.211159],[107.587935,21.216356],[107.585872,21.213604]]],[[[107.686322,21.220199],[107.682263,21.219714],[107.681654,21.221008],[107.684772,21.22182],[107.686647,21.225496],[107.689791,21.227453],[107.692313,21.23305],[107.694929,21.233987],[107.694844,21.230764],[107.687116,21.22322],[107.686322,21.220199]]]]}}]}