{"type":"FeatureCollection","features":[{"type":"Feature","properties":{"code":"04795","name":"Phường Hòa Bình","type":"Phường"},"geometry":{"type":"Polygon","coordinates":[[[105.378468,20.807623],[105.36031,20.803987],[105.35081,20.809622],[105.349492,20.811712],[105.35179,20.811881],[105.351884,20.813971],[105.346771,20.813956],[105.3431,20.806843],[105.337707,20.806194],[105.335328,20.802492],[105.331367,20.801621],[105.330201,20.806143],[105.325979,20.806814],[105.318874,20.812173],[105.312831,20.822292],[105.316548,20.827692],[105.318543,20.827112],[105.318078,20.833467],[105.324826,20.839679],[105.334912,20.841798],[105.343615,20.840411],[105.344638,20.843244],[105.340092,20.8462],[105.341351,20.847733],[105.343414,20.847237],[105.346226,20.851622],[105.338746,20.85784],[105.337785,20.862414],[105.342247,20.885405],[105.344503,20.883624],[105.346313,20.884268],[105.347658,20.880668],[105.351302,20.881079],[105.352076,20.878238],[105.35594,20.878754],[105.35619,20.876476],[105.359192,20.87567],[105.361612,20.872441],[105.366066,20.872546],[105.368671,20.869032],[105.374577,20.868586],[105.378251,20.865414],[105.379956,20.85702],[105.377467,20.853096],[105.379336,20.849284],[105.374222,20.846072],[105.377326,20.84024],[105.37744,20.838356],[105.375289,20.837153],[105.381228,20.823854],[105.384538,20.824341],[105.38569,20.822629],[105.378468,20.807623]]]}},{"type":"Feature","properties":{"code":"04894","name":"Phường Kỳ Sơn","type":"Phường"},"geometry":{"type":"Polygon","coordinates":[[[105.455722,20.910997],[105.447205,20.89737],[105.448663,20.895916],[105.442009,20.893276],[105.445491,20.885222],[105.443883,20.885561],[105.443443,20.881842],[105.444784,20.881166],[105.443195,20.880881],[105.442262,20.875157],[105.439951,20.873488],[105.440367,20.870096],[105.437613,20.868746],[105.437093,20.864264],[105.440583,20.864621],[105.44046,20.859373],[105.436034,20.857131],[105.43458,20.853682],[105.430421,20.850719],[105.430359,20.847947],[105.425779,20.846073],[105.423811,20.840819],[105.426186,20.83686],[105.428756,20.837756],[105.431125,20.836175],[105.432285,20.832995],[105.430214,20.828656],[105.42475,20.826555],[105.424796,20.823332],[105.418596,20.82264],[105.415489,20.824054],[105.414827,20.813578],[105.410369,20.811997],[105.407686,20.803381],[105.400819,20.804944],[105.394555,20.80351],[105.392155,20.791094],[105.388742,20.784882],[105.380201,20.781196],[105.373594,20.783006],[105.372927,20.786875],[105.375861,20.793479],[105.375199,20.801596],[105.385691,20.822287],[105.384538,20.824341],[105.381228,20.823854],[105.375289,20.837153],[105.37744,20.838356],[105.377326,20.84024],[105.374222,20.846072],[105.379309,20.849165],[105.377467,20.853096],[105.379956,20.85702],[105.379338,20.861877],[105.376444,20.867444],[105.368671,20.869032],[105.365854,20.872619],[105.361612,20.872441],[105.359192,20.87567],[105.35619,20.876476],[105.35594,20.878754],[105.352076,20.878238],[105.351302,20.881079],[105.347658,20.880668],[105.346313,20.884268],[105.344503,20.883624],[105.342247,20.885405],[105.34859,20.90294],[105.348751,20.917776],[105.354706,20.918865],[105.359062,20.917769],[105.359386,20.921632],[105.362782,20.923648],[105.36446,20.930637],[105.369671,20.929929],[105.373772,20.931576],[105.378238,20.930234],[105.384218,20.925545],[105.388808,20.925706],[105.392546,20.920177],[105.397093,20.925656],[105.406692,20.930611],[105.410433,20.93076],[105.410719,20.92921],[105.417127,20.927746],[105.423107,20.932217],[105.421344,20.935466],[105.422842,20.936416],[105.422901,20.939195],[105.429328,20.945107],[105.433735,20.956667],[105.437439,20.955006],[105.443391,20.95664],[105.452824,20.953392],[105.461099,20.946677],[105.46501,20.946216],[105.464913,20.942762],[105.460342,20.938693],[105.458075,20.933221],[105.460337,20.931226],[105.460258,20.927737],[105.455722,20.910997]]]}},{"type":"Feature","properties":{"code":"07894","name":"Phường Nông Trang","type":"Phường"},"geometry":{"type":"Polygon","coordinates":[[[105.339264,21.350385],[105.347542,21.344488],[105.353711,21.343404],[105.355048,21.340453],[105.355737,21.341641],[105.360424,21.341182],[105.360575,21.344233],[105.365491,21.343937],[105.366068,21.34023],[105.36877,21.340978],[105.368763,21.338697],[105.370448,21.339098],[105.370241,21.340951],[105.373177,21.34088],[105.374892,21.338957],[105.375266,21.34117],[105.377554,21.339366],[105.37611,21.337443],[105.379289,21.336133],[105.381429,21.338059],[105.3883,21.335556],[105.389896,21.329856],[105.381172,21.32324],[105.374477,21.323588],[105.374795,21.325492],[105.370956,21.316681],[105.367836,21.31777],[105.368689,21.31925],[105.370853,21.318629],[105.372,21.321072],[105.367685,21.32234],[105.365876,21.319528],[105.367646,21.317701],[105.367555,21.314922],[105.364702,21.314359],[105.354706,21.305915],[105.353812,21.306516],[105.355684,21.309936],[105.352798,21.311608],[105.350885,21.310419],[105.348877,21.312672],[105.339269,21.313347],[105.337013,21.311856],[105.336658,21.314415],[105.334682,21.313562],[105.334503,21.314783],[105.332441,21.312849],[105.331193,21.319377],[105.338476,21.334805],[105.336181,21.336255],[105.339855,21.339139],[105.337127,21.343136],[105.339242,21.3442],[105.336092,21.348198],[105.339264,21.350385]]]}},{"type":"Feature","properties":{"code":"07954","name":"Phường Phong Châu","type":"Phường"},"geometry":{"type":"Polygon","coordinates":[[[105.25446,21.460666],[105.263574,21.453966],[105.268283,21.453999],[105.268955,21.451898],[105.270257,21.45344],[105.270779,21.453362],[105.269409,21.451631],[105.27106,21.450221],[105.271296,21.451393],[105.272796,21.450958],[105.272958,21.452297],[105.274836,21.452865],[105.274851,21.451326],[105.276192,21.451656],[105.278544,21.448702],[105.280105,21.449211],[105.280587,21.449159],[105.280407,21.447603],[105.28343,21.445713],[105.282952,21.443667],[105.280905,21.443229],[105.279553,21.44202],[105.280138,21.441418],[105.2812,21.442881],[105.281902,21.442552],[105.280385,21.440525],[105.281895,21.437982],[105.277353,21.437578],[105.279361,21.431806],[105.278759,21.427624],[105.273784,21.420594],[105.277288,21.415379],[105.276023,21.413887],[105.279513,21.412237],[105.281047,21.407923],[105.278683,21.40557],[105.277533,21.406952],[105.275729,21.404475],[105.275908,21.396114],[105.2708,21.392947],[105.268388,21.385299],[105.266676,21.387778],[105.264205,21.387479],[105.266745,21.384908],[105.262073,21.38387],[105.258295,21.385788],[105.25662,21.385264],[105.256588,21.382508],[105.252537,21.383504],[105.24973,21.381418],[105.241813,21.392441],[105.235862,21.396618],[105.230142,21.396802],[105.223829,21.392291],[105.221361,21.405362],[105.223517,21.407241],[105.227801,21.407527],[105.227833,21.409705],[105.234705,21.407481],[105.237003,21.404695],[105.237215,21.406217],[105.242817,21.406404],[105.246522,21.410054],[105.246175,21.412186],[105.24921,21.414868],[105.248389,21.418437],[105.250724,21.420246],[105.24972,21.425585],[105.252503,21.429963],[105.248196,21.434507],[105.250342,21.436772],[105.24773,21.435643],[105.24415,21.438977],[105.244945,21.439548],[105.244829,21.440038],[105.241999,21.438381],[105.235606,21.439378],[105.233615,21.437804],[105.231761,21.441497],[105.233235,21.444616],[105.237328,21.445482],[105.241015,21.449738],[105.240729,21.453141],[105.238544,21.453135],[105.240386,21.458695],[105.24346,21.457623],[105.247069,21.460289],[105.25093,21.458797],[105.25446,21.460666]]]}},{"type":"Feature","properties":{"code":"07942","name":"Phường Phú Thọ","type":"Phường"},"geometry":{"type":"Polygon","coordinates":[[[105.229308,21.46573],[105.235633,21.463527],[105.236501,21.464716],[105.236807,21.460452],[105.239883,21.455958],[105.238573,21.45301],[105.240729,21.453141],[105.241015,21.449738],[105.237328,21.445482],[105.233178,21.444564],[105.232146,21.439518],[105.233615,21.437804],[105.235606,21.439378],[105.241999,21.438381],[105.244829,21.440038],[105.24415,21.438977],[105.24773,21.435643],[105.250342,21.436772],[105.248196,21.434507],[105.252503,21.429963],[105.24972,21.425585],[105.250724,21.420246],[105.248389,21.418437],[105.248892,21.413885],[105.246274,21.412327],[105.246522,21.410054],[105.242817,21.406404],[105.237215,21.406217],[105.237003,21.404695],[105.234705,21.407481],[105.227833,21.409705],[105.227801,21.407527],[105.223517,21.407241],[105.221361,21.405362],[105.222147,21.402392],[105.218663,21.401905],[105.216627,21.398994],[105.212481,21.400947],[105.203688,21.400049],[105.203909,21.402162],[105.198011,21.401188],[105.194721,21.405347],[105.19553,21.407375],[105.19857,21.408434],[105.19582,21.409524],[105.199351,21.408524],[105.198228,21.411733],[105.203326,21.414713],[105.197169,21.419602],[105.196794,21.425677],[105.201985,21.431643],[105.204608,21.430438],[105.205121,21.432474],[105.210071,21.431616],[105.210177,21.43312],[105.213254,21.433279],[105.210849,21.434453],[105.213724,21.434835],[105.212534,21.436521],[105.215226,21.436242],[105.214775,21.439096],[105.219012,21.438411],[105.220243,21.439564],[105.215919,21.444444],[105.219652,21.44311],[105.219063,21.446291],[105.221677,21.450887],[105.221105,21.453612],[105.223921,21.45481],[105.22302,21.456539],[105.225436,21.457289],[105.229308,21.46573]]]}},{"type":"Feature","properties":{"code":"08740","name":"Phường Phúc Yên","type":"Phường"},"geometry":{"type":"Polygon","coordinates":[[[105.70115,21.278784],[105.702442,21.275816],[105.704799,21.274728],[105.703739,21.273491],[105.706856,21.273641],[105.707901,21.270733],[105.710148,21.270742],[105.712153,21.27313],[105.713898,21.270928],[105.715027,21.272816],[105.719176,21.270735],[105.720791,21.271546],[105.722161,21.268893],[105.724161,21.268881],[105.724784,21.25728],[105.723505,21.251772],[105.729197,21.248762],[105.724997,21.242444],[105.728503,21.240722],[105.734261,21.241812],[105.737592,21.236132],[105.732439,21.23544],[105.734593,21.233114],[105.724725,21.22472],[105.722084,21.227503],[105.719683,21.223154],[105.715682,21.224477],[105.711711,21.2228],[105.709896,21.219679],[105.705098,21.221433],[105.70326,21.221277],[105.701766,21.2186],[105.698507,21.219633],[105.69728,21.218423],[105.698215,21.213545],[105.693336,21.221499],[105.690239,21.219882],[105.68866,21.221503],[105.685888,21.226459],[105.685859,21.229659],[105.682534,21.230914],[105.691006,21.234654],[105.691933,21.233441],[105.694413,21.237051],[105.682192,21.240151],[105.680521,21.242499],[105.686545,21.249271],[105.685605,21.254554],[105.690376,21.262041],[105.693967,21.260749],[105.70229,21.261875],[105.702222,21.26319],[105.698399,21.262767],[105.695573,21.26651],[105.693124,21.266899],[105.694592,21.268797],[105.693985,21.271117],[105.689334,21.275359],[105.694445,21.275971],[105.69493,21.278396],[105.699309,21.277353],[105.70115,21.278784]]]}},{"type":"Feature","properties":{"code":"07909","name":"Phường Thanh Miếu","type":"Phường"},"geometry":{"type":"Polygon","coordinates":[[[105.43533,21.32512],[105.442247,21.320707],[105.445938,21.323833],[105.454938,21.31417],[105.45608,21.310833],[105.455416,21.304143],[105.449314,21.299412],[105.449176,21.295612],[105.453439,21.292373],[105.44969,21.28131],[105.447811,21.264116],[105.443885,21.264925],[105.440056,21.280268],[105.43523,21.286578],[105.4113,21.299027],[105.391958,21.305671],[105.394834,21.313481],[105.402032,21.320482],[105.409609,21.319301],[105.416915,21.31231],[105.42477,21.316942],[105.428001,21.315671],[105.430054,21.317897],[105.426234,21.320136],[105.431155,21.322878],[105.432449,21.32193],[105.43533,21.32512]]]}},{"type":"Feature","properties":{"code":"04828","name":"Phường Thống Nhất","type":"Phường"},"geometry":{"type":"Polygon","coordinates":[[[105.378468,20.807623],[105.375199,20.801596],[105.375861,20.793479],[105.372927,20.786875],[105.372763,20.782419],[105.377962,20.770059],[105.377675,20.762549],[105.36799,20.75853],[105.36506,20.752907],[105.362415,20.751741],[105.358483,20.746427],[105.347799,20.743209],[105.337244,20.747262],[105.334215,20.753148],[105.333019,20.759248],[105.334384,20.761465],[105.331562,20.761056],[105.328398,20.763964],[105.327161,20.761624],[105.323128,20.763368],[105.321139,20.771527],[105.31837,20.773652],[105.31572,20.772944],[105.315538,20.769907],[105.312514,20.766593],[105.303979,20.768202],[105.30297,20.776739],[105.295779,20.784368],[105.270784,20.771841],[105.268627,20.769497],[105.262048,20.771346],[105.26341,20.774221],[105.260887,20.774359],[105.258288,20.777613],[105.245673,20.780304],[105.240101,20.779753],[105.232507,20.785352],[105.251307,20.805761],[105.260588,20.806009],[105.287317,20.79731],[105.292299,20.797082],[105.297752,20.79822],[105.310279,20.807005],[105.320544,20.803572],[105.32605,20.806789],[105.329438,20.806402],[105.330395,20.802184],[105.335039,20.802384],[105.337707,20.806194],[105.343176,20.806914],[105.346771,20.813956],[105.351884,20.813971],[105.35179,20.811881],[105.349492,20.811712],[105.35081,20.809622],[105.36031,20.803987],[105.378468,20.807623]]]}},{"type":"Feature","properties":{"code":"04792","name":"Phường Tân Hòa","type":"Phường"},"geometry":{"type":"Polygon","coordinates":[[[105.344568,20.939191],[105.348751,20.917778],[105.348959,20.905271],[105.341144,20.882401],[105.337771,20.865257],[105.338746,20.85784],[105.346226,20.851622],[105.343414,20.847237],[105.341351,20.847733],[105.340092,20.8462],[105.344638,20.843244],[105.343615,20.840411],[105.335369,20.841809],[105.327771,20.840772],[105.321274,20.837325],[105.318078,20.833467],[105.318543,20.827112],[105.316548,20.827692],[105.312831,20.822292],[105.316883,20.814419],[105.32605,20.806789],[105.324289,20.804866],[105.320544,20.803572],[105.310279,20.807005],[105.29471,20.797326],[105.287317,20.79731],[105.280898,20.7992],[105.281938,20.802032],[105.280624,20.807258],[105.292217,20.813072],[105.294526,20.812831],[105.29671,20.815162],[105.300609,20.815196],[105.304698,20.820539],[105.303774,20.824655],[105.295937,20.833377],[105.296753,20.837654],[105.29152,20.843124],[105.292887,20.847346],[105.295367,20.849075],[105.293727,20.852446],[105.300335,20.857381],[105.296482,20.871084],[105.293475,20.872749],[105.294733,20.879951],[105.292256,20.884939],[105.295286,20.889345],[105.300881,20.89321],[105.301224,20.899401],[105.306091,20.900479],[105.310474,20.905472],[105.313445,20.914144],[105.311592,20.91727],[105.312147,20.923389],[105.316529,20.927959],[105.316632,20.933791],[105.331174,20.938701],[105.344568,20.939191]]]}},{"type":"Feature","properties":{"code":"07900","name":"Phường Việt Trì","type":"Phường"},"geometry":{"type":"Polygon","coordinates":[[[105.401416,21.349929],[105.430001,21.336313],[105.445938,21.323833],[105.442247,21.320707],[105.43533,21.32512],[105.432449,21.32193],[105.431155,21.322878],[105.426234,21.320136],[105.430054,21.317897],[105.428001,21.315671],[105.42477,21.316942],[105.416463,21.31225],[105.409609,21.319301],[105.402032,21.320482],[105.394834,21.313481],[105.391958,21.305671],[105.37516,21.295456],[105.374277,21.292172],[105.362164,21.284926],[105.351788,21.294791],[105.354761,21.30608],[105.364702,21.314359],[105.367555,21.314922],[105.367646,21.317701],[105.365876,21.319528],[105.367685,21.32234],[105.372,21.321072],[105.370853,21.318629],[105.368689,21.31925],[105.367836,21.31777],[105.370956,21.316681],[105.374795,21.325492],[105.374477,21.323588],[105.381172,21.32324],[105.389364,21.328879],[105.3883,21.335556],[105.386801,21.33521],[105.384903,21.337898],[105.387083,21.339231],[105.387195,21.343118],[105.390281,21.345692],[105.392074,21.344569],[105.390222,21.347034],[105.392474,21.345719],[105.393746,21.347474],[105.394564,21.345574],[105.394244,21.34811],[105.398196,21.347503],[105.401416,21.349929]]]}},{"type":"Feature","properties":{"code":"07918","name":"Phường Vân Phú","type":"Phường"},"geometry":{"type":"Polygon","coordinates":[[[105.368211,21.400266],[105.373127,21.39719],[105.373378,21.392771],[105.374662,21.391995],[105.370285,21.389788],[105.367756,21.386453],[105.371093,21.382191],[105.370621,21.380635],[105.371979,21.380809],[105.372731,21.375956],[105.378972,21.373446],[105.385532,21.37673],[105.387305,21.375777],[105.390117,21.37032],[105.391761,21.370484],[105.391653,21.365755],[105.394474,21.35867],[105.401416,21.349929],[105.398196,21.347503],[105.394244,21.34811],[105.394564,21.345574],[105.393746,21.347474],[105.392474,21.345719],[105.390222,21.347034],[105.392074,21.344569],[105.390213,21.345671],[105.386664,21.3426],[105.387291,21.339776],[105.385072,21.336514],[105.381429,21.338059],[105.379289,21.336133],[105.37611,21.337443],[105.377554,21.339366],[105.375266,21.34117],[105.374892,21.338957],[105.373177,21.34088],[105.370241,21.340951],[105.370448,21.339098],[105.368722,21.33871],[105.36877,21.340978],[105.366068,21.34023],[105.365491,21.343937],[105.360398,21.344194],[105.360424,21.341182],[105.355737,21.341641],[105.355048,21.340453],[105.353711,21.343404],[105.347542,21.344488],[105.339188,21.350523],[105.337338,21.350045],[105.336414,21.352135],[105.337873,21.353876],[105.333294,21.359087],[105.333957,21.362826],[105.336315,21.361898],[105.343331,21.365966],[105.344022,21.368217],[105.339317,21.374419],[105.34165,21.376602],[105.343456,21.375608],[105.342618,21.377503],[105.347271,21.377449],[105.350328,21.387788],[105.352696,21.3882],[105.357236,21.39693],[105.361379,21.398186],[105.365965,21.394999],[105.367203,21.396636],[105.366064,21.39885],[105.368211,21.400266]]]}},{"type":"Feature","properties":{"code":"08716","name":"Phường Vĩnh Phúc","type":"Phường"},"geometry":{"type":"Polygon","coordinates":[[[105.613644,21.345164],[105.617465,21.344555],[105.619009,21.342462],[105.620577,21.33687],[105.623215,21.334924],[105.622357,21.333013],[105.624891,21.331293],[105.627706,21.324762],[105.635858,21.322785],[105.63625,21.319303],[105.63407,21.320054],[105.632043,21.317358],[105.639841,21.303727],[105.637431,21.297398],[105.630744,21.294172],[105.630279,21.295327],[105.627585,21.294558],[105.627034,21.289818],[105.622558,21.288072],[105.621677,21.290052],[105.617978,21.288692],[105.616087,21.290955],[105.615713,21.295048],[105.611115,21.300756],[105.606428,21.297803],[105.600604,21.298519],[105.590934,21.296503],[105.588342,21.301099],[105.590771,21.30416],[105.590561,21.30746],[105.593449,21.309038],[105.59461,21.312868],[105.587041,21.316644],[105.583491,21.31206],[105.580704,21.312853],[105.580368,21.311251],[105.577486,21.310318],[105.578325,21.314758],[105.573105,21.327268],[105.577724,21.329115],[105.58047,21.332962],[105.586915,21.33447],[105.592942,21.343113],[105.597519,21.345151],[105.599546,21.34408],[105.60549,21.344892],[105.604355,21.341048],[105.609963,21.341267],[105.613644,21.345164]]]}},{"type":"Feature","properties":{"code":"08707","name":"Phường Vĩnh Yên","type":"Phường"},"geometry":{"type":"Polygon","coordinates":[[[105.572467,21.328391],[105.578331,21.314733],[105.577486,21.310318],[105.580368,21.311251],[105.580704,21.312853],[105.583491,21.31206],[105.587041,21.316644],[105.59461,21.312868],[105.593449,21.309038],[105.590561,21.30746],[105.590771,21.30416],[105.588342,21.301099],[105.590934,21.296503],[105.600604,21.298519],[105.606428,21.297803],[105.610793,21.300833],[105.615713,21.295048],[105.616087,21.290955],[105.617978,21.288692],[105.621677,21.290052],[105.625779,21.276366],[105.619907,21.276002],[105.619365,21.274238],[105.62132,21.272473],[105.617581,21.270548],[105.617123,21.267408],[105.612987,21.265682],[105.606301,21.268891],[105.604985,21.271216],[105.606403,21.272552],[105.602988,21.27718],[105.601237,21.277034],[105.600786,21.28022],[105.592867,21.279201],[105.592542,21.281419],[105.588752,21.280784],[105.587286,21.283951],[105.588383,21.285334],[105.588202,21.285557],[105.584866,21.279811],[105.582027,21.279918],[105.582781,21.282311],[105.580748,21.285452],[105.580048,21.283977],[105.578049,21.284323],[105.575956,21.280903],[105.569276,21.282438],[105.567466,21.278447],[105.565499,21.277973],[105.564758,21.274211],[105.560088,21.273527],[105.553425,21.27515],[105.554243,21.279567],[105.549115,21.289943],[105.553267,21.293821],[105.55029,21.296934],[105.553254,21.299106],[105.549701,21.301409],[105.55051,21.304552],[105.552324,21.303844],[105.554713,21.30651],[105.553581,21.307286],[105.557129,21.309356],[105.559205,21.305549],[105.567186,21.310222],[105.559654,21.318633],[105.554891,21.317441],[105.555381,21.320099],[105.559754,21.321646],[105.560415,21.318806],[105.567496,21.320991],[105.565649,21.326759],[105.56956,21.327629],[105.570271,21.326048],[105.572467,21.328391]]]}},{"type":"Feature","properties":{"code":"08746","name":"Phường Xuân Hòa","type":"Phường"},"geometry":{"type":"Polygon","coordinates":[[[105.739332,21.414682],[105.74967,21.416035],[105.763019,21.401361],[105.765906,21.389605],[105.762171,21.385409],[105.759829,21.378138],[105.768638,21.374969],[105.769825,21.370906],[105.773128,21.370664],[105.775383,21.361111],[105.785113,21.359206],[105.786128,21.35515],[105.783017,21.353867],[105.785317,21.34289],[105.783101,21.342895],[105.776148,21.337053],[105.77196,21.32546],[105.767794,21.3183],[105.762643,21.31399],[105.760776,21.306674],[105.758438,21.304195],[105.759344,21.303292],[105.752818,21.297346],[105.753404,21.295456],[105.749489,21.29603],[105.74568,21.294028],[105.744938,21.291907],[105.74306,21.292891],[105.742811,21.290348],[105.740801,21.290472],[105.742545,21.289079],[105.741957,21.287329],[105.739635,21.287867],[105.739409,21.286666],[105.738158,21.288125],[105.736226,21.286735],[105.736874,21.28574],[105.735098,21.284331],[105.735957,21.279545],[105.733411,21.279455],[105.732696,21.275181],[105.728984,21.275933],[105.727953,21.273041],[105.725509,21.273166],[105.72573,21.271197],[105.729247,21.269602],[105.728658,21.268312],[105.724645,21.266141],[105.724161,21.268881],[105.722161,21.268893],[105.720791,21.271546],[105.719176,21.270735],[105.715027,21.272816],[105.713898,21.270928],[105.712153,21.27313],[105.710148,21.270742],[105.707901,21.270733],[105.706856,21.273641],[105.703739,21.273491],[105.704799,21.274728],[105.702442,21.275816],[105.70115,21.278784],[105.699309,21.277353],[105.69493,21.278396],[105.694445,21.275971],[105.689334,21.275359],[105.68617,21.28351],[105.683125,21.284025],[105.689082,21.289062],[105.687254,21.291643],[105.683433,21.292859],[105.687674,21.296693],[105.687737,21.29954],[105.692047,21.296871],[105.695331,21.297112],[105.693709,21.301626],[105.69505,21.302851],[105.697339,21.301869],[105.697071,21.30618],[105.699359,21.308551],[105.699132,21.310419],[105.702728,21.31042],[105.701595,21.3145],[105.699199,21.316568],[105.702807,21.319419],[105.701841,21.32126],[105.697568,21.320747],[105.699125,21.323347],[105.697683,21.324464],[105.701821,21.330527],[105.702191,21.335584],[105.706629,21.337392],[105.704007,21.339169],[105.706924,21.342521],[105.706289,21.34579],[105.703904,21.346505],[105.703182,21.348496],[105.705094,21.34867],[105.703438,21.349317],[105.704192,21.35498],[105.712254,21.35984],[105.710325,21.362118],[105.711545,21.366642],[105.709273,21.373229],[105.712033,21.376398],[105.711261,21.378611],[105.712964,21.379157],[105.712916,21.383536],[105.711409,21.384777],[105.712924,21.38643],[105.713005,21.390422],[105.714739,21.390495],[105.714019,21.394323],[105.716732,21.39416],[105.714489,21.400866],[105.716984,21.403292],[105.720344,21.403871],[105.720599,21.406056],[105.725516,21.409305],[105.726072,21.411616],[105.729181,21.40932],[105.733373,21.409954],[105.739332,21.414682]]]}},{"type":"Feature","properties":{"code":"07948","name":"Phường Âu Cơ","type":"Phường"},"geometry":{"type":"Polygon","coordinates":[[[105.196439,21.420121],[105.203326,21.414713],[105.198228,21.411733],[105.199351,21.408524],[105.19765,21.409734],[105.19582,21.409524],[105.19857,21.408434],[105.19553,21.407375],[105.194721,21.405347],[105.198011,21.401188],[105.203909,21.402162],[105.203688,21.400049],[105.212481,21.400947],[105.21621,21.398922],[105.218663,21.401905],[105.222147,21.402392],[105.223829,21.392291],[105.218431,21.388905],[105.21401,21.378178],[105.21444,21.367823],[105.207848,21.367501],[105.199869,21.364653],[105.198808,21.365929],[105.200952,21.379454],[105.19177,21.390446],[105.193677,21.396361],[105.191539,21.39702],[105.185951,21.394505],[105.185174,21.395793],[105.182785,21.395289],[105.182619,21.396924],[105.181646,21.395489],[105.180582,21.395788],[105.183533,21.397772],[105.183044,21.401181],[105.187592,21.400486],[105.18821,21.401822],[105.175558,21.407665],[105.18089,21.413553],[105.182737,21.413512],[105.181937,21.416587],[105.183313,21.419465],[105.188549,21.416861],[105.196439,21.420121]]]}},{"type":"Feature","properties":{"code":"05425","name":"Xã An Bình","type":"Xã"},"geometry":{"type":"Polygon","coordinates":[[[105.69335,20.552962],[105.706896,20.551306],[105.712573,20.548953],[105.713014,20.523261],[105.715963,20.520097],[105.720553,20.518115],[105.723386,20.518916],[105.723158,20.524868],[105.724534,20.527349],[105.726436,20.521872],[105.730141,20.522455],[105.729228,20.519434],[105.73327,20.513681],[105.737883,20.517207],[105.74035,20.51728],[105.740276,20.522538],[105.741404,20.523455],[105.742524,20.521863],[105.743915,20.524201],[105.747137,20.521294],[105.752786,20.524394],[105.754252,20.520703],[105.755835,20.521064],[105.760602,20.51586],[105.758704,20.513935],[105.759453,20.51048],[105.755463,20.509529],[105.750709,20.505067],[105.741049,20.50239],[105.739456,20.499114],[105.741282,20.495375],[105.739998,20.493789],[105.741282,20.492034],[105.740125,20.483968],[105.742511,20.466045],[105.74747,20.455949],[105.754011,20.42595],[105.756761,20.417869],[105.759216,20.416539],[105.758853,20.414641],[105.752608,20.412871],[105.753542,20.409747],[105.752138,20.406503],[105.755914,20.399649],[105.75339,20.39885],[105.755008,20.394785],[105.754244,20.391915],[105.755503,20.391163],[105.75461,20.388067],[105.760168,20.378838],[105.758084,20.375521],[105.758621,20.373547],[105.756014,20.371517],[105.757152,20.367225],[105.746622,20.367053],[105.745279,20.373679],[105.745917,20.382205],[105.741891,20.384293],[105.729849,20.385718],[105.730136,20.391476],[105.733028,20.39868],[105.727964,20.399557],[105.72832,20.401864],[105.725016,20.401855],[105.719449,20.407366],[105.711492,20.408352],[105.705321,20.411957],[105.701081,20.409748],[105.69724,20.412],[105.701204,20.416405],[105.700046,20.419418],[105.701791,20.421342],[105.701149,20.429851],[105.69996,20.432166],[105.694845,20.436928],[105.6884,20.435428],[105.684716,20.439618],[105.682686,20.438136],[105.675323,20.453753],[105.66918,20.458464],[105.671588,20.462058],[105.671889,20.474173],[105.679451,20.479079],[105.679946,20.482624],[105.682584,20.483262],[105.68145,20.485705],[105.677542,20.487848],[105.678823,20.494782],[105.68939,20.502237],[105.689831,20.506796],[105.677073,20.510852],[105.675455,20.510954],[105.674922,20.508095],[105.670978,20.510179],[105.666491,20.510056],[105.661557,20.506474],[105.657527,20.500277],[105.657118,20.494842],[105.655191,20.492699],[105.650674,20.495093],[105.645867,20.492338],[105.641368,20.493273],[105.637611,20.488333],[105.632025,20.491019],[105.631816,20.494794],[105.628153,20.502505],[105.620836,20.505434],[105.617795,20.503684],[105.614855,20.503281],[105.617245,20.504154],[105.614307,20.513238],[105.611812,20.513734],[105.611084,20.5234],[105.613177,20.524437],[105.61806,20.522569],[105.624957,20.525838],[105.630029,20.524476],[105.635026,20.526086],[105.641801,20.525867],[105.6442,20.522147],[105.655185,20.524557],[105.654966,20.526667],[105.650488,20.528147],[105.650418,20.536976],[105.656985,20.539641],[105.656845,20.543219],[105.659173,20.546586],[105.668658,20.534514],[105.671873,20.533889],[105.671216,20.531684],[105.676551,20.530588],[105.679461,20.534517],[105.677593,20.536482],[105.68075,20.542932],[105.680179,20.54516],[105.683747,20.54496],[105.686722,20.551793],[105.69335,20.552962]]]}},{"type":"Feature","properties":{"code":"05395","name":"Xã An Nghĩa","type":"Xã"},"geometry":{"type":"Polygon","coordinates":[[[105.773378,20.535929],[105.774366,20.515062],[105.772524,20.514414],[105.769246,20.508808],[105.755835,20.521064],[105.754324,20.520628],[105.752786,20.524394],[105.747137,20.521294],[105.743915,20.524201],[105.742524,20.521863],[105.740884,20.523409],[105.74035,20.51728],[105.737883,20.517207],[105.73327,20.513681],[105.729228,20.519434],[105.730141,20.522455],[105.726436,20.521872],[105.724534,20.527349],[105.723158,20.524868],[105.723386,20.518916],[105.720553,20.518115],[105.715963,20.520097],[105.713014,20.523261],[105.71244,20.549097],[105.706896,20.551306],[105.691166,20.553397],[105.686722,20.551793],[105.68479,20.548397],[105.679827,20.554265],[105.685863,20.559596],[105.679596,20.562216],[105.678098,20.567518],[105.674159,20.567377],[105.672351,20.572289],[105.670125,20.573055],[105.668723,20.577266],[105.665614,20.580156],[105.666534,20.582466],[105.665223,20.587123],[105.653909,20.593515],[105.652044,20.591768],[105.644348,20.600771],[105.640422,20.597018],[105.632837,20.594899],[105.623767,20.597295],[105.618761,20.609026],[105.615432,20.609353],[105.614459,20.614489],[105.624207,20.618148],[105.630509,20.624323],[105.633435,20.622299],[105.636564,20.623305],[105.64441,20.618666],[105.653298,20.620422],[105.658035,20.613496],[105.659547,20.615653],[105.663552,20.614755],[105.669491,20.617803],[105.67334,20.615954],[105.680923,20.617945],[105.68694,20.615933],[105.688071,20.61898],[105.691988,20.622085],[105.696018,20.620137],[105.698677,20.622281],[105.700933,20.621766],[105.704933,20.61403],[105.703568,20.610991],[105.7051,20.60951],[105.705273,20.605701],[105.703701,20.602978],[105.708078,20.598682],[105.709676,20.599568],[105.718709,20.597056],[105.726874,20.605579],[105.73243,20.599795],[105.743549,20.598636],[105.747346,20.59135],[105.752151,20.589781],[105.756317,20.583016],[105.763057,20.579092],[105.76783,20.569867],[105.773487,20.549765],[105.781203,20.541635],[105.773378,20.535929]]]}},{"type":"Feature","properties":{"code":"05245","name":"Xã Bao La","type":"Xã"},"geometry":{"type":"Polygon","coordinates":[[[104.979865,20.704795],[104.987858,20.698026],[104.988505,20.700528],[104.992777,20.701039],[104.991384,20.67005],[104.998441,20.667884],[105.017102,20.66909],[105.025446,20.663915],[105.026405,20.654551],[105.028656,20.652147],[105.013129,20.646483],[105.015038,20.641554],[105.014195,20.638543],[105.015428,20.635959],[105.022019,20.632241],[105.030667,20.624029],[105.029678,20.620439],[105.032906,20.616334],[105.031693,20.613101],[105.033665,20.610322],[105.031542,20.608329],[105.030645,20.609967],[105.02209,20.605465],[105.019028,20.600688],[105.019866,20.598737],[105.01786,20.595819],[105.018298,20.592241],[105.012637,20.58713],[104.997797,20.587028],[104.996494,20.574734],[104.989181,20.575327],[104.984859,20.570995],[104.960191,20.579639],[104.96229,20.583206],[104.961764,20.594903],[104.969357,20.595442],[104.964867,20.599022],[104.962205,20.606493],[104.96344,20.608167],[104.960445,20.615282],[104.95981,20.628853],[104.954512,20.632276],[104.945977,20.643585],[104.935573,20.645509],[104.928084,20.649072],[104.926375,20.652544],[104.921237,20.654723],[104.918574,20.659152],[104.91127,20.662524],[104.917794,20.668513],[104.920818,20.674025],[104.924347,20.675652],[104.926874,20.679517],[104.932042,20.681571],[104.935338,20.701761],[104.934282,20.713719],[104.93921,20.710597],[104.941238,20.710991],[104.944841,20.71621],[104.951978,20.713795],[104.955898,20.715227],[104.979865,20.704795]]]}},{"type":"Feature","properties":{"code":"08935","name":"Xã Bình Nguyên","type":"Xã"},"geometry":{"type":"Polygon","coordinates":[[[105.660097,21.308241],[105.665164,21.305904],[105.671296,21.307858],[105.671337,21.305919],[105.674558,21.305197],[105.671602,21.301683],[105.67286,21.296664],[105.670891,21.295047],[105.672903,21.295195],[105.673227,21.296819],[105.677158,21.30061],[105.677476,21.300358],[105.678126,21.295091],[105.680832,21.293581],[105.681486,21.289571],[105.684563,21.288621],[105.683291,21.283667],[105.686102,21.283599],[105.689535,21.275031],[105.693985,21.271117],[105.694572,21.268718],[105.692724,21.267369],[105.695573,21.26651],[105.698399,21.262767],[105.702222,21.26319],[105.702205,21.26178],[105.693967,21.260749],[105.690553,21.262158],[105.6856,21.253963],[105.681263,21.254818],[105.681427,21.256693],[105.678443,21.256745],[105.677914,21.255094],[105.671638,21.25679],[105.670981,21.254931],[105.667078,21.256121],[105.666832,21.2537],[105.668622,21.252707],[105.663498,21.252806],[105.663878,21.254065],[105.661552,21.254749],[105.654648,21.249722],[105.651818,21.252214],[105.650077,21.249598],[105.648378,21.250854],[105.646326,21.257833],[105.640377,21.261181],[105.641361,21.2639],[105.636716,21.264107],[105.636427,21.267319],[105.640661,21.266969],[105.622711,21.275349],[105.625786,21.276495],[105.624082,21.284634],[105.622154,21.286497],[105.622558,21.288072],[105.627034,21.289818],[105.627585,21.294558],[105.630279,21.295327],[105.630744,21.294172],[105.635651,21.29618],[105.639781,21.301264],[105.656872,21.299778],[105.657525,21.304863],[105.655915,21.305831],[105.660097,21.308241]]]}},{"type":"Feature","properties":{"code":"08275","name":"Xã Bình Phú","type":"Xã"},"geometry":{"type":"Polygon","coordinates":[[[105.338037,21.460774],[105.343336,21.441852],[105.341105,21.424361],[105.343524,21.419269],[105.353201,21.418236],[105.360653,21.427346],[105.376882,21.433775],[105.387062,21.428652],[105.395891,21.418088],[105.398174,21.413088],[105.398442,21.406116],[105.392985,21.390636],[105.391761,21.370484],[105.390151,21.370283],[105.385532,21.37673],[105.378972,21.373446],[105.372731,21.375956],[105.371979,21.380809],[105.370621,21.380635],[105.371093,21.382191],[105.367756,21.386453],[105.370285,21.389788],[105.374674,21.391876],[105.373127,21.39719],[105.371216,21.398593],[105.368141,21.400249],[105.366064,21.39885],[105.367203,21.396636],[105.365889,21.39502],[105.353004,21.402564],[105.348995,21.411403],[105.345265,21.411266],[105.341748,21.414475],[105.338645,21.411591],[105.339092,21.413227],[105.337706,21.414012],[105.332813,21.412306],[105.330936,21.413306],[105.332371,21.417832],[105.329317,21.420811],[105.332743,21.425831],[105.330111,21.426515],[105.329443,21.428807],[105.332182,21.432231],[105.331582,21.434615],[105.333195,21.434933],[105.332243,21.439083],[105.333714,21.440633],[105.333749,21.444668],[105.332515,21.445652],[105.329682,21.443485],[105.327001,21.449529],[105.32476,21.448853],[105.323403,21.450654],[105.32439,21.454616],[105.322232,21.45418],[105.327891,21.458858],[105.329119,21.458336],[105.328282,21.460216],[105.334494,21.455544],[105.334429,21.459835],[105.338037,21.460774]]]}},{"type":"Feature","properties":{"code":"08944","name":"Xã Bình Tuyền","type":"Xã"},"geometry":{"type":"Polygon","coordinates":[[[105.687312,21.442362],[105.698285,21.438641],[105.703559,21.440922],[105.705851,21.439924],[105.707317,21.435194],[105.713339,21.430307],[105.72452,21.433005],[105.725348,21.427078],[105.723915,21.420745],[105.720952,21.416154],[105.726052,21.410652],[105.720599,21.406056],[105.720344,21.403871],[105.716984,21.403292],[105.714489,21.400866],[105.716732,21.39416],[105.714019,21.394323],[105.714739,21.390495],[105.713005,21.390422],[105.712924,21.38643],[105.711409,21.384777],[105.712916,21.383536],[105.712964,21.379157],[105.711261,21.378611],[105.712033,21.376398],[105.709273,21.373229],[105.711545,21.366642],[105.710325,21.362118],[105.712254,21.35984],[105.704192,21.35498],[105.703438,21.349317],[105.705094,21.34867],[105.703182,21.348496],[105.703904,21.346505],[105.706289,21.34579],[105.706924,21.342521],[105.704007,21.339169],[105.706629,21.337392],[105.702191,21.335584],[105.701821,21.330527],[105.697683,21.324464],[105.699125,21.323347],[105.697568,21.320747],[105.701841,21.32126],[105.702807,21.319419],[105.699199,21.316568],[105.701595,21.3145],[105.702714,21.310373],[105.699132,21.310419],[105.699359,21.308551],[105.697071,21.30618],[105.697339,21.301869],[105.69505,21.302851],[105.693709,21.301626],[105.695331,21.297112],[105.692047,21.296871],[105.687152,21.299148],[105.687674,21.296693],[105.68346,21.292496],[105.687254,21.291643],[105.689086,21.288925],[105.684052,21.285502],[105.684563,21.288621],[105.681206,21.289996],[105.680832,21.293581],[105.678126,21.295091],[105.677158,21.30061],[105.672903,21.295195],[105.670891,21.295047],[105.67286,21.296664],[105.671602,21.301683],[105.674732,21.304871],[105.671337,21.305919],[105.671459,21.307806],[105.668331,21.307918],[105.669289,21.310034],[105.667546,21.311473],[105.671055,21.317885],[105.673906,21.316683],[105.672329,21.32119],[105.678117,21.32488],[105.679533,21.327646],[105.678471,21.330037],[105.680446,21.331296],[105.678791,21.335303],[105.68494,21.337388],[105.679444,21.343878],[105.672922,21.346071],[105.671204,21.3499],[105.665393,21.350627],[105.658367,21.348607],[105.660147,21.353343],[105.659832,21.36052],[105.6615,21.361402],[105.662496,21.36591],[105.668317,21.367886],[105.672738,21.376381],[105.669087,21.383911],[105.669347,21.38938],[105.674022,21.391833],[105.6738,21.399092],[105.681283,21.411278],[105.682054,21.417193],[105.686293,21.423035],[105.687971,21.432113],[105.685542,21.438872],[105.687312,21.442362]]]}},{"type":"Feature","properties":{"code":"08950","name":"Xã Bình Xuyên","type":"Xã"},"geometry":{"type":"Polygon","coordinates":[[[105.622925,21.386423],[105.628948,21.384451],[105.629291,21.381013],[105.631449,21.378854],[105.629102,21.375146],[105.628667,21.372525],[105.630304,21.370804],[105.628255,21.364562],[105.638486,21.359621],[105.638341,21.352336],[105.643793,21.35124],[105.643871,21.348002],[105.645518,21.349176],[105.645677,21.344243],[105.647481,21.343243],[105.651469,21.347573],[105.655312,21.347347],[105.665393,21.350627],[105.671204,21.3499],[105.672922,21.346071],[105.679444,21.343878],[105.68494,21.337388],[105.678791,21.335303],[105.680446,21.331296],[105.678471,21.330037],[105.679681,21.327979],[105.678117,21.32488],[105.672329,21.32119],[105.673906,21.316683],[105.671272,21.317977],[105.669383,21.316001],[105.667553,21.311588],[105.669289,21.310034],[105.668281,21.307001],[105.665299,21.3059],[105.660097,21.308241],[105.657186,21.307291],[105.655915,21.305831],[105.657525,21.304863],[105.656872,21.299778],[105.641995,21.300426],[105.639258,21.301782],[105.639841,21.303727],[105.632043,21.317358],[105.63407,21.320054],[105.63625,21.319303],[105.635858,21.322785],[105.627706,21.324762],[105.624891,21.331293],[105.622357,21.333013],[105.623215,21.334924],[105.620577,21.33687],[105.617415,21.345114],[105.610874,21.352668],[105.615872,21.352722],[105.618834,21.351852],[105.621719,21.348389],[105.623469,21.349055],[105.622343,21.356258],[105.616137,21.361605],[105.621924,21.360415],[105.6209,21.364778],[105.622314,21.370495],[105.619556,21.375637],[105.621609,21.377014],[105.61844,21.380417],[105.622925,21.386423]]]}},{"type":"Feature","properties":{"code":"08527","name":"Xã Bản Nguyên","type":"Xã"},"geometry":{"type":"Polygon","coordinates":[[[105.331176,21.31576],[105.332523,21.312821],[105.334503,21.314783],[105.334682,21.313562],[105.336658,21.314415],[105.337013,21.311856],[105.339269,21.313347],[105.348877,21.312672],[105.350885,21.310419],[105.352409,21.311705],[105.355684,21.309936],[105.351788,21.294791],[105.357021,21.28973],[105.353871,21.279865],[105.352495,21.260578],[105.349383,21.255375],[105.339683,21.248563],[105.319912,21.248105],[105.314181,21.250094],[105.290282,21.264909],[105.295106,21.272026],[105.306446,21.27024],[105.324736,21.274071],[105.323016,21.278162],[105.328066,21.283714],[105.324033,21.289379],[105.324928,21.290398],[105.319099,21.295354],[105.319903,21.297857],[105.31847,21.300642],[105.320116,21.304037],[105.325282,21.307885],[105.323626,21.307254],[105.325908,21.310146],[105.32502,21.311733],[105.323435,21.309902],[105.325074,21.310407],[105.324182,21.308069],[105.323136,21.309344],[105.325274,21.313618],[105.331176,21.31576]]]}},{"type":"Feature","properties":{"code":"07996","name":"Xã Bằng Luân","type":"Xã"},"geometry":{"type":"Polygon","coordinates":[[[105.03074,21.701508],[105.038712,21.69762],[105.044573,21.690049],[105.048356,21.69017],[105.049548,21.688142],[105.052419,21.688562],[105.057701,21.685383],[105.061121,21.690198],[105.073147,21.680534],[105.084803,21.683456],[105.084415,21.682438],[105.087085,21.68313],[105.092835,21.680904],[105.09293,21.67939],[105.08948,21.676732],[105.085246,21.677778],[105.079308,21.673872],[105.078528,21.664486],[105.085241,21.653837],[105.081809,21.65071],[105.082345,21.649345],[105.079036,21.651372],[105.076728,21.647135],[105.082326,21.638128],[105.084535,21.637415],[105.090756,21.639083],[105.090626,21.640883],[105.092815,21.641791],[105.097992,21.639274],[105.100249,21.640676],[105.1079,21.633081],[105.112873,21.635364],[105.11445,21.63408],[105.115926,21.637238],[105.11775,21.637107],[105.116427,21.631855],[105.117656,21.629227],[105.116324,21.627607],[105.117892,21.626359],[105.117578,21.622928],[105.112096,21.619802],[105.107858,21.61462],[105.108941,21.612392],[105.106636,21.61016],[105.10786,21.610814],[105.11054,21.610689],[105.10663,21.609089],[105.105519,21.599502],[105.102619,21.597936],[105.099171,21.600279],[105.093507,21.600307],[105.092184,21.602107],[105.087388,21.601038],[105.084144,21.604375],[105.07938,21.604759],[105.077517,21.605901],[105.077932,21.607457],[105.073079,21.608886],[105.071157,21.612471],[105.063637,21.612721],[105.062942,21.614911],[105.05995,21.616395],[105.056347,21.61668],[105.054109,21.614879],[105.052674,21.615861],[105.048417,21.613013],[105.041911,21.618176],[105.043948,21.622174],[105.040294,21.624257],[105.040465,21.629131],[105.036029,21.627007],[105.032367,21.628478],[105.03483,21.631693],[105.033349,21.635985],[105.030389,21.638652],[105.028168,21.638582],[105.026548,21.641061],[105.022454,21.638244],[105.022397,21.640117],[105.016382,21.642745],[105.017623,21.648162],[105.02009,21.648399],[105.017692,21.651796],[105.020828,21.654195],[105.020263,21.660958],[105.023746,21.661858],[105.025391,21.666305],[105.024238,21.669886],[105.027663,21.670397],[105.026359,21.674995],[105.03027,21.675609],[105.029934,21.677071],[105.033838,21.680519],[105.029448,21.686099],[105.025604,21.687454],[105.024195,21.690536],[105.020347,21.690839],[105.021734,21.692716],[105.019982,21.69419],[105.019987,21.696705],[105.02254,21.69517],[105.023627,21.696323],[105.023278,21.694539],[105.024148,21.692749],[105.024309,21.696189],[105.02604,21.694477],[105.026213,21.695937],[105.027838,21.695731],[105.03074,21.701508]]]}},{"type":"Feature","properties":{"code":"05047","name":"Xã Cao Dương","type":"Xã"},"geometry":{"type":"Polygon","coordinates":[[[105.583449,20.776235],[105.595573,20.767913],[105.600902,20.7603],[105.605953,20.76032],[105.609451,20.756844],[105.617032,20.753383],[105.630888,20.754498],[105.640503,20.758009],[105.640487,20.752036],[105.646679,20.753312],[105.646501,20.758182],[105.650215,20.759383],[105.651165,20.753903],[105.653782,20.752655],[105.654403,20.747612],[105.657695,20.741015],[105.667064,20.735054],[105.660757,20.723669],[105.66126,20.722003],[105.664851,20.718557],[105.665264,20.716098],[105.667916,20.715929],[105.668291,20.711813],[105.674521,20.70407],[105.68175,20.699065],[105.682108,20.695718],[105.680832,20.69169],[105.67855,20.690813],[105.67993,20.687597],[105.67915,20.684066],[105.672322,20.679985],[105.667966,20.679857],[105.673475,20.670151],[105.672202,20.667983],[105.673702,20.664854],[105.675409,20.663785],[105.677435,20.665629],[105.676457,20.670229],[105.679182,20.668319],[105.679225,20.665074],[105.681858,20.662343],[105.678636,20.659896],[105.681242,20.652345],[105.679075,20.645552],[105.682236,20.63985],[105.68683,20.637933],[105.683383,20.635477],[105.684504,20.633122],[105.67837,20.628545],[105.676719,20.630323],[105.673294,20.62914],[105.670996,20.632688],[105.667672,20.629008],[105.665866,20.630291],[105.663787,20.628209],[105.666988,20.623623],[105.666399,20.617009],[105.663552,20.614755],[105.659547,20.615653],[105.658035,20.613496],[105.652339,20.620774],[105.64441,20.618666],[105.636564,20.623305],[105.632728,20.622534],[105.624967,20.632004],[105.619686,20.63352],[105.618516,20.635492],[105.616993,20.639588],[105.618309,20.641969],[105.616068,20.643201],[105.612252,20.650516],[105.613569,20.654857],[105.607071,20.663259],[105.612505,20.67266],[105.613138,20.678475],[105.609565,20.68457],[105.603638,20.68935],[105.603085,20.693605],[105.600247,20.696679],[105.602049,20.698477],[105.600002,20.703667],[105.600768,20.706338],[105.597044,20.711132],[105.601901,20.718745],[105.589498,20.720968],[105.582242,20.72935],[105.587191,20.736906],[105.584373,20.742487],[105.573504,20.749804],[105.567816,20.75085],[105.570005,20.761414],[105.569147,20.763944],[105.571546,20.764664],[105.573133,20.768792],[105.572167,20.77287],[105.574407,20.775197],[105.583449,20.776235]]]}},{"type":"Feature","properties":{"code":"05089","name":"Xã Cao Phong","type":"Xã"},"geometry":{"type":"Polygon","coordinates":[[[105.328398,20.763964],[105.33451,20.761189],[105.333019,20.759248],[105.334215,20.753148],[105.337244,20.747262],[105.347619,20.743186],[105.358483,20.746427],[105.362415,20.751741],[105.36506,20.752907],[105.36799,20.75853],[105.372987,20.760139],[105.377692,20.741452],[105.37748,20.738355],[105.372106,20.737746],[105.378501,20.725071],[105.386551,20.719934],[105.38837,20.716955],[105.394559,20.714877],[105.39644,20.711356],[105.39988,20.709256],[105.399245,20.706293],[105.401228,20.702372],[105.407081,20.700671],[105.404222,20.690786],[105.405004,20.686314],[105.417361,20.679982],[105.416093,20.673725],[105.417147,20.669716],[105.419838,20.667057],[105.419803,20.664062],[105.416126,20.662177],[105.416039,20.660203],[105.412371,20.65727],[105.403298,20.655598],[105.40251,20.648962],[105.399798,20.646504],[105.39582,20.652266],[105.387938,20.656712],[105.386794,20.659959],[105.379462,20.663484],[105.372052,20.665649],[105.36842,20.664585],[105.366039,20.666591],[105.365918,20.660888],[105.36077,20.659538],[105.357247,20.666751],[105.354713,20.668383],[105.349482,20.669047],[105.34844,20.667722],[105.347751,20.669501],[105.340801,20.669494],[105.333501,20.672152],[105.333973,20.673865],[105.330506,20.676861],[105.324531,20.676867],[105.323889,20.678325],[105.325976,20.681087],[105.320586,20.686091],[105.321372,20.691027],[105.31837,20.693167],[105.312403,20.694144],[105.312635,20.695564],[105.309404,20.696043],[105.309219,20.698862],[105.306672,20.700207],[105.306018,20.703562],[105.307659,20.703773],[105.306487,20.704888],[105.307548,20.706269],[105.310558,20.702533],[105.315971,20.704363],[105.311163,20.709482],[105.310655,20.712362],[105.316703,20.726128],[105.319347,20.726308],[105.31936,20.727986],[105.322868,20.727791],[105.323204,20.730874],[105.319398,20.734409],[105.319781,20.738099],[105.331875,20.74671],[105.323257,20.763312],[105.327161,20.761624],[105.328398,20.763964]]]}},{"type":"Feature","properties":{"code":"04876","name":"Xã Cao Sơn","type":"Xã"},"geometry":{"type":"Polygon","coordinates":[[[105.070912,20.946505],[105.067994,20.949164],[105.079566,20.960013],[105.08496,20.955724],[105.084586,20.962052],[105.088872,20.966006],[105.092554,20.960067],[105.098662,20.956996],[105.109561,20.955322],[105.120241,20.943404],[105.122544,20.941724],[105.126113,20.94188],[105.131289,20.937984],[105.14222,20.93983],[105.145206,20.938801],[105.147747,20.941494],[105.160724,20.939294],[105.161973,20.943677],[105.177319,20.944889],[105.182845,20.947778],[105.189727,20.951969],[105.192472,20.958379],[105.199394,20.956333],[105.204141,20.951461],[105.206875,20.951243],[105.204679,20.94901],[105.203975,20.942735],[105.195449,20.934146],[105.194071,20.929762],[105.197735,20.925755],[105.198705,20.920249],[105.202679,20.918701],[105.218166,20.926178],[105.218547,20.931539],[105.219146,20.933297],[105.219757,20.933696],[105.220069,20.929926],[105.224303,20.927265],[105.222827,20.923933],[105.227061,20.918126],[105.213071,20.915094],[105.205769,20.902849],[105.19332,20.893588],[105.198801,20.886431],[105.199685,20.881853],[105.197706,20.876825],[105.198823,20.871733],[105.201952,20.868868],[105.202668,20.860827],[105.183386,20.856552],[105.179645,20.858261],[105.182827,20.84991],[105.181976,20.841634],[105.184169,20.841276],[105.18583,20.838179],[105.18616,20.831839],[105.172505,20.819744],[105.172969,20.815237],[105.167255,20.81183],[105.165206,20.805046],[105.16114,20.806153],[105.16018,20.808073],[105.156147,20.805661],[105.140898,20.807643],[105.135015,20.810135],[105.126487,20.816477],[105.126648,20.819399],[105.138103,20.82504],[105.133505,20.830784],[105.133294,20.840034],[105.127665,20.844476],[105.117046,20.8454],[105.111892,20.84387],[105.108332,20.845034],[105.109232,20.848012],[105.112259,20.848911],[105.120869,20.858255],[105.119316,20.86321],[105.125693,20.862632],[105.126148,20.86388],[105.132531,20.864165],[105.140686,20.867598],[105.140481,20.87453],[105.135473,20.874537],[105.135437,20.880961],[105.12948,20.884115],[105.127815,20.886809],[105.128901,20.895182],[105.133214,20.899705],[105.132002,20.902266],[105.128546,20.903893],[105.122812,20.912553],[105.117419,20.910217],[105.109807,20.913663],[105.110686,20.915022],[105.103347,20.920971],[105.103625,20.92395],[105.098972,20.928732],[105.091046,20.925671],[105.075239,20.927333],[105.072601,20.928913],[105.07042,20.934923],[105.066421,20.937266],[105.06643,20.939691],[105.070912,20.946505]]]}},{"type":"Feature","properties":{"code":"08038","name":"Xã Chân Mộng","type":"Xã"},"geometry":{"type":"Polygon","coordinates":[[[105.210118,21.601159],[105.220403,21.59844],[105.240132,21.598685],[105.245187,21.597129],[105.247194,21.594437],[105.248534,21.584538],[105.251793,21.579784],[105.262299,21.568721],[105.274112,21.560687],[105.274137,21.557562],[105.267063,21.54912],[105.268058,21.545428],[105.271614,21.54354],[105.266712,21.534038],[105.260809,21.532364],[105.261267,21.529696],[105.254975,21.528558],[105.252211,21.525325],[105.246274,21.525166],[105.243234,21.519639],[105.241725,21.519992],[105.23983,21.513037],[105.236186,21.51346],[105.235348,21.51122],[105.231261,21.513898],[105.229173,21.511638],[105.225966,21.513039],[105.224043,21.510596],[105.221893,21.512709],[105.219056,21.510307],[105.213056,21.51406],[105.211709,21.511684],[105.212875,21.509322],[105.204838,21.513251],[105.202555,21.512787],[105.202377,21.515881],[105.200199,21.515309],[105.201057,21.517476],[105.197539,21.516415],[105.195259,21.519239],[105.198811,21.525072],[105.206859,21.529154],[105.204644,21.531243],[105.198927,21.533555],[105.198062,21.53563],[105.192524,21.537187],[105.185525,21.535719],[105.18373,21.53821],[105.178877,21.537676],[105.172127,21.539957],[105.166588,21.54411],[105.161373,21.541873],[105.156053,21.542043],[105.152139,21.547682],[105.152788,21.555346],[105.149276,21.560037],[105.152569,21.563122],[105.154668,21.56823],[105.145988,21.576606],[105.14848,21.593755],[105.153811,21.591693],[105.157186,21.592969],[105.162206,21.590113],[105.166523,21.595354],[105.167138,21.599454],[105.168487,21.599001],[105.167208,21.600257],[105.167916,21.602014],[105.169727,21.600427],[105.169174,21.60271],[105.171106,21.599717],[105.17299,21.602325],[105.17754,21.598146],[105.179948,21.598208],[105.180758,21.595468],[105.179574,21.593684],[105.185765,21.596323],[105.193654,21.595275],[105.203346,21.604767],[105.210118,21.601159]]]}},{"type":"Feature","properties":{"code":"08218","name":"Xã Chí Tiên","type":"Xã"},"geometry":{"type":"Polygon","coordinates":[[[105.149785,21.464269],[105.156799,21.463592],[105.155486,21.461623],[105.160675,21.460801],[105.163716,21.456784],[105.167019,21.457393],[105.168617,21.459472],[105.169262,21.460072],[105.169611,21.459958],[105.166359,21.454994],[105.16952,21.453097],[105.171068,21.453723],[105.169378,21.449126],[105.17168,21.451788],[105.174519,21.448068],[105.171883,21.445644],[105.175227,21.442608],[105.174138,21.438379],[105.175254,21.437315],[105.172872,21.435762],[105.173765,21.430525],[105.179606,21.427468],[105.183695,21.418391],[105.181937,21.416587],[105.182737,21.413512],[105.18089,21.413553],[105.175558,21.407665],[105.18821,21.401822],[105.187592,21.400486],[105.183044,21.401181],[105.183533,21.397772],[105.180105,21.396267],[105.181646,21.395489],[105.182619,21.396924],[105.182785,21.395289],[105.185174,21.395793],[105.185612,21.394898],[105.182472,21.393786],[105.183225,21.393013],[105.18027,21.388889],[105.174976,21.388196],[105.168426,21.383741],[105.165868,21.386166],[105.161821,21.380728],[105.154305,21.396283],[105.154138,21.41259],[105.156613,21.413369],[105.156191,21.41461],[105.151581,21.420466],[105.150191,21.429221],[105.144607,21.431962],[105.145172,21.434456],[105.141497,21.435606],[105.138661,21.441391],[105.141727,21.441671],[105.142487,21.445215],[105.145314,21.445107],[105.142416,21.445849],[105.144488,21.448404],[105.144091,21.446679],[105.145521,21.447477],[105.145673,21.449422],[105.147973,21.449789],[105.143909,21.452168],[105.147615,21.452607],[105.145837,21.456547],[105.147923,21.45759],[105.147662,21.46009],[105.146007,21.460529],[105.149512,21.461542],[105.149785,21.464269]]]}},{"type":"Feature","properties":{"code":"07999","name":"Xã Chí Đám","type":"Xã"},"geometry":{"type":"Polygon","coordinates":[[[105.092496,21.719531],[105.099235,21.716635],[105.101856,21.717475],[105.103922,21.712093],[105.105432,21.712419],[105.108999,21.706162],[105.113041,21.706845],[105.11657,21.704787],[105.124595,21.704329],[105.133993,21.696491],[105.143193,21.697785],[105.144884,21.700656],[105.15039,21.699628],[105.151024,21.691892],[105.156708,21.687388],[105.155997,21.680457],[105.164378,21.68864],[105.168868,21.686495],[105.177621,21.687214],[105.181917,21.679583],[105.185865,21.676878],[105.19281,21.676398],[105.193737,21.675663],[105.191935,21.674176],[105.193608,21.672904],[105.192409,21.671135],[105.196078,21.667576],[105.199424,21.667929],[105.200546,21.665217],[105.208328,21.660871],[105.215392,21.662463],[105.221948,21.658753],[105.22889,21.660191],[105.235409,21.658787],[105.2378,21.65227],[105.237492,21.643653],[105.231074,21.635833],[105.222924,21.630588],[105.217928,21.631885],[105.203368,21.642099],[105.196492,21.643566],[105.192096,21.641555],[105.185043,21.646882],[105.169596,21.641497],[105.16486,21.647771],[105.170424,21.655278],[105.170446,21.65771],[105.160281,21.663497],[105.142658,21.668082],[105.138297,21.672253],[105.139521,21.676892],[105.136586,21.680136],[105.132142,21.679904],[105.130273,21.677856],[105.129762,21.670882],[105.123208,21.672064],[105.108818,21.668277],[105.105907,21.677357],[105.100164,21.675628],[105.097646,21.677087],[105.100238,21.689098],[105.095842,21.695113],[105.096283,21.70006],[105.086549,21.702815],[105.091889,21.71235],[105.086463,21.718442],[105.092496,21.719531]]]}},{"type":"Feature","properties":{"code":"08341","name":"Xã Cẩm Khê","type":"Xã"},"geometry":{"type":"Polygon","coordinates":[[[105.08145,21.483046],[105.090119,21.474027],[105.092936,21.46437],[105.099159,21.458602],[105.103787,21.458913],[105.113275,21.451039],[105.126883,21.443847],[105.13461,21.432123],[105.144607,21.431962],[105.150191,21.429221],[105.151581,21.420466],[105.155635,21.415385],[105.145182,21.414713],[105.144788,21.411299],[105.143218,21.410245],[105.143617,21.412097],[105.141991,21.411352],[105.139764,21.414753],[105.136628,21.413742],[105.132843,21.418352],[105.121603,21.419279],[105.121179,21.417131],[105.119035,21.41823],[105.115228,21.416845],[105.115741,21.415144],[105.112333,21.409449],[105.113449,21.408485],[105.109572,21.405146],[105.115452,21.400341],[105.116766,21.392059],[105.112998,21.391228],[105.105953,21.392999],[105.105109,21.390788],[105.101421,21.390574],[105.099969,21.388337],[105.097864,21.391403],[105.096828,21.389068],[105.093464,21.390613],[105.091454,21.388421],[105.087826,21.392813],[105.073767,21.390059],[105.067551,21.393073],[105.057913,21.401087],[105.060905,21.404626],[105.061189,21.410619],[105.068505,21.425743],[105.074266,21.427628],[105.076662,21.432099],[105.076292,21.435577],[105.080239,21.436329],[105.082789,21.439573],[105.081664,21.44218],[105.076063,21.446463],[105.071617,21.447652],[105.067201,21.440633],[105.065374,21.444693],[105.062478,21.445994],[105.06334,21.452275],[105.057164,21.463205],[105.059874,21.46401],[105.063384,21.470254],[105.06843,21.468633],[105.070076,21.464449],[105.073008,21.466682],[105.07643,21.465922],[105.079734,21.472982],[105.075665,21.47786],[105.074329,21.476767],[105.072622,21.478959],[105.074088,21.48007],[105.074858,21.479092],[105.07915,21.483119],[105.08145,21.483046]]]}},{"type":"Feature","properties":{"code":"08614","name":"Xã Cự Đồng","type":"Xã"},"geometry":{"type":"Polygon","coordinates":[[[105.223763,21.167703],[105.227556,21.163573],[105.234899,21.163406],[105.241063,21.154973],[105.239754,21.153277],[105.2414,21.145932],[105.239963,21.140124],[105.248197,21.131687],[105.252889,21.130517],[105.258527,21.126614],[105.261439,21.123268],[105.261094,21.121191],[105.265109,21.118727],[105.26563,21.115662],[105.262623,21.115891],[105.262611,21.11747],[105.260354,21.114131],[105.261836,21.114122],[105.261575,21.111324],[105.271257,21.094764],[105.276489,21.095477],[105.277094,21.098673],[105.280444,21.09931],[105.285973,21.103467],[105.29111,21.101691],[105.284638,21.095041],[105.2876,21.094683],[105.286686,21.091547],[105.282023,21.090695],[105.280997,21.086606],[105.277765,21.084174],[105.272807,21.083396],[105.264249,21.077415],[105.253629,21.075285],[105.249407,21.072459],[105.241122,21.079293],[105.229916,21.06986],[105.225713,21.069762],[105.220173,21.073075],[105.218026,21.077343],[105.212047,21.07916],[105.205125,21.085049],[105.194945,21.087123],[105.193136,21.094847],[105.195257,21.098865],[105.201019,21.101244],[105.21342,21.101545],[105.221052,21.111294],[105.22073,21.114512],[105.225052,21.118969],[105.223074,21.122277],[105.223147,21.129688],[105.220473,21.127576],[105.219556,21.130245],[105.220956,21.130808],[105.22084,21.133281],[105.22325,21.134427],[105.22192,21.135703],[105.223156,21.139609],[105.222175,21.141897],[105.224913,21.142785],[105.223877,21.147688],[105.213129,21.153803],[105.211331,21.156865],[105.214095,21.159265],[105.213109,21.162748],[105.215414,21.167745],[105.223763,21.167703]]]}},{"type":"Feature","properties":{"code":"08254","name":"Xã Dân Chủ","type":"Xã"},"geometry":{"type":"Polygon","coordinates":[[[105.324818,21.50918],[105.322286,21.499032],[105.323132,21.493511],[105.333232,21.483211],[105.338037,21.460774],[105.334429,21.459835],[105.334494,21.455544],[105.328282,21.460216],[105.329119,21.458336],[105.327891,21.458858],[105.322232,21.45418],[105.32439,21.454616],[105.323403,21.450654],[105.32476,21.448853],[105.327001,21.449529],[105.329682,21.443485],[105.333267,21.445502],[105.333714,21.440633],[105.331835,21.441053],[105.330742,21.439017],[105.329229,21.440355],[105.327785,21.440183],[105.328576,21.439057],[105.325536,21.440023],[105.321313,21.43775],[105.312686,21.439674],[105.303236,21.43381],[105.29613,21.444971],[105.297114,21.449472],[105.299506,21.451889],[105.298457,21.454691],[105.293042,21.456244],[105.291138,21.455118],[105.289177,21.456678],[105.290103,21.459544],[105.289066,21.460238],[105.288209,21.45637],[105.284303,21.456619],[105.283788,21.455007],[105.28234,21.454807],[105.283659,21.455765],[105.280257,21.459493],[105.282551,21.466031],[105.280977,21.4669],[105.28066,21.471709],[105.284365,21.475425],[105.283015,21.477668],[105.285623,21.476194],[105.288604,21.477559],[105.29364,21.474489],[105.295429,21.480905],[105.298745,21.481276],[105.300064,21.484662],[105.297875,21.487],[105.294613,21.486675],[105.293701,21.491038],[105.291254,21.492188],[105.294116,21.493788],[105.2941,21.497905],[105.296913,21.497091],[105.299242,21.499596],[105.300568,21.499323],[105.300884,21.496525],[105.303756,21.497605],[105.306526,21.503796],[105.308762,21.504548],[105.30631,21.508531],[105.314022,21.512799],[105.319265,21.513155],[105.324818,21.50918]]]}},{"type":"Feature","properties":{"code":"05086","name":"Xã Dũng Tiến","type":"Xã"},"geometry":{"type":"Polygon","coordinates":[[[105.547467,20.620027],[105.552308,20.619867],[105.554594,20.61716],[105.556086,20.61783],[105.556322,20.615564],[105.558058,20.615866],[105.561005,20.608073],[105.561193,20.602212],[105.571155,20.599464],[105.574464,20.602859],[105.579386,20.602113],[105.581434,20.59912],[105.579518,20.597887],[105.579258,20.593477],[105.583316,20.588546],[105.582633,20.58466],[105.584974,20.585273],[105.589787,20.583265],[105.595713,20.585842],[105.599675,20.581337],[105.598793,20.573479],[105.600786,20.569242],[105.604279,20.568299],[105.606079,20.570061],[105.609232,20.564753],[105.613525,20.569043],[105.620174,20.570187],[105.619268,20.572758],[105.620919,20.57611],[105.622692,20.575898],[105.625434,20.578788],[105.623622,20.582011],[105.625596,20.583399],[105.622096,20.587659],[105.632866,20.589973],[105.630716,20.594657],[105.640422,20.597018],[105.644348,20.600771],[105.652044,20.591768],[105.653909,20.593515],[105.665132,20.587204],[105.666534,20.582466],[105.665614,20.580156],[105.668723,20.577266],[105.670125,20.573055],[105.672351,20.572289],[105.674159,20.567377],[105.678098,20.567518],[105.679596,20.562216],[105.685863,20.559596],[105.680104,20.555233],[105.681282,20.55105],[105.683739,20.55052],[105.684795,20.548345],[105.683747,20.54496],[105.680179,20.54516],[105.68075,20.542932],[105.677593,20.536482],[105.679461,20.534517],[105.677866,20.531869],[105.675207,20.530444],[105.671216,20.531684],[105.671873,20.533889],[105.668658,20.534514],[105.659173,20.546586],[105.656845,20.543219],[105.656985,20.539641],[105.650526,20.537284],[105.650488,20.528147],[105.65555,20.525368],[105.649909,20.522732],[105.648916,20.523766],[105.6442,20.522147],[105.64289,20.525509],[105.635026,20.526086],[105.630029,20.524476],[105.624957,20.525838],[105.61806,20.522569],[105.613177,20.524437],[105.611084,20.5234],[105.608132,20.528101],[105.605568,20.527465],[105.602738,20.529069],[105.598394,20.526265],[105.596386,20.529316],[105.593465,20.528816],[105.591386,20.530455],[105.583735,20.527721],[105.581967,20.534045],[105.578046,20.537614],[105.576335,20.537258],[105.573855,20.542889],[105.569638,20.545473],[105.567272,20.545097],[105.566402,20.548414],[105.563653,20.547852],[105.560661,20.549535],[105.558849,20.553674],[105.532882,20.569763],[105.530487,20.572653],[105.526011,20.572232],[105.523297,20.573854],[105.522167,20.579716],[105.523149,20.585608],[105.517055,20.588905],[105.515902,20.597392],[105.51346,20.598081],[105.51348,20.599534],[105.50571,20.601729],[105.506147,20.607311],[105.509707,20.610488],[105.517545,20.613185],[105.518774,20.6158],[105.527572,20.614483],[105.536053,20.618197],[105.547467,20.620027]]]}},{"type":"Feature","properties":{"code":"08110","name":"Xã Hiền Lương","type":"Xã"},"geometry":{"type":"Polygon","coordinates":[[[104.916768,21.610774],[104.936863,21.617898],[104.943446,21.616884],[104.953308,21.611408],[104.961072,21.604407],[104.970636,21.585653],[104.977196,21.577982],[104.991118,21.575175],[104.994725,21.572184],[105.004319,21.553489],[105.000744,21.552786],[104.998033,21.555419],[104.997175,21.554225],[104.99515,21.555072],[104.993466,21.552574],[104.989035,21.550895],[104.985033,21.55408],[104.987817,21.550716],[104.984569,21.549623],[104.980115,21.55087],[104.979771,21.544521],[104.975975,21.540566],[104.970007,21.545596],[104.967564,21.542224],[104.964921,21.542087],[104.960981,21.530973],[104.95638,21.532165],[104.955413,21.534307],[104.950463,21.536274],[104.941129,21.532829],[104.937879,21.534724],[104.935066,21.531114],[104.934614,21.525307],[104.931287,21.522175],[104.913215,21.544275],[104.907093,21.541184],[104.90289,21.541512],[104.895404,21.536982],[104.882466,21.534903],[104.876877,21.535895],[104.87078,21.539658],[104.867952,21.543333],[104.867437,21.548706],[104.871927,21.555646],[104.877023,21.555827],[104.882155,21.559022],[104.888731,21.558203],[104.899058,21.565123],[104.896424,21.57129],[104.897846,21.571433],[104.898303,21.577058],[104.896867,21.582604],[104.894693,21.584936],[104.89517,21.587641],[104.893226,21.589817],[104.893824,21.593785],[104.892238,21.598636],[104.893367,21.604424],[104.887382,21.612034],[104.893128,21.608243],[104.900879,21.610676],[104.905811,21.608135],[104.904289,21.621776],[104.916768,21.610774]]]}},{"type":"Feature","properties":{"code":"08443","name":"Xã Hiền Quan","type":"Xã"},"geometry":{"type":"Polygon","coordinates":[[[105.271243,21.341624],[105.273947,21.332685],[105.268418,21.333093],[105.263503,21.330889],[105.258524,21.330859],[105.246726,21.337432],[105.244915,21.33707],[105.242946,21.332988],[105.238617,21.333926],[105.230613,21.326941],[105.229274,21.328439],[105.225364,21.328648],[105.226416,21.330656],[105.222762,21.328029],[105.217225,21.32901],[105.215552,21.33294],[105.213821,21.332917],[105.213054,21.326877],[105.203625,21.323599],[105.203233,21.328448],[105.207235,21.33006],[105.210454,21.33404],[105.214818,21.350592],[105.216103,21.350596],[105.21401,21.378178],[105.218431,21.388905],[105.230943,21.396939],[105.235862,21.396618],[105.241813,21.392441],[105.24973,21.381418],[105.255696,21.365747],[105.271243,21.341624]]]}},{"type":"Feature","properties":{"code":"08896","name":"Xã Hoàng An","type":"Xã"},"geometry":{"type":"Polygon","coordinates":[[[105.52895,21.404546],[105.533858,21.403049],[105.524874,21.391048],[105.527666,21.390505],[105.527513,21.382144],[105.529332,21.381321],[105.529685,21.378263],[105.534254,21.375964],[105.534659,21.372005],[105.538562,21.368011],[105.53758,21.362332],[105.541008,21.362936],[105.542367,21.360032],[105.536094,21.361117],[105.535898,21.359378],[105.538076,21.35874],[105.536637,21.35852],[105.537385,21.354992],[105.532474,21.353753],[105.534841,21.350815],[105.535772,21.346105],[105.53462,21.344675],[105.538758,21.341316],[105.536817,21.338081],[105.539716,21.334762],[105.538134,21.331802],[105.539935,21.329049],[105.537071,21.324853],[105.535834,21.316944],[105.530678,21.31788],[105.5307,21.319415],[105.528168,21.318183],[105.526164,21.319693],[105.524775,21.318123],[105.521305,21.319801],[105.51999,21.31706],[105.517807,21.319385],[105.514714,21.317919],[105.513594,21.322461],[105.512837,21.321415],[105.511302,21.322448],[105.510547,21.325947],[105.512276,21.327774],[105.511936,21.3302],[105.502319,21.333812],[105.502681,21.336144],[105.507366,21.340755],[105.50391,21.343866],[105.499681,21.344573],[105.499393,21.34606],[105.500523,21.348025],[105.50774,21.347906],[105.51375,21.351488],[105.514639,21.356297],[105.509221,21.362246],[105.510746,21.363255],[105.51464,21.362155],[105.514541,21.364554],[105.517881,21.366863],[105.518208,21.37275],[105.516103,21.373661],[105.508424,21.369853],[105.508342,21.373207],[105.511261,21.377582],[105.517566,21.378872],[105.517187,21.382508],[105.52147,21.38975],[105.518831,21.39338],[105.518595,21.396535],[105.52895,21.404546]]]}},{"type":"Feature","properties":{"code":"08203","name":"Xã Hoàng Cương","type":"Xã"},"geometry":{"type":"Polygon","coordinates":[[[105.156997,21.504451],[105.159886,21.50414],[105.159875,21.50115],[105.162419,21.499321],[105.1644,21.501953],[105.167454,21.500994],[105.171527,21.495646],[105.170364,21.495208],[105.173468,21.494302],[105.172292,21.492834],[105.174364,21.491657],[105.174045,21.489126],[105.169142,21.488839],[105.169759,21.485372],[105.168652,21.484712],[105.170282,21.482364],[105.169019,21.480728],[105.17158,21.479731],[105.173896,21.461838],[105.16383,21.456784],[105.160675,21.460801],[105.155486,21.461623],[105.156799,21.463592],[105.155584,21.462676],[105.149785,21.464269],[105.149512,21.461542],[105.147027,21.461776],[105.146011,21.460496],[105.147489,21.460363],[105.147923,21.45759],[105.145837,21.456424],[105.147533,21.455163],[105.147615,21.452607],[105.143909,21.452168],[105.147973,21.449789],[105.143023,21.446772],[105.142592,21.445329],[105.145314,21.445107],[105.142187,21.44503],[105.141529,21.441486],[105.138661,21.441391],[105.141497,21.435606],[105.145172,21.434456],[105.144607,21.431962],[105.13461,21.432123],[105.126883,21.443847],[105.113275,21.451039],[105.103787,21.458913],[105.099159,21.458602],[105.092936,21.46437],[105.090119,21.474027],[105.08145,21.483046],[105.08401,21.488518],[105.082036,21.489732],[105.083789,21.492442],[105.086133,21.490229],[105.087722,21.491288],[105.095405,21.485165],[105.097757,21.487612],[105.102487,21.487738],[105.102895,21.486002],[105.09782,21.483094],[105.101101,21.481392],[105.105643,21.482112],[105.106134,21.485215],[105.108424,21.486045],[105.10702,21.487679],[105.113023,21.493747],[105.113356,21.492421],[105.115195,21.49345],[105.116648,21.490403],[105.120356,21.492245],[105.120427,21.490103],[105.118609,21.489494],[105.121269,21.487853],[105.122041,21.492207],[105.123272,21.489684],[105.127271,21.490061],[105.127172,21.491779],[105.129455,21.491133],[105.129289,21.493371],[105.131047,21.491435],[105.130229,21.494237],[105.131722,21.492094],[105.134728,21.494282],[105.138126,21.492788],[105.141258,21.493651],[105.140956,21.491627],[105.143712,21.490411],[105.142532,21.489305],[105.143654,21.488488],[105.148142,21.49258],[105.146407,21.495031],[105.14793,21.498413],[105.149446,21.500026],[105.149372,21.4981],[105.150682,21.498112],[105.156997,21.504451]]]}},{"type":"Feature","properties":{"code":"08515","name":"Xã Hy Cương","type":"Xã"},"geometry":{"type":"Polygon","coordinates":[[[105.317207,21.384971],[105.318229,21.383117],[105.324662,21.381145],[105.325943,21.377861],[105.328143,21.376833],[105.326864,21.374743],[105.329001,21.375969],[105.334344,21.375351],[105.33827,21.37273],[105.339393,21.374337],[105.344022,21.368217],[105.342602,21.365297],[105.336608,21.362014],[105.333885,21.362677],[105.333294,21.359087],[105.337873,21.353876],[105.336074,21.348015],[105.339242,21.3442],[105.337127,21.343136],[105.339855,21.339139],[105.336181,21.336255],[105.338476,21.334805],[105.331193,21.319377],[105.331176,21.31576],[105.325173,21.313068],[105.31581,21.315729],[105.310891,21.320801],[105.306897,21.320884],[105.296851,21.330621],[105.296578,21.332909],[105.295658,21.331772],[105.292228,21.334086],[105.294527,21.340616],[105.297693,21.343951],[105.297299,21.348767],[105.311382,21.351942],[105.313887,21.354428],[105.314038,21.35552],[105.311423,21.35548],[105.306477,21.362344],[105.307657,21.365401],[105.306056,21.369558],[105.313342,21.378022],[105.314335,21.385197],[105.317207,21.384971]]]}},{"type":"Feature","properties":{"code":"08416","name":"Xã Hùng Việt","type":"Xã"},"geometry":{"type":"Polygon","coordinates":[[[105.149619,21.396797],[105.154305,21.396283],[105.161821,21.380728],[105.182333,21.364041],[105.185963,21.348523],[105.185163,21.336846],[105.177443,21.337492],[105.175193,21.340989],[105.174168,21.33922],[105.170473,21.339738],[105.170492,21.34244],[105.162923,21.342545],[105.163714,21.345629],[105.165234,21.345624],[105.16611,21.352786],[105.171779,21.353903],[105.169938,21.355777],[105.16711,21.35425],[105.164359,21.355693],[105.161009,21.350653],[105.156704,21.34929],[105.154868,21.350874],[105.152136,21.348504],[105.149644,21.349752],[105.148187,21.34768],[105.150228,21.343963],[105.146202,21.342043],[105.147211,21.335295],[105.143441,21.333931],[105.143362,21.331511],[105.14013,21.328771],[105.133993,21.327949],[105.129958,21.324231],[105.117585,21.335042],[105.119118,21.339354],[105.122843,21.343209],[105.121605,21.344118],[105.122315,21.346019],[105.118627,21.348223],[105.119241,21.349432],[105.117216,21.349611],[105.116271,21.346769],[105.113707,21.346649],[105.100995,21.353857],[105.099462,21.357037],[105.100377,21.366027],[105.106231,21.362717],[105.118151,21.361218],[105.120766,21.365316],[105.124707,21.367389],[105.124754,21.372172],[105.130302,21.372002],[105.131452,21.375229],[105.138316,21.377199],[105.142079,21.379801],[105.142006,21.381724],[105.144905,21.38138],[105.146179,21.384533],[105.14402,21.390006],[105.141049,21.390508],[105.140857,21.392741],[105.149619,21.396797]]]}},{"type":"Feature","properties":{"code":"08632","name":"Xã Hương Cần","type":"Xã"},"geometry":{"type":"Polygon","coordinates":[[[105.205125,21.085049],[105.218026,21.077343],[105.220173,21.073075],[105.225713,21.069762],[105.229916,21.06986],[105.241122,21.079293],[105.245107,21.076834],[105.246459,21.073911],[105.249091,21.072469],[105.250513,21.073511],[105.252299,21.068283],[105.25596,21.06632],[105.255085,21.064745],[105.256764,21.064682],[105.256473,21.060614],[105.262282,21.054892],[105.262651,21.050644],[105.270574,21.041398],[105.270692,21.038286],[105.277108,21.032221],[105.282359,21.021279],[105.280958,21.019186],[105.282312,21.015299],[105.286346,21.01528],[105.290991,21.007549],[105.285954,21.005036],[105.283796,21.000491],[105.285037,20.999219],[105.279538,21.003116],[105.273684,20.994672],[105.269658,20.992616],[105.2724,20.989313],[105.273253,20.982173],[105.270729,20.977991],[105.268577,20.978015],[105.265382,20.974025],[105.265718,20.96956],[105.262153,20.962847],[105.251103,20.96377],[105.248224,20.966073],[105.244373,20.965158],[105.240306,20.967559],[105.235902,20.960816],[105.228644,20.957512],[105.222061,20.95162],[105.21395,20.949218],[105.211214,20.945543],[105.204544,20.945085],[105.204679,20.94901],[105.206875,20.951243],[105.204141,20.951461],[105.199394,20.956333],[105.19193,20.958368],[105.191053,20.964149],[105.193686,20.976855],[105.200313,20.979121],[105.203248,20.97849],[105.208915,20.982282],[105.215064,20.981972],[105.221594,20.983777],[105.221423,20.988212],[105.217696,20.990867],[105.218343,20.992199],[105.214782,20.9978],[105.218496,21.001253],[105.217068,21.005296],[105.224082,21.009871],[105.226944,21.010108],[105.232809,21.01568],[105.2344,21.019595],[105.233808,21.022472],[105.217037,21.034807],[105.201432,21.050242],[105.203803,21.052421],[105.206821,21.052244],[105.200562,21.056562],[105.202353,21.05792],[105.205883,21.070543],[105.205448,21.075913],[105.195645,21.086462],[105.205125,21.085049]]]}},{"type":"Feature","properties":{"code":"08053","name":"Xã Hạ Hòa","type":"Xã"},"geometry":{"type":"Polygon","coordinates":[[[105.040465,21.629131],[105.040294,21.624257],[105.043948,21.622174],[105.041911,21.618176],[105.048366,21.61304],[105.052674,21.615861],[105.054109,21.614879],[105.056347,21.61668],[105.05995,21.616395],[105.062942,21.614911],[105.063637,21.612721],[105.071157,21.612471],[105.076871,21.605804],[105.074118,21.603605],[105.070173,21.603682],[105.070698,21.598164],[105.068817,21.596636],[105.066111,21.597037],[105.064558,21.594894],[105.06497,21.593012],[105.062279,21.590852],[105.063219,21.588633],[105.061658,21.587744],[105.06367,21.584232],[105.059946,21.58178],[105.05775,21.574991],[105.051241,21.575949],[105.043242,21.569141],[105.042199,21.562705],[105.038271,21.562552],[105.036424,21.55888],[105.037413,21.558182],[105.032977,21.556709],[105.031296,21.550459],[105.032228,21.549747],[105.03069,21.548372],[105.033406,21.545346],[105.02947,21.541316],[105.027741,21.542139],[105.028872,21.540943],[105.025735,21.536772],[105.010097,21.546359],[105.004319,21.553489],[104.996648,21.569671],[104.991734,21.574708],[104.993167,21.579414],[104.998575,21.576386],[105.000703,21.576746],[105.000984,21.575472],[105.006519,21.576842],[105.003699,21.584305],[105.009901,21.589993],[105.009862,21.593618],[105.007653,21.593738],[105.007342,21.595721],[105.011644,21.596903],[105.013564,21.599935],[105.015827,21.610163],[105.017923,21.612565],[105.020836,21.612156],[105.02081,21.615342],[105.026913,21.618079],[105.032367,21.628478],[105.036029,21.627007],[105.040465,21.629131]]]}},{"type":"Feature","properties":{"code":"08782","name":"Xã Hải Lựu","type":"Xã"},"geometry":{"type":"Polygon","coordinates":[[[105.325111,21.507639],[105.331563,21.504151],[105.338816,21.504152],[105.351659,21.493872],[105.369124,21.483855],[105.3724,21.47563],[105.369409,21.471165],[105.369384,21.472944],[105.366841,21.471711],[105.368039,21.471376],[105.366735,21.468826],[105.370305,21.469133],[105.368272,21.467927],[105.370301,21.465431],[105.377684,21.462735],[105.377479,21.460866],[105.380671,21.460685],[105.381461,21.462521],[105.388743,21.461392],[105.391005,21.462732],[105.391588,21.461519],[105.398738,21.461225],[105.397717,21.458555],[105.398744,21.457547],[105.396175,21.454922],[105.399953,21.455267],[105.398124,21.453394],[105.400874,21.448465],[105.399517,21.447709],[105.4048,21.445251],[105.402018,21.44389],[105.403618,21.442754],[105.3995,21.437212],[105.40031,21.435251],[105.395556,21.432972],[105.396322,21.430828],[105.399151,21.431316],[105.391571,21.424106],[105.385918,21.429493],[105.376882,21.433775],[105.360653,21.427346],[105.353201,21.418236],[105.343524,21.419269],[105.341105,21.424361],[105.343336,21.441852],[105.333959,21.475182],[105.333642,21.482133],[105.322745,21.494953],[105.322286,21.499032],[105.325111,21.507639]]]}},{"type":"Feature","properties":{"code":"08905","name":"Xã Hội Thịnh","type":"Xã"},"geometry":{"type":"Polygon","coordinates":[[[105.535516,21.360323],[105.54238,21.359963],[105.549445,21.34715],[105.551012,21.347372],[105.551001,21.344635],[105.558352,21.341291],[105.558805,21.337358],[105.561434,21.339899],[105.562716,21.33936],[105.561872,21.341486],[105.564028,21.342544],[105.563205,21.34464],[105.572412,21.35041],[105.572547,21.352521],[105.575644,21.354652],[105.582377,21.351894],[105.586913,21.354997],[105.588657,21.352137],[105.593271,21.351961],[105.595149,21.349239],[105.592792,21.344708],[105.59342,21.343255],[105.586915,21.33447],[105.58047,21.332962],[105.577724,21.329115],[105.573105,21.327268],[105.571808,21.328139],[105.570271,21.326048],[105.56956,21.327629],[105.565649,21.326759],[105.567496,21.320991],[105.560415,21.318806],[105.559754,21.321646],[105.55539,21.32012],[105.554891,21.317441],[105.559654,21.318633],[105.567186,21.310222],[105.559205,21.305549],[105.557129,21.309356],[105.553581,21.307286],[105.554713,21.30651],[105.552324,21.303844],[105.55051,21.304552],[105.549701,21.301409],[105.553254,21.299106],[105.55029,21.296934],[105.553267,21.293821],[105.549115,21.289943],[105.554243,21.279567],[105.552964,21.274499],[105.55011,21.275518],[105.549095,21.279088],[105.546518,21.278378],[105.544407,21.281287],[105.541618,21.281257],[105.539154,21.28384],[105.53548,21.283699],[105.535881,21.285096],[105.531899,21.288324],[105.533034,21.290043],[105.53168,21.295315],[105.536291,21.298217],[105.533983,21.300898],[105.537134,21.304643],[105.533524,21.308987],[105.53921,21.313667],[105.536952,21.315572],[105.535063,21.315005],[105.536896,21.318788],[105.535943,21.321452],[105.537071,21.324853],[105.539935,21.329049],[105.538134,21.331802],[105.539716,21.334762],[105.536817,21.338081],[105.538758,21.341316],[105.53462,21.344675],[105.535772,21.346105],[105.534841,21.350815],[105.532474,21.353753],[105.537385,21.354992],[105.536637,21.35852],[105.538076,21.35874],[105.535516,21.360323]]]}},{"type":"Feature","properties":{"code":"05068","name":"Xã Hợp Kim","type":"Xã"},"geometry":{"type":"Polygon","coordinates":[[[105.573658,20.735205],[105.582264,20.730018],[105.590045,20.720531],[105.601901,20.718745],[105.597044,20.711132],[105.600768,20.706338],[105.600002,20.703667],[105.602049,20.698477],[105.600247,20.696679],[105.603085,20.693605],[105.603638,20.68935],[105.609565,20.68457],[105.613343,20.677738],[105.612505,20.67266],[105.607071,20.663259],[105.613569,20.654857],[105.612252,20.650516],[105.616068,20.643201],[105.618309,20.641969],[105.616993,20.639588],[105.618828,20.634919],[105.624967,20.632004],[105.630509,20.624323],[105.624207,20.618148],[105.614459,20.614489],[105.615432,20.609353],[105.618761,20.609026],[105.623767,20.597295],[105.629784,20.595653],[105.632866,20.589973],[105.622096,20.587659],[105.625596,20.583399],[105.623622,20.582011],[105.625434,20.578788],[105.622692,20.575898],[105.620919,20.57611],[105.619268,20.572758],[105.620174,20.570187],[105.613525,20.569043],[105.609232,20.564753],[105.606079,20.570061],[105.604279,20.568299],[105.600786,20.569242],[105.598793,20.573479],[105.599675,20.581337],[105.595713,20.585842],[105.589787,20.583265],[105.584974,20.585273],[105.582633,20.58466],[105.583316,20.588546],[105.579258,20.593477],[105.579518,20.597887],[105.581434,20.59912],[105.573879,20.612169],[105.577659,20.618073],[105.575723,20.622374],[105.568287,20.624926],[105.565412,20.627546],[105.565015,20.630158],[105.567729,20.635319],[105.567062,20.640892],[105.565482,20.64066],[105.563427,20.644612],[105.561143,20.644152],[105.55885,20.647722],[105.56046,20.653601],[105.557779,20.662912],[105.561374,20.664098],[105.562759,20.678862],[105.556015,20.679111],[105.552025,20.683164],[105.548801,20.680965],[105.544666,20.686422],[105.545746,20.688922],[105.544046,20.691972],[105.547645,20.694399],[105.546049,20.702125],[105.548874,20.707259],[105.542753,20.713878],[105.553021,20.713037],[105.559942,20.716699],[105.563978,20.72276],[105.566347,20.722344],[105.573658,20.735205]]]}},{"type":"Feature","properties":{"code":"08770","name":"Xã Hợp Lý","type":"Xã"},"geometry":{"type":"Polygon","coordinates":[[[105.49951,21.517841],[105.492521,21.512699],[105.487569,21.502679],[105.49263,21.497353],[105.497579,21.499325],[105.502408,21.490042],[105.503771,21.489271],[105.505565,21.490846],[105.507183,21.489472],[105.501537,21.48829],[105.495718,21.483088],[105.486627,21.482425],[105.484601,21.484163],[105.481799,21.481768],[105.478239,21.48431],[105.470609,21.483446],[105.468883,21.484957],[105.464781,21.484899],[105.462459,21.481248],[105.46293,21.476728],[105.466904,21.476109],[105.467192,21.474142],[105.471175,21.475705],[105.474584,21.474606],[105.473729,21.470996],[105.477792,21.46827],[105.479539,21.463816],[105.477389,21.459495],[105.470608,21.458234],[105.465735,21.45954],[105.462018,21.457927],[105.46069,21.467396],[105.45603,21.468237],[105.454757,21.465788],[105.448914,21.463902],[105.445098,21.464571],[105.431192,21.474442],[105.428426,21.484464],[105.429154,21.487815],[105.426745,21.489782],[105.42644,21.494987],[105.423265,21.497579],[105.429247,21.505565],[105.439684,21.510366],[105.444746,21.509221],[105.455603,21.511128],[105.455908,21.515975],[105.458247,21.518901],[105.462935,21.517644],[105.462579,21.51856],[105.463344,21.51864],[105.463477,21.517016],[105.466241,21.516552],[105.4721,21.519631],[105.473575,21.523947],[105.482173,21.518046],[105.487832,21.517802],[105.491828,21.520297],[105.490989,21.522807],[105.493676,21.527088],[105.49282,21.528512],[105.496735,21.526874],[105.496242,21.523114],[105.49951,21.517841]]]}},{"type":"Feature","properties":{"code":"08635","name":"Xã Khả Cửu","type":"Xã"},"geometry":{"type":"Polygon","coordinates":[[[105.120616,21.073478],[105.123363,21.071535],[105.129651,21.073079],[105.130205,21.069253],[105.137747,21.069276],[105.14203,21.060263],[105.145322,21.058322],[105.144673,21.055119],[105.148627,21.053855],[105.147106,21.052751],[105.14755,21.049308],[105.151486,21.048614],[105.153455,21.045974],[105.16055,21.042465],[105.163606,21.042604],[105.165796,21.038431],[105.169164,21.036145],[105.173252,21.034389],[105.177595,21.03507],[105.178512,21.027432],[105.183014,21.02186],[105.178828,21.014828],[105.183219,21.009689],[105.186404,20.995422],[105.189442,20.993014],[105.189518,20.985278],[105.193686,20.976855],[105.191053,20.964149],[105.192383,20.959174],[105.190899,20.953408],[105.177475,20.944942],[105.162059,20.943707],[105.160543,20.939283],[105.147747,20.941494],[105.145206,20.938801],[105.14222,20.93983],[105.131289,20.937984],[105.126006,20.941932],[105.122193,20.941858],[105.111486,20.951701],[105.110568,20.954716],[105.098662,20.956996],[105.091178,20.961361],[105.088715,20.966247],[105.090183,20.968577],[105.089333,20.970545],[105.081321,20.978781],[105.067843,21.001145],[105.061033,21.002743],[105.055294,21.010195],[105.05032,21.007968],[105.044038,21.009358],[105.044292,21.010808],[105.037922,21.012345],[105.03558,21.016373],[105.034526,21.019454],[105.041171,21.019698],[105.044256,21.022379],[105.044628,21.030295],[105.041064,21.035916],[105.040462,21.041127],[105.046065,21.041766],[105.050345,21.03849],[105.055262,21.037225],[105.061648,21.044076],[105.06349,21.042471],[105.070017,21.045287],[105.072349,21.0518],[105.08224,21.054747],[105.086033,21.052936],[105.090896,21.054084],[105.099277,21.049745],[105.102778,21.051134],[105.107827,21.050641],[105.105879,21.056169],[105.109802,21.059834],[105.111962,21.058829],[105.115215,21.06027],[105.116968,21.072224],[105.120616,21.073478]]]}},{"type":"Feature","properties":{"code":"04978","name":"Xã Kim Bôi","type":"Xã"},"geometry":{"type":"Polygon","coordinates":[[[105.530964,20.691971],[105.529491,20.693338],[105.527417,20.692703],[105.526507,20.689235],[105.529464,20.681182],[105.53394,20.679508],[105.533095,20.676756],[105.547377,20.673305],[105.548064,20.672093],[105.544742,20.667557],[105.557779,20.662912],[105.56046,20.653601],[105.558933,20.64746],[105.561143,20.644152],[105.563427,20.644612],[105.565482,20.64066],[105.567062,20.640892],[105.567729,20.635319],[105.565119,20.628016],[105.568287,20.624926],[105.575723,20.622374],[105.577656,20.617943],[105.573884,20.61214],[105.578426,20.606284],[105.579386,20.602113],[105.574464,20.602859],[105.571155,20.599464],[105.561193,20.602212],[105.561005,20.608073],[105.558058,20.615866],[105.556322,20.615564],[105.556086,20.61783],[105.554594,20.61716],[105.552308,20.619867],[105.541274,20.619189],[105.539938,20.617859],[105.535565,20.618026],[105.531464,20.615275],[105.523806,20.614737],[105.518774,20.6158],[105.519605,20.620473],[105.52192,20.623299],[105.509097,20.626366],[105.507858,20.624768],[105.504198,20.625033],[105.503148,20.627177],[105.501459,20.626148],[105.495637,20.628982],[105.496548,20.631131],[105.492526,20.635567],[105.488566,20.636973],[105.470609,20.631555],[105.476445,20.637438],[105.478402,20.637079],[105.480603,20.640251],[105.4833,20.64096],[105.488963,20.649608],[105.492232,20.650429],[105.493312,20.652799],[105.491302,20.656492],[105.498613,20.663146],[105.499651,20.668297],[105.497871,20.671226],[105.500621,20.673266],[105.494974,20.683991],[105.491617,20.684793],[105.488042,20.68299],[105.485133,20.68463],[105.487264,20.687787],[105.484721,20.68707],[105.48525,20.690192],[105.487677,20.691638],[105.487833,20.692397],[105.481535,20.695655],[105.477209,20.694788],[105.475516,20.696279],[105.476056,20.701843],[105.473606,20.704719],[105.479775,20.708167],[105.48115,20.706967],[105.480295,20.708586],[105.484463,20.715304],[105.484534,20.718331],[105.488826,20.719396],[105.493207,20.71761],[105.493199,20.720663],[105.496655,20.721023],[105.507385,20.719016],[105.50654,20.717034],[105.508992,20.713774],[105.507881,20.709739],[105.509745,20.706334],[105.508947,20.702298],[105.50986,20.699722],[105.511697,20.6996],[105.510944,20.697966],[105.513799,20.696639],[105.518863,20.700383],[105.519848,20.69677],[105.52389,20.69637],[105.524702,20.699312],[105.526209,20.69928],[105.530964,20.691971]]]}},{"type":"Feature","properties":{"code":"08560","name":"Xã Lai Đồng","type":"Xã"},"geometry":{"type":"Polygon","coordinates":[[[104.950192,21.259345],[104.946814,21.249034],[104.948877,21.249034],[104.956091,21.243311],[104.964993,21.233231],[104.961607,21.221806],[104.964303,21.220224],[104.964566,21.213592],[104.967784,21.208425],[104.972829,21.210581],[104.977048,21.207867],[104.975897,21.206339],[104.97633,21.199905],[104.974125,21.197831],[104.976178,21.193235],[104.974997,21.189667],[104.967841,21.186658],[104.958134,21.190145],[104.953234,21.187879],[104.949433,21.181977],[104.95032,21.177132],[104.953851,21.175363],[104.956358,21.17017],[104.953697,21.168007],[104.946763,21.172486],[104.944072,21.172334],[104.930217,21.157683],[104.923234,21.159943],[104.911911,21.167869],[104.904045,21.171086],[104.9014,21.169601],[104.896807,21.17301],[104.888134,21.16563],[104.87606,21.170181],[104.863471,21.164483],[104.856303,21.166122],[104.860028,21.174224],[104.858318,21.176637],[104.850923,21.17993],[104.858274,21.186901],[104.860332,21.198187],[104.86523,21.210078],[104.86174,21.211266],[104.859525,21.217436],[104.852876,21.223221],[104.845906,21.224598],[104.844342,21.226548],[104.848992,21.230336],[104.848886,21.234269],[104.855934,21.23388],[104.852485,21.237851],[104.84946,21.249518],[104.857742,21.2613],[104.86578,21.256441],[104.872436,21.257247],[104.877618,21.253597],[104.88674,21.25605],[104.89605,21.253785],[104.897935,21.255811],[104.905818,21.255739],[104.907084,21.258002],[104.912578,21.253018],[104.924458,21.25161],[104.926848,21.249832],[104.933417,21.254684],[104.944401,21.267146],[104.944882,21.264064],[104.950192,21.259345]]]}},{"type":"Feature","properties":{"code":"09064","name":"Xã Liên Châu","type":"Xã"},"geometry":{"type":"Polygon","coordinates":[[[105.577401,21.199892],[105.583068,21.197077],[105.591043,21.201046],[105.602867,21.201551],[105.603156,21.19672],[105.606511,21.195825],[105.605766,21.192445],[105.607868,21.190882],[105.60422,21.188411],[105.605119,21.184838],[105.602765,21.184746],[105.600742,21.18916],[105.594135,21.189384],[105.58845,21.183788],[105.584521,21.18248],[105.586131,21.181339],[105.583867,21.178598],[105.589184,21.179894],[105.590653,21.184331],[105.595808,21.187027],[105.596577,21.179209],[105.594532,21.179403],[105.594348,21.172554],[105.602636,21.171545],[105.602309,21.169451],[105.57515,21.164306],[105.574899,21.161256],[105.570821,21.16037],[105.538501,21.15621],[105.537582,21.168054],[105.529029,21.183621],[105.5312,21.185265],[105.534493,21.184404],[105.537317,21.185702],[105.536308,21.189699],[105.543208,21.193522],[105.553881,21.195115],[105.557426,21.192168],[105.55964,21.19244],[105.56445,21.196925],[105.564611,21.199807],[105.568248,21.200451],[105.56891,21.199052],[105.568748,21.200559],[105.575127,21.20173],[105.575144,21.203246],[105.577401,21.199892]]]}},{"type":"Feature","properties":{"code":"08812","name":"Xã Liên Hòa","type":"Xã"},"geometry":{"type":"Polygon","coordinates":[[[105.520306,21.448664],[105.519712,21.442383],[105.52109,21.440892],[105.518614,21.438083],[105.518606,21.434759],[105.52062,21.435906],[105.523147,21.434403],[105.521277,21.432878],[105.524698,21.422468],[105.52359,21.415583],[105.525235,21.414082],[105.52635,21.406503],[105.528773,21.406174],[105.528899,21.404307],[105.518595,21.396535],[105.518831,21.39338],[105.52147,21.38975],[105.517555,21.382986],[105.513115,21.384141],[105.509112,21.382219],[105.505392,21.383207],[105.503877,21.3816],[105.493799,21.38828],[105.487804,21.388673],[105.482422,21.395607],[105.488197,21.398578],[105.488832,21.402366],[105.487566,21.404248],[105.489824,21.404946],[105.489156,21.406405],[105.494961,21.405704],[105.493248,21.407325],[105.49692,21.407316],[105.501976,21.411916],[105.501167,21.414013],[105.502471,21.414038],[105.500506,21.415224],[105.501143,21.419535],[105.498109,21.419956],[105.5051,21.42454],[105.501882,21.439437],[105.498682,21.442361],[105.499567,21.445557],[105.520306,21.448664]]]}},{"type":"Feature","properties":{"code":"08227","name":"Xã Liên Minh","type":"Xã"},"geometry":{"type":"Polygon","coordinates":[[[105.18315,21.39436],[105.193677,21.396361],[105.19177,21.390446],[105.200952,21.379454],[105.19891,21.365618],[105.199869,21.364653],[105.207848,21.367501],[105.21444,21.367823],[105.216103,21.350596],[105.214818,21.350592],[105.212064,21.33752],[105.209113,21.331905],[105.201367,21.326822],[105.189332,21.328876],[105.185163,21.336846],[105.185963,21.348523],[105.182333,21.364041],[105.161821,21.380728],[105.165868,21.386166],[105.168426,21.383741],[105.174976,21.388196],[105.18027,21.388889],[105.18315,21.39436]]]}},{"type":"Feature","properties":{"code":"04960","name":"Xã Liên Sơn","type":"Xã"},"geometry":{"type":"Polygon","coordinates":[[[105.484316,20.853246],[105.486573,20.854334],[105.490307,20.848031],[105.494582,20.848568],[105.503962,20.839837],[105.514232,20.839641],[105.517848,20.842441],[105.518203,20.848202],[105.521802,20.850588],[105.53194,20.849274],[105.533921,20.851515],[105.533716,20.853801],[105.540047,20.852506],[105.541224,20.859709],[105.543266,20.861871],[105.558354,20.861997],[105.567495,20.85776],[105.565352,20.853272],[105.567533,20.851716],[105.568431,20.847864],[105.586274,20.844074],[105.588105,20.84545],[105.587301,20.842855],[105.585248,20.842344],[105.58607,20.840268],[105.581459,20.836835],[105.579533,20.82682],[105.5754,20.822555],[105.566173,20.821664],[105.562325,20.82285],[105.558261,20.812291],[105.550881,20.809212],[105.552408,20.8069],[105.555731,20.806052],[105.564275,20.809463],[105.575189,20.807935],[105.583409,20.811793],[105.583841,20.81755],[105.587773,20.820484],[105.586632,20.826416],[105.588097,20.831327],[105.59473,20.830478],[105.597757,20.833491],[105.596548,20.834828],[105.597813,20.838633],[105.596722,20.841836],[105.599936,20.841177],[105.602905,20.83793],[105.609963,20.838029],[105.613889,20.835615],[105.615924,20.831795],[105.618881,20.831904],[105.617844,20.830454],[105.632063,20.835312],[105.633788,20.838524],[105.636672,20.83937],[105.635437,20.832918],[105.641683,20.833029],[105.642402,20.831068],[105.640544,20.829937],[105.64211,20.827581],[105.641236,20.824215],[105.636547,20.821486],[105.630238,20.820816],[105.632249,20.819915],[105.631231,20.817117],[105.627592,20.816617],[105.62694,20.814379],[105.630561,20.81589],[105.632145,20.813886],[105.631125,20.811188],[105.632513,20.802978],[105.634622,20.801023],[105.630756,20.793479],[105.63372,20.792926],[105.635986,20.795313],[105.641277,20.79179],[105.643591,20.792738],[105.645744,20.79655],[105.646303,20.792279],[105.648398,20.792103],[105.647699,20.776614],[105.649547,20.776019],[105.648362,20.768215],[105.650215,20.759383],[105.646501,20.758182],[105.646679,20.753312],[105.640487,20.752036],[105.640503,20.758009],[105.630888,20.754498],[105.617032,20.753383],[105.609451,20.756844],[105.605953,20.76032],[105.600902,20.7603],[105.593956,20.769389],[105.582718,20.776625],[105.574407,20.775197],[105.570817,20.779126],[105.560833,20.778908],[105.552991,20.784719],[105.551229,20.788614],[105.555199,20.79761],[105.532632,20.797345],[105.530749,20.799925],[105.521262,20.801922],[105.519307,20.803812],[105.512523,20.80072],[105.503947,20.801063],[105.498147,20.794508],[105.491614,20.793881],[105.487603,20.791747],[105.485687,20.787938],[105.482633,20.787745],[105.481276,20.785761],[105.479642,20.786648],[105.478037,20.788766],[105.479372,20.793416],[105.477746,20.794772],[105.479444,20.805594],[105.476178,20.807243],[105.474925,20.814172],[105.477633,20.822882],[105.469308,20.835785],[105.472499,20.839557],[105.472852,20.848718],[105.471669,20.85156],[105.46532,20.856239],[105.467559,20.872264],[105.468787,20.872355],[105.474605,20.861398],[105.484316,20.853246]]]}},{"type":"Feature","properties":{"code":"08620","name":"Xã Long Cốc","type":"Xã"},"geometry":{"type":"Polygon","coordinates":[[[105.039724,21.15484],[105.042655,21.151956],[105.046025,21.141192],[105.050754,21.140725],[105.053842,21.137223],[105.058947,21.135144],[105.064278,21.138474],[105.067861,21.138668],[105.071436,21.132502],[105.074277,21.135264],[105.07336,21.136624],[105.074943,21.137857],[105.07564,21.135502],[105.075312,21.13829],[105.07917,21.139919],[105.081455,21.139495],[105.086478,21.13379],[105.090111,21.135023],[105.094265,21.126974],[105.093744,21.12133],[105.091466,21.120134],[105.090111,21.121322],[105.08651,21.11875],[105.08602,21.11541],[105.082166,21.11127],[105.082737,21.109043],[105.085043,21.107681],[105.090085,21.11094],[105.099811,21.107743],[105.10102,21.109657],[105.101906,21.107732],[105.10739,21.110731],[105.111046,21.103185],[105.113908,21.101657],[105.115858,21.098311],[105.115086,21.095218],[105.11045,21.091072],[105.113634,21.083903],[105.112495,21.081473],[105.117624,21.070627],[105.115215,21.06027],[105.111962,21.058829],[105.109802,21.059834],[105.105879,21.056169],[105.108298,21.050912],[105.099277,21.049745],[105.090896,21.054084],[105.086033,21.052936],[105.08224,21.054747],[105.072349,21.0518],[105.070017,21.045287],[105.06349,21.042471],[105.061648,21.044076],[105.055123,21.037186],[105.046065,21.041766],[105.040828,21.040969],[105.038741,21.042311],[105.036292,21.053006],[105.039994,21.056126],[105.040749,21.060143],[105.043888,21.062036],[105.045631,21.067417],[105.043132,21.080477],[105.039094,21.083508],[105.045067,21.089905],[105.04343,21.098656],[105.045356,21.100342],[105.043104,21.101099],[105.03774,21.108709],[105.035895,21.112966],[105.036599,21.118013],[105.030882,21.125684],[105.031346,21.13101],[105.027423,21.136314],[105.029818,21.139644],[105.029203,21.141829],[105.03797,21.148779],[105.037204,21.15469],[105.039724,21.15484]]]}},{"type":"Feature","properties":{"code":"08494","name":"Xã Lâm Thao","type":"Xã"},"geometry":{"type":"Polygon","coordinates":[[[105.291566,21.371426],[105.294532,21.370393],[105.294091,21.367563],[105.297994,21.369407],[105.302276,21.367613],[105.306861,21.368304],[105.307606,21.364175],[105.306477,21.362344],[105.311423,21.35548],[105.314063,21.355083],[105.311525,21.351991],[105.297299,21.348767],[105.297693,21.343951],[105.294527,21.340616],[105.292228,21.334086],[105.295658,21.331772],[105.296578,21.332909],[105.296851,21.330621],[105.303246,21.323944],[105.300027,21.324958],[105.29521,21.323463],[105.294714,21.32004],[105.287181,21.312792],[105.289837,21.305132],[105.287336,21.303937],[105.282346,21.309572],[105.283237,21.311805],[105.280947,21.313709],[105.280212,21.320313],[105.274729,21.319273],[105.273896,21.334512],[105.266795,21.34975],[105.2743,21.349048],[105.278799,21.351852],[105.279222,21.354786],[105.283807,21.356535],[105.286012,21.360427],[105.284869,21.366266],[105.286551,21.369848],[105.291566,21.371426]]]}},{"type":"Feature","properties":{"code":"04924","name":"Xã Lương Sơn","type":"Xã"},"geometry":{"type":"Polygon","coordinates":[[[105.447205,20.89737],[105.455722,20.910997],[105.460258,20.927737],[105.460337,20.931226],[105.458075,20.933221],[105.460259,20.938573],[105.464402,20.941938],[105.46501,20.946216],[105.471234,20.949023],[105.478312,20.948896],[105.490537,20.933551],[105.493699,20.933643],[105.499005,20.930301],[105.502365,20.931028],[105.505545,20.926553],[105.510837,20.923176],[105.52159,20.922105],[105.525301,20.918928],[105.532578,20.922358],[105.53835,20.92782],[105.545885,20.923153],[105.552091,20.927409],[105.560682,20.924679],[105.566264,20.927613],[105.571014,20.927912],[105.570766,20.930139],[105.573405,20.928408],[105.575557,20.930184],[105.579963,20.928755],[105.581272,20.925782],[105.579656,20.924835],[105.584517,20.92276],[105.581833,20.919824],[105.5785,20.920347],[105.580115,20.917769],[105.579082,20.915067],[105.577106,20.915406],[105.56282,20.908872],[105.559835,20.909781],[105.557532,20.908],[105.559983,20.905468],[105.557104,20.906665],[105.555972,20.905632],[105.55619,20.90403],[105.563382,20.898514],[105.56099,20.897901],[105.559608,20.890906],[105.55499,20.886304],[105.556157,20.883712],[105.5527,20.883222],[105.554015,20.879765],[105.55936,20.880846],[105.559563,20.877399],[105.561273,20.87546],[105.563404,20.876056],[105.562786,20.873218],[105.567919,20.872579],[105.571232,20.869105],[105.573143,20.869101],[105.575636,20.866324],[105.575468,20.864009],[105.579399,20.861457],[105.580216,20.862483],[105.585413,20.857399],[105.585105,20.85459],[105.587681,20.849559],[105.586289,20.846043],[105.584702,20.844349],[105.568126,20.848043],[105.567533,20.851716],[105.565352,20.853272],[105.567495,20.85776],[105.561557,20.861356],[105.544835,20.862309],[105.541224,20.859709],[105.540047,20.852506],[105.533716,20.853801],[105.533921,20.851515],[105.53194,20.849274],[105.522172,20.850736],[105.518203,20.848202],[105.51794,20.842723],[105.515699,20.840263],[105.503962,20.839837],[105.494582,20.848568],[105.490307,20.848031],[105.486946,20.854072],[105.483502,20.853519],[105.478087,20.858049],[105.470606,20.866922],[105.468224,20.872823],[105.464897,20.86032],[105.46532,20.856239],[105.471669,20.85156],[105.472852,20.848718],[105.472499,20.839557],[105.469308,20.835785],[105.477633,20.822882],[105.474925,20.814172],[105.476178,20.807243],[105.472123,20.808257],[105.467869,20.807148],[105.463538,20.809622],[105.458492,20.805117],[105.453442,20.803619],[105.45109,20.804568],[105.449619,20.807819],[105.445691,20.808517],[105.442425,20.820162],[105.440315,20.82181],[105.435315,20.820362],[105.432429,20.822079],[105.430214,20.828656],[105.432285,20.832995],[105.431125,20.836175],[105.428756,20.837756],[105.426186,20.83686],[105.4238,20.840608],[105.425779,20.846073],[105.430359,20.847947],[105.430421,20.850719],[105.43458,20.853682],[105.436034,20.857131],[105.44046,20.859373],[105.440583,20.864621],[105.437093,20.864264],[105.437613,20.868746],[105.440367,20.870096],[105.439951,20.873488],[105.442262,20.875157],[105.443195,20.880881],[105.444784,20.881166],[105.443443,20.881842],[105.443883,20.885561],[105.445491,20.885222],[105.442009,20.893276],[105.448663,20.895916],[105.447205,20.89737]]]}},{"type":"Feature","properties":{"code":"05362","name":"Xã Lạc Lương","type":"Xã"},"geometry":{"type":"Polygon","coordinates":[[[105.560661,20.549535],[105.566402,20.548414],[105.567272,20.545097],[105.569638,20.545473],[105.573905,20.542847],[105.576335,20.537258],[105.578046,20.537614],[105.581967,20.534045],[105.584186,20.52745],[105.58586,20.529286],[105.591285,20.530455],[105.593465,20.528816],[105.596386,20.529316],[105.598394,20.526265],[105.602738,20.529069],[105.605568,20.527465],[105.608132,20.528101],[105.611555,20.522471],[105.610539,20.517784],[105.611812,20.513734],[105.614307,20.513238],[105.617245,20.504154],[105.614855,20.503281],[105.620836,20.505434],[105.628153,20.502505],[105.631816,20.494794],[105.631966,20.491108],[105.63679,20.488549],[105.641368,20.493273],[105.645867,20.492338],[105.650674,20.495093],[105.655191,20.492699],[105.657118,20.494842],[105.657527,20.500277],[105.661557,20.506474],[105.666491,20.510056],[105.670978,20.510179],[105.674922,20.508095],[105.675455,20.510954],[105.677073,20.510852],[105.689831,20.506796],[105.68939,20.502237],[105.678823,20.494782],[105.677542,20.487848],[105.68145,20.485705],[105.682584,20.483262],[105.679891,20.482565],[105.679289,20.478917],[105.672173,20.474696],[105.670796,20.466614],[105.671588,20.462058],[105.669172,20.458903],[105.675323,20.453753],[105.682686,20.438136],[105.679035,20.433608],[105.668455,20.43414],[105.665822,20.432299],[105.653869,20.433194],[105.651786,20.432388],[105.64878,20.426857],[105.629404,20.42518],[105.626869,20.422219],[105.623605,20.422743],[105.622588,20.421471],[105.615565,20.423166],[105.614451,20.413016],[105.609832,20.410166],[105.605108,20.410804],[105.599888,20.408599],[105.596764,20.409816],[105.59796,20.415432],[105.591993,20.42075],[105.587029,20.421819],[105.58498,20.427425],[105.58248,20.427578],[105.58176,20.425235],[105.577311,20.424093],[105.573084,20.426414],[105.569139,20.433384],[105.557834,20.435958],[105.550118,20.441366],[105.54691,20.447009],[105.550028,20.459649],[105.550029,20.469493],[105.547898,20.471632],[105.553665,20.471821],[105.558477,20.467739],[105.567589,20.468242],[105.56982,20.471797],[105.573952,20.472607],[105.572054,20.478914],[105.577784,20.478849],[105.575878,20.487884],[105.569514,20.490835],[105.568967,20.493208],[105.562616,20.498178],[105.564246,20.499674],[105.562557,20.502724],[105.55229,20.506844],[105.548511,20.506531],[105.544611,20.510143],[105.540834,20.519254],[105.54067,20.52241],[105.544519,20.526797],[105.543825,20.53303],[105.547607,20.540999],[105.560661,20.549535]]]}},{"type":"Feature","properties":{"code":"05266","name":"Xã Lạc Sơn","type":"Xã"},"geometry":{"type":"Polygon","coordinates":[[[105.492637,20.482218],[105.504573,20.479777],[105.50732,20.476614],[105.523452,20.473431],[105.529734,20.47747],[105.538027,20.480005],[105.540019,20.472848],[105.547898,20.471632],[105.550029,20.469493],[105.550028,20.459649],[105.54749,20.445082],[105.52787,20.444929],[105.523972,20.443039],[105.523675,20.439297],[105.520136,20.436303],[105.514863,20.438793],[105.502986,20.439948],[105.501708,20.432357],[105.497538,20.430177],[105.495744,20.43142],[105.494703,20.429988],[105.488611,20.430503],[105.486194,20.428753],[105.484346,20.431893],[105.476305,20.433714],[105.477558,20.436477],[105.474978,20.439435],[105.460799,20.441114],[105.451822,20.429608],[105.452253,20.424515],[105.444409,20.418443],[105.437435,20.426544],[105.43243,20.42606],[105.430576,20.427935],[105.427315,20.42816],[105.425199,20.431521],[105.426442,20.438504],[105.424627,20.440308],[105.427481,20.449343],[105.417795,20.455984],[105.420765,20.457873],[105.421019,20.460899],[105.429415,20.460537],[105.430111,20.46697],[105.435891,20.471552],[105.444371,20.467685],[105.443337,20.472508],[105.448735,20.475101],[105.45145,20.474],[105.464791,20.477943],[105.467282,20.47584],[105.471768,20.477162],[105.473599,20.475708],[105.475241,20.480375],[105.483769,20.479319],[105.492637,20.482218]]]}},{"type":"Feature","properties":{"code":"05392","name":"Xã Lạc Thủy","type":"Xã"},"geometry":{"type":"Polygon","coordinates":[[[105.774366,20.515062],[105.773378,20.535929],[105.781203,20.541635],[105.786584,20.534944],[105.788422,20.530187],[105.787623,20.527702],[105.790827,20.524475],[105.79281,20.518942],[105.79181,20.517121],[105.794888,20.514861],[105.795101,20.511699],[105.800963,20.513939],[105.803463,20.511176],[105.803459,20.504525],[105.80562,20.498876],[105.809454,20.499345],[105.8097,20.501014],[105.820128,20.505994],[105.820957,20.493646],[105.824562,20.488678],[105.83583,20.484341],[105.837153,20.481145],[105.841695,20.480841],[105.844104,20.477893],[105.851671,20.478795],[105.851271,20.463226],[105.853646,20.43232],[105.856423,20.426573],[105.859929,20.42414],[105.861808,20.420239],[105.860343,20.418574],[105.855348,20.417517],[105.848715,20.422045],[105.842743,20.420246],[105.837757,20.420631],[105.835033,20.415453],[105.823145,20.418198],[105.819191,20.423747],[105.808034,20.428852],[105.80141,20.435954],[105.794086,20.44637],[105.792486,20.454296],[105.787329,20.452961],[105.788677,20.447678],[105.781199,20.435997],[105.774777,20.43476],[105.77383,20.440536],[105.761831,20.439833],[105.761736,20.441051],[105.758396,20.441749],[105.751286,20.439075],[105.74747,20.455949],[105.742511,20.466045],[105.740125,20.483968],[105.741282,20.492034],[105.739998,20.493789],[105.741282,20.495375],[105.739456,20.499114],[105.741049,20.50239],[105.750709,20.505067],[105.755463,20.509529],[105.759453,20.51048],[105.758704,20.513935],[105.760602,20.51586],[105.769246,20.508808],[105.772524,20.514414],[105.774366,20.515062]]]}},{"type":"Feature","properties":{"code":"08761","name":"Xã Lập Thạch","type":"Xã"},"geometry":{"type":"Polygon","coordinates":[[[105.445098,21.464571],[105.448914,21.463902],[105.454757,21.465788],[105.45603,21.468237],[105.460624,21.467426],[105.462018,21.457927],[105.465735,21.45954],[105.470608,21.458234],[105.477389,21.459495],[105.479539,21.463816],[105.481282,21.463183],[105.484817,21.453933],[105.484984,21.445492],[105.482552,21.442136],[105.483704,21.440775],[105.4829,21.438041],[105.48005,21.436018],[105.480846,21.43293],[105.482408,21.432684],[105.482708,21.429681],[105.485963,21.428628],[105.48533,21.426399],[105.487539,21.424237],[105.486287,21.421502],[105.489154,21.420966],[105.491446,21.422447],[105.492199,21.420617],[105.501143,21.419535],[105.500659,21.41432],[105.502471,21.414038],[105.501167,21.414013],[105.501976,21.411916],[105.499039,21.408692],[105.493248,21.407325],[105.495065,21.406357],[105.494961,21.405704],[105.489156,21.406405],[105.489824,21.404946],[105.487566,21.404248],[105.488832,21.402366],[105.488197,21.398578],[105.482422,21.395607],[105.487839,21.388643],[105.48696,21.383324],[105.48859,21.38072],[105.487755,21.37869],[105.486528,21.37969],[105.485315,21.378669],[105.486097,21.376934],[105.476661,21.382206],[105.476859,21.384702],[105.471786,21.392407],[105.469741,21.394312],[105.465571,21.393475],[105.461309,21.396651],[105.460991,21.400243],[105.458479,21.400281],[105.453527,21.396908],[105.451924,21.404268],[105.447544,21.408629],[105.446137,21.412687],[105.448514,21.413781],[105.44839,21.415757],[105.452539,21.420099],[105.451153,21.420308],[105.447523,21.427195],[105.43471,21.431874],[105.435786,21.435125],[105.431471,21.444559],[105.431182,21.450473],[105.428916,21.453434],[105.426042,21.454196],[105.42541,21.457593],[105.428551,21.461097],[105.429962,21.469034],[105.4326,21.472996],[105.445098,21.464571]]]}},{"type":"Feature","properties":{"code":"05200","name":"Xã Mai Châu","type":"Xã"},"geometry":{"type":"Polygon","coordinates":[[[105.147346,20.600244],[105.152145,20.59811],[105.141511,20.594537],[105.136221,20.597245],[105.131843,20.602111],[105.125229,20.599659],[105.127551,20.591164],[105.118385,20.584551],[105.115075,20.575254],[105.119196,20.574094],[105.119868,20.562415],[105.115156,20.562251],[105.110605,20.56437],[105.105934,20.573099],[105.098956,20.571786],[105.096096,20.566353],[105.086177,20.574616],[105.088753,20.581644],[105.081388,20.599628],[105.085482,20.605843],[105.080234,20.611216],[105.082178,20.613343],[105.075132,20.620317],[105.080654,20.623466],[105.083925,20.619094],[105.092626,20.626404],[105.092702,20.62976],[105.101286,20.638042],[105.099897,20.647285],[105.09455,20.648719],[105.086284,20.646371],[105.083405,20.651268],[105.078849,20.654179],[105.073687,20.650026],[105.072395,20.651039],[105.073723,20.653336],[105.07137,20.654576],[105.068721,20.653161],[105.067746,20.650122],[105.063541,20.650597],[105.06166,20.654535],[105.057663,20.657778],[105.055271,20.659161],[105.05023,20.658754],[105.047612,20.663278],[105.043931,20.663695],[105.043967,20.658708],[105.039468,20.653382],[105.041822,20.650991],[105.037748,20.647648],[105.029489,20.65074],[105.026405,20.654551],[105.025446,20.663915],[105.017102,20.66909],[104.998441,20.667884],[104.991384,20.67005],[104.992799,20.705532],[104.989881,20.709457],[104.992502,20.713286],[105.000012,20.718227],[105.000424,20.723113],[105.013735,20.722691],[105.018787,20.725882],[105.013901,20.733179],[105.019523,20.731139],[105.02248,20.734765],[105.034196,20.732388],[105.037767,20.733019],[105.046019,20.731126],[105.051566,20.725952],[105.067964,20.731884],[105.076291,20.737728],[105.079428,20.737554],[105.081302,20.735099],[105.079625,20.730559],[105.082937,20.723327],[105.081656,20.720884],[105.08241,20.717004],[105.08622,20.713316],[105.094795,20.710127],[105.097387,20.701479],[105.100274,20.700176],[105.104602,20.701182],[105.111081,20.697666],[105.110291,20.696477],[105.120758,20.683934],[105.124453,20.681944],[105.124838,20.678792],[105.13285,20.671375],[105.133396,20.668434],[105.12924,20.664625],[105.131267,20.658388],[105.132378,20.657546],[105.136279,20.659481],[105.140024,20.656846],[105.14142,20.65289],[105.149534,20.646563],[105.159127,20.633084],[105.142703,20.620064],[105.136055,20.617127],[105.139878,20.607053],[105.143543,20.606035],[105.143598,20.60384],[105.145369,20.603688],[105.147346,20.600244]]]}},{"type":"Feature","properties":{"code":"05251","name":"Xã Mai Hạ","type":"Xã"},"geometry":{"type":"Polygon","coordinates":[[[105.042848,20.658022],[105.043931,20.663695],[105.047612,20.663278],[105.05023,20.658754],[105.055271,20.659161],[105.057663,20.657778],[105.06166,20.654535],[105.063541,20.650597],[105.067746,20.650122],[105.068721,20.653161],[105.07137,20.654576],[105.073723,20.653336],[105.072395,20.651039],[105.073687,20.650026],[105.078849,20.654179],[105.083405,20.651268],[105.086284,20.646371],[105.093711,20.648656],[105.098886,20.647944],[105.100777,20.645902],[105.101387,20.638341],[105.092702,20.62976],[105.092626,20.626404],[105.083925,20.619094],[105.080654,20.623466],[105.075132,20.620317],[105.082178,20.613343],[105.080234,20.611216],[105.085482,20.605843],[105.081388,20.599628],[105.088753,20.581644],[105.086177,20.574616],[105.079074,20.578313],[105.05536,20.570476],[105.052671,20.561],[105.047779,20.559741],[105.045853,20.556855],[105.041917,20.560646],[105.039979,20.558967],[105.032528,20.558744],[105.030224,20.560361],[105.025495,20.558443],[105.02194,20.559183],[105.004683,20.572713],[104.996494,20.574734],[104.997797,20.587028],[105.011943,20.586639],[105.018298,20.592241],[105.01786,20.595819],[105.019866,20.598737],[105.019028,20.600688],[105.02209,20.605465],[105.030645,20.609967],[105.031542,20.608329],[105.033665,20.610322],[105.031693,20.613101],[105.032906,20.616334],[105.029656,20.62054],[105.030937,20.623583],[105.022019,20.632241],[105.015428,20.635959],[105.013129,20.646483],[105.028656,20.652147],[105.031181,20.649497],[105.038603,20.647696],[105.041822,20.650991],[105.039468,20.653382],[105.042848,20.658022]]]}},{"type":"Feature","properties":{"code":"08338","name":"Xã Minh Hòa","type":"Xã"},"geometry":{"type":"Polygon","coordinates":[[[105.130367,21.313698],[105.13135,21.308277],[105.130281,21.307777],[105.136618,21.304323],[105.133055,21.299585],[105.136908,21.291983],[105.140747,21.29065],[105.145807,21.293138],[105.147609,21.291581],[105.148536,21.274392],[105.145223,21.271427],[105.147122,21.26873],[105.14915,21.270036],[105.150845,21.264275],[105.150268,21.259012],[105.15402,21.254463],[105.1559,21.255066],[105.159596,21.252979],[105.15968,21.249309],[105.166071,21.240194],[105.165564,21.236345],[105.168532,21.234112],[105.170319,21.229921],[105.167503,21.226811],[105.165444,21.212079],[105.169471,21.207934],[105.170143,21.204638],[105.16855,21.202456],[105.167135,21.203819],[105.166964,21.202682],[105.164731,21.203493],[105.163351,21.201386],[105.159411,21.201885],[105.15714,21.207247],[105.154289,21.209106],[105.15009,21.20831],[105.148337,21.204994],[105.138621,21.205411],[105.136578,21.208277],[105.130324,21.209088],[105.12896,21.212079],[105.122505,21.212169],[105.122304,21.216971],[105.109366,21.225416],[105.106524,21.229768],[105.098293,21.228049],[105.096903,21.22991],[105.089997,21.231183],[105.089252,21.235234],[105.084912,21.240729],[105.078616,21.245001],[105.077796,21.255356],[105.074065,21.256596],[105.06658,21.266618],[105.066221,21.267947],[105.072652,21.273353],[105.08301,21.266127],[105.088046,21.2668],[105.094338,21.273564],[105.101263,21.275608],[105.107603,21.288534],[105.103995,21.302665],[105.105586,21.307464],[105.114334,21.308945],[105.116784,21.312781],[105.128182,21.311643],[105.130367,21.313698]]]}},{"type":"Feature","properties":{"code":"08593","name":"Xã Minh Đài","type":"Xã"},"geometry":{"type":"Polygon","coordinates":[[[105.089997,21.231183],[105.098273,21.228828],[105.099664,21.224654],[105.092114,21.217374],[105.099405,21.207569],[105.103681,21.204847],[105.110856,21.192961],[105.103783,21.185468],[105.100692,21.186017],[105.101165,21.183799],[105.103829,21.184025],[105.106719,21.182055],[105.11103,21.185062],[105.113958,21.18394],[105.113671,21.179465],[105.109774,21.178773],[105.109236,21.177157],[105.115739,21.170646],[105.112525,21.164317],[105.115314,21.163137],[105.112395,21.159615],[105.114682,21.153222],[105.112147,21.145747],[105.113895,21.143209],[105.111852,21.14297],[105.114781,21.141991],[105.114127,21.138216],[105.111293,21.136178],[105.109405,21.138168],[105.106822,21.137831],[105.106217,21.135597],[105.103179,21.134874],[105.100595,21.136999],[105.091899,21.136679],[105.087648,21.133627],[105.081455,21.139495],[105.07917,21.139919],[105.075312,21.13829],[105.07564,21.135502],[105.074565,21.137702],[105.07336,21.136624],[105.074074,21.134907],[105.070407,21.132467],[105.067861,21.138668],[105.064278,21.138474],[105.058947,21.135144],[105.053842,21.137223],[105.050754,21.140725],[105.046025,21.141192],[105.042038,21.153245],[105.039042,21.15534],[105.037044,21.154353],[105.03817,21.150718],[105.037143,21.147437],[105.030429,21.142894],[105.025942,21.153914],[105.02219,21.156461],[105.017448,21.16732],[105.014207,21.169884],[105.014442,21.175265],[105.010846,21.179689],[105.018884,21.187306],[105.017842,21.193544],[105.026495,21.202394],[105.02665,21.221847],[105.029669,21.22172],[105.03335,21.226373],[105.039944,21.225633],[105.041465,21.222795],[105.04934,21.220924],[105.06388,21.223327],[105.06881,21.222434],[105.070071,21.219996],[105.075562,21.216633],[105.085966,21.228836],[105.089997,21.231183]]]}},{"type":"Feature","properties":{"code":"05158","name":"Xã Mường Bi","type":"Xã"},"geometry":{"type":"Polygon","coordinates":[[[105.135271,20.704227],[105.136034,20.698276],[105.14179,20.684718],[105.159024,20.674246],[105.168929,20.673899],[105.17258,20.669259],[105.174334,20.669452],[105.177394,20.66012],[105.180259,20.660134],[105.184493,20.662844],[105.191276,20.662649],[105.207287,20.651038],[105.212101,20.660132],[105.215736,20.660842],[105.217657,20.666024],[105.218428,20.677009],[105.220977,20.679071],[105.220353,20.681705],[105.223345,20.682174],[105.223431,20.68472],[105.233041,20.688682],[105.238472,20.687545],[105.244436,20.690104],[105.250465,20.685475],[105.262249,20.683426],[105.262411,20.678983],[105.266226,20.677271],[105.272001,20.669331],[105.27417,20.659981],[105.26722,20.657821],[105.261302,20.649131],[105.261199,20.642315],[105.256331,20.635438],[105.258241,20.633238],[105.25523,20.628786],[105.240519,20.628358],[105.239506,20.630931],[105.235372,20.627845],[105.235583,20.625024],[105.233412,20.6233],[105.235995,20.617835],[105.235018,20.614799],[105.23223,20.613598],[105.230503,20.615587],[105.228042,20.615271],[105.229419,20.612534],[105.22807,20.605551],[105.229903,20.604187],[105.230683,20.599051],[105.229702,20.596912],[105.225224,20.597077],[105.223947,20.59633],[105.22551,20.593292],[105.216819,20.589567],[105.213007,20.590618],[105.203772,20.582646],[105.201563,20.591815],[105.198461,20.594572],[105.197935,20.597231],[105.199583,20.599901],[105.191974,20.601014],[105.190061,20.606191],[105.186456,20.606847],[105.182252,20.611542],[105.175086,20.607634],[105.164584,20.614958],[105.163448,20.619912],[105.165089,20.621127],[105.160786,20.630931],[105.149534,20.646563],[105.14142,20.65289],[105.140024,20.656846],[105.136279,20.659481],[105.132378,20.657546],[105.131267,20.658388],[105.12924,20.664625],[105.133396,20.668434],[105.13285,20.671375],[105.124838,20.678792],[105.124453,20.681944],[105.120758,20.683934],[105.110235,20.696563],[105.113507,20.696995],[105.113425,20.700351],[105.119276,20.704818],[105.120816,20.70322],[105.12479,20.705828],[105.120862,20.709613],[105.126516,20.71659],[105.127275,20.719631],[105.135271,20.704227]]]}},{"type":"Feature","properties":{"code":"05134","name":"Xã Mường Hoa","type":"Xã"},"geometry":{"type":"Polygon","coordinates":[[[105.178115,20.761779],[105.178173,20.755099],[105.183164,20.751687],[105.190057,20.749553],[105.191164,20.74785],[105.198242,20.747031],[105.202749,20.750018],[105.209712,20.740002],[105.21386,20.739871],[105.216953,20.736028],[105.214481,20.725592],[105.224409,20.721874],[105.226651,20.715895],[105.232114,20.717154],[105.235086,20.715874],[105.240118,20.716528],[105.244047,20.713668],[105.252627,20.717354],[105.256166,20.723849],[105.262655,20.718021],[105.265943,20.712314],[105.279988,20.712177],[105.279102,20.702204],[105.274097,20.695963],[105.273812,20.682679],[105.269954,20.673808],[105.266226,20.677271],[105.263493,20.677694],[105.262249,20.683426],[105.260764,20.684105],[105.250465,20.685475],[105.244436,20.690104],[105.238472,20.687545],[105.233041,20.688682],[105.223431,20.68472],[105.223345,20.682174],[105.220353,20.681705],[105.220977,20.679071],[105.218428,20.677009],[105.217657,20.666024],[105.215736,20.660842],[105.212101,20.660132],[105.207287,20.651038],[105.191276,20.662649],[105.184493,20.662844],[105.180259,20.660134],[105.177394,20.66012],[105.174334,20.669452],[105.17258,20.669259],[105.168929,20.673899],[105.159024,20.674246],[105.14179,20.684718],[105.136034,20.698276],[105.134961,20.70605],[105.127275,20.719631],[105.132823,20.721262],[105.132208,20.726424],[105.134237,20.732156],[105.129643,20.738357],[105.12291,20.740731],[105.123037,20.745568],[105.121064,20.748256],[105.118035,20.747327],[105.115773,20.752133],[105.121347,20.753098],[105.138564,20.751018],[105.14375,20.752238],[105.146742,20.755582],[105.150495,20.767323],[105.153448,20.770877],[105.167611,20.761282],[105.178115,20.761779]]]}},{"type":"Feature","properties":{"code":"05116","name":"Xã Mường Thàng","type":"Xã"},"geometry":{"type":"Polygon","coordinates":[[[105.273943,20.664314],[105.269683,20.673586],[105.273812,20.682679],[105.274097,20.695963],[105.278435,20.701025],[105.281851,20.701293],[105.282486,20.698129],[105.285777,20.697512],[105.287824,20.699963],[105.290649,20.71004],[105.295442,20.709512],[105.301285,20.713713],[105.308282,20.71557],[105.311157,20.713806],[105.311163,20.709482],[105.315971,20.704363],[105.310558,20.702533],[105.307548,20.706269],[105.306487,20.704888],[105.307659,20.703773],[105.306018,20.703562],[105.306672,20.700207],[105.309219,20.698862],[105.309404,20.696043],[105.312635,20.695564],[105.312403,20.694144],[105.31837,20.693167],[105.321372,20.691027],[105.320586,20.686091],[105.325976,20.681087],[105.323889,20.678325],[105.324531,20.676867],[105.330506,20.676861],[105.333973,20.673865],[105.333501,20.672152],[105.340801,20.669494],[105.347751,20.669501],[105.34844,20.667722],[105.349482,20.669047],[105.354713,20.668383],[105.357247,20.666751],[105.36077,20.659538],[105.365918,20.660888],[105.366039,20.666591],[105.36842,20.664585],[105.372052,20.665649],[105.379462,20.663484],[105.386794,20.659959],[105.387938,20.656712],[105.39582,20.652266],[105.399798,20.646504],[105.399318,20.642278],[105.39762,20.641098],[105.398518,20.634707],[105.397196,20.633821],[105.400528,20.629924],[105.398461,20.624563],[105.400688,20.619243],[105.399142,20.617691],[105.402818,20.61441],[105.404089,20.60763],[105.395863,20.607902],[105.384724,20.596422],[105.371779,20.598113],[105.36769,20.593885],[105.362062,20.592082],[105.357106,20.593383],[105.354758,20.597831],[105.353535,20.596929],[105.347549,20.599424],[105.346271,20.606833],[105.337932,20.61233],[105.335603,20.611449],[105.331398,20.612926],[105.327818,20.60988],[105.325345,20.61123],[105.326206,20.604455],[105.322576,20.603526],[105.318597,20.607937],[105.317561,20.615794],[105.313102,20.625027],[105.310791,20.626142],[105.310877,20.628135],[105.308319,20.629339],[105.303833,20.636907],[105.304557,20.642964],[105.298362,20.648657],[105.297957,20.655428],[105.273943,20.664314]]]}},{"type":"Feature","properties":{"code":"05287","name":"Xã Mường Vang","type":"Xã"},"geometry":{"type":"Polygon","coordinates":[[[105.485175,20.636888],[105.492526,20.635567],[105.496548,20.631131],[105.495637,20.628982],[105.501459,20.626148],[105.503148,20.627177],[105.504198,20.625033],[105.507858,20.624768],[105.509097,20.626366],[105.52192,20.623299],[105.519605,20.620473],[105.517545,20.613185],[105.509707,20.610488],[105.505981,20.606167],[105.497608,20.604277],[105.492434,20.59755],[105.497232,20.592685],[105.494684,20.585269],[105.49802,20.582071],[105.493303,20.582218],[105.485596,20.572235],[105.482427,20.562472],[105.475436,20.554788],[105.474048,20.550713],[105.46879,20.547586],[105.463104,20.537797],[105.456771,20.532985],[105.453017,20.532758],[105.450749,20.530172],[105.444599,20.529293],[105.44407,20.527867],[105.441715,20.529178],[105.43527,20.528699],[105.434623,20.530268],[105.430184,20.53124],[105.429028,20.533902],[105.422784,20.531594],[105.410916,20.535784],[105.40803,20.542071],[105.415515,20.54259],[105.420738,20.547081],[105.425101,20.547698],[105.423911,20.552363],[105.424787,20.564251],[105.426628,20.565594],[105.42683,20.576152],[105.42945,20.583334],[105.429006,20.5953],[105.430848,20.599477],[105.428608,20.606376],[105.429274,20.609081],[105.432809,20.611745],[105.431766,20.616701],[105.435502,20.616167],[105.439105,20.619774],[105.447738,20.619845],[105.448812,20.617811],[105.456061,20.619401],[105.460545,20.622946],[105.467204,20.623357],[105.470609,20.631555],[105.485175,20.636888]]]}},{"type":"Feature","properties":{"code":"05014","name":"Xã Mường Động","type":"Xã"},"geometry":{"type":"Polygon","coordinates":[[[105.403619,20.774531],[105.419828,20.769764],[105.421585,20.767554],[105.420425,20.76483],[105.422844,20.762916],[105.425119,20.763386],[105.427659,20.759163],[105.428693,20.752809],[105.435545,20.747722],[105.44146,20.747646],[105.44043,20.750594],[105.442645,20.749831],[105.444733,20.751985],[105.442778,20.752003],[105.443369,20.754812],[105.45118,20.755263],[105.451491,20.753091],[105.452319,20.755467],[105.456036,20.753249],[105.459335,20.755434],[105.463818,20.754488],[105.46562,20.75082],[105.468805,20.753423],[105.472734,20.749935],[105.471834,20.733216],[105.479665,20.734642],[105.477388,20.725803],[105.480084,20.718583],[105.484989,20.71737],[105.480295,20.708586],[105.48115,20.706967],[105.479775,20.708167],[105.47367,20.704862],[105.476056,20.701843],[105.475516,20.696279],[105.477209,20.694788],[105.481535,20.695655],[105.487833,20.692397],[105.48525,20.690192],[105.484721,20.68707],[105.487264,20.687787],[105.485133,20.68463],[105.488042,20.68299],[105.491617,20.684793],[105.494974,20.683991],[105.500621,20.673266],[105.497871,20.671226],[105.499651,20.668297],[105.498613,20.663146],[105.491302,20.656492],[105.493312,20.652799],[105.492232,20.650429],[105.488963,20.649608],[105.4833,20.64096],[105.472118,20.633237],[105.467204,20.623357],[105.460545,20.622946],[105.456061,20.619401],[105.448812,20.617811],[105.44737,20.619918],[105.438723,20.619719],[105.435502,20.616167],[105.431766,20.616701],[105.432809,20.611745],[105.428708,20.60735],[105.417124,20.605505],[105.414519,20.603454],[105.411703,20.606521],[105.404249,20.608021],[105.402818,20.61441],[105.399142,20.617691],[105.400688,20.619243],[105.398461,20.624563],[105.400528,20.629924],[105.397196,20.633821],[105.398654,20.635974],[105.397645,20.641188],[105.40251,20.648962],[105.403264,20.655566],[105.412371,20.65727],[105.420081,20.664692],[105.416093,20.673725],[105.417361,20.679982],[105.405004,20.686314],[105.404222,20.690786],[105.407081,20.700671],[105.401228,20.702372],[105.399245,20.706293],[105.39988,20.709256],[105.39644,20.711356],[105.395047,20.714485],[105.38837,20.716955],[105.386551,20.719934],[105.378755,20.724758],[105.372106,20.737746],[105.37748,20.738355],[105.37269,20.759043],[105.377464,20.762162],[105.377785,20.766516],[105.388199,20.773976],[105.390177,20.771351],[105.403619,20.774531]]]}},{"type":"Feature","properties":{"code":"09052","name":"Xã Nguyệt Đức","type":"Xã"},"geometry":{"type":"Polygon","coordinates":[[[105.630187,21.233996],[105.636409,21.225889],[105.634363,21.224071],[105.629485,21.224612],[105.629358,21.221406],[105.634474,21.218521],[105.634133,21.217255],[105.639136,21.212262],[105.639494,21.207619],[105.631341,21.208864],[105.628846,21.210965],[105.62164,21.206064],[105.616696,21.208766],[105.615151,21.20735],[105.616221,21.202569],[105.622656,21.200483],[105.621456,21.194962],[105.624567,21.193487],[105.624928,21.187655],[105.629141,21.184877],[105.627042,21.182968],[105.628231,21.180656],[105.625669,21.181768],[105.624214,21.18072],[105.626613,21.177841],[105.626617,21.170616],[105.624335,21.173686],[105.602309,21.169451],[105.602636,21.171545],[105.594377,21.172486],[105.594532,21.179403],[105.596577,21.179209],[105.595808,21.187027],[105.590653,21.184331],[105.589184,21.179894],[105.583867,21.178598],[105.586131,21.181339],[105.584521,21.18248],[105.58845,21.183788],[105.593919,21.18928],[105.600742,21.18916],[105.602765,21.184746],[105.605119,21.184838],[105.60422,21.188411],[105.607868,21.190882],[105.605766,21.192445],[105.606511,21.195825],[105.603156,21.19672],[105.602441,21.201769],[105.607389,21.205286],[105.606151,21.208387],[105.599618,21.21439],[105.596633,21.220039],[105.595356,21.219697],[105.595007,21.222328],[105.592449,21.221752],[105.591251,21.227256],[105.598586,21.22835],[105.610794,21.223673],[105.614568,21.228247],[105.620811,21.232262],[105.630187,21.233996]]]}},{"type":"Feature","properties":{"code":"05329","name":"Xã Ngọc Sơn","type":"Xã"},"geometry":{"type":"Polygon","coordinates":[[[105.338334,20.456796],[105.341164,20.461414],[105.344868,20.461894],[105.350669,20.456556],[105.363042,20.452337],[105.372567,20.445725],[105.37378,20.448606],[105.384207,20.442536],[105.396717,20.441338],[105.395596,20.438432],[105.39726,20.439735],[105.401099,20.437248],[105.407512,20.438306],[105.409262,20.435452],[105.413063,20.435831],[105.417084,20.431902],[105.42018,20.431969],[105.424571,20.428713],[105.430576,20.427935],[105.432341,20.426075],[105.437435,20.426544],[105.444409,20.418443],[105.444563,20.411086],[105.449931,20.408197],[105.45899,20.398895],[105.457761,20.393185],[105.444029,20.381125],[105.433599,20.38585],[105.430894,20.384079],[105.428001,20.385067],[105.421266,20.377463],[105.406501,20.372726],[105.384976,20.378589],[105.376869,20.384525],[105.370488,20.384312],[105.365572,20.389791],[105.35724,20.392156],[105.351539,20.389009],[105.345267,20.3907],[105.342022,20.396911],[105.336711,20.397973],[105.331734,20.402615],[105.329728,20.402081],[105.325912,20.405197],[105.32346,20.404145],[105.319932,20.408433],[105.315719,20.409294],[105.305686,20.416587],[105.303016,20.420857],[105.30062,20.417564],[105.292682,20.417723],[105.28241,20.423414],[105.279887,20.428969],[105.276692,20.431491],[105.272423,20.428746],[105.258204,20.434336],[105.264125,20.443866],[105.264428,20.449466],[105.267241,20.455204],[105.278496,20.450961],[105.282337,20.451211],[105.285059,20.456121],[105.289809,20.457297],[105.300985,20.464755],[105.301871,20.472312],[105.308853,20.476763],[105.31712,20.469815],[105.322567,20.467776],[105.338334,20.456796]]]}},{"type":"Feature","properties":{"code":"05290","name":"Xã Nhân Nghĩa","type":"Xã"},"geometry":{"type":"Polygon","coordinates":[[[105.504498,20.605731],[105.505786,20.60163],[105.51348,20.599534],[105.51346,20.598081],[105.515902,20.597392],[105.517055,20.588905],[105.523149,20.585608],[105.522167,20.579716],[105.523297,20.573854],[105.526011,20.572232],[105.530487,20.572653],[105.560563,20.551646],[105.560329,20.549043],[105.547607,20.540999],[105.543825,20.53303],[105.544447,20.526601],[105.540614,20.52229],[105.544611,20.510143],[105.549402,20.50589],[105.544455,20.506184],[105.542849,20.508249],[105.532659,20.506524],[105.52947,20.508845],[105.517252,20.507324],[105.510407,20.510739],[105.506176,20.507138],[105.503806,20.508296],[105.501082,20.504814],[105.497689,20.507102],[105.486363,20.504672],[105.477708,20.509062],[105.476446,20.512983],[105.473873,20.513307],[105.467664,20.511633],[105.465538,20.509207],[105.461578,20.510596],[105.46037,20.508594],[105.459681,20.509806],[105.455828,20.509409],[105.452793,20.503409],[105.445737,20.504481],[105.4433,20.501863],[105.439941,20.505558],[105.436876,20.503026],[105.435008,20.503371],[105.431235,20.508582],[105.429048,20.507792],[105.418983,20.513209],[105.408757,20.512683],[105.407326,20.515822],[105.409185,20.528923],[105.408051,20.532153],[105.40432,20.535365],[105.406887,20.541033],[105.40803,20.542071],[105.410724,20.535966],[105.413465,20.534277],[105.422784,20.531594],[105.429028,20.533902],[105.430184,20.53124],[105.434623,20.530268],[105.436043,20.52844],[105.441715,20.529178],[105.443806,20.527806],[105.444599,20.529293],[105.450749,20.530172],[105.453017,20.532758],[105.456771,20.532985],[105.465332,20.540384],[105.46879,20.547586],[105.474048,20.550713],[105.475436,20.554788],[105.482427,20.562472],[105.485465,20.572043],[105.493024,20.581892],[105.49802,20.582071],[105.494684,20.585269],[105.497232,20.592685],[105.492434,20.59755],[105.497608,20.604277],[105.504498,20.605731]]]}},{"type":"Feature","properties":{"code":"04990","name":"Xã Nật Sơn","type":"Xã"},"geometry":{"type":"Polygon","coordinates":[[[105.472123,20.808257],[105.479444,20.805594],[105.477746,20.794772],[105.479473,20.792088],[105.478045,20.788639],[105.481276,20.785761],[105.482633,20.787745],[105.485981,20.78816],[105.488304,20.792223],[105.499376,20.795268],[105.503947,20.801063],[105.512523,20.80072],[105.519543,20.803835],[105.521262,20.801922],[105.530749,20.799925],[105.532632,20.797345],[105.555416,20.79753],[105.551064,20.789282],[105.55253,20.785247],[105.560833,20.778908],[105.570817,20.779126],[105.574407,20.775197],[105.572138,20.772781],[105.572746,20.766908],[105.571363,20.764471],[105.569147,20.763944],[105.570005,20.761414],[105.567816,20.75085],[105.573504,20.749804],[105.580982,20.745399],[105.584373,20.742487],[105.586825,20.735807],[105.582264,20.730018],[105.573658,20.735205],[105.566347,20.722344],[105.5642,20.722921],[105.559942,20.716699],[105.553021,20.713037],[105.542753,20.713878],[105.548874,20.707259],[105.546049,20.702125],[105.547645,20.694399],[105.544046,20.691972],[105.545628,20.689919],[105.544776,20.686117],[105.548801,20.680965],[105.552025,20.683164],[105.556015,20.679111],[105.562759,20.678862],[105.561121,20.663696],[105.557779,20.662912],[105.547896,20.665503],[105.544717,20.66775],[105.547569,20.67317],[105.533095,20.676756],[105.533824,20.679706],[105.530008,20.680625],[105.527028,20.686575],[105.527417,20.692703],[105.529491,20.693338],[105.530964,20.691971],[105.530958,20.693224],[105.526352,20.699224],[105.524833,20.699466],[105.52389,20.69637],[105.519848,20.69677],[105.518863,20.700383],[105.513799,20.696639],[105.510944,20.697966],[105.511697,20.6996],[105.50986,20.699722],[105.508947,20.702298],[105.509745,20.706334],[105.507881,20.709739],[105.508992,20.713774],[105.50654,20.717034],[105.507385,20.719016],[105.496655,20.721023],[105.493199,20.720663],[105.493207,20.71761],[105.488826,20.719396],[105.480084,20.718583],[105.477312,20.726111],[105.479673,20.734624],[105.47197,20.732869],[105.472734,20.749935],[105.468805,20.753423],[105.46579,20.750805],[105.464016,20.75435],[105.460815,20.755225],[105.456036,20.753249],[105.452184,20.755446],[105.451491,20.753091],[105.45118,20.755263],[105.443533,20.75487],[105.442778,20.752003],[105.444733,20.751985],[105.442645,20.749831],[105.44043,20.750594],[105.44146,20.747646],[105.435545,20.747722],[105.428693,20.752809],[105.427659,20.759163],[105.425119,20.763386],[105.422844,20.762916],[105.420425,20.76483],[105.421585,20.767554],[105.419828,20.769764],[105.414164,20.770708],[105.411675,20.773174],[105.407856,20.774008],[105.401625,20.774532],[105.390177,20.771351],[105.388199,20.773976],[105.377785,20.766516],[105.377962,20.770059],[105.372887,20.783475],[105.379845,20.781153],[105.388742,20.784882],[105.392155,20.791094],[105.394357,20.803228],[105.400593,20.804946],[105.407686,20.803381],[105.410369,20.811997],[105.414827,20.813578],[105.415689,20.817547],[105.414318,20.820973],[105.415798,20.82426],[105.418596,20.82264],[105.424796,20.823332],[105.42475,20.826555],[105.430814,20.828368],[105.433111,20.821416],[105.435315,20.820362],[105.440315,20.82181],[105.442425,20.820162],[105.445691,20.808517],[105.449619,20.807819],[105.451051,20.804601],[105.45323,20.803671],[105.461176,20.80644],[105.463538,20.809622],[105.467869,20.807148],[105.472123,20.808257]]]}},{"type":"Feature","properties":{"code":"08230","name":"Xã Phù Ninh","type":"Xã"},"geometry":{"type":"Polygon","coordinates":[[[105.289863,21.456133],[105.291916,21.454662],[105.293042,21.456244],[105.298457,21.454691],[105.299506,21.451889],[105.297114,21.449472],[105.29613,21.444971],[105.303236,21.43381],[105.312686,21.439674],[105.321313,21.43775],[105.325536,21.440023],[105.328576,21.439057],[105.327785,21.440183],[105.329229,21.440355],[105.330742,21.439017],[105.332987,21.440757],[105.333195,21.434933],[105.331582,21.434615],[105.332182,21.432231],[105.329443,21.428807],[105.330111,21.426515],[105.332743,21.425831],[105.329317,21.420811],[105.332371,21.417832],[105.330936,21.413306],[105.332813,21.412306],[105.337706,21.414012],[105.339092,21.413227],[105.338645,21.411591],[105.341748,21.414475],[105.345265,21.411266],[105.348867,21.411469],[105.352665,21.404964],[105.351648,21.403936],[105.361379,21.398186],[105.357236,21.39693],[105.352696,21.3882],[105.35081,21.388642],[105.347271,21.377449],[105.342618,21.377503],[105.343456,21.375608],[105.34165,21.376602],[105.33827,21.37273],[105.334344,21.375351],[105.329001,21.375969],[105.326864,21.374743],[105.328143,21.376833],[105.325943,21.377861],[105.324662,21.381145],[105.318229,21.383117],[105.315459,21.39021],[105.312609,21.390197],[105.312623,21.394591],[105.30829,21.397488],[105.3003,21.397071],[105.30062,21.39838],[105.298422,21.397859],[105.295115,21.401577],[105.291573,21.400135],[105.288169,21.407256],[105.285475,21.405539],[105.281397,21.406797],[105.279737,21.411962],[105.276023,21.413887],[105.277288,21.415379],[105.273784,21.420594],[105.278759,21.427624],[105.279361,21.431806],[105.277353,21.437578],[105.281895,21.437982],[105.280385,21.440525],[105.281902,21.442552],[105.279553,21.44202],[105.283466,21.444321],[105.280303,21.447852],[105.2808,21.455497],[105.288209,21.45637],[105.289066,21.460238],[105.289863,21.456133]]]}},{"type":"Feature","properties":{"code":"08521","name":"Xã Phùng Nguyên","type":"Xã"},"geometry":{"type":"Polygon","coordinates":[[[105.300027,21.324958],[105.30575,21.323264],[105.306897,21.320884],[105.312534,21.319946],[105.31581,21.315729],[105.325162,21.313117],[105.323216,21.310807],[105.323136,21.309344],[105.324182,21.308069],[105.325074,21.310407],[105.323435,21.309902],[105.32502,21.311733],[105.325908,21.310146],[105.323626,21.307254],[105.325282,21.307885],[105.320116,21.304037],[105.318406,21.300164],[105.319903,21.297857],[105.319099,21.295354],[105.324928,21.290398],[105.324033,21.289379],[105.328066,21.283714],[105.323016,21.278162],[105.324736,21.274071],[105.306446,21.27024],[105.295106,21.272026],[105.290282,21.264909],[105.266438,21.278693],[105.259445,21.285382],[105.257542,21.288079],[105.257876,21.290401],[105.271028,21.304101],[105.27465,21.313554],[105.274729,21.319273],[105.280212,21.320313],[105.280947,21.313709],[105.283237,21.311805],[105.282346,21.309572],[105.287336,21.303937],[105.289837,21.305132],[105.287313,21.312972],[105.294714,21.32004],[105.295302,21.32355],[105.300027,21.324958]]]}},{"type":"Feature","properties":{"code":"08398","name":"Xã Phú Khê","type":"Xã"},"geometry":{"type":"Polygon","coordinates":[[[105.120956,21.418915],[105.132843,21.418352],[105.136628,21.413742],[105.139764,21.414753],[105.141991,21.411352],[105.143617,21.412097],[105.142826,21.410311],[105.144788,21.411299],[105.145182,21.414713],[105.155635,21.415385],[105.156613,21.413369],[105.154138,21.41259],[105.154305,21.396283],[105.149253,21.397659],[105.148911,21.396181],[105.141038,21.39327],[105.141049,21.390508],[105.14402,21.390006],[105.146179,21.384533],[105.144905,21.38138],[105.142006,21.381724],[105.142079,21.379801],[105.138316,21.377199],[105.131452,21.375229],[105.130302,21.372002],[105.124754,21.372172],[105.124707,21.367389],[105.120766,21.365316],[105.118151,21.361218],[105.106231,21.362717],[105.100377,21.366027],[105.099688,21.359824],[105.090689,21.358283],[105.083747,21.353924],[105.079319,21.359989],[105.078039,21.366683],[105.070786,21.368022],[105.067811,21.372772],[105.062639,21.37495],[105.058583,21.38076],[105.051761,21.384439],[105.047403,21.390777],[105.050118,21.395693],[105.054314,21.397375],[105.057913,21.401087],[105.067551,21.393073],[105.073767,21.390059],[105.087826,21.392813],[105.091454,21.388421],[105.093464,21.390613],[105.096828,21.389068],[105.097864,21.391403],[105.099969,21.388337],[105.101421,21.390574],[105.105109,21.390788],[105.105953,21.392999],[105.114695,21.391127],[105.116766,21.392059],[105.117154,21.394691],[105.115452,21.400341],[105.109572,21.405146],[105.113449,21.408485],[105.112333,21.409449],[105.115741,21.415144],[105.115228,21.416845],[105.119035,21.41823],[105.121179,21.417131],[105.120956,21.418915]]]}},{"type":"Feature","properties":{"code":"08236","name":"Xã Phú Mỹ","type":"Xã"},"geometry":{"type":"Polygon","coordinates":[[[105.271614,21.54354],[105.287201,21.5416],[105.295074,21.53637],[105.297403,21.532077],[105.294885,21.52294],[105.296693,21.513862],[105.301536,21.508603],[105.30631,21.508531],[105.308711,21.50443],[105.306526,21.503796],[105.303756,21.497605],[105.300884,21.496525],[105.300568,21.499323],[105.299242,21.499596],[105.296913,21.497091],[105.2941,21.497905],[105.293175,21.494707],[105.283109,21.487548],[105.280527,21.489849],[105.28105,21.491121],[105.279558,21.488191],[105.275741,21.489466],[105.27373,21.488261],[105.274059,21.491013],[105.2725,21.492356],[105.27013,21.488767],[105.270603,21.484973],[105.267293,21.48538],[105.26677,21.488064],[105.264917,21.486283],[105.263111,21.488157],[105.256867,21.485361],[105.252557,21.486574],[105.252451,21.489901],[105.254768,21.492961],[105.252915,21.49709],[105.2556,21.502153],[105.253279,21.501323],[105.252156,21.505052],[105.247778,21.504947],[105.244595,21.508222],[105.245221,21.509675],[105.240156,21.510962],[105.240339,21.517026],[105.246274,21.525166],[105.252211,21.525325],[105.254975,21.528558],[105.261267,21.529696],[105.260809,21.532364],[105.266579,21.533904],[105.271614,21.54354]]]}},{"type":"Feature","properties":{"code":"05212","name":"Xã Pà Cò","type":"Xã"},"geometry":{"type":"Polygon","coordinates":[[[104.925948,20.74793],[104.936251,20.74755],[104.947524,20.736743],[104.949327,20.737701],[104.949565,20.741345],[104.954968,20.739996],[104.955707,20.737844],[104.961173,20.73416],[104.965902,20.734446],[104.983184,20.721406],[104.985343,20.721573],[104.987622,20.724471],[104.991092,20.722902],[105.000424,20.723113],[105.000012,20.718227],[104.992502,20.713286],[104.989881,20.709457],[104.992799,20.705532],[104.992777,20.701039],[104.988505,20.700528],[104.987783,20.698047],[104.984388,20.699536],[104.979865,20.704795],[104.955898,20.715227],[104.951978,20.713795],[104.944841,20.71621],[104.941238,20.710991],[104.93921,20.710597],[104.934282,20.713719],[104.935338,20.701761],[104.932042,20.681571],[104.926874,20.679517],[104.924347,20.675652],[104.920818,20.674025],[104.917794,20.668513],[104.91127,20.662524],[104.90005,20.668993],[104.887594,20.670085],[104.879292,20.66296],[104.87348,20.661521],[104.860628,20.660194],[104.853595,20.662468],[104.846232,20.65084],[104.838867,20.660216],[104.83679,20.659555],[104.839213,20.676266],[104.841243,20.680319],[104.839984,20.690661],[104.836776,20.693365],[104.835589,20.697439],[104.838202,20.700462],[104.842722,20.699007],[104.844505,20.701381],[104.849026,20.702862],[104.840914,20.710963],[104.84137,20.713147],[104.839264,20.716163],[104.839884,20.7212],[104.845906,20.730973],[104.837174,20.734162],[104.837195,20.746811],[104.838973,20.74771],[104.836961,20.754935],[104.859331,20.753245],[104.862298,20.760123],[104.863762,20.76908],[104.868445,20.769618],[104.870697,20.765312],[104.87462,20.767576],[104.88245,20.766923],[104.884496,20.763846],[104.90654,20.752344],[104.908736,20.749349],[104.91944,20.748589],[104.924114,20.743842],[104.925948,20.74793]]]}},{"type":"Feature","properties":{"code":"04873","name":"Xã Quy Đức","type":"Xã"},"geometry":{"type":"Polygon","coordinates":[[[105.045862,20.950654],[105.055973,20.947656],[105.06392,20.952341],[105.07089,20.94714],[105.066421,20.937266],[105.07042,20.934923],[105.072601,20.928913],[105.075239,20.927333],[105.091046,20.925671],[105.098972,20.928732],[105.103625,20.92395],[105.103347,20.920971],[105.110686,20.915022],[105.109807,20.913663],[105.117419,20.910217],[105.122163,20.912598],[105.124093,20.911606],[105.128546,20.903893],[105.131888,20.902399],[105.133214,20.899705],[105.128901,20.895182],[105.128314,20.88554],[105.135437,20.880961],[105.135473,20.874537],[105.140481,20.87453],[105.140651,20.86755],[105.132531,20.864165],[105.126148,20.86388],[105.125693,20.862632],[105.119316,20.86321],[105.120869,20.858255],[105.112259,20.848911],[105.109232,20.848012],[105.108332,20.845034],[105.100326,20.844762],[105.095349,20.848441],[105.084836,20.850594],[105.086528,20.847155],[105.082287,20.83261],[105.08686,20.829326],[105.087433,20.826538],[105.084328,20.813304],[105.06877,20.820489],[105.043001,20.838257],[105.029893,20.850567],[105.01701,20.865652],[105.001876,20.867427],[104.991416,20.874024],[104.991019,20.877664],[104.979864,20.891015],[104.976116,20.907409],[104.971962,20.91208],[104.967093,20.912477],[104.976862,20.928569],[104.974107,20.941245],[104.982585,20.942957],[104.986634,20.941309],[104.989286,20.942113],[105.003888,20.930778],[105.005992,20.931022],[105.008102,20.92825],[105.012172,20.92715],[105.017583,20.920983],[105.022334,20.920047],[105.027477,20.926944],[105.041834,20.92366],[105.040943,20.929336],[105.032186,20.937438],[105.033027,20.9429],[105.039954,20.944138],[105.039803,20.946119],[105.045862,20.950654]]]}},{"type":"Feature","properties":{"code":"05323","name":"Xã Quyết Thắng","type":"Xã"},"geometry":{"type":"Polygon","coordinates":[[[105.313627,20.516331],[105.321112,20.517493],[105.329952,20.51445],[105.347199,20.501436],[105.352254,20.501292],[105.354579,20.505585],[105.358967,20.5048],[105.374192,20.494325],[105.375685,20.488795],[105.388987,20.480477],[105.391938,20.480041],[105.393563,20.476712],[105.395854,20.478069],[105.395538,20.483667],[105.396967,20.484686],[105.404897,20.478465],[105.408932,20.478036],[105.412688,20.473663],[105.418764,20.469979],[105.418572,20.467865],[105.420933,20.465903],[105.420777,20.457912],[105.417988,20.457122],[105.417893,20.455815],[105.427456,20.449439],[105.424627,20.440308],[105.426442,20.438504],[105.425199,20.431521],[105.427315,20.42816],[105.42018,20.431969],[105.417084,20.431902],[105.413063,20.435831],[105.409262,20.435452],[105.407512,20.438306],[105.401099,20.437248],[105.39726,20.439735],[105.395596,20.438432],[105.396717,20.441338],[105.384207,20.442536],[105.37378,20.448606],[105.372567,20.445725],[105.363042,20.452337],[105.350669,20.456556],[105.344868,20.461894],[105.341164,20.461414],[105.338506,20.456668],[105.315018,20.47135],[105.310978,20.47611],[105.306467,20.47842],[105.309254,20.487075],[105.304396,20.491114],[105.305779,20.496495],[105.30928,20.499027],[105.310588,20.504258],[105.305792,20.508986],[105.305199,20.512057],[105.309203,20.515378],[105.310278,20.52022],[105.313627,20.516331]]]}},{"type":"Feature","properties":{"code":"08173","name":"Xã Quảng Yên","type":"Xã"},"geometry":{"type":"Polygon","coordinates":[[[105.152203,21.5486],[105.155927,21.542086],[105.161373,21.541873],[105.166588,21.54411],[105.172127,21.539957],[105.178877,21.537676],[105.183802,21.538187],[105.185525,21.535719],[105.192059,21.53728],[105.198062,21.53563],[105.198927,21.533555],[105.206686,21.529703],[105.203003,21.526291],[105.198811,21.525072],[105.195259,21.519239],[105.197539,21.516415],[105.201057,21.517476],[105.200199,21.515309],[105.202377,21.515881],[105.202381,21.512873],[105.204838,21.513251],[105.213263,21.508658],[105.213709,21.504464],[105.216394,21.500845],[105.214701,21.496307],[105.211541,21.494241],[105.210839,21.489811],[105.212838,21.488664],[105.209736,21.488211],[105.207231,21.484207],[105.201251,21.484366],[105.198561,21.481915],[105.198255,21.478545],[105.189703,21.472993],[105.182202,21.476395],[105.183316,21.480121],[105.181956,21.481231],[105.181596,21.48098],[105.18158,21.479813],[105.181333,21.479715],[105.1798,21.484178],[105.178595,21.484732],[105.178976,21.483064],[105.176978,21.485079],[105.176941,21.488764],[105.174246,21.489778],[105.174364,21.491657],[105.172292,21.492834],[105.173468,21.494302],[105.170364,21.495208],[105.171527,21.495646],[105.167454,21.500994],[105.1644,21.501953],[105.162419,21.499321],[105.159875,21.50115],[105.159656,21.504334],[105.154859,21.504238],[105.152197,21.509225],[105.149431,21.509607],[105.149379,21.511178],[105.143459,21.514668],[105.135272,21.513267],[105.135788,21.51631],[105.133476,21.519116],[105.135127,21.524692],[105.132111,21.52702],[105.136256,21.537557],[105.135625,21.539197],[105.139186,21.539272],[105.139592,21.543315],[105.136872,21.545089],[105.139618,21.546807],[105.138751,21.548289],[105.142747,21.54849],[105.146101,21.552245],[105.146662,21.555816],[105.150033,21.558346],[105.152788,21.555346],[105.152203,21.5486]]]}},{"type":"Feature","properties":{"code":"08848","name":"Xã Sông Lô","type":"Xã"},"geometry":{"type":"Polygon","coordinates":[[[105.437729,21.414329],[105.447457,21.411896],[105.447544,21.408629],[105.451845,21.404426],[105.453996,21.398347],[105.4542,21.395814],[105.449024,21.391437],[105.448452,21.384757],[105.446874,21.385761],[105.442869,21.383201],[105.44532,21.379208],[105.44863,21.380599],[105.445105,21.378124],[105.447978,21.378052],[105.4491,21.380062],[105.448306,21.377739],[105.449979,21.373935],[105.449078,21.371931],[105.444738,21.370626],[105.445179,21.366124],[105.443799,21.365758],[105.445491,21.361609],[105.444248,21.359287],[105.443831,21.360268],[105.443384,21.360562],[105.444313,21.358901],[105.442137,21.356591],[105.429935,21.360415],[105.432854,21.359735],[105.43252,21.36213],[105.425143,21.358697],[105.428508,21.356858],[105.42777,21.358356],[105.429204,21.358743],[105.428868,21.356122],[105.431561,21.354912],[105.425181,21.351147],[105.426159,21.348861],[105.42461,21.343296],[105.426343,21.342173],[105.426546,21.337748],[105.404468,21.34775],[105.394474,21.35867],[105.391605,21.366001],[105.393421,21.392914],[105.397831,21.403106],[105.40023,21.40221],[105.399388,21.400471],[105.405443,21.395495],[105.406018,21.397119],[105.410053,21.396848],[105.40912,21.398557],[105.412899,21.400793],[105.41823,21.397889],[105.425045,21.403433],[105.432712,21.403716],[105.434879,21.408764],[105.434207,21.411491],[105.437729,21.414329]]]}},{"type":"Feature","properties":{"code":"08296","name":"Xã Sơn Lương","type":"Xã"},"geometry":{"type":"Polygon","coordinates":[[[104.913215,21.544275],[104.921019,21.533189],[104.923488,21.53273],[104.92667,21.529265],[104.939587,21.50767],[104.940507,21.50472],[104.935847,21.504316],[104.935334,21.502969],[104.935334,21.49543],[104.941201,21.494677],[104.947198,21.496498],[104.949038,21.499424],[104.950609,21.499343],[104.951131,21.496506],[104.96654,21.485211],[104.978569,21.487409],[104.98099,21.483441],[104.981148,21.474678],[104.996491,21.467342],[104.995006,21.463427],[104.997263,21.461449],[104.992226,21.45539],[104.990771,21.449253],[104.994527,21.443876],[104.99388,21.437968],[104.995593,21.435529],[104.990933,21.433615],[104.985744,21.435056],[104.976738,21.427784],[104.971227,21.426402],[104.969012,21.427269],[104.963505,21.42332],[104.960546,21.424776],[104.957163,21.422808],[104.951994,21.425885],[104.947712,21.425758],[104.939202,21.418586],[104.939368,21.41324],[104.929889,21.412222],[104.926736,21.413452],[104.928164,21.408598],[104.923237,21.407193],[104.912896,21.410092],[104.907887,21.414142],[104.908336,21.420247],[104.905918,21.427694],[104.907649,21.430495],[104.911178,21.431541],[104.912664,21.435108],[104.911526,21.448722],[104.9068,21.454158],[104.903471,21.461749],[104.898064,21.467573],[104.896944,21.473923],[104.893325,21.478095],[104.894288,21.484044],[104.887613,21.492709],[104.884461,21.500766],[104.884815,21.505076],[104.882136,21.509018],[104.883586,21.515347],[104.882689,21.519124],[104.885097,21.522684],[104.879929,21.533195],[104.876884,21.535894],[104.882102,21.534872],[104.895404,21.536982],[104.90289,21.541512],[104.907093,21.541184],[104.913215,21.544275]]]}},{"type":"Feature","properties":{"code":"08866","name":"Xã Sơn Đông","type":"Xã"},"geometry":{"type":"Polygon","coordinates":[[[105.47258,21.363169],[105.474278,21.361157],[105.472478,21.357166],[105.475509,21.35378],[105.483845,21.353239],[105.483207,21.348361],[105.484755,21.347827],[105.484666,21.346011],[105.489956,21.34259],[105.492454,21.34318],[105.490988,21.340909],[105.489349,21.341204],[105.488081,21.335662],[105.488592,21.333973],[105.492167,21.333009],[105.493721,21.330182],[105.492322,21.329778],[105.493157,21.3274],[105.492598,21.32559],[105.482107,21.321911],[105.481446,21.317975],[105.483131,21.314602],[105.480418,21.312629],[105.478611,21.307821],[105.468214,21.300555],[105.465046,21.295336],[105.458758,21.29483],[105.458406,21.299544],[105.45125,21.297955],[105.449314,21.299412],[105.45237,21.300546],[105.455607,21.304553],[105.456314,21.309303],[105.454938,21.31417],[105.442058,21.327491],[105.426546,21.337748],[105.426343,21.342173],[105.42461,21.343296],[105.426159,21.348861],[105.425181,21.351147],[105.431561,21.354912],[105.428868,21.356122],[105.429204,21.358743],[105.42777,21.358356],[105.428508,21.356858],[105.425127,21.358664],[105.43252,21.36213],[105.432854,21.359735],[105.429935,21.360415],[105.441027,21.356399],[105.444313,21.358901],[105.443855,21.359284],[105.443384,21.360562],[105.444248,21.359287],[105.445328,21.36121],[105.445926,21.354024],[105.447392,21.353594],[105.44686,21.355138],[105.448705,21.3542],[105.447286,21.352264],[105.445503,21.352566],[105.444926,21.348836],[105.447457,21.344306],[105.449154,21.344416],[105.448013,21.343292],[105.455106,21.339879],[105.454984,21.342959],[105.458599,21.344467],[105.458984,21.347033],[105.460855,21.346265],[105.462265,21.354059],[105.464426,21.356269],[105.468027,21.354162],[105.469156,21.35694],[105.471061,21.356868],[105.472543,21.358931],[105.47258,21.363169]]]}},{"type":"Feature","properties":{"code":"08869","name":"Xã Tam Dương","type":"Xã"},"geometry":{"type":"Polygon","coordinates":[[[105.586032,21.404316],[105.586674,21.401648],[105.590893,21.404379],[105.592605,21.401626],[105.590634,21.400997],[105.595862,21.394747],[105.594298,21.393075],[105.597772,21.386051],[105.606387,21.380533],[105.604076,21.377661],[105.605552,21.373498],[105.610201,21.37358],[105.613409,21.371316],[105.614133,21.368778],[105.612115,21.365527],[105.614683,21.365635],[105.61578,21.361944],[105.622243,21.356416],[105.623469,21.349055],[105.621719,21.348389],[105.618834,21.351852],[105.611525,21.353533],[105.611833,21.350648],[105.617465,21.344555],[105.613794,21.345247],[105.609963,21.341267],[105.604355,21.341048],[105.60549,21.344892],[105.599546,21.34408],[105.597519,21.345151],[105.593393,21.343268],[105.595149,21.349239],[105.593271,21.351961],[105.588657,21.352137],[105.586913,21.354997],[105.582377,21.351894],[105.575644,21.354652],[105.572547,21.352521],[105.572412,21.35041],[105.563205,21.34464],[105.564028,21.342544],[105.561872,21.341486],[105.562716,21.33936],[105.561434,21.339899],[105.558805,21.337358],[105.558352,21.341291],[105.551001,21.344635],[105.551012,21.347372],[105.549445,21.34715],[105.546592,21.351332],[105.5464,21.354145],[105.542147,21.358828],[105.541008,21.362936],[105.53758,21.362332],[105.538562,21.368011],[105.534659,21.372005],[105.534254,21.375964],[105.529685,21.378263],[105.529332,21.381321],[105.527513,21.382144],[105.527684,21.390456],[105.525024,21.391499],[105.531632,21.399077],[105.532375,21.402418],[105.534695,21.403476],[105.53909,21.402722],[105.542949,21.399633],[105.544854,21.401147],[105.54721,21.400625],[105.550063,21.39654],[105.554585,21.396283],[105.555055,21.397844],[105.556831,21.395616],[105.559445,21.396804],[105.560533,21.399649],[105.563616,21.398539],[105.566922,21.398774],[105.567423,21.400114],[105.571438,21.396934],[105.572766,21.399226],[105.577706,21.400164],[105.578554,21.40226],[105.586032,21.404316]]]}},{"type":"Feature","properties":{"code":"08872","name":"Xã Tam Dương Bắc","type":"Xã"},"geometry":{"type":"Polygon","coordinates":[[[105.646291,21.46387],[105.642048,21.456563],[105.638496,21.455515],[105.634116,21.45077],[105.630706,21.45062],[105.614485,21.44167],[105.615087,21.439398],[105.61199,21.437846],[105.607454,21.430572],[105.603654,21.429081],[105.603544,21.42719],[105.597653,21.424011],[105.598044,21.42205],[105.593074,21.418987],[105.596783,21.41733],[105.598691,21.413708],[105.600097,21.414067],[105.601251,21.41034],[105.599178,21.408375],[105.59982,21.404295],[105.59737,21.403921],[105.594681,21.399368],[105.591086,21.400309],[105.592605,21.401626],[105.590893,21.404379],[105.586674,21.401648],[105.585692,21.404985],[105.578554,21.40226],[105.577706,21.400164],[105.572766,21.399226],[105.571438,21.396934],[105.567423,21.400114],[105.566922,21.398774],[105.563616,21.398539],[105.560533,21.399649],[105.559445,21.396804],[105.556831,21.395616],[105.555055,21.397844],[105.554585,21.396283],[105.549672,21.396702],[105.549341,21.398965],[105.545463,21.401248],[105.542949,21.399633],[105.538614,21.402938],[105.5384,21.401943],[105.532941,21.404062],[105.530926,21.403154],[105.528773,21.406174],[105.52635,21.406503],[105.525235,21.414082],[105.52359,21.415583],[105.524665,21.422686],[105.521622,21.431067],[105.533119,21.440349],[105.533855,21.444592],[105.545357,21.445893],[105.548792,21.440948],[105.546593,21.437663],[105.549027,21.438183],[105.552951,21.435436],[105.551771,21.433324],[105.546208,21.432271],[105.546768,21.430864],[105.551714,21.432571],[105.552819,21.430965],[105.55745,21.43258],[105.558974,21.431412],[105.567699,21.443184],[105.572761,21.44128],[105.57766,21.444181],[105.578647,21.441534],[105.587624,21.444527],[105.590029,21.441993],[105.595846,21.44029],[105.600806,21.448758],[105.605969,21.451377],[105.610034,21.459091],[105.614662,21.462924],[105.61709,21.468782],[105.625927,21.473448],[105.630845,21.479063],[105.644014,21.470352],[105.646291,21.46387]]]}},{"type":"Feature","properties":{"code":"09043","name":"Xã Tam Hồng","type":"Xã"},"geometry":{"type":"Polygon","coordinates":[[[105.561156,21.238866],[105.565993,21.233357],[105.568004,21.233544],[105.576563,21.227294],[105.585649,21.228154],[105.58805,21.226838],[105.589863,21.230233],[105.592449,21.221752],[105.595007,21.222328],[105.595356,21.219697],[105.596633,21.220039],[105.607389,21.205286],[105.602441,21.201769],[105.591043,21.201046],[105.583068,21.197077],[105.577401,21.199892],[105.576134,21.203237],[105.5747,21.203212],[105.575127,21.20173],[105.568748,21.200559],[105.569177,21.199142],[105.568248,21.200451],[105.564611,21.199807],[105.56445,21.196925],[105.55964,21.19244],[105.557426,21.192168],[105.553881,21.195115],[105.545065,21.193842],[105.542,21.199338],[105.54313,21.199913],[105.54231,21.204989],[105.537784,21.213163],[105.538665,21.214823],[105.536763,21.216193],[105.537385,21.217989],[105.54436,21.227439],[105.546771,21.235657],[105.556586,21.238064],[105.560361,21.236762],[105.561156,21.238866]]]}},{"type":"Feature","properties":{"code":"08434","name":"Xã Tam Nông","type":"Xã"},"geometry":{"type":"Polygon","coordinates":[[[105.259182,21.28413],[105.269849,21.276248],[105.28492,21.269096],[105.31741,21.248655],[105.338856,21.248254],[105.349383,21.255375],[105.352495,21.260578],[105.35407,21.252131],[105.353352,21.245105],[105.34728,21.226527],[105.338892,21.228969],[105.339224,21.230157],[105.332827,21.233092],[105.330682,21.225037],[105.327126,21.22508],[105.324996,21.223437],[105.320235,21.22548],[105.316925,21.221142],[105.310881,21.222985],[105.310295,21.224506],[105.307427,21.223286],[105.304996,21.227515],[105.305701,21.230047],[105.303872,21.229832],[105.305701,21.2303],[105.305819,21.232139],[105.301602,21.233181],[105.300395,21.231703],[105.294818,21.234656],[105.293736,21.236203],[105.295473,21.237955],[105.294653,21.241069],[105.289096,21.236881],[105.285877,21.241439],[105.284517,21.240929],[105.283496,21.243484],[105.284741,21.243925],[105.2789,21.247029],[105.281053,21.248076],[105.276102,21.253418],[105.270247,21.256603],[105.269906,21.260044],[105.267304,21.261352],[105.267612,21.264242],[105.266229,21.264986],[105.264317,21.259572],[105.259408,21.257102],[105.253598,21.261266],[105.251239,21.26012],[105.252118,21.261442],[105.249498,21.261533],[105.242779,21.26777],[105.241453,21.270668],[105.242331,21.269753],[105.244045,21.272106],[105.242037,21.27161],[105.241874,21.273221],[105.246267,21.274026],[105.248928,21.278969],[105.251544,21.278097],[105.255909,21.281905],[105.25819,21.281896],[105.256992,21.283508],[105.259182,21.28413]]]}},{"type":"Feature","properties":{"code":"08824","name":"Xã Tam Sơn","type":"Xã"},"geometry":{"type":"Polygon","coordinates":[[[105.429194,21.481467],[105.4326,21.472996],[105.429962,21.469034],[105.428551,21.461097],[105.42541,21.457593],[105.426042,21.454196],[105.428916,21.453434],[105.431182,21.450473],[105.431471,21.444559],[105.435786,21.435125],[105.43471,21.431874],[105.447523,21.427195],[105.452488,21.419262],[105.446419,21.412638],[105.443879,21.412604],[105.444497,21.414328],[105.440601,21.413202],[105.437729,21.414329],[105.434223,21.411521],[105.434879,21.408764],[105.431199,21.402756],[105.427471,21.404335],[105.425045,21.403433],[105.41823,21.397889],[105.412899,21.400793],[105.40912,21.398557],[105.410053,21.396848],[105.406018,21.397119],[105.405443,21.395495],[105.399388,21.400471],[105.40023,21.40221],[105.397831,21.403106],[105.398174,21.413088],[105.391571,21.424106],[105.399151,21.431316],[105.396322,21.430828],[105.395556,21.432972],[105.40031,21.435251],[105.3995,21.437212],[105.403618,21.442754],[105.402018,21.44389],[105.4048,21.445251],[105.399517,21.447709],[105.400874,21.448465],[105.398124,21.453394],[105.399722,21.453818],[105.399953,21.455267],[105.397294,21.454087],[105.396142,21.455049],[105.398744,21.457547],[105.398139,21.461664],[105.401138,21.466338],[105.398928,21.470293],[105.408396,21.479076],[105.414167,21.479775],[105.419731,21.477073],[105.423253,21.47833],[105.424785,21.480689],[105.429194,21.481467]]]}},{"type":"Feature","properties":{"code":"08911","name":"Xã Tam Đảo","type":"Xã"},"geometry":{"type":"Polygon","coordinates":[[[105.651464,21.457965],[105.666346,21.460257],[105.669089,21.458171],[105.676694,21.457136],[105.686987,21.443977],[105.687422,21.440551],[105.685553,21.436759],[105.687971,21.432113],[105.686293,21.423035],[105.681303,21.415446],[105.681283,21.411278],[105.6738,21.399092],[105.674022,21.391833],[105.669347,21.38938],[105.669087,21.383911],[105.672655,21.376133],[105.668317,21.367886],[105.662496,21.36591],[105.6615,21.361402],[105.659832,21.36052],[105.660147,21.353343],[105.658367,21.348607],[105.651386,21.347549],[105.647417,21.34322],[105.645677,21.344243],[105.645518,21.349176],[105.643483,21.348583],[105.643793,21.35124],[105.638341,21.352336],[105.638486,21.359621],[105.628255,21.364562],[105.630304,21.370804],[105.628667,21.372525],[105.629102,21.375146],[105.631449,21.378854],[105.629291,21.381013],[105.628948,21.384451],[105.623768,21.384986],[105.622925,21.386423],[105.61844,21.380417],[105.621609,21.377014],[105.619556,21.375637],[105.622314,21.370495],[105.6209,21.364778],[105.621924,21.360415],[105.616137,21.361605],[105.614683,21.365635],[105.612115,21.365527],[105.614133,21.368778],[105.613079,21.371669],[105.610201,21.37358],[105.605552,21.373498],[105.604076,21.377661],[105.606387,21.380533],[105.597772,21.386051],[105.594298,21.393075],[105.595862,21.394747],[105.592724,21.397485],[105.59737,21.403921],[105.59982,21.404295],[105.599178,21.408375],[105.601251,21.41034],[105.600097,21.414067],[105.598292,21.414026],[105.595288,21.418676],[105.592919,21.418772],[105.598044,21.42205],[105.597653,21.424011],[105.603544,21.42719],[105.603654,21.429081],[105.607454,21.430572],[105.61199,21.437846],[105.615087,21.439398],[105.614485,21.44167],[105.630706,21.45062],[105.634116,21.45077],[105.638496,21.455515],[105.642048,21.456563],[105.645974,21.46375],[105.651464,21.457965]]]}},{"type":"Feature","properties":{"code":"08152","name":"Xã Thanh Ba","type":"Xã"},"geometry":{"type":"Polygon","coordinates":[[[105.145988,21.576606],[105.154668,21.56823],[105.154207,21.565654],[105.149276,21.560037],[105.150033,21.558293],[105.146585,21.555709],[105.145788,21.551779],[105.142679,21.548456],[105.140667,21.549357],[105.138561,21.548171],[105.139618,21.546807],[105.136872,21.545089],[105.139592,21.543315],[105.139186,21.539272],[105.135625,21.539197],[105.136256,21.537557],[105.132111,21.52702],[105.135127,21.524692],[105.133476,21.519116],[105.135788,21.51631],[105.135272,21.513267],[105.143459,21.514668],[105.149379,21.511178],[105.149431,21.509607],[105.152197,21.509225],[105.155303,21.504092],[105.155232,21.502236],[105.153055,21.501687],[105.150682,21.498112],[105.149372,21.4981],[105.149446,21.500026],[105.14793,21.498413],[105.146407,21.495031],[105.148142,21.49258],[105.143654,21.488488],[105.142532,21.489305],[105.143712,21.490411],[105.140956,21.491627],[105.141258,21.493651],[105.138126,21.492788],[105.134728,21.494282],[105.131722,21.492094],[105.130339,21.494261],[105.131047,21.491435],[105.129289,21.493371],[105.129455,21.491133],[105.127172,21.491779],[105.127271,21.490061],[105.123272,21.489684],[105.121728,21.492016],[105.121269,21.487853],[105.118609,21.489494],[105.120427,21.490103],[105.120356,21.492245],[105.116648,21.490403],[105.115195,21.49345],[105.113356,21.492421],[105.113023,21.493747],[105.10702,21.487679],[105.108424,21.486045],[105.106134,21.485215],[105.105643,21.482112],[105.101101,21.481392],[105.09782,21.483094],[105.102895,21.486002],[105.102487,21.487738],[105.097757,21.487612],[105.095405,21.485165],[105.087722,21.491288],[105.084142,21.491154],[105.080556,21.499023],[105.075506,21.501144],[105.07926,21.509364],[105.079824,21.507736],[105.083744,21.50759],[105.082713,21.508564],[105.086487,21.516066],[105.091683,21.51947],[105.092151,21.523055],[105.089944,21.526132],[105.092991,21.525563],[105.096667,21.528923],[105.095923,21.533253],[105.098431,21.537393],[105.097048,21.538424],[105.100783,21.540938],[105.105703,21.54163],[105.105922,21.542924],[105.11029,21.542587],[105.109174,21.541714],[105.110485,21.540555],[105.112301,21.542162],[105.113931,21.541214],[105.116588,21.542704],[105.120081,21.54833],[105.122283,21.547228],[105.123488,21.549217],[105.127462,21.548284],[105.129719,21.553783],[105.134127,21.556577],[105.132582,21.558647],[105.133122,21.563444],[105.131894,21.564557],[105.130758,21.563402],[105.129938,21.564866],[105.131103,21.566705],[105.136416,21.570242],[105.141444,21.570792],[105.145988,21.576606]]]}},{"type":"Feature","properties":{"code":"08542","name":"Xã Thanh Sơn","type":"Xã"},"geometry":{"type":"Polygon","coordinates":[[[105.216268,21.257055],[105.217066,21.249894],[105.220074,21.244764],[105.218811,21.240076],[105.221421,21.23806],[105.223449,21.229587],[105.229525,21.223116],[105.236896,21.205367],[105.247445,21.199993],[105.251431,21.200941],[105.256063,21.198087],[105.257598,21.194529],[105.265369,21.187849],[105.273549,21.186434],[105.273445,21.182287],[105.275986,21.181061],[105.274738,21.179399],[105.27569,21.174347],[105.273305,21.171671],[105.266317,21.173881],[105.267023,21.166269],[105.252458,21.169219],[105.246249,21.165478],[105.227556,21.163573],[105.222417,21.168547],[105.215414,21.167745],[105.213065,21.162741],[105.210231,21.164508],[105.208393,21.163558],[105.202695,21.168913],[105.203625,21.17079],[105.198852,21.170002],[105.19643,21.165972],[105.199143,21.16309],[105.188735,21.15419],[105.189919,21.150502],[105.187809,21.146952],[105.185605,21.14595],[105.182722,21.14796],[105.178824,21.144703],[105.170194,21.15308],[105.165644,21.153204],[105.160513,21.157864],[105.159641,21.160251],[105.161738,21.164614],[105.161269,21.167554],[105.155049,21.173971],[105.15941,21.180121],[105.157998,21.181157],[105.159572,21.182368],[105.158331,21.195178],[105.160007,21.199579],[105.155234,21.201861],[105.154458,21.204804],[105.151642,21.205387],[105.152532,21.208227],[105.154366,21.209093],[105.156952,21.207436],[105.15859,21.202717],[105.161359,21.201369],[105.163499,21.201429],[105.164783,21.203523],[105.16855,21.202456],[105.170143,21.204638],[105.169471,21.207934],[105.165444,21.212079],[105.167503,21.226811],[105.170319,21.229921],[105.168532,21.234112],[105.165564,21.236345],[105.166071,21.240194],[105.15968,21.249309],[105.17294,21.25045],[105.179433,21.254033],[105.18255,21.253066],[105.188326,21.246073],[105.188584,21.248126],[105.191956,21.249471],[105.195375,21.248761],[105.200639,21.2505],[105.201105,21.25285],[105.206255,21.251554],[105.210645,21.255632],[105.21278,21.253284],[105.216268,21.257055]]]}},{"type":"Feature","properties":{"code":"08674","name":"Xã Thanh Thủy","type":"Xã"},"geometry":{"type":"Polygon","coordinates":[[[105.274132,21.186706],[105.279355,21.18288],[105.289908,21.180546],[105.29432,21.175906],[105.292046,21.171971],[105.289621,21.173123],[105.285352,21.171875],[105.285956,21.161184],[105.294737,21.147799],[105.307245,21.134435],[105.31001,21.128866],[105.302319,21.124966],[105.303377,21.122255],[105.300951,21.121612],[105.29667,21.124723],[105.291913,21.122634],[105.287489,21.122869],[105.278608,21.127674],[105.267371,21.114257],[105.263191,21.113583],[105.260356,21.114126],[105.261537,21.116599],[105.262611,21.11747],[105.262577,21.115929],[105.264955,21.115472],[105.265972,21.117017],[105.263805,21.120301],[105.261094,21.121191],[105.261066,21.123758],[105.253092,21.130396],[105.248197,21.131687],[105.239895,21.140225],[105.2414,21.145932],[105.239754,21.153277],[105.241063,21.154973],[105.233962,21.164029],[105.246249,21.165478],[105.252458,21.169219],[105.267344,21.166436],[105.266317,21.173881],[105.273305,21.171671],[105.27569,21.174347],[105.274738,21.179399],[105.275916,21.181317],[105.273445,21.182287],[105.274132,21.186706]]]}},{"type":"Feature","properties":{"code":"08545","name":"Xã Thu Cúc","type":"Xã"},"geometry":{"type":"Polygon","coordinates":[[[104.908339,21.328801],[104.922395,21.32875],[104.926123,21.326391],[104.928601,21.320062],[104.93793,21.312527],[104.938064,21.307182],[104.940553,21.30161],[104.933737,21.292168],[104.933435,21.28839],[104.938643,21.283608],[104.937833,21.280983],[104.944401,21.267146],[104.933417,21.254684],[104.926848,21.249832],[104.924458,21.25161],[104.912578,21.253018],[104.907084,21.258002],[104.905818,21.255739],[104.897935,21.255811],[104.89605,21.253785],[104.88674,21.25605],[104.877618,21.253597],[104.872436,21.257247],[104.86578,21.256441],[104.858686,21.261521],[104.852495,21.252324],[104.84946,21.249518],[104.848365,21.25019],[104.850889,21.254345],[104.850547,21.257536],[104.842981,21.26076],[104.84057,21.264785],[104.843541,21.273745],[104.840966,21.280348],[104.843067,21.310579],[104.82376,21.318047],[104.817009,21.32356],[104.813943,21.333742],[104.819183,21.338016],[104.82691,21.340259],[104.833907,21.336997],[104.841755,21.338692],[104.847388,21.343427],[104.844862,21.351643],[104.854484,21.351903],[104.854738,21.362965],[104.853499,21.364482],[104.862449,21.36554],[104.867364,21.359497],[104.868387,21.35376],[104.875192,21.346385],[104.882857,21.341754],[104.897757,21.343394],[104.908357,21.333004],[104.908339,21.328801]]]}},{"type":"Feature","properties":{"code":"05092","name":"Xã Thung Nai","type":"Xã"},"geometry":{"type":"Polygon","coordinates":[[[105.241229,20.779606],[105.245673,20.780304],[105.258288,20.777613],[105.260887,20.774359],[105.26341,20.774221],[105.262048,20.771346],[105.268627,20.769497],[105.270784,20.771841],[105.280745,20.776051],[105.287687,20.780962],[105.289858,20.780382],[105.295511,20.784401],[105.302633,20.777392],[105.303979,20.768202],[105.312514,20.766593],[105.315538,20.769907],[105.31572,20.772944],[105.318533,20.773549],[105.320996,20.771829],[105.322706,20.763984],[105.331877,20.747827],[105.328656,20.74367],[105.319781,20.738099],[105.319398,20.734409],[105.323204,20.730874],[105.322868,20.727791],[105.31936,20.727986],[105.319347,20.726308],[105.316703,20.726128],[105.313852,20.720357],[105.314132,20.717874],[105.311067,20.713894],[105.306682,20.715871],[105.295442,20.709512],[105.290649,20.71004],[105.287194,20.698866],[105.283385,20.697663],[105.281851,20.701293],[105.278435,20.701025],[105.279988,20.712177],[105.265943,20.712314],[105.262655,20.718021],[105.256166,20.723849],[105.252627,20.717354],[105.244047,20.713668],[105.240118,20.716528],[105.235086,20.715874],[105.232114,20.717154],[105.226651,20.715895],[105.224409,20.721874],[105.214481,20.725592],[105.216942,20.73606],[105.213759,20.739966],[105.209712,20.740002],[105.20336,20.749691],[105.198242,20.747031],[105.191336,20.747808],[105.178079,20.755311],[105.178115,20.761779],[105.186612,20.765155],[105.192695,20.771254],[105.216475,20.771456],[105.225959,20.781652],[105.232507,20.785352],[105.241229,20.779606]]]}},{"type":"Feature","properties":{"code":"08788","name":"Xã Thái Hòa","type":"Xã"},"geometry":{"type":"Polygon","coordinates":[[[105.515614,21.489148],[105.517336,21.481729],[105.521266,21.47667],[105.521405,21.471841],[105.529702,21.45964],[105.53049,21.455713],[105.536895,21.450102],[105.536517,21.447829],[105.533588,21.444135],[105.53335,21.440607],[105.522066,21.431633],[105.521277,21.432878],[105.523147,21.434403],[105.52062,21.435906],[105.518606,21.434759],[105.518614,21.438083],[105.52109,21.440892],[105.519712,21.442383],[105.520299,21.448711],[105.499567,21.445557],[105.498682,21.442361],[105.501882,21.439437],[105.504832,21.423647],[105.498073,21.419724],[105.492199,21.420617],[105.491446,21.422447],[105.486902,21.42107],[105.486174,21.422751],[105.487539,21.424237],[105.48533,21.426399],[105.485963,21.428628],[105.482708,21.429681],[105.482408,21.432684],[105.481246,21.432359],[105.479938,21.435416],[105.4829,21.438041],[105.483704,21.440775],[105.482552,21.442136],[105.484984,21.445492],[105.484321,21.456086],[105.48241,21.457703],[105.481282,21.463183],[105.478371,21.464925],[105.477792,21.46827],[105.47379,21.470875],[105.474584,21.474606],[105.471175,21.475705],[105.467192,21.474142],[105.466904,21.476109],[105.46293,21.476728],[105.462459,21.481248],[105.464781,21.484899],[105.468883,21.484957],[105.470609,21.483446],[105.478239,21.48431],[105.481799,21.481768],[105.484601,21.484163],[105.486627,21.482425],[105.495718,21.483088],[105.498981,21.486664],[105.505237,21.489474],[105.509466,21.488803],[105.513354,21.490276],[105.515614,21.489148]]]}},{"type":"Feature","properties":{"code":"05293","name":"Xã Thượng Cốc","type":"Xã"},"geometry":{"type":"Polygon","coordinates":[[[105.395863,20.607902],[105.411703,20.606521],[105.414519,20.603454],[105.417124,20.605505],[105.428888,20.607484],[105.430848,20.599477],[105.429006,20.5953],[105.42945,20.583334],[105.42683,20.576152],[105.426628,20.565594],[105.424787,20.564251],[105.423911,20.552363],[105.425087,20.547655],[105.420738,20.547081],[105.415515,20.54259],[105.40803,20.542071],[105.404442,20.53744],[105.404405,20.535015],[105.408051,20.532153],[105.409185,20.528923],[105.407326,20.515822],[105.410446,20.500631],[105.407985,20.495131],[105.408904,20.487575],[105.407482,20.486069],[105.403604,20.489777],[105.400304,20.490383],[105.396786,20.486597],[105.395538,20.483667],[105.396225,20.479064],[105.394352,20.476528],[105.391914,20.480057],[105.388987,20.480477],[105.375685,20.488795],[105.374294,20.4942],[105.369511,20.498152],[105.351547,20.508268],[105.35452,20.51223],[105.361388,20.513268],[105.367566,20.531606],[105.373905,20.535323],[105.376546,20.535313],[105.379065,20.538277],[105.377119,20.546853],[105.37837,20.548403],[105.38097,20.548218],[105.381338,20.552004],[105.377707,20.558206],[105.381957,20.562362],[105.383244,20.567278],[105.389952,20.569864],[105.395302,20.574293],[105.382294,20.583655],[105.38497,20.596917],[105.395863,20.607902]]]}},{"type":"Feature","properties":{"code":"08323","name":"Xã Thượng Long","type":"Xã"},"geometry":{"type":"Polygon","coordinates":[[[104.997191,21.371143],[105.004522,21.370171],[105.008559,21.364647],[105.015029,21.363341],[105.022372,21.357135],[105.024643,21.35683],[105.027391,21.349554],[105.025473,21.346384],[105.02758,21.346879],[105.027787,21.343812],[105.035515,21.345236],[105.037628,21.347249],[105.042167,21.344498],[105.040318,21.330219],[105.036044,21.325296],[105.038316,21.323588],[105.036192,21.318517],[105.038623,21.314629],[105.044781,21.315382],[105.046415,21.314289],[105.048431,21.31606],[105.054119,21.315706],[105.055733,21.317087],[105.058623,21.314548],[105.056363,21.310545],[105.056319,21.303164],[105.069507,21.300824],[105.07289,21.303103],[105.075464,21.301514],[105.087444,21.301718],[105.091675,21.30004],[105.094145,21.295931],[105.09258,21.291556],[105.09627,21.274206],[105.089985,21.26823],[105.08301,21.266127],[105.072652,21.273353],[105.065413,21.268178],[105.050654,21.274316],[105.040609,21.280534],[105.038624,21.283635],[105.030606,21.288445],[105.025555,21.289333],[105.022539,21.29225],[105.013558,21.289833],[105.007133,21.294448],[104.999549,21.288799],[104.992586,21.289627],[104.991659,21.295316],[104.993037,21.300826],[104.991359,21.311399],[104.986112,21.321941],[104.98093,21.326287],[104.980838,21.329929],[104.985528,21.334664],[104.985934,21.338071],[104.994703,21.342868],[104.996073,21.349042],[104.993157,21.352091],[104.997888,21.357557],[104.998293,21.362518],[104.995289,21.366778],[104.997191,21.371143]]]}},{"type":"Feature","properties":{"code":"04897","name":"Xã Thịnh Minh","type":"Xã"},"geometry":{"type":"Polygon","coordinates":[[[105.392103,21.012872],[105.391874,21.006077],[105.396726,21.001024],[105.403366,20.997944],[105.41188,20.998834],[105.413621,20.996993],[105.416468,20.998546],[105.419088,20.994365],[105.417937,20.992584],[105.421311,20.987628],[105.42137,20.982652],[105.427776,20.982231],[105.4317,20.972507],[105.435836,20.967793],[105.439375,20.967852],[105.442208,20.964308],[105.444289,20.956272],[105.437439,20.955006],[105.433735,20.956667],[105.429328,20.945107],[105.422901,20.939195],[105.422842,20.936416],[105.421344,20.935466],[105.423107,20.932217],[105.417127,20.927746],[105.410719,20.92921],[105.410433,20.93076],[105.406692,20.930611],[105.397093,20.925656],[105.392546,20.920177],[105.388808,20.925706],[105.384218,20.925545],[105.378238,20.930234],[105.373772,20.931576],[105.369671,20.929929],[105.36446,20.930637],[105.362782,20.923648],[105.359386,20.921632],[105.359062,20.917769],[105.354706,20.918865],[105.348751,20.917776],[105.343269,20.947033],[105.334408,20.976579],[105.325486,20.999838],[105.31641,21.013649],[105.31978,21.01824],[105.322053,21.018587],[105.32019,21.020215],[105.325711,21.021106],[105.328866,21.024116],[105.331259,21.022927],[105.331207,21.021312],[105.328765,21.016598],[105.326692,21.016464],[105.327744,21.013885],[105.325011,21.010033],[105.326409,21.008763],[105.333701,21.00852],[105.33504,21.009304],[105.333607,21.010238],[105.338907,21.013435],[105.343083,21.012723],[105.347773,21.014157],[105.353444,21.007239],[105.375628,21.015055],[105.387487,21.024437],[105.386775,21.019361],[105.392103,21.012872]]]}},{"type":"Feature","properties":{"code":"08479","name":"Xã Thọ Văn","type":"Xã"},"geometry":{"type":"Polygon","coordinates":[[[105.172648,21.28956],[105.175023,21.28769],[105.174044,21.286077],[105.176815,21.281429],[105.176547,21.279066],[105.179601,21.276686],[105.179552,21.279044],[105.18403,21.279999],[105.185585,21.276292],[105.189323,21.277467],[105.189413,21.275201],[105.190916,21.275073],[105.192187,21.276132],[105.190502,21.277924],[105.191569,21.278866],[105.197888,21.27263],[105.202644,21.274183],[105.205305,21.269684],[105.207497,21.271333],[105.211297,21.271116],[105.218568,21.267097],[105.224182,21.272216],[105.229944,21.272423],[105.23045,21.27131],[105.234097,21.272454],[105.237354,21.269743],[105.242345,21.269111],[105.249362,21.261632],[105.252118,21.261442],[105.251239,21.26012],[105.253598,21.261266],[105.259408,21.257102],[105.264317,21.259572],[105.266229,21.264986],[105.267725,21.264154],[105.267304,21.261352],[105.269906,21.260044],[105.270247,21.256603],[105.276102,21.253418],[105.281053,21.248076],[105.2789,21.247029],[105.281703,21.245334],[105.27565,21.238515],[105.273254,21.238921],[105.267804,21.235118],[105.264473,21.23601],[105.263434,21.231977],[105.26262,21.233184],[105.261418,21.230782],[105.262057,21.228335],[105.259498,21.228833],[105.245419,21.221335],[105.238293,21.221057],[105.232356,21.216972],[105.229525,21.223116],[105.223449,21.229587],[105.221421,21.23806],[105.218811,21.240076],[105.220074,21.244764],[105.217032,21.250003],[105.216268,21.257055],[105.21278,21.253284],[105.210578,21.255613],[105.206255,21.251554],[105.201105,21.25285],[105.200639,21.2505],[105.195375,21.248761],[105.191956,21.249471],[105.188584,21.248126],[105.188943,21.246136],[105.187808,21.246034],[105.18255,21.253066],[105.179433,21.254033],[105.17294,21.25045],[105.15968,21.249309],[105.159596,21.252979],[105.1559,21.255066],[105.15402,21.254463],[105.150268,21.259012],[105.150845,21.264275],[105.14915,21.270036],[105.153688,21.270612],[105.154808,21.273272],[105.163953,21.274005],[105.168801,21.280557],[105.169558,21.286773],[105.172648,21.28956]]]}},{"type":"Feature","properties":{"code":"09112","name":"Xã Thổ Tang","type":"Xã"},"geometry":{"type":"Polygon","coordinates":[[[105.489419,21.269528],[105.496528,21.263029],[105.502991,21.263029],[105.502851,21.259843],[105.505036,21.257387],[105.513083,21.258431],[105.513643,21.256261],[105.510808,21.254109],[105.510979,21.247182],[105.508869,21.242423],[105.506666,21.240697],[105.507567,21.241861],[105.505968,21.242705],[105.504641,21.237544],[105.5002,21.235875],[105.501383,21.233225],[105.500376,21.231154],[105.494564,21.230745],[105.494967,21.227622],[105.493183,21.226441],[105.492679,21.222543],[105.494543,21.222163],[105.494146,21.220795],[105.500952,21.218139],[105.499399,21.2167],[105.494983,21.21758],[105.494393,21.214662],[105.501578,21.212856],[105.500306,21.210045],[105.50265,21.209433],[105.498152,21.205318],[105.496576,21.200665],[105.498222,21.19895],[105.4974,21.197009],[105.484028,21.195297],[105.480888,21.196663],[105.473644,21.206148],[105.4716,21.212669],[105.475969,21.211334],[105.477955,21.214232],[105.477277,21.2203],[105.475801,21.220342],[105.476155,21.223255],[105.474355,21.223222],[105.473707,21.227606],[105.469956,21.227518],[105.468083,21.230771],[105.469647,21.23118],[105.468555,21.233906],[105.471202,21.235706],[105.46927,21.239145],[105.472908,21.240397],[105.474084,21.243354],[105.479939,21.244466],[105.478292,21.244527],[105.477667,21.248128],[105.47612,21.247558],[105.475473,21.249717],[105.476882,21.250471],[105.47406,21.254162],[105.472432,21.25342],[105.471058,21.255088],[105.476308,21.25755],[105.477533,21.256549],[105.478458,21.257627],[105.475974,21.259736],[105.481299,21.258247],[105.481915,21.260835],[105.480756,21.261468],[105.484971,21.26453],[105.48753,21.263771],[105.486553,21.269055],[105.489419,21.269528]]]}},{"type":"Feature","properties":{"code":"08344","name":"Xã Tiên Lương","type":"Xã"},"geometry":{"type":"Polygon","coordinates":[[[104.982079,21.500327],[104.991528,21.497424],[104.994451,21.495062],[104.99751,21.496588],[105.000584,21.494216],[105.011099,21.499707],[105.01236,21.497493],[105.013976,21.497859],[105.014559,21.494991],[105.018766,21.49524],[105.019342,21.492627],[105.028389,21.496727],[105.032478,21.494888],[105.035612,21.490631],[105.039028,21.491392],[105.041206,21.488514],[105.044009,21.49148],[105.048164,21.490016],[105.046989,21.492533],[105.048077,21.494909],[105.043793,21.495742],[105.043028,21.497402],[105.045952,21.496748],[105.047548,21.498216],[105.047204,21.500489],[105.053734,21.494482],[105.062618,21.49347],[105.07915,21.483119],[105.072551,21.478715],[105.074329,21.476767],[105.075665,21.47786],[105.079734,21.472982],[105.079157,21.469805],[105.07643,21.465922],[105.073008,21.466682],[105.070076,21.464449],[105.06843,21.468633],[105.063384,21.470254],[105.059874,21.46401],[105.057164,21.463205],[105.06334,21.452275],[105.062478,21.445994],[105.048091,21.447429],[105.043754,21.440415],[105.035345,21.441378],[105.032915,21.438466],[105.033314,21.431606],[105.027288,21.428711],[105.022883,21.422709],[105.02042,21.42385],[105.015991,21.420212],[105.010667,21.425001],[105.004619,21.42589],[105.003869,21.428489],[104.999357,21.430948],[104.99388,21.437968],[104.994527,21.443876],[104.990771,21.449253],[104.992226,21.45539],[104.995367,21.460692],[104.997187,21.460698],[104.995006,21.463427],[104.996723,21.466687],[104.992015,21.47045],[104.981076,21.47478],[104.98099,21.483441],[104.978262,21.487861],[104.979057,21.492338],[104.977516,21.494574],[104.982079,21.500327]]]}},{"type":"Feature","properties":{"code":"08842","name":"Xã Tiên Lữ","type":"Xã"},"geometry":{"type":"Polygon","coordinates":[[[105.460991,21.400243],[105.461309,21.396651],[105.465571,21.393475],[105.469741,21.394312],[105.471786,21.392407],[105.476859,21.384702],[105.476661,21.382206],[105.486097,21.376934],[105.485315,21.378669],[105.486528,21.37969],[105.487755,21.37869],[105.488554,21.3805],[105.48696,21.383324],[105.488171,21.388882],[105.493799,21.38828],[105.503877,21.3816],[105.505392,21.383207],[105.509112,21.382219],[105.513115,21.384141],[105.517555,21.382986],[105.517318,21.378449],[105.510842,21.377316],[105.507973,21.371535],[105.508558,21.369855],[105.516103,21.373661],[105.518208,21.37275],[105.517881,21.366863],[105.514541,21.364554],[105.51464,21.362155],[105.510746,21.363255],[105.509221,21.362246],[105.514639,21.356297],[105.51375,21.351488],[105.508302,21.348061],[105.500688,21.348071],[105.499416,21.346201],[105.499681,21.344573],[105.50391,21.343866],[105.507082,21.34129],[105.506745,21.339386],[105.501597,21.337379],[105.493259,21.339053],[105.490988,21.340909],[105.492454,21.34318],[105.489956,21.34259],[105.484596,21.346097],[105.484755,21.347827],[105.483207,21.348361],[105.483845,21.353239],[105.475825,21.353603],[105.472583,21.357004],[105.474278,21.361157],[105.472611,21.36318],[105.471565,21.361141],[105.472543,21.358931],[105.471061,21.356868],[105.469156,21.35694],[105.468027,21.354162],[105.464426,21.356269],[105.462265,21.354059],[105.460855,21.346265],[105.458984,21.347033],[105.458599,21.344467],[105.454984,21.342959],[105.455106,21.339879],[105.447995,21.343315],[105.449059,21.343699],[105.449154,21.344416],[105.447457,21.344306],[105.444634,21.350609],[105.448705,21.3542],[105.44686,21.355138],[105.447392,21.353594],[105.445926,21.354024],[105.445313,21.364634],[105.443799,21.365758],[105.445179,21.366124],[105.444969,21.371095],[105.449078,21.371931],[105.449979,21.373935],[105.448306,21.377739],[105.4491,21.380062],[105.447978,21.378052],[105.445105,21.378124],[105.44863,21.380599],[105.44532,21.379208],[105.442869,21.383201],[105.446874,21.385761],[105.448076,21.384295],[105.449217,21.391756],[105.4542,21.395814],[105.45337,21.396806],[105.458479,21.400281],[105.460991,21.400243]]]}},{"type":"Feature","properties":{"code":"04891","name":"Xã Tiền Phong","type":"Xã"},"geometry":{"type":"Polygon","coordinates":[[[105.111892,20.84387],[105.127665,20.844476],[105.133294,20.840034],[105.133505,20.830784],[105.138103,20.82504],[105.126648,20.819399],[105.126487,20.816477],[105.140756,20.807677],[105.156288,20.805657],[105.16018,20.808073],[105.16114,20.806153],[105.165206,20.805046],[105.167255,20.81183],[105.172969,20.815237],[105.172638,20.819904],[105.178729,20.824223],[105.180074,20.827663],[105.192542,20.835803],[105.210755,20.828639],[105.224331,20.827868],[105.226495,20.824894],[105.235862,20.827238],[105.24087,20.818228],[105.245772,20.813944],[105.246193,20.810554],[105.249227,20.809095],[105.251307,20.805761],[105.232507,20.785352],[105.225959,20.781652],[105.216475,20.771456],[105.192695,20.771254],[105.18534,20.764403],[105.171555,20.76059],[105.166453,20.761914],[105.153448,20.770877],[105.150495,20.767323],[105.146742,20.755582],[105.141574,20.75136],[105.121347,20.753098],[105.115773,20.752133],[105.114041,20.753584],[105.111703,20.761704],[105.104515,20.763667],[105.080494,20.760953],[105.077515,20.763598],[105.077802,20.769118],[105.097861,20.788818],[105.099929,20.796608],[105.099355,20.801948],[105.097083,20.805724],[105.084328,20.813304],[105.087433,20.826538],[105.08686,20.829326],[105.082287,20.83261],[105.086528,20.847155],[105.084836,20.850594],[105.095349,20.848441],[105.100326,20.844762],[105.111892,20.84387]]]}},{"type":"Feature","properties":{"code":"05191","name":"Xã Toàn Thắng","type":"Xã"},"geometry":{"type":"Polygon","coordinates":[[[105.247683,20.609684],[105.253262,20.605814],[105.254257,20.597485],[105.247761,20.593693],[105.250683,20.591117],[105.250671,20.588039],[105.256002,20.588877],[105.258919,20.586033],[105.261311,20.57511],[105.259799,20.572296],[105.260458,20.560615],[105.264739,20.559163],[105.266716,20.553441],[105.269304,20.553959],[105.272239,20.55143],[105.275961,20.552401],[105.287175,20.550264],[105.287473,20.545757],[105.293569,20.545478],[105.295421,20.537698],[105.297237,20.537847],[105.300171,20.533098],[105.300101,20.528745],[105.310278,20.52022],[105.309203,20.515378],[105.304851,20.510929],[105.310588,20.504258],[105.30928,20.499027],[105.305779,20.496495],[105.304397,20.491463],[105.309254,20.487075],[105.308222,20.481081],[105.306178,20.47902],[105.298619,20.479462],[105.296695,20.477148],[105.289491,20.482471],[105.288675,20.48603],[105.284317,20.483775],[105.282029,20.489531],[105.275033,20.49069],[105.272988,20.496006],[105.275663,20.497682],[105.273355,20.504817],[105.259818,20.507749],[105.257027,20.512657],[105.258277,20.514855],[105.25604,20.522573],[105.242481,20.521078],[105.241111,20.526036],[105.2422,20.527742],[105.236044,20.530558],[105.229848,20.540175],[105.227293,20.541329],[105.226539,20.547242],[105.223785,20.549629],[105.219625,20.560619],[105.206694,20.571037],[105.20687,20.574909],[105.203472,20.577241],[105.204817,20.580103],[105.203772,20.582646],[105.213007,20.590618],[105.216819,20.589567],[105.22551,20.593292],[105.223947,20.59633],[105.225224,20.597077],[105.229919,20.597177],[105.230165,20.603427],[105.228087,20.605485],[105.227785,20.608729],[105.229391,20.613331],[105.228042,20.615271],[105.230503,20.615587],[105.23223,20.613598],[105.235018,20.614799],[105.235995,20.617835],[105.233412,20.6233],[105.237799,20.630704],[105.240376,20.630655],[105.24042,20.628387],[105.242659,20.628954],[105.241333,20.626332],[105.242941,20.622417],[105.246719,20.621011],[105.249461,20.617887],[105.245798,20.611177],[105.247337,20.610102],[105.24605,20.608957],[105.247683,20.609684]]]}},{"type":"Feature","properties":{"code":"08311","name":"Xã Trung Sơn","type":"Xã"},"geometry":{"type":"Polygon","coordinates":[[[104.896406,21.360632],[104.883791,21.373077],[104.884999,21.37984],[104.881944,21.383954],[104.884665,21.386613],[104.88234,21.390145],[104.886664,21.393353],[104.895082,21.392503],[104.902798,21.409674],[104.907887,21.414142],[104.912896,21.410092],[104.923237,21.407193],[104.928164,21.408598],[104.926736,21.413452],[104.929889,21.412222],[104.939368,21.41324],[104.938078,21.405084],[104.939153,21.399527],[104.941866,21.399466],[104.946435,21.388993],[104.95007,21.385358],[104.952735,21.387098],[104.956259,21.385711],[104.964105,21.388248],[104.968085,21.38648],[104.968661,21.395247],[104.970697,21.396832],[104.982359,21.39551],[104.984619,21.383713],[104.988797,21.380911],[104.991357,21.375541],[104.996014,21.373577],[104.997191,21.371143],[104.995071,21.365536],[104.998293,21.362518],[104.997888,21.357557],[104.993157,21.352091],[104.996073,21.349042],[104.994703,21.342868],[104.985934,21.338071],[104.985528,21.334664],[104.980838,21.329929],[104.98093,21.326287],[104.986112,21.321941],[104.991359,21.311399],[104.993037,21.300826],[104.991842,21.291237],[104.987206,21.291181],[104.982687,21.295445],[104.971717,21.297844],[104.967714,21.301949],[104.9657,21.301967],[104.963366,21.307366],[104.953475,21.303755],[104.939646,21.304427],[104.93793,21.312527],[104.928601,21.320062],[104.926123,21.326391],[104.922395,21.32875],[104.908339,21.328801],[104.908357,21.333004],[104.897891,21.343308],[104.900981,21.351661],[104.899779,21.354977],[104.896406,21.360632]]]}},{"type":"Feature","properties":{"code":"08245","name":"Xã Trạm Thản","type":"Xã"},"geometry":{"type":"Polygon","coordinates":[[[105.212235,21.513645],[105.219056,21.510307],[105.221893,21.512709],[105.224329,21.510558],[105.225966,21.513039],[105.229173,21.511638],[105.231261,21.513898],[105.234978,21.511173],[105.236047,21.513388],[105.239306,21.513542],[105.240401,21.510725],[105.245221,21.509675],[105.244595,21.508222],[105.247778,21.504947],[105.251682,21.505333],[105.253279,21.501323],[105.2556,21.502153],[105.252915,21.49709],[105.254768,21.492961],[105.252286,21.487778],[105.256867,21.485361],[105.263111,21.488157],[105.264917,21.486283],[105.26677,21.488064],[105.267293,21.48538],[105.270603,21.484973],[105.27013,21.488767],[105.2725,21.492356],[105.274059,21.491013],[105.27373,21.488261],[105.275741,21.489466],[105.279558,21.488191],[105.280205,21.49114],[105.28105,21.491121],[105.280527,21.489849],[105.283109,21.487548],[105.290956,21.492775],[105.291116,21.494462],[105.294198,21.495078],[105.291254,21.492188],[105.293701,21.491038],[105.294613,21.486675],[105.298104,21.486871],[105.299794,21.483346],[105.298574,21.481142],[105.295429,21.480905],[105.29364,21.474489],[105.288604,21.477559],[105.285623,21.476194],[105.283015,21.477668],[105.284365,21.475425],[105.28066,21.471709],[105.280977,21.4669],[105.282551,21.466031],[105.280257,21.459493],[105.28372,21.455475],[105.2808,21.455497],[105.280587,21.449159],[105.278544,21.448702],[105.274438,21.451746],[105.274836,21.452865],[105.27106,21.450221],[105.269409,21.451631],[105.270779,21.453362],[105.269107,21.451849],[105.268283,21.453999],[105.263574,21.453966],[105.256822,21.457575],[105.25446,21.460666],[105.25093,21.458797],[105.247069,21.460289],[105.244494,21.457825],[105.240386,21.458695],[105.239019,21.45741],[105.236807,21.460452],[105.236405,21.464836],[105.235633,21.463527],[105.230696,21.465058],[105.226773,21.469989],[105.225098,21.469396],[105.224244,21.470233],[105.22679,21.472469],[105.224706,21.475456],[105.227031,21.477215],[105.226033,21.480247],[105.221256,21.485238],[105.218583,21.485047],[105.210839,21.489811],[105.211591,21.494409],[105.214701,21.496307],[105.216394,21.500845],[105.213816,21.504199],[105.211709,21.511684],[105.212235,21.513645]]]}},{"type":"Feature","properties":{"code":"08686","name":"Xã Tu Vũ","type":"Xã"},"geometry":{"type":"Polygon","coordinates":[[[105.31001,21.128866],[105.320036,21.111425],[105.317792,21.095393],[105.314378,21.088365],[105.303805,21.075673],[105.293379,21.05266],[105.297882,21.033198],[105.305,21.022672],[105.316414,21.013654],[105.310263,21.005138],[105.304729,21.002473],[105.3034,21.003278],[105.303381,21.006664],[105.299251,21.006574],[105.297666,21.008667],[105.290991,21.007549],[105.286346,21.01528],[105.282312,21.015299],[105.280958,21.019186],[105.282359,21.021279],[105.277108,21.032221],[105.270692,21.038286],[105.270574,21.041398],[105.262651,21.050644],[105.262282,21.054892],[105.256473,21.060614],[105.256764,21.064682],[105.255085,21.064745],[105.25596,21.06632],[105.252299,21.068283],[105.250513,21.073511],[105.264249,21.077415],[105.270425,21.082312],[105.277565,21.084054],[105.280997,21.086606],[105.282023,21.090695],[105.286686,21.091547],[105.2876,21.094683],[105.284638,21.095041],[105.29111,21.101691],[105.285973,21.103467],[105.280444,21.09931],[105.277094,21.098673],[105.276489,21.095477],[105.271508,21.094643],[105.261544,21.111396],[105.261656,21.113935],[105.267371,21.114257],[105.278608,21.127674],[105.287489,21.122869],[105.291913,21.122634],[105.29667,21.124723],[105.300951,21.121612],[105.303377,21.122255],[105.302319,21.124966],[105.31001,21.128866]]]}},{"type":"Feature","properties":{"code":"05128","name":"Xã Tân Lạc","type":"Xã"},"geometry":{"type":"Polygon","coordinates":[[[105.274163,20.663235],[105.297957,20.655428],[105.298362,20.648657],[105.304138,20.643853],[105.303833,20.636907],[105.308319,20.629339],[105.310877,20.628135],[105.310791,20.626142],[105.313102,20.625027],[105.317561,20.615794],[105.317192,20.612032],[105.320647,20.604381],[105.326206,20.604455],[105.325345,20.61123],[105.327986,20.609905],[105.333107,20.613032],[105.335603,20.611449],[105.33818,20.612255],[105.344284,20.608646],[105.346499,20.606388],[105.347549,20.599424],[105.353535,20.596929],[105.354758,20.597831],[105.358756,20.592382],[105.36769,20.593885],[105.371779,20.598113],[105.384724,20.596422],[105.382294,20.583655],[105.395308,20.574685],[105.381723,20.565132],[105.381957,20.562362],[105.377707,20.558206],[105.381338,20.552004],[105.38097,20.548218],[105.37837,20.548403],[105.377119,20.546853],[105.379065,20.538277],[105.376546,20.535313],[105.373905,20.535323],[105.367566,20.531606],[105.361388,20.513268],[105.35452,20.51223],[105.351547,20.508268],[105.354721,20.504723],[105.352254,20.501292],[105.346038,20.501883],[105.33483,20.511392],[105.325251,20.516371],[105.317226,20.517462],[105.313965,20.515862],[105.308517,20.522425],[105.300101,20.528745],[105.300171,20.533098],[105.297237,20.537847],[105.295421,20.537698],[105.293569,20.545478],[105.287473,20.545757],[105.287175,20.550264],[105.275961,20.552401],[105.272239,20.55143],[105.269304,20.553959],[105.266332,20.553621],[105.26508,20.558753],[105.260109,20.561357],[105.260955,20.567131],[105.259799,20.572296],[105.261311,20.57511],[105.259712,20.583847],[105.256002,20.588877],[105.250671,20.588039],[105.249676,20.589117],[105.250683,20.591117],[105.247761,20.593693],[105.254257,20.597485],[105.253262,20.605814],[105.248437,20.609373],[105.246022,20.609002],[105.249461,20.617887],[105.246514,20.621151],[105.243043,20.622262],[105.241388,20.626875],[105.242659,20.628954],[105.25523,20.628786],[105.258241,20.633238],[105.256331,20.635438],[105.261199,20.642315],[105.261281,20.649094],[105.26722,20.657821],[105.27417,20.659981],[105.274163,20.663235]]]}},{"type":"Feature","properties":{"code":"05206","name":"Xã Tân Mai","type":"Xã"},"geometry":{"type":"Polygon","coordinates":[[[104.999764,20.868276],[105.01701,20.865652],[105.029893,20.850567],[105.043001,20.838257],[105.06877,20.820489],[105.088266,20.811276],[105.097738,20.805],[105.099942,20.799005],[105.098291,20.789432],[105.079536,20.771428],[105.077006,20.765788],[105.080494,20.760953],[105.102349,20.76394],[105.111446,20.761896],[105.116841,20.748488],[105.118971,20.746852],[105.121064,20.748256],[105.123343,20.745059],[105.12291,20.740731],[105.129643,20.738357],[105.132922,20.73498],[105.134564,20.730931],[105.132208,20.726424],[105.132823,20.721262],[105.127275,20.719631],[105.126516,20.71659],[105.120862,20.709613],[105.12479,20.705828],[105.120816,20.70322],[105.119276,20.704818],[105.114022,20.700989],[105.113386,20.696896],[105.104602,20.701182],[105.100274,20.700176],[105.097387,20.701479],[105.094795,20.710127],[105.08622,20.713316],[105.08241,20.717004],[105.081656,20.720884],[105.082937,20.723327],[105.079625,20.730559],[105.081302,20.735099],[105.079309,20.737633],[105.076291,20.737728],[105.067964,20.731884],[105.051566,20.725952],[105.046019,20.731126],[105.037767,20.733019],[105.034196,20.732388],[105.02248,20.734765],[105.019523,20.731139],[105.013277,20.732923],[105.013458,20.740453],[105.011485,20.740317],[105.010662,20.742975],[105.006023,20.744758],[104.998903,20.750514],[104.993126,20.750623],[104.990102,20.754127],[104.994371,20.762287],[104.992126,20.763651],[104.993227,20.769164],[104.995501,20.772085],[104.998152,20.770178],[105.006712,20.769318],[105.015173,20.777846],[105.018075,20.777644],[105.020188,20.779333],[105.024825,20.776016],[105.032914,20.773673],[105.02934,20.780063],[105.032529,20.795353],[105.031378,20.798887],[105.018775,20.805887],[105.012584,20.804417],[105.00282,20.813935],[104.99732,20.815304],[105.002989,20.825539],[105.001363,20.828624],[105.003331,20.832486],[105.002076,20.835603],[105.00669,20.844543],[104.997143,20.846053],[104.998197,20.851766],[105.000857,20.855759],[104.993464,20.865172],[104.991416,20.874024],[104.999764,20.868276]]]}},{"type":"Feature","properties":{"code":"04849","name":"Xã Tân Pheo","type":"Xã"},"geometry":{"type":"Polygon","coordinates":[[[105.067828,20.949261],[105.063638,20.95246],[105.055973,20.947656],[105.045897,20.951619],[105.039803,20.946119],[105.039954,20.944138],[105.033027,20.9429],[105.032186,20.937438],[105.040943,20.929336],[105.041834,20.92366],[105.027477,20.926944],[105.022334,20.920047],[105.017583,20.920983],[105.012172,20.92715],[105.008102,20.92825],[105.005992,20.931022],[105.003888,20.930778],[104.989286,20.942113],[104.975901,20.942032],[104.974107,20.941245],[104.976862,20.928569],[104.967093,20.912477],[104.959585,20.916366],[104.951899,20.925894],[104.940136,20.932058],[104.924012,20.962341],[104.92024,20.965729],[104.922299,20.971893],[104.927928,20.977725],[104.93791,20.977738],[104.947739,20.984195],[104.964071,20.986177],[104.970194,20.981848],[104.974945,20.980861],[104.976662,20.977279],[104.983508,20.97967],[104.992643,20.978023],[104.995894,20.979109],[104.997705,20.981684],[104.994931,20.982414],[104.991945,20.989794],[104.983026,20.993939],[104.976228,21.000465],[104.970661,21.012708],[104.962611,21.012061],[104.956688,21.018202],[104.955848,21.02217],[104.946286,21.030428],[104.94663,21.040234],[104.950355,21.048053],[104.949883,21.057063],[104.955936,21.056571],[104.962756,21.060353],[104.966583,21.058638],[104.968759,21.053201],[104.970479,21.052371],[104.987765,21.049716],[104.997613,21.043628],[104.999778,21.040487],[105.00605,21.03992],[105.009495,21.037935],[105.014321,21.031322],[105.016973,21.030871],[105.021096,21.021919],[105.018286,21.015122],[105.030071,21.022338],[105.034775,21.019232],[105.038007,21.012295],[105.050089,21.007979],[105.055294,21.010195],[105.061033,21.002743],[105.067843,21.001145],[105.081321,20.978781],[105.090183,20.968577],[105.084586,20.962052],[105.08496,20.955724],[105.079566,20.960013],[105.067828,20.949261]]]}},{"type":"Feature","properties":{"code":"08566","name":"Xã Tân Sơn","type":"Xã"},"geometry":{"type":"Polygon","coordinates":[[[104.963366,21.307366],[104.9657,21.301967],[104.967714,21.301949],[104.971717,21.297844],[104.979782,21.296663],[104.987206,21.291181],[104.991842,21.291237],[104.993384,21.289108],[105.000893,21.289283],[105.007133,21.294448],[105.013558,21.289833],[105.022539,21.29225],[105.025555,21.289333],[105.030606,21.288445],[105.038624,21.283635],[105.040609,21.280534],[105.050654,21.274316],[105.066221,21.267947],[105.069075,21.261894],[105.074236,21.256452],[105.077796,21.255356],[105.078616,21.245001],[105.084912,21.240729],[105.089252,21.235234],[105.08992,21.230978],[105.085966,21.228836],[105.075562,21.216633],[105.068606,21.222523],[105.060094,21.223558],[105.04934,21.220924],[105.041465,21.222795],[105.039944,21.225633],[105.032659,21.226233],[105.029795,21.221812],[105.025932,21.220684],[105.027226,21.216578],[105.026495,21.202394],[105.017842,21.193544],[105.018884,21.187306],[105.010846,21.179689],[105.009376,21.182864],[105.001672,21.184894],[104.998426,21.188722],[104.994568,21.189182],[104.992977,21.194449],[104.987995,21.194268],[104.981306,21.197268],[104.976435,21.202592],[104.977048,21.207867],[104.972829,21.210581],[104.9682,21.208109],[104.966557,21.210278],[104.964566,21.213592],[104.964344,21.220129],[104.961746,21.221513],[104.961414,21.224025],[104.964515,21.22868],[104.964993,21.233231],[104.956091,21.243311],[104.948877,21.249034],[104.946814,21.249034],[104.950192,21.259345],[104.944797,21.264191],[104.937833,21.280983],[104.938643,21.283608],[104.933435,21.28839],[104.933737,21.292168],[104.940553,21.30161],[104.939858,21.304605],[104.953475,21.303755],[104.963366,21.307366]]]}},{"type":"Feature","properties":{"code":"08023","name":"Xã Tây Cốc","type":"Xã"},"geometry":{"type":"Polygon","coordinates":[[[105.09674,21.681278],[105.099397,21.675628],[105.105907,21.677357],[105.107963,21.66929],[105.110235,21.667953],[105.123031,21.672038],[105.129979,21.670977],[105.129385,21.675871],[105.131368,21.679307],[105.137069,21.680006],[105.139521,21.676892],[105.138297,21.672253],[105.142658,21.668082],[105.160281,21.663497],[105.170446,21.65771],[105.170424,21.655278],[105.16486,21.647771],[105.169155,21.641725],[105.182933,21.646774],[105.182368,21.640982],[105.179926,21.64108],[105.179705,21.637836],[105.173614,21.636229],[105.172899,21.637455],[105.170776,21.636973],[105.170914,21.634541],[105.165479,21.63162],[105.160215,21.631857],[105.16026,21.634557],[105.156874,21.636001],[105.146375,21.636923],[105.14615,21.628997],[105.144457,21.62842],[105.144062,21.626212],[105.142361,21.626641],[105.141838,21.62459],[105.135824,21.622444],[105.132719,21.618274],[105.135227,21.613309],[105.134133,21.609117],[105.136675,21.609036],[105.136828,21.605659],[105.142585,21.603099],[105.145926,21.598716],[105.146507,21.594277],[105.14848,21.593755],[105.145988,21.576606],[105.143041,21.579554],[105.137308,21.578896],[105.131892,21.582137],[105.125039,21.575103],[105.117205,21.573632],[105.113842,21.570484],[105.111432,21.572887],[105.105325,21.572567],[105.108562,21.578522],[105.107371,21.580681],[105.108988,21.583434],[105.109252,21.58513],[105.107249,21.581669],[105.104574,21.583734],[105.106976,21.585031],[105.102277,21.585104],[105.104531,21.590571],[105.101922,21.593987],[105.103644,21.595168],[105.102619,21.597936],[105.105682,21.599744],[105.106706,21.609227],[105.11054,21.610689],[105.106636,21.61016],[105.108941,21.612392],[105.107858,21.61462],[105.112096,21.619802],[105.117578,21.622928],[105.117892,21.626359],[105.116324,21.627607],[105.117656,21.629227],[105.116427,21.631855],[105.11775,21.637107],[105.115926,21.637238],[105.11445,21.63408],[105.112873,21.635364],[105.1079,21.633081],[105.100249,21.640676],[105.097992,21.639274],[105.092815,21.641791],[105.090626,21.640883],[105.090756,21.639083],[105.084535,21.637415],[105.082326,21.638128],[105.076728,21.647135],[105.079036,21.651372],[105.082345,21.649345],[105.081809,21.65071],[105.085241,21.653837],[105.078528,21.664486],[105.079308,21.673872],[105.085246,21.677778],[105.08948,21.676732],[105.092704,21.678924],[105.094574,21.678117],[105.09674,21.681278]]]}},{"type":"Feature","properties":{"code":"09040","name":"Xã Tề Lỗ","type":"Xã"},"geometry":{"type":"Polygon","coordinates":[[[105.534774,21.284893],[105.53678,21.282953],[105.539154,21.28384],[105.541618,21.281257],[105.544407,21.281287],[105.546518,21.278378],[105.549095,21.279088],[105.551822,21.274449],[105.5587,21.27471],[105.560088,21.273527],[105.562822,21.274704],[105.568911,21.272749],[105.568328,21.268172],[105.564745,21.267906],[105.563426,21.264298],[105.569168,21.257127],[105.576148,21.258048],[105.576386,21.255282],[105.580474,21.253563],[105.580891,21.249217],[105.580111,21.250834],[105.577843,21.250864],[105.576119,21.245403],[105.570528,21.241903],[105.565551,21.236222],[105.561156,21.238866],[105.560361,21.236762],[105.556586,21.238064],[105.551146,21.235895],[105.546096,21.23615],[105.539912,21.241842],[105.538725,21.246851],[105.542104,21.251217],[105.540886,21.253424],[105.537551,21.254457],[105.537789,21.256537],[105.534152,21.257346],[105.532655,21.255941],[105.52806,21.258094],[105.525298,21.261341],[105.525328,21.265636],[105.522742,21.266117],[105.524667,21.268465],[105.522948,21.26812],[105.523556,21.273224],[105.531497,21.281218],[105.530284,21.282379],[105.534774,21.284893]]]}},{"type":"Feature","properties":{"code":"08377","name":"Xã Vân Bán","type":"Xã"},"geometry":{"type":"Polygon","coordinates":[[[105.052835,21.447734],[105.061505,21.4467],[105.065374,21.444693],[105.067318,21.440619],[105.071617,21.447652],[105.076063,21.446463],[105.081664,21.44218],[105.082789,21.439573],[105.080239,21.436329],[105.076292,21.435577],[105.076662,21.432099],[105.074266,21.427628],[105.068505,21.425743],[105.061189,21.410619],[105.060412,21.403582],[105.054314,21.397375],[105.050118,21.395693],[105.047376,21.390939],[105.042973,21.392093],[105.040799,21.396862],[105.029002,21.403622],[105.021044,21.415477],[105.015991,21.420212],[105.02042,21.42385],[105.022883,21.422709],[105.027288,21.428711],[105.033314,21.431606],[105.032915,21.438466],[105.035345,21.441378],[105.043754,21.440415],[105.04765,21.447179],[105.051902,21.446542],[105.052835,21.447734]]]}},{"type":"Feature","properties":{"code":"05152","name":"Xã Vân Sơn","type":"Xã"},"geometry":{"type":"Polygon","coordinates":[[[105.152145,20.59811],[105.147346,20.600244],[105.145369,20.603688],[105.143598,20.60384],[105.143543,20.606035],[105.139878,20.607053],[105.136055,20.617127],[105.142703,20.620064],[105.159127,20.633084],[105.164059,20.625248],[105.164584,20.614958],[105.175086,20.607634],[105.182252,20.611542],[105.186456,20.606847],[105.190061,20.606191],[105.191974,20.601014],[105.199583,20.599901],[105.197935,20.597231],[105.198461,20.594572],[105.201563,20.591815],[105.204811,20.580193],[105.203417,20.577406],[105.20687,20.574909],[105.206694,20.571037],[105.219625,20.560619],[105.223785,20.549629],[105.226539,20.547242],[105.227293,20.541329],[105.229848,20.540175],[105.236044,20.530558],[105.2422,20.527742],[105.241111,20.526036],[105.242481,20.521078],[105.25604,20.522573],[105.258277,20.514855],[105.257027,20.512657],[105.259818,20.507749],[105.273355,20.504817],[105.275663,20.497682],[105.272988,20.496006],[105.275033,20.49069],[105.282029,20.489531],[105.284317,20.483775],[105.288675,20.48603],[105.289491,20.482471],[105.296695,20.477148],[105.298619,20.479462],[105.303917,20.479912],[105.308853,20.476763],[105.301871,20.472312],[105.300985,20.464755],[105.289809,20.457297],[105.285059,20.456121],[105.282337,20.451211],[105.278496,20.450961],[105.267496,20.455138],[105.264428,20.454902],[105.262259,20.456335],[105.263445,20.46177],[105.261215,20.466167],[105.246836,20.471911],[105.243917,20.47389],[105.243686,20.476132],[105.240412,20.475774],[105.241042,20.478241],[105.239617,20.479343],[105.244726,20.487953],[105.239793,20.491596],[105.239938,20.493824],[105.235805,20.493736],[105.230456,20.497302],[105.231624,20.50289],[105.229544,20.504328],[105.221622,20.505342],[105.215894,20.509171],[105.214607,20.511944],[105.212762,20.511927],[105.211327,20.515571],[105.203143,20.518464],[105.190714,20.517268],[105.183654,20.521512],[105.178048,20.516628],[105.171847,20.515035],[105.162989,20.523553],[105.161239,20.523001],[105.162924,20.528541],[105.161845,20.53561],[105.155603,20.538231],[105.152478,20.543537],[105.14859,20.544813],[105.144155,20.543229],[105.138897,20.545291],[105.131176,20.555669],[105.125477,20.558858],[105.124079,20.55822],[105.123268,20.56061],[105.119868,20.562415],[105.119196,20.574094],[105.115075,20.575254],[105.118385,20.584551],[105.127551,20.591164],[105.125321,20.599754],[105.131843,20.602111],[105.136221,20.597245],[105.141511,20.594537],[105.152145,20.59811]]]}},{"type":"Feature","properties":{"code":"08584","name":"Xã Võ Miếu","type":"Xã"},"geometry":{"type":"Polygon","coordinates":[[[105.122304,21.216971],[105.122505,21.212169],[105.12896,21.212079],[105.130324,21.209088],[105.136578,21.208277],[105.140836,21.204878],[105.142683,21.205938],[105.148337,21.204994],[105.15009,21.20831],[105.152835,21.208807],[105.151642,21.205387],[105.154458,21.204804],[105.155234,21.201861],[105.160007,21.199579],[105.158331,21.195178],[105.159572,21.182368],[105.157998,21.181157],[105.15941,21.180121],[105.155049,21.173971],[105.161269,21.167554],[105.160336,21.158147],[105.165644,21.153204],[105.170194,21.15308],[105.178824,21.144703],[105.182722,21.14796],[105.185605,21.14595],[105.187809,21.146952],[105.189919,21.150502],[105.188735,21.15419],[105.199143,21.16309],[105.19643,21.165972],[105.198852,21.170002],[105.203625,21.17079],[105.202695,21.168913],[105.208393,21.163558],[105.210231,21.164508],[105.213132,21.162724],[105.214095,21.159265],[105.211331,21.156865],[105.212883,21.154024],[105.223877,21.147688],[105.224913,21.142785],[105.222175,21.141897],[105.223156,21.139609],[105.22192,21.135703],[105.22325,21.134427],[105.22084,21.133281],[105.220956,21.130808],[105.219556,21.130245],[105.220473,21.127576],[105.223147,21.129688],[105.223074,21.122277],[105.225113,21.119273],[105.22073,21.114512],[105.221052,21.111294],[105.216632,21.104369],[105.213563,21.10166],[105.199984,21.101065],[105.195257,21.098865],[105.193138,21.094854],[105.190487,21.097912],[105.185533,21.096925],[105.180309,21.098177],[105.174766,21.095559],[105.164295,21.094036],[105.154212,21.102914],[105.150386,21.103098],[105.150597,21.104356],[105.143151,21.107638],[105.127906,21.11883],[105.125929,21.125753],[105.12788,21.127227],[105.127149,21.129217],[105.120775,21.131543],[105.120307,21.133524],[105.117494,21.133014],[105.113645,21.136231],[105.111293,21.136156],[105.114719,21.140545],[105.114392,21.142442],[105.112502,21.14215],[105.111852,21.14297],[105.113895,21.143209],[105.112147,21.145747],[105.114682,21.153222],[105.112395,21.159615],[105.115314,21.163137],[105.112525,21.164317],[105.115748,21.170517],[105.109236,21.177157],[105.109774,21.178773],[105.113671,21.179465],[105.113958,21.18394],[105.11103,21.185062],[105.106719,21.182055],[105.103829,21.184025],[105.101165,21.183799],[105.100692,21.186017],[105.103783,21.185468],[105.110856,21.192961],[105.103681,21.204847],[105.097683,21.209438],[105.091954,21.218477],[105.099613,21.224409],[105.098293,21.228049],[105.106524,21.229768],[105.109366,21.225416],[105.122304,21.216971]]]}},{"type":"Feature","properties":{"code":"08134","name":"Xã Văn Lang","type":"Xã"},"geometry":{"type":"Polygon","coordinates":[[[104.995045,21.555047],[105.000744,21.552786],[105.004319,21.553489],[105.014023,21.542945],[105.02693,21.535535],[105.029105,21.531602],[105.026521,21.525509],[105.027008,21.518785],[105.034973,21.508399],[105.041161,21.503032],[105.047204,21.500489],[105.047548,21.498216],[105.045952,21.496748],[105.04302,21.497561],[105.043793,21.495742],[105.048077,21.494909],[105.047672,21.489531],[105.044134,21.491494],[105.041206,21.488514],[105.039028,21.491392],[105.036554,21.490178],[105.032478,21.494888],[105.028389,21.496727],[105.019342,21.492627],[105.018766,21.49524],[105.014559,21.494991],[105.013976,21.497859],[105.01236,21.497493],[105.011099,21.499707],[105.000584,21.494216],[104.997371,21.496615],[104.994325,21.495098],[104.983263,21.500521],[104.977516,21.494574],[104.979057,21.492338],[104.978569,21.487409],[104.967253,21.484984],[104.952593,21.495244],[104.950073,21.497919],[104.950609,21.499343],[104.949038,21.499424],[104.947198,21.496498],[104.941201,21.494677],[104.934996,21.495798],[104.935847,21.504316],[104.940507,21.50472],[104.931287,21.522175],[104.934614,21.525307],[104.935045,21.531042],[104.937144,21.53417],[104.941129,21.532829],[104.950463,21.536274],[104.955413,21.534307],[104.95638,21.532165],[104.960981,21.530973],[104.963632,21.535608],[104.964661,21.541757],[104.967564,21.542224],[104.970007,21.545596],[104.975975,21.540566],[104.979771,21.544521],[104.980115,21.55087],[104.984569,21.549623],[104.987817,21.550716],[104.985033,21.55408],[104.989035,21.550895],[104.993466,21.552574],[104.995045,21.555047]]]}},{"type":"Feature","properties":{"code":"08611","name":"Xã Văn Miếu","type":"Xã"},"geometry":{"type":"Polygon","coordinates":[[[105.106822,21.137831],[105.127149,21.129217],[105.12788,21.127227],[105.125929,21.125753],[105.127906,21.11883],[105.143151,21.107638],[105.150597,21.104356],[105.150386,21.103098],[105.154212,21.102914],[105.164062,21.094137],[105.174766,21.095559],[105.180309,21.098177],[105.185533,21.096925],[105.190487,21.097912],[105.192394,21.096338],[105.194945,21.087123],[105.205448,21.075913],[105.205883,21.070543],[105.202353,21.05792],[105.200562,21.056562],[105.206821,21.052244],[105.203803,21.052421],[105.201559,21.05],[105.205878,21.044454],[105.217996,21.034023],[105.222999,21.031569],[105.234286,21.020795],[105.231246,21.013904],[105.226412,21.009761],[105.224082,21.009871],[105.217068,21.005296],[105.218496,21.001253],[105.214782,20.9978],[105.218343,20.992199],[105.217696,20.990867],[105.221423,20.988212],[105.221009,20.983335],[105.208915,20.982282],[105.203248,20.97849],[105.200313,20.979121],[105.193686,20.976855],[105.189518,20.985278],[105.189442,20.993014],[105.186404,20.995422],[105.183219,21.009689],[105.178828,21.014828],[105.183014,21.02186],[105.178512,21.027432],[105.177595,21.03507],[105.173252,21.034389],[105.169164,21.036145],[105.165796,21.038431],[105.163606,21.042604],[105.16055,21.042465],[105.153455,21.045974],[105.151486,21.048614],[105.14755,21.049308],[105.147106,21.052751],[105.148627,21.053855],[105.144673,21.055119],[105.145322,21.058322],[105.14203,21.060263],[105.137747,21.069276],[105.130205,21.069253],[105.129651,21.073079],[105.123363,21.071535],[105.120283,21.073702],[105.116137,21.07298],[105.110445,21.091136],[105.115086,21.095218],[105.115858,21.098311],[105.111046,21.103185],[105.107918,21.110503],[105.105554,21.110647],[105.101906,21.107732],[105.10102,21.109657],[105.099811,21.107743],[105.090085,21.11094],[105.085043,21.107681],[105.082737,21.109043],[105.082166,21.11127],[105.08602,21.11541],[105.08651,21.11875],[105.090111,21.121322],[105.091466,21.120134],[105.093744,21.12133],[105.094265,21.126974],[105.090111,21.135023],[105.091899,21.136679],[105.097082,21.137354],[105.103179,21.134874],[105.106217,21.135597],[105.106822,21.137831]]]}},{"type":"Feature","properties":{"code":"09079","name":"Xã Vĩnh An","type":"Xã"},"geometry":{"type":"Polygon","coordinates":[[[105.49559,21.337875],[105.50457,21.338363],[105.502319,21.333812],[105.511958,21.330175],[105.510545,21.325351],[105.511302,21.322448],[105.512837,21.321415],[105.513594,21.322461],[105.514714,21.317919],[105.517646,21.319411],[105.520379,21.317071],[105.521305,21.319801],[105.524775,21.318123],[105.526164,21.319693],[105.528168,21.318183],[105.5307,21.319415],[105.530678,21.31788],[105.535834,21.316944],[105.535907,21.314455],[105.536952,21.315572],[105.539069,21.314379],[105.533524,21.308987],[105.537134,21.304643],[105.533983,21.300898],[105.536291,21.298217],[105.53168,21.295315],[105.533034,21.290043],[105.532031,21.287651],[105.535003,21.285077],[105.530284,21.282379],[105.531497,21.281218],[105.523236,21.271872],[105.51554,21.27622],[105.518652,21.276743],[105.516907,21.279932],[105.507683,21.287431],[105.508206,21.289184],[105.502841,21.290001],[105.499222,21.295036],[105.499086,21.297914],[105.503862,21.300783],[105.501465,21.304917],[105.498734,21.30499],[105.496463,21.30872],[105.493076,21.309786],[105.490884,21.306625],[105.478104,21.308394],[105.483131,21.314602],[105.481414,21.318294],[105.482393,21.322255],[105.492598,21.32559],[105.492322,21.329778],[105.493591,21.330497],[105.491468,21.333764],[105.488167,21.334873],[105.489349,21.341204],[105.49559,21.337875]]]}},{"type":"Feature","properties":{"code":"08143","name":"Xã Vĩnh Chân","type":"Xã"},"geometry":{"type":"Polygon","coordinates":[[[105.045743,21.562776],[105.04968,21.561298],[105.048822,21.554131],[105.052745,21.550605],[105.055303,21.550698],[105.057557,21.546827],[105.064834,21.541413],[105.063064,21.540965],[105.06336,21.539845],[105.063084,21.539233],[105.062739,21.540285],[105.060937,21.539479],[105.060867,21.537635],[105.061982,21.537738],[105.060392,21.5373],[105.061741,21.53617],[105.062237,21.527959],[105.06631,21.522687],[105.066416,21.520035],[105.072086,21.520666],[105.074459,21.514918],[105.078575,21.511697],[105.07926,21.509364],[105.075506,21.501144],[105.080556,21.499023],[105.083915,21.493735],[105.082036,21.489732],[105.08401,21.488518],[105.08145,21.483046],[105.067886,21.489308],[105.062618,21.49347],[105.053734,21.494482],[105.034973,21.508399],[105.027008,21.518785],[105.026521,21.525509],[105.029105,21.531602],[105.025735,21.536772],[105.028872,21.540943],[105.027741,21.542139],[105.02947,21.541316],[105.033406,21.545346],[105.03069,21.548372],[105.032228,21.549747],[105.031945,21.554575],[105.033,21.55674],[105.037413,21.558182],[105.036424,21.55888],[105.038271,21.562552],[105.045743,21.562776]]]}},{"type":"Feature","properties":{"code":"09100","name":"Xã Vĩnh Hưng","type":"Xã"},"geometry":{"type":"Polygon","coordinates":[[[105.493845,21.309474],[105.503289,21.302745],[105.503862,21.300783],[105.498639,21.296668],[105.502841,21.290001],[105.508206,21.289184],[105.507683,21.287431],[105.516747,21.28011],[105.518652,21.276743],[105.51554,21.27622],[105.523306,21.27283],[105.52296,21.268081],[105.524667,21.268465],[105.522742,21.266117],[105.525328,21.265636],[105.525605,21.263316],[105.52455,21.25959],[105.505036,21.257387],[105.502851,21.259843],[105.502941,21.263066],[105.496528,21.263029],[105.490662,21.268869],[105.487068,21.269502],[105.486236,21.272039],[105.484304,21.272065],[105.485908,21.2731],[105.484563,21.275435],[105.480677,21.274577],[105.478272,21.278194],[105.476059,21.278811],[105.471997,21.277268],[105.469908,21.281774],[105.467899,21.28247],[105.469369,21.284007],[105.46908,21.286953],[105.470677,21.287056],[105.468738,21.287706],[105.470973,21.289671],[105.471337,21.298007],[105.475073,21.299915],[105.473468,21.304524],[105.478449,21.308214],[105.490884,21.306625],[105.493845,21.309474]]]}},{"type":"Feature","properties":{"code":"09154","name":"Xã Vĩnh Phú","type":"Xã"},"geometry":{"type":"Polygon","coordinates":[[[105.496473,21.196726],[105.49877,21.195495],[105.5069,21.196463],[105.510702,21.198696],[105.518889,21.19978],[105.529066,21.198794],[105.540015,21.20881],[105.54231,21.204989],[105.54313,21.199913],[105.542,21.199338],[105.545822,21.193592],[105.536308,21.189699],[105.537317,21.185702],[105.534493,21.184404],[105.5312,21.185265],[105.529029,21.183621],[105.537582,21.168054],[105.538501,21.15621],[105.528313,21.155141],[105.493377,21.160015],[105.486602,21.162917],[105.467789,21.177915],[105.466356,21.200981],[105.4639,21.201299],[105.463899,21.206364],[105.462434,21.206029],[105.461439,21.208146],[105.463262,21.208706],[105.462344,21.214605],[105.458556,21.225841],[105.461315,21.226761],[105.461764,21.225438],[105.468508,21.230034],[105.469956,21.227518],[105.473139,21.228109],[105.474355,21.223222],[105.476155,21.223255],[105.475801,21.220342],[105.477277,21.2203],[105.477955,21.214232],[105.475655,21.211243],[105.4716,21.212669],[105.473907,21.205663],[105.480888,21.196663],[105.483342,21.195537],[105.496473,21.196726]]]}},{"type":"Feature","properties":{"code":"09106","name":"Xã Vĩnh Thành","type":"Xã"},"geometry":{"type":"Polygon","coordinates":[[[105.473468,21.304524],[105.474757,21.29952],[105.471337,21.298007],[105.470973,21.289671],[105.468738,21.287706],[105.470513,21.287617],[105.470677,21.287056],[105.46908,21.286953],[105.469369,21.284007],[105.467899,21.28247],[105.469908,21.281774],[105.471997,21.277268],[105.476059,21.278811],[105.478272,21.278194],[105.480677,21.274577],[105.484563,21.275435],[105.485908,21.2731],[105.484304,21.272065],[105.486236,21.272039],[105.487068,21.269502],[105.487999,21.270265],[105.486553,21.269055],[105.48753,21.263771],[105.484971,21.26453],[105.480756,21.261468],[105.481915,21.260835],[105.481299,21.258247],[105.475974,21.259736],[105.478458,21.257627],[105.477533,21.256549],[105.476308,21.25755],[105.471058,21.255088],[105.472432,21.25342],[105.47406,21.254162],[105.476882,21.250471],[105.475473,21.249717],[105.47612,21.247558],[105.477667,21.248128],[105.478292,21.244527],[105.479888,21.244189],[105.474084,21.243354],[105.472908,21.240397],[105.46927,21.239145],[105.471202,21.235706],[105.468555,21.233906],[105.469647,21.23118],[105.466727,21.228419],[105.464553,21.2283],[105.461764,21.225438],[105.461315,21.226761],[105.458556,21.225841],[105.446361,21.244302],[105.44442,21.258349],[105.443908,21.264926],[105.448327,21.264448],[105.44969,21.28131],[105.453439,21.292373],[105.449176,21.295612],[105.449314,21.299412],[105.45125,21.297955],[105.458406,21.299544],[105.458241,21.295092],[105.463232,21.294978],[105.46574,21.295887],[105.468086,21.300433],[105.473468,21.304524]]]}},{"type":"Feature","properties":{"code":"09076","name":"Xã Vĩnh Tường","type":"Xã"},"geometry":{"type":"Polygon","coordinates":[[[105.526492,21.2606],[105.52806,21.258094],[105.532655,21.255941],[105.534152,21.257346],[105.537789,21.256537],[105.537551,21.254457],[105.540886,21.253424],[105.542104,21.251217],[105.538725,21.246851],[105.539912,21.241842],[105.547113,21.235717],[105.54436,21.227439],[105.536763,21.216283],[105.538665,21.214823],[105.537784,21.213163],[105.539907,21.208775],[105.529066,21.198794],[105.518889,21.19978],[105.498174,21.195588],[105.496473,21.196726],[105.498222,21.19895],[105.496729,21.201214],[105.498152,21.205318],[105.50265,21.209433],[105.500306,21.210045],[105.501578,21.212856],[105.494393,21.214662],[105.494983,21.21758],[105.499399,21.2167],[105.500952,21.218139],[105.492679,21.222543],[105.493699,21.227763],[105.495265,21.228574],[105.494564,21.230745],[105.500376,21.231154],[105.501383,21.233225],[105.5002,21.235875],[105.504641,21.237544],[105.505968,21.242705],[105.507567,21.241861],[105.506666,21.240697],[105.508869,21.242423],[105.510979,21.247182],[105.510808,21.254109],[105.51361,21.255943],[105.513058,21.259133],[105.526492,21.2606]]]}},{"type":"Feature","properties":{"code":"08467","name":"Xã Vạn Xuân","type":"Xã"},"geometry":{"type":"Polygon","coordinates":[[[105.246726,21.337432],[105.258524,21.330859],[105.263503,21.330889],[105.268418,21.333093],[105.273947,21.332685],[105.27465,21.313554],[105.268051,21.299917],[105.257876,21.290401],[105.257542,21.288079],[105.260568,21.284106],[105.257097,21.28366],[105.25819,21.281896],[105.255909,21.281905],[105.251544,21.278097],[105.248928,21.278969],[105.246267,21.274026],[105.241874,21.273221],[105.242037,21.27161],[105.244045,21.272106],[105.242371,21.269781],[105.242191,21.271337],[105.24106,21.269197],[105.238713,21.269216],[105.234097,21.272454],[105.23045,21.27131],[105.229944,21.272423],[105.224182,21.272216],[105.21845,21.267086],[105.211297,21.271116],[105.207497,21.271333],[105.205305,21.269684],[105.202644,21.274183],[105.197888,21.27263],[105.191569,21.278866],[105.190502,21.277924],[105.192187,21.276132],[105.190916,21.275073],[105.189413,21.275201],[105.189323,21.277467],[105.185585,21.276292],[105.18403,21.279999],[105.179552,21.279044],[105.179601,21.276686],[105.176547,21.279066],[105.176815,21.281429],[105.174044,21.286077],[105.175023,21.28769],[105.172994,21.289639],[105.169558,21.286773],[105.167769,21.278973],[105.166653,21.284033],[105.17065,21.289036],[105.167514,21.289864],[105.167907,21.290945],[105.169287,21.291788],[105.17197,21.289666],[105.172274,21.291278],[105.173825,21.289041],[105.175945,21.290742],[105.173533,21.291681],[105.176522,21.293517],[105.180121,21.2923],[105.179681,21.295404],[105.181759,21.293822],[105.184773,21.294691],[105.183812,21.302738],[105.186833,21.306717],[105.184638,21.315279],[105.186317,21.318274],[105.191841,21.318553],[105.197588,21.311591],[105.203625,21.323599],[105.213378,21.327286],[105.213821,21.332917],[105.215552,21.33294],[105.217225,21.32901],[105.222762,21.328029],[105.226416,21.330656],[105.225364,21.328648],[105.229274,21.328439],[105.230613,21.326941],[105.238617,21.333926],[105.242946,21.332988],[105.244915,21.33707],[105.246726,21.337432]]]}},{"type":"Feature","properties":{"code":"08971","name":"Xã Xuân Lãng","type":"Xã"},"geometry":{"type":"Polygon","coordinates":[[[105.619825,21.275911],[105.640661,21.266969],[105.636427,21.267319],[105.636716,21.264107],[105.641361,21.2639],[105.640377,21.261181],[105.646326,21.257833],[105.648378,21.250854],[105.650077,21.249598],[105.651818,21.252214],[105.654648,21.249722],[105.661552,21.254749],[105.663878,21.254065],[105.663498,21.252806],[105.668622,21.252707],[105.666832,21.2537],[105.667078,21.256121],[105.670981,21.254931],[105.671638,21.25679],[105.677914,21.255094],[105.678443,21.256745],[105.681427,21.256693],[105.681263,21.254818],[105.6856,21.253963],[105.686545,21.249271],[105.680734,21.243427],[105.680835,21.241456],[105.693128,21.238142],[105.694241,21.235964],[105.691933,21.233441],[105.691006,21.234654],[105.681888,21.234894],[105.678962,21.228755],[105.676368,21.226974],[105.671365,21.230384],[105.675376,21.234067],[105.674847,21.235968],[105.673362,21.236075],[105.671596,21.233128],[105.668847,21.233181],[105.667078,21.239427],[105.660662,21.234852],[105.656646,21.23483],[105.652402,21.238103],[105.647951,21.236716],[105.644514,21.234238],[105.645304,21.227219],[105.65187,21.225936],[105.654425,21.22764],[105.659143,21.222559],[105.655862,21.218854],[105.644963,21.215535],[105.637295,21.217983],[105.635017,21.216578],[105.634474,21.218521],[105.632159,21.218686],[105.632565,21.220285],[105.629358,21.221406],[105.629485,21.224612],[105.634363,21.224071],[105.636409,21.225889],[105.630977,21.231139],[105.630187,21.233996],[105.620811,21.232262],[105.614568,21.228247],[105.610794,21.223673],[105.601059,21.227616],[105.604478,21.23904],[105.602558,21.244307],[105.607624,21.249823],[105.605073,21.254666],[105.607254,21.25548],[105.607595,21.257546],[105.608809,21.256651],[105.611361,21.26287],[105.614165,21.262539],[105.612584,21.266046],[105.617459,21.267731],[105.617581,21.270548],[105.62132,21.272473],[105.619365,21.274238],[105.619825,21.275911]]]}},{"type":"Feature","properties":{"code":"08500","name":"Xã Xuân Lũng","type":"Xã"},"geometry":{"type":"Polygon","coordinates":[[[105.281397,21.406797],[105.285475,21.405539],[105.288169,21.407256],[105.29141,21.400268],[105.295564,21.401416],[105.298422,21.397859],[105.30062,21.39838],[105.3003,21.397071],[105.30892,21.397327],[105.313233,21.39409],[105.312565,21.390269],[105.315459,21.39021],[105.317235,21.386208],[105.314335,21.385197],[105.313342,21.378022],[105.306808,21.371013],[105.306907,21.368258],[105.302276,21.367613],[105.297994,21.369407],[105.294629,21.367454],[105.29396,21.371257],[105.289478,21.371681],[105.284934,21.366547],[105.286643,21.362138],[105.283807,21.356535],[105.280733,21.356331],[105.278799,21.351852],[105.2743,21.349048],[105.266795,21.34975],[105.255696,21.365747],[105.24973,21.381418],[105.252537,21.383504],[105.256588,21.382508],[105.25662,21.385264],[105.258295,21.385788],[105.262073,21.38387],[105.266745,21.384908],[105.264205,21.387479],[105.266676,21.387778],[105.268388,21.385299],[105.2708,21.392947],[105.275908,21.396114],[105.275729,21.404475],[105.277533,21.406952],[105.278323,21.40551],[105.281397,21.406797]]]}},{"type":"Feature","properties":{"code":"08305","name":"Xã Xuân Viên","type":"Xã"},"geometry":{"type":"Polygon","coordinates":[[[104.995593,21.435529],[105.003869,21.428489],[105.004619,21.42589],[105.010667,21.425001],[105.014612,21.421861],[105.021044,21.415477],[105.028809,21.403803],[105.040799,21.396862],[105.042973,21.392093],[105.047376,21.390939],[105.048712,21.388981],[105.03301,21.385118],[105.031202,21.382272],[105.032216,21.37992],[105.029992,21.378148],[105.025842,21.377837],[105.021459,21.373297],[105.014979,21.373738],[105.010319,21.370134],[105.009019,21.37218],[105.004322,21.370322],[104.997191,21.371143],[104.995651,21.37391],[104.991357,21.375541],[104.988797,21.380911],[104.984619,21.383713],[104.983455,21.394351],[104.978614,21.396771],[104.971702,21.397002],[104.968914,21.395565],[104.968085,21.38648],[104.964105,21.388248],[104.956259,21.385711],[104.952735,21.387098],[104.95007,21.385358],[104.948016,21.387084],[104.941866,21.399466],[104.939153,21.399527],[104.938078,21.405084],[104.940163,21.419934],[104.948847,21.426079],[104.953345,21.42546],[104.956995,21.422838],[104.960546,21.424776],[104.963505,21.42332],[104.969012,21.427269],[104.971227,21.426402],[104.976738,21.427784],[104.985744,21.435056],[104.990933,21.433615],[104.995593,21.435529]]]}},{"type":"Feature","properties":{"code":"08590","name":"Xã Xuân Đài","type":"Xã"},"geometry":{"type":"Polygon","coordinates":[[[104.989463,21.19405],[104.992858,21.194518],[104.994568,21.189182],[104.998426,21.188722],[105.001672,21.184894],[105.009376,21.182864],[105.014192,21.175743],[105.014207,21.169884],[105.017448,21.16732],[105.02219,21.156461],[105.025942,21.153914],[105.030719,21.143951],[105.027423,21.136314],[105.031346,21.13101],[105.030882,21.125684],[105.036599,21.118013],[105.035927,21.112881],[105.041217,21.103361],[105.045356,21.100342],[105.04343,21.098656],[105.045067,21.089905],[105.039094,21.083508],[105.043132,21.080477],[105.045616,21.067314],[105.043888,21.062036],[105.040749,21.060143],[105.039994,21.056126],[105.036278,21.052914],[105.038719,21.042359],[105.041259,21.040065],[105.041064,21.035916],[105.044628,21.030295],[105.044216,21.02225],[105.041171,21.019698],[105.034526,21.019454],[105.029848,21.022339],[105.018286,21.015122],[105.021096,21.021919],[105.016973,21.030871],[105.014321,21.031322],[105.009495,21.037935],[105.00605,21.03992],[104.999778,21.040487],[104.997613,21.043628],[104.987765,21.049716],[104.970479,21.052371],[104.968759,21.053201],[104.966583,21.058638],[104.962756,21.060353],[104.955936,21.056571],[104.949883,21.057063],[104.945076,21.055215],[104.941445,21.057133],[104.938164,21.055718],[104.932358,21.061379],[104.93221,21.064041],[104.927274,21.065616],[104.923667,21.064707],[104.922717,21.067685],[104.91567,21.065356],[104.910563,21.067277],[104.910717,21.070049],[104.915751,21.074087],[104.922165,21.074995],[104.92191,21.079779],[104.926068,21.084421],[104.92305,21.090037],[104.917654,21.092976],[104.913101,21.101803],[104.913414,21.106585],[104.910825,21.110061],[104.912038,21.111208],[104.911801,21.118512],[104.907258,21.118477],[104.898359,21.124211],[104.896374,21.126361],[104.897302,21.129793],[104.880226,21.134439],[104.876102,21.138642],[104.871837,21.140119],[104.871175,21.145149],[104.863759,21.146851],[104.861672,21.145455],[104.855947,21.14781],[104.851922,21.153621],[104.856303,21.166122],[104.863471,21.164483],[104.87606,21.170181],[104.888134,21.16563],[104.896807,21.17301],[104.9014,21.169601],[104.904045,21.171086],[104.911911,21.167869],[104.923234,21.159943],[104.930217,21.157683],[104.944072,21.172334],[104.946763,21.172486],[104.953697,21.168007],[104.956463,21.170271],[104.953851,21.175363],[104.949787,21.178399],[104.949433,21.181977],[104.953569,21.188104],[104.958134,21.190145],[104.967965,21.186667],[104.974997,21.189667],[104.976178,21.193235],[104.974125,21.197831],[104.976755,21.201914],[104.981636,21.197041],[104.989463,21.19405]]]}},{"type":"Feature","properties":{"code":"08113","name":"Xã Yên Kỳ","type":"Xã"},"geometry":{"type":"Polygon","coordinates":[[[105.075457,21.608887],[105.077963,21.607421],[105.077732,21.605657],[105.084144,21.604375],[105.087388,21.601038],[105.092184,21.602107],[105.093507,21.600307],[105.099171,21.600279],[105.102675,21.597878],[105.103644,21.595168],[105.101922,21.593987],[105.104531,21.590571],[105.102277,21.585104],[105.106976,21.585031],[105.104574,21.583734],[105.107249,21.581669],[105.109252,21.58513],[105.107371,21.580681],[105.108562,21.578522],[105.105325,21.572567],[105.111432,21.572887],[105.113842,21.570484],[105.117205,21.573632],[105.125039,21.575103],[105.131892,21.582137],[105.137308,21.578896],[105.143041,21.579554],[105.145988,21.576606],[105.141444,21.570792],[105.136416,21.570242],[105.130869,21.566395],[105.129938,21.564866],[105.130758,21.563402],[105.131894,21.564557],[105.133122,21.563444],[105.132582,21.558647],[105.134127,21.556577],[105.129719,21.553783],[105.127462,21.548284],[105.123488,21.549217],[105.122283,21.547228],[105.120081,21.54833],[105.116588,21.542704],[105.113931,21.541214],[105.112301,21.542162],[105.110485,21.540555],[105.109174,21.541714],[105.110519,21.542147],[105.11029,21.542587],[105.105922,21.542924],[105.105703,21.54163],[105.100783,21.540938],[105.097048,21.538424],[105.098431,21.537393],[105.095923,21.533253],[105.096667,21.528923],[105.092991,21.525563],[105.089944,21.526132],[105.092151,21.523055],[105.091715,21.519558],[105.086487,21.516066],[105.082713,21.508564],[105.083707,21.507571],[105.079618,21.507845],[105.077583,21.513503],[105.074459,21.514918],[105.072086,21.520666],[105.066416,21.520035],[105.06631,21.522687],[105.062237,21.527959],[105.061741,21.53617],[105.060392,21.5373],[105.06142,21.537166],[105.061982,21.537738],[105.060867,21.537635],[105.060937,21.539479],[105.062739,21.540285],[105.063084,21.539233],[105.063064,21.540965],[105.064759,21.541567],[105.057557,21.546827],[105.055303,21.550698],[105.052745,21.550605],[105.048822,21.554131],[105.04968,21.561298],[105.042068,21.563295],[105.043242,21.569141],[105.051241,21.575949],[105.053523,21.576577],[105.057479,21.574852],[105.059425,21.577022],[105.059946,21.58178],[105.06367,21.584232],[105.061732,21.587286],[105.063219,21.588633],[105.062279,21.590852],[105.06497,21.593012],[105.066111,21.597037],[105.068817,21.596636],[105.070756,21.598257],[105.070173,21.603682],[105.075114,21.604197],[105.076871,21.605804],[105.075457,21.608887]]]}},{"type":"Feature","properties":{"code":"08773","name":"Xã Yên Lãng","type":"Xã"},"geometry":{"type":"Polygon","coordinates":[[[105.373415,21.524885],[105.376742,21.522421],[105.381574,21.522715],[105.386744,21.519781],[105.390011,21.511706],[105.396877,21.510808],[105.401887,21.514003],[105.406397,21.51174],[105.412689,21.512528],[105.414383,21.509765],[105.41872,21.507766],[105.421933,21.49903],[105.42644,21.494987],[105.426745,21.489782],[105.429154,21.487815],[105.429194,21.481467],[105.424785,21.480689],[105.423253,21.47833],[105.419731,21.477073],[105.414167,21.479775],[105.40836,21.479061],[105.398928,21.470293],[105.401138,21.466338],[105.398076,21.461639],[105.381461,21.462521],[105.380671,21.460685],[105.377479,21.460866],[105.377684,21.462735],[105.370301,21.465431],[105.368272,21.467927],[105.370305,21.469133],[105.366735,21.468826],[105.368039,21.471376],[105.366841,21.471711],[105.369384,21.472944],[105.369409,21.471165],[105.3724,21.47563],[105.370399,21.482561],[105.351659,21.493872],[105.338835,21.504132],[105.336824,21.508323],[105.338539,21.509916],[105.338181,21.512265],[105.34301,21.515369],[105.343524,21.519009],[105.348302,21.519757],[105.353076,21.517957],[105.358619,21.518968],[105.363357,21.523318],[105.366217,21.522669],[105.373415,21.524885]]]}},{"type":"Feature","properties":{"code":"09025","name":"Xã Yên Lạc","type":"Xã"},"geometry":{"type":"Polygon","coordinates":[[[105.588305,21.285203],[105.587286,21.283951],[105.588752,21.280784],[105.592542,21.281419],[105.592867,21.279201],[105.600786,21.28022],[105.601237,21.277034],[105.602988,21.27718],[105.606403,21.272552],[105.604985,21.271216],[105.606301,21.268891],[105.611215,21.267116],[105.614482,21.263334],[105.613519,21.261944],[105.611211,21.26274],[105.608809,21.256651],[105.607595,21.257546],[105.607254,21.25548],[105.605073,21.254666],[105.607624,21.249823],[105.602558,21.244307],[105.604478,21.23904],[105.601059,21.227616],[105.593464,21.228423],[105.591251,21.227256],[105.589863,21.230233],[105.58805,21.226838],[105.585649,21.228154],[105.5767,21.227265],[105.568004,21.233544],[105.565993,21.233357],[105.563849,21.236548],[105.565551,21.236222],[105.570528,21.241903],[105.57601,21.245277],[105.577843,21.250864],[105.580111,21.250834],[105.580891,21.249217],[105.581544,21.250959],[105.580474,21.253563],[105.576386,21.255282],[105.576148,21.258048],[105.569168,21.257127],[105.563426,21.264298],[105.564745,21.267906],[105.568328,21.268172],[105.568962,21.271332],[105.568911,21.272749],[105.564758,21.274211],[105.565499,21.277973],[105.567466,21.278447],[105.569276,21.282438],[105.575956,21.280903],[105.578049,21.284323],[105.580048,21.283977],[105.581236,21.285515],[105.582781,21.282311],[105.582027,21.279918],[105.584866,21.279811],[105.58727,21.285078],[105.588305,21.285203]]]}},{"type":"Feature","properties":{"code":"08290","name":"Xã Yên Lập","type":"Xã"},"geometry":{"type":"Polygon","coordinates":[[[105.048881,21.388116],[105.054792,21.381919],[105.059224,21.380178],[105.062639,21.37495],[105.067811,21.372772],[105.070786,21.368022],[105.078039,21.366683],[105.079319,21.359989],[105.083747,21.353924],[105.08635,21.354474],[105.086414,21.356665],[105.09876,21.360038],[105.100269,21.358863],[105.099462,21.357037],[105.100995,21.353857],[105.110329,21.348118],[105.116066,21.346648],[105.117216,21.349611],[105.119148,21.349475],[105.118627,21.348223],[105.122315,21.346019],[105.122467,21.342301],[105.119118,21.339354],[105.117585,21.335042],[105.12894,21.326358],[105.130884,21.322419],[105.130239,21.314399],[105.128182,21.311643],[105.116784,21.312781],[105.114334,21.308945],[105.105586,21.307464],[105.103995,21.302665],[105.107603,21.288534],[105.101263,21.275608],[105.09627,21.274206],[105.09258,21.291556],[105.094145,21.295931],[105.091293,21.300313],[105.087444,21.301718],[105.075464,21.301514],[105.07289,21.303103],[105.069507,21.300824],[105.056319,21.303164],[105.056363,21.310545],[105.058623,21.314548],[105.055733,21.317087],[105.054119,21.315706],[105.048431,21.31606],[105.046415,21.314289],[105.044781,21.315382],[105.038623,21.314629],[105.036192,21.318517],[105.038316,21.323588],[105.036044,21.325296],[105.040318,21.330219],[105.042167,21.344498],[105.037628,21.347249],[105.035515,21.345236],[105.027787,21.343812],[105.02758,21.346879],[105.025473,21.346384],[105.027391,21.349554],[105.024643,21.35683],[105.022372,21.357135],[105.015029,21.363341],[105.008312,21.364806],[105.004322,21.370322],[105.009019,21.37218],[105.010319,21.370134],[105.011803,21.370561],[105.014979,21.373738],[105.021459,21.373297],[105.025842,21.377837],[105.032216,21.37992],[105.031202,21.382272],[105.03301,21.385118],[105.03845,21.385504],[105.0442,21.388681],[105.048881,21.388116]]]}},{"type":"Feature","properties":{"code":"05305","name":"Xã Yên Phú","type":"Xã"},"geometry":{"type":"Polygon","coordinates":[[[105.409833,20.513596],[105.418983,20.513209],[105.429048,20.507792],[105.431235,20.508582],[105.431746,20.5062],[105.435102,20.503333],[105.436876,20.503026],[105.439941,20.505558],[105.4433,20.501863],[105.445737,20.504481],[105.452793,20.503409],[105.455828,20.509409],[105.459681,20.509806],[105.46037,20.508594],[105.461578,20.510596],[105.465538,20.509207],[105.467664,20.511633],[105.473873,20.513307],[105.476446,20.512983],[105.477708,20.509062],[105.486363,20.504672],[105.497689,20.507102],[105.501082,20.504814],[105.503806,20.508296],[105.506176,20.507138],[105.510407,20.510739],[105.517252,20.507324],[105.52947,20.508845],[105.531984,20.506546],[105.542849,20.508249],[105.544683,20.506126],[105.55229,20.506844],[105.562557,20.502724],[105.564246,20.499674],[105.562616,20.498178],[105.568967,20.493208],[105.569514,20.490835],[105.575878,20.487884],[105.577784,20.478849],[105.572054,20.478914],[105.573952,20.472607],[105.56982,20.471797],[105.567736,20.468291],[105.558728,20.467724],[105.553665,20.471821],[105.540623,20.472381],[105.537944,20.480041],[105.529734,20.47747],[105.523452,20.473431],[105.507033,20.476698],[105.504573,20.479777],[105.493892,20.482125],[105.483769,20.479319],[105.475241,20.480375],[105.474225,20.475791],[105.471768,20.477162],[105.467282,20.47584],[105.464791,20.477943],[105.45145,20.474],[105.448735,20.475101],[105.443337,20.472508],[105.444371,20.467685],[105.443233,20.467405],[105.435891,20.471552],[105.430111,20.46697],[105.429627,20.460691],[105.42243,20.460192],[105.42037,20.461067],[105.420933,20.465903],[105.418572,20.467865],[105.418764,20.469979],[105.408818,20.478118],[105.404897,20.478465],[105.396741,20.484745],[105.397023,20.487],[105.401235,20.490756],[105.407482,20.486069],[105.4088,20.487355],[105.407985,20.495131],[105.410446,20.500631],[105.408073,20.511287],[105.409833,20.513596]]]}},{"type":"Feature","properties":{"code":"08656","name":"Xã Yên Sơn","type":"Xã"},"geometry":{"type":"Polygon","coordinates":[[[105.31641,21.013649],[105.325864,20.999029],[105.334408,20.976579],[105.344429,20.940051],[105.331174,20.938701],[105.316919,20.933999],[105.316529,20.927959],[105.31231,20.923385],[105.293497,20.923375],[105.288003,20.929327],[105.283873,20.928727],[105.281932,20.924616],[105.275182,20.92465],[105.271166,20.934303],[105.271343,20.940539],[105.268456,20.941841],[105.264561,20.937141],[105.259165,20.93524],[105.25775,20.938683],[105.251472,20.941594],[105.251202,20.945056],[105.249661,20.945946],[105.248252,20.944143],[105.24695,20.945959],[105.242441,20.944677],[105.244508,20.941855],[105.241732,20.942935],[105.241006,20.941027],[105.237257,20.941358],[105.237282,20.940007],[105.230409,20.938561],[105.231744,20.937271],[105.229795,20.935353],[105.225463,20.936448],[105.221483,20.935117],[105.2188,20.932557],[105.21854,20.926554],[105.21621,20.924979],[105.214145,20.925222],[105.201719,20.91842],[105.198705,20.920249],[105.197735,20.925755],[105.194071,20.929762],[105.195449,20.934146],[105.203448,20.942085],[105.204544,20.945085],[105.211214,20.945543],[105.21395,20.949218],[105.222061,20.95162],[105.228644,20.957512],[105.235902,20.960816],[105.240306,20.967559],[105.244373,20.965158],[105.249208,20.965781],[105.251103,20.96377],[105.262702,20.963252],[105.265803,20.96989],[105.265382,20.974025],[105.268577,20.978015],[105.270729,20.977991],[105.273253,20.982173],[105.2724,20.989313],[105.269658,20.992616],[105.27509,20.996232],[105.278114,21.002265],[105.279538,21.003116],[105.284836,20.999122],[105.283796,21.000491],[105.285954,21.005036],[105.296913,21.008678],[105.299251,21.006574],[105.303701,21.006468],[105.3034,21.003278],[105.304891,21.002495],[105.310263,21.005138],[105.31641,21.013649]]]}},{"type":"Feature","properties":{"code":"05353","name":"Xã Yên Thủy","type":"Xã"},"geometry":{"type":"Polygon","coordinates":[[[105.562699,20.434074],[105.569139,20.433384],[105.573084,20.426414],[105.577311,20.424093],[105.58176,20.425235],[105.58248,20.427578],[105.58498,20.427425],[105.587029,20.421819],[105.591993,20.42075],[105.59796,20.415432],[105.596764,20.409816],[105.599888,20.408599],[105.605108,20.410804],[105.609832,20.410166],[105.614451,20.413016],[105.615565,20.423166],[105.622588,20.421471],[105.623605,20.422743],[105.626869,20.422219],[105.629404,20.42518],[105.633449,20.412073],[105.637628,20.409498],[105.641215,20.402937],[105.64459,20.403218],[105.646011,20.397636],[105.649498,20.395713],[105.658628,20.394542],[105.660775,20.391156],[105.660794,20.388155],[105.658778,20.386348],[105.661318,20.373616],[105.648103,20.360939],[105.646983,20.349888],[105.648303,20.345948],[105.642871,20.338567],[105.639612,20.338865],[105.634695,20.343988],[105.62908,20.347052],[105.627245,20.3466],[105.625528,20.349041],[105.624439,20.345012],[105.622552,20.34456],[105.609806,20.356238],[105.603483,20.358967],[105.600758,20.362776],[105.581581,20.369678],[105.570986,20.359529],[105.563375,20.357705],[105.556059,20.358414],[105.547142,20.362218],[105.545868,20.360911],[105.542773,20.361488],[105.552351,20.371571],[105.550799,20.374377],[105.548558,20.374687],[105.548498,20.377406],[105.54363,20.378349],[105.54207,20.381668],[105.541791,20.385201],[105.547298,20.388852],[105.547904,20.393629],[105.545209,20.400938],[105.543348,20.400374],[105.538919,20.403559],[105.54145,20.405423],[105.544911,20.404784],[105.552365,20.407043],[105.556562,20.40977],[105.558192,20.412512],[105.5576,20.41451],[105.561094,20.4166],[105.555606,20.422273],[105.559412,20.423419],[105.560632,20.422259],[105.56283,20.425209],[105.561152,20.426704],[105.560833,20.431058],[105.562699,20.434074]]]}},{"type":"Feature","properties":{"code":"05386","name":"Xã Yên Trị","type":"Xã"},"geometry":{"type":"Polygon","coordinates":[[[105.684716,20.439618],[105.6884,20.435428],[105.694845,20.436928],[105.697232,20.435509],[105.701149,20.429851],[105.701791,20.421342],[105.700085,20.419778],[105.701159,20.41628],[105.698392,20.412674],[105.691332,20.412757],[105.68821,20.410608],[105.685793,20.410934],[105.685036,20.406037],[105.688639,20.402277],[105.691514,20.403825],[105.692854,20.40219],[105.694491,20.402937],[105.697126,20.39753],[105.69864,20.397699],[105.695971,20.392981],[105.69266,20.393997],[105.692037,20.392628],[105.698233,20.387242],[105.706412,20.384412],[105.706905,20.379308],[105.704868,20.37403],[105.709797,20.367138],[105.712459,20.366006],[105.709857,20.360358],[105.713795,20.358273],[105.714971,20.354124],[105.719681,20.34783],[105.729868,20.337716],[105.723013,20.328774],[105.71143,20.324508],[105.708041,20.326518],[105.703505,20.324752],[105.704849,20.322103],[105.700851,20.320208],[105.696879,20.314038],[105.693307,20.312515],[105.692232,20.31121],[105.693336,20.310849],[105.688943,20.306502],[105.685683,20.305121],[105.675814,20.305579],[105.673483,20.30925],[105.670624,20.309033],[105.666025,20.313255],[105.665578,20.316275],[105.65225,20.325435],[105.647259,20.332038],[105.643812,20.334122],[105.644792,20.335427],[105.642967,20.339107],[105.648383,20.346307],[105.646983,20.349888],[105.648103,20.360939],[105.661318,20.373616],[105.658778,20.386348],[105.660794,20.388155],[105.660775,20.391156],[105.658628,20.394542],[105.649498,20.395713],[105.645932,20.397719],[105.64459,20.403218],[105.641215,20.402937],[105.637628,20.409498],[105.633449,20.412073],[105.629404,20.42518],[105.64878,20.426857],[105.651786,20.432388],[105.653869,20.433194],[105.678445,20.433165],[105.684716,20.439618]]]}},{"type":"Feature","properties":{"code":"08071","name":"Xã Đan Thượng","type":"Xã"},"geometry":{"type":"Polygon","coordinates":[[[105.025232,21.687903],[105.029448,21.686099],[105.033838,21.680519],[105.029934,21.677071],[105.03027,21.675609],[105.026359,21.674995],[105.027663,21.670397],[105.024238,21.669886],[105.025391,21.666305],[105.023746,21.661858],[105.020263,21.660958],[105.020828,21.654195],[105.017692,21.651796],[105.02009,21.648399],[105.017623,21.648162],[105.016136,21.643126],[105.022397,21.640117],[105.022454,21.638244],[105.026548,21.641061],[105.028168,21.638582],[105.030389,21.638652],[105.033349,21.635985],[105.03483,21.631693],[105.026913,21.618079],[105.02081,21.615342],[105.020836,21.612156],[105.017923,21.612565],[105.015827,21.610163],[105.01541,21.604626],[105.013368,21.603646],[105.014368,21.602054],[105.011644,21.596903],[105.007342,21.595721],[105.007653,21.593738],[105.009862,21.593618],[105.009928,21.590136],[105.003699,21.584305],[105.006615,21.577667],[105.005867,21.576292],[105.000984,21.575472],[105.000703,21.576746],[104.998575,21.576386],[104.993167,21.579414],[104.991734,21.574708],[104.977196,21.577982],[104.970636,21.585653],[104.959435,21.606472],[104.943446,21.616884],[104.933067,21.617583],[104.916768,21.610774],[104.903343,21.622912],[104.904403,21.627729],[104.909247,21.633698],[104.921568,21.640385],[104.933818,21.64214],[104.937269,21.646086],[104.938117,21.651355],[104.942182,21.652161],[104.946615,21.655713],[104.949444,21.654889],[104.952367,21.656998],[104.952284,21.659105],[104.955966,21.660807],[104.958008,21.659549],[104.958891,21.655742],[104.960433,21.656545],[104.961035,21.653067],[104.963335,21.652993],[104.969713,21.646657],[104.972534,21.646367],[104.972156,21.649308],[104.969944,21.650604],[104.97346,21.653635],[104.972847,21.657405],[104.976212,21.657224],[104.978119,21.659845],[104.98347,21.660413],[104.987107,21.662964],[104.985656,21.66783],[104.97988,21.672784],[104.988844,21.676081],[104.991055,21.678642],[104.999859,21.679688],[105.001815,21.684279],[104.998932,21.686064],[105.00038,21.688392],[105.019567,21.68775],[105.024195,21.690536],[105.025232,21.687903]]]}},{"type":"Feature","properties":{"code":"07969","name":"Xã Đoan Hùng","type":"Xã"},"geometry":{"type":"Polygon","coordinates":[[[105.19163,21.642019],[105.196492,21.643566],[105.202129,21.642615],[105.217928,21.631885],[105.224419,21.630989],[105.232889,21.617518],[105.234559,21.618435],[105.247074,21.615968],[105.247156,21.613657],[105.250544,21.610574],[105.249584,21.60878],[105.251468,21.602861],[105.25001,21.604041],[105.24842,21.603037],[105.248161,21.600477],[105.245924,21.600973],[105.244145,21.597781],[105.228884,21.597795],[105.217281,21.598872],[105.203346,21.604767],[105.193654,21.595275],[105.185765,21.596323],[105.179574,21.593684],[105.180758,21.595468],[105.179948,21.598208],[105.17754,21.598146],[105.17299,21.602325],[105.171106,21.599717],[105.169174,21.60271],[105.169727,21.600427],[105.167916,21.602014],[105.167208,21.600257],[105.168487,21.599001],[105.167138,21.599454],[105.166523,21.595354],[105.161413,21.590018],[105.157186,21.592969],[105.153811,21.591693],[105.146593,21.59418],[105.145926,21.598716],[105.142585,21.603099],[105.136828,21.605659],[105.136675,21.609036],[105.134011,21.60931],[105.135227,21.613309],[105.132586,21.617992],[105.135824,21.622444],[105.141838,21.62459],[105.142361,21.626641],[105.144062,21.626212],[105.144457,21.62842],[105.14615,21.628997],[105.146375,21.636923],[105.156874,21.636001],[105.16026,21.634557],[105.160215,21.631857],[105.165479,21.63162],[105.170914,21.634541],[105.170776,21.636973],[105.172899,21.637455],[105.173614,21.636229],[105.179705,21.637836],[105.179926,21.64108],[105.182368,21.640982],[105.182933,21.646774],[105.186087,21.646495],[105.19163,21.642019]]]}},{"type":"Feature","properties":{"code":"04831","name":"Xã Đà Bắc","type":"Xã"},"geometry":{"type":"Polygon","coordinates":[[[105.248252,20.944143],[105.249661,20.945946],[105.250989,20.945242],[105.251472,20.941594],[105.25775,20.938683],[105.259165,20.93524],[105.264561,20.937141],[105.268456,20.941841],[105.271343,20.940539],[105.271166,20.934303],[105.275182,20.92465],[105.281932,20.924616],[105.283873,20.928727],[105.288003,20.929327],[105.293497,20.923375],[105.312147,20.923389],[105.312886,20.921662],[105.311592,20.91727],[105.313445,20.914144],[105.309326,20.903205],[105.306091,20.900479],[105.301374,20.89957],[105.300881,20.89321],[105.295286,20.889345],[105.292171,20.884563],[105.294733,20.879951],[105.293475,20.872749],[105.296482,20.871084],[105.300335,20.857381],[105.293727,20.852446],[105.295367,20.849075],[105.292887,20.847346],[105.29152,20.843124],[105.296753,20.837654],[105.295937,20.833377],[105.303774,20.824655],[105.304698,20.820539],[105.300609,20.815196],[105.29671,20.815162],[105.294526,20.812831],[105.292217,20.813072],[105.280624,20.807258],[105.281938,20.802032],[105.280898,20.7992],[105.260588,20.806009],[105.251874,20.805207],[105.249227,20.809095],[105.246193,20.810554],[105.245772,20.813944],[105.24087,20.818228],[105.235862,20.827238],[105.226495,20.824894],[105.224331,20.827868],[105.210755,20.828639],[105.193375,20.835742],[105.18616,20.831839],[105.18583,20.838179],[105.184169,20.841276],[105.181976,20.841634],[105.182827,20.84991],[105.179785,20.858427],[105.183386,20.856552],[105.202668,20.860827],[105.201952,20.868868],[105.198823,20.871733],[105.197706,20.876825],[105.199685,20.881853],[105.198801,20.886431],[105.193417,20.893749],[105.205769,20.902849],[105.213071,20.915094],[105.227061,20.918126],[105.222827,20.923933],[105.224703,20.926572],[105.220069,20.929926],[105.219757,20.933696],[105.225463,20.936448],[105.229795,20.935353],[105.231759,20.937361],[105.230265,20.938466],[105.232637,20.93829],[105.233282,20.940161],[105.237164,20.939961],[105.237328,20.941362],[105.23881,20.940269],[105.241732,20.942935],[105.244508,20.941855],[105.242441,20.944677],[105.247033,20.945953],[105.248252,20.944143]]]}},{"type":"Feature","properties":{"code":"08662","name":"Xã Đào Xá","type":"Xã"},"geometry":{"type":"Polygon","coordinates":[[[105.284616,21.243727],[105.283496,21.243484],[105.284517,21.240929],[105.285877,21.241439],[105.289474,21.236622],[105.290296,21.23876],[105.294653,21.241069],[105.295473,21.237955],[105.293736,21.236203],[105.294818,21.234656],[105.300395,21.231703],[105.301602,21.233181],[105.305819,21.232139],[105.305701,21.2303],[105.303872,21.229832],[105.305701,21.230047],[105.304996,21.227515],[105.307427,21.223286],[105.310295,21.224506],[105.310881,21.222985],[105.316925,21.221142],[105.320235,21.22548],[105.324996,21.223437],[105.327126,21.22508],[105.330682,21.225037],[105.332827,21.233092],[105.339224,21.230157],[105.338892,21.228969],[105.347286,21.226525],[105.339274,21.210044],[105.344059,21.208273],[105.341819,21.203755],[105.33618,21.201134],[105.329166,21.204111],[105.325381,21.203402],[105.302764,21.190739],[105.29432,21.175906],[105.289274,21.180839],[105.279355,21.18288],[105.275148,21.186604],[105.271081,21.18605],[105.265369,21.187849],[105.257598,21.194529],[105.256063,21.198087],[105.251431,21.200941],[105.247445,21.199993],[105.236896,21.205367],[105.232356,21.216972],[105.233633,21.218425],[105.238465,21.221119],[105.250745,21.223129],[105.259635,21.228885],[105.262057,21.228335],[105.261418,21.230782],[105.26262,21.233184],[105.263434,21.231977],[105.264473,21.23601],[105.267804,21.235118],[105.273254,21.238921],[105.27565,21.238515],[105.281703,21.245334],[105.284616,21.243727]]]}},{"type":"Feature","properties":{"code":"08209","name":"Xã Đông Thành","type":"Xã"},"geometry":{"type":"Polygon","coordinates":[[[105.176941,21.488764],[105.176978,21.485079],[105.178976,21.483064],[105.178595,21.484732],[105.1798,21.484178],[105.181333,21.479715],[105.181956,21.481231],[105.183316,21.480121],[105.182202,21.476395],[105.189703,21.472993],[105.198255,21.478545],[105.198561,21.481915],[105.201251,21.484366],[105.207231,21.484207],[105.210526,21.488621],[105.221256,21.485238],[105.227031,21.477215],[105.224825,21.476368],[105.224934,21.473543],[105.22679,21.472469],[105.224244,21.470233],[105.226773,21.469989],[105.229584,21.466405],[105.225436,21.457289],[105.22302,21.456539],[105.223921,21.45481],[105.221105,21.453612],[105.221677,21.450887],[105.219063,21.446291],[105.219652,21.44311],[105.215919,21.444444],[105.220243,21.439564],[105.219012,21.438411],[105.214775,21.439096],[105.215226,21.436242],[105.212534,21.436521],[105.213724,21.434835],[105.210868,21.434911],[105.210849,21.434453],[105.213254,21.433279],[105.210177,21.43312],[105.210071,21.431616],[105.205121,21.432474],[105.204608,21.430438],[105.201985,21.431643],[105.196794,21.425677],[105.197169,21.419602],[105.188549,21.416861],[105.187128,21.418543],[105.184051,21.418668],[105.180878,21.422518],[105.179574,21.427506],[105.173765,21.430525],[105.172872,21.435762],[105.175254,21.437315],[105.174138,21.438379],[105.175227,21.442608],[105.171883,21.445644],[105.174519,21.448068],[105.17168,21.451788],[105.169378,21.449126],[105.171068,21.453723],[105.16952,21.453097],[105.166359,21.454994],[105.169477,21.459946],[105.173896,21.461838],[105.17158,21.479731],[105.169019,21.480728],[105.170282,21.482364],[105.168652,21.484712],[105.169759,21.485372],[105.168883,21.48859],[105.174984,21.490005],[105.176941,21.488764]]]}},{"type":"Feature","properties":{"code":"08923","name":"Xã Đại Đình","type":"Xã"},"geometry":{"type":"Polygon","coordinates":[[[105.607972,21.497052],[105.62233,21.499374],[105.624193,21.497157],[105.628516,21.496739],[105.635015,21.493111],[105.631092,21.479092],[105.626439,21.473886],[105.61709,21.468782],[105.614662,21.462924],[105.610034,21.459091],[105.605969,21.451377],[105.600806,21.448758],[105.595846,21.44029],[105.590029,21.441993],[105.587624,21.444527],[105.578647,21.441534],[105.57766,21.444181],[105.572761,21.44128],[105.567515,21.443147],[105.558974,21.431412],[105.55745,21.43258],[105.552819,21.430965],[105.551714,21.432571],[105.546313,21.431016],[105.54623,21.432282],[105.551817,21.43335],[105.552951,21.435436],[105.549027,21.438183],[105.546593,21.437663],[105.548772,21.441073],[105.545262,21.445951],[105.533855,21.444592],[105.537011,21.44989],[105.53049,21.455713],[105.529702,21.45964],[105.521405,21.471841],[105.521236,21.476736],[105.518474,21.479358],[105.522684,21.481792],[105.52599,21.481282],[105.527282,21.486146],[105.526412,21.488719],[105.529607,21.493719],[105.537536,21.483355],[105.545071,21.476508],[105.55046,21.467727],[105.555013,21.469601],[105.554137,21.471014],[105.562537,21.472283],[105.565993,21.478698],[105.564982,21.479261],[105.567516,21.481101],[105.584582,21.478939],[105.588371,21.480573],[105.594898,21.488488],[105.600456,21.488872],[105.600771,21.491043],[105.608112,21.495356],[105.607972,21.497052]]]}},{"type":"Feature","properties":{"code":"05347","name":"Xã Đại Đồng","type":"Xã"},"geometry":{"type":"Polygon","coordinates":[[[105.530146,20.444988],[105.54749,20.445082],[105.550118,20.441366],[105.562699,20.434074],[105.560818,20.431007],[105.561152,20.426704],[105.562801,20.425075],[105.560632,20.422259],[105.559412,20.423419],[105.555606,20.422273],[105.561094,20.4166],[105.5576,20.41451],[105.558192,20.412512],[105.556562,20.40977],[105.552365,20.407043],[105.544911,20.404784],[105.54145,20.405423],[105.538919,20.403559],[105.543348,20.400374],[105.545209,20.400938],[105.547904,20.393629],[105.547298,20.388852],[105.541791,20.385201],[105.54207,20.381668],[105.54363,20.378349],[105.548498,20.377406],[105.548558,20.374687],[105.550799,20.374377],[105.552351,20.371571],[105.542773,20.361488],[105.540582,20.367736],[105.531058,20.371909],[105.525451,20.36882],[105.522279,20.35985],[105.501868,20.360372],[105.476393,20.375439],[105.469539,20.374561],[105.465119,20.376661],[105.46031,20.374959],[105.456288,20.37816],[105.445183,20.381743],[105.457761,20.393185],[105.459118,20.398561],[105.449931,20.408197],[105.444563,20.411086],[105.444375,20.418353],[105.452253,20.424515],[105.451822,20.429608],[105.460799,20.441114],[105.474978,20.439435],[105.477558,20.436477],[105.476305,20.433714],[105.484346,20.431893],[105.486194,20.428753],[105.488611,20.430503],[105.494703,20.429988],[105.495744,20.43142],[105.497538,20.430177],[105.501708,20.432357],[105.502986,20.439948],[105.521624,20.43662],[105.521367,20.438282],[105.523745,20.439484],[105.523972,20.443039],[105.530146,20.444988]]]}},{"type":"Feature","properties":{"code":"08914","name":"Xã Đạo Trù","type":"Xã"},"geometry":{"type":"Polygon","coordinates":[[[105.542403,21.573978],[105.552603,21.573788],[105.558244,21.570148],[105.563194,21.558661],[105.572302,21.550892],[105.580584,21.541074],[105.583679,21.539982],[105.583406,21.535425],[105.588018,21.533785],[105.597271,21.533692],[105.603943,21.529135],[105.607154,21.524288],[105.606792,21.517181],[105.611536,21.512667],[105.611505,21.506009],[105.618049,21.5015],[105.617918,21.499622],[105.607972,21.497052],[105.608112,21.495356],[105.600771,21.491043],[105.600456,21.488872],[105.594898,21.488488],[105.587867,21.480268],[105.583226,21.47873],[105.567581,21.481127],[105.564982,21.479261],[105.565993,21.478698],[105.562537,21.472283],[105.554137,21.471014],[105.555013,21.469601],[105.55046,21.467727],[105.545071,21.476508],[105.537536,21.483355],[105.529607,21.493719],[105.526412,21.488719],[105.527282,21.486146],[105.52599,21.481282],[105.522684,21.481792],[105.518474,21.479358],[105.515286,21.489977],[105.508195,21.488761],[105.505565,21.490846],[105.503147,21.489424],[105.497579,21.499325],[105.49263,21.497353],[105.487552,21.502919],[105.492521,21.512699],[105.499291,21.516929],[105.496665,21.524609],[105.500672,21.526117],[105.501364,21.528012],[105.505071,21.527561],[105.505672,21.530811],[105.509806,21.533041],[105.511449,21.53678],[105.517891,21.533548],[105.521926,21.535196],[105.525361,21.544776],[105.527751,21.54745],[105.529799,21.556754],[105.537761,21.564884],[105.540655,21.572195],[105.542403,21.573978]]]}},{"type":"Feature","properties":{"code":"08431","name":"Xã Đồng Lương","type":"Xã"},"geometry":{"type":"Polygon","coordinates":[[[105.16923,21.355576],[105.171779,21.353903],[105.16611,21.352786],[105.165234,21.345624],[105.163714,21.345629],[105.162923,21.342545],[105.170492,21.34244],[105.170473,21.339738],[105.174168,21.33922],[105.175193,21.340989],[105.177443,21.337492],[105.185163,21.336846],[105.189332,21.328876],[105.202881,21.327643],[105.203625,21.323599],[105.197588,21.311591],[105.191841,21.318553],[105.186026,21.318035],[105.184918,21.310635],[105.186833,21.306717],[105.183812,21.302738],[105.184491,21.294224],[105.181759,21.293822],[105.179681,21.295404],[105.180121,21.2923],[105.176522,21.293517],[105.173533,21.291681],[105.175945,21.290742],[105.173825,21.289041],[105.172274,21.291278],[105.17197,21.289666],[105.168404,21.291387],[105.167514,21.289864],[105.17065,21.289036],[105.166653,21.284033],[105.167743,21.27873],[105.163953,21.274005],[105.154808,21.273272],[105.153688,21.270612],[105.147122,21.26873],[105.145223,21.271427],[105.148536,21.274392],[105.147609,21.291581],[105.144828,21.293046],[105.139699,21.290593],[105.134816,21.295214],[105.133152,21.300244],[105.136618,21.304323],[105.130281,21.307777],[105.13135,21.308277],[105.129958,21.324231],[105.133993,21.327949],[105.14013,21.328771],[105.143362,21.331511],[105.143441,21.333931],[105.147211,21.335295],[105.146202,21.342043],[105.150228,21.343963],[105.148187,21.34768],[105.149644,21.349752],[105.152136,21.348504],[105.155424,21.350929],[105.156832,21.349312],[105.161202,21.350751],[105.164235,21.355648],[105.16711,21.35425],[105.16923,21.355576]]]}},{"type":"Feature","properties":{"code":"04846","name":"Xã Đức Nhàn","type":"Xã"},"geometry":{"type":"Polygon","coordinates":[[[104.910825,21.110061],[104.916117,21.095393],[104.92401,21.089043],[104.926068,21.084421],[104.92191,21.079779],[104.922165,21.074995],[104.915751,21.074087],[104.910717,21.070049],[104.910563,21.067277],[104.91567,21.065356],[104.922717,21.067685],[104.923667,21.064707],[104.927274,21.065616],[104.93221,21.064041],[104.932358,21.061379],[104.938164,21.055718],[104.941445,21.057133],[104.945076,21.055215],[104.949883,21.057063],[104.950355,21.048053],[104.94663,21.040234],[104.946286,21.030428],[104.955848,21.02217],[104.956688,21.018202],[104.962611,21.012061],[104.970661,21.012708],[104.976766,20.99985],[104.983026,20.993939],[104.992224,20.989436],[104.994931,20.982414],[104.997686,20.982099],[104.995894,20.979109],[104.992301,20.978028],[104.983508,20.97967],[104.976662,20.977279],[104.974945,20.980861],[104.970194,20.981848],[104.964071,20.986177],[104.951802,20.985051],[104.942849,20.981817],[104.93791,20.977738],[104.927928,20.977725],[104.922902,20.972586],[104.92024,20.965729],[104.900594,20.980924],[104.892617,20.99676],[104.890534,21.008415],[104.882061,21.021695],[104.868087,21.029459],[104.861608,21.049633],[104.858995,21.052249],[104.859353,21.057214],[104.853965,21.068812],[104.852749,21.076486],[104.856567,21.079116],[104.867878,21.075535],[104.869099,21.08049],[104.873419,21.08444],[104.871174,21.092054],[104.876387,21.098567],[104.891113,21.104768],[104.892813,21.107292],[104.90229,21.109031],[104.908356,21.113002],[104.912013,21.111192],[104.910825,21.110061]]]}}]}