{"type":"FeatureCollection","features":[{"type":"Feature","properties":{"code":"13318","name":"Phường Châu Sơn","type":"Phường"},"geometry":{"type":"Polygon","coordinates":[[[105.917013,20.511241],[105.917988,20.501824],[105.915957,20.501655],[105.916046,20.498253],[105.918479,20.49853],[105.919122,20.494145],[105.916523,20.492772],[105.91668,20.488759],[105.912548,20.486838],[105.912569,20.484469],[105.908414,20.484554],[105.908084,20.489106],[105.890108,20.487578],[105.888734,20.490897],[105.886504,20.490959],[105.886059,20.489556],[105.882856,20.492767],[105.880396,20.492502],[105.878304,20.498941],[105.872076,20.497895],[105.867918,20.493103],[105.862471,20.492071],[105.864217,20.501167],[105.862607,20.503708],[105.864938,20.509309],[105.87327,20.509444],[105.873543,20.511289],[105.87826,20.513123],[105.877001,20.516026],[105.878356,20.517379],[105.882958,20.516402],[105.882472,20.514105],[105.88559,20.514483],[105.890046,20.517726],[105.88898,20.518757],[105.894147,20.527718],[105.912828,20.529301],[105.912566,20.521156],[105.909303,20.513981],[105.912447,20.513098],[105.913876,20.510844],[105.917013,20.511241]]]}},{"type":"Feature","properties":{"code":"13336","name":"Phường Duy Hà","type":"Phường"},"geometry":{"type":"Polygon","coordinates":[[[105.92047,20.673429],[105.921135,20.670714],[105.928267,20.671542],[105.928334,20.668277],[105.933112,20.668266],[105.9331,20.65688],[105.917893,20.654998],[105.917886,20.643141],[105.916181,20.64321],[105.915131,20.640375],[105.917988,20.639143],[105.921376,20.628431],[105.934288,20.631282],[105.934076,20.626633],[105.93877,20.627614],[105.939511,20.624455],[105.929764,20.621941],[105.931947,20.612738],[105.925507,20.611313],[105.923309,20.620334],[105.915981,20.618387],[105.914206,20.620368],[105.911857,20.619485],[105.904056,20.632617],[105.906013,20.63485],[105.904945,20.638356],[105.906012,20.639861],[105.904443,20.640848],[105.901457,20.639318],[105.900691,20.641047],[105.897307,20.639353],[105.891409,20.648232],[105.896478,20.651774],[105.896117,20.668822],[105.903216,20.664536],[105.90564,20.664663],[105.905498,20.668409],[105.91743,20.674324],[105.92047,20.673429]]]}},{"type":"Feature","properties":{"code":"13324","name":"Phường Duy Tiên","type":"Phường"},"geometry":{"type":"Polygon","coordinates":[[[105.972626,20.641709],[105.978504,20.6482],[105.994859,20.648815],[105.994735,20.651385],[105.996899,20.651372],[105.995458,20.654038],[106.000154,20.652571],[106.000563,20.655553],[106.003427,20.654347],[106.003498,20.656401],[106.00557,20.657038],[106.006179,20.648528],[106.004333,20.642826],[106.008937,20.642892],[106.015889,20.656561],[106.031349,20.656609],[106.031135,20.657668],[106.035225,20.658028],[106.032826,20.649587],[106.033208,20.638541],[106.036383,20.631111],[106.043681,20.622326],[106.043534,20.620028],[106.010609,20.61451],[106.004207,20.617344],[106.000083,20.626054],[105.996934,20.626989],[105.994658,20.625438],[105.983818,20.607178],[105.981099,20.601283],[105.98086,20.596763],[105.96912,20.597107],[105.968729,20.606631],[105.964383,20.612675],[105.963671,20.620695],[105.965077,20.620908],[105.964771,20.623484],[105.962546,20.623946],[105.96276,20.626627],[105.965555,20.625518],[105.96752,20.627861],[105.97395,20.629862],[105.972177,20.635548],[105.974422,20.635534],[105.975393,20.638865],[105.974017,20.638744],[105.972626,20.641709]]]}},{"type":"Feature","properties":{"code":"13330","name":"Phường Duy Tân","type":"Phường"},"geometry":{"type":"Polygon","coordinates":[[[106.003299,20.703618],[106.012758,20.702587],[106.024025,20.696524],[106.031086,20.687131],[106.037205,20.67448],[106.035225,20.658028],[106.031135,20.657668],[106.031349,20.656609],[106.015889,20.656561],[106.00862,20.642833],[106.004333,20.642826],[106.006179,20.648528],[106.00557,20.657038],[106.003498,20.656401],[106.003427,20.654347],[106.000563,20.655553],[106.000154,20.652571],[105.995458,20.654038],[105.996899,20.651372],[105.994735,20.651385],[105.994859,20.648815],[105.978504,20.6482],[105.976972,20.646064],[105.958043,20.650756],[105.957021,20.655817],[105.958248,20.658939],[105.965486,20.664189],[105.977492,20.665569],[105.9784,20.67385],[105.990018,20.684582],[105.990441,20.68242],[105.994645,20.681755],[105.992211,20.678525],[105.994615,20.67716],[105.997496,20.67844],[105.991866,20.689202],[105.998045,20.692315],[105.995766,20.697475],[106.001607,20.700894],[106.003299,20.703618]]]}},{"type":"Feature","properties":{"code":"14329","name":"Phường Hoa Lư","type":"Phường"},"geometry":{"type":"Polygon","coordinates":[[[105.939018,20.227488],[105.91805,20.237237],[105.914493,20.241581],[105.916887,20.246441],[105.911823,20.245537],[105.910019,20.248475],[105.903956,20.248837],[105.901383,20.252971],[105.903953,20.256137],[105.906471,20.25445],[105.911778,20.255656],[105.915573,20.260953],[105.918766,20.261342],[105.922078,20.264229],[105.925761,20.262877],[105.927834,20.266642],[105.931215,20.266475],[105.93263,20.268879],[105.934756,20.267941],[105.937069,20.269754],[105.933237,20.272136],[105.939291,20.284315],[105.935923,20.293352],[105.942117,20.294929],[105.941281,20.298501],[105.939819,20.298109],[105.939163,20.299801],[105.940956,20.300164],[105.940377,20.303093],[105.946982,20.304855],[105.947397,20.309691],[105.950647,20.311109],[105.951536,20.309087],[105.952915,20.309535],[105.951675,20.30616],[105.954753,20.300164],[105.965132,20.302869],[105.972527,20.307169],[105.982149,20.295834],[105.986327,20.28652],[105.985308,20.27787],[105.980836,20.266207],[105.98164,20.263506],[105.99169,20.256076],[106.01026,20.250459],[106.007795,20.246816],[106.006124,20.248114],[106.004594,20.243548],[105.997185,20.243509],[105.985472,20.246999],[105.984463,20.244699],[105.98685,20.241205],[105.985952,20.238496],[105.982426,20.237312],[105.981626,20.235482],[105.969823,20.239217],[105.966998,20.232306],[105.967928,20.228117],[105.961524,20.229319],[105.958567,20.227336],[105.958726,20.224453],[105.956104,20.22314],[105.943702,20.232224],[105.939018,20.227488]]]}},{"type":"Feature","properties":{"code":"13366","name":"Phường Hà Nam","type":"Phường"},"geometry":{"type":"Polygon","coordinates":[[[105.925507,20.611313],[105.946208,20.615886],[105.949884,20.587924],[105.95569,20.584831],[105.955748,20.586892],[105.961819,20.587382],[105.962839,20.58137],[105.965453,20.58136],[105.96597,20.579687],[105.961591,20.5794],[105.961058,20.57582],[105.958865,20.575363],[105.958363,20.573146],[105.960906,20.571348],[105.959756,20.568686],[105.961004,20.566114],[105.964449,20.564929],[105.968098,20.559636],[105.967888,20.554387],[105.956697,20.545741],[105.946218,20.546067],[105.944639,20.547357],[105.945138,20.551344],[105.939085,20.552136],[105.936586,20.551196],[105.934361,20.545712],[105.925402,20.54162],[105.915932,20.549162],[105.910723,20.550553],[105.915357,20.558867],[105.915514,20.56228],[105.920535,20.568587],[105.919926,20.585569],[105.921635,20.592121],[105.924844,20.591506],[105.9244,20.596158],[105.921153,20.601715],[105.922086,20.602119],[105.915981,20.618387],[105.923219,20.620374],[105.925507,20.611313]]]}},{"type":"Feature","properties":{"code":"13984","name":"Phường Hồng Quang","type":"Phường"},"geometry":{"type":"Polygon","coordinates":[[[106.227761,20.372474],[106.229394,20.36071],[106.232036,20.35853],[106.233681,20.359154],[106.235784,20.35621],[106.233255,20.356769],[106.232774,20.351595],[106.231159,20.3527],[106.227484,20.350426],[106.225563,20.350731],[106.222453,20.359564],[106.216237,20.359076],[106.2159,20.35792],[106.214199,20.359378],[106.212641,20.357274],[106.20671,20.355835],[106.200604,20.357244],[106.200568,20.359493],[106.204011,20.360354],[106.203298,20.363905],[106.207239,20.365129],[106.206077,20.370185],[106.202665,20.365183],[106.201641,20.366397],[106.189568,20.36583],[106.184325,20.368246],[106.183068,20.375882],[106.184792,20.37587],[106.184746,20.379366],[106.186434,20.379389],[106.187494,20.383707],[106.180008,20.383723],[106.18046,20.374632],[106.176035,20.374017],[106.173677,20.367656],[106.173566,20.364406],[106.175862,20.364641],[106.179069,20.359829],[106.179457,20.350071],[106.173215,20.34951],[106.171102,20.350741],[106.168986,20.349625],[106.16577,20.351149],[106.170368,20.360253],[106.168706,20.363735],[106.164705,20.364126],[106.163629,20.358511],[106.160548,20.357016],[106.156069,20.357928],[106.15288,20.363012],[106.154285,20.375642],[106.159104,20.387044],[106.169633,20.40063],[106.173106,20.408956],[106.176155,20.408431],[106.175628,20.406744],[106.177944,20.405556],[106.180247,20.405333],[106.180215,20.407101],[106.184174,20.40661],[106.182944,20.410391],[106.18652,20.41204],[106.187445,20.414383],[106.193459,20.413719],[106.194959,20.41128],[106.195503,20.407227],[106.192885,20.405888],[106.196334,20.396538],[106.194025,20.395918],[106.195458,20.389471],[106.192042,20.388765],[106.190974,20.386312],[106.192545,20.378905],[106.200542,20.378169],[106.200984,20.375922],[106.204677,20.37693],[106.204261,20.378741],[106.206751,20.381249],[106.205918,20.383645],[106.208367,20.383863],[106.208131,20.390288],[106.205235,20.393931],[106.212032,20.392868],[106.21387,20.396661],[106.215782,20.395984],[106.219348,20.381574],[106.221699,20.379733],[106.221538,20.376542],[106.223746,20.373777],[106.226137,20.37409],[106.227761,20.372474]]]}},{"type":"Feature","properties":{"code":"13384","name":"Phường Kim Bảng","type":"Phường"},"geometry":{"type":"Polygon","coordinates":[[[105.920962,20.589],[105.920169,20.585514],[105.911797,20.586771],[105.901436,20.57891],[105.898304,20.581885],[105.894991,20.58019],[105.895204,20.57729],[105.891592,20.57975],[105.886072,20.579089],[105.88527,20.574939],[105.877551,20.576003],[105.868937,20.573786],[105.858594,20.565808],[105.851072,20.569227],[105.851245,20.570927],[105.854372,20.572046],[105.851978,20.574922],[105.839155,20.573626],[105.836723,20.575153],[105.846106,20.582261],[105.847698,20.582226],[105.848926,20.579813],[105.854729,20.58211],[105.851237,20.587795],[105.853434,20.594041],[105.858303,20.596894],[105.862249,20.59331],[105.863554,20.594293],[105.867961,20.592355],[105.872037,20.595293],[105.877648,20.588575],[105.880458,20.590413],[105.883207,20.587104],[105.885348,20.587636],[105.884883,20.586136],[105.887345,20.585661],[105.889491,20.597739],[105.894336,20.603044],[105.896906,20.600011],[105.901323,20.604563],[105.907471,20.604527],[105.91461,20.599137],[105.911161,20.595041],[105.914806,20.592228],[105.913532,20.590705],[105.920962,20.589]]]}},{"type":"Feature","properties":{"code":"13402","name":"Phường Kim Thanh","type":"Phường"},"geometry":{"type":"Polygon","coordinates":[[[105.914206,20.620368],[105.922086,20.602119],[105.921153,20.601715],[105.924447,20.595995],[105.924844,20.591506],[105.921635,20.592121],[105.920962,20.589],[105.913532,20.590705],[105.914806,20.592228],[105.911161,20.595041],[105.91461,20.599137],[105.907471,20.604527],[105.901323,20.604563],[105.896906,20.600011],[105.894336,20.603044],[105.892916,20.60069],[105.890379,20.604247],[105.88808,20.603778],[105.88704,20.608854],[105.883064,20.611124],[105.882785,20.619044],[105.878174,20.617171],[105.8733,20.618863],[105.879553,20.628244],[105.887778,20.62714],[105.892507,20.636145],[105.891214,20.636732],[105.892357,20.640702],[105.895205,20.641628],[105.897307,20.639353],[105.900691,20.641047],[105.901457,20.639318],[105.904443,20.640848],[105.906012,20.639861],[105.904945,20.638356],[105.906013,20.63485],[105.904056,20.632617],[105.911857,20.619485],[105.914206,20.620368]]]}},{"type":"Feature","properties":{"code":"13444","name":"Phường Liêm Tuyền","type":"Phường"},"geometry":{"type":"Polygon","coordinates":[[[105.940227,20.539488],[105.937961,20.542968],[105.938448,20.549173],[105.936048,20.550409],[105.937075,20.551573],[105.944917,20.551513],[105.944639,20.547357],[105.946218,20.546067],[105.956592,20.545701],[105.967477,20.553662],[105.968098,20.559636],[105.97223,20.558209],[105.987193,20.564989],[105.989269,20.567289],[105.995053,20.563849],[105.993702,20.554274],[105.991239,20.554991],[105.983183,20.551955],[105.982501,20.550451],[105.988882,20.543541],[105.987946,20.54165],[105.989814,20.539773],[105.994991,20.538064],[105.999099,20.539023],[105.999331,20.535693],[105.997423,20.535623],[105.997082,20.531811],[105.99722,20.530531],[105.998915,20.530968],[105.999317,20.52257],[105.998116,20.52254],[105.997769,20.519532],[105.989188,20.516997],[105.986608,20.521852],[105.980359,20.5279],[105.97697,20.527138],[105.974784,20.524004],[105.976079,20.519474],[105.97492,20.516611],[105.963783,20.51443],[105.960143,20.515081],[105.959343,20.513343],[105.956961,20.51583],[105.954102,20.514507],[105.952015,20.515951],[105.945519,20.513398],[105.94494,20.517333],[105.946801,20.518287],[105.94416,20.519478],[105.942243,20.522852],[105.948834,20.528414],[105.949625,20.537126],[105.951104,20.538003],[105.949923,20.538689],[105.948768,20.537202],[105.94741,20.539273],[105.940227,20.539488]]]}},{"type":"Feature","properties":{"code":"13393","name":"Phường Lê Hồ","type":"Phường"},"geometry":{"type":"Polygon","coordinates":[[[105.891409,20.648232],[105.895011,20.640893],[105.892357,20.640702],[105.891214,20.636732],[105.892507,20.636145],[105.887778,20.62714],[105.879553,20.628244],[105.8733,20.618863],[105.878174,20.617171],[105.882785,20.619044],[105.883064,20.611124],[105.88704,20.608854],[105.88808,20.603778],[105.890379,20.604247],[105.892916,20.60069],[105.889491,20.597739],[105.887132,20.58568],[105.884883,20.586136],[105.885348,20.587636],[105.883207,20.587104],[105.880458,20.590413],[105.877648,20.588575],[105.872037,20.595293],[105.867961,20.592355],[105.864411,20.595139],[105.864255,20.597099],[105.862739,20.59603],[105.857423,20.601767],[105.861693,20.603782],[105.855486,20.610816],[105.843357,20.618079],[105.840009,20.633221],[105.846286,20.635721],[105.846342,20.639392],[105.852628,20.640045],[105.852439,20.64339],[105.854568,20.646541],[105.858608,20.644731],[105.866626,20.645479],[105.878304,20.643117],[105.891409,20.648232]]]}},{"type":"Feature","properties":{"code":"13435","name":"Phường Lý Thường Kiệt","type":"Phường"},"geometry":{"type":"Polygon","coordinates":[[[105.88527,20.574939],[105.890599,20.570681],[105.890396,20.560573],[105.894304,20.554381],[105.89009,20.55435],[105.88324,20.550979],[105.877737,20.542302],[105.877138,20.537926],[105.877805,20.534192],[105.88271,20.528706],[105.886751,20.515309],[105.884088,20.513684],[105.882472,20.514105],[105.882958,20.516402],[105.878356,20.517379],[105.877001,20.516026],[105.87826,20.513123],[105.873543,20.511289],[105.87327,20.509444],[105.864938,20.509309],[105.862607,20.503708],[105.864217,20.501167],[105.862475,20.492076],[105.854108,20.487673],[105.854249,20.48083],[105.851671,20.478795],[105.844104,20.477893],[105.841695,20.480841],[105.8376,20.480799],[105.83583,20.484341],[105.824562,20.488678],[105.820957,20.493646],[105.819599,20.499824],[105.819002,20.518043],[105.827159,20.526095],[105.825383,20.534884],[105.826708,20.53641],[105.826651,20.545697],[105.82965,20.551823],[105.828632,20.554248],[105.831415,20.558424],[105.830587,20.56151],[105.840159,20.569249],[105.843236,20.573295],[105.842647,20.574385],[105.84438,20.57491],[105.853268,20.574251],[105.854204,20.571521],[105.851433,20.571081],[105.850852,20.569558],[105.858325,20.565768],[105.870549,20.574368],[105.877551,20.576003],[105.88527,20.574939]]]}},{"type":"Feature","properties":{"code":"13708","name":"Phường Mỹ Lộc","type":"Phường"},"geometry":{"type":"Polygon","coordinates":[[[106.102069,20.489249],[106.11282,20.477425],[106.116187,20.478422],[106.120032,20.463526],[106.117853,20.461607],[106.128941,20.452366],[106.132855,20.446625],[106.142323,20.446779],[106.142511,20.442905],[106.138238,20.441527],[106.137881,20.434249],[106.122713,20.430046],[106.118266,20.430727],[106.117669,20.425591],[106.122822,20.426512],[106.131967,20.42149],[106.132461,20.419807],[106.129535,20.41819],[106.129035,20.41498],[106.118962,20.412585],[106.118608,20.415818],[106.116135,20.416997],[106.11465,20.412853],[106.100635,20.410635],[106.099547,20.415982],[106.092004,20.421147],[106.087615,20.428168],[106.084252,20.428902],[106.081343,20.427224],[106.080617,20.429263],[106.07872,20.428835],[106.079941,20.439482],[106.082966,20.44426],[106.08157,20.446979],[106.08438,20.448274],[106.079611,20.450406],[106.0757,20.446378],[106.071334,20.447843],[106.065602,20.446139],[106.064852,20.447954],[106.058436,20.446211],[106.059371,20.455583],[106.055451,20.456167],[106.05574,20.457616],[106.053702,20.458666],[106.054742,20.460543],[106.053701,20.46084],[106.052599,20.457666],[106.047329,20.459286],[106.047241,20.461575],[106.042745,20.462554],[106.044506,20.470944],[106.055994,20.473239],[106.059605,20.471588],[106.065364,20.465082],[106.07493,20.468204],[106.077013,20.462932],[106.080133,20.461297],[106.084838,20.465632],[106.091227,20.456905],[106.100417,20.455088],[106.105359,20.467456],[106.098128,20.478601],[106.102689,20.481818],[106.099896,20.487223],[106.102069,20.489249]]]}},{"type":"Feature","properties":{"code":"14359","name":"Phường Nam Hoa Lư","type":"Phường"},"geometry":{"type":"Polygon","coordinates":[[[105.91805,20.237237],[105.939018,20.227488],[105.943702,20.232224],[105.956104,20.22314],[105.958726,20.224453],[105.958567,20.227336],[105.961524,20.229319],[105.967928,20.228117],[105.966998,20.232306],[105.969823,20.239217],[105.981626,20.235482],[105.982426,20.237312],[105.985952,20.238496],[105.98685,20.241205],[105.984463,20.244699],[105.985472,20.246999],[106.000792,20.243432],[105.988491,20.214351],[105.98865,20.211681],[105.985188,20.210439],[105.987418,20.209734],[105.986136,20.203566],[105.987744,20.198313],[105.99031,20.195854],[105.984957,20.196663],[105.981746,20.194715],[105.981567,20.192836],[105.969638,20.195191],[105.966348,20.192536],[105.959992,20.194404],[105.954961,20.193601],[105.95404,20.189957],[105.948162,20.187422],[105.947024,20.184729],[105.949526,20.182306],[105.948869,20.180271],[105.944663,20.178861],[105.943725,20.173982],[105.939942,20.172269],[105.932521,20.177288],[105.933464,20.179845],[105.936439,20.179272],[105.938547,20.180804],[105.92455,20.190004],[105.911295,20.195211],[105.910038,20.198306],[105.906816,20.198161],[105.898796,20.205799],[105.891824,20.215662],[105.88445,20.220567],[105.877569,20.231088],[105.884389,20.235187],[105.896132,20.236264],[105.897207,20.239099],[105.889668,20.248297],[105.89158,20.251973],[105.889831,20.255344],[105.896674,20.255195],[105.899503,20.257375],[105.902918,20.255646],[105.901304,20.252508],[105.903065,20.249302],[105.910019,20.248475],[105.911823,20.245537],[105.916887,20.246441],[105.914493,20.241581],[105.91805,20.237237]]]}},{"type":"Feature","properties":{"code":"13669","name":"Phường Nam Định","type":"Phường"},"geometry":{"type":"Polygon","coordinates":[[[106.164377,20.408291],[106.163363,20.424918],[106.160347,20.428268],[106.163043,20.434379],[106.154972,20.437354],[106.154648,20.44223],[106.152439,20.44138],[106.151128,20.442807],[106.152771,20.445498],[106.150613,20.446366],[106.150646,20.450084],[106.14761,20.449762],[106.149998,20.454458],[106.153413,20.456667],[106.151248,20.459526],[106.152811,20.460423],[106.153625,20.462367],[106.152393,20.463809],[106.15365,20.464836],[106.149681,20.468606],[106.157753,20.472694],[106.172056,20.473327],[106.181159,20.479754],[106.174083,20.467144],[106.174056,20.465414],[106.179877,20.462718],[106.178576,20.458],[106.175968,20.45751],[106.178659,20.453631],[106.177704,20.450847],[106.175601,20.451938],[106.175369,20.448166],[106.177114,20.447132],[106.175101,20.444376],[106.177552,20.441286],[106.179678,20.441543],[106.181319,20.444889],[106.185411,20.447081],[106.186161,20.445091],[106.18777,20.445649],[106.189975,20.441129],[106.193021,20.442525],[106.196239,20.440924],[106.189829,20.430834],[106.180122,20.420722],[106.186759,20.413923],[106.18652,20.41204],[106.182944,20.410391],[106.184174,20.40661],[106.180215,20.407101],[106.180247,20.405333],[106.177944,20.405556],[106.175628,20.406744],[106.176155,20.408431],[106.173106,20.408956],[106.171185,20.403606],[106.170088,20.404004],[106.164377,20.408291]]]}},{"type":"Feature","properties":{"code":"13396","name":"Phường Nguyễn Úy","type":"Phường"},"geometry":{"type":"Polygon","coordinates":[[[105.823039,20.664468],[105.83331,20.660559],[105.833826,20.661726],[105.839589,20.65972],[105.840222,20.657179],[105.848345,20.652473],[105.849185,20.653228],[105.854568,20.646541],[105.852439,20.64339],[105.852628,20.640045],[105.846342,20.639392],[105.846286,20.635721],[105.840009,20.633221],[105.840189,20.629479],[105.841574,20.629517],[105.843357,20.618079],[105.855486,20.610816],[105.861693,20.603782],[105.858747,20.602472],[105.853957,20.607827],[105.846172,20.603038],[105.841102,20.603641],[105.82628,20.600094],[105.820413,20.595342],[105.818496,20.587242],[105.807486,20.581229],[105.799283,20.581445],[105.801473,20.583965],[105.800952,20.589284],[105.803105,20.592831],[105.803715,20.598802],[105.806178,20.599185],[105.807994,20.597253],[105.808831,20.599508],[105.80764,20.601144],[105.811347,20.604588],[105.807473,20.606578],[105.805696,20.610083],[105.811734,20.615537],[105.812821,20.618622],[105.814892,20.618773],[105.813312,20.622177],[105.814561,20.624939],[105.811104,20.628036],[105.813341,20.633434],[105.831288,20.644284],[105.833843,20.647516],[105.833475,20.649498],[105.826403,20.652855],[105.819531,20.660807],[105.823,20.662059],[105.823039,20.664468]]]}},{"type":"Feature","properties":{"code":"13291","name":"Phường Phù Vân","type":"Phường"},"geometry":{"type":"Polygon","coordinates":[[[105.912828,20.529301],[105.894147,20.527718],[105.88898,20.518757],[105.890046,20.517726],[105.886751,20.515309],[105.88271,20.528706],[105.877805,20.534192],[105.877138,20.537926],[105.877737,20.542302],[105.88324,20.550979],[105.89009,20.55435],[105.894304,20.554381],[105.890396,20.560573],[105.890599,20.570681],[105.88527,20.574939],[105.886072,20.579089],[105.891592,20.57975],[105.895204,20.57729],[105.894991,20.58019],[105.898304,20.581885],[105.901436,20.57891],[105.909565,20.585492],[105.914066,20.586801],[105.919926,20.585569],[105.92059,20.568952],[105.915514,20.56228],[105.915357,20.558867],[105.910614,20.550258],[105.91004,20.542661],[105.912828,20.529301]]]}},{"type":"Feature","properties":{"code":"13285","name":"Phường Phủ Lý","type":"Phường"},"geometry":{"type":"Polygon","coordinates":[[[105.926115,20.514786],[105.922556,20.516496],[105.91743,20.515386],[105.917013,20.511241],[105.914161,20.510794],[105.909303,20.513981],[105.913153,20.524876],[105.91004,20.542661],[105.910723,20.550553],[105.915932,20.549162],[105.925829,20.541608],[105.934361,20.545712],[105.936105,20.547465],[105.936048,20.550409],[105.938448,20.549173],[105.937961,20.542968],[105.940286,20.541447],[105.940227,20.539488],[105.94741,20.539273],[105.948768,20.537202],[105.949923,20.538689],[105.951104,20.538003],[105.949625,20.537126],[105.948834,20.528414],[105.942243,20.522852],[105.94416,20.519478],[105.946801,20.518287],[105.94015,20.514885],[105.936708,20.518514],[105.926115,20.514786]]]}},{"type":"Feature","properties":{"code":"13420","name":"Phường Tam Chúc","type":"Phường"},"geometry":{"type":"Polygon","coordinates":[[[105.853957,20.607827],[105.858747,20.602472],[105.857423,20.601767],[105.862739,20.59603],[105.864255,20.597099],[105.866175,20.593667],[105.862249,20.59331],[105.858303,20.596894],[105.856302,20.59641],[105.853434,20.594041],[105.851237,20.587795],[105.854729,20.58211],[105.848926,20.579813],[105.847698,20.582226],[105.846106,20.582261],[105.84445,20.579796],[105.837056,20.576296],[105.837814,20.573957],[105.842647,20.574385],[105.843236,20.573295],[105.830587,20.56151],[105.831415,20.558424],[105.828632,20.554248],[105.82965,20.551823],[105.826651,20.545697],[105.826708,20.53641],[105.825383,20.534884],[105.827159,20.526095],[105.819002,20.518043],[105.819658,20.505826],[105.8097,20.501014],[105.809454,20.499345],[105.805901,20.498653],[105.803459,20.504525],[105.803463,20.511176],[105.800963,20.513939],[105.795101,20.511699],[105.794888,20.514861],[105.79181,20.517121],[105.79281,20.518942],[105.790827,20.524475],[105.787623,20.527702],[105.788422,20.530187],[105.786584,20.534944],[105.773544,20.549657],[105.768664,20.565271],[105.777292,20.564283],[105.778753,20.565806],[105.782149,20.564734],[105.784431,20.566517],[105.794611,20.567359],[105.797085,20.571228],[105.799283,20.581445],[105.807486,20.581229],[105.818496,20.587242],[105.820413,20.595342],[105.824944,20.599562],[105.841102,20.603641],[105.846172,20.603038],[105.853957,20.607827]]]}},{"type":"Feature","properties":{"code":"14362","name":"Phường Tam Điệp","type":"Phường"},"geometry":{"type":"Polygon","coordinates":[[[105.873313,20.176282],[105.882808,20.17974],[105.88995,20.177338],[105.890817,20.174959],[105.895526,20.175101],[105.895786,20.173962],[105.898333,20.17553],[105.90309,20.172638],[105.906986,20.174167],[105.915567,20.16835],[105.929397,20.162021],[105.923938,20.160552],[105.918558,20.15565],[105.896002,20.147985],[105.872843,20.143214],[105.868895,20.144361],[105.859948,20.142478],[105.85572,20.1361],[105.854725,20.13778],[105.847141,20.139641],[105.844014,20.14199],[105.841668,20.142603],[105.83902,20.140784],[105.835487,20.142277],[105.832264,20.146512],[105.831621,20.150602],[105.827101,20.150882],[105.826454,20.152812],[105.821019,20.152441],[105.816889,20.155632],[105.808445,20.1579],[105.807776,20.16057],[105.801615,20.162533],[105.798394,20.166513],[105.795639,20.166808],[105.792824,20.170961],[105.793765,20.172397],[105.794653,20.170899],[105.796432,20.17155],[105.803234,20.168391],[105.805735,20.173728],[105.817839,20.168643],[105.820882,20.17818],[105.827491,20.180191],[105.831292,20.188099],[105.845029,20.186818],[105.85437,20.181],[105.857076,20.182765],[105.869263,20.181022],[105.872182,20.179524],[105.873313,20.176282]]]}},{"type":"Feature","properties":{"code":"13684","name":"Phường Thiên Trường","type":"Phường"},"geometry":{"type":"Polygon","coordinates":[[[106.178177,20.458388],[106.179807,20.463237],[106.174056,20.465414],[106.174109,20.467281],[106.183549,20.484823],[106.190099,20.479555],[106.207628,20.479578],[106.218633,20.475796],[106.22256,20.471991],[106.225831,20.462311],[106.223312,20.45162],[106.209868,20.429724],[106.204921,20.431339],[106.206396,20.440378],[106.203393,20.443749],[106.199581,20.443355],[106.196239,20.440924],[106.193021,20.442525],[106.189975,20.441129],[106.18777,20.445649],[106.186161,20.445091],[106.185411,20.447081],[106.181319,20.444889],[106.179678,20.441543],[106.177552,20.441286],[106.175101,20.444376],[106.177114,20.447132],[106.175369,20.448166],[106.175601,20.451938],[106.177704,20.450847],[106.178659,20.453631],[106.175968,20.45751],[106.178177,20.458388]]]}},{"type":"Feature","properties":{"code":"13699","name":"Phường Thành Nam","type":"Phường"},"geometry":{"type":"Polygon","coordinates":[[[106.142346,20.400991],[106.140247,20.393925],[106.138223,20.392504],[106.138361,20.389683],[106.136402,20.390881],[106.13419,20.387142],[106.13145,20.388817],[106.127261,20.385363],[106.116139,20.381535],[106.111456,20.385905],[106.102229,20.384655],[106.101412,20.39389],[106.093404,20.394155],[106.093431,20.396957],[106.100264,20.398881],[106.102054,20.396863],[106.118732,20.413311],[106.129035,20.41498],[106.130246,20.418926],[106.131461,20.418756],[106.131397,20.41437],[106.133999,20.411597],[106.135774,20.420806],[106.140173,20.427672],[106.148028,20.427296],[106.149451,20.429752],[106.157785,20.427779],[106.15632,20.426164],[106.159256,20.42589],[106.15873,20.42339],[106.155573,20.422827],[106.155847,20.418802],[106.159918,20.420089],[106.160684,20.417845],[106.147893,20.410574],[106.149913,20.405752],[106.142346,20.400991]]]}},{"type":"Feature","properties":{"code":"13363","name":"Phường Tiên Sơn","type":"Phường"},"geometry":{"type":"Polygon","coordinates":[[[105.963156,20.626941],[105.962546,20.623946],[105.964771,20.623484],[105.965077,20.620908],[105.963671,20.620695],[105.964383,20.612675],[105.968729,20.606631],[105.96912,20.597107],[105.98086,20.596763],[105.983726,20.585486],[105.988295,20.579187],[105.992628,20.575654],[106.002378,20.57197],[106.005994,20.564655],[106.003646,20.559577],[105.98842,20.567473],[105.987193,20.564989],[105.97223,20.558209],[105.968098,20.559636],[105.964449,20.564929],[105.961004,20.566114],[105.959756,20.568686],[105.960906,20.571348],[105.958363,20.573146],[105.958865,20.575363],[105.961058,20.57582],[105.961591,20.5794],[105.96597,20.579687],[105.965453,20.58136],[105.962839,20.58137],[105.961854,20.587352],[105.955748,20.586892],[105.95569,20.584831],[105.949884,20.587924],[105.946208,20.615886],[105.931947,20.612738],[105.931964,20.615496],[105.930643,20.615503],[105.929764,20.621941],[105.943969,20.624917],[105.941011,20.636766],[105.943927,20.637389],[105.944253,20.63982],[105.946713,20.6398],[105.947733,20.637981],[105.951806,20.638218],[105.951721,20.634126],[105.961108,20.633394],[105.96124,20.628746],[105.963156,20.626941]]]}},{"type":"Feature","properties":{"code":"14365","name":"Phường Trung Sơn","type":"Phường"},"geometry":{"type":"Polygon","coordinates":[[[105.943941,20.117998],[105.937854,20.118645],[105.929741,20.115066],[105.928451,20.113232],[105.930775,20.111832],[105.931379,20.109256],[105.928288,20.10367],[105.922726,20.101358],[105.915876,20.106184],[105.910305,20.104888],[105.894169,20.118584],[105.88704,20.120565],[105.885165,20.119549],[105.878686,20.12291],[105.873455,20.121805],[105.866116,20.127921],[105.863956,20.127825],[105.86405,20.129665],[105.860476,20.130746],[105.858844,20.134858],[105.856745,20.136067],[105.857099,20.138012],[105.859948,20.142478],[105.868895,20.144361],[105.872843,20.143214],[105.896002,20.147985],[105.918558,20.15565],[105.923938,20.160552],[105.929605,20.16206],[105.927041,20.158196],[105.941854,20.150226],[105.942123,20.146995],[105.939784,20.147486],[105.934879,20.144786],[105.943512,20.135132],[105.948942,20.136579],[105.954987,20.130218],[105.960643,20.126794],[105.965636,20.127251],[105.968534,20.122981],[105.964432,20.122313],[105.9675,20.1184],[105.966498,20.116223],[105.962369,20.118703],[105.957859,20.11381],[105.951869,20.117549],[105.949243,20.112359],[105.946416,20.111762],[105.943941,20.117998]]]}},{"type":"Feature","properties":{"code":"13777","name":"Phường Trường Thi","type":"Phường"},"geometry":{"type":"Polygon","coordinates":[[[106.163363,20.424918],[106.164377,20.408291],[106.171185,20.403606],[106.159104,20.387044],[106.154555,20.37651],[106.152865,20.367166],[106.15385,20.360507],[106.157439,20.357248],[106.163035,20.35775],[106.164959,20.364268],[106.170396,20.362002],[106.162211,20.340393],[106.154011,20.341239],[106.151106,20.346373],[106.150861,20.350676],[106.146047,20.349317],[106.141282,20.350997],[106.139515,20.346036],[106.133731,20.34783],[106.130512,20.343056],[106.125083,20.344566],[106.124776,20.347779],[106.122855,20.347911],[106.12246,20.35026],[106.11284,20.349937],[106.108619,20.353255],[106.104507,20.351277],[106.100451,20.356601],[106.101462,20.35688],[106.099126,20.360256],[106.099794,20.362378],[106.097607,20.361365],[106.096729,20.363333],[106.101564,20.363678],[106.100757,20.365025],[106.106779,20.368189],[106.105952,20.372727],[106.109199,20.373712],[106.107748,20.376748],[106.110538,20.379305],[106.127261,20.385363],[106.13145,20.388817],[106.13419,20.387142],[106.136402,20.390881],[106.138361,20.389683],[106.138223,20.392504],[106.140247,20.393925],[106.142346,20.400991],[106.149913,20.405752],[106.147893,20.410574],[106.160684,20.417845],[106.159918,20.420089],[106.155847,20.418802],[106.155629,20.419959],[106.155573,20.422827],[106.15873,20.42339],[106.159256,20.42589],[106.15632,20.426164],[106.158852,20.429795],[106.163363,20.424918]]]}},{"type":"Feature","properties":{"code":"14533","name":"Phường Tây Hoa Lư","type":"Phường"},"geometry":{"type":"Polygon","coordinates":[[[105.872621,20.202116],[105.870209,20.199933],[105.852359,20.216026],[105.845525,20.214207],[105.843788,20.217028],[105.83846,20.217194],[105.836936,20.219877],[105.842353,20.223094],[105.843609,20.222366],[105.846309,20.225441],[105.849397,20.236441],[105.851493,20.238931],[105.844135,20.248213],[105.839614,20.248396],[105.835116,20.257012],[105.827325,20.262648],[105.81688,20.261528],[105.816263,20.266332],[105.819752,20.273583],[105.823838,20.275366],[105.831492,20.272631],[105.836625,20.275401],[105.839096,20.281505],[105.837391,20.286694],[105.83792,20.290967],[105.848235,20.302747],[105.863485,20.299944],[105.866767,20.302698],[105.870686,20.302223],[105.873493,20.299725],[105.874772,20.294926],[105.880746,20.290144],[105.886546,20.28978],[105.899173,20.299948],[105.910292,20.318112],[105.936112,20.327364],[105.967125,20.312685],[105.972527,20.307169],[105.965132,20.302869],[105.954753,20.300164],[105.951675,20.30616],[105.952915,20.309535],[105.951536,20.309087],[105.950647,20.311109],[105.947397,20.309691],[105.946982,20.304855],[105.940377,20.303093],[105.940956,20.300164],[105.939163,20.299801],[105.939819,20.298109],[105.941281,20.298501],[105.942117,20.294929],[105.935923,20.293352],[105.939291,20.284315],[105.933274,20.272375],[105.937069,20.269754],[105.935009,20.268035],[105.933014,20.269032],[105.931335,20.266522],[105.927834,20.266642],[105.925761,20.262877],[105.922078,20.264229],[105.918766,20.261342],[105.915573,20.260953],[105.910625,20.255141],[105.901681,20.255403],[105.899559,20.257379],[105.896674,20.255195],[105.889831,20.255344],[105.89158,20.251973],[105.889668,20.248297],[105.897177,20.238205],[105.896061,20.236217],[105.884389,20.235187],[105.877928,20.231968],[105.881014,20.224522],[105.888,20.218809],[105.888029,20.217052],[105.885227,20.209567],[105.876192,20.202172],[105.872621,20.202116]]]}},{"type":"Feature","properties":{"code":"13972","name":"Phường Vị Khê","type":"Phường"},"geometry":{"type":"MultiPolygon","coordinates":[[[[106.186345,20.382227],[106.186434,20.379389],[106.184746,20.379366],[106.184792,20.37587],[106.183068,20.375882],[106.183188,20.374086],[106.18046,20.374632],[106.180008,20.383723],[106.187494,20.383707],[106.187961,20.382319],[106.186345,20.382227]]],[[[106.206333,20.440765],[106.20525,20.430677],[106.209868,20.429724],[106.211055,20.421681],[106.221818,20.410276],[106.233599,20.405938],[106.245914,20.405141],[106.258411,20.406367],[106.25644,20.397468],[106.248893,20.399317],[106.237408,20.391663],[106.240275,20.386403],[106.240066,20.382978],[106.238201,20.381835],[106.239764,20.379992],[106.235478,20.376975],[106.233212,20.371312],[106.229662,20.373563],[106.229249,20.372203],[106.223746,20.373777],[106.221549,20.376527],[106.221699,20.379733],[106.219348,20.381574],[106.215782,20.395984],[106.21387,20.396661],[106.212032,20.392868],[106.205235,20.393931],[106.208131,20.390288],[106.208367,20.383863],[106.205918,20.383645],[106.206751,20.381249],[106.204261,20.378741],[106.204677,20.37693],[106.200984,20.375922],[106.200542,20.378169],[106.192545,20.378905],[106.190974,20.386312],[106.192042,20.388765],[106.195458,20.389471],[106.194025,20.395918],[106.196334,20.396538],[106.192885,20.405888],[106.195503,20.407227],[106.19476,20.412501],[106.190721,20.414629],[106.186759,20.413923],[106.180122,20.420722],[106.189829,20.430834],[106.196239,20.440924],[106.202842,20.443868],[106.206333,20.440765]]]]}},{"type":"Feature","properties":{"code":"14371","name":"Phường Yên Sơn","type":"Phường"},"geometry":{"type":"Polygon","coordinates":[[[105.872621,20.202116],[105.876192,20.202172],[105.885227,20.209567],[105.888392,20.218607],[105.906816,20.198161],[105.910038,20.198306],[105.911295,20.195211],[105.92455,20.190004],[105.938547,20.180804],[105.936439,20.179272],[105.933464,20.179845],[105.932521,20.177288],[105.934448,20.175379],[105.9322,20.172105],[105.93786,20.169212],[105.93818,20.166223],[105.929397,20.162021],[105.915567,20.16835],[105.906986,20.174167],[105.90309,20.172638],[105.898333,20.17553],[105.895786,20.173962],[105.895526,20.175101],[105.890817,20.174959],[105.88995,20.177338],[105.882808,20.17974],[105.873313,20.176282],[105.872182,20.179524],[105.869263,20.181022],[105.857076,20.182765],[105.85437,20.181],[105.845029,20.186818],[105.831292,20.188099],[105.826573,20.194786],[105.822756,20.196464],[105.823546,20.199054],[105.81935,20.206399],[105.823089,20.208506],[105.824152,20.21428],[105.832133,20.212964],[105.836125,20.213788],[105.841598,20.217648],[105.845525,20.214207],[105.852359,20.216026],[105.870209,20.199933],[105.872621,20.202116]]]}},{"type":"Feature","properties":{"code":"14725","name":"Phường Yên Thắng","type":"Phường"},"geometry":{"type":"Polygon","coordinates":[[[105.984957,20.196663],[106.007957,20.193233],[106.008821,20.190681],[105.99145,20.178265],[105.990331,20.171484],[105.979508,20.169545],[105.976675,20.16472],[105.979153,20.161528],[105.976128,20.156971],[105.972548,20.15579],[105.969537,20.156917],[105.966989,20.154157],[105.968256,20.144384],[105.97728,20.14302],[105.991992,20.143499],[105.995803,20.137424],[105.990033,20.135285],[105.969435,20.135986],[105.967945,20.130711],[105.965192,20.130036],[105.965636,20.127251],[105.961906,20.126525],[105.954987,20.130218],[105.948942,20.136579],[105.943512,20.135132],[105.934879,20.144786],[105.939784,20.147486],[105.942123,20.146995],[105.941854,20.150226],[105.927041,20.158196],[105.929605,20.16206],[105.93818,20.166223],[105.93786,20.169212],[105.9322,20.172105],[105.934448,20.175379],[105.939942,20.172269],[105.942794,20.172887],[105.944663,20.178861],[105.948869,20.180271],[105.949526,20.182306],[105.947024,20.184729],[105.948361,20.187815],[105.95404,20.189957],[105.954961,20.193601],[105.959992,20.194404],[105.966348,20.192536],[105.969638,20.195191],[105.981567,20.192836],[105.981746,20.194715],[105.984957,20.196663]]]}},{"type":"Feature","properties":{"code":"13693","name":"Phường Đông A","type":"Phường"},"geometry":{"type":"Polygon","coordinates":[[[106.153592,20.464806],[106.152393,20.463809],[106.153625,20.462367],[106.152811,20.460423],[106.151248,20.459526],[106.153413,20.456667],[106.149998,20.454458],[106.14761,20.449762],[106.150646,20.450084],[106.150613,20.446366],[106.152771,20.445498],[106.151128,20.442807],[106.152439,20.44138],[106.154648,20.44223],[106.154972,20.437354],[106.163043,20.434379],[106.160347,20.428268],[106.158852,20.429795],[106.157785,20.427779],[106.149451,20.429752],[106.148028,20.427296],[106.140173,20.427672],[106.135774,20.420806],[106.133788,20.411594],[106.131118,20.414981],[106.131822,20.421657],[106.122822,20.426512],[106.117669,20.425591],[106.117941,20.429703],[106.137881,20.434249],[106.138238,20.441527],[106.142511,20.442905],[106.142323,20.446779],[106.132855,20.446625],[106.128941,20.452366],[106.117853,20.461607],[106.120032,20.463526],[106.116187,20.478422],[106.11282,20.477425],[106.102337,20.48927],[106.110435,20.490611],[106.114857,20.4966],[106.124971,20.496653],[106.129024,20.499674],[106.134836,20.495155],[106.140404,20.494632],[106.138667,20.482013],[106.140718,20.474432],[106.144801,20.469409],[106.15183,20.467868],[106.153592,20.464806]]]}},{"type":"Feature","properties":{"code":"14566","name":"Phường Đông Hoa Lư","type":"Phường"},"geometry":{"type":"Polygon","coordinates":[[[106.041271,20.255401],[106.047026,20.251966],[106.049544,20.244264],[106.045353,20.240631],[106.034655,20.241101],[106.030096,20.239263],[106.030027,20.23263],[106.037535,20.223832],[106.031356,20.217066],[106.033858,20.215942],[106.025726,20.203601],[106.02373,20.205273],[106.019821,20.197558],[106.017258,20.195586],[106.007354,20.193136],[105.997551,20.194472],[105.988027,20.197984],[105.985873,20.205084],[105.987418,20.209734],[105.985188,20.210439],[105.98865,20.211681],[105.988491,20.214351],[106.000792,20.243432],[106.004594,20.243548],[106.006124,20.248114],[106.007795,20.246816],[106.01026,20.250459],[106.027359,20.25031],[106.041271,20.255401]]]}},{"type":"Feature","properties":{"code":"13348","name":"Phường Đồng Văn","type":"Phường"},"geometry":{"type":"Polygon","coordinates":[[[105.943042,20.681944],[105.946923,20.675855],[105.946495,20.667204],[105.943343,20.662477],[105.945342,20.655156],[105.966395,20.64785],[105.976972,20.646064],[105.972626,20.641709],[105.974017,20.638744],[105.975393,20.638865],[105.974422,20.635534],[105.972177,20.635548],[105.97395,20.629862],[105.96752,20.627861],[105.965555,20.625518],[105.96124,20.628746],[105.961108,20.633394],[105.951721,20.634126],[105.951806,20.638218],[105.947733,20.637981],[105.946422,20.639917],[105.944253,20.63982],[105.943927,20.637389],[105.941011,20.636766],[105.943969,20.624917],[105.93953,20.624375],[105.93877,20.627614],[105.934076,20.626633],[105.934288,20.631282],[105.921376,20.628431],[105.917988,20.639143],[105.915131,20.640375],[105.916181,20.64321],[105.917886,20.643141],[105.917893,20.654998],[105.9331,20.65688],[105.933112,20.668266],[105.928334,20.668277],[105.928267,20.671542],[105.921135,20.670714],[105.919023,20.674471],[105.919957,20.675908],[105.933,20.680058],[105.943042,20.681944]]]}},{"type":"Feature","properties":{"code":"13540","name":"Xã Bình An","type":"Xã"},"geometry":{"type":"Polygon","coordinates":[[[106.097375,20.524439],[106.096547,20.516994],[106.083861,20.513323],[106.083096,20.514954],[106.077857,20.509688],[106.066719,20.509618],[106.066993,20.50674],[106.07345,20.506748],[106.073685,20.501667],[106.07585,20.501014],[106.077033,20.495928],[106.078329,20.495941],[106.076292,20.490708],[106.080918,20.486988],[106.086846,20.487955],[106.086427,20.480186],[106.083975,20.47963],[106.078751,20.473029],[106.074618,20.473694],[106.07493,20.468204],[106.065799,20.465073],[106.056478,20.473126],[106.045455,20.471553],[106.043376,20.469394],[106.041505,20.458051],[106.04249,20.450233],[106.037803,20.446476],[106.029837,20.446378],[106.033269,20.472097],[106.031193,20.479291],[106.033339,20.482586],[106.030485,20.488349],[106.034419,20.499571],[106.037284,20.501398],[106.037134,20.503289],[106.03382,20.503385],[106.03473,20.528946],[106.042448,20.531382],[106.042274,20.532554],[106.047738,20.532907],[106.058924,20.530028],[106.071219,20.524488],[106.087777,20.534353],[106.095882,20.530731],[106.097375,20.524439]]]}},{"type":"Feature","properties":{"code":"13531","name":"Xã Bình Giang","type":"Xã"},"geometry":{"type":"Polygon","coordinates":[[[106.14181,20.510391],[106.140404,20.494632],[106.134836,20.495155],[106.129024,20.499674],[106.124971,20.496653],[106.114857,20.4966],[106.110435,20.490611],[106.100802,20.488519],[106.099717,20.486346],[106.102689,20.481818],[106.098128,20.478601],[106.103951,20.471463],[106.105404,20.46633],[106.100417,20.455088],[106.091227,20.456905],[106.084838,20.465632],[106.08066,20.461392],[106.077013,20.462932],[106.074618,20.473694],[106.078751,20.473029],[106.083975,20.47963],[106.086427,20.480186],[106.086846,20.487955],[106.080918,20.486988],[106.076292,20.490708],[106.078329,20.495941],[106.077033,20.495928],[106.07585,20.501014],[106.073685,20.501667],[106.07345,20.506748],[106.066993,20.50674],[106.066719,20.509618],[106.077857,20.509688],[106.083096,20.514954],[106.083861,20.513323],[106.096547,20.516994],[106.097231,20.5119],[106.099633,20.509992],[106.11464,20.508838],[106.135772,20.523504],[106.140046,20.52083],[106.14181,20.510391]]]}},{"type":"Feature","properties":{"code":"13504","name":"Xã Bình Lục","type":"Xã"},"geometry":{"type":"Polygon","coordinates":[[[105.982501,20.550451],[105.983183,20.551955],[105.991239,20.554991],[105.993702,20.554274],[105.995053,20.563849],[106.000205,20.562192],[106.002586,20.559404],[106.004105,20.559997],[106.005994,20.564655],[106.002378,20.57197],[106.004487,20.582052],[106.016204,20.582234],[106.027674,20.577899],[106.029135,20.574317],[106.027094,20.550549],[106.029839,20.53858],[106.035103,20.531706],[106.033907,20.512824],[106.024375,20.51219],[106.022731,20.515452],[106.019554,20.51473],[106.013948,20.523787],[105.999317,20.52257],[105.998915,20.530968],[105.99722,20.530531],[105.997082,20.531811],[105.997423,20.535623],[105.999331,20.535693],[105.999099,20.539023],[105.994991,20.538064],[105.989814,20.539773],[105.987946,20.54165],[105.988882,20.543541],[105.982501,20.550451]]]}},{"type":"Feature","properties":{"code":"14623","name":"Xã Bình Minh","type":"Xã"},"geometry":{"type":"Polygon","coordinates":[[[106.083843,20.024322],[106.086712,20.000022],[106.098089,20.001987],[106.105004,19.999863],[106.096915,19.978568],[106.09476,19.963871],[106.090654,19.964803],[106.091359,19.967262],[106.088567,19.975446],[106.077934,19.966148],[106.073212,19.964101],[106.069232,19.964571],[106.057649,19.97927],[106.051306,19.984572],[106.038161,19.966353],[106.031179,19.960124],[106.029384,19.962274],[106.025378,19.959655],[106.024015,19.98262],[106.025893,19.990367],[106.030824,19.997779],[106.036075,20.000725],[106.046233,20.001022],[106.051375,20.003433],[106.061169,20.017902],[106.063467,20.017432],[106.083843,20.024322]]]}},{"type":"Feature","properties":{"code":"13501","name":"Xã Bình Mỹ","type":"Xã"},"geometry":{"type":"Polygon","coordinates":[[[106.013948,20.523787],[106.019554,20.51473],[106.022731,20.515452],[106.024375,20.51219],[106.033907,20.512824],[106.03382,20.503385],[106.037134,20.503289],[106.037284,20.501398],[106.034419,20.499571],[106.030485,20.488349],[106.033264,20.48204],[106.029804,20.479993],[106.029257,20.482975],[106.021411,20.485746],[106.018685,20.482325],[106.01312,20.481989],[106.013181,20.47935],[106.011548,20.479543],[106.009082,20.473289],[106.009749,20.466159],[106.013117,20.466021],[106.01729,20.453294],[106.012872,20.451095],[106.010941,20.447152],[106.008519,20.448434],[106.009019,20.450636],[105.994845,20.448096],[105.994884,20.450267],[105.991019,20.449924],[105.991163,20.451762],[105.986032,20.454556],[105.983934,20.459143],[105.985694,20.468682],[105.983832,20.469625],[105.984415,20.473432],[105.988473,20.473424],[105.986244,20.47945],[105.98441,20.480596],[105.984335,20.483656],[105.98086,20.484017],[105.980796,20.491728],[105.982961,20.490639],[105.985753,20.49599],[105.984353,20.497049],[105.989342,20.518015],[105.990165,20.517021],[105.995002,20.518066],[105.997769,20.519532],[105.998116,20.52254],[106.013948,20.523787]]]}},{"type":"Feature","properties":{"code":"13558","name":"Xã Bình Sơn","type":"Xã"},"geometry":{"type":"Polygon","coordinates":[[[106.021411,20.485746],[106.030191,20.482286],[106.029804,20.479993],[106.03157,20.480141],[106.033269,20.472097],[106.02883,20.445009],[106.030365,20.440948],[106.025085,20.433042],[106.023964,20.423778],[106.019951,20.414865],[106.020812,20.411606],[106.024231,20.409928],[106.024652,20.405467],[106.028335,20.401886],[106.021067,20.402653],[106.013738,20.399465],[106.004678,20.40245],[106.00047,20.399798],[106.00183,20.396338],[105.995593,20.395406],[105.99691,20.397917],[105.99544,20.40065],[105.992736,20.400342],[105.991201,20.403726],[105.989301,20.403985],[105.989478,20.410564],[105.991092,20.410734],[105.990025,20.417144],[105.99474,20.428244],[105.994072,20.429423],[105.986334,20.429469],[105.986234,20.431769],[105.982188,20.431304],[105.981755,20.441086],[105.982948,20.440763],[105.983714,20.444176],[105.988354,20.445579],[105.988262,20.447513],[105.991019,20.449924],[105.994884,20.450267],[105.994845,20.448096],[105.997024,20.447973],[105.997049,20.449193],[106.004199,20.448957],[106.005072,20.45075],[106.00907,20.450632],[106.008519,20.448434],[106.010941,20.447152],[106.012858,20.451081],[106.017419,20.453821],[106.013117,20.466021],[106.009749,20.466159],[106.01016,20.477167],[106.011548,20.479543],[106.013181,20.47935],[106.01312,20.481989],[106.018685,20.482325],[106.021411,20.485746]]]}},{"type":"Feature","properties":{"code":"13579","name":"Xã Bắc Lý","type":"Xã"},"geometry":{"type":"Polygon","coordinates":[[[106.110814,20.616248],[106.119494,20.613429],[106.1263,20.602423],[106.129777,20.594929],[106.129734,20.584796],[106.121256,20.584252],[106.117491,20.580139],[106.110456,20.584321],[106.107285,20.583847],[106.106913,20.586056],[106.101174,20.58583],[106.101206,20.581362],[106.099632,20.581286],[106.098828,20.575529],[106.099331,20.570901],[106.102839,20.570967],[106.103112,20.567909],[106.096311,20.567156],[106.096308,20.565954],[106.089665,20.566097],[106.088817,20.557537],[106.090168,20.556354],[106.086726,20.555376],[106.084256,20.55061],[106.079947,20.551918],[106.079243,20.550312],[106.075143,20.553754],[106.074263,20.550805],[106.071026,20.552026],[106.070021,20.566973],[106.071417,20.567286],[106.071049,20.569148],[106.076242,20.570932],[106.060671,20.590795],[106.060224,20.596401],[106.057751,20.596286],[106.057251,20.599672],[106.060679,20.601092],[106.06163,20.606314],[106.068275,20.603863],[106.076876,20.603126],[106.081483,20.604737],[106.096293,20.615627],[106.101128,20.617068],[106.110814,20.616248]]]}},{"type":"Feature","properties":{"code":"14653","name":"Xã Chất Bình","type":"Xã"},"geometry":{"type":"Polygon","coordinates":[[[106.140516,20.156488],[106.163113,20.124069],[106.157077,20.118195],[106.148371,20.101161],[106.144893,20.087011],[106.142492,20.087028],[106.108355,20.14917],[106.115321,20.152228],[106.123058,20.13839],[106.13031,20.143594],[106.127644,20.147474],[106.140516,20.156488]]]}},{"type":"Feature","properties":{"code":"14056","name":"Xã Cát Thành","type":"Xã"},"geometry":{"type":"Polygon","coordinates":[[[106.314699,20.282925],[106.325132,20.279235],[106.31856,20.263666],[106.302292,20.249789],[106.283732,20.237682],[106.276326,20.237913],[106.262867,20.250232],[106.257676,20.250937],[106.253482,20.249079],[106.243325,20.254329],[106.243703,20.261363],[106.241891,20.268581],[106.245273,20.270251],[106.244556,20.272063],[106.24662,20.273189],[106.247065,20.275546],[106.24956,20.275271],[106.248867,20.280081],[106.254127,20.280416],[106.257793,20.28276],[106.259171,20.27878],[106.264845,20.278993],[106.267508,20.265818],[106.270957,20.266632],[106.272099,20.269089],[106.274608,20.267966],[106.276564,20.264443],[106.280383,20.264284],[106.284295,20.269244],[106.287125,20.266703],[106.291459,20.267397],[106.292224,20.271788],[106.300785,20.272951],[106.302997,20.276585],[106.307772,20.277448],[106.314699,20.282925]]]}},{"type":"Feature","properties":{"code":"14404","name":"Xã Cúc Phương","type":"Xã"},"geometry":{"type":"Polygon","coordinates":[[[105.581165,20.369708],[105.600758,20.362776],[105.603483,20.358967],[105.609806,20.356238],[105.621699,20.345018],[105.624439,20.345012],[105.625528,20.349041],[105.627245,20.3466],[105.62908,20.347052],[105.634695,20.343988],[105.639612,20.338865],[105.642545,20.338834],[105.644792,20.335427],[105.643921,20.333892],[105.647259,20.332038],[105.64918,20.328034],[105.664107,20.31755],[105.666185,20.313072],[105.670624,20.309033],[105.673483,20.30925],[105.675814,20.305579],[105.687158,20.305424],[105.692492,20.310576],[105.692397,20.309059],[105.695036,20.308399],[105.695507,20.306118],[105.701574,20.301397],[105.700366,20.298916],[105.705597,20.297581],[105.705548,20.29411],[105.708338,20.295365],[105.709069,20.292854],[105.715424,20.29092],[105.714118,20.286662],[105.720119,20.280424],[105.722652,20.281009],[105.723757,20.279676],[105.722833,20.282695],[105.725152,20.284575],[105.727361,20.283056],[105.734592,20.292425],[105.737431,20.292743],[105.739216,20.290049],[105.736926,20.288592],[105.746171,20.283684],[105.74437,20.285492],[105.746095,20.285838],[105.746632,20.290512],[105.748633,20.289877],[105.749993,20.291466],[105.755822,20.290137],[105.760707,20.293465],[105.766666,20.290035],[105.766088,20.286517],[105.768287,20.284248],[105.758697,20.278679],[105.753309,20.271139],[105.752529,20.26977],[105.756039,20.266348],[105.752174,20.26332],[105.753421,20.261999],[105.749834,20.257178],[105.743351,20.255945],[105.740779,20.253455],[105.734837,20.254075],[105.736602,20.247915],[105.73569,20.243646],[105.738814,20.239657],[105.738944,20.23422],[105.729578,20.235427],[105.726644,20.234544],[105.721727,20.229481],[105.714062,20.23327],[105.712516,20.229714],[105.702304,20.230251],[105.694688,20.232552],[105.692495,20.230812],[105.685094,20.233423],[105.682002,20.235358],[105.681515,20.238162],[105.678028,20.241756],[105.677511,20.247625],[105.669872,20.248388],[105.669029,20.251398],[105.670784,20.253123],[105.66857,20.256388],[105.650706,20.271598],[105.650746,20.27343],[105.640587,20.277924],[105.635125,20.277332],[105.620195,20.281997],[105.609859,20.292801],[105.611188,20.296816],[105.599639,20.3118],[105.593502,20.313928],[105.586027,20.311517],[105.578524,20.311757],[105.570645,20.318502],[105.565402,20.315464],[105.563337,20.316488],[105.562863,20.319642],[105.564925,20.324131],[105.563168,20.326821],[105.556904,20.329416],[105.554417,20.327574],[105.551499,20.329104],[105.547622,20.334861],[105.550541,20.346768],[105.544675,20.351972],[105.542773,20.361488],[105.545868,20.360911],[105.547142,20.362218],[105.556059,20.358414],[105.563375,20.357705],[105.570986,20.359529],[105.581165,20.369708]]]}},{"type":"Feature","properties":{"code":"14026","name":"Xã Cổ Lễ","type":"Xã"},"geometry":{"type":"Polygon","coordinates":[[[106.278397,20.329733],[106.282513,20.32539],[106.28036,20.323367],[106.285265,20.318263],[106.284706,20.316119],[106.291192,20.308236],[106.285492,20.305648],[106.28049,20.300073],[106.284099,20.29754],[106.285384,20.290643],[106.292747,20.276543],[106.291459,20.267397],[106.287125,20.266703],[106.284295,20.269244],[106.280436,20.2643],[106.276564,20.264443],[106.274608,20.267966],[106.272099,20.269089],[106.270957,20.266632],[106.267508,20.265818],[106.264845,20.278993],[106.259171,20.27878],[106.257785,20.282763],[106.26231,20.285367],[106.261923,20.289005],[106.268211,20.292201],[106.264047,20.297988],[106.252529,20.307227],[106.250817,20.311673],[106.256738,20.31545],[106.264982,20.326659],[106.270538,20.326678],[106.278397,20.329733]]]}},{"type":"Feature","properties":{"code":"14482","name":"Xã Gia Hưng","type":"Xã"},"geometry":{"type":"Polygon","coordinates":[[[105.823274,20.418137],[105.836017,20.415919],[105.837795,20.40946],[105.841929,20.406437],[105.838869,20.404877],[105.839416,20.400832],[105.840598,20.400619],[105.839442,20.398366],[105.835984,20.397648],[105.83905,20.393215],[105.837205,20.386074],[105.840781,20.38561],[105.837951,20.373529],[105.841579,20.372088],[105.842751,20.36995],[105.843402,20.370982],[105.845322,20.367938],[105.843885,20.365335],[105.841258,20.36653],[105.837759,20.364162],[105.838827,20.363339],[105.83592,20.350657],[105.831595,20.351125],[105.831363,20.349435],[105.825082,20.351422],[105.82468,20.349167],[105.821932,20.349388],[105.822063,20.347244],[105.820435,20.347618],[105.820173,20.345904],[105.816772,20.344421],[105.817812,20.337875],[105.816348,20.336284],[105.817611,20.335692],[105.81566,20.332811],[105.810206,20.336812],[105.808255,20.347088],[105.800263,20.350494],[105.798814,20.353164],[105.807503,20.364438],[105.814278,20.369805],[105.814256,20.37719],[105.812503,20.380111],[105.803815,20.384122],[105.80332,20.386627],[105.80643,20.392123],[105.806387,20.395636],[105.798363,20.400514],[105.794466,20.405772],[105.802492,20.406616],[105.801011,20.410209],[105.805699,20.410137],[105.804195,20.41554],[105.807959,20.415496],[105.81,20.418891],[105.81757,20.416314],[105.820871,20.420492],[105.823274,20.418137]]]}},{"type":"Feature","properties":{"code":"14389","name":"Xã Gia Lâm","type":"Xã"},"geometry":{"type":"Polygon","coordinates":[[[105.807818,20.429015],[105.820218,20.422877],[105.820871,20.420492],[105.818726,20.416993],[105.81,20.418891],[105.807959,20.415496],[105.804195,20.41554],[105.805699,20.410137],[105.801011,20.410209],[105.802492,20.406616],[105.794466,20.405772],[105.798363,20.400514],[105.806387,20.395636],[105.80643,20.392123],[105.803326,20.386652],[105.795174,20.385816],[105.789874,20.389179],[105.787727,20.386891],[105.782565,20.386779],[105.777448,20.382631],[105.781051,20.377878],[105.782131,20.379619],[105.785765,20.377487],[105.786627,20.378869],[105.79032,20.375303],[105.790542,20.37031],[105.794118,20.365822],[105.791413,20.367133],[105.786959,20.363627],[105.782273,20.36436],[105.781285,20.367376],[105.783904,20.369696],[105.783728,20.372675],[105.771988,20.370295],[105.765543,20.371107],[105.765,20.372539],[105.76721,20.372802],[105.766511,20.377261],[105.759418,20.379842],[105.75461,20.388067],[105.755503,20.391163],[105.754244,20.391915],[105.755008,20.394785],[105.75339,20.39885],[105.755975,20.399039],[105.752138,20.406503],[105.753542,20.409747],[105.752526,20.412742],[105.759335,20.415499],[105.756761,20.417869],[105.754011,20.42595],[105.751868,20.439004],[105.758396,20.441749],[105.761736,20.441051],[105.761831,20.439833],[105.77383,20.440536],[105.774777,20.43476],[105.781199,20.435997],[105.788677,20.447678],[105.787329,20.452961],[105.792486,20.454296],[105.794022,20.446513],[105.798592,20.439299],[105.807818,20.429015]]]}},{"type":"Feature","properties":{"code":"14524","name":"Xã Gia Phong","type":"Xã"},"geometry":{"type":"Polygon","coordinates":[[[105.83598,20.320364],[105.847863,20.30759],[105.848653,20.30324],[105.83792,20.290967],[105.837391,20.286694],[105.839096,20.281505],[105.836713,20.27552],[105.830652,20.272608],[105.824746,20.275222],[105.821087,20.275006],[105.815395,20.283777],[105.815254,20.286726],[105.810862,20.286639],[105.808581,20.288381],[105.810483,20.290432],[105.810836,20.294112],[105.809552,20.297619],[105.805525,20.299629],[105.806935,20.302169],[105.804864,20.303932],[105.80442,20.307996],[105.801984,20.308055],[105.800061,20.316866],[105.807485,20.322366],[105.812011,20.321611],[105.815409,20.324813],[105.818787,20.320929],[105.821799,20.32065],[105.824842,20.326732],[105.828292,20.328177],[105.835356,20.323114],[105.83598,20.320364]]]}},{"type":"Feature","properties":{"code":"14494","name":"Xã Gia Trấn","type":"Xã"},"geometry":{"type":"Polygon","coordinates":[[[105.889178,20.388343],[105.892212,20.38794],[105.892886,20.382106],[105.896243,20.380686],[105.899066,20.374319],[105.903041,20.371943],[105.904517,20.373441],[105.909398,20.372658],[105.909118,20.375357],[105.911672,20.376017],[105.916765,20.372748],[105.91991,20.364447],[105.922878,20.362806],[105.934888,20.367985],[105.93688,20.36535],[105.937658,20.356304],[105.953903,20.354234],[105.952624,20.346624],[105.946699,20.336247],[105.937174,20.330352],[105.936112,20.327364],[105.927203,20.324274],[105.925189,20.329219],[105.927836,20.330737],[105.928224,20.334291],[105.930867,20.334344],[105.927055,20.34267],[105.923213,20.341312],[105.919772,20.342062],[105.918669,20.344191],[105.912778,20.344653],[105.911172,20.346235],[105.911199,20.351133],[105.907823,20.35342],[105.905842,20.352689],[105.903598,20.356549],[105.900128,20.358709],[105.90021,20.360559],[105.897783,20.360964],[105.894268,20.36883],[105.888359,20.369529],[105.890276,20.37234],[105.889731,20.374009],[105.884262,20.379182],[105.889936,20.383536],[105.888354,20.386227],[105.889178,20.388343]]]}},{"type":"Feature","properties":{"code":"14401","name":"Xã Gia Tường","type":"Xã"},"geometry":{"type":"Polygon","coordinates":[[[105.789874,20.389179],[105.798305,20.385587],[105.803326,20.386652],[105.804352,20.383579],[105.812503,20.380111],[105.814217,20.377322],[105.814278,20.369805],[105.807503,20.364438],[105.798823,20.353338],[105.800263,20.350494],[105.808631,20.346564],[105.811688,20.331071],[105.808583,20.329446],[105.80844,20.32379],[105.806462,20.321021],[105.800827,20.317905],[105.792908,20.317073],[105.787043,20.313565],[105.784665,20.316222],[105.78422,20.321633],[105.78096,20.323672],[105.780238,20.328473],[105.782369,20.33024],[105.783312,20.336631],[105.778547,20.344473],[105.779641,20.345864],[105.775653,20.349155],[105.77165,20.347248],[105.765331,20.350799],[105.761425,20.346356],[105.758192,20.346351],[105.757582,20.349942],[105.759422,20.350791],[105.755663,20.360868],[105.757364,20.36272],[105.756014,20.371517],[105.758621,20.373547],[105.759418,20.379842],[105.762058,20.37976],[105.763307,20.377554],[105.766511,20.377261],[105.76721,20.372802],[105.764972,20.372507],[105.765745,20.370972],[105.772118,20.370307],[105.783728,20.372675],[105.783904,20.369696],[105.781285,20.367376],[105.782273,20.36436],[105.786959,20.363627],[105.791413,20.367133],[105.794118,20.365822],[105.790542,20.37031],[105.79032,20.375303],[105.786627,20.378869],[105.785765,20.377487],[105.782131,20.379619],[105.781051,20.377878],[105.777447,20.382481],[105.782565,20.386779],[105.787727,20.386891],[105.789874,20.389179]]]}},{"type":"Feature","properties":{"code":"14464","name":"Xã Gia Viễn","type":"Xã"},"geometry":{"type":"Polygon","coordinates":[[[105.861808,20.420239],[105.865246,20.417504],[105.868751,20.409512],[105.874719,20.407017],[105.879523,20.398086],[105.88682,20.391322],[105.889936,20.383536],[105.884262,20.379182],[105.877315,20.377308],[105.872665,20.377391],[105.871733,20.381242],[105.867027,20.380644],[105.866168,20.375193],[105.867485,20.364513],[105.870814,20.36096],[105.86728,20.353169],[105.860822,20.355465],[105.857665,20.350116],[105.854895,20.350588],[105.85296,20.346395],[105.856778,20.346144],[105.852406,20.338529],[105.84705,20.333454],[105.848675,20.333412],[105.848837,20.330836],[105.844083,20.329729],[105.83549,20.322887],[105.828449,20.328186],[105.824842,20.326732],[105.823577,20.322302],[105.820743,20.320339],[105.815409,20.324813],[105.812011,20.321611],[105.807485,20.322366],[105.808583,20.329446],[105.811688,20.331071],[105.810896,20.335017],[105.81566,20.332811],[105.817611,20.335692],[105.816348,20.336284],[105.817812,20.337875],[105.816772,20.344421],[105.820173,20.345904],[105.820435,20.347618],[105.822063,20.347244],[105.821932,20.349388],[105.82468,20.349167],[105.825082,20.351422],[105.831363,20.349435],[105.831595,20.351125],[105.83592,20.350657],[105.838827,20.363339],[105.837759,20.364162],[105.841258,20.36653],[105.843885,20.365335],[105.844977,20.366526],[105.843402,20.370982],[105.842751,20.36995],[105.841579,20.372088],[105.837951,20.373529],[105.840781,20.38561],[105.837205,20.386074],[105.83905,20.393215],[105.835984,20.397648],[105.839442,20.398366],[105.840598,20.400619],[105.839416,20.400832],[105.838869,20.404877],[105.841929,20.406437],[105.837403,20.410156],[105.83672,20.419825],[105.848715,20.422045],[105.85363,20.418066],[105.857928,20.417451],[105.861808,20.420239]]]}},{"type":"Feature","properties":{"code":"14488","name":"Xã Gia Vân","type":"Xã"},"geometry":{"type":"Polygon","coordinates":[[[105.873304,20.377056],[105.884262,20.379182],[105.889731,20.374009],[105.890276,20.37234],[105.888359,20.369529],[105.894268,20.36883],[105.897783,20.360964],[105.90021,20.360559],[105.900128,20.358709],[105.903598,20.356549],[105.905842,20.352689],[105.907823,20.35342],[105.911199,20.351133],[105.911172,20.346235],[105.912778,20.344653],[105.918669,20.344191],[105.919772,20.342062],[105.923213,20.341312],[105.927055,20.34267],[105.930867,20.334344],[105.928224,20.334291],[105.927836,20.330737],[105.925189,20.329219],[105.927203,20.324274],[105.910292,20.318112],[105.901902,20.305162],[105.897289,20.308437],[105.898742,20.310209],[105.894806,20.315384],[105.896389,20.319757],[105.891831,20.324685],[105.889855,20.323563],[105.887855,20.324667],[105.886748,20.326374],[105.887626,20.329414],[105.884808,20.327728],[105.881885,20.33023],[105.880493,20.328845],[105.874293,20.336211],[105.861411,20.344243],[105.862071,20.345477],[105.858831,20.345699],[105.857665,20.350116],[105.860822,20.355465],[105.86728,20.353169],[105.870814,20.36096],[105.867485,20.364513],[105.866856,20.380373],[105.871733,20.381242],[105.873304,20.377056]]]}},{"type":"Feature","properties":{"code":"14194","name":"Xã Giao Bình","type":"Xã"},"geometry":{"type":"Polygon","coordinates":[[[106.392026,20.264599],[106.397256,20.263884],[106.399921,20.261773],[106.403953,20.249878],[106.405998,20.251947],[106.4128,20.245169],[106.415571,20.247159],[106.419881,20.235561],[106.43687,20.213903],[106.437414,20.212287],[106.435752,20.210759],[106.42679,20.207222],[106.40973,20.206708],[106.404829,20.205055],[106.404079,20.208558],[106.393624,20.220836],[106.395972,20.223234],[106.388908,20.22717],[106.385815,20.23073],[106.385438,20.232317],[106.387548,20.234083],[106.386149,20.239839],[106.389092,20.246399],[106.36777,20.245376],[106.370744,20.260677],[106.375034,20.258726],[106.385384,20.258677],[106.386411,20.261315],[106.389366,20.260271],[106.392026,20.264599]]]}},{"type":"Feature","properties":{"code":"14182","name":"Xã Giao Hòa","type":"Xã"},"geometry":{"type":"Polygon","coordinates":[[[106.503837,20.29969],[106.503837,20.28248],[106.498429,20.282394],[106.495195,20.272077],[106.491519,20.268554],[106.500031,20.259175],[106.503028,20.260244],[106.521531,20.277555],[106.545121,20.254965],[106.547946,20.246535],[106.544345,20.231684],[106.539998,20.224561],[106.530917,20.221605],[106.526895,20.215062],[106.508706,20.208966],[106.507358,20.20892],[106.507938,20.210239],[106.512886,20.214184],[106.511885,20.218723],[106.508541,20.219869],[106.504918,20.226094],[106.478309,20.254413],[106.481484,20.257086],[106.451763,20.286726],[106.454518,20.289903],[106.468346,20.28925],[106.481537,20.293269],[106.487966,20.297938],[106.495531,20.306937],[106.500518,20.309008],[106.503837,20.29969]]]}},{"type":"Feature","properties":{"code":"14179","name":"Xã Giao Hưng","type":"Xã"},"geometry":{"type":"Polygon","coordinates":[[[106.429902,20.279054],[106.45342,20.246209],[106.447876,20.242534],[106.445961,20.245038],[106.4408,20.244228],[106.450251,20.233369],[106.452187,20.23427],[106.457706,20.22671],[106.454351,20.224752],[106.463002,20.212549],[106.455038,20.210495],[106.450399,20.202793],[106.440446,20.201984],[106.437838,20.212888],[106.419881,20.235561],[106.415571,20.247159],[106.4128,20.245169],[106.405998,20.251947],[106.403953,20.249878],[106.399705,20.260789],[106.400133,20.263133],[106.404916,20.264784],[106.404362,20.266343],[106.412477,20.2679],[106.416334,20.266709],[106.416788,20.26966],[106.420277,20.272347],[106.425301,20.270166],[106.426784,20.273891],[106.429213,20.274382],[106.429902,20.279054]]]}},{"type":"Feature","properties":{"code":"14161","name":"Xã Giao Minh","type":"Xã"},"geometry":{"type":"MultiPolygon","coordinates":[[[[106.544424,20.197155],[106.55081,20.194302],[106.557946,20.19332],[106.549312,20.192316],[106.539387,20.194723],[106.540628,20.195033],[106.536032,20.197022],[106.543051,20.195971],[106.544424,20.197155]]],[[[106.561056,20.193498],[106.561494,20.195118],[106.582743,20.20644],[106.582468,20.204475],[106.56465,20.194283],[106.561056,20.193498]]],[[[106.598074,20.231746],[106.598025,20.223935],[106.592173,20.213232],[106.584743,20.208294],[106.593209,20.217157],[106.595534,20.222633],[106.596029,20.227041],[106.594298,20.231608],[106.590113,20.234471],[106.591204,20.236617],[106.59572,20.235247],[106.598074,20.231746]]],[[[106.576464,20.26851],[106.573979,20.266286],[106.583007,20.253645],[106.578885,20.251675],[106.585939,20.231941],[106.584039,20.218372],[106.581321,20.214008],[106.572778,20.210537],[106.562017,20.202879],[106.538921,20.201063],[106.538676,20.204119],[106.536499,20.205254],[106.54716,20.240477],[106.547794,20.247569],[106.545121,20.254965],[106.52161,20.277532],[106.500857,20.258623],[106.491519,20.268554],[106.495195,20.272077],[106.498429,20.282394],[106.503837,20.28248],[106.503855,20.299583],[106.500518,20.309008],[106.512393,20.308991],[106.527666,20.31624],[106.531302,20.313897],[106.536805,20.305907],[106.564222,20.278435],[106.576464,20.26851]]]]}},{"type":"Feature","properties":{"code":"14212","name":"Xã Giao Ninh","type":"Xã"},"geometry":{"type":"Polygon","coordinates":[[[106.388206,20.246421],[106.389156,20.244994],[106.386149,20.239839],[106.387548,20.234083],[106.385438,20.232317],[106.385815,20.23073],[106.388908,20.22717],[106.395972,20.223234],[106.393624,20.220836],[106.404079,20.208558],[106.404758,20.202339],[106.389462,20.199119],[106.385509,20.195696],[106.386587,20.193943],[106.384762,20.192131],[106.359775,20.177494],[106.35367,20.176525],[106.35168,20.183962],[106.356662,20.189396],[106.356937,20.192169],[106.356393,20.197216],[106.350877,20.205362],[106.351934,20.218978],[106.362123,20.232513],[106.36777,20.245376],[106.388206,20.246421]]]}},{"type":"Feature","properties":{"code":"14203","name":"Xã Giao Phúc","type":"Xã"},"geometry":{"type":"MultiPolygon","coordinates":[[[[106.471171,20.205136],[106.47396,20.201954],[106.484246,20.196832],[106.486784,20.200358],[106.491695,20.199219],[106.49752,20.200183],[106.504657,20.198095],[106.50944,20.202277],[106.521134,20.199473],[106.535625,20.203533],[106.534389,20.200084],[106.524325,20.195685],[106.482431,20.194144],[106.468056,20.198949],[106.460271,20.203414],[106.459221,20.209374],[106.461195,20.210034],[106.465088,20.205271],[106.471171,20.205136]]],[[[106.478309,20.254413],[106.504918,20.226094],[106.508541,20.219869],[106.511885,20.218723],[106.512886,20.214184],[106.507358,20.20892],[106.463002,20.212549],[106.454351,20.224752],[106.457706,20.22671],[106.452187,20.23427],[106.450251,20.233369],[106.4408,20.244228],[106.445961,20.245038],[106.447876,20.242534],[106.45342,20.246209],[106.434473,20.272375],[106.438079,20.273239],[106.444534,20.279478],[106.46844,20.249777],[106.465516,20.248296],[106.469832,20.24412],[106.478309,20.254413]]]]}},{"type":"Feature","properties":{"code":"14167","name":"Xã Giao Thủy","type":"Xã"},"geometry":{"type":"Polygon","coordinates":[[[106.451763,20.286726],[106.481484,20.257086],[106.470949,20.244446],[106.465516,20.248296],[106.46844,20.249777],[106.444534,20.279478],[106.438079,20.273239],[106.434473,20.272375],[106.429902,20.279054],[106.429213,20.274382],[106.426784,20.273891],[106.425301,20.270166],[106.420277,20.272347],[106.416788,20.26966],[106.416334,20.266709],[106.412477,20.2679],[106.404362,20.266343],[106.404916,20.264784],[106.400133,20.263133],[106.400227,20.261584],[106.393122,20.264827],[106.389366,20.260271],[106.386411,20.261315],[106.385384,20.258677],[106.375034,20.258726],[106.370744,20.260677],[106.3736,20.274659],[106.378571,20.280298],[106.411131,20.284996],[106.426084,20.29279],[106.432695,20.299315],[106.442162,20.293789],[106.454518,20.289903],[106.451763,20.286726]]]}},{"type":"Feature","properties":{"code":"13753","name":"Xã Hiển Khánh","type":"Xã"},"geometry":{"type":"Polygon","coordinates":[[[106.079649,20.450338],[106.084783,20.447757],[106.08157,20.446979],[106.082966,20.44426],[106.079941,20.439482],[106.07872,20.428835],[106.080617,20.429263],[106.081343,20.427224],[106.084252,20.428902],[106.087615,20.428168],[106.092004,20.421147],[106.099547,20.415982],[106.100635,20.410635],[106.11465,20.412853],[106.116135,20.416997],[106.11887,20.41519],[106.117615,20.411896],[106.102054,20.396863],[106.100264,20.398881],[106.093431,20.396957],[106.093404,20.394155],[106.101412,20.39389],[106.102229,20.384655],[106.111456,20.385905],[106.115717,20.381629],[106.107748,20.376748],[106.109199,20.373712],[106.105952,20.372727],[106.106779,20.368189],[106.100757,20.365025],[106.101564,20.363678],[106.096729,20.363333],[106.094335,20.367894],[106.088886,20.368443],[106.087912,20.371024],[106.083951,20.372877],[106.084115,20.375523],[106.0803,20.375329],[106.080538,20.379202],[106.082797,20.38239],[106.07778,20.385391],[106.077319,20.388903],[106.078582,20.389532],[106.073589,20.396711],[106.079325,20.398876],[106.079148,20.40128],[106.081383,20.401461],[106.081162,20.403888],[106.072409,20.403648],[106.072239,20.404997],[106.067462,20.405157],[106.066983,20.401464],[106.06383,20.401357],[106.061188,20.403508],[106.058003,20.404036],[106.057162,20.402489],[106.054525,20.404919],[106.054686,20.406769],[106.050748,20.407639],[106.050994,20.40878],[106.048672,20.408007],[106.049738,20.411613],[106.048109,20.416204],[106.050002,20.417],[106.050624,20.420556],[106.052466,20.419759],[106.055196,20.423237],[106.054338,20.430318],[106.05262,20.42977],[106.053251,20.43286],[106.056934,20.433079],[106.056977,20.447958],[106.058419,20.44822],[106.058436,20.446211],[106.064852,20.447954],[106.065602,20.446139],[106.071334,20.447843],[106.0757,20.446378],[106.079649,20.450338]]]}},{"type":"Feature","properties":{"code":"14281","name":"Xã Hải An","type":"Xã"},"geometry":{"type":"Polygon","coordinates":[[[106.225051,20.16108],[106.224398,20.15916],[106.240575,20.159091],[106.234499,20.138562],[106.23184,20.123276],[106.22909,20.121371],[106.222153,20.124309],[106.220713,20.117405],[106.2175,20.117739],[106.217025,20.114484],[106.198414,20.112332],[106.18312,20.129559],[106.17877,20.139772],[106.178232,20.142628],[106.180808,20.142505],[106.186718,20.158876],[106.19723,20.158473],[106.225051,20.16108]]]}},{"type":"Feature","properties":{"code":"14236","name":"Xã Hải Anh","type":"Xã"},"geometry":{"type":"Polygon","coordinates":[[[106.279537,20.229362],[106.282266,20.22825],[106.280536,20.225799],[106.279746,20.215654],[106.278062,20.211696],[106.27073,20.213665],[106.263273,20.19103],[106.249914,20.135931],[106.234776,20.139183],[106.24263,20.166042],[106.254358,20.21634],[106.250121,20.217055],[106.247416,20.221479],[106.245336,20.22112],[106.245097,20.225228],[106.243012,20.225248],[106.242026,20.229275],[106.246625,20.231027],[106.242459,20.23689],[106.253846,20.249416],[106.260752,20.250857],[106.267064,20.247618],[106.275856,20.236971],[106.27878,20.236024],[106.281349,20.229771],[106.279537,20.229362]]]}},{"type":"Feature","properties":{"code":"14248","name":"Xã Hải Hưng","type":"Xã"},"geometry":{"type":"Polygon","coordinates":[[[106.360641,20.246691],[106.359974,20.242907],[106.365439,20.23925],[106.362123,20.232513],[106.354178,20.223022],[106.351317,20.215908],[106.350909,20.205203],[106.356434,20.197117],[106.356812,20.189734],[106.35168,20.183962],[106.353166,20.176995],[106.344341,20.172229],[106.339988,20.164794],[106.338394,20.165697],[106.328669,20.161384],[106.328557,20.16721],[106.323666,20.163191],[106.324137,20.180508],[106.312297,20.178558],[106.311877,20.175868],[106.293953,20.175417],[106.286368,20.178363],[106.28975,20.186157],[106.291674,20.185078],[106.298463,20.198478],[106.301808,20.197136],[106.303573,20.19923],[106.300247,20.202268],[106.302424,20.2051],[106.300719,20.20633],[106.305143,20.214936],[106.303931,20.223814],[106.308466,20.223016],[106.307655,20.230617],[106.310338,20.229813],[106.312518,20.232534],[106.315106,20.231244],[106.313741,20.229686],[106.31657,20.228217],[106.315805,20.218016],[106.322355,20.216999],[106.324319,20.243362],[106.328179,20.242599],[106.336167,20.237345],[106.342202,20.238849],[106.345864,20.2361],[106.345727,20.23883],[106.348726,20.239864],[106.349136,20.238142],[106.350452,20.239101],[106.351382,20.237926],[106.356746,20.240632],[106.358096,20.243168],[106.356214,20.24465],[106.360641,20.246691]]]}},{"type":"Feature","properties":{"code":"14215","name":"Xã Hải Hậu","type":"Xã"},"geometry":{"type":"Polygon","coordinates":[[[106.295023,20.245514],[106.300956,20.241775],[106.297434,20.231464],[106.304382,20.228118],[106.303717,20.218466],[106.305201,20.217861],[106.305143,20.214936],[106.300719,20.20633],[106.302424,20.2051],[106.300247,20.202268],[106.303573,20.19923],[106.301808,20.197136],[106.298463,20.198478],[106.291674,20.185078],[106.28975,20.186157],[106.286634,20.180029],[106.283769,20.162096],[106.258081,20.168657],[106.263273,20.19103],[106.27073,20.213665],[106.278062,20.211696],[106.280161,20.217234],[106.280536,20.225799],[106.282266,20.22825],[106.279751,20.22853],[106.281349,20.229771],[106.279139,20.235513],[106.275856,20.236971],[106.276172,20.238014],[106.282667,20.237318],[106.295023,20.245514]]]}},{"type":"Feature","properties":{"code":"14287","name":"Xã Hải Quang","type":"Xã"},"geometry":{"type":"Polygon","coordinates":[[[106.324137,20.180508],[106.323666,20.163191],[106.328557,20.16721],[106.328669,20.161384],[106.338394,20.165697],[106.339988,20.164794],[106.346034,20.173412],[106.353166,20.176995],[106.359775,20.177494],[106.341564,20.156255],[106.324203,20.141154],[106.302677,20.141005],[106.300754,20.130371],[106.280224,20.128061],[106.280698,20.131364],[106.279173,20.131319],[106.279077,20.134172],[106.286368,20.178363],[106.293953,20.175417],[106.311877,20.175868],[106.312297,20.178558],[106.324137,20.180508]]]}},{"type":"Feature","properties":{"code":"14221","name":"Xã Hải Thịnh","type":"Xã"},"geometry":{"type":"MultiPolygon","coordinates":[[[[106.19544,19.995326],[106.197632,20.003257],[106.202055,19.999378],[106.197223,19.99498],[106.19544,19.995326]]],[[[106.231311,20.122752],[106.227029,20.099332],[106.240843,20.092649],[106.239342,20.082248],[106.23628,20.074036],[106.238156,20.069926],[106.235312,20.043201],[106.201231,20.003926],[106.194205,20.004988],[106.196948,20.010894],[106.198274,20.019767],[106.206212,20.034082],[106.21009,20.047261],[106.208134,20.058126],[106.209238,20.083148],[106.198414,20.112332],[106.217025,20.114484],[106.2175,20.117739],[106.220713,20.117405],[106.222153,20.124309],[106.22909,20.121371],[106.231311,20.122752]]]]}},{"type":"Feature","properties":{"code":"14218","name":"Xã Hải Tiến","type":"Xã"},"geometry":{"type":"Polygon","coordinates":[[[106.283769,20.162096],[106.279077,20.134172],[106.279173,20.131319],[106.280698,20.131364],[106.280224,20.128061],[106.300754,20.130371],[106.302677,20.141005],[106.324203,20.141154],[106.31734,20.13348],[106.314726,20.132613],[106.314647,20.129846],[106.304742,20.119679],[106.300066,20.112029],[106.293292,20.107099],[106.281829,20.093343],[106.280403,20.093648],[106.279766,20.097505],[106.281522,20.097481],[106.280872,20.100447],[106.279248,20.100923],[106.280183,20.103027],[106.27736,20.11472],[106.274328,20.114938],[106.27395,20.11799],[106.266772,20.118465],[106.267137,20.122786],[106.253973,20.123335],[106.254595,20.125971],[106.248251,20.127603],[106.258081,20.168657],[106.283769,20.162096]]]}},{"type":"Feature","properties":{"code":"14308","name":"Xã Hải Xuân","type":"Xã"},"geometry":{"type":"Polygon","coordinates":[[[106.23463,20.139021],[106.249883,20.135881],[106.248251,20.127603],[106.254595,20.125971],[106.253973,20.123335],[106.267137,20.122786],[106.266772,20.118465],[106.27395,20.11799],[106.274328,20.114938],[106.27736,20.11472],[106.280183,20.103027],[106.279248,20.100923],[106.280872,20.100447],[106.281522,20.097481],[106.279766,20.097505],[106.280403,20.093648],[106.281829,20.093343],[106.260168,20.070561],[106.257054,20.064973],[106.250546,20.060603],[106.235365,20.043395],[106.238156,20.069926],[106.23628,20.074036],[106.239342,20.082248],[106.240843,20.092649],[106.227029,20.099332],[106.23463,20.139021]]]}},{"type":"Feature","properties":{"code":"13927","name":"Xã Hồng Phong","type":"Xã"},"geometry":{"type":"Polygon","coordinates":[[[106.179866,20.105803],[106.180886,20.098743],[106.202773,20.100227],[106.208885,20.084797],[106.209388,20.071413],[106.205024,20.072047],[106.190652,20.060054],[106.186671,20.059805],[106.186143,20.0633],[106.167031,20.061176],[106.16619,20.05919],[106.158913,20.060299],[106.160089,20.063264],[106.151669,20.063709],[106.141641,20.066539],[106.143753,20.073587],[106.145617,20.09263],[106.153119,20.110493],[106.157055,20.108505],[106.179866,20.105803]]]}},{"type":"Feature","properties":{"code":"14614","name":"Xã Khánh Hội","type":"Xã"},"geometry":{"type":"Polygon","coordinates":[[[106.10597,20.207179],[106.113714,20.201282],[106.131645,20.169307],[106.140516,20.156488],[106.127644,20.147474],[106.13031,20.143594],[106.123058,20.13839],[106.115321,20.152228],[106.113811,20.151488],[106.11001,20.15743],[106.100511,20.166041],[106.079742,20.180059],[106.088604,20.197888],[106.09924,20.207217],[106.10597,20.207179]]]}},{"type":"Feature","properties":{"code":"14611","name":"Xã Khánh Nhạc","type":"Xã"},"geometry":{"type":"Polygon","coordinates":[[[106.080765,20.178281],[106.088744,20.174731],[106.100511,20.166041],[106.11001,20.15743],[106.113811,20.151488],[106.090695,20.141739],[106.087741,20.146064],[106.084941,20.145139],[106.085575,20.143928],[106.083252,20.141867],[106.092385,20.130796],[106.085639,20.128635],[106.077157,20.139466],[106.073336,20.135589],[106.075649,20.133087],[106.07352,20.131114],[106.071327,20.133869],[106.063791,20.127761],[106.052568,20.141166],[106.051823,20.148116],[106.071347,20.171867],[106.079756,20.18005],[106.080765,20.178281]]]}},{"type":"Feature","properties":{"code":"14563","name":"Xã Khánh Thiện","type":"Xã"},"geometry":{"type":"Polygon","coordinates":[[[106.106425,20.216765],[106.112835,20.216467],[106.147719,20.227929],[106.150773,20.227259],[106.152914,20.223592],[106.153063,20.221253],[106.150564,20.221875],[106.129279,20.19277],[106.125213,20.195347],[106.119842,20.190786],[106.11292,20.20215],[106.107073,20.207233],[106.102769,20.207917],[106.09924,20.207217],[106.088604,20.197888],[106.084744,20.189326],[106.07871,20.193082],[106.074662,20.191375],[106.06896,20.195425],[106.077682,20.20898],[106.079675,20.214826],[106.078017,20.216672],[106.076052,20.215205],[106.073913,20.21576],[106.069877,20.218919],[106.072821,20.22147],[106.070504,20.225142],[106.080399,20.235507],[106.084708,20.249016],[106.089706,20.2543],[106.094666,20.254624],[106.097855,20.2503],[106.097329,20.24687],[106.100833,20.236939],[106.102305,20.225837],[106.106425,20.216765]]]}},{"type":"Feature","properties":{"code":"14608","name":"Xã Khánh Trung","type":"Xã"},"geometry":{"type":"Polygon","coordinates":[[[106.159154,20.200107],[106.162422,20.185838],[106.163301,20.160878],[106.168397,20.134643],[106.167419,20.128775],[106.163113,20.124069],[106.131645,20.169307],[106.119842,20.190786],[106.125213,20.195347],[106.129279,20.19277],[106.150719,20.222056],[106.153063,20.221253],[106.153461,20.215346],[106.159154,20.200107]]]}},{"type":"Feature","properties":{"code":"14638","name":"Xã Kim Sơn","type":"Xã"},"geometry":{"type":"Polygon","coordinates":[[[106.108355,20.14917],[106.142042,20.087529],[106.144893,20.087011],[106.14317,20.070701],[106.136973,20.060246],[106.091904,20.142252],[106.108355,20.14917]]]}},{"type":"Feature","properties":{"code":"14698","name":"Xã Kim Đông","type":"Xã"},"geometry":{"type":"MultiPolygon","coordinates":[[[[106.06013,19.869388],[106.058751,19.876083],[106.065027,19.868631],[106.067689,19.868056],[106.06711,19.870995],[106.070466,19.87067],[106.075516,19.878377],[106.075028,19.884281],[106.07705,19.880161],[106.076155,19.876418],[106.070173,19.868642],[106.063385,19.866231],[106.06013,19.869388]]],[[[106.098742,19.923691],[106.082919,19.910273],[106.072486,19.906909],[106.072735,19.910101],[106.070687,19.910414],[106.071049,19.912405],[106.067333,19.912141],[106.067948,19.914735],[106.072516,19.915567],[106.07449,19.91695],[106.074289,19.921551],[106.084552,19.92542],[106.088846,19.930113],[106.094542,19.92274],[106.097954,19.927094],[106.098742,19.923691]]],[[[106.088567,19.975446],[106.091359,19.967262],[106.090654,19.964803],[106.09476,19.963871],[106.097387,19.951761],[106.106393,19.935037],[106.103206,19.93403],[106.104147,19.929663],[106.100521,19.92398],[106.09927,19.923928],[106.098021,19.927499],[106.094468,19.923155],[106.088138,19.931782],[106.083614,19.926528],[106.073785,19.921857],[106.073716,19.916896],[106.067638,19.915604],[106.059383,19.92146],[106.057723,19.924091],[106.059427,19.923976],[106.054838,19.927955],[106.052675,19.927201],[106.047047,19.93229],[106.043048,19.939283],[106.042931,19.944193],[106.031179,19.960124],[106.038755,19.967002],[106.051306,19.984572],[106.057649,19.97927],[106.067893,19.965677],[106.072816,19.964067],[106.077024,19.965651],[106.088567,19.975446]]],[[[106.037118,19.951117],[106.034538,19.949344],[106.030139,19.953959],[106.032953,19.956745],[106.037118,19.951117]]],[[[106.025984,19.958562],[106.028825,19.957308],[106.030283,19.959397],[106.029415,19.954641],[106.027135,19.953973],[106.025984,19.958562]]],[[[106.032806,19.957001],[106.030276,19.955434],[106.031349,19.958304],[106.031723,19.958538],[106.032806,19.957001]]],[[[106.029722,19.959046],[106.02853,19.957577],[106.027046,19.95941],[106.028304,19.960938],[106.029722,19.959046]]]]}},{"type":"Feature","properties":{"code":"14674","name":"Xã Lai Thành","type":"Xã"},"geometry":{"type":"Polygon","coordinates":[[[106.060109,20.117819],[106.096211,20.049928],[106.079429,20.070967],[106.074924,20.067337],[106.076315,20.065664],[106.075917,20.062802],[106.071855,20.06663],[106.040152,20.061832],[106.035337,20.059493],[106.033079,20.060376],[106.028673,20.071394],[106.032761,20.071247],[106.033282,20.073637],[106.030825,20.074158],[106.031638,20.079508],[106.028675,20.080932],[106.029446,20.085489],[106.040966,20.081554],[106.04272,20.089108],[106.039948,20.089813],[106.040992,20.093308],[106.033557,20.09546],[106.043912,20.102639],[106.060109,20.117819]]]}},{"type":"Feature","properties":{"code":"13456","name":"Xã Liêm Hà","type":"Xã"},"geometry":{"type":"Polygon","coordinates":[[[105.938722,20.496428],[105.933851,20.495231],[105.932298,20.490121],[105.935561,20.489263],[105.935572,20.481001],[105.929501,20.480859],[105.929428,20.483599],[105.92493,20.485483],[105.914756,20.48693],[105.914608,20.488691],[105.91668,20.488759],[105.916523,20.492772],[105.919122,20.494145],[105.918479,20.49853],[105.915985,20.499012],[105.915957,20.501655],[105.917988,20.501824],[105.91743,20.515386],[105.922746,20.516472],[105.925495,20.514001],[105.928533,20.516551],[105.936708,20.518514],[105.94015,20.514885],[105.94494,20.517333],[105.945519,20.513398],[105.952015,20.515951],[105.954102,20.514507],[105.956961,20.51583],[105.959343,20.513343],[105.960143,20.515081],[105.97002,20.515092],[105.97492,20.516611],[105.976079,20.519474],[105.974784,20.524004],[105.97697,20.527138],[105.980359,20.5279],[105.989107,20.517316],[105.984353,20.497049],[105.985784,20.496097],[105.982961,20.490639],[105.980796,20.491728],[105.980867,20.488047],[105.977363,20.49017],[105.976593,20.494878],[105.973514,20.493914],[105.973619,20.498158],[105.969123,20.498799],[105.965805,20.492345],[105.965536,20.486691],[105.957034,20.484171],[105.954665,20.489594],[105.951487,20.489964],[105.949509,20.494132],[105.946809,20.494269],[105.947689,20.498832],[105.943656,20.501261],[105.943645,20.505027],[105.93926,20.50332],[105.937625,20.49764],[105.938722,20.496428]]]}},{"type":"Feature","properties":{"code":"13786","name":"Xã Liên Minh","type":"Xã"},"geometry":{"type":"Polygon","coordinates":[[[106.108668,20.353175],[106.11284,20.349937],[106.12246,20.35026],[106.122855,20.347911],[106.124776,20.347779],[106.125083,20.344566],[106.130512,20.343056],[106.133731,20.34783],[106.139515,20.346036],[106.141282,20.350997],[106.146047,20.349317],[106.150861,20.350676],[106.151106,20.346373],[106.154011,20.341239],[106.162211,20.340393],[106.163816,20.337176],[106.168882,20.336722],[106.169653,20.33174],[106.166584,20.327578],[106.152194,20.316357],[106.143903,20.304657],[106.139315,20.307739],[106.138547,20.306093],[106.13517,20.308805],[106.132462,20.305403],[106.128806,20.308151],[106.125724,20.304843],[106.100573,20.300762],[106.09961,20.323351],[106.097204,20.325169],[106.097139,20.327369],[106.096017,20.326976],[106.096002,20.332219],[106.093629,20.332585],[106.089953,20.339101],[106.091331,20.344699],[106.09683,20.345172],[106.099345,20.34873],[106.108668,20.353175]]]}},{"type":"Feature","properties":{"code":"13573","name":"Xã Lý Nhân","type":"Xã"},"geometry":{"type":"Polygon","coordinates":[[[106.032384,20.614894],[106.037479,20.612635],[106.037516,20.610941],[106.034348,20.608115],[106.03309,20.609006],[106.030654,20.605477],[106.027515,20.605269],[106.023185,20.602],[106.018022,20.587217],[106.013154,20.582406],[106.00399,20.581624],[106.002378,20.57197],[105.991526,20.576309],[105.983726,20.585486],[105.981099,20.601283],[105.996258,20.626679],[106.000083,20.626054],[106.00239,20.619509],[106.008084,20.615091],[106.015889,20.614572],[106.025139,20.617807],[106.032941,20.618406],[106.032384,20.614894]]]}},{"type":"Feature","properties":{"code":"14071","name":"Xã Minh Thái","type":"Xã"},"geometry":{"type":"Polygon","coordinates":[[[106.243012,20.225248],[106.245097,20.225228],[106.245336,20.22112],[106.247416,20.221479],[106.250121,20.217055],[106.254358,20.21634],[106.240575,20.159091],[106.224398,20.15916],[106.22533,20.16183],[106.210699,20.160274],[106.21697,20.186097],[106.218524,20.18703],[106.221152,20.204558],[106.222825,20.207465],[106.225344,20.207055],[106.225691,20.207585],[106.226177,20.212526],[106.222792,20.21951],[106.219174,20.222617],[106.242459,20.23689],[106.246625,20.231027],[106.242026,20.229275],[106.243012,20.225248]]]}},{"type":"Feature","properties":{"code":"13750","name":"Xã Minh Tân","type":"Xã"},"geometry":{"type":"Polygon","coordinates":[[[106.04373,20.462469],[106.047241,20.461575],[106.047329,20.459286],[106.052599,20.457666],[106.053701,20.46084],[106.054742,20.460543],[106.053702,20.458666],[106.05574,20.457616],[106.055451,20.456167],[106.059371,20.455583],[106.059299,20.448365],[106.056977,20.447958],[106.056934,20.433079],[106.053251,20.43286],[106.05262,20.42977],[106.054338,20.430318],[106.055196,20.423237],[106.052466,20.419759],[106.050624,20.420556],[106.050002,20.417],[106.048109,20.416204],[106.049738,20.411613],[106.048672,20.408007],[106.050994,20.40878],[106.050748,20.407639],[106.054686,20.406769],[106.054525,20.404919],[106.057162,20.402489],[106.058003,20.404036],[106.061188,20.403508],[106.06383,20.401357],[106.066983,20.401464],[106.067462,20.405157],[106.072239,20.404997],[106.072409,20.403648],[106.081162,20.403888],[106.081383,20.401461],[106.079148,20.40128],[106.079325,20.398876],[106.073589,20.396711],[106.078582,20.389532],[106.077319,20.388903],[106.07778,20.385391],[106.082797,20.38239],[106.08202,20.379752],[106.080538,20.379202],[106.079344,20.372713],[106.075192,20.371389],[106.073852,20.37347],[106.070376,20.369436],[106.071241,20.367741],[106.066208,20.364418],[106.064464,20.366994],[106.060705,20.364269],[106.05984,20.365651],[106.057087,20.364754],[106.056919,20.36295],[106.050205,20.364528],[106.044632,20.362604],[106.041007,20.364783],[106.038838,20.369242],[106.041051,20.37203],[106.03821,20.377859],[106.041385,20.378507],[106.042719,20.381272],[106.041766,20.386142],[106.044391,20.386541],[106.041939,20.389631],[106.046923,20.397008],[106.04472,20.403034],[106.036955,20.399228],[106.030584,20.398629],[106.024652,20.405467],[106.02407,20.410237],[106.021049,20.411361],[106.020132,20.413439],[106.020362,20.417701],[106.023964,20.423778],[106.024801,20.43229],[106.030116,20.43992],[106.028946,20.445338],[106.037918,20.446517],[106.042479,20.450219],[106.041457,20.457635],[106.04373,20.462469]]]}},{"type":"Feature","properties":{"code":"13987","name":"Xã Nam Hồng","type":"Xã"},"geometry":{"type":"Polygon","coordinates":[[[106.283796,20.398046],[106.286631,20.389203],[106.285008,20.38148],[106.279257,20.375554],[106.257501,20.3599],[106.253826,20.354362],[106.252093,20.345097],[106.254497,20.336144],[106.250884,20.333263],[106.25246,20.328107],[106.250117,20.327103],[106.251677,20.323318],[106.245197,20.320478],[106.242951,20.322857],[106.236178,20.317609],[106.23427,20.326167],[106.231428,20.325922],[106.232589,20.328443],[106.23001,20.329881],[106.23155,20.33304],[106.236585,20.334291],[106.235302,20.341312],[106.23349,20.34223],[106.23277,20.351637],[106.233255,20.356769],[106.235784,20.35621],[106.233681,20.359154],[106.232036,20.35853],[106.229394,20.36071],[106.227641,20.370311],[106.227761,20.372474],[106.229662,20.373563],[106.233212,20.371312],[106.235478,20.376975],[106.239764,20.379992],[106.238201,20.381835],[106.240066,20.382978],[106.240275,20.386403],[106.237408,20.391663],[106.248893,20.399317],[106.25644,20.397468],[106.258411,20.406367],[106.279075,20.402891],[106.283796,20.398046]]]}},{"type":"Feature","properties":{"code":"13627","name":"Xã Nam Lý","type":"Xã"},"geometry":{"type":"Polygon","coordinates":[[[106.171611,20.550127],[106.179615,20.518687],[106.178817,20.495854],[106.183549,20.484823],[106.178928,20.478526],[106.172056,20.473327],[106.157753,20.472694],[106.149969,20.468698],[106.146188,20.468681],[106.140249,20.475512],[106.138965,20.48602],[106.141798,20.508241],[106.150102,20.508541],[106.151614,20.510152],[106.152028,20.516751],[106.150231,20.516589],[106.144393,20.525763],[106.14209,20.524397],[106.139978,20.525085],[106.141518,20.532351],[106.140282,20.535956],[106.142901,20.536887],[106.14373,20.535449],[106.159205,20.539634],[106.164129,20.532671],[106.162888,20.541496],[106.165256,20.546181],[106.171611,20.550127]]]}},{"type":"Feature","properties":{"code":"14011","name":"Xã Nam Minh","type":"Xã"},"geometry":{"type":"Polygon","coordinates":[[[106.197682,20.333492],[106.202229,20.327456],[106.208194,20.324892],[106.214415,20.326606],[106.214145,20.328541],[106.221092,20.327091],[106.223757,20.313359],[106.222502,20.309832],[106.223937,20.304747],[106.226191,20.305275],[106.228295,20.293338],[106.223401,20.293291],[106.223812,20.289299],[106.217946,20.288484],[106.218535,20.283344],[106.216115,20.279944],[106.21415,20.284423],[106.211368,20.281982],[106.210999,20.283196],[106.209196,20.282542],[106.208629,20.28472],[106.20249,20.283033],[106.202216,20.285736],[106.198783,20.284641],[106.198391,20.286807],[106.188926,20.283531],[106.186193,20.304194],[106.182933,20.302909],[106.179895,20.305037],[106.174307,20.304126],[106.173757,20.310032],[106.1756,20.311068],[106.175046,20.313209],[106.170243,20.31331],[106.16719,20.315896],[106.167706,20.318266],[106.159404,20.318773],[106.158321,20.321615],[106.167564,20.328504],[106.169998,20.333062],[106.173359,20.32949],[106.197682,20.333492]]]}},{"type":"Feature","properties":{"code":"14005","name":"Xã Nam Ninh","type":"Xã"},"geometry":{"type":"Polygon","coordinates":[[[106.232036,20.352162],[106.23349,20.34223],[106.235302,20.341312],[106.236585,20.334291],[106.23155,20.33304],[106.230043,20.329603],[106.232589,20.328443],[106.231428,20.325922],[106.23427,20.326167],[106.236178,20.317609],[106.242951,20.322857],[106.245197,20.320478],[106.251677,20.323318],[106.250117,20.327103],[106.25246,20.328107],[106.250884,20.333263],[106.254497,20.336144],[106.258988,20.329668],[106.264982,20.326659],[106.257053,20.315805],[106.251361,20.312891],[106.250853,20.310618],[106.252529,20.307227],[106.264047,20.297988],[106.268211,20.292201],[106.261923,20.289005],[106.26231,20.285367],[106.256335,20.281509],[106.248867,20.280081],[106.24956,20.275271],[106.247065,20.275546],[106.24662,20.273189],[106.244556,20.272063],[106.245273,20.270251],[106.242016,20.267776],[106.237668,20.268631],[106.236947,20.26551],[106.233472,20.266018],[106.231132,20.261974],[106.230881,20.264094],[106.228878,20.263181],[106.227042,20.265065],[106.230314,20.272652],[106.226482,20.274385],[106.226517,20.27835],[106.224388,20.278371],[106.225838,20.280387],[106.217043,20.280423],[106.218535,20.283344],[106.217946,20.288484],[106.223812,20.289299],[106.223401,20.293291],[106.228295,20.293338],[106.228058,20.296808],[106.226191,20.305275],[106.223937,20.304747],[106.222502,20.309832],[106.223757,20.313359],[106.220928,20.327519],[106.214145,20.328541],[106.213192,20.334845],[106.217662,20.335056],[106.219597,20.335951],[106.219409,20.337582],[106.224407,20.339296],[106.225016,20.350576],[106.232036,20.352162]]]}},{"type":"Feature","properties":{"code":"13966","name":"Xã Nam Trực","type":"Xã"},"geometry":{"type":"Polygon","coordinates":[[[106.177236,20.375077],[106.184282,20.373876],[106.18403,20.368529],[106.189568,20.36583],[106.201641,20.366397],[106.202665,20.365183],[106.206077,20.370185],[106.207239,20.365129],[106.203298,20.363905],[106.204011,20.360354],[106.200568,20.359493],[106.200929,20.357002],[106.20671,20.355835],[106.212641,20.357274],[106.214199,20.359378],[106.2159,20.35792],[106.216237,20.359076],[106.223658,20.358754],[106.225591,20.351955],[106.224407,20.339296],[106.219409,20.337582],[106.219597,20.335951],[106.217662,20.335056],[106.213192,20.334845],[106.214415,20.326606],[106.208194,20.324892],[106.205147,20.325816],[106.202229,20.327456],[106.197513,20.333942],[106.173359,20.32949],[106.168882,20.336722],[106.163172,20.33755],[106.162194,20.341711],[106.16577,20.351149],[106.168986,20.349625],[106.171102,20.350741],[106.173215,20.34951],[106.179457,20.350071],[106.179069,20.359829],[106.175862,20.364641],[106.173534,20.364481],[106.174988,20.372893],[106.177236,20.375077]]]}},{"type":"Feature","properties":{"code":"13591","name":"Xã Nam Xang","type":"Xã"},"geometry":{"type":"Polygon","coordinates":[[[106.037479,20.612635],[106.032384,20.614894],[106.032941,20.618406],[106.04153,20.618817],[106.043534,20.620028],[106.043681,20.622326],[106.06163,20.606314],[106.060679,20.601092],[106.057251,20.599672],[106.057751,20.596286],[106.060224,20.596401],[106.060251,20.59145],[106.076242,20.570932],[106.071049,20.569148],[106.071417,20.567286],[106.070021,20.566973],[106.070329,20.556427],[106.066669,20.556521],[106.066237,20.55491],[106.063318,20.558992],[106.05157,20.560678],[106.052415,20.563223],[106.050873,20.562669],[106.047007,20.573306],[106.038489,20.572063],[106.037361,20.570448],[106.030209,20.568548],[106.027674,20.577899],[106.022451,20.580751],[106.013154,20.582406],[106.0187,20.588031],[106.023185,20.602],[106.027515,20.605269],[106.030654,20.605477],[106.03309,20.609006],[106.034348,20.608115],[106.037516,20.610941],[106.037479,20.612635]]]}},{"type":"Feature","properties":{"code":"14014","name":"Xã Nam Đồng","type":"Xã"},"geometry":{"type":"Polygon","coordinates":[[[106.16719,20.315896],[106.170243,20.31331],[106.171994,20.313854],[106.171954,20.312596],[106.175046,20.313209],[106.1756,20.311068],[106.173757,20.310032],[106.174307,20.304126],[106.179895,20.305037],[106.182933,20.302909],[106.186193,20.304194],[106.188926,20.283531],[106.198391,20.286807],[106.198783,20.284641],[106.202216,20.285736],[106.20249,20.283033],[106.208629,20.28472],[106.209196,20.282542],[106.210999,20.283196],[106.211368,20.281982],[106.21415,20.284423],[106.215647,20.280799],[106.212188,20.279708],[106.213733,20.278018],[106.214348,20.270458],[106.211566,20.269437],[106.211289,20.266517],[106.208141,20.26661],[106.208626,20.269035],[106.206003,20.268835],[106.204744,20.268153],[106.205268,20.266283],[106.19944,20.263269],[106.197254,20.267108],[106.191157,20.266641],[106.191877,20.26212],[106.188716,20.261662],[106.187928,20.258246],[106.181376,20.255289],[106.17979,20.251211],[106.173434,20.255148],[106.158791,20.281992],[106.163355,20.283769],[106.159332,20.293754],[106.156475,20.295078],[106.153533,20.303178],[106.147744,20.310912],[106.158321,20.321615],[106.159404,20.318773],[106.167706,20.318266],[106.16719,20.315896]]]}},{"type":"Feature","properties":{"code":"13891","name":"Xã Nghĩa Hưng","type":"Xã"},"geometry":{"type":"Polygon","coordinates":[[[106.171397,20.257441],[106.177663,20.251876],[106.175371,20.24737],[106.179042,20.246867],[106.181562,20.237346],[106.181523,20.227952],[106.183218,20.22836],[106.182778,20.230074],[106.187871,20.232469],[106.187584,20.23583],[106.194258,20.226266],[106.194356,20.22306],[106.197013,20.222084],[106.195806,20.216435],[106.197206,20.207316],[106.190588,20.202012],[106.186438,20.206844],[106.172278,20.209863],[106.171552,20.206103],[106.157884,20.203431],[106.153461,20.215346],[106.152718,20.224473],[106.149926,20.227685],[106.146441,20.227708],[106.130267,20.221722],[106.1297,20.231106],[106.132199,20.232802],[106.124069,20.249007],[106.135903,20.255552],[106.141083,20.247714],[106.161048,20.254403],[106.162182,20.25328],[106.16532,20.254141],[106.164949,20.25518],[106.171397,20.257441]]]}},{"type":"Feature","properties":{"code":"13957","name":"Xã Nghĩa Lâm","type":"Xã"},"geometry":{"type":"Polygon","coordinates":[[[106.144759,20.044994],[106.150103,20.043383],[106.149908,20.037669],[106.151281,20.037372],[106.152067,20.002285],[106.155988,20.002284],[106.156231,19.99776],[106.152468,19.996947],[106.144324,19.999619],[106.132815,19.996572],[106.117076,19.99646],[106.116816,19.989558],[106.106343,19.989515],[106.103334,19.980325],[106.103354,19.971635],[106.094827,19.968985],[106.098719,19.984164],[106.1104,20.014435],[106.113942,20.042917],[106.1164,20.050082],[106.126044,20.056008],[106.14465,20.050197],[106.144759,20.044994]]]}},{"type":"Feature","properties":{"code":"13918","name":"Xã Nghĩa Sơn","type":"Xã"},"geometry":{"type":"Polygon","coordinates":[[[106.187926,20.205895],[106.190588,20.202012],[106.185396,20.194198],[106.181435,20.182004],[106.178586,20.161407],[106.178229,20.142413],[106.182429,20.13056],[106.197968,20.113198],[106.202773,20.100227],[106.180886,20.098743],[106.179866,20.105803],[106.157055,20.108505],[106.153119,20.110493],[106.157077,20.118195],[106.167419,20.128775],[106.168397,20.134643],[106.163301,20.160878],[106.162422,20.185838],[106.157884,20.203431],[106.171552,20.206103],[106.172278,20.209863],[106.187926,20.205895]]]}},{"type":"Feature","properties":{"code":"14428","name":"Xã Nho Quan","type":"Xã"},"geometry":{"type":"Polygon","coordinates":[[[105.732862,20.337869],[105.734104,20.336175],[105.738543,20.336095],[105.746211,20.330504],[105.751017,20.330171],[105.752319,20.326598],[105.756352,20.323303],[105.762696,20.321621],[105.766943,20.318561],[105.769084,20.318813],[105.77045,20.323389],[105.773249,20.32332],[105.774353,20.32168],[105.772299,20.316306],[105.773203,20.309221],[105.779428,20.306454],[105.772082,20.298797],[105.767977,20.297074],[105.768196,20.294508],[105.764317,20.291861],[105.760707,20.293465],[105.755822,20.290137],[105.749993,20.291466],[105.748633,20.289877],[105.746532,20.290478],[105.746095,20.285838],[105.74437,20.285492],[105.746171,20.283684],[105.736926,20.288592],[105.739216,20.290049],[105.737431,20.292743],[105.734592,20.292425],[105.727361,20.283056],[105.725152,20.284575],[105.722833,20.282695],[105.723757,20.279676],[105.722652,20.281009],[105.720011,20.280486],[105.71445,20.286209],[105.715424,20.29092],[105.709069,20.292854],[105.708338,20.295365],[105.705548,20.29411],[105.705597,20.297581],[105.700366,20.298916],[105.701574,20.301397],[105.695507,20.306118],[105.695036,20.308399],[105.692397,20.309059],[105.693336,20.310849],[105.692232,20.31121],[105.696879,20.314038],[105.700851,20.320208],[105.704849,20.322103],[105.703505,20.324752],[105.708041,20.326518],[105.71143,20.324508],[105.723013,20.328774],[105.729981,20.337829],[105.732862,20.337869]]]}},{"type":"Feature","properties":{"code":"13609","name":"Xã Nhân Hà","type":"Xã"},"geometry":{"type":"Polygon","coordinates":[[[106.140753,20.56977],[106.163872,20.560092],[106.171476,20.55044],[106.165256,20.546181],[106.162889,20.5415],[106.164798,20.532836],[106.161769,20.534723],[106.159205,20.539634],[106.14373,20.535449],[106.142901,20.536887],[106.140282,20.535956],[106.141518,20.532351],[106.139978,20.525085],[106.14209,20.524397],[106.144393,20.525763],[106.150231,20.516589],[106.152028,20.516751],[106.151614,20.510152],[106.150102,20.508541],[106.141798,20.508241],[106.14101,20.518478],[106.139066,20.52222],[106.136282,20.523493],[106.117301,20.509781],[106.113007,20.515638],[106.11213,20.515019],[106.10567,20.521084],[106.10698,20.521969],[106.106952,20.530624],[106.110755,20.530705],[106.110999,20.532752],[106.117188,20.533057],[106.120827,20.538126],[106.119632,20.53663],[106.115659,20.546138],[106.113341,20.545622],[106.112065,20.551597],[106.10905,20.554325],[106.109369,20.556732],[106.112682,20.555746],[106.112459,20.557606],[106.11825,20.557744],[106.120344,20.555042],[106.128398,20.554811],[106.129062,20.566948],[106.139441,20.567495],[106.140753,20.56977]]]}},{"type":"Feature","properties":{"code":"14077","name":"Xã Ninh Cường","type":"Xã"},"geometry":{"type":"Polygon","coordinates":[[[106.178232,20.142628],[106.181435,20.182004],[106.186588,20.196523],[106.19313,20.204329],[106.219174,20.222617],[106.222792,20.21951],[106.226177,20.212526],[106.225691,20.207585],[106.222825,20.207465],[106.221152,20.204558],[106.218524,20.18703],[106.21697,20.186097],[106.210699,20.160274],[106.19723,20.158473],[106.186863,20.1591],[106.180808,20.142505],[106.178232,20.142628]]]}},{"type":"Feature","properties":{"code":"14038","name":"Xã Ninh Giang","type":"Xã"},"geometry":{"type":"Polygon","coordinates":[[[106.312211,20.332327],[106.313089,20.298122],[106.317795,20.296098],[106.327724,20.298184],[106.329872,20.295758],[106.329315,20.289777],[106.325132,20.279235],[106.322724,20.279021],[106.314699,20.282925],[106.310125,20.278599],[106.302997,20.276585],[106.300785,20.272951],[106.292224,20.271788],[106.292688,20.277187],[106.285384,20.290643],[106.284099,20.29754],[106.28049,20.300073],[106.285492,20.305648],[106.291192,20.308236],[106.284706,20.316119],[106.285265,20.318263],[106.28036,20.323367],[106.282513,20.32539],[106.278397,20.329733],[106.296208,20.340912],[106.302911,20.341166],[106.318543,20.345316],[106.319895,20.343806],[106.318818,20.340912],[106.312211,20.332327]]]}},{"type":"Feature","properties":{"code":"13822","name":"Xã Phong Doanh","type":"Xã"},"geometry":{"type":"Polygon","coordinates":[[[105.941353,20.400411],[105.94474,20.388214],[105.949557,20.388979],[105.951055,20.387656],[105.962189,20.393443],[105.963594,20.389905],[105.956726,20.386135],[105.957854,20.383651],[105.955925,20.382589],[105.960727,20.373311],[105.966878,20.374651],[105.970972,20.370554],[105.973972,20.370642],[105.975363,20.376101],[105.980573,20.380542],[105.980338,20.383324],[105.984538,20.383165],[105.998875,20.363036],[105.994307,20.364176],[105.998889,20.341794],[105.989188,20.34505],[105.988715,20.342057],[105.979259,20.337244],[105.970849,20.32734],[105.968256,20.330439],[105.964519,20.325275],[105.955298,20.32333],[105.953954,20.319216],[105.936511,20.326694],[105.937174,20.330352],[105.945343,20.334969],[105.94969,20.339945],[105.954154,20.353874],[105.95062,20.355515],[105.942418,20.354814],[105.937658,20.356304],[105.93688,20.36535],[105.934577,20.369123],[105.936608,20.375724],[105.931774,20.375315],[105.926995,20.379179],[105.923759,20.395333],[105.927031,20.399347],[105.931824,20.397622],[105.941353,20.400411]]]}},{"type":"Feature","properties":{"code":"14620","name":"Xã Phát Diệm","type":"Xã"},"geometry":{"type":"Polygon","coordinates":[[[106.071327,20.133869],[106.0792,20.126601],[106.115061,20.056133],[106.120338,20.053297],[106.115168,20.047901],[106.113309,20.034949],[106.109234,20.034778],[106.103275,20.030577],[106.102518,20.03767],[106.060928,20.118223],[106.071224,20.12366],[106.063791,20.127761],[106.071327,20.133869]]]}},{"type":"Feature","properties":{"code":"14458","name":"Xã Phú Long","type":"Xã"},"geometry":{"type":"Polygon","coordinates":[[[105.74889,20.256505],[105.75561,20.253926],[105.758658,20.249012],[105.772715,20.23494],[105.777414,20.234019],[105.778039,20.236851],[105.780652,20.237179],[105.781229,20.241411],[105.781987,20.237945],[105.785187,20.237955],[105.786723,20.232739],[105.793214,20.226048],[105.804136,20.229852],[105.81121,20.230301],[105.813454,20.226921],[105.815418,20.228632],[105.821259,20.224029],[105.822632,20.219423],[105.821348,20.218169],[105.824334,20.216035],[105.823089,20.208506],[105.81935,20.206399],[105.819865,20.204201],[105.823546,20.199054],[105.822872,20.196291],[105.826573,20.194786],[105.831292,20.188099],[105.827491,20.180191],[105.820882,20.17818],[105.817839,20.168643],[105.805735,20.173728],[105.803234,20.168391],[105.796432,20.17155],[105.794653,20.170899],[105.793765,20.172397],[105.792824,20.170961],[105.786771,20.17044],[105.781962,20.172908],[105.776984,20.172294],[105.773793,20.176968],[105.771003,20.175855],[105.762034,20.178905],[105.758407,20.178686],[105.739761,20.185223],[105.74235,20.187264],[105.737909,20.194141],[105.732439,20.195202],[105.730835,20.199335],[105.726858,20.200843],[105.723064,20.205262],[105.718307,20.206152],[105.700846,20.218081],[105.692676,20.221413],[105.696133,20.225147],[105.693503,20.230948],[105.694688,20.232552],[105.702304,20.230251],[105.712516,20.229714],[105.714062,20.23327],[105.721727,20.229481],[105.726644,20.234544],[105.729578,20.235427],[105.73891,20.234196],[105.738814,20.239657],[105.73569,20.243646],[105.736602,20.247915],[105.734837,20.254075],[105.740779,20.253455],[105.743351,20.255945],[105.74889,20.256505]]]}},{"type":"Feature","properties":{"code":"14407","name":"Xã Phú Sơn","type":"Xã"},"geometry":{"type":"Polygon","coordinates":[[[105.691332,20.412757],[105.696406,20.412232],[105.701081,20.409748],[105.705321,20.411957],[105.711492,20.408352],[105.719449,20.407366],[105.725016,20.401855],[105.72832,20.401864],[105.727964,20.399557],[105.733028,20.39868],[105.730136,20.391476],[105.729849,20.385718],[105.741891,20.384293],[105.745917,20.382205],[105.745279,20.373679],[105.746622,20.367053],[105.757152,20.367225],[105.757364,20.36272],[105.755648,20.360972],[105.759206,20.353051],[105.759422,20.350791],[105.757582,20.349942],[105.758192,20.346351],[105.761425,20.346356],[105.765331,20.350799],[105.77165,20.347248],[105.775653,20.349155],[105.779641,20.345864],[105.778547,20.344473],[105.783312,20.336631],[105.782369,20.33024],[105.780238,20.328473],[105.78096,20.323672],[105.78422,20.321633],[105.784503,20.31965],[105.779109,20.315503],[105.772651,20.314029],[105.774353,20.32168],[105.772602,20.323732],[105.770028,20.322953],[105.768983,20.318705],[105.766943,20.318561],[105.762696,20.321621],[105.756352,20.323303],[105.752319,20.326598],[105.751017,20.330171],[105.746211,20.330504],[105.738322,20.336187],[105.729868,20.337716],[105.724653,20.34195],[105.715061,20.353982],[105.713795,20.358273],[105.709857,20.360358],[105.712459,20.366006],[105.709797,20.367138],[105.704868,20.37403],[105.706905,20.379308],[105.706412,20.384412],[105.698233,20.387242],[105.692037,20.392628],[105.69266,20.393997],[105.695971,20.392981],[105.698658,20.39767],[105.697126,20.39753],[105.694491,20.402937],[105.692854,20.40219],[105.691514,20.403825],[105.688639,20.402277],[105.685036,20.406037],[105.685793,20.410934],[105.68821,20.410608],[105.691332,20.412757]]]}},{"type":"Feature","properties":{"code":"14062","name":"Xã Quang Hưng","type":"Xã"},"geometry":{"type":"Polygon","coordinates":[[[106.202995,20.263179],[106.205724,20.24912],[106.209676,20.251113],[106.210339,20.249178],[106.213959,20.249856],[106.213943,20.247638],[106.218241,20.247156],[106.218086,20.240027],[106.221461,20.22407],[106.197206,20.207316],[106.195806,20.216435],[106.197013,20.222084],[106.194356,20.22306],[106.194258,20.226266],[106.187584,20.23583],[106.187871,20.232469],[106.182778,20.230074],[106.183218,20.22836],[106.181523,20.227952],[106.181562,20.237346],[106.179042,20.246867],[106.175371,20.24737],[106.177451,20.252374],[106.180174,20.251442],[106.181376,20.255289],[106.187928,20.258246],[106.188716,20.261662],[106.192379,20.262558],[106.192581,20.259036],[106.197594,20.26252],[106.198049,20.261207],[106.202995,20.263179]]]}},{"type":"Feature","properties":{"code":"14647","name":"Xã Quang Thiện","type":"Xã"},"geometry":{"type":"Polygon","coordinates":[[[106.087741,20.146064],[106.098268,20.132707],[106.136973,20.060246],[106.134434,20.058651],[106.120338,20.053297],[106.115061,20.056133],[106.0792,20.126601],[106.07352,20.131114],[106.075649,20.133087],[106.073336,20.135589],[106.077157,20.139466],[106.085639,20.128635],[106.092385,20.130796],[106.083252,20.141867],[106.085575,20.143928],[106.084941,20.145139],[106.087741,20.146064]]]}},{"type":"Feature","properties":{"code":"14452","name":"Xã Quỳnh Lưu","type":"Xã"},"geometry":{"type":"Polygon","coordinates":[[[105.802032,20.259796],[105.807299,20.255997],[105.813186,20.255141],[105.81661,20.257799],[105.81688,20.261528],[105.827325,20.262648],[105.835116,20.257012],[105.839614,20.248396],[105.844135,20.248213],[105.849522,20.243019],[105.849246,20.240455],[105.851493,20.238931],[105.849397,20.236441],[105.847324,20.227134],[105.843609,20.222366],[105.842353,20.223094],[105.836936,20.219877],[105.838794,20.216785],[105.836125,20.213788],[105.831898,20.212948],[105.824152,20.21428],[105.824334,20.216035],[105.821348,20.218169],[105.822632,20.219423],[105.821143,20.224176],[105.815418,20.228632],[105.813454,20.226921],[105.81121,20.230301],[105.804136,20.229852],[105.793214,20.226048],[105.786723,20.232739],[105.785187,20.237955],[105.781987,20.237945],[105.781229,20.241411],[105.780652,20.237179],[105.778039,20.236851],[105.777127,20.233925],[105.772715,20.23494],[105.768468,20.238488],[105.767971,20.240602],[105.775486,20.243952],[105.776106,20.243045],[105.776002,20.244307],[105.783702,20.249714],[105.788492,20.255129],[105.787054,20.256458],[105.788529,20.257931],[105.787409,20.259252],[105.789629,20.259907],[105.79051,20.263347],[105.793731,20.25982],[105.796029,20.261993],[105.793893,20.263724],[105.798589,20.26555],[105.802032,20.259796]]]}},{"type":"Feature","properties":{"code":"13939","name":"Xã Quỹ Nhất","type":"Xã"},"geometry":{"type":"Polygon","coordinates":[[[106.205226,20.07167],[106.209388,20.071413],[106.208134,20.058126],[106.210108,20.047791],[106.20492,20.031545],[106.196044,20.03707],[106.190818,20.035965],[106.189825,20.033913],[106.187544,20.034363],[106.186714,20.039188],[106.181866,20.037718],[106.182208,20.033522],[106.175603,20.033753],[106.176582,20.028549],[106.173789,20.027769],[106.175344,20.022739],[106.171093,20.021485],[106.177689,19.999271],[106.161268,19.992642],[106.155115,19.992915],[106.152468,19.996947],[106.156231,19.99776],[106.156173,19.999475],[106.155988,20.002284],[106.152067,20.002285],[106.150103,20.043383],[106.144759,20.044994],[106.14465,20.050197],[106.126044,20.056008],[106.1369,20.060176],[106.141641,20.066539],[106.151669,20.063709],[106.160089,20.063264],[106.158913,20.060299],[106.16619,20.05919],[106.167031,20.061176],[106.186143,20.0633],[106.186671,20.059805],[106.190652,20.060054],[106.205226,20.07167]]]}},{"type":"Feature","properties":{"code":"13894","name":"Xã Rạng Đông","type":"Xã"},"geometry":{"type":"Polygon","coordinates":[[[106.187544,20.034363],[106.189825,20.033913],[106.190818,20.035965],[106.196044,20.03707],[106.20492,20.031545],[106.198274,20.019767],[106.196948,20.010894],[106.194205,20.004988],[106.188783,20.005077],[106.189724,20.002655],[106.188466,19.994409],[106.182665,19.982362],[106.178955,19.980206],[106.179458,19.977672],[106.173901,19.969759],[106.175397,19.968505],[106.164782,19.958392],[106.154406,19.944194],[106.15172,19.946011],[106.155838,19.948411],[106.149208,19.945997],[106.14903,19.940889],[106.14672,19.937047],[106.121495,19.904996],[106.104623,19.888962],[106.089864,19.883827],[106.092049,19.886902],[106.089388,19.891504],[106.089786,19.893548],[106.093397,19.89368],[106.093985,19.897736],[106.097604,19.898742],[106.098801,19.901397],[106.093823,19.902804],[106.094569,19.905666],[106.107044,19.920553],[106.110476,19.928487],[106.109649,19.93608],[106.106393,19.935037],[106.09962,19.946834],[106.0948,19.962651],[106.094827,19.968985],[106.103354,19.971635],[106.103334,19.980325],[106.106343,19.989515],[106.116816,19.989558],[106.117076,19.99646],[106.132815,19.996572],[106.147688,19.999518],[106.15205,19.997525],[106.155273,19.992815],[106.160814,19.992557],[106.177689,19.999271],[106.171093,20.021485],[106.175344,20.022739],[106.173789,20.027769],[106.176582,20.028549],[106.175603,20.033753],[106.182208,20.033522],[106.181866,20.037718],[106.186714,20.039188],[106.187544,20.034363]]]}},{"type":"Feature","properties":{"code":"13483","name":"Xã Thanh Bình","type":"Xã"},"geometry":{"type":"Polygon","coordinates":[[[105.973602,20.497336],[105.973514,20.493914],[105.976593,20.494878],[105.977363,20.49017],[105.980867,20.488047],[105.98086,20.484017],[105.984335,20.483656],[105.98441,20.480596],[105.986779,20.478346],[105.988473,20.473424],[105.984415,20.473432],[105.983832,20.469625],[105.985694,20.468682],[105.983934,20.459143],[105.986032,20.454556],[105.991163,20.451762],[105.990944,20.449338],[105.988262,20.447513],[105.987696,20.445004],[105.983714,20.444176],[105.982948,20.440763],[105.979622,20.44033],[105.977851,20.441697],[105.977176,20.433681],[105.976032,20.433628],[105.973785,20.423239],[105.969785,20.423342],[105.968764,20.425534],[105.963817,20.425131],[105.962728,20.422045],[105.959585,20.420912],[105.954812,20.414842],[105.953627,20.424568],[105.951147,20.429604],[105.948589,20.430387],[105.951599,20.43876],[105.948817,20.443553],[105.950414,20.448037],[105.947549,20.452073],[105.949299,20.455514],[105.947519,20.46064],[105.951931,20.466932],[105.954257,20.465421],[105.957985,20.465831],[105.959417,20.468768],[105.955181,20.473506],[105.956821,20.474038],[105.955883,20.475598],[105.960539,20.477573],[105.957944,20.477954],[105.958757,20.480233],[105.957034,20.484171],[105.965536,20.486691],[105.965805,20.492345],[105.969123,20.498799],[105.973602,20.497336]]]}},{"type":"Feature","properties":{"code":"13495","name":"Xã Thanh Liêm","type":"Xã"},"geometry":{"type":"Polygon","coordinates":[[[105.917863,20.461951],[105.920557,20.459645],[105.92729,20.458962],[105.932974,20.451737],[105.937787,20.45136],[105.937425,20.449621],[105.942916,20.449084],[105.943292,20.451271],[105.947549,20.452073],[105.950414,20.448037],[105.948817,20.443553],[105.951078,20.44157],[105.951458,20.435863],[105.948589,20.430387],[105.951147,20.429604],[105.953627,20.424568],[105.954812,20.414842],[105.948276,20.413442],[105.950235,20.403634],[105.942145,20.398408],[105.941353,20.400411],[105.931824,20.397622],[105.927358,20.399331],[105.926314,20.40336],[105.920613,20.405444],[105.918804,20.410016],[105.917719,20.409813],[105.91681,20.428509],[105.913736,20.429041],[105.912668,20.432655],[105.908779,20.446814],[105.909872,20.449571],[105.906921,20.462817],[105.909529,20.463285],[105.909845,20.461806],[105.91812,20.463795],[105.917863,20.461951]]]}},{"type":"Feature","properties":{"code":"13489","name":"Xã Thanh Lâm","type":"Xã"},"geometry":{"type":"Polygon","coordinates":[[[105.907208,20.465822],[105.909872,20.449571],[105.908779,20.446814],[105.912668,20.432655],[105.913736,20.429041],[105.91681,20.428509],[105.917719,20.409813],[105.918804,20.410016],[105.920613,20.405444],[105.924021,20.404846],[105.923842,20.40335],[105.926314,20.40336],[105.926946,20.401626],[105.927358,20.399331],[105.923759,20.395333],[105.925932,20.381436],[105.930717,20.375841],[105.936688,20.375475],[105.934756,20.368004],[105.924514,20.362904],[105.92031,20.363814],[105.916765,20.372748],[105.911672,20.376017],[105.909118,20.375357],[105.909398,20.372658],[105.904517,20.373441],[105.903192,20.371896],[105.899066,20.374319],[105.897963,20.378587],[105.892296,20.38307],[105.893299,20.386352],[105.892212,20.38794],[105.887271,20.389096],[105.886404,20.391864],[105.879523,20.398086],[105.874719,20.407017],[105.868751,20.409512],[105.865246,20.417504],[105.856423,20.426573],[105.853646,20.43232],[105.852365,20.452252],[105.855658,20.451428],[105.867143,20.454739],[105.865404,20.457583],[105.868104,20.462942],[105.885766,20.470448],[105.890204,20.470003],[105.89059,20.471241],[105.901116,20.464531],[105.907208,20.465822]]]}},{"type":"Feature","properties":{"code":"14434","name":"Xã Thanh Sơn","type":"Xã"},"geometry":{"type":"Polygon","coordinates":[[[105.787005,20.313606],[105.792908,20.317073],[105.800572,20.317834],[105.801984,20.308055],[105.80442,20.307996],[105.804864,20.303932],[105.806935,20.302169],[105.805525,20.299629],[105.809552,20.297619],[105.810836,20.294112],[105.810483,20.290432],[105.808581,20.288381],[105.810862,20.286639],[105.815254,20.286726],[105.815395,20.283777],[105.821087,20.275006],[105.816361,20.266717],[105.817034,20.259085],[105.814592,20.255654],[105.810933,20.255082],[105.801791,20.259991],[105.798589,20.26555],[105.793893,20.263724],[105.796029,20.261993],[105.793731,20.25982],[105.79051,20.263347],[105.789629,20.259907],[105.787409,20.259252],[105.788529,20.257931],[105.787054,20.256458],[105.788492,20.255129],[105.783702,20.249714],[105.776002,20.244307],[105.776106,20.243045],[105.775486,20.243952],[105.767971,20.240602],[105.758658,20.249012],[105.75561,20.253926],[105.74889,20.256505],[105.753421,20.261999],[105.752174,20.26332],[105.756039,20.266348],[105.752529,20.26977],[105.753309,20.271139],[105.758697,20.278679],[105.768287,20.284248],[105.766088,20.286517],[105.766776,20.289862],[105.764317,20.291861],[105.768196,20.294508],[105.767977,20.297074],[105.772082,20.298797],[105.779428,20.306454],[105.773284,20.309113],[105.772651,20.314029],[105.779109,20.315503],[105.784503,20.31965],[105.784665,20.316222],[105.787005,20.313606]]]}},{"type":"Feature","properties":{"code":"13594","name":"Xã Trần Thương","type":"Xã"},"geometry":{"type":"Polygon","coordinates":[[[106.129734,20.584796],[106.13273,20.57451],[106.140753,20.56977],[106.139521,20.567579],[106.129062,20.566948],[106.128398,20.554811],[106.120344,20.555042],[106.11825,20.557744],[106.112459,20.557606],[106.112682,20.555746],[106.109369,20.556732],[106.10905,20.554325],[106.112065,20.551597],[106.113341,20.545622],[106.115659,20.546138],[106.119632,20.53663],[106.120827,20.538126],[106.117188,20.533057],[106.110999,20.532752],[106.110755,20.530705],[106.106952,20.530624],[106.10698,20.521969],[106.10567,20.521084],[106.11213,20.515019],[106.113007,20.515638],[106.117301,20.509781],[106.110888,20.508601],[106.099633,20.509992],[106.096675,20.513663],[106.097314,20.526591],[106.09508,20.531396],[106.085995,20.534264],[106.075412,20.526552],[106.071114,20.538087],[106.075143,20.553754],[106.079243,20.550312],[106.079947,20.551918],[106.084256,20.55061],[106.086726,20.555376],[106.090168,20.556354],[106.088817,20.557537],[106.089665,20.566097],[106.096308,20.565954],[106.096311,20.567156],[106.103112,20.567909],[106.102839,20.570967],[106.099331,20.570901],[106.098828,20.575529],[106.099632,20.581286],[106.101206,20.581362],[106.101174,20.58583],[106.106913,20.586056],[106.107285,20.583847],[106.110456,20.584321],[106.117491,20.580139],[106.121256,20.584252],[106.129734,20.584796]]]}},{"type":"Feature","properties":{"code":"14053","name":"Xã Trực Ninh","type":"Xã"},"geometry":{"type":"Polygon","coordinates":[[[106.212188,20.279708],[106.225838,20.279455],[106.224388,20.278371],[106.226517,20.27835],[106.226482,20.274385],[106.230298,20.272805],[106.227042,20.265065],[106.228878,20.263181],[106.230881,20.264094],[106.231485,20.261982],[106.233472,20.266018],[106.236947,20.26551],[106.237668,20.268631],[106.242016,20.267776],[106.243703,20.261363],[106.243325,20.254329],[106.253482,20.249079],[106.243453,20.237658],[106.221461,20.22407],[106.218086,20.240027],[106.218241,20.247156],[106.213943,20.247638],[106.213959,20.249856],[106.210339,20.249178],[106.209676,20.251113],[106.205724,20.24912],[106.202995,20.263179],[106.198049,20.261207],[106.197594,20.26252],[106.192581,20.259036],[106.191157,20.266641],[106.197254,20.267108],[106.19944,20.263269],[106.205268,20.266283],[106.204744,20.268153],[106.206003,20.268835],[106.208626,20.269035],[106.208141,20.26661],[106.211289,20.266517],[106.211566,20.269437],[106.214348,20.270458],[106.213733,20.278018],[106.212188,20.279708]]]}},{"type":"Feature","properties":{"code":"13807","name":"Xã Tân Minh","type":"Xã"},"geometry":{"type":"Polygon","coordinates":[[[105.977851,20.441697],[105.981773,20.44066],[105.982188,20.431304],[105.986234,20.431769],[105.986334,20.429469],[105.994072,20.429423],[105.99474,20.428244],[105.990025,20.417144],[105.991092,20.410734],[105.989478,20.410564],[105.989301,20.403985],[105.991201,20.403726],[105.992736,20.400342],[105.99544,20.40065],[105.99691,20.397917],[105.995593,20.395406],[106.00183,20.396338],[106.00047,20.399798],[106.004897,20.402492],[106.013738,20.399465],[106.021067,20.402653],[106.028335,20.401886],[106.030897,20.39855],[106.036955,20.399228],[106.04466,20.403146],[106.046923,20.397008],[106.041939,20.389631],[106.044391,20.386541],[106.041766,20.386142],[106.042719,20.381272],[106.041385,20.378507],[106.03821,20.377859],[106.041051,20.37203],[106.038838,20.369242],[106.040119,20.365814],[106.044297,20.362669],[106.046697,20.363207],[106.047467,20.359297],[106.041527,20.359049],[106.0308,20.353998],[106.029284,20.356562],[106.02955,20.361886],[106.023681,20.367764],[106.016926,20.366285],[106.016456,20.367331],[106.0095,20.364611],[106.004434,20.370179],[105.996582,20.366516],[105.984538,20.383165],[105.980338,20.383324],[105.980573,20.380542],[105.975363,20.376101],[105.973972,20.370642],[105.970972,20.370554],[105.966878,20.374651],[105.960727,20.373311],[105.955925,20.382589],[105.957854,20.383651],[105.956726,20.386135],[105.963594,20.389905],[105.962074,20.393587],[105.951055,20.387656],[105.949557,20.388979],[105.94474,20.388214],[105.942108,20.398298],[105.950235,20.403634],[105.948276,20.413442],[105.954913,20.414867],[105.959585,20.420912],[105.962728,20.422045],[105.963817,20.425131],[105.968764,20.425534],[105.969785,20.423342],[105.973785,20.423239],[105.976032,20.433628],[105.977176,20.433681],[105.977851,20.441697]]]}},{"type":"Feature","properties":{"code":"13474","name":"Xã Tân Thanh","type":"Xã"},"geometry":{"type":"Polygon","coordinates":[[[105.912548,20.486838],[105.92493,20.485483],[105.929428,20.483599],[105.929501,20.480859],[105.935572,20.481001],[105.935561,20.489263],[105.932298,20.490121],[105.933851,20.495231],[105.936588,20.494616],[105.937332,20.496788],[105.938722,20.496428],[105.937625,20.49764],[105.93926,20.50332],[105.943645,20.505027],[105.943656,20.501261],[105.947689,20.498832],[105.946809,20.494269],[105.949509,20.494132],[105.951487,20.489964],[105.954711,20.489542],[105.958614,20.481008],[105.957944,20.477954],[105.960481,20.477945],[105.955883,20.475598],[105.956821,20.474038],[105.955181,20.473506],[105.959417,20.468768],[105.957985,20.465831],[105.954257,20.465421],[105.951931,20.466932],[105.947519,20.46064],[105.949299,20.455514],[105.948075,20.452332],[105.943292,20.451271],[105.942916,20.449084],[105.932974,20.451737],[105.92729,20.458962],[105.917783,20.461371],[105.91812,20.463795],[105.909845,20.461806],[105.909529,20.463285],[105.906921,20.462817],[105.907208,20.465822],[105.901116,20.464531],[105.89059,20.471241],[105.890204,20.470003],[105.885766,20.470448],[105.868104,20.462942],[105.865404,20.457583],[105.867143,20.454739],[105.855658,20.451428],[105.852365,20.452252],[105.851671,20.478795],[105.854249,20.48083],[105.854108,20.487673],[105.856933,20.489421],[105.867918,20.493103],[105.872076,20.497895],[105.878304,20.498941],[105.880396,20.492502],[105.882856,20.492767],[105.886059,20.489556],[105.886504,20.490959],[105.888734,20.490897],[105.890108,20.487578],[105.908084,20.489106],[105.908414,20.484554],[105.912569,20.484469],[105.912548,20.486838]]]}},{"type":"Feature","properties":{"code":"13597","name":"Xã Vĩnh Trụ","type":"Xã"},"geometry":{"type":"Polygon","coordinates":[[[106.038489,20.572063],[106.047007,20.573306],[106.048697,20.570639],[106.050873,20.562669],[106.052415,20.563223],[106.05157,20.560678],[106.063318,20.558992],[106.066237,20.55491],[106.066669,20.556521],[106.070329,20.556427],[106.071026,20.552026],[106.074263,20.550805],[106.071118,20.539091],[106.075412,20.526552],[106.073172,20.525136],[106.069879,20.524525],[106.058924,20.530028],[106.047738,20.532907],[106.042274,20.532554],[106.042448,20.531382],[106.03473,20.528946],[106.035103,20.531706],[106.031074,20.536058],[106.027606,20.546152],[106.026872,20.558056],[106.028825,20.571713],[106.030267,20.568546],[106.037361,20.570448],[106.038489,20.572063]]]}},{"type":"Feature","properties":{"code":"13834","name":"Xã Vũ Dương","type":"Xã"},"geometry":{"type":"Polygon","coordinates":[[[106.004988,20.368776],[106.006361,20.369247],[106.0095,20.364611],[106.016456,20.367331],[106.016926,20.366285],[106.023681,20.367764],[106.02955,20.361886],[106.029284,20.356562],[106.0308,20.353998],[106.041527,20.359049],[106.047467,20.359297],[106.046697,20.363207],[106.049833,20.364493],[106.054458,20.364523],[106.056919,20.36295],[106.057087,20.364754],[106.05984,20.365651],[106.060705,20.364269],[106.064464,20.366994],[106.069393,20.361842],[106.067925,20.357037],[106.069645,20.355384],[106.067758,20.35294],[106.066073,20.340781],[106.063848,20.336001],[106.057582,20.329819],[106.049573,20.300603],[106.046258,20.299748],[106.046441,20.302599],[106.038643,20.307643],[106.028134,20.306818],[106.025362,20.322777],[106.029967,20.324028],[106.029929,20.325508],[106.032993,20.326161],[106.033048,20.327522],[106.03036,20.327049],[106.029334,20.3313],[106.027292,20.331242],[106.025344,20.334915],[106.023479,20.334492],[106.022941,20.337683],[106.020633,20.339102],[106.015404,20.337641],[106.012405,20.344286],[106.014025,20.344558],[106.012497,20.35041],[106.005899,20.344885],[106.004836,20.347493],[106.002571,20.347128],[106.002584,20.348291],[105.998909,20.345504],[105.994307,20.364176],[105.998613,20.362786],[105.996582,20.366516],[106.004434,20.370179],[106.004988,20.368776]]]}},{"type":"Feature","properties":{"code":"13864","name":"Xã Vạn Thắng","type":"Xã"},"geometry":{"type":"Polygon","coordinates":[[[106.067029,20.32081],[106.075574,20.314048],[106.076264,20.31098],[106.080876,20.309336],[106.085449,20.313542],[106.097779,20.313455],[106.100096,20.311883],[106.100573,20.300762],[106.081036,20.302706],[106.081488,20.290844],[106.083295,20.289557],[106.081467,20.289577],[106.081513,20.287338],[106.083678,20.287107],[106.084307,20.282887],[106.079407,20.282576],[106.077394,20.28047],[106.074938,20.281934],[106.073645,20.27724],[106.076544,20.277815],[106.076983,20.274843],[106.06977,20.274227],[106.070082,20.276549],[106.064044,20.276113],[106.064673,20.277651],[106.062719,20.278112],[106.062537,20.280109],[106.060167,20.278353],[106.054736,20.281228],[106.045188,20.282166],[106.045016,20.27881],[106.037518,20.275905],[106.036233,20.278122],[106.033616,20.277328],[106.032401,20.280428],[106.025566,20.277991],[106.028166,20.272481],[106.022932,20.27256],[106.014808,20.287975],[106.01667,20.288766],[106.01581,20.290264],[106.017173,20.29116],[106.01623,20.297017],[106.020342,20.300742],[106.020574,20.308366],[106.028092,20.309052],[106.028134,20.306818],[106.038643,20.307643],[106.046441,20.302599],[106.046258,20.299748],[106.04745,20.299967],[106.049774,20.300781],[106.055335,20.31846],[106.06041,20.316657],[106.067029,20.32081]]]}},{"type":"Feature","properties":{"code":"13741","name":"Xã Vụ Bản","type":"Xã"},"geometry":{"type":"Polygon","coordinates":[[[106.083952,20.372888],[106.087912,20.371024],[106.088886,20.368443],[106.094335,20.367894],[106.097607,20.361365],[106.099794,20.362378],[106.099126,20.360256],[106.101462,20.35688],[106.100451,20.356601],[106.104507,20.351277],[106.099345,20.34873],[106.09683,20.345172],[106.091331,20.344699],[106.089953,20.339101],[106.093629,20.332585],[106.096002,20.332219],[106.096017,20.326976],[106.097139,20.327369],[106.097204,20.325169],[106.09961,20.323351],[106.100096,20.311883],[106.096232,20.314314],[106.096154,20.31322],[106.085449,20.313542],[106.080876,20.309336],[106.076264,20.31098],[106.075574,20.314048],[106.06615,20.321196],[106.06041,20.316657],[106.055335,20.31846],[106.057552,20.329744],[106.064338,20.336795],[106.067346,20.345928],[106.067758,20.35294],[106.069635,20.355334],[106.067925,20.357037],[106.069463,20.361699],[106.066207,20.364418],[106.071241,20.367741],[106.070376,20.369436],[106.073852,20.37347],[106.075226,20.37139],[106.079344,20.372713],[106.0803,20.375329],[106.084115,20.375523],[106.083952,20.372888]]]}},{"type":"Feature","properties":{"code":"14104","name":"Xã Xuân Giang","type":"Xã"},"geometry":{"type":"Polygon","coordinates":[[[106.360278,20.336081],[106.36099,20.341638],[106.372832,20.333927],[106.374346,20.336314],[106.371475,20.337921],[106.372589,20.33967],[106.381101,20.338533],[106.388524,20.339947],[106.393467,20.33815],[106.39554,20.340484],[106.408345,20.330488],[106.419831,20.313435],[106.432695,20.299315],[106.426084,20.29279],[106.411446,20.285137],[106.396066,20.282551],[106.395304,20.290554],[106.39968,20.293632],[106.394372,20.300211],[106.395944,20.302712],[106.392387,20.305341],[106.391545,20.303776],[106.385226,20.309732],[106.381476,20.308209],[106.374322,20.31365],[106.372175,20.312323],[106.368333,20.315072],[106.356425,20.31265],[106.356938,20.316389],[106.354714,20.316476],[106.354203,20.315115],[106.351475,20.314945],[106.350589,20.310991],[106.347847,20.311126],[106.349103,20.306151],[106.345202,20.305363],[106.335021,20.331604],[106.354127,20.342181],[106.360278,20.336081]]]}},{"type":"Feature","properties":{"code":"14122","name":"Xã Xuân Hưng","type":"Xã"},"geometry":{"type":"Polygon","coordinates":[[[106.356735,20.316695],[106.356425,20.31265],[106.358053,20.312358],[106.368371,20.315068],[106.372175,20.312323],[106.374322,20.31365],[106.381476,20.308209],[106.385226,20.309732],[106.391545,20.303776],[106.392387,20.305341],[106.395944,20.302712],[106.394372,20.300211],[106.39968,20.293632],[106.395304,20.290554],[106.396066,20.282551],[106.379284,20.280651],[106.374059,20.275737],[106.371403,20.267378],[106.370017,20.253154],[106.365439,20.23925],[106.359974,20.242907],[106.360832,20.245943],[106.359425,20.246984],[106.35964,20.250625],[106.358358,20.250312],[106.358451,20.263972],[106.347635,20.26331],[106.347633,20.274585],[106.352794,20.275371],[106.35248,20.277304],[106.354268,20.27764],[106.353722,20.285235],[106.356114,20.287341],[106.349448,20.298697],[106.344989,20.299385],[106.345202,20.305363],[106.349193,20.306284],[106.347847,20.311126],[106.351031,20.311424],[106.351475,20.314945],[106.356735,20.316695]]]}},{"type":"Feature","properties":{"code":"14095","name":"Xã Xuân Hồng","type":"Xã"},"geometry":{"type":"Polygon","coordinates":[[[106.370751,20.345607],[106.386193,20.344255],[106.39554,20.340484],[106.393467,20.33815],[106.388524,20.339947],[106.381101,20.338533],[106.372589,20.33967],[106.371475,20.337921],[106.374346,20.336314],[106.372832,20.333927],[106.36099,20.341638],[106.36032,20.336057],[106.354127,20.342181],[106.335021,20.331604],[106.340634,20.319624],[106.329064,20.318379],[106.329267,20.315868],[106.326155,20.315004],[106.325392,20.312713],[106.326636,20.312975],[106.328063,20.31022],[106.324129,20.302704],[106.324222,20.297855],[106.317167,20.296103],[106.313089,20.298122],[106.311365,20.328074],[106.312211,20.332327],[106.319871,20.344037],[106.316296,20.34537],[106.305072,20.3416],[106.296208,20.340912],[106.307937,20.352323],[106.322654,20.362349],[106.335881,20.376135],[106.34173,20.376588],[106.355377,20.35429],[106.370751,20.345607]]]}},{"type":"Feature","properties":{"code":"14089","name":"Xã Xuân Trường","type":"Xã"},"geometry":{"type":"Polygon","coordinates":[[[106.340634,20.319624],[106.345867,20.303979],[106.344989,20.299385],[106.349448,20.298697],[106.356092,20.287543],[106.353722,20.285235],[106.354268,20.27764],[106.35248,20.277304],[106.352794,20.275371],[106.347633,20.274585],[106.347635,20.26331],[106.358451,20.263972],[106.358358,20.250312],[106.35964,20.250625],[106.35993,20.246366],[106.356103,20.244547],[106.358096,20.243168],[106.356746,20.240632],[106.351382,20.237926],[106.350452,20.239101],[106.349136,20.238142],[106.348726,20.239864],[106.345727,20.23883],[106.345864,20.2361],[106.342202,20.238849],[106.336167,20.237345],[106.328179,20.242599],[106.324319,20.243362],[106.322355,20.216999],[106.315805,20.218016],[106.31657,20.228217],[106.313741,20.229686],[106.315106,20.231244],[106.312518,20.232534],[106.310338,20.229813],[106.307655,20.230617],[106.308466,20.223016],[106.303931,20.223814],[106.304328,20.228205],[106.297434,20.231464],[106.300956,20.241775],[106.299942,20.243862],[106.295023,20.245514],[106.310901,20.256421],[106.31856,20.263666],[106.321474,20.268609],[106.330019,20.293107],[106.328573,20.297929],[106.324222,20.297855],[106.324129,20.302704],[106.328063,20.31022],[106.326636,20.312975],[106.325392,20.312713],[106.326155,20.315004],[106.329267,20.315868],[106.329064,20.318379],[106.340634,20.319624]]]}},{"type":"Feature","properties":{"code":"13870","name":"Xã Yên Cường","type":"Xã"},"geometry":{"type":"Polygon","coordinates":[[[106.138312,20.306286],[106.139315,20.307739],[106.143903,20.304657],[106.141516,20.295553],[106.143797,20.277994],[106.139708,20.270052],[106.132908,20.267618],[106.117634,20.268855],[106.097855,20.2503],[106.094476,20.254706],[106.088984,20.253884],[106.084708,20.249016],[106.083437,20.245033],[106.077375,20.251043],[106.075137,20.250226],[106.073099,20.254985],[106.075025,20.255267],[106.073942,20.259252],[106.072296,20.258915],[106.071769,20.261261],[106.073726,20.261422],[106.072754,20.271277],[106.076712,20.27114],[106.07672,20.273011],[106.074493,20.273898],[106.076983,20.274843],[106.076544,20.277815],[106.073645,20.27724],[106.073881,20.280498],[106.074938,20.281934],[106.077394,20.28047],[106.079407,20.282576],[106.084307,20.282887],[106.083678,20.287107],[106.081513,20.287338],[106.081467,20.289577],[106.083295,20.289557],[106.081488,20.290844],[106.081036,20.302706],[106.098458,20.300425],[106.125724,20.304843],[106.128806,20.308151],[106.132462,20.305403],[106.13517,20.308805],[106.138312,20.306286]]]}},{"type":"Feature","properties":{"code":"14560","name":"Xã Yên Khánh","type":"Xã"},"geometry":{"type":"Polygon","coordinates":[[[106.069877,20.218919],[106.076052,20.215205],[106.078017,20.216672],[106.079675,20.214826],[106.077682,20.20898],[106.06896,20.195425],[106.074662,20.191375],[106.07871,20.193082],[106.084744,20.189326],[106.079756,20.18005],[106.051823,20.148116],[106.050436,20.15221],[106.050346,20.172354],[106.030749,20.178354],[106.03034,20.186768],[106.023293,20.194799],[106.017258,20.195586],[106.019821,20.197558],[106.02373,20.205273],[106.025726,20.203601],[106.029354,20.208402],[106.033858,20.215942],[106.031356,20.217066],[106.037535,20.223832],[106.045269,20.218614],[106.053526,20.216796],[106.062601,20.219861],[106.070504,20.225142],[106.072821,20.22147],[106.069877,20.218919]]]}},{"type":"Feature","properties":{"code":"14701","name":"Xã Yên Mô","type":"Xã"},"geometry":{"type":"Polygon","coordinates":[[[106.042349,20.173011],[106.023384,20.167099],[106.02556,20.160605],[106.024677,20.149653],[106.021836,20.142709],[106.022253,20.133576],[106.019337,20.132164],[106.006279,20.130868],[106.000597,20.132055],[105.998267,20.135871],[105.993886,20.138796],[105.991992,20.143499],[105.97728,20.14302],[105.968256,20.144384],[105.966989,20.154157],[105.969537,20.156917],[105.972548,20.15579],[105.976128,20.156971],[105.979153,20.161528],[105.976675,20.16472],[105.979508,20.169545],[105.990331,20.171484],[105.991144,20.177913],[106.007989,20.189919],[106.007957,20.193233],[106.015797,20.195536],[106.022975,20.195001],[106.031057,20.185597],[106.030749,20.178354],[106.043088,20.174393],[106.042349,20.173011]]]}},{"type":"Feature","properties":{"code":"14743","name":"Xã Yên Mạc","type":"Xã"},"geometry":{"type":"Polygon","coordinates":[[[106.025591,20.133898],[106.028109,20.133247],[106.031895,20.128375],[106.035113,20.127646],[106.029652,20.120508],[106.021655,20.11768],[106.020847,20.108259],[106.036188,20.097574],[106.033557,20.09546],[106.040992,20.093308],[106.039948,20.089813],[106.04272,20.089108],[106.040966,20.081554],[106.029446,20.085489],[106.028675,20.080932],[106.031638,20.079508],[106.030825,20.074158],[106.033282,20.073637],[106.032761,20.071247],[106.028673,20.071394],[106.033079,20.060376],[106.023545,20.058638],[106.01891,20.06046],[106.018067,20.059578],[106.014353,20.064832],[106.011524,20.065605],[106.011087,20.067938],[106.015742,20.069124],[106.013943,20.071176],[106.013425,20.076539],[106.007147,20.094373],[106.00089,20.106682],[105.997428,20.107096],[105.995285,20.11154],[105.999669,20.110515],[106.003228,20.113406],[106.002987,20.115833],[105.996558,20.121949],[106.000597,20.132055],[106.006279,20.130868],[106.019337,20.132164],[106.022253,20.133576],[106.021823,20.136072],[106.024945,20.136979],[106.025591,20.133898]]]}},{"type":"Feature","properties":{"code":"14728","name":"Xã Yên Từ","type":"Xã"},"geometry":{"type":"Polygon","coordinates":[[[106.043088,20.174393],[106.050483,20.172025],[106.050436,20.15221],[106.052381,20.141554],[106.065352,20.126],[106.071224,20.12366],[106.059869,20.117666],[106.046737,20.105018],[106.036188,20.097574],[106.020804,20.108403],[106.021655,20.11768],[106.029652,20.120508],[106.035113,20.127646],[106.031429,20.128706],[106.028109,20.133247],[106.024614,20.134042],[106.024945,20.136979],[106.022164,20.136255],[106.021303,20.138581],[106.024677,20.149653],[106.025609,20.1595],[106.023384,20.167099],[106.042278,20.172954],[106.043088,20.174393]]]}},{"type":"Feature","properties":{"code":"13879","name":"Xã Yên Đồng","type":"Xã"},"geometry":{"type":"Polygon","coordinates":[[[106.053284,20.281159],[106.060167,20.278353],[106.062537,20.280109],[106.062719,20.278112],[106.064673,20.277651],[106.064044,20.276113],[106.070082,20.276549],[106.06977,20.274227],[106.074321,20.275153],[106.074938,20.273089],[106.07672,20.273011],[106.076712,20.27114],[106.072753,20.271275],[106.073726,20.261422],[106.071769,20.261261],[106.075025,20.255267],[106.073099,20.254985],[106.073822,20.25178],[106.07523,20.25017],[106.077375,20.251043],[106.083437,20.245033],[106.080399,20.235507],[106.074411,20.228431],[106.062601,20.219861],[106.052032,20.216805],[106.039872,20.221922],[106.031404,20.230136],[106.029234,20.2353],[106.030096,20.239263],[106.033565,20.240952],[106.044263,20.240471],[106.048097,20.241846],[106.049695,20.245996],[106.047026,20.251966],[106.040926,20.255401],[106.030016,20.250867],[106.019638,20.249812],[106.022733,20.255904],[106.025407,20.256762],[106.022972,20.262036],[106.021541,20.261794],[106.017013,20.267665],[106.021167,20.272256],[106.020269,20.275169],[106.022967,20.272536],[106.028166,20.272481],[106.026233,20.278247],[106.032401,20.280428],[106.033616,20.277328],[106.036233,20.278122],[106.037518,20.275905],[106.045016,20.27881],[106.044293,20.282092],[106.053284,20.281159]]]}},{"type":"Feature","properties":{"code":"13795","name":"Xã Ý Yên","type":"Xã"},"geometry":{"type":"Polygon","coordinates":[[[106.013895,20.345753],[106.012405,20.344286],[106.015404,20.337641],[106.020633,20.339102],[106.022941,20.337683],[106.023479,20.334492],[106.025344,20.334915],[106.027292,20.331242],[106.029334,20.3313],[106.03036,20.327049],[106.033048,20.327522],[106.032993,20.326161],[106.029929,20.325508],[106.029967,20.324028],[106.025362,20.322777],[106.028092,20.309052],[106.020574,20.308366],[106.020342,20.300742],[106.01623,20.297017],[106.017173,20.29116],[106.015033,20.286489],[106.021761,20.275319],[106.020269,20.275169],[106.021167,20.272256],[106.01705,20.267483],[106.021541,20.261794],[106.022972,20.262036],[106.025407,20.256762],[106.022733,20.255904],[106.019638,20.249812],[106.001866,20.252099],[105.99169,20.256076],[105.98164,20.263506],[105.981055,20.267267],[105.986435,20.283483],[105.984887,20.291213],[105.978793,20.300309],[105.967125,20.312685],[105.953954,20.319216],[105.955298,20.32333],[105.964519,20.325275],[105.968256,20.330439],[105.970849,20.32734],[105.979259,20.337244],[105.988715,20.342057],[105.989188,20.34505],[105.998889,20.341794],[105.998909,20.345504],[106.002584,20.348291],[106.002571,20.347128],[106.004836,20.347493],[106.005899,20.344885],[106.012497,20.35041],[106.013895,20.345753]]]}},{"type":"Feature","properties":{"code":"14500","name":"Xã Đại Hoàng","type":"Xã"},"geometry":{"type":"Polygon","coordinates":[[[105.855071,20.350508],[105.858,20.349826],[105.858831,20.345699],[105.862071,20.345477],[105.861411,20.344243],[105.874293,20.336211],[105.880493,20.328845],[105.881885,20.33023],[105.884808,20.327728],[105.887626,20.329414],[105.886748,20.326374],[105.887855,20.324667],[105.889855,20.323563],[105.891831,20.324685],[105.896389,20.319757],[105.894806,20.315384],[105.898742,20.310209],[105.897289,20.308437],[105.901902,20.305162],[105.897995,20.298659],[105.887994,20.290478],[105.880746,20.290144],[105.874772,20.294926],[105.873493,20.299725],[105.870686,20.302223],[105.866767,20.302698],[105.863485,20.299944],[105.848235,20.302747],[105.847863,20.30759],[105.836443,20.31919],[105.83549,20.322887],[105.844083,20.329729],[105.848837,20.330836],[105.848675,20.333412],[105.84705,20.333454],[105.852406,20.338529],[105.856778,20.346144],[105.85296,20.346395],[105.855071,20.350508]]]}},{"type":"Feature","properties":{"code":"14677","name":"Xã Định Hóa","type":"Xã"},"geometry":{"type":"Polygon","coordinates":[[[106.095842,20.050083],[106.102518,20.03767],[106.103275,20.030577],[106.109234,20.034778],[106.113309,20.034949],[106.111069,20.0171],[106.105004,19.999863],[106.098089,20.001987],[106.086712,20.000022],[106.083843,20.024322],[106.063467,20.017432],[106.061169,20.017902],[106.066096,20.03239],[106.066124,20.037218],[106.073868,20.052282],[106.076325,20.065495],[106.074924,20.067337],[106.079429,20.070967],[106.095842,20.050083]]]}},{"type":"Feature","properties":{"code":"14746","name":"Xã Đồng Thái","type":"Xã"},"geometry":{"type":"Polygon","coordinates":[[[105.943941,20.117998],[105.946416,20.111762],[105.949243,20.112359],[105.951869,20.117549],[105.957859,20.11381],[105.962369,20.118703],[105.966498,20.116223],[105.9675,20.1184],[105.964432,20.122313],[105.968534,20.122981],[105.965192,20.130036],[105.967945,20.130711],[105.968273,20.135362],[105.991299,20.135374],[105.995803,20.137424],[105.997848,20.136242],[106.000601,20.132095],[105.996576,20.121856],[106.003362,20.114202],[106.001613,20.111189],[105.995285,20.11154],[105.995695,20.109823],[105.997836,20.106811],[106.00089,20.106682],[106.007059,20.094575],[106.013425,20.076539],[106.013943,20.071176],[106.015742,20.069124],[106.011087,20.067938],[106.011524,20.065605],[105.996534,20.067949],[105.99389,20.067174],[105.993625,20.068766],[105.983078,20.068842],[105.977571,20.066448],[105.974322,20.067385],[105.959717,20.065444],[105.95222,20.074074],[105.946932,20.074494],[105.939892,20.083737],[105.930128,20.090576],[105.924624,20.101448],[105.928288,20.10367],[105.931379,20.109256],[105.930775,20.111832],[105.928451,20.113232],[105.929741,20.115066],[105.937854,20.118645],[105.943941,20.117998]]]}},{"type":"Feature","properties":{"code":"13900","name":"Xã Đồng Thịnh","type":"Xã"},"geometry":{"type":"Polygon","coordinates":[[[106.147744,20.310912],[106.153533,20.303178],[106.156475,20.295078],[106.159332,20.293754],[106.163355,20.283769],[106.158791,20.281992],[106.173434,20.255148],[106.171397,20.257441],[106.164949,20.25518],[106.16532,20.254141],[106.162182,20.25328],[106.161048,20.254403],[106.141083,20.247714],[106.135903,20.255552],[106.124069,20.249007],[106.132199,20.232802],[106.1297,20.231106],[106.130267,20.221722],[106.112835,20.216467],[106.106425,20.216765],[106.102305,20.225837],[106.100833,20.236939],[106.097329,20.24687],[106.097855,20.2503],[106.117634,20.268855],[106.132908,20.267618],[106.140423,20.270835],[106.143896,20.279662],[106.141885,20.299113],[106.147744,20.310912]]]}}]}