{"type":"FeatureCollection","features":[{"type":"Feature","properties":{"code":"14812","name":"Phường Bỉm Sơn","type":"Phường"},"geometry":{"type":"Polygon","coordinates":[[[105.892446,20.105162],[105.898187,20.10423],[105.903162,20.10986],[105.910305,20.104888],[105.915876,20.106184],[105.924729,20.101362],[105.930128,20.090576],[105.939892,20.083737],[105.946932,20.074494],[105.95222,20.074074],[105.959717,20.065444],[105.971681,20.066034],[105.966006,20.060834],[105.966611,20.056315],[105.963927,20.054971],[105.962673,20.046703],[105.952507,20.045834],[105.947364,20.040675],[105.94386,20.039579],[105.934753,20.045887],[105.925149,20.04229],[105.917188,20.045956],[105.913055,20.044189],[105.911132,20.048099],[105.911857,20.049774],[105.909825,20.050925],[105.903113,20.049976],[105.899978,20.051476],[105.896164,20.049914],[105.889857,20.051044],[105.889152,20.052362],[105.88733,20.051009],[105.886709,20.053641],[105.884339,20.053294],[105.88379,20.051558],[105.88063,20.052725],[105.882048,20.056992],[105.87756,20.05952],[105.880821,20.067233],[105.858714,20.082278],[105.857923,20.085597],[105.859763,20.089998],[105.869726,20.100691],[105.872455,20.100977],[105.876106,20.098913],[105.875452,20.101318],[105.878601,20.104853],[105.879674,20.110913],[105.892446,20.105162]]]}},{"type":"Feature","properties":{"code":"14758","name":"Phường Hàm Rồng","type":"Phường"},"geometry":{"type":"Polygon","coordinates":[[[105.764818,19.826898],[105.763425,19.83024],[105.756784,19.835913],[105.757819,19.837903],[105.755959,19.840268],[105.748704,19.840599],[105.748108,19.841885],[105.749897,19.844167],[105.748638,19.847779],[105.750763,19.853226],[105.753649,19.855566],[105.759369,19.854534],[105.760113,19.855778],[105.759549,19.860367],[105.75708,19.862922],[105.759448,19.870129],[105.768635,19.877552],[105.775964,19.874673],[105.784267,19.867802],[105.78598,19.854243],[105.794283,19.840886],[105.794347,19.835271],[105.805999,19.824303],[105.788184,19.816469],[105.78147,19.820983],[105.774146,19.821497],[105.771963,19.826318],[105.764818,19.826898]]]}},{"type":"Feature","properties":{"code":"14797","name":"Phường Hạc Thành","type":"Phường"},"geometry":{"type":"Polygon","coordinates":[[[105.780713,19.821204],[105.788184,19.816469],[105.805999,19.824303],[105.813906,19.820211],[105.821001,19.814049],[105.822455,19.809838],[105.818023,19.801788],[105.819561,19.79589],[105.817512,19.793794],[105.812979,19.79339],[105.815591,19.789786],[105.812588,19.790196],[105.811169,19.792235],[105.809642,19.790305],[105.807173,19.792935],[105.799862,19.794532],[105.80008,19.792873],[105.796188,19.790762],[105.796285,19.789096],[105.795092,19.790123],[105.790264,19.788929],[105.790357,19.786435],[105.785332,19.782284],[105.784786,19.778688],[105.778018,19.772152],[105.777918,19.765518],[105.780008,19.764396],[105.778066,19.76259],[105.776471,19.763858],[105.774702,19.774835],[105.772573,19.776014],[105.771497,19.774337],[105.770114,19.775161],[105.776309,19.7873],[105.774389,19.789032],[105.771185,19.787841],[105.769274,19.791457],[105.754682,19.79254],[105.764005,19.802485],[105.755904,19.808108],[105.757687,19.812816],[105.750098,19.814757],[105.75231,19.817532],[105.756636,19.818487],[105.757834,19.82251],[105.75952,19.821948],[105.764818,19.826898],[105.771963,19.826318],[105.774146,19.821497],[105.780713,19.821204]]]}},{"type":"Feature","properties":{"code":"16645","name":"Phường Hải Bình","type":"Phường"},"geometry":{"type":"Polygon","coordinates":[[[105.788863,19.366926],[105.796521,19.351468],[105.795591,19.348806],[105.797469,19.348975],[105.799244,19.345891],[105.79691,19.343692],[105.790052,19.345717],[105.785813,19.341432],[105.779749,19.340608],[105.774095,19.341386],[105.770765,19.344025],[105.763931,19.343307],[105.763243,19.339912],[105.750651,19.339733],[105.737429,19.332584],[105.735299,19.336515],[105.729878,19.336565],[105.728147,19.338337],[105.727396,19.351373],[105.723854,19.358463],[105.726337,19.3593],[105.726796,19.35743],[105.730858,19.359196],[105.728106,19.361748],[105.728938,19.364131],[105.733895,19.36716],[105.73643,19.366152],[105.736954,19.371824],[105.74133,19.379838],[105.743128,19.380171],[105.74315,19.376628],[105.745224,19.375276],[105.746867,19.377126],[105.745004,19.379951],[105.746189,19.381978],[105.749845,19.38176],[105.752785,19.378276],[105.756177,19.378944],[105.756619,19.38708],[105.760634,19.387092],[105.766536,19.383162],[105.769357,19.384368],[105.769745,19.388407],[105.764447,19.393159],[105.768961,19.40041],[105.767843,19.406393],[105.777476,19.415505],[105.786213,19.413535],[105.784187,19.409593],[105.787058,19.404057],[105.784106,19.399082],[105.784067,19.393264],[105.788863,19.366926]]]}},{"type":"Feature","properties":{"code":"16597","name":"Phường Hải Lĩnh","type":"Phường"},"geometry":{"type":"Polygon","coordinates":[[[105.692979,19.474399],[105.692603,19.478213],[105.700361,19.481913],[105.704419,19.491233],[105.706978,19.492872],[105.72358,19.498996],[105.730107,19.498956],[105.734348,19.501312],[105.738682,19.499637],[105.739464,19.50455],[105.741533,19.504163],[105.743602,19.506254],[105.746309,19.503342],[105.749043,19.509471],[105.754294,19.509119],[105.756328,19.506959],[105.758054,19.50877],[105.769166,19.510966],[105.773665,19.504325],[105.778015,19.503895],[105.784752,19.507512],[105.78351,19.511776],[105.786517,19.511097],[105.785443,19.51377],[105.786687,19.516501],[105.794467,19.514803],[105.794932,19.518763],[105.807083,19.519571],[105.807416,19.459584],[105.802826,19.458789],[105.79877,19.462412],[105.793331,19.461049],[105.792155,19.463514],[105.78911,19.46256],[105.785873,19.478997],[105.77982,19.48171],[105.773792,19.479967],[105.771543,19.482099],[105.765,19.482296],[105.759625,19.47881],[105.750494,19.476042],[105.742748,19.478829],[105.735295,19.475415],[105.734269,19.472847],[105.726211,19.471317],[105.721809,19.468467],[105.714615,19.469778],[105.714529,19.474774],[105.700091,19.472226],[105.692979,19.474399]]]}},{"type":"Feature","properties":{"code":"16516","name":"Phường Nam Sầm Sơn","type":"Phường"},"geometry":{"type":"Polygon","coordinates":[[[105.82387,19.738535],[105.836856,19.73543],[105.838974,19.736429],[105.852239,19.731959],[105.855226,19.73868],[105.856235,19.737711],[105.861256,19.741411],[105.865398,19.737357],[105.872742,19.737634],[105.876297,19.740774],[105.880047,19.739692],[105.877419,19.727731],[105.864209,19.717784],[105.852029,19.699124],[105.833921,19.707643],[105.833818,19.705904],[105.831919,19.706544],[105.83077,19.704371],[105.826266,19.705868],[105.824232,19.708155],[105.82574,19.712484],[105.823977,19.712237],[105.824112,19.713748],[105.822063,19.714705],[105.820376,19.715179],[105.819459,19.713743],[105.821798,19.711207],[105.820453,19.709356],[105.815473,19.711081],[105.818215,19.712572],[105.819007,19.715292],[105.816045,19.716064],[105.817817,19.723067],[105.814507,19.724128],[105.815079,19.725749],[105.818396,19.725156],[105.823612,19.743709],[105.824872,19.743538],[105.82387,19.738535]]]}},{"type":"Feature","properties":{"code":"16654","name":"Phường Nghi Sơn","type":"Phường"},"geometry":{"type":"MultiPolygon","coordinates":[[[[105.815155,19.330486],[105.81598,19.337614],[105.817276,19.335764],[105.819987,19.335484],[105.823612,19.338314],[105.823406,19.339711],[105.82169,19.339584],[105.821947,19.341256],[105.823343,19.342397],[105.824764,19.341197],[105.825888,19.3314],[105.823725,19.323576],[105.827977,19.314176],[105.827095,19.302748],[105.822183,19.303167],[105.816802,19.316297],[105.814061,19.315304],[105.811387,19.321392],[105.809824,19.321196],[105.811608,19.314118],[105.802967,19.313622],[105.804164,19.311014],[105.814409,19.308528],[105.806497,19.29595],[105.807667,19.294295],[105.804765,19.287075],[105.800258,19.301414],[105.790104,19.297861],[105.778085,19.296446],[105.774058,19.294322],[105.773952,19.292034],[105.771751,19.291699],[105.764743,19.293582],[105.762961,19.297983],[105.756716,19.302665],[105.754919,19.306993],[105.751855,19.304618],[105.751133,19.301766],[105.747838,19.302561],[105.741209,19.31576],[105.742452,19.322276],[105.737419,19.328301],[105.737583,19.332948],[105.750651,19.339733],[105.763243,19.339912],[105.763931,19.343307],[105.766304,19.343691],[105.770765,19.344025],[105.774095,19.341386],[105.779749,19.340608],[105.785813,19.341432],[105.790052,19.345717],[105.79691,19.343692],[105.799244,19.345891],[105.800662,19.339451],[105.812326,19.330462],[105.815155,19.330486]]],[[[105.897902,19.345719],[105.898457,19.348506],[105.902885,19.346047],[105.90544,19.341996],[105.904289,19.341075],[105.900371,19.342461],[105.897902,19.345719]]],[[[105.935169,19.346329],[105.930384,19.349266],[105.929569,19.35191],[105.930728,19.356322],[105.93539,19.354921],[105.93606,19.353314],[105.934112,19.350878],[105.935169,19.346329]]],[[[105.878479,19.352811],[105.877673,19.351466],[105.877133,19.353237],[105.877775,19.354467],[105.878479,19.352811]]],[[[105.874155,19.356665],[105.871682,19.357465],[105.873817,19.358249],[105.874155,19.356665]]],[[[105.930473,19.35834],[105.929234,19.358307],[105.930125,19.359104],[105.930473,19.35834]]],[[[105.90973,19.36828],[105.908601,19.367293],[105.90666,19.370722],[105.907239,19.371578],[105.90973,19.36828]]],[[[105.933069,19.363748],[105.927923,19.358912],[105.923612,19.360453],[105.918082,19.367601],[105.913651,19.369398],[105.914639,19.382772],[105.918844,19.378759],[105.92204,19.380866],[105.924859,19.380239],[105.928304,19.38355],[105.934613,19.380056],[105.937934,19.375831],[105.933695,19.37109],[105.933069,19.363748]]]]}},{"type":"Feature","properties":{"code":"15925","name":"Phường Nguyệt Viên","type":"Phường"},"geometry":{"type":"Polygon","coordinates":[[[105.810121,19.864035],[105.811876,19.858912],[105.81639,19.86173],[105.817293,19.85841],[105.819754,19.858339],[105.819574,19.856765],[105.82488,19.850744],[105.822703,19.847196],[105.82196,19.840572],[105.829226,19.833856],[105.82798,19.823355],[105.82945,19.817005],[105.833196,19.813102],[105.832988,19.810395],[105.842049,19.809398],[105.841934,19.805733],[105.844603,19.803121],[105.843905,19.800512],[105.846142,19.794378],[105.844321,19.792724],[105.845823,19.791421],[105.842942,19.788393],[105.8396,19.790832],[105.834168,19.786988],[105.819561,19.79589],[105.817955,19.801293],[105.821988,19.80743],[105.821872,19.812905],[105.813906,19.820211],[105.807737,19.822997],[105.797067,19.831689],[105.794157,19.835767],[105.794283,19.840886],[105.786475,19.852935],[105.785759,19.862405],[105.790002,19.862872],[105.790241,19.861772],[105.791034,19.863523],[105.802782,19.865613],[105.810121,19.864035]]]}},{"type":"Feature","properties":{"code":"16576","name":"Phường Ngọc Sơn","type":"Phường"},"geometry":{"type":"Polygon","coordinates":[[[105.816346,19.597787],[105.813136,19.593268],[105.807068,19.590189],[105.805863,19.587054],[105.807279,19.576277],[105.814894,19.567124],[105.810935,19.551114],[105.806057,19.552831],[105.800438,19.552409],[105.797697,19.55436],[105.79572,19.552208],[105.79495,19.554693],[105.792238,19.550494],[105.7878,19.551636],[105.788085,19.553805],[105.785951,19.554179],[105.784643,19.552261],[105.783904,19.554519],[105.783636,19.551883],[105.782007,19.551032],[105.781251,19.56311],[105.77575,19.56088],[105.760476,19.562556],[105.762047,19.559363],[105.753429,19.555095],[105.74464,19.55759],[105.743874,19.562494],[105.745341,19.570603],[105.740152,19.574132],[105.739516,19.576738],[105.744195,19.578102],[105.746469,19.581709],[105.742657,19.582222],[105.741769,19.584899],[105.747486,19.588199],[105.749411,19.596414],[105.755731,19.596323],[105.756175,19.601239],[105.759867,19.60679],[105.76317,19.606967],[105.765589,19.600479],[105.770159,19.597779],[105.772814,19.599287],[105.77476,19.60544],[105.777893,19.606575],[105.784116,19.596185],[105.788795,19.594128],[105.798485,19.598495],[105.800664,19.611692],[105.804225,19.616435],[105.808439,19.617384],[105.812651,19.615912],[105.815663,19.611362],[105.817605,19.602953],[105.816346,19.597787]]]}},{"type":"Feature","properties":{"code":"14818","name":"Phường Quang Trung","type":"Phường"},"geometry":{"type":"Polygon","coordinates":[[[105.859866,20.132599],[105.860476,20.130746],[105.86405,20.129665],[105.863956,20.127825],[105.866116,20.127921],[105.873455,20.121805],[105.878686,20.12291],[105.885165,20.119549],[105.88704,20.120565],[105.894169,20.118584],[105.903131,20.110453],[105.898187,20.10423],[105.892244,20.105181],[105.879674,20.110913],[105.878601,20.104853],[105.875452,20.101318],[105.876106,20.098913],[105.872455,20.100977],[105.869726,20.100691],[105.859763,20.089998],[105.857923,20.085597],[105.858714,20.082278],[105.880821,20.067233],[105.87756,20.05952],[105.882048,20.056992],[105.88063,20.052725],[105.86938,20.057349],[105.867282,20.052739],[105.855384,20.057584],[105.85354,20.055588],[105.845114,20.058008],[105.847115,20.060683],[105.840302,20.061465],[105.839737,20.067166],[105.834722,20.07265],[105.834171,20.077971],[105.8355,20.079227],[105.836881,20.090074],[105.83336,20.101509],[105.83724,20.108462],[105.841957,20.103844],[105.850942,20.103942],[105.849223,20.107265],[105.851374,20.108637],[105.851583,20.112544],[105.848115,20.121433],[105.851217,20.126614],[105.856308,20.129159],[105.857424,20.132343],[105.859866,20.132599]]]}},{"type":"Feature","properties":{"code":"16522","name":"Phường Quảng Phú","type":"Phường"},"geometry":{"type":"Polygon","coordinates":[[[105.819561,19.79589],[105.834168,19.786988],[105.838923,19.790628],[105.841048,19.790349],[105.844434,19.784681],[105.84323,19.782121],[105.847743,19.776659],[105.855291,19.771957],[105.861821,19.77022],[105.860945,19.768156],[105.862507,19.764581],[105.860898,19.763491],[105.861421,19.766311],[105.856813,19.766229],[105.85547,19.75705],[105.852744,19.757344],[105.854243,19.750202],[105.852075,19.750227],[105.849133,19.746116],[105.849726,19.744089],[105.855013,19.7432],[105.855371,19.737347],[105.852239,19.731959],[105.838974,19.736429],[105.836856,19.73543],[105.82387,19.738535],[105.824535,19.745191],[105.822051,19.747344],[105.803421,19.75273],[105.796847,19.752794],[105.795924,19.751468],[105.793685,19.754574],[105.784103,19.757846],[105.782971,19.752323],[105.780547,19.753214],[105.778297,19.752045],[105.776118,19.747103],[105.773592,19.746405],[105.770356,19.748762],[105.761698,19.746718],[105.759122,19.748402],[105.760077,19.750578],[105.756154,19.754103],[105.758171,19.754674],[105.759883,19.75285],[105.76455,19.756847],[105.764129,19.759368],[105.76646,19.763252],[105.761843,19.765882],[105.766306,19.768026],[105.762169,19.769621],[105.764936,19.770646],[105.765558,19.772561],[105.768166,19.769381],[105.772573,19.776014],[105.774702,19.774835],[105.776471,19.763858],[105.778066,19.76259],[105.780008,19.764396],[105.777918,19.765518],[105.778018,19.772152],[105.784786,19.778688],[105.785332,19.782284],[105.790357,19.786435],[105.790264,19.788929],[105.795092,19.790123],[105.796285,19.789096],[105.796188,19.790762],[105.80008,19.792873],[105.799862,19.794532],[105.807173,19.792935],[105.809642,19.790305],[105.811356,19.792186],[105.814662,19.789605],[105.815897,19.790346],[105.813306,19.79213],[105.813445,19.794177],[105.817512,19.793794],[105.819561,19.79589]]]}},{"type":"Feature","properties":{"code":"16531","name":"Phường Sầm Sơn","type":"Phường"},"geometry":{"type":"Polygon","coordinates":[[[105.931501,19.785795],[105.932262,19.779868],[105.931169,19.776933],[105.911371,19.752061],[105.900595,19.731357],[105.900592,19.728801],[105.898994,19.72794],[105.898265,19.722934],[105.895966,19.720936],[105.888316,19.722527],[105.885851,19.724373],[105.886005,19.727066],[105.87867,19.729738],[105.879548,19.740249],[105.87615,19.740748],[105.872742,19.737634],[105.868703,19.738438],[105.866673,19.737266],[105.861256,19.741411],[105.856001,19.737712],[105.855013,19.7432],[105.849108,19.744495],[105.850289,19.748444],[105.854243,19.750202],[105.852744,19.757344],[105.85547,19.75705],[105.856813,19.766229],[105.861421,19.766311],[105.860898,19.763491],[105.862507,19.764581],[105.860945,19.768156],[105.861821,19.77022],[105.872572,19.770749],[105.908281,19.777434],[105.931501,19.785795]]]}},{"type":"Feature","properties":{"code":"16624","name":"Phường Trúc Lâm","type":"Phường"},"geometry":{"type":"Polygon","coordinates":[[[105.734625,19.415334],[105.746297,19.413354],[105.746714,19.404481],[105.75495,19.403836],[105.756384,19.401397],[105.758168,19.403252],[105.762518,19.40176],[105.761964,19.399116],[105.763994,19.39709],[105.763066,19.395538],[105.765429,19.391263],[105.769745,19.388407],[105.770018,19.385394],[105.766999,19.383064],[105.760634,19.387092],[105.756619,19.38708],[105.756177,19.378944],[105.752785,19.378276],[105.749845,19.38176],[105.746189,19.381978],[105.745004,19.379951],[105.746867,19.377126],[105.745224,19.375276],[105.74315,19.376628],[105.743128,19.380171],[105.74133,19.379838],[105.736954,19.371824],[105.73643,19.366152],[105.733895,19.36716],[105.729311,19.36461],[105.728093,19.361923],[105.722175,19.362371],[105.719428,19.359897],[105.717735,19.361118],[105.718195,19.36443],[105.706728,19.365616],[105.706903,19.3682],[105.705433,19.367282],[105.703489,19.368994],[105.702575,19.367777],[105.7,19.370866],[105.703715,19.37474],[105.706862,19.37312],[105.708963,19.374588],[105.70921,19.380929],[105.701381,19.381902],[105.698954,19.379845],[105.69248,19.381194],[105.685898,19.387028],[105.685996,19.389519],[105.678908,19.396386],[105.673967,19.397816],[105.670639,19.396798],[105.66666,19.399491],[105.661272,19.398668],[105.657859,19.406005],[105.647754,19.413139],[105.646527,19.418141],[105.643909,19.419976],[105.644725,19.423255],[105.656905,19.427249],[105.654628,19.43095],[105.653068,19.442415],[105.654814,19.452194],[105.656941,19.452906],[105.657379,19.456189],[105.655699,19.461006],[105.648772,19.460235],[105.645661,19.461871],[105.645566,19.466094],[105.648671,19.47195],[105.666758,19.49229],[105.669002,19.488385],[105.667187,19.482193],[105.669431,19.477463],[105.677973,19.477107],[105.684392,19.478797],[105.686207,19.476451],[105.691734,19.478831],[105.693274,19.475628],[105.692115,19.469722],[105.694624,19.462687],[105.695473,19.449739],[105.699186,19.44451],[105.700111,19.439837],[105.707998,19.429969],[105.707266,19.426524],[105.713059,19.428822],[105.716503,19.428472],[105.721381,19.422837],[105.726249,19.421342],[105.734625,19.415334]]]}},{"type":"Feature","properties":{"code":"16594","name":"Phường Tân Dân","type":"Phường"},"geometry":{"type":"Polygon","coordinates":[[[105.781494,19.56185],[105.782007,19.551032],[105.783636,19.551883],[105.783904,19.554519],[105.784643,19.552261],[105.785951,19.554179],[105.788085,19.553805],[105.7878,19.551636],[105.792238,19.550494],[105.79495,19.554693],[105.79572,19.552208],[105.797697,19.55436],[105.800438,19.552409],[105.806057,19.552831],[105.810935,19.551114],[105.807083,19.519571],[105.794932,19.518763],[105.794467,19.514803],[105.786687,19.516501],[105.785443,19.51377],[105.786517,19.511097],[105.78351,19.511776],[105.784578,19.507267],[105.776617,19.503858],[105.773615,19.504377],[105.766117,19.516094],[105.76655,19.523333],[105.770856,19.529456],[105.766617,19.530288],[105.761998,19.535642],[105.758523,19.536783],[105.757255,19.541121],[105.755013,19.540304],[105.753953,19.541461],[105.755127,19.543023],[105.754219,19.551067],[105.75351,19.553464],[105.750673,19.554311],[105.761895,19.559206],[105.760476,19.562556],[105.770766,19.560891],[105.77575,19.56088],[105.779885,19.563179],[105.781494,19.56185]]]}},{"type":"Feature","properties":{"code":"16561","name":"Phường Tĩnh Gia","type":"Phường"},"geometry":{"type":"Polygon","coordinates":[[[105.747406,19.454526],[105.741909,19.456435],[105.731758,19.467643],[105.726211,19.471317],[105.734269,19.472847],[105.735295,19.475415],[105.742748,19.478829],[105.750494,19.476042],[105.759625,19.47881],[105.765,19.482296],[105.771543,19.482099],[105.773792,19.479967],[105.77982,19.48171],[105.785003,19.480292],[105.78911,19.46256],[105.792155,19.463514],[105.793331,19.461049],[105.79877,19.462412],[105.802826,19.458789],[105.807416,19.459584],[105.810544,19.435274],[105.813866,19.430065],[105.812838,19.426148],[105.810236,19.425796],[105.804924,19.43019],[105.798567,19.426947],[105.793391,19.417674],[105.792195,19.404224],[105.786093,19.401563],[105.787011,19.404631],[105.784187,19.409593],[105.786213,19.413535],[105.779139,19.41568],[105.775446,19.414602],[105.773775,19.416346],[105.773601,19.418379],[105.775661,19.419856],[105.773832,19.420517],[105.775197,19.423643],[105.773356,19.425455],[105.778945,19.425],[105.78357,19.432719],[105.779509,19.441206],[105.774886,19.439946],[105.772982,19.44562],[105.749932,19.451874],[105.747406,19.454526]]]}},{"type":"Feature","properties":{"code":"16609","name":"Phường Đào Duy Từ","type":"Phường"},"geometry":{"type":"Polygon","coordinates":[[[105.692279,19.470238],[105.692979,19.474111],[105.700091,19.472226],[105.714529,19.474774],[105.713694,19.471398],[105.717173,19.468313],[105.717676,19.469385],[105.721971,19.468511],[105.726211,19.471317],[105.731758,19.467643],[105.741909,19.456435],[105.747138,19.454726],[105.749932,19.451874],[105.772982,19.44562],[105.774886,19.439946],[105.779509,19.441206],[105.78357,19.432719],[105.778945,19.425],[105.773356,19.425455],[105.775197,19.423643],[105.773832,19.420517],[105.775661,19.419856],[105.773601,19.418379],[105.775446,19.414602],[105.768094,19.407228],[105.768961,19.40041],[105.764706,19.393885],[105.761286,19.402619],[105.758168,19.403252],[105.756384,19.401397],[105.75495,19.403836],[105.746714,19.404481],[105.746297,19.413354],[105.73133,19.416696],[105.726309,19.421306],[105.721316,19.422887],[105.716503,19.428472],[105.713059,19.428822],[105.707266,19.426524],[105.707998,19.429969],[105.700111,19.439837],[105.699186,19.44451],[105.695689,19.449078],[105.693841,19.459583],[105.694624,19.462687],[105.692279,19.470238]]]}},{"type":"Feature","properties":{"code":"16417","name":"Phường Đông Quang","type":"Phường"},"geometry":{"type":"Polygon","coordinates":[[[105.754682,19.79254],[105.769865,19.791271],[105.769488,19.789336],[105.771303,19.787808],[105.775199,19.788792],[105.775919,19.785444],[105.770995,19.777663],[105.770114,19.775161],[105.771497,19.774337],[105.768611,19.769693],[105.766024,19.772726],[105.764731,19.770472],[105.762289,19.770058],[105.762686,19.768812],[105.766452,19.768724],[105.761844,19.765741],[105.766529,19.762406],[105.764272,19.759834],[105.764429,19.75661],[105.760284,19.753022],[105.75626,19.754314],[105.756526,19.752592],[105.759964,19.750743],[105.759793,19.749219],[105.756528,19.747456],[105.754672,19.750125],[105.754046,19.745848],[105.7492,19.745604],[105.746669,19.73897],[105.740954,19.737306],[105.741375,19.734894],[105.737229,19.736059],[105.735297,19.739005],[105.7323,19.736896],[105.730696,19.739337],[105.723388,19.734502],[105.711796,19.734188],[105.711386,19.73289],[105.713863,19.731492],[105.70579,19.730196],[105.704056,19.72711],[105.698045,19.730962],[105.69443,19.739045],[105.689396,19.74062],[105.691099,19.746617],[105.699007,19.751321],[105.699424,19.752607],[105.697618,19.752498],[105.701152,19.755361],[105.699657,19.75808],[105.701398,19.759052],[105.702901,19.766599],[105.711079,19.772676],[105.705373,19.774417],[105.698472,19.780938],[105.699629,19.781715],[105.696058,19.782695],[105.695983,19.785159],[105.694972,19.784516],[105.692372,19.788193],[105.691937,19.791718],[105.697899,19.797198],[105.698907,19.799888],[105.697807,19.801025],[105.699973,19.804849],[105.703538,19.803246],[105.707323,19.807149],[105.714304,19.79941],[105.72541,19.792047],[105.731142,19.794733],[105.736204,19.792359],[105.73696,19.789595],[105.738766,19.793665],[105.742647,19.791849],[105.742234,19.796787],[105.748765,19.801904],[105.749236,19.803946],[105.747396,19.805639],[105.75103,19.804041],[105.75234,19.807425],[105.755904,19.808108],[105.764005,19.802485],[105.754682,19.79254]]]}},{"type":"Feature","properties":{"code":"16378","name":"Phường Đông Sơn","type":"Phường"},"geometry":{"type":"Polygon","coordinates":[[[105.697607,19.829728],[105.697078,19.827129],[105.701103,19.826439],[105.70179,19.824059],[105.7124,19.82519],[105.714507,19.817747],[105.722876,19.818573],[105.723804,19.825088],[105.728786,19.827499],[105.731334,19.826435],[105.732506,19.823518],[105.739343,19.821018],[105.741356,19.816817],[105.745117,19.816475],[105.747246,19.811605],[105.750422,19.812378],[105.751642,19.814891],[105.758092,19.81188],[105.755904,19.808108],[105.75234,19.807425],[105.75103,19.804041],[105.747396,19.805639],[105.749236,19.803946],[105.748765,19.801904],[105.742234,19.796787],[105.742647,19.791849],[105.738766,19.793665],[105.73696,19.789595],[105.736204,19.792359],[105.731142,19.794733],[105.72541,19.792047],[105.714304,19.79941],[105.707323,19.807149],[105.703538,19.803246],[105.699973,19.804849],[105.697807,19.801025],[105.698907,19.799888],[105.697899,19.797198],[105.691937,19.791718],[105.692868,19.789403],[105.68917,19.789917],[105.687466,19.787728],[105.684549,19.789286],[105.672697,19.787454],[105.672825,19.789748],[105.67036,19.789361],[105.66993,19.791538],[105.667592,19.791766],[105.668792,19.793307],[105.667706,19.795271],[105.665107,19.79543],[105.66483,19.793456],[105.664286,19.794821],[105.661012,19.794905],[105.664819,19.798443],[105.665762,19.802236],[105.659,19.813225],[105.656088,19.814152],[105.659368,19.814347],[105.657906,19.816051],[105.661324,19.814963],[105.663217,19.816262],[105.662338,19.819092],[105.65976,19.820858],[105.657367,19.819337],[105.657476,19.821093],[105.654958,19.82101],[105.651444,19.826294],[105.647328,19.827657],[105.648989,19.837673],[105.652309,19.839524],[105.648868,19.842626],[105.650657,19.849144],[105.658718,19.849263],[105.662352,19.844649],[105.667983,19.844788],[105.668897,19.847475],[105.671926,19.841171],[105.676247,19.839736],[105.683417,19.840304],[105.683488,19.838958],[105.690017,19.836121],[105.692828,19.832384],[105.697607,19.829728]]]}},{"type":"Feature","properties":{"code":"15853","name":"Phường Đông Tiến","type":"Phường"},"geometry":{"type":"Polygon","coordinates":[[[105.697607,19.829728],[105.684795,19.838639],[105.68632,19.846169],[105.689647,19.848588],[105.688078,19.85845],[105.691726,19.861531],[105.694935,19.860052],[105.697512,19.864222],[105.695359,19.865102],[105.700888,19.864057],[105.699345,19.867757],[105.700032,19.870705],[105.70514,19.873954],[105.711018,19.871746],[105.716039,19.871767],[105.720252,19.890254],[105.731664,19.887564],[105.743084,19.881992],[105.756202,19.883304],[105.758937,19.882282],[105.760418,19.879139],[105.768635,19.877552],[105.759448,19.870129],[105.75708,19.862922],[105.759654,19.860106],[105.759511,19.854625],[105.753649,19.855566],[105.749269,19.851214],[105.749897,19.844167],[105.748704,19.840599],[105.755959,19.840268],[105.757819,19.837903],[105.756784,19.835913],[105.763425,19.83024],[105.764967,19.827025],[105.75952,19.821948],[105.757834,19.82251],[105.756636,19.818487],[105.75231,19.817532],[105.750098,19.814757],[105.750422,19.812378],[105.747246,19.811605],[105.745117,19.816475],[105.741356,19.816817],[105.739343,19.821018],[105.732506,19.823518],[105.731334,19.826435],[105.728786,19.827499],[105.723804,19.825088],[105.722876,19.818573],[105.714507,19.817747],[105.7124,19.82519],[105.70179,19.824059],[105.701103,19.826439],[105.697078,19.827129],[105.697607,19.829728]]]}},{"type":"Feature","properties":{"code":"15766","name":"Xã An Nông","type":"Xã"},"geometry":{"type":"Polygon","coordinates":[[[105.626431,19.81434],[105.631513,19.815308],[105.634255,19.808414],[105.633109,19.803595],[105.641887,19.805145],[105.641987,19.807957],[105.659,19.813225],[105.665762,19.802236],[105.664819,19.798443],[105.661081,19.794779],[105.664286,19.794821],[105.66483,19.793456],[105.665107,19.79543],[105.667706,19.795271],[105.668792,19.793307],[105.667729,19.791581],[105.673276,19.789102],[105.671085,19.786364],[105.669988,19.787599],[105.668601,19.786535],[105.667412,19.785309],[105.668335,19.784161],[105.653212,19.771742],[105.649382,19.772902],[105.649947,19.771523],[105.6466,19.768924],[105.647977,19.764827],[105.646089,19.764224],[105.647093,19.761167],[105.640408,19.761125],[105.639639,19.763154],[105.641937,19.763975],[105.641395,19.766189],[105.644959,19.768087],[105.640812,19.778946],[105.637798,19.776612],[105.638232,19.780938],[105.62936,19.77829],[105.627275,19.780785],[105.622499,19.781732],[105.621928,19.784929],[105.617671,19.784328],[105.615479,19.790882],[105.621795,19.793498],[105.620868,19.80043],[105.600252,19.792628],[105.602678,19.788562],[105.600071,19.787682],[105.596555,19.789534],[105.594964,19.793027],[105.596676,19.799954],[105.600519,19.799926],[105.601426,19.804286],[105.598041,19.806061],[105.599053,19.808462],[105.601085,19.80824],[105.603707,19.811103],[105.603793,19.809797],[105.613364,19.810084],[105.612944,19.81195],[105.625684,19.81613],[105.626431,19.81434]]]}},{"type":"Feature","properties":{"code":"16171","name":"Xã Ba Đình","type":"Xã"},"geometry":{"type":"Polygon","coordinates":[[[105.985804,20.068639],[105.996808,20.067578],[105.996993,20.06482],[105.994174,20.063156],[105.995064,20.053825],[105.986802,20.052078],[105.983586,20.048488],[105.980534,20.048072],[105.981259,20.046526],[105.979028,20.046062],[105.978321,20.043341],[105.976041,20.042103],[105.976642,20.038636],[105.973205,20.034441],[105.972915,20.02635],[105.966718,20.010751],[105.966009,20.012297],[105.963721,20.011908],[105.963012,20.015725],[105.956618,20.019034],[105.951783,20.020183],[105.949876,20.018102],[105.940191,20.021549],[105.938729,20.017938],[105.940884,20.016896],[105.939816,20.014691],[105.937681,20.015586],[105.935878,20.011819],[105.928253,20.014101],[105.924025,20.005802],[105.915251,20.011731],[105.917152,20.016401],[105.910525,20.026835],[105.909958,20.030669],[105.911663,20.033356],[105.910456,20.038727],[105.91448,20.044929],[105.918029,20.04582],[105.92603,20.042204],[105.934262,20.045985],[105.938587,20.044317],[105.941385,20.040401],[105.945696,20.039913],[105.952479,20.045823],[105.962534,20.046542],[105.963927,20.054971],[105.966611,20.056315],[105.966006,20.060834],[105.969358,20.063021],[105.969446,20.065154],[105.974117,20.067351],[105.977571,20.066448],[105.985804,20.068639]]]}},{"type":"Feature","properties":{"code":"15382","name":"Xã Biện Thượng","type":"Xã"},"geometry":{"type":"Polygon","coordinates":[[[105.751203,20.006393],[105.742819,20.000292],[105.744813,19.999395],[105.744568,19.99775],[105.746995,19.9975],[105.74943,19.993536],[105.749167,19.987306],[105.757173,19.981846],[105.760426,19.981464],[105.759542,19.976327],[105.765719,19.97033],[105.760772,19.969241],[105.7638,19.966783],[105.762843,19.964715],[105.760676,19.965289],[105.758948,19.963679],[105.761271,19.963948],[105.760469,19.957875],[105.751027,19.960583],[105.741581,19.96677],[105.727276,19.972768],[105.725631,19.977479],[105.7264,19.987582],[105.722607,19.992973],[105.694938,20.000269],[105.682273,20.012318],[105.67288,20.017302],[105.664684,20.018668],[105.663491,20.024542],[105.66116,20.02494],[105.663394,20.027739],[105.660897,20.031399],[105.664778,20.033859],[105.667095,20.038433],[105.665322,20.043013],[105.665461,20.049074],[105.671254,20.049435],[105.674743,20.051986],[105.683994,20.047081],[105.687381,20.052799],[105.688685,20.052636],[105.691801,20.049906],[105.698026,20.049781],[105.698133,20.047466],[105.704039,20.044997],[105.709721,20.044542],[105.71191,20.038678],[105.727302,20.036097],[105.729264,20.042862],[105.723832,20.048425],[105.725663,20.052248],[105.736724,20.052816],[105.737462,20.057935],[105.747426,20.064607],[105.750895,20.063163],[105.765276,20.052403],[105.761454,20.048912],[105.765086,20.036584],[105.761251,20.035961],[105.75939,20.032351],[105.763727,20.020502],[105.761428,20.02069],[105.762067,20.013241],[105.758942,20.007708],[105.756394,20.008136],[105.752375,20.004313],[105.751203,20.006393]]]}},{"type":"Feature","properties":{"code":"14923","name":"Xã Bá Thước","type":"Xã"},"geometry":{"type":"Polygon","coordinates":[[[105.258876,20.434219],[105.272423,20.428746],[105.276692,20.431491],[105.279887,20.428969],[105.28241,20.423414],[105.293795,20.417428],[105.291875,20.41352],[105.295444,20.404775],[105.285425,20.395849],[105.288138,20.388279],[105.285603,20.385797],[105.291784,20.380852],[105.297879,20.379796],[105.295856,20.377683],[105.295453,20.372079],[105.289582,20.367525],[105.281617,20.367333],[105.275593,20.360172],[105.270703,20.362729],[105.259904,20.357237],[105.243862,20.342265],[105.23919,20.342036],[105.239055,20.335994],[105.224771,20.326063],[105.221772,20.322185],[105.221543,20.315484],[105.217968,20.318047],[105.21464,20.324538],[105.207872,20.322868],[105.201855,20.331683],[105.195057,20.329474],[105.191687,20.331352],[105.184854,20.331563],[105.185309,20.334346],[105.181758,20.34267],[105.184024,20.346959],[105.188317,20.349081],[105.175471,20.357215],[105.172252,20.361064],[105.162529,20.364315],[105.162977,20.369439],[105.160882,20.372628],[105.170781,20.379623],[105.17183,20.382444],[105.167099,20.387184],[105.165881,20.401476],[105.163561,20.403899],[105.17338,20.40178],[105.180409,20.402907],[105.18354,20.406647],[105.186728,20.406981],[105.189323,20.412065],[105.193761,20.414174],[105.19617,20.421416],[105.19965,20.423593],[105.207859,20.422934],[105.216265,20.416807],[105.239339,20.407119],[105.249918,20.415315],[105.248473,20.422807],[105.251853,20.423758],[105.256939,20.433542],[105.258876,20.434219]]]}},{"type":"Feature","properties":{"code":"15607","name":"Xã Bát Mọt","type":"Xã"},"geometry":{"type":"Polygon","coordinates":[[[105.061142,20.077592],[105.077648,20.078014],[105.077739,20.072508],[105.081837,20.069595],[105.084112,20.065224],[105.082279,20.063007],[105.082997,20.060678],[105.080888,20.059347],[105.076769,20.051117],[105.072665,20.050971],[105.066817,20.047573],[105.065317,20.043471],[105.068829,20.03713],[105.066617,20.031454],[105.070865,20.030799],[105.076346,20.032755],[105.080679,20.029582],[105.081891,20.026418],[105.081,20.021222],[105.090126,20.017208],[105.092934,20.013451],[105.093894,20.005925],[105.099493,20.001328],[105.099337,19.998646],[105.094587,19.996619],[105.092426,19.991831],[105.093483,19.987689],[105.09801,19.984566],[105.089309,19.971817],[105.086431,19.969044],[105.079535,19.966957],[105.076364,19.962248],[105.078031,19.961664],[105.080809,19.955342],[105.079382,19.952369],[105.085072,19.946258],[105.083819,19.93785],[105.081952,19.936256],[105.057626,19.931445],[105.050133,19.933279],[105.046533,19.931219],[105.045857,19.932724],[105.048005,19.936556],[105.044869,19.937344],[105.042812,19.941683],[105.039557,19.942386],[105.036546,19.939355],[105.03563,19.943262],[105.026828,19.945322],[105.016678,19.953257],[105.00397,19.952028],[104.999525,19.956689],[105.000235,19.962275],[104.986061,19.969329],[104.977986,19.976874],[104.968978,19.974315],[104.9661,19.975193],[104.966611,19.97857],[104.964031,19.981146],[104.962861,19.989721],[104.959343,19.993231],[104.945674,19.988924],[104.941652,19.990142],[104.936697,19.988628],[104.932165,19.990063],[104.92916,19.989151],[104.924269,19.990455],[104.921157,19.995378],[104.921318,19.99791],[104.91524,19.996413],[104.912021,20.000965],[104.912294,20.00295],[104.916946,20.004318],[104.916901,20.008221],[104.920288,20.009876],[104.918379,20.016334],[104.925603,20.021004],[104.927281,20.026535],[104.93602,20.038421],[104.943569,20.040844],[104.943991,20.042969],[104.947768,20.044133],[104.948888,20.047274],[104.953397,20.047342],[104.960483,20.050551],[104.962314,20.05288],[104.961839,20.055361],[104.965526,20.059308],[104.972606,20.062089],[104.973917,20.065499],[104.97253,20.06781],[104.975841,20.078948],[104.981303,20.081974],[104.980531,20.085273],[104.984662,20.087208],[104.989579,20.093391],[104.997292,20.096798],[105.003566,20.092233],[105.008281,20.091238],[105.013716,20.085155],[105.019202,20.085453],[105.022746,20.082897],[105.027336,20.082456],[105.034475,20.078396],[105.05074,20.073035],[105.055235,20.072607],[105.060529,20.075599],[105.061142,20.077592]]]}},{"type":"Feature","properties":{"code":"16591","name":"Xã Các Sơn","type":"Xã"},"geometry":{"type":"Polygon","coordinates":[[[105.740729,19.573904],[105.745341,19.570603],[105.743874,19.562494],[105.74464,19.55759],[105.750466,19.555762],[105.750625,19.553477],[105.75351,19.553464],[105.755127,19.543023],[105.753953,19.541461],[105.755013,19.540304],[105.757255,19.541121],[105.758523,19.536783],[105.761998,19.535642],[105.766617,19.530288],[105.770856,19.529456],[105.766474,19.522971],[105.766117,19.516094],[105.769166,19.510966],[105.758054,19.50877],[105.756328,19.506959],[105.754294,19.509119],[105.749043,19.509471],[105.746309,19.503342],[105.743602,19.506254],[105.741533,19.504163],[105.739464,19.50455],[105.738682,19.499637],[105.734348,19.501312],[105.730107,19.498956],[105.72358,19.498996],[105.706978,19.492872],[105.704419,19.491233],[105.700361,19.481913],[105.692603,19.478213],[105.689235,19.478575],[105.686207,19.476451],[105.684392,19.478797],[105.677973,19.477107],[105.669431,19.477463],[105.667187,19.482193],[105.669002,19.488385],[105.665429,19.494849],[105.673362,19.496242],[105.678113,19.499018],[105.679032,19.503305],[105.681807,19.501798],[105.686859,19.502636],[105.687776,19.504421],[105.686631,19.506371],[105.68334,19.505317],[105.683465,19.507753],[105.689873,19.507751],[105.689783,19.512036],[105.688477,19.510677],[105.687976,19.511864],[105.689391,19.51308],[105.68791,19.513416],[105.688419,19.515728],[105.689993,19.516644],[105.687616,19.517654],[105.688495,19.522736],[105.684339,19.52546],[105.690923,19.524765],[105.690938,19.527096],[105.692359,19.52567],[105.702731,19.529526],[105.703264,19.532267],[105.706287,19.53139],[105.708321,19.527468],[105.708307,19.53041],[105.712814,19.534897],[105.713015,19.530424],[105.715401,19.534098],[105.717587,19.532577],[105.720867,19.534573],[105.722055,19.537726],[105.724503,19.536809],[105.721774,19.546142],[105.723593,19.546383],[105.725068,19.543546],[105.72716,19.545967],[105.718003,19.553103],[105.719552,19.559326],[105.722622,19.558884],[105.723938,19.554944],[105.726362,19.555176],[105.727783,19.557288],[105.728086,19.560015],[105.724723,19.560734],[105.725415,19.562811],[105.722719,19.568925],[105.729093,19.571166],[105.735102,19.57054],[105.736063,19.577005],[105.739516,19.576737],[105.740729,19.573904]]]}},{"type":"Feature","properties":{"code":"16369","name":"Xã Công Chính","type":"Xã"},"geometry":{"type":"Polygon","coordinates":[[[105.637547,19.544177],[105.635647,19.550526],[105.630778,19.555263],[105.630017,19.558503],[105.626707,19.56016],[105.633319,19.569658],[105.63862,19.567302],[105.637617,19.569728],[105.644575,19.575246],[105.645666,19.578558],[105.648132,19.578444],[105.653085,19.572241],[105.666367,19.575478],[105.682191,19.568926],[105.683961,19.570414],[105.686548,19.569354],[105.684484,19.56489],[105.686544,19.560306],[105.681363,19.556847],[105.6819,19.553109],[105.679114,19.551115],[105.677663,19.547033],[105.68303,19.541252],[105.690402,19.536489],[105.686372,19.530268],[105.688007,19.524695],[105.684181,19.525109],[105.688495,19.522736],[105.687616,19.517654],[105.689993,19.516644],[105.688419,19.515728],[105.68791,19.513416],[105.689391,19.51308],[105.687976,19.511864],[105.688477,19.510677],[105.689783,19.512036],[105.689873,19.507751],[105.683576,19.507869],[105.68334,19.505317],[105.686631,19.506371],[105.687776,19.504421],[105.686859,19.502636],[105.681807,19.501798],[105.679032,19.503305],[105.678113,19.499018],[105.673362,19.496242],[105.665429,19.494849],[105.65396,19.488156],[105.644924,19.485553],[105.63219,19.48537],[105.629178,19.483424],[105.626858,19.479034],[105.62273,19.479955],[105.619275,19.478637],[105.615759,19.481278],[105.614596,19.487463],[105.620431,19.490363],[105.616794,19.494988],[105.6106,19.496345],[105.609773,19.502948],[105.6023,19.502289],[105.60212,19.504017],[105.607977,19.505993],[105.609175,19.507843],[105.6178,19.510033],[105.619633,19.508531],[105.624434,19.509205],[105.626499,19.513968],[105.630238,19.513418],[105.631816,19.511219],[105.637446,19.513047],[105.640483,19.5111],[105.645365,19.512919],[105.645854,19.514819],[105.648509,19.513909],[105.648479,19.515783],[105.651495,19.517159],[105.648011,19.518181],[105.648535,19.522743],[105.645354,19.524193],[105.643453,19.523335],[105.642361,19.525417],[105.647692,19.531556],[105.648707,19.540409],[105.653944,19.544587],[105.654101,19.546427],[105.637547,19.544177]]]}},{"type":"Feature","properties":{"code":"15142","name":"Xã Cẩm Thạch","type":"Xã"},"geometry":{"type":"Polygon","coordinates":[[[105.355891,20.291146],[105.357643,20.291344],[105.362578,20.28673],[105.367553,20.285588],[105.373904,20.277723],[105.374997,20.272309],[105.382868,20.267769],[105.376983,20.263799],[105.373041,20.264843],[105.37203,20.267448],[105.369169,20.267696],[105.364803,20.258618],[105.364473,20.253885],[105.366906,20.249017],[105.375814,20.238394],[105.383072,20.237853],[105.395985,20.240286],[105.402188,20.237449],[105.407771,20.240968],[105.409544,20.234606],[105.41405,20.243407],[105.418935,20.247493],[105.431029,20.245581],[105.444597,20.235392],[105.44826,20.221095],[105.446757,20.219234],[105.446377,20.213351],[105.45013,20.213144],[105.451585,20.207905],[105.454974,20.205973],[105.452509,20.2044],[105.453008,20.198447],[105.447016,20.188948],[105.443397,20.187343],[105.439588,20.188805],[105.401882,20.190691],[105.395449,20.188246],[105.393554,20.181915],[105.395629,20.179991],[105.387042,20.172272],[105.379286,20.175588],[105.372155,20.171765],[105.362094,20.170999],[105.354843,20.176868],[105.350158,20.185425],[105.339352,20.186416],[105.33327,20.18217],[105.320239,20.190047],[105.317137,20.196495],[105.317951,20.200754],[105.329039,20.207923],[105.329275,20.21494],[105.33818,20.227604],[105.334008,20.232977],[105.327755,20.232697],[105.326403,20.236544],[105.316596,20.247667],[105.315847,20.250621],[105.317037,20.251838],[105.313526,20.256669],[105.320546,20.263638],[105.323588,20.259813],[105.328431,20.258721],[105.330972,20.263885],[105.339289,20.265671],[105.345434,20.264803],[105.344545,20.270808],[105.338624,20.272938],[105.337791,20.276808],[105.339026,20.280621],[105.333603,20.288105],[105.33451,20.289945],[105.336893,20.29021],[105.335211,20.296668],[105.339103,20.302967],[105.344009,20.304806],[105.347264,20.304265],[105.355891,20.291146]]]}},{"type":"Feature","properties":{"code":"15127","name":"Xã Cẩm Thủy","type":"Xã"},"geometry":{"type":"Polygon","coordinates":[[[105.48926,20.235685],[105.501222,20.234596],[105.503384,20.23209],[105.508823,20.232512],[105.512436,20.228409],[105.533234,20.227544],[105.545625,20.223055],[105.555722,20.221427],[105.555956,20.214756],[105.549779,20.212326],[105.548903,20.210217],[105.542478,20.208236],[105.541867,20.200568],[105.533633,20.197653],[105.532012,20.19061],[105.527803,20.185774],[105.526734,20.182084],[105.528259,20.17685],[105.534002,20.165535],[105.530339,20.156413],[105.534272,20.149283],[105.534057,20.146743],[105.524469,20.141463],[105.518153,20.139694],[105.516533,20.143682],[105.514939,20.143301],[105.509211,20.160754],[105.51485,20.17403],[105.501763,20.185513],[105.495188,20.179938],[105.496914,20.16671],[105.493612,20.163408],[105.485752,20.161157],[105.48122,20.164062],[105.480378,20.169564],[105.478,20.1683],[105.475628,20.161191],[105.468509,20.158979],[105.460565,20.163123],[105.455209,20.164397],[105.451468,20.163234],[105.446368,20.167641],[105.446325,20.17021],[105.443521,20.173073],[105.441193,20.1824],[105.442125,20.185894],[105.438824,20.188734],[105.443397,20.187343],[105.447016,20.188948],[105.453008,20.198447],[105.452489,20.204271],[105.453899,20.205762],[105.46287,20.205987],[105.465842,20.219144],[105.469867,20.217338],[105.47628,20.221487],[105.47917,20.217836],[105.485556,20.218718],[105.48699,20.221801],[105.489963,20.22316],[105.487509,20.226471],[105.490729,20.231815],[105.4909,20.234534],[105.489291,20.234231],[105.48926,20.235685]]]}},{"type":"Feature","properties":{"code":"15178","name":"Xã Cẩm Tân","type":"Xã"},"geometry":{"type":"Polygon","coordinates":[[[105.561084,20.20804],[105.570925,20.206962],[105.574225,20.199686],[105.578338,20.196448],[105.581297,20.190311],[105.579884,20.189151],[105.580592,20.186116],[105.577934,20.179062],[105.583187,20.171871],[105.585917,20.163811],[105.598585,20.150162],[105.601953,20.141941],[105.601852,20.138625],[105.596599,20.130269],[105.597289,20.126451],[105.594747,20.125419],[105.585218,20.11383],[105.571588,20.121664],[105.571529,20.117068],[105.569345,20.1159],[105.568902,20.112907],[105.549267,20.108568],[105.542022,20.10862],[105.524804,20.118697],[105.517016,20.134463],[105.514939,20.143301],[105.516533,20.143682],[105.518153,20.139694],[105.534057,20.146743],[105.534222,20.150436],[105.530339,20.156413],[105.534002,20.165535],[105.526734,20.182084],[105.528852,20.187674],[105.532206,20.19103],[105.533633,20.197653],[105.541867,20.200568],[105.542478,20.208236],[105.548903,20.210217],[105.55307,20.214348],[105.555956,20.214756],[105.561084,20.20804]]]}},{"type":"Feature","properties":{"code":"15148","name":"Xã Cẩm Tú","type":"Xã"},"geometry":{"type":"Polygon","coordinates":[[[105.429941,20.323852],[105.46306,20.301528],[105.464238,20.296568],[105.471501,20.285345],[105.481078,20.276739],[105.483058,20.275571],[105.489187,20.277823],[105.493165,20.277101],[105.495817,20.269749],[105.512822,20.260297],[105.516776,20.254125],[105.512436,20.228409],[105.508058,20.232795],[105.503384,20.23209],[105.501222,20.234596],[105.490681,20.236343],[105.48924,20.234323],[105.4909,20.234534],[105.490729,20.231815],[105.487509,20.226471],[105.489777,20.224764],[105.489069,20.222036],[105.48699,20.221801],[105.485473,20.218679],[105.47917,20.217836],[105.47628,20.221487],[105.469867,20.217338],[105.465842,20.219144],[105.463187,20.206474],[105.45921,20.205363],[105.451585,20.207905],[105.45013,20.213144],[105.446377,20.213351],[105.446757,20.219234],[105.44826,20.221095],[105.444597,20.235392],[105.431029,20.245581],[105.417687,20.247181],[105.41405,20.243407],[105.409544,20.234606],[105.407771,20.240968],[105.402188,20.237449],[105.396522,20.240266],[105.379447,20.237744],[105.373808,20.240045],[105.364308,20.254646],[105.365202,20.259995],[105.369169,20.267696],[105.37203,20.267448],[105.373041,20.264843],[105.376983,20.263799],[105.382868,20.267769],[105.391134,20.261862],[105.396807,20.267416],[105.405461,20.272072],[105.408369,20.280311],[105.401237,20.285392],[105.396912,20.298358],[105.401403,20.300808],[105.417903,20.302351],[105.411929,20.314223],[105.406017,20.318781],[105.406813,20.321913],[105.414145,20.32687],[105.417013,20.333995],[105.416535,20.336829],[105.422383,20.3336],[105.424233,20.329351],[105.429941,20.323852]]]}},{"type":"Feature","properties":{"code":"15163","name":"Xã Cẩm Vân","type":"Xã"},"geometry":{"type":"Polygon","coordinates":[[[105.52917,20.08664],[105.506671,20.079226],[105.493183,20.083407],[105.494353,20.089042],[105.491263,20.093119],[105.488435,20.105242],[105.48664,20.107206],[105.482562,20.105793],[105.482393,20.107766],[105.468995,20.116642],[105.458377,20.132097],[105.453246,20.134497],[105.445718,20.133949],[105.44142,20.138986],[105.435854,20.138067],[105.426621,20.149517],[105.418726,20.151563],[105.416293,20.156659],[105.409606,20.160137],[105.404029,20.160608],[105.399488,20.163904],[105.396546,20.164101],[105.391142,20.170146],[105.387042,20.172272],[105.395629,20.179991],[105.393554,20.181915],[105.395449,20.188246],[105.401979,20.19071],[105.438824,20.188734],[105.442125,20.185894],[105.441193,20.1824],[105.446368,20.167641],[105.451468,20.163234],[105.455209,20.164397],[105.460565,20.163123],[105.468509,20.158979],[105.475628,20.161191],[105.478,20.1683],[105.480378,20.169564],[105.48122,20.164062],[105.485064,20.161374],[105.494623,20.164009],[105.496914,20.16671],[105.495188,20.179938],[105.501763,20.185513],[105.51485,20.17403],[105.513669,20.168917],[105.509726,20.163239],[105.509707,20.157453],[105.513455,20.150114],[105.517589,20.133083],[105.527012,20.116718],[105.539273,20.109615],[105.544837,20.108313],[105.568902,20.112907],[105.569345,20.1159],[105.571529,20.117068],[105.571588,20.121664],[105.585218,20.11383],[105.581365,20.109014],[105.576025,20.108976],[105.570777,20.102854],[105.568884,20.104948],[105.567205,20.103047],[105.560885,20.102206],[105.554452,20.09505],[105.556066,20.087643],[105.564444,20.077957],[105.568609,20.06947],[105.557672,20.07571],[105.55002,20.073597],[105.548975,20.075706],[105.546563,20.07618],[105.545743,20.073775],[105.544097,20.073948],[105.540016,20.078061],[105.539292,20.081307],[105.533179,20.083111],[105.52917,20.08664]]]}},{"type":"Feature","properties":{"code":"14959","name":"Xã Cổ Lũng","type":"Xã"},"geometry":{"type":"Polygon","coordinates":[[[105.096096,20.566353],[105.098956,20.571786],[105.105999,20.573088],[105.110605,20.56437],[105.115156,20.562251],[105.120737,20.562166],[105.124079,20.55822],[105.125477,20.558858],[105.131176,20.555669],[105.140805,20.543913],[105.144391,20.5432],[105.148651,20.544813],[105.152562,20.543494],[105.155603,20.538231],[105.161845,20.53561],[105.162924,20.528541],[105.161239,20.523001],[105.162989,20.523553],[105.168937,20.518618],[105.170276,20.515301],[105.178048,20.516628],[105.183654,20.521512],[105.190714,20.517268],[105.202835,20.518546],[105.211327,20.515571],[105.212762,20.511927],[105.214607,20.511944],[105.215894,20.509171],[105.221622,20.505342],[105.226824,20.505497],[105.231624,20.50289],[105.230187,20.497596],[105.235805,20.493736],[105.239938,20.493824],[105.239793,20.491596],[105.244726,20.487953],[105.239617,20.479343],[105.241042,20.478241],[105.240412,20.475774],[105.243686,20.476132],[105.243917,20.47389],[105.246836,20.471911],[105.260896,20.46644],[105.263305,20.463008],[105.262259,20.456335],[105.267241,20.455204],[105.260608,20.436858],[105.254591,20.430467],[105.251853,20.423758],[105.248473,20.422807],[105.249918,20.415315],[105.239339,20.407119],[105.237539,20.407154],[105.216265,20.416807],[105.207859,20.422934],[105.198087,20.424546],[105.196727,20.427959],[105.198175,20.430843],[105.19656,20.431249],[105.195547,20.43509],[105.191616,20.437614],[105.193232,20.439432],[105.192356,20.441525],[105.189139,20.446504],[105.182162,20.447884],[105.181452,20.452944],[105.177001,20.457013],[105.181242,20.457557],[105.180346,20.461116],[105.177908,20.462303],[105.175347,20.466811],[105.172697,20.467397],[105.172862,20.469605],[105.17015,20.472347],[105.167845,20.473887],[105.159007,20.469459],[105.152596,20.478063],[105.153238,20.480218],[105.149305,20.480555],[105.143089,20.487111],[105.143312,20.489766],[105.139966,20.490879],[105.13824,20.489756],[105.132075,20.49224],[105.128503,20.49108],[105.127599,20.499372],[105.116858,20.505143],[105.11587,20.511525],[105.110854,20.514222],[105.108504,20.512728],[105.107746,20.514476],[105.104735,20.514981],[105.098709,20.520575],[105.095671,20.521537],[105.096202,20.53221],[105.102462,20.535214],[105.106193,20.540064],[105.102499,20.543863],[105.104261,20.546337],[105.101743,20.550934],[105.106425,20.556052],[105.096096,20.566353]]]}},{"type":"Feature","properties":{"code":"15043","name":"Xã Giao An","type":"Xã"},"geometry":{"type":"Polygon","coordinates":[[[105.274162,20.122627],[105.272289,20.118538],[105.274182,20.114669],[105.28642,20.097684],[105.280743,20.085921],[105.284313,20.081633],[105.281399,20.079671],[105.281964,20.076367],[105.280019,20.073257],[105.277537,20.072758],[105.275808,20.068194],[105.274639,20.052971],[105.284513,20.0368],[105.286054,20.027659],[105.281592,20.017125],[105.270881,20.004709],[105.263697,20.003054],[105.253743,20.003661],[105.252254,20.004475],[105.252247,20.007052],[105.248631,20.009245],[105.240106,20.010507],[105.225025,20.019489],[105.214333,20.012415],[105.203158,20.011095],[105.200891,20.009065],[105.182202,20.009104],[105.176206,20.012256],[105.168693,20.012232],[105.164416,20.015127],[105.168997,20.020447],[105.167399,20.030055],[105.160531,20.037973],[105.165653,20.046218],[105.164365,20.051182],[105.165972,20.055387],[105.164909,20.059948],[105.185207,20.064887],[105.191981,20.073425],[105.203406,20.079495],[105.205808,20.081565],[105.210065,20.095452],[105.213743,20.100295],[105.217963,20.099506],[105.234956,20.101622],[105.242746,20.106044],[105.240936,20.109124],[105.240085,20.116758],[105.241216,20.121093],[105.254338,20.113144],[105.260899,20.114344],[105.260526,20.120294],[105.266287,20.126029],[105.272783,20.125492],[105.274162,20.122627]]]}},{"type":"Feature","properties":{"code":"14896","name":"Xã Hiền Kiệt","type":"Xã"},"geometry":{"type":"Polygon","coordinates":[[[104.874773,20.495178],[104.880112,20.495913],[104.885865,20.490698],[104.886191,20.482917],[104.89085,20.475995],[104.893691,20.46463],[104.891842,20.456032],[104.896089,20.443696],[104.898776,20.441098],[104.89798,20.437554],[104.900468,20.434522],[104.89886,20.42369],[104.895523,20.423675],[104.894556,20.419258],[104.888921,20.410567],[104.884295,20.406905],[104.87695,20.404461],[104.863186,20.405885],[104.849258,20.403564],[104.845121,20.405318],[104.834578,20.404397],[104.830863,20.402527],[104.829756,20.399892],[104.831796,20.393175],[104.816467,20.388144],[104.813386,20.390572],[104.808712,20.389066],[104.804049,20.394787],[104.802782,20.399582],[104.799083,20.400981],[104.796674,20.399],[104.791497,20.39832],[104.786995,20.403513],[104.784542,20.403764],[104.778014,20.39917],[104.774268,20.390236],[104.771568,20.38853],[104.764923,20.392061],[104.762313,20.39008],[104.758232,20.390555],[104.753757,20.388528],[104.742918,20.391095],[104.738424,20.394574],[104.735151,20.393342],[104.726776,20.395416],[104.719608,20.3952],[104.715679,20.396989],[104.713922,20.39917],[104.71927,20.407088],[104.709321,20.410743],[104.701699,20.420087],[104.716953,20.433046],[104.723316,20.433664],[104.730028,20.431642],[104.743047,20.431299],[104.745066,20.436293],[104.750092,20.43603],[104.762028,20.440756],[104.768367,20.45086],[104.772704,20.453383],[104.773226,20.456236],[104.776163,20.459237],[104.781188,20.46025],[104.789056,20.465161],[104.825134,20.476509],[104.844365,20.478922],[104.849182,20.480909],[104.85379,20.48631],[104.858194,20.487186],[104.858537,20.489407],[104.863125,20.493653],[104.87053,20.496956],[104.874773,20.495178]]]}},{"type":"Feature","properties":{"code":"16072","name":"Xã Hoa Lộc","type":"Xã"},"geometry":{"type":"Polygon","coordinates":[[[105.898973,19.880959],[105.894929,19.880633],[105.891415,19.882549],[105.889143,19.891756],[105.881167,19.898109],[105.881227,19.903733],[105.883659,19.904504],[105.887806,19.901863],[105.893126,19.903465],[105.894374,19.906032],[105.896753,19.905088],[105.898395,19.907793],[105.895298,19.916103],[105.903801,19.917754],[105.904029,19.92325],[105.902541,19.926352],[105.904319,19.926419],[105.903583,19.931009],[105.905278,19.933946],[105.899858,19.939825],[105.900698,19.942428],[105.906235,19.946591],[105.900988,19.956263],[105.904198,19.960546],[105.903762,19.963524],[105.90543,19.963919],[105.907714,19.960981],[105.912486,19.961753],[105.915094,19.963724],[105.915624,19.967175],[105.925126,19.971275],[105.928991,19.963998],[105.937029,19.96361],[105.938652,19.962219],[105.937338,19.958771],[105.930821,19.954871],[105.929089,19.951877],[105.931398,19.942933],[105.93523,19.939723],[105.939889,19.938487],[105.935832,19.930651],[105.936688,19.928049],[105.933799,19.926167],[105.93356,19.921333],[105.936527,19.911375],[105.939606,19.908647],[105.93938,19.899756],[105.936869,19.898188],[105.940053,19.891207],[105.939687,19.888308],[105.929529,19.888344],[105.9217,19.885221],[105.91473,19.880127],[105.912323,19.881814],[105.91143,19.887852],[105.904067,19.889319],[105.90218,19.888252],[105.898973,19.880959]]]}},{"type":"Feature","properties":{"code":"15286","name":"Xã Hoạt Giang","type":"Xã"},"geometry":{"type":"Polygon","coordinates":[[[105.853247,20.05582],[105.855384,20.057584],[105.867282,20.052739],[105.86938,20.057349],[105.88379,20.051558],[105.884339,20.053294],[105.886906,20.053588],[105.887564,20.050952],[105.889064,20.052372],[105.894588,20.050012],[105.899978,20.051476],[105.903113,20.049976],[105.909776,20.050935],[105.911813,20.049862],[105.911298,20.047484],[105.913806,20.044114],[105.910348,20.038353],[105.901509,20.038187],[105.897525,20.03483],[105.897255,20.030894],[105.899646,20.027245],[105.895531,20.026751],[105.892365,20.028338],[105.883944,20.036947],[105.877395,20.029825],[105.874147,20.029657],[105.871557,20.032111],[105.868524,20.030227],[105.874277,20.028637],[105.875145,20.025271],[105.870947,20.024263],[105.865467,20.025561],[105.863431,20.0239],[105.864548,20.022801],[105.860614,20.021579],[105.859328,20.019163],[105.861092,20.018491],[105.860003,20.012962],[105.855865,20.012153],[105.855468,20.01381],[105.852427,20.013445],[105.851181,20.020077],[105.847903,20.020901],[105.849847,20.013017],[105.845551,20.01419],[105.839938,20.010031],[105.832246,20.009282],[105.823061,20.019979],[105.820179,20.020273],[105.825641,20.025783],[105.831951,20.037053],[105.825855,20.038294],[105.825105,20.040339],[105.820063,20.037213],[105.81835,20.039561],[105.822401,20.043706],[105.820952,20.045788],[105.821915,20.046978],[105.817392,20.048408],[105.820549,20.0497],[105.828422,20.04847],[105.834141,20.050642],[105.839513,20.048754],[105.839534,20.050027],[105.844032,20.051942],[105.843037,20.055113],[105.845114,20.058008],[105.853247,20.05582]]]}},{"type":"Feature","properties":{"code":"15976","name":"Xã Hoằng Châu","type":"Xã"},"geometry":{"type":"Polygon","coordinates":[[[105.876363,19.843582],[105.883685,19.844059],[105.888019,19.842288],[105.889176,19.839652],[105.887789,19.837092],[105.898334,19.830297],[105.898198,19.827346],[105.896028,19.825213],[105.896901,19.819578],[105.902028,19.817526],[105.900933,19.813826],[105.902507,19.806651],[105.915359,19.806216],[105.914843,19.80081],[105.918077,19.796205],[105.916883,19.792744],[105.923364,19.78953],[105.928723,19.784629],[105.908281,19.777434],[105.874555,19.771306],[105.873041,19.776555],[105.869459,19.778265],[105.867912,19.777301],[105.866356,19.780427],[105.870202,19.782774],[105.869609,19.789539],[105.856608,19.78938],[105.85635,19.794468],[105.863452,19.801218],[105.86395,19.803363],[105.8661,19.803082],[105.86724,19.804902],[105.871096,19.802409],[105.873113,19.813722],[105.867917,19.816535],[105.868175,19.817709],[105.863255,19.819061],[105.865232,19.828434],[105.863839,19.82843],[105.864135,19.832726],[105.862612,19.835688],[105.859985,19.837399],[105.859381,19.843559],[105.860932,19.843356],[105.8612,19.845366],[105.872023,19.846009],[105.874825,19.843148],[105.87323,19.845428],[105.8757,19.846022],[105.876363,19.843582]]]}},{"type":"Feature","properties":{"code":"15880","name":"Xã Hoằng Giang","type":"Xã"},"geometry":{"type":"Polygon","coordinates":[[[105.784106,19.933504],[105.788932,19.928585],[105.791192,19.929127],[105.793389,19.927537],[105.792656,19.922782],[105.788852,19.919363],[105.786919,19.911706],[105.788491,19.907438],[105.787435,19.904343],[105.789919,19.904626],[105.787228,19.89556],[105.789437,19.89509],[105.789359,19.891765],[105.791719,19.891771],[105.792413,19.886005],[105.795717,19.883569],[105.804177,19.884786],[105.804074,19.883358],[105.80692,19.882877],[105.808843,19.883412],[105.809661,19.886172],[105.817415,19.887871],[105.823023,19.887279],[105.822821,19.882767],[105.821224,19.883056],[105.821223,19.881193],[105.815313,19.877091],[105.810737,19.863847],[105.802782,19.865613],[105.791034,19.863523],[105.790241,19.861772],[105.790002,19.862872],[105.785759,19.862405],[105.783816,19.868426],[105.775964,19.874673],[105.759373,19.880406],[105.759548,19.88388],[105.764737,19.89018],[105.765248,19.895558],[105.763711,19.90397],[105.758918,19.913315],[105.758451,19.921476],[105.76704,19.93576],[105.767609,19.94081],[105.764718,19.953214],[105.761982,19.95701],[105.76908,19.961359],[105.77233,19.961357],[105.772585,19.956885],[105.775352,19.952071],[105.785328,19.943437],[105.7865,19.938864],[105.78421,19.937114],[105.784106,19.933504]]]}},{"type":"Feature","properties":{"code":"15865","name":"Xã Hoằng Hóa","type":"Xã"},"geometry":{"type":"Polygon","coordinates":[[[105.891415,19.882549],[105.899086,19.878155],[105.896309,19.875778],[105.900366,19.874465],[105.897725,19.87305],[105.899305,19.870791],[105.898699,19.868832],[105.894804,19.869386],[105.893447,19.867136],[105.896363,19.864167],[105.895634,19.859883],[105.897701,19.857129],[105.898143,19.852765],[105.891804,19.84513],[105.886019,19.846719],[105.884022,19.843964],[105.876456,19.843213],[105.8757,19.846022],[105.87323,19.845428],[105.874825,19.843148],[105.873901,19.843109],[105.872023,19.846009],[105.8612,19.845366],[105.860932,19.843356],[105.859381,19.843559],[105.859499,19.840745],[105.857539,19.840894],[105.857417,19.836639],[105.85425,19.83678],[105.850047,19.832952],[105.843681,19.834588],[105.84092,19.833392],[105.828231,19.838371],[105.825914,19.836461],[105.82196,19.840572],[105.822703,19.847196],[105.82488,19.850744],[105.819574,19.856765],[105.819754,19.858339],[105.817293,19.85841],[105.81639,19.86173],[105.824533,19.865513],[105.829519,19.871886],[105.832212,19.872232],[105.834625,19.870283],[105.84046,19.874956],[105.842817,19.872575],[105.844764,19.875678],[105.850061,19.874098],[105.85491,19.87477],[105.857099,19.869948],[105.860867,19.871543],[105.863242,19.875945],[105.867816,19.875067],[105.868292,19.880783],[105.864063,19.884816],[105.86606,19.894667],[105.87426,19.898605],[105.882758,19.897634],[105.889143,19.891756],[105.891415,19.882549]]]}},{"type":"Feature","properties":{"code":"15961","name":"Xã Hoằng Lộc","type":"Xã"},"geometry":{"type":"Polygon","coordinates":[[[105.861753,19.837068],[105.864135,19.832726],[105.863839,19.82843],[105.865232,19.828434],[105.863255,19.819061],[105.873088,19.81446],[105.872421,19.80812],[105.871096,19.802409],[105.86724,19.804902],[105.8661,19.803082],[105.86395,19.803363],[105.863452,19.801218],[105.856449,19.794646],[105.856054,19.791634],[105.858289,19.788417],[105.859275,19.789733],[105.864757,19.788727],[105.865394,19.790323],[105.870123,19.7889],[105.870165,19.782674],[105.866356,19.780427],[105.867912,19.777301],[105.869459,19.778265],[105.873041,19.776555],[105.874555,19.771306],[105.868244,19.770129],[105.855291,19.771957],[105.849831,19.774864],[105.84323,19.782121],[105.844459,19.784357],[105.842769,19.788327],[105.845823,19.791421],[105.844321,19.792724],[105.846142,19.794378],[105.843905,19.800512],[105.844603,19.803121],[105.841934,19.805733],[105.842049,19.809398],[105.832988,19.810395],[105.833196,19.813102],[105.82945,19.817005],[105.828017,19.823044],[105.829226,19.833856],[105.825895,19.836394],[105.828231,19.838371],[105.84092,19.833392],[105.843681,19.834588],[105.850047,19.832952],[105.85425,19.83678],[105.857417,19.836639],[105.857582,19.840897],[105.859499,19.840745],[105.859985,19.837399],[105.861753,19.837068]]]}},{"type":"Feature","properties":{"code":"15889","name":"Xã Hoằng Phú","type":"Xã"},"geometry":{"type":"Polygon","coordinates":[[[105.801433,19.931076],[105.8089,19.927561],[105.809892,19.929237],[105.80962,19.92777],[105.813662,19.925959],[105.813579,19.924277],[105.823963,19.916362],[105.817906,19.913506],[105.817003,19.911499],[105.818752,19.907367],[105.822627,19.905104],[105.821756,19.901755],[105.823977,19.900184],[105.823023,19.887279],[105.817415,19.887871],[105.809661,19.886172],[105.808843,19.883412],[105.80692,19.882877],[105.804074,19.883358],[105.804177,19.884786],[105.795717,19.883569],[105.792413,19.886005],[105.791719,19.891771],[105.789359,19.891765],[105.789437,19.89509],[105.787228,19.89556],[105.789763,19.901927],[105.789919,19.904626],[105.787435,19.904343],[105.788491,19.907438],[105.786919,19.911706],[105.788852,19.919363],[105.791791,19.920782],[105.79432,19.928779],[105.801433,19.931076]]]}},{"type":"Feature","properties":{"code":"15910","name":"Xã Hoằng Sơn","type":"Xã"},"geometry":{"type":"Polygon","coordinates":[[[105.81835,19.927524],[105.828359,19.928793],[105.834396,19.923429],[105.837895,19.926136],[105.846643,19.927364],[105.848223,19.923879],[105.845,19.916486],[105.853317,19.913808],[105.857242,19.908245],[105.854204,19.899752],[105.851002,19.896771],[105.849503,19.897311],[105.849035,19.895534],[105.846147,19.896484],[105.844188,19.893511],[105.840187,19.893268],[105.836777,19.894194],[105.834821,19.900147],[105.832783,19.900504],[105.831348,19.897525],[105.832512,19.893562],[105.83108,19.891936],[105.835106,19.890693],[105.837618,19.885421],[105.840299,19.888134],[105.84403,19.885707],[105.846774,19.888034],[105.850439,19.887882],[105.850893,19.883933],[105.848913,19.881446],[105.852491,19.880544],[105.855241,19.882025],[105.853862,19.885212],[105.859336,19.883534],[105.859988,19.887011],[105.863691,19.889474],[105.864957,19.893363],[105.864063,19.884816],[105.868292,19.880783],[105.867816,19.875067],[105.863242,19.875945],[105.860867,19.871543],[105.857595,19.869957],[105.856282,19.870219],[105.85491,19.87477],[105.850061,19.874098],[105.845628,19.875702],[105.843128,19.872609],[105.84046,19.874956],[105.834236,19.870178],[105.830532,19.872239],[105.822351,19.86391],[105.811876,19.858912],[105.810734,19.864634],[105.811945,19.865028],[105.813261,19.873016],[105.817283,19.879433],[105.821223,19.881193],[105.821224,19.883056],[105.822821,19.882767],[105.823834,19.891261],[105.823977,19.900184],[105.821756,19.901755],[105.822627,19.905104],[105.818752,19.907367],[105.817003,19.911499],[105.817906,19.913506],[105.823899,19.91693],[105.813579,19.924277],[105.813662,19.925959],[105.80962,19.92777],[105.81028,19.928857],[105.81211,19.927361],[105.815523,19.930001],[105.81835,19.927524]]]}},{"type":"Feature","properties":{"code":"16000","name":"Xã Hoằng Thanh","type":"Xã"},"geometry":{"type":"Polygon","coordinates":[[[105.89624,19.862958],[105.901117,19.862556],[105.903428,19.859016],[105.908424,19.861598],[105.909867,19.860723],[105.906381,19.854603],[105.910137,19.845864],[105.909069,19.841236],[105.915796,19.840694],[105.915998,19.842951],[105.920248,19.842903],[105.920413,19.844013],[105.931884,19.841922],[105.93548,19.839468],[105.931779,19.824431],[105.931141,19.813864],[105.933906,19.802948],[105.938829,19.798116],[105.931781,19.789996],[105.931501,19.785795],[105.928723,19.784629],[105.923364,19.78953],[105.916883,19.792744],[105.918077,19.796205],[105.914843,19.80081],[105.915359,19.806216],[105.902507,19.806651],[105.900933,19.813826],[105.902028,19.817526],[105.896901,19.819578],[105.896028,19.825213],[105.898337,19.827657],[105.898254,19.830471],[105.887789,19.837092],[105.889169,19.839499],[105.888122,19.842155],[105.884035,19.843268],[105.886019,19.846719],[105.891866,19.845167],[105.897837,19.85199],[105.897701,19.857129],[105.895609,19.860085],[105.89624,19.862958]]]}},{"type":"Feature","properties":{"code":"15991","name":"Xã Hoằng Tiến","type":"Xã"},"geometry":{"type":"Polygon","coordinates":[[[105.89752,19.880274],[105.90218,19.888252],[105.904067,19.889319],[105.91143,19.887852],[105.912323,19.881814],[105.91473,19.880127],[105.922996,19.885932],[105.931302,19.888733],[105.948797,19.887395],[105.955288,19.888106],[105.959731,19.890472],[105.965624,19.890205],[105.955792,19.879978],[105.947666,19.86824],[105.945798,19.869045],[105.94724,19.867505],[105.93548,19.839468],[105.931884,19.841922],[105.920413,19.844013],[105.920248,19.842903],[105.915998,19.842951],[105.915796,19.840694],[105.909069,19.841236],[105.910137,19.845864],[105.906381,19.854603],[105.909867,19.860723],[105.908424,19.861598],[105.903428,19.859016],[105.901117,19.862556],[105.89624,19.862958],[105.893474,19.866625],[105.894567,19.869287],[105.89775,19.868267],[105.89928,19.869635],[105.897708,19.872991],[105.900247,19.874837],[105.896256,19.875944],[105.899024,19.877818],[105.89752,19.880274]]]}},{"type":"Feature","properties":{"code":"15274","name":"Xã Hà Long","type":"Xã"},"geometry":{"type":"Polygon","coordinates":[[[105.816077,20.155616],[105.821019,20.152441],[105.826454,20.152812],[105.827101,20.150882],[105.831621,20.150602],[105.832264,20.146512],[105.835487,20.142277],[105.83902,20.140784],[105.841668,20.142603],[105.844542,20.141805],[105.847141,20.139641],[105.854725,20.13778],[105.859625,20.13333],[105.857401,20.132325],[105.856308,20.129159],[105.851217,20.126614],[105.848115,20.121433],[105.851583,20.112544],[105.851374,20.108637],[105.849223,20.107265],[105.850942,20.103942],[105.841957,20.103844],[105.83724,20.108462],[105.83336,20.101509],[105.836881,20.090074],[105.8355,20.079227],[105.834171,20.077971],[105.834722,20.07265],[105.839737,20.067166],[105.840302,20.061465],[105.847115,20.060683],[105.843058,20.055189],[105.844032,20.051942],[105.839534,20.050027],[105.839513,20.048754],[105.834141,20.050642],[105.828042,20.048436],[105.820549,20.0497],[105.813478,20.048801],[105.812554,20.051057],[105.809576,20.052136],[105.807725,20.056332],[105.785894,20.064031],[105.779889,20.063751],[105.777526,20.065559],[105.777091,20.069999],[105.780886,20.071103],[105.780976,20.07505],[105.782659,20.076567],[105.778673,20.076413],[105.777672,20.078182],[105.776072,20.077286],[105.775576,20.08265],[105.771315,20.086364],[105.774368,20.09172],[105.780252,20.09727],[105.77924,20.099416],[105.780959,20.100017],[105.780128,20.101842],[105.781574,20.102606],[105.779064,20.104129],[105.781736,20.1084],[105.779357,20.110122],[105.779904,20.111323],[105.78135,20.110452],[105.784166,20.113153],[105.787827,20.113561],[105.790069,20.115465],[105.789114,20.117645],[105.792919,20.120923],[105.792724,20.125073],[105.794443,20.126791],[105.790685,20.13805],[105.792916,20.145816],[105.7939,20.146917],[105.797206,20.144971],[105.799739,20.150272],[105.801586,20.150645],[105.803027,20.149294],[105.811884,20.149426],[105.816077,20.155616]]]}},{"type":"Feature","properties":{"code":"15271","name":"Xã Hà Trung","type":"Xã"},"geometry":{"type":"Polygon","coordinates":[[[105.855591,20.013409],[105.855865,20.012153],[105.860003,20.012962],[105.861245,20.008962],[105.869703,20.006214],[105.874902,19.999033],[105.880976,19.996428],[105.887507,19.989493],[105.885974,19.986284],[105.887069,19.982784],[105.883506,19.977857],[105.870193,19.982578],[105.865674,19.98676],[105.863887,19.978114],[105.843314,19.979244],[105.829381,19.969989],[105.816421,19.967097],[105.813433,19.968575],[105.814883,19.973629],[105.80437,19.974039],[105.802581,19.980586],[105.792711,19.983452],[105.793729,19.990853],[105.7967,19.9915],[105.793377,19.995329],[105.79245,19.999018],[105.799528,20.001978],[105.802259,20.008626],[105.810032,20.005461],[105.816231,20.004898],[105.820008,20.006315],[105.831335,20.004517],[105.832246,20.009282],[105.839938,20.010031],[105.845551,20.01419],[105.849847,20.013017],[105.847903,20.020901],[105.851181,20.020077],[105.852427,20.013445],[105.855591,20.013409]]]}},{"type":"Feature","properties":{"code":"16186","name":"Xã Hóa Quỳ","type":"Xã"},"geometry":{"type":"Polygon","coordinates":[[[105.45613,19.539827],[105.442521,19.539418],[105.440021,19.534435],[105.437558,19.533478],[105.431381,19.533785],[105.43216,19.537982],[105.430111,19.551173],[105.427252,19.556213],[105.423876,19.557578],[105.421823,19.574682],[105.411347,19.583886],[105.415507,19.585528],[105.417996,19.590431],[105.416672,19.592597],[105.421286,19.595638],[105.426825,19.595977],[105.430247,19.602624],[105.433606,19.604032],[105.435475,19.607135],[105.433504,19.610907],[105.431829,19.611144],[105.436558,19.615526],[105.436024,19.617847],[105.431408,19.61763],[105.430085,19.613841],[105.426002,19.612136],[105.419584,19.61256],[105.412734,19.607023],[105.412707,19.604929],[105.409402,19.604058],[105.406334,19.598158],[105.402782,19.598336],[105.399371,19.602274],[105.394392,19.6001],[105.389939,19.592195],[105.384448,19.588119],[105.384705,19.590791],[105.382669,19.591063],[105.383822,19.590044],[105.382286,19.589117],[105.377908,19.59098],[105.378964,19.593188],[105.377399,19.594724],[105.371958,19.594431],[105.369886,19.599564],[105.364863,19.605131],[105.362398,19.604237],[105.359468,19.607103],[105.3574,19.606203],[105.367321,19.615914],[105.368031,19.620873],[105.370836,19.62104],[105.377586,19.62822],[105.363814,19.641718],[105.364194,19.649577],[105.374253,19.665478],[105.381554,19.668958],[105.381756,19.673556],[105.385322,19.678446],[105.394048,19.679028],[105.399628,19.67362],[105.402058,19.673258],[105.403035,19.668863],[105.397848,19.665371],[105.401264,19.662384],[105.404401,19.663184],[105.404727,19.660164],[105.407454,19.659602],[105.408973,19.654494],[105.417752,19.653992],[105.419259,19.651049],[105.421883,19.651627],[105.423285,19.654549],[105.433959,19.661716],[105.439003,19.661355],[105.441211,19.659057],[105.4497,19.656367],[105.452489,19.657581],[105.454949,19.655687],[105.459293,19.655584],[105.458527,19.6539],[105.467759,19.643604],[105.462577,19.6313],[105.464475,19.625541],[105.466975,19.623541],[105.467583,19.619671],[105.469448,19.618871],[105.469345,19.616005],[105.472947,19.615951],[105.477236,19.613554],[105.477025,19.611279],[105.481216,19.609056],[105.484482,19.607957],[105.488157,19.611749],[105.496241,19.608996],[105.504196,19.609179],[105.514185,19.615901],[105.520146,19.616138],[105.517716,19.604525],[105.513079,19.596522],[105.507221,19.594734],[105.50828,19.591],[105.507262,19.589585],[105.503657,19.587241],[105.496051,19.586147],[105.485149,19.578321],[105.477804,19.575345],[105.470723,19.570634],[105.464125,19.563157],[105.464374,19.551148],[105.461646,19.539024],[105.4591,19.537578],[105.45613,19.539827]],[[105.450406,19.541026],[105.450405,19.541025],[105.450408,19.541026],[105.450406,19.541026]]]}},{"type":"Feature","properties":{"code":"16012","name":"Xã Hậu Lộc","type":"Xã"},"geometry":{"type":"Polygon","coordinates":[[[105.879331,19.953417],[105.88289,19.943504],[105.886328,19.943865],[105.886653,19.939132],[105.891926,19.937198],[105.892255,19.932969],[105.904318,19.929967],[105.904319,19.926419],[105.902438,19.925133],[105.904029,19.92325],[105.903801,19.917754],[105.895298,19.916103],[105.898395,19.907793],[105.896753,19.905088],[105.894374,19.906032],[105.893126,19.903465],[105.887806,19.901863],[105.882141,19.904508],[105.881167,19.898109],[105.873242,19.898395],[105.865655,19.89443],[105.863691,19.889474],[105.859988,19.887011],[105.859184,19.883401],[105.853449,19.884885],[105.855308,19.882664],[105.853971,19.8808],[105.848913,19.881446],[105.850893,19.883933],[105.850237,19.887948],[105.846774,19.888034],[105.84403,19.885707],[105.840299,19.888134],[105.837133,19.885639],[105.835106,19.890693],[105.83108,19.891936],[105.832512,19.893562],[105.831348,19.897525],[105.832536,19.900366],[105.834821,19.900147],[105.836777,19.894194],[105.840187,19.893268],[105.844188,19.893511],[105.846147,19.896484],[105.848965,19.895502],[105.849503,19.897311],[105.850884,19.896724],[105.853575,19.898911],[105.857242,19.908245],[105.853317,19.913808],[105.846847,19.91496],[105.844839,19.917186],[105.850693,19.92009],[105.852022,19.917475],[105.856808,19.920073],[105.858465,19.923684],[105.857277,19.924881],[105.859618,19.925843],[105.858901,19.927923],[105.862286,19.933337],[105.862766,19.937909],[105.867294,19.942183],[105.866741,19.943158],[105.871119,19.944342],[105.870073,19.947174],[105.871651,19.947702],[105.871139,19.948858],[105.876887,19.949866],[105.875918,19.952441],[105.879331,19.953417]]]}},{"type":"Feature","properties":{"code":"16138","name":"Xã Hồ Vương","type":"Xã"},"geometry":{"type":"Polygon","coordinates":[[[106.022737,20.021542],[106.02411,20.022281],[106.030597,20.012465],[106.018645,20.006895],[106.008307,19.998336],[106.000034,20.007538],[105.998055,20.007049],[105.995852,20.009183],[105.98309,20.01317],[105.980198,20.016012],[105.979845,20.020059],[105.982342,20.024814],[105.97214,20.02689],[105.973205,20.034441],[105.976642,20.038636],[105.976041,20.042103],[105.978321,20.043341],[105.979028,20.046062],[105.981259,20.046526],[105.980534,20.048072],[105.983586,20.048488],[105.986802,20.052078],[105.992788,20.054153],[105.996747,20.053821],[106.0011,20.050784],[106.011212,20.051235],[106.0121,20.050186],[106.008714,20.049214],[106.000345,20.040452],[106.002319,20.038733],[106.00072,20.036978],[106.005047,20.035151],[106.005031,20.033224],[106.006938,20.032034],[106.006117,20.030976],[106.011021,20.028488],[106.013735,20.031182],[106.014667,20.029496],[106.016881,20.031105],[106.02037,20.028874],[106.021946,20.02506],[106.020495,20.023941],[106.022737,20.021542]]]}},{"type":"Feature","properties":{"code":"14869","name":"Xã Hồi Xuân","type":"Xã"},"geometry":{"type":"Polygon","coordinates":[[[105.092763,20.470607],[105.097413,20.469773],[105.097235,20.465911],[105.100282,20.463216],[105.103927,20.454353],[105.108481,20.451154],[105.11295,20.445041],[105.116856,20.443328],[105.12891,20.419328],[105.136932,20.416569],[105.144813,20.410721],[105.161592,20.404851],[105.165881,20.401476],[105.167099,20.387184],[105.17183,20.382444],[105.170781,20.379623],[105.160882,20.372628],[105.162977,20.369439],[105.162529,20.364315],[105.172252,20.361064],[105.175471,20.357215],[105.188317,20.349081],[105.185216,20.347994],[105.182489,20.344465],[105.183127,20.337914],[105.172454,20.336069],[105.164665,20.330948],[105.141969,20.331669],[105.129992,20.343336],[105.121103,20.344844],[105.120423,20.350766],[105.114333,20.355136],[105.113309,20.358263],[105.104397,20.367547],[105.098599,20.365764],[105.098163,20.372372],[105.094278,20.374003],[105.083436,20.373521],[105.076661,20.378596],[105.078482,20.384118],[105.074532,20.388402],[105.07127,20.39779],[105.067965,20.399568],[105.064766,20.404388],[105.057942,20.407786],[105.052261,20.405862],[105.046446,20.407122],[105.043399,20.402985],[105.038547,20.401778],[105.034998,20.396873],[105.031303,20.395025],[105.026718,20.398833],[105.021682,20.397729],[105.018053,20.398752],[105.011982,20.408292],[105.008113,20.409553],[105.009118,20.414639],[105.020116,20.417753],[105.024792,20.423766],[105.030551,20.423487],[105.034165,20.42584],[105.042355,20.426971],[105.046737,20.430809],[105.046405,20.434499],[105.048577,20.439189],[105.051385,20.440133],[105.051864,20.438119],[105.055743,20.43928],[105.052286,20.446121],[105.057472,20.449191],[105.062192,20.448829],[105.071982,20.453588],[105.077508,20.461362],[105.089324,20.470047],[105.09083,20.473147],[105.092763,20.470607]]]}},{"type":"Feature","properties":{"code":"15682","name":"Xã Hợp Tiến","type":"Xã"},"geometry":{"type":"Polygon","coordinates":[[[105.517445,19.799219],[105.504018,19.794094],[105.495721,19.795774],[105.509446,19.808516],[105.509709,19.817141],[105.512301,19.817112],[105.515769,19.819872],[105.521279,19.82021],[105.52648,19.826117],[105.536367,19.829203],[105.537275,19.831424],[105.54041,19.832461],[105.540763,19.839773],[105.543597,19.838896],[105.545022,19.840138],[105.547763,19.837117],[105.549866,19.841527],[105.551385,19.840611],[105.551469,19.835579],[105.557741,19.83113],[105.560011,19.82234],[105.569523,19.819108],[105.57379,19.81162],[105.578332,19.810185],[105.579772,19.81141],[105.579867,19.808387],[105.583903,19.809468],[105.58543,19.808345],[105.586605,19.812054],[105.590105,19.81348],[105.593586,19.811416],[105.592524,19.810057],[105.593869,19.805553],[105.599053,19.808462],[105.598041,19.806061],[105.601426,19.804286],[105.600433,19.799798],[105.597231,19.800493],[105.595349,19.796939],[105.596139,19.793683],[105.594905,19.793256],[105.596647,19.791286],[105.58269,19.786901],[105.582837,19.784695],[105.581206,19.786111],[105.580986,19.789595],[105.579089,19.790594],[105.558208,19.793983],[105.552206,19.78309],[105.551853,19.779085],[105.544892,19.776613],[105.540851,19.771434],[105.539351,19.76769],[105.540852,19.764318],[105.539572,19.759782],[105.529781,19.755147],[105.519426,19.75312],[105.518173,19.754851],[105.522972,19.771246],[105.520932,19.775399],[105.511241,19.776881],[105.508022,19.783287],[105.510889,19.786642],[105.518642,19.785722],[105.522285,19.787432],[105.523705,19.790396],[105.521672,19.792601],[105.522465,19.798072],[105.525245,19.801496],[105.524878,19.805064],[105.517445,19.799219]]]}},{"type":"Feature","properties":{"code":"15187","name":"Xã Kim Tân","type":"Xã"},"geometry":{"type":"Polygon","coordinates":[[[105.649118,20.098085],[105.646417,20.097666],[105.644692,20.100186],[105.643016,20.099109],[105.643828,20.097649],[105.636367,20.094466],[105.634361,20.100079],[105.64005,20.103483],[105.639666,20.112177],[105.637688,20.112638],[105.632609,20.108423],[105.62636,20.110926],[105.627639,20.112976],[105.636132,20.114099],[105.633877,20.120114],[105.640105,20.13801],[105.639347,20.141023],[105.637063,20.140918],[105.637064,20.142157],[105.644913,20.144481],[105.647799,20.14749],[105.643858,20.151576],[105.645276,20.155605],[105.642297,20.15991],[105.644676,20.161993],[105.643184,20.163863],[105.645452,20.165521],[105.642338,20.167872],[105.645655,20.173024],[105.645949,20.176694],[105.642866,20.180485],[105.63839,20.177802],[105.635313,20.179968],[105.635437,20.18456],[105.639182,20.185265],[105.639058,20.187047],[105.6342,20.188816],[105.632777,20.19336],[105.628638,20.191237],[105.629145,20.196563],[105.618549,20.193865],[105.60905,20.199077],[105.615797,20.199225],[105.614667,20.205589],[105.61193,20.20867],[105.620881,20.215142],[105.625178,20.212927],[105.623123,20.210431],[105.625627,20.206932],[105.638678,20.197187],[105.645129,20.193882],[105.647609,20.194479],[105.651477,20.192622],[105.654458,20.193804],[105.655357,20.190731],[105.658545,20.189039],[105.661665,20.189904],[105.666559,20.184571],[105.666239,20.181339],[105.667391,20.181484],[105.666322,20.180799],[105.665342,20.181723],[105.66674,20.179678],[105.664837,20.180363],[105.664654,20.178702],[105.670546,20.177953],[105.670358,20.172684],[105.676514,20.16511],[105.66731,20.15798],[105.670763,20.15653],[105.68199,20.142884],[105.68473,20.140973],[105.68679,20.143912],[105.688673,20.141932],[105.690636,20.143654],[105.689363,20.144895],[105.695359,20.1474],[105.705328,20.141889],[105.704421,20.137858],[105.705851,20.135695],[105.704411,20.133641],[105.70604,20.130165],[105.722304,20.12764],[105.730866,20.129475],[105.732183,20.121652],[105.730274,20.119325],[105.724914,20.119102],[105.721169,20.11632],[105.71451,20.118705],[105.709957,20.115145],[105.709496,20.112249],[105.70647,20.110413],[105.707848,20.109274],[105.70563,20.103234],[105.706661,20.100112],[105.701587,20.1023],[105.699564,20.106393],[105.696589,20.102972],[105.698699,20.102537],[105.697478,20.097735],[105.696246,20.099459],[105.693542,20.099637],[105.693775,20.100899],[105.688662,20.098587],[105.687941,20.093834],[105.690753,20.089266],[105.686792,20.086186],[105.685403,20.087156],[105.683888,20.086091],[105.679769,20.088694],[105.678989,20.08398],[105.676211,20.08365],[105.673035,20.0905],[105.675613,20.091745],[105.675421,20.094213],[105.671717,20.094578],[105.664181,20.103951],[105.661003,20.100997],[105.656268,20.101025],[105.655051,20.096948],[105.652047,20.098058],[105.648907,20.094615],[105.647415,20.096098],[105.648986,20.096366],[105.649118,20.098085]]]}},{"type":"Feature","properties":{"code":"15112","name":"Xã Kiên Thọ","type":"Xã"},"geometry":{"type":"Polygon","coordinates":[[[105.396772,19.988457],[105.4039,19.990899],[105.406156,19.985351],[105.412953,19.991794],[105.416704,19.989986],[105.416694,19.986341],[105.421153,19.985986],[105.420075,19.984233],[105.421626,19.981475],[105.432794,19.978766],[105.431229,19.972768],[105.433501,19.971254],[105.433947,19.967219],[105.436091,19.966708],[105.435245,19.962757],[105.439814,19.961821],[105.441752,19.962964],[105.441642,19.960202],[105.435737,19.95758],[105.434872,19.955049],[105.431732,19.954373],[105.43112,19.95212],[105.424548,19.947593],[105.422532,19.943661],[105.416976,19.941018],[105.417091,19.939489],[105.415491,19.940121],[105.413462,19.936353],[105.407141,19.937144],[105.407936,19.934318],[105.404968,19.933566],[105.399432,19.92756],[105.396338,19.928308],[105.387562,19.92531],[105.380351,19.929161],[105.371915,19.9239],[105.370002,19.920862],[105.365719,19.923104],[105.36383,19.92603],[105.359009,19.925136],[105.35437,19.92956],[105.350593,19.92293],[105.349106,19.922751],[105.345422,19.926885],[105.345311,19.930792],[105.342817,19.932538],[105.340241,19.940983],[105.331768,19.940178],[105.329419,19.944451],[105.322376,19.94357],[105.322912,19.946118],[105.321366,19.947164],[105.317835,19.947696],[105.317566,19.945993],[105.314807,19.94842],[105.312115,19.947762],[105.309319,19.949393],[105.306268,19.957566],[105.298391,19.964351],[105.295588,19.969612],[105.2962,19.971659],[105.305188,19.969148],[105.314358,19.974946],[105.321127,19.969741],[105.322424,19.975158],[105.324571,19.976241],[105.32753,19.970575],[105.329716,19.969818],[105.330044,19.965039],[105.334624,19.960656],[105.340487,19.960686],[105.346498,19.964412],[105.351773,19.961917],[105.352281,19.960039],[105.36044,19.9537],[105.360335,19.951901],[105.364156,19.950954],[105.366276,19.952368],[105.371906,19.948592],[105.373434,19.951598],[105.368894,19.960506],[105.373698,19.962489],[105.375029,19.96102],[105.377338,19.964154],[105.375717,19.965114],[105.377252,19.969394],[105.375884,19.972721],[105.376953,19.972794],[105.376864,19.976285],[105.380206,19.977864],[105.381134,19.981133],[105.384243,19.981255],[105.389259,19.985039],[105.392084,19.991643],[105.394079,19.991605],[105.396772,19.988457]]]}},{"type":"Feature","properties":{"code":"15544","name":"Xã Lam Sơn","type":"Xã"},"geometry":{"type":"Polygon","coordinates":[[[105.434676,19.940385],[105.436549,19.938459],[105.434989,19.937198],[105.435868,19.936155],[105.431878,19.932927],[105.4339,19.928501],[105.424882,19.925662],[105.421595,19.919832],[105.418241,19.919085],[105.415459,19.922889],[105.411981,19.919954],[105.411709,19.918095],[105.415432,19.913891],[105.413068,19.912726],[105.413746,19.908611],[105.417146,19.908354],[105.418031,19.9034],[105.419997,19.903757],[105.423214,19.897259],[105.418942,19.893696],[105.417581,19.88596],[105.409747,19.888181],[105.405743,19.887354],[105.407103,19.880666],[105.403264,19.875881],[105.394612,19.878169],[105.394265,19.879846],[105.389416,19.881383],[105.386107,19.887668],[105.377952,19.89425],[105.378675,19.910293],[105.375526,19.914901],[105.373099,19.923899],[105.380523,19.929199],[105.387562,19.92531],[105.396338,19.928308],[105.399432,19.92756],[105.404968,19.933566],[105.407936,19.934318],[105.407141,19.937144],[105.413462,19.936353],[105.415762,19.940209],[105.421848,19.939621],[105.425385,19.936172],[105.434676,19.940385]]]}},{"type":"Feature","properties":{"code":"15055","name":"Xã Linh Sơn","type":"Xã"},"geometry":{"type":"Polygon","coordinates":[[[105.14806,20.081625],[105.146959,20.086755],[105.138434,20.092483],[105.139139,20.099837],[105.133335,20.101381],[105.132999,20.113106],[105.129172,20.120085],[105.143929,20.118632],[105.147906,20.125822],[105.149881,20.134896],[105.155542,20.140771],[105.155163,20.143815],[105.157147,20.14467],[105.15787,20.147293],[105.157195,20.150212],[105.165752,20.152174],[105.17055,20.159072],[105.172249,20.159176],[105.173221,20.151408],[105.174675,20.150837],[105.179237,20.156807],[105.180276,20.15532],[105.183978,20.157556],[105.185255,20.155946],[105.190464,20.156727],[105.190161,20.154449],[105.195271,20.158953],[105.202205,20.155534],[105.205904,20.158118],[105.207948,20.156949],[105.217004,20.15843],[105.220037,20.156877],[105.226542,20.161404],[105.230038,20.161191],[105.234708,20.165216],[105.235223,20.167684],[105.237131,20.167621],[105.237103,20.158073],[105.241915,20.159136],[105.245572,20.161888],[105.252843,20.159124],[105.253957,20.156899],[105.252941,20.155664],[105.256911,20.15261],[105.260912,20.142694],[105.263775,20.141356],[105.264919,20.137288],[105.263944,20.134576],[105.266109,20.130091],[105.27649,20.126206],[105.274592,20.122521],[105.272783,20.125492],[105.266287,20.126029],[105.260526,20.120294],[105.261521,20.11578],[105.259244,20.113686],[105.253688,20.113195],[105.241216,20.121093],[105.240085,20.116758],[105.240936,20.109124],[105.242746,20.106044],[105.234956,20.101622],[105.217963,20.099506],[105.213743,20.100295],[105.210065,20.095452],[105.205808,20.081565],[105.195973,20.074456],[105.191981,20.073425],[105.185602,20.065212],[105.181515,20.063419],[105.164909,20.059948],[105.161197,20.062924],[105.153892,20.065401],[105.152585,20.066358],[105.155221,20.078425],[105.14806,20.081625]]]}},{"type":"Feature","properties":{"code":"15634","name":"Xã Luận Thành","type":"Xã"},"geometry":{"type":"Polygon","coordinates":[[[105.407025,19.821126],[105.410938,19.818042],[105.419311,19.816719],[105.423283,19.818807],[105.425506,19.816975],[105.428356,19.803096],[105.431483,19.801212],[105.428327,19.794423],[105.430998,19.79196],[105.440368,19.79382],[105.442293,19.791287],[105.447178,19.792476],[105.448378,19.791283],[105.447344,19.786394],[105.448635,19.772243],[105.451712,19.75859],[105.455208,19.7557],[105.449574,19.750159],[105.446692,19.749277],[105.4374,19.75588],[105.437136,19.757634],[105.428221,19.761495],[105.424836,19.768808],[105.419636,19.773758],[105.418432,19.777078],[105.420815,19.780151],[105.418975,19.784503],[105.41623,19.785547],[105.414822,19.788137],[105.411233,19.78915],[105.410369,19.787273],[105.406978,19.787937],[105.398147,19.784213],[105.394344,19.78929],[105.396216,19.792524],[105.394747,19.797431],[105.390104,19.796653],[105.383073,19.799961],[105.381078,19.79811],[105.381324,19.801341],[105.377267,19.807208],[105.381264,19.809495],[105.374498,19.817963],[105.354917,19.825283],[105.352708,19.830788],[105.348985,19.833567],[105.347959,19.837814],[105.345234,19.840703],[105.344017,19.837658],[105.342037,19.839167],[105.336378,19.837779],[105.3298,19.833648],[105.327536,19.836111],[105.326284,19.842842],[105.320932,19.842898],[105.316692,19.846397],[105.310465,19.845974],[105.312559,19.854919],[105.315608,19.855413],[105.317219,19.86035],[105.315351,19.862759],[105.318749,19.865494],[105.319121,19.871431],[105.325312,19.873563],[105.325368,19.878661],[105.333333,19.879312],[105.341013,19.886285],[105.345676,19.887925],[105.348323,19.88271],[105.344784,19.880457],[105.344698,19.8763],[105.346868,19.872926],[105.346244,19.869993],[105.350308,19.867568],[105.354875,19.866625],[105.356709,19.871081],[105.359006,19.870405],[105.359175,19.874143],[105.361171,19.875654],[105.376863,19.876398],[105.386395,19.874048],[105.394612,19.878169],[105.403264,19.875881],[105.404149,19.872428],[105.400085,19.86772],[105.400471,19.865822],[105.393285,19.861272],[105.392694,19.859397],[105.394072,19.858228],[105.391335,19.85743],[105.387679,19.848138],[105.395296,19.845557],[105.394404,19.842181],[105.402651,19.841694],[105.402857,19.837956],[105.41085,19.833368],[105.411264,19.832349],[105.406171,19.829335],[105.407025,19.821126]]]}},{"type":"Feature","properties":{"code":"15298","name":"Xã Lĩnh Toại","type":"Xã"},"geometry":{"type":"Polygon","coordinates":[[[105.910141,20.038392],[105.911665,20.03347],[105.90999,20.030961],[105.910453,20.027003],[105.917195,20.016183],[105.913858,20.007599],[105.915878,20.005814],[105.911801,20.004622],[105.914122,19.999502],[105.918039,19.997735],[105.917056,19.995522],[105.919122,19.994594],[105.919965,19.997348],[105.922054,19.995537],[105.920153,19.991443],[105.923973,19.990506],[105.923564,19.986224],[105.920854,19.984997],[105.92324,19.982095],[105.919236,19.978928],[105.919625,19.972282],[105.923274,19.971217],[105.915279,19.966863],[105.913794,19.962441],[105.907714,19.960981],[105.90573,19.96255],[105.904391,19.968982],[105.897435,19.97015],[105.902869,19.974586],[105.902327,19.979422],[105.897379,19.981185],[105.890653,19.974804],[105.888633,19.982563],[105.885838,19.984169],[105.887612,19.989347],[105.880976,19.996428],[105.874902,19.999033],[105.869703,20.006214],[105.860411,20.009614],[105.859424,20.014857],[105.861092,20.018491],[105.859328,20.019163],[105.860614,20.021579],[105.864548,20.022801],[105.863431,20.0239],[105.865691,20.025689],[105.870947,20.024263],[105.875145,20.025271],[105.874277,20.028637],[105.868004,20.029524],[105.871557,20.032111],[105.874466,20.029542],[105.877681,20.029953],[105.883611,20.036824],[105.888674,20.033319],[105.892272,20.028398],[105.896822,20.026704],[105.899648,20.027247],[105.897048,20.033278],[105.900733,20.037828],[105.910141,20.038392]]]}},{"type":"Feature","properties":{"code":"16438","name":"Xã Lưu Vệ","type":"Xã"},"geometry":{"type":"Polygon","coordinates":[[[105.795368,19.752357],[105.803635,19.75269],[105.817173,19.749284],[105.824515,19.745254],[105.818396,19.725156],[105.815079,19.725749],[105.814507,19.724128],[105.817817,19.723067],[105.814049,19.71018],[105.804341,19.710595],[105.799355,19.707813],[105.799715,19.71018],[105.794348,19.712528],[105.791512,19.710501],[105.784296,19.710101],[105.781842,19.706997],[105.777725,19.706269],[105.776106,19.708303],[105.774401,19.704525],[105.766775,19.704132],[105.76195,19.705586],[105.758953,19.722346],[105.761784,19.724828],[105.772108,19.72684],[105.768639,19.731605],[105.765534,19.730144],[105.76451,19.731852],[105.769328,19.739302],[105.771514,19.740133],[105.769452,19.740086],[105.769695,19.742169],[105.774261,19.747189],[105.777417,19.748178],[105.778297,19.752045],[105.780547,19.753214],[105.782971,19.752323],[105.784103,19.757846],[105.793685,19.754574],[105.795368,19.752357]]]}},{"type":"Feature","properties":{"code":"15628","name":"Xã Lương Sơn","type":"Xã"},"geometry":{"type":"Polygon","coordinates":[[[105.184166,20.005749],[105.182145,20.009118],[105.200891,20.009065],[105.203158,20.011095],[105.214333,20.012415],[105.225025,20.019489],[105.240106,20.010507],[105.248631,20.009245],[105.252247,20.007052],[105.252254,20.004475],[105.253743,20.003661],[105.263697,20.003054],[105.270682,20.004598],[105.271505,20.006939],[105.274507,20.006748],[105.280535,20.002581],[105.277731,19.994697],[105.281106,19.98961],[105.281625,19.981078],[105.284713,19.976013],[105.295676,19.969546],[105.298391,19.964351],[105.306268,19.957566],[105.310036,19.939196],[105.309133,19.927359],[105.31195,19.924546],[105.298808,19.924305],[105.282844,19.921036],[105.279017,19.922823],[105.274477,19.922397],[105.272523,19.924928],[105.270045,19.924336],[105.26512,19.927741],[105.259827,19.935792],[105.248973,19.933213],[105.246128,19.936448],[105.2348,19.941536],[105.233923,19.937699],[105.229598,19.936282],[105.215762,19.945678],[105.20715,19.945139],[105.204743,19.947185],[105.204347,19.950458],[105.206417,19.951797],[105.205612,19.955737],[105.202372,19.957992],[105.202493,19.962422],[105.20826,19.970747],[105.205607,19.976612],[105.21234,19.975433],[105.213669,19.980686],[105.217502,19.981246],[105.207378,19.985629],[105.205979,19.988032],[105.206822,19.994853],[105.204709,19.997627],[105.19385,19.998099],[105.184166,20.005749]]]}},{"type":"Feature","properties":{"code":"15124","name":"Xã Minh Sơn","type":"Xã"},"geometry":{"type":"Polygon","coordinates":[[[105.308425,20.084787],[105.320404,20.078603],[105.326558,20.076931],[105.328409,20.074504],[105.335812,20.076074],[105.337865,20.074851],[105.346136,20.075244],[105.35102,20.065132],[105.355148,20.065891],[105.374142,20.058485],[105.381183,20.057685],[105.387854,20.061389],[105.391019,20.060697],[105.392107,20.061115],[105.390374,20.06234],[105.391412,20.064911],[105.392381,20.065661],[105.394171,20.064056],[105.400252,20.068178],[105.423926,20.053137],[105.426051,20.053102],[105.425461,20.050463],[105.426923,20.050561],[105.428053,20.047627],[105.430245,20.048443],[105.428067,20.046718],[105.429575,20.045647],[105.428656,20.04385],[105.430594,20.044649],[105.43144,20.041966],[105.433691,20.043751],[105.435757,20.040616],[105.437501,20.040839],[105.437604,20.042798],[105.440871,20.042483],[105.444162,20.040486],[105.444649,20.038083],[105.449024,20.042086],[105.44903,20.043807],[105.456877,20.032631],[105.456308,20.030076],[105.461909,20.029518],[105.461762,20.024206],[105.463539,20.022514],[105.461316,20.020482],[105.457288,20.021083],[105.455359,20.024234],[105.45041,20.023501],[105.451372,20.017059],[105.4499,20.016617],[105.448989,20.018698],[105.44802,20.019002],[105.450017,20.015383],[105.447809,20.013172],[105.447936,20.011163],[105.451812,20.009371],[105.455207,20.002244],[105.461138,19.997417],[105.460591,19.995565],[105.463888,19.996677],[105.464186,19.993438],[105.467207,19.993006],[105.470298,19.993995],[105.470658,19.995786],[105.471789,19.994386],[105.475108,19.994415],[105.476544,19.995908],[105.478179,19.993101],[105.48037,19.994822],[105.480584,19.990432],[105.473324,19.987511],[105.469737,19.988953],[105.468406,19.991459],[105.467181,19.987164],[105.463565,19.988541],[105.461741,19.986905],[105.460994,19.989784],[105.462336,19.992436],[105.459675,19.991676],[105.459637,19.988278],[105.450062,19.993606],[105.450347,19.997975],[105.444596,19.993837],[105.434053,19.999925],[105.428647,20.001242],[105.425239,19.999935],[105.422955,20.0069],[105.421435,20.006125],[105.42249,20.003836],[105.421064,20.003899],[105.422603,20.00317],[105.412518,19.99462],[105.411188,19.992602],[105.412953,19.991794],[105.406156,19.985351],[105.4039,19.990899],[105.396998,19.987892],[105.394079,19.991605],[105.392084,19.991643],[105.391573,19.995156],[105.38595,19.997709],[105.385935,20.001358],[105.384276,20.002018],[105.385268,20.005549],[105.38093,20.013233],[105.371561,20.012777],[105.36507,20.016639],[105.349494,20.016702],[105.348014,20.021094],[105.342962,20.026242],[105.353397,20.033927],[105.351135,20.041062],[105.347176,20.041931],[105.345089,20.044894],[105.336925,20.045801],[105.32799,20.050263],[105.32778,20.051646],[105.321311,20.052539],[105.317787,20.055777],[105.309609,20.057185],[105.306687,20.063836],[105.30732,20.06927],[105.304858,20.071719],[105.308425,20.084787]]]}},{"type":"Feature","properties":{"code":"14866","name":"Xã Mường Chanh","type":"Xã"},"geometry":{"type":"Polygon","coordinates":[[[104.527105,20.413129],[104.528562,20.401659],[104.525379,20.393865],[104.522299,20.390434],[104.516154,20.389932],[104.513458,20.38549],[104.496185,20.383128],[104.490615,20.376479],[104.474442,20.36891],[104.468337,20.368554],[104.466338,20.372889],[104.464256,20.370543],[104.455638,20.37254],[104.45262,20.378408],[104.447351,20.379801],[104.445929,20.377114],[104.441151,20.377145],[104.438705,20.375583],[104.427187,20.378554],[104.420456,20.376426],[104.414153,20.380898],[104.407388,20.388668],[104.4058,20.394193],[104.407613,20.395511],[104.404365,20.402143],[104.405991,20.413171],[104.413263,20.422094],[104.413152,20.423973],[104.415345,20.424053],[104.414766,20.426602],[104.423736,20.421344],[104.432298,20.4187],[104.441914,20.421066],[104.449655,20.419306],[104.454618,20.424562],[104.462148,20.429231],[104.465415,20.427072],[104.472081,20.428719],[104.473795,20.431509],[104.47732,20.43238],[104.478128,20.435018],[104.482272,20.437435],[104.485271,20.435923],[104.490285,20.437652],[104.492091,20.43495],[104.497877,20.435443],[104.502634,20.429455],[104.511692,20.427341],[104.515651,20.421036],[104.521827,20.418447],[104.527105,20.413129]]]}},{"type":"Feature","properties":{"code":"14845","name":"Xã Mường Lát","type":"Xã"},"geometry":{"type":"Polygon","coordinates":[[[104.584763,20.610048],[104.597849,20.607831],[104.601076,20.605389],[104.600792,20.601919],[104.60692,20.597838],[104.608814,20.591959],[104.610851,20.590396],[104.610996,20.584106],[104.605619,20.578751],[104.605555,20.575037],[104.610614,20.566258],[104.61082,20.559186],[104.576121,20.543016],[104.571499,20.538275],[104.569007,20.530158],[104.569406,20.528245],[104.576735,20.527667],[104.586112,20.524214],[104.594435,20.526935],[104.601382,20.535602],[104.607908,20.533848],[104.60828,20.516827],[104.601134,20.508792],[104.603354,20.504568],[104.594347,20.500232],[104.587479,20.506818],[104.57793,20.511427],[104.574201,20.508614],[104.566467,20.506506],[104.563855,20.501367],[104.564712,20.496916],[104.562415,20.491691],[104.549838,20.482398],[104.548766,20.478574],[104.540389,20.47751],[104.531177,20.462437],[104.523723,20.460888],[104.517059,20.464578],[104.507012,20.464501],[104.502984,20.466601],[104.499306,20.470328],[104.5053,20.482968],[104.499562,20.493691],[104.492182,20.490503],[104.486128,20.490373],[104.483991,20.494571],[104.456486,20.512681],[104.467101,20.513654],[104.47587,20.517796],[104.476625,20.52006],[104.482827,20.523471],[104.483745,20.528725],[104.491986,20.535941],[104.493455,20.541174],[104.497225,20.54548],[104.507812,20.543596],[104.512595,20.546346],[104.513674,20.549048],[104.515738,20.549483],[104.518383,20.547343],[104.519973,20.548896],[104.523804,20.547879],[104.528,20.555638],[104.52339,20.561432],[104.526889,20.566949],[104.526325,20.569648],[104.527811,20.572466],[104.534375,20.57618],[104.535215,20.587481],[104.538129,20.589507],[104.542098,20.598647],[104.54598,20.598034],[104.548791,20.601434],[104.553514,20.601712],[104.557308,20.60646],[104.560491,20.607335],[104.567526,20.608391],[104.578117,20.606598],[104.584763,20.610048]]]}},{"type":"Feature","properties":{"code":"14854","name":"Xã Mường Lý","type":"Xã"},"geometry":{"type":"Polygon","coordinates":[[[104.68269,20.59719],[104.683988,20.595975],[104.693273,20.598082],[104.692478,20.600443],[104.695529,20.604041],[104.695702,20.602439],[104.706784,20.602432],[104.714459,20.605491],[104.718174,20.603322],[104.722626,20.603539],[104.720988,20.599219],[104.723419,20.591746],[104.728018,20.58755],[104.733288,20.57884],[104.736121,20.578177],[104.740266,20.573602],[104.743646,20.574284],[104.744797,20.576845],[104.755507,20.577568],[104.760773,20.585027],[104.764439,20.583964],[104.76604,20.584997],[104.769632,20.577006],[104.771859,20.575014],[104.777096,20.574728],[104.780779,20.575943],[104.779204,20.579635],[104.782281,20.583915],[104.793101,20.581775],[104.800121,20.584122],[104.802723,20.586679],[104.805853,20.577193],[104.807773,20.57543],[104.813599,20.576582],[104.817011,20.579077],[104.824153,20.579221],[104.830309,20.582167],[104.831852,20.57356],[104.829859,20.558321],[104.828394,20.55488],[104.820687,20.547004],[104.814778,20.546012],[104.807214,20.541342],[104.777872,20.539882],[104.766622,20.537365],[104.750163,20.530016],[104.730369,20.527042],[104.717996,20.523394],[104.70188,20.523097],[104.69726,20.525813],[104.678891,20.531137],[104.68462,20.536935],[104.69523,20.542358],[104.696458,20.552571],[104.701229,20.555715],[104.700007,20.566652],[104.694422,20.571263],[104.691253,20.571208],[104.687678,20.573635],[104.681462,20.590737],[104.68269,20.59719]]]}},{"type":"Feature","properties":{"code":"15025","name":"Xã Mường Mìn","type":"Xã"},"geometry":{"type":"Polygon","coordinates":[[[104.808774,20.326384],[104.807761,20.314064],[104.804738,20.30443],[104.79453,20.303233],[104.791198,20.300828],[104.786201,20.300308],[104.770031,20.286008],[104.764958,20.284708],[104.762747,20.280314],[104.764991,20.278098],[104.763753,20.276558],[104.764922,20.271988],[104.763706,20.270918],[104.764335,20.258671],[104.760758,20.25678],[104.761468,20.254385],[104.760069,20.252539],[104.762557,20.243038],[104.764705,20.238815],[104.773214,20.234622],[104.776215,20.230688],[104.779336,20.229531],[104.780798,20.22478],[104.7802,20.222614],[104.771808,20.219041],[104.762648,20.220658],[104.754329,20.217269],[104.754076,20.21169],[104.758258,20.200634],[104.755071,20.198516],[104.740715,20.199126],[104.733043,20.202529],[104.722357,20.200357],[104.71902,20.201208],[104.715296,20.205972],[104.711865,20.205091],[104.706664,20.206399],[104.702166,20.212331],[104.685575,20.218237],[104.678146,20.215894],[104.668204,20.218278],[104.66667,20.227565],[104.663782,20.228474],[104.661575,20.232892],[104.659188,20.233557],[104.660614,20.23908],[104.66938,20.239979],[104.674211,20.24445],[104.692923,20.247453],[104.698259,20.249834],[104.704459,20.273895],[104.704516,20.28041],[104.710327,20.280067],[104.714883,20.28487],[104.722453,20.288338],[104.726937,20.292709],[104.729728,20.3],[104.733099,20.300903],[104.735175,20.303466],[104.743114,20.304464],[104.758532,20.302574],[104.763037,20.303318],[104.766486,20.30126],[104.767645,20.30658],[104.771757,20.306807],[104.774152,20.311084],[104.779986,20.316154],[104.784305,20.315879],[104.792568,20.31954],[104.79402,20.317543],[104.800787,20.318595],[104.808774,20.326384]]]}},{"type":"Feature","properties":{"code":"16249","name":"Xã Mậu Lâm","type":"Xã"},"geometry":{"type":"Polygon","coordinates":[[[105.572554,19.668685],[105.564584,19.671803],[105.561741,19.677695],[105.554614,19.678421],[105.552712,19.681131],[105.554164,19.687658],[105.552931,19.689059],[105.548605,19.688154],[105.545399,19.691423],[105.542199,19.690249],[105.538951,19.695873],[105.534563,19.695813],[105.539835,19.70672],[105.551457,19.700752],[105.56402,19.706643],[105.562645,19.713286],[105.566911,19.71805],[105.568261,19.722925],[105.573381,19.724743],[105.572311,19.734114],[105.574162,19.735989],[105.576338,19.735896],[105.580611,19.731892],[105.58819,19.731691],[105.589372,19.724698],[105.596168,19.718777],[105.61327,19.712919],[105.621671,19.712146],[105.626417,19.705896],[105.638135,19.699183],[105.640905,19.693786],[105.639866,19.681307],[105.642809,19.674708],[105.641136,19.670553],[105.642007,19.659246],[105.644363,19.654758],[105.642346,19.650217],[105.638391,19.649256],[105.638047,19.647794],[105.630832,19.649125],[105.629325,19.645433],[105.621191,19.646376],[105.615227,19.642919],[105.614296,19.640107],[105.611883,19.638897],[105.603754,19.639821],[105.596837,19.642867],[105.598544,19.644172],[105.598791,19.647744],[105.594067,19.648112],[105.59147,19.65014],[105.587691,19.654516],[105.58753,19.657436],[105.585001,19.659125],[105.582896,19.658551],[105.579743,19.663591],[105.576757,19.664189],[105.572554,19.668685]]]}},{"type":"Feature","properties":{"code":"15013","name":"Xã Na Mèo","type":"Xã"},"geometry":{"type":"Polygon","coordinates":[[[104.713048,20.281511],[104.710327,20.280067],[104.704445,20.280293],[104.704459,20.273895],[104.698259,20.249834],[104.692923,20.247453],[104.674211,20.24445],[104.66938,20.239979],[104.660787,20.23916],[104.659188,20.233557],[104.653003,20.232685],[104.644856,20.234836],[104.641534,20.234235],[104.633281,20.228394],[104.63005,20.229366],[104.626993,20.233862],[104.615072,20.241634],[104.612997,20.244243],[104.612321,20.253328],[104.609003,20.256227],[104.61092,20.258365],[104.612093,20.264085],[104.610421,20.274938],[104.614679,20.275221],[104.612202,20.279691],[104.615668,20.280679],[104.617308,20.292072],[104.622806,20.293977],[104.621379,20.296736],[104.618512,20.296505],[104.621001,20.300118],[104.617743,20.299214],[104.618085,20.302645],[104.615579,20.305088],[104.615036,20.311321],[104.618674,20.313852],[104.617307,20.317946],[104.620465,20.320534],[104.617592,20.326571],[104.619072,20.330491],[104.617656,20.333188],[104.621659,20.341035],[104.618929,20.345922],[104.615448,20.347384],[104.614836,20.35116],[104.617147,20.360987],[104.620291,20.362593],[104.622223,20.365907],[104.628443,20.366099],[104.631819,20.369609],[104.635705,20.369733],[104.639816,20.373061],[104.648057,20.36315],[104.653095,20.362006],[104.672078,20.363122],[104.684488,20.35868],[104.687286,20.354869],[104.697332,20.347816],[104.700696,20.34792],[104.704058,20.344003],[104.703915,20.330401],[104.712926,20.31937],[104.709555,20.304005],[104.710246,20.298532],[104.708032,20.292047],[104.709295,20.286386],[104.713048,20.281511]]]}},{"type":"Feature","properties":{"code":"14902","name":"Xã Nam Xuân","type":"Xã"},"geometry":{"type":"Polygon","coordinates":[[[104.906306,20.476923],[104.912854,20.472987],[104.917229,20.473324],[104.927814,20.468679],[104.934066,20.472435],[104.941622,20.474014],[104.945825,20.469578],[104.94969,20.471227],[104.959976,20.464235],[104.959837,20.461731],[104.962337,20.45796],[104.961327,20.455155],[104.968649,20.45223],[104.97596,20.436824],[104.972866,20.43226],[104.974416,20.427803],[104.978845,20.42399],[104.982363,20.415618],[104.982037,20.412084],[104.986523,20.410684],[104.991455,20.405165],[104.997633,20.406144],[105.004448,20.402641],[105.014102,20.401364],[105.021324,20.397772],[105.026718,20.398833],[105.031303,20.395025],[105.034998,20.396873],[105.038547,20.401778],[105.043399,20.402985],[105.046446,20.407122],[105.052261,20.405862],[105.057942,20.407786],[105.064766,20.404388],[105.067965,20.399568],[105.07127,20.39779],[105.074532,20.388402],[105.078482,20.384118],[105.077382,20.37964],[105.071638,20.373793],[105.070143,20.36776],[105.071753,20.36251],[105.064703,20.35831],[105.063504,20.351896],[105.057312,20.350169],[105.050495,20.345819],[105.0453,20.347328],[105.043177,20.34401],[105.040451,20.343999],[105.03386,20.34848],[105.015092,20.350548],[105.009207,20.344607],[105.002516,20.344067],[104.998423,20.339351],[104.998687,20.33664],[105.001517,20.335678],[105.00157,20.333927],[104.995791,20.335567],[104.987946,20.343552],[104.979876,20.347326],[104.978268,20.350306],[104.971949,20.355086],[104.967056,20.356948],[104.96818,20.360349],[104.966231,20.361982],[104.96624,20.365607],[104.96754,20.368915],[104.963016,20.369528],[104.959438,20.377125],[104.953733,20.379814],[104.949031,20.384543],[104.947186,20.392315],[104.938511,20.39709],[104.93907,20.399335],[104.935911,20.402885],[104.933705,20.403637],[104.93087,20.402074],[104.917614,20.407483],[104.908804,20.418701],[104.89886,20.42369],[104.900468,20.434522],[104.89798,20.437554],[104.898776,20.441098],[104.896089,20.443696],[104.891842,20.456032],[104.893691,20.46463],[104.89085,20.475995],[104.906306,20.476923]]]}},{"type":"Feature","properties":{"code":"16144","name":"Xã Nga An","type":"Xã"},"geometry":{"type":"Polygon","coordinates":[[[106.020495,20.023941],[106.021946,20.02506],[106.019668,20.029347],[106.016881,20.031105],[106.014667,20.029496],[106.013735,20.031182],[106.011021,20.028488],[106.006117,20.030976],[106.006938,20.032034],[106.005031,20.033224],[106.005047,20.035151],[106.00072,20.036978],[106.002319,20.038733],[106.000345,20.040452],[106.008714,20.049214],[106.012091,20.050416],[106.0011,20.050784],[105.995064,20.053825],[105.994174,20.063156],[105.996993,20.06482],[105.996533,20.067949],[106.01369,20.065161],[106.018067,20.059578],[106.01891,20.06046],[106.023327,20.058647],[106.032381,20.06043],[106.035337,20.059493],[106.040152,20.061832],[106.071855,20.06663],[106.075943,20.062765],[106.073705,20.051734],[106.066124,20.037218],[106.066096,20.03239],[106.060427,20.016595],[106.057899,20.020417],[106.059327,20.021417],[106.05216,20.03419],[106.035743,20.027753],[106.03491,20.028985],[106.022737,20.021542],[106.020495,20.023941]]]}},{"type":"Feature","properties":{"code":"16093","name":"Xã Nga Sơn","type":"Xã"},"geometry":{"type":"Polygon","coordinates":[[[106.010175,19.966893],[106.010394,19.953404],[106.00448,19.949995],[106.004362,19.965355],[106.001862,19.968925],[105.997601,19.970749],[105.98777,19.967668],[105.982981,19.961528],[105.968485,19.963149],[105.965212,19.961147],[105.962625,19.956429],[105.960073,19.959052],[105.958664,19.964722],[105.959472,19.967513],[105.957057,19.968157],[105.961086,19.97953],[105.954367,19.980658],[105.95468,19.98574],[105.952658,19.985839],[105.953683,19.992146],[105.956743,20.006911],[105.960145,20.008363],[105.960678,20.010098],[105.962974,20.009891],[105.964531,20.012603],[105.966718,20.010751],[105.972945,20.026458],[105.982342,20.024814],[105.979845,20.020059],[105.980198,20.016012],[105.98309,20.01317],[105.995852,20.009183],[105.998055,20.007049],[106.000034,20.007538],[106.007352,19.999388],[105.999787,19.992484],[105.998736,19.988936],[105.997293,19.989912],[105.994892,19.9875],[105.991207,19.97975],[105.998128,19.9774],[106.002948,19.973565],[106.001548,19.971944],[106.005331,19.968575],[106.009734,19.968812],[106.011635,19.967353],[106.010175,19.966893]]]}},{"type":"Feature","properties":{"code":"16114","name":"Xã Nga Thắng","type":"Xã"},"geometry":{"type":"Polygon","coordinates":[[[105.940191,20.021549],[105.949876,20.018102],[105.951783,20.020183],[105.954402,20.019686],[105.963974,20.014241],[105.962974,20.009891],[105.960678,20.010098],[105.960145,20.008363],[105.956743,20.006911],[105.952656,19.986428],[105.95468,19.98574],[105.954367,19.980658],[105.961086,19.97953],[105.957057,19.968157],[105.959472,19.967513],[105.959605,19.960583],[105.962625,19.956429],[105.959216,19.9506],[105.950288,19.952429],[105.944887,19.951767],[105.943041,19.948667],[105.945113,19.942542],[105.938823,19.938827],[105.931398,19.942933],[105.929089,19.951877],[105.930821,19.954871],[105.937338,19.958771],[105.938403,19.962885],[105.930056,19.963408],[105.927593,19.965308],[105.925687,19.971033],[105.919625,19.972282],[105.919264,19.979163],[105.92324,19.982095],[105.920854,19.984997],[105.923564,19.986224],[105.92393,19.990767],[105.920153,19.991443],[105.922054,19.995537],[105.919965,19.997348],[105.919122,19.994594],[105.917056,19.995522],[105.918109,19.997612],[105.914122,19.999502],[105.911778,20.005029],[105.915847,20.00575],[105.913858,20.007599],[105.915251,20.011731],[105.924025,20.005802],[105.928253,20.014101],[105.935932,20.011824],[105.937681,20.015586],[105.939816,20.014691],[105.940884,20.016896],[105.938729,20.017938],[105.940191,20.021549]]]}},{"type":"Feature","properties":{"code":"15106","name":"Xã Nguyệt Ấn","type":"Xã"},"geometry":{"type":"Polygon","coordinates":[[[105.300644,20.090527],[105.305297,20.088762],[105.308425,20.084787],[105.304858,20.071719],[105.30732,20.06927],[105.306687,20.063836],[105.309609,20.057185],[105.317787,20.055777],[105.321311,20.052539],[105.32778,20.051646],[105.32799,20.050263],[105.336925,20.045801],[105.345089,20.044894],[105.347176,20.041931],[105.351135,20.041062],[105.353397,20.033927],[105.342962,20.026242],[105.348014,20.021094],[105.349494,20.016702],[105.36507,20.016639],[105.371561,20.012777],[105.38093,20.013233],[105.385268,20.005549],[105.384276,20.002018],[105.385935,20.001358],[105.38595,19.997709],[105.391786,19.994922],[105.38999,19.985909],[105.384243,19.981255],[105.381134,19.981133],[105.380206,19.977864],[105.376864,19.976285],[105.37665,19.962897],[105.375029,19.96102],[105.373698,19.962489],[105.368894,19.960506],[105.373434,19.951598],[105.371906,19.948592],[105.366276,19.952368],[105.364156,19.950954],[105.360335,19.951901],[105.36044,19.9537],[105.352281,19.960039],[105.351773,19.961917],[105.346498,19.964412],[105.340487,19.960686],[105.334624,19.960656],[105.330044,19.965039],[105.329716,19.969818],[105.32753,19.970575],[105.324571,19.976241],[105.322424,19.975158],[105.321127,19.969741],[105.314358,19.974946],[105.305188,19.969148],[105.2962,19.971659],[105.295588,19.969612],[105.287728,19.973354],[105.281625,19.981078],[105.282035,19.986965],[105.277731,19.994697],[105.280535,20.002581],[105.274507,20.006748],[105.271505,20.006939],[105.278052,20.0119],[105.286054,20.027659],[105.284513,20.0368],[105.274644,20.052877],[105.275808,20.068194],[105.277537,20.072758],[105.280019,20.073257],[105.281964,20.076367],[105.281319,20.079543],[105.284313,20.081633],[105.282851,20.083405],[105.28727,20.084787],[105.292194,20.083833],[105.295796,20.090191],[105.300644,20.090527]]]}},{"type":"Feature","properties":{"code":"15091","name":"Xã Ngọc Liên","type":"Xã"},"geometry":{"type":"Polygon","coordinates":[[[105.503643,20.064776],[105.508984,20.054212],[105.505613,20.052641],[105.508233,20.049485],[105.509778,20.043917],[105.508076,20.0438],[105.506947,20.041417],[105.501453,20.046338],[105.504981,20.046663],[105.501711,20.05017],[105.49744,20.047311],[105.496973,20.049325],[105.495251,20.04832],[105.497097,20.045985],[105.495485,20.044602],[105.495052,20.040557],[105.494175,20.041611],[105.48474,20.039576],[105.477849,20.041711],[105.47536,20.039901],[105.47104,20.04003],[105.471217,20.035405],[105.469284,20.034272],[105.462907,20.037598],[105.461418,20.036948],[105.461878,20.035253],[105.459478,20.035908],[105.456205,20.033042],[105.44903,20.043807],[105.449024,20.042086],[105.444649,20.038083],[105.444162,20.040486],[105.440871,20.042483],[105.437604,20.042798],[105.437501,20.040839],[105.435757,20.040616],[105.433691,20.043751],[105.43144,20.041966],[105.430594,20.044649],[105.428656,20.04385],[105.429575,20.045647],[105.428067,20.046718],[105.430245,20.048443],[105.428053,20.047627],[105.426923,20.050561],[105.425461,20.050463],[105.426051,20.053102],[105.423926,20.053137],[105.400252,20.068178],[105.390329,20.07687],[105.39432,20.085708],[105.394639,20.094334],[105.389172,20.097068],[105.389911,20.101805],[105.392807,20.103483],[105.396842,20.111076],[105.405793,20.113074],[105.406389,20.112027],[105.408468,20.114817],[105.41532,20.1137],[105.416525,20.117733],[105.422526,20.115203],[105.423019,20.11319],[105.426146,20.111301],[105.431509,20.114632],[105.436561,20.114803],[105.44264,20.109338],[105.446981,20.108883],[105.452676,20.115712],[105.457611,20.112446],[105.459217,20.117097],[105.462655,20.120681],[105.468767,20.118334],[105.468995,20.116642],[105.477719,20.109682],[105.482393,20.107766],[105.482562,20.105793],[105.48664,20.107206],[105.488435,20.105242],[105.491263,20.093119],[105.494353,20.089042],[105.492862,20.083779],[105.498489,20.082332],[105.499899,20.074746],[105.498764,20.070725],[105.503643,20.064776]]]}},{"type":"Feature","properties":{"code":"15061","name":"Xã Ngọc Lặc","type":"Xã"},"geometry":{"type":"Polygon","coordinates":[[[105.285841,20.162203],[105.288839,20.158827],[105.313022,20.146761],[105.319253,20.148729],[105.343924,20.140993],[105.367727,20.136981],[105.374003,20.129811],[105.375898,20.134019],[105.378872,20.133031],[105.380785,20.129786],[105.375385,20.128889],[105.375948,20.127744],[105.380017,20.123757],[105.383542,20.122616],[105.385142,20.118442],[105.387732,20.118259],[105.393487,20.113939],[105.394679,20.107243],[105.392807,20.103483],[105.390046,20.102054],[105.389061,20.098362],[105.394639,20.094334],[105.39432,20.085708],[105.390329,20.07687],[105.400252,20.068178],[105.394171,20.064056],[105.392381,20.065661],[105.391412,20.064911],[105.390374,20.06234],[105.392107,20.061115],[105.387854,20.061389],[105.380119,20.057687],[105.373991,20.058519],[105.355148,20.065891],[105.35119,20.065031],[105.346136,20.075244],[105.337865,20.074851],[105.335812,20.076074],[105.328409,20.074504],[105.326558,20.076931],[105.312304,20.082564],[105.305297,20.088762],[105.300188,20.090755],[105.295796,20.090191],[105.292194,20.083833],[105.28727,20.084787],[105.282851,20.083405],[105.280838,20.086478],[105.286394,20.097777],[105.272289,20.118538],[105.280516,20.130963],[105.281734,20.137251],[105.276875,20.145779],[105.285228,20.151486],[105.28354,20.157889],[105.285841,20.162203]]]}},{"type":"Feature","properties":{"code":"15250","name":"Xã Ngọc Trạo","type":"Xã"},"geometry":{"type":"Polygon","coordinates":[[[105.767492,20.14206],[105.774171,20.139843],[105.778949,20.141005],[105.781006,20.139645],[105.783418,20.142174],[105.791178,20.14016],[105.791291,20.134361],[105.794443,20.126791],[105.792724,20.125073],[105.792919,20.120923],[105.789114,20.117645],[105.789814,20.11504],[105.779366,20.110364],[105.781736,20.1084],[105.779064,20.104129],[105.781574,20.102606],[105.780128,20.101842],[105.780959,20.100017],[105.77924,20.099416],[105.780252,20.09727],[105.771296,20.086584],[105.775729,20.082292],[105.775523,20.075175],[105.769544,20.076402],[105.76601,20.078957],[105.762538,20.078732],[105.759059,20.071664],[105.750895,20.063163],[105.747426,20.064607],[105.737182,20.057707],[105.736846,20.052894],[105.726167,20.052712],[105.723832,20.048425],[105.729264,20.042862],[105.727302,20.036097],[105.71191,20.038678],[105.709721,20.044542],[105.704039,20.044997],[105.698133,20.047466],[105.698026,20.049781],[105.691801,20.049906],[105.688685,20.052636],[105.687381,20.052799],[105.683994,20.047081],[105.674743,20.051986],[105.671254,20.049435],[105.665461,20.049074],[105.666828,20.054257],[105.67304,20.061381],[105.672501,20.063212],[105.67444,20.064506],[105.677757,20.063368],[105.682113,20.067224],[105.676841,20.083868],[105.678989,20.08398],[105.679769,20.088694],[105.684186,20.086061],[105.690653,20.088966],[105.687941,20.093834],[105.688662,20.098587],[105.693775,20.100899],[105.693542,20.099637],[105.696246,20.099459],[105.697478,20.097735],[105.698699,20.102537],[105.696589,20.102972],[105.699564,20.106393],[105.701587,20.1023],[105.706661,20.100112],[105.70563,20.103234],[105.707848,20.109274],[105.70649,20.11047],[105.71451,20.118705],[105.721169,20.11632],[105.724914,20.119102],[105.730274,20.119325],[105.732183,20.121652],[105.731394,20.129847],[105.743429,20.130103],[105.743736,20.13348],[105.748104,20.135346],[105.750966,20.134846],[105.755655,20.140819],[105.767492,20.14206]]]}},{"type":"Feature","properties":{"code":"14864","name":"Xã Nhi Sơn","type":"Xã"},"geometry":{"type":"Polygon","coordinates":[[[104.594446,20.500075],[104.603354,20.504568],[104.605316,20.502297],[104.610019,20.500898],[104.630832,20.503556],[104.634217,20.501406],[104.639584,20.503166],[104.640513,20.505065],[104.646055,20.501558],[104.65132,20.502986],[104.658421,20.509355],[104.666253,20.511768],[104.671042,20.510771],[104.675675,20.501962],[104.679515,20.500415],[104.671091,20.497617],[104.669568,20.495432],[104.678024,20.479193],[104.675201,20.474438],[104.674091,20.464368],[104.670131,20.463443],[104.670243,20.466786],[104.666987,20.470496],[104.660433,20.469767],[104.657276,20.474218],[104.651765,20.47365],[104.647086,20.47217],[104.644494,20.468785],[104.640397,20.468648],[104.637509,20.464913],[104.635372,20.466034],[104.632097,20.462883],[104.625447,20.461732],[104.62325,20.455326],[104.62085,20.454323],[104.621829,20.451946],[104.62056,20.450249],[104.610857,20.446243],[104.594492,20.454058],[104.594971,20.463409],[104.599385,20.474865],[104.595208,20.486652],[104.59042,20.49402],[104.594446,20.500075]]]}},{"type":"Feature","properties":{"code":"16228","name":"Xã Như Thanh","type":"Xã"},"geometry":{"type":"Polygon","coordinates":[[[105.516185,19.711636],[105.519331,19.709522],[105.528748,19.707719],[105.53083,19.710827],[105.533327,19.7107],[105.535421,19.707945],[105.539835,19.70672],[105.534574,19.695766],[105.538951,19.695873],[105.542199,19.690249],[105.545399,19.691423],[105.548605,19.688154],[105.552931,19.689059],[105.554164,19.687658],[105.552712,19.681131],[105.554614,19.678421],[105.561969,19.677562],[105.564584,19.671803],[105.572179,19.669137],[105.576757,19.664189],[105.579743,19.663591],[105.582896,19.658551],[105.585001,19.659125],[105.58753,19.657436],[105.587776,19.654383],[105.594067,19.648112],[105.598791,19.647744],[105.598544,19.644172],[105.596837,19.642867],[105.60601,19.639509],[105.608476,19.634074],[105.60794,19.632015],[105.600302,19.63353],[105.599329,19.635446],[105.598382,19.631778],[105.592547,19.630215],[105.59284,19.626815],[105.590327,19.625902],[105.590265,19.618578],[105.591598,19.616098],[105.589642,19.613693],[105.588947,19.608396],[105.587691,19.609611],[105.581962,19.608864],[105.578127,19.605864],[105.573992,19.606656],[105.569426,19.605074],[105.56157,19.600945],[105.557252,19.596613],[105.543646,19.606363],[105.533407,19.605702],[105.529046,19.607078],[105.529206,19.615182],[105.523888,19.618066],[105.523172,19.621133],[105.524357,19.626474],[105.52356,19.635743],[105.526257,19.64058],[105.522734,19.644761],[105.518857,19.655157],[105.509633,19.661744],[105.509217,19.666701],[105.500071,19.671014],[105.495954,19.676713],[105.49056,19.673722],[105.487651,19.676715],[105.48246,19.678282],[105.478472,19.683796],[105.480307,19.688494],[105.479627,19.69683],[105.481297,19.701338],[105.492719,19.707591],[105.496306,19.715298],[105.502868,19.710935],[105.508125,19.714482],[105.512087,19.711959],[105.516185,19.711636]]]}},{"type":"Feature","properties":{"code":"16174","name":"Xã Như Xuân","type":"Xã"},"geometry":{"type":"Polygon","coordinates":[[[105.451027,19.697187],[105.457193,19.701624],[105.458842,19.700248],[105.481596,19.701764],[105.479645,19.696976],[105.480307,19.688494],[105.478472,19.683796],[105.480187,19.6806],[105.49056,19.673722],[105.495858,19.676767],[105.500071,19.671014],[105.509217,19.666701],[105.509608,19.661774],[105.518857,19.655157],[105.522734,19.644761],[105.526199,19.6407],[105.52356,19.635743],[105.523703,19.618297],[105.522359,19.618739],[105.520146,19.616138],[105.514185,19.615901],[105.504453,19.609238],[105.496241,19.608996],[105.488157,19.611749],[105.48362,19.608074],[105.477025,19.611279],[105.477236,19.613554],[105.473231,19.615837],[105.469345,19.616005],[105.469448,19.618871],[105.467583,19.619671],[105.46812,19.621213],[105.464475,19.625541],[105.462577,19.6313],[105.467759,19.643604],[105.458527,19.6539],[105.459293,19.655584],[105.454949,19.655687],[105.452489,19.657581],[105.4497,19.656367],[105.441211,19.659057],[105.439003,19.661355],[105.433959,19.661716],[105.423285,19.654549],[105.421883,19.651627],[105.419259,19.651049],[105.417752,19.653992],[105.408973,19.654494],[105.407454,19.659602],[105.404727,19.660164],[105.404401,19.663184],[105.401264,19.662384],[105.397848,19.665371],[105.400369,19.668026],[105.407339,19.670503],[105.407818,19.673865],[105.411789,19.678309],[105.411,19.680464],[105.412712,19.680984],[105.412747,19.684599],[105.421685,19.69763],[105.444577,19.702984],[105.448893,19.6978],[105.451027,19.697187]]]}},{"type":"Feature","properties":{"code":"16279","name":"Xã Nông Cống","type":"Xã"},"geometry":{"type":"Polygon","coordinates":[[[105.660222,19.608932],[105.657283,19.6122],[105.650257,19.61132],[105.644064,19.61277],[105.642222,19.610593],[105.641485,19.612302],[105.636768,19.612822],[105.6247,19.611696],[105.622378,19.609197],[105.617934,19.609611],[105.614457,19.607372],[105.606698,19.609102],[105.600979,19.606354],[105.604374,19.613674],[105.603657,19.617519],[105.607471,19.62668],[105.599456,19.628661],[105.595975,19.627138],[105.595504,19.630031],[105.598382,19.631778],[105.599329,19.635446],[105.600302,19.63353],[105.607541,19.631742],[105.608476,19.634074],[105.60601,19.639509],[105.610974,19.638623],[105.613969,19.639816],[105.615227,19.642919],[105.621191,19.646376],[105.629098,19.645398],[105.630832,19.649125],[105.637066,19.647455],[105.638487,19.649306],[105.641032,19.649272],[105.644363,19.654758],[105.641923,19.660956],[105.649296,19.664502],[105.65378,19.664812],[105.654761,19.66152],[105.657249,19.659653],[105.658023,19.660588],[105.665934,19.656638],[105.667037,19.657522],[105.669185,19.651224],[105.668638,19.648076],[105.675303,19.648013],[105.67606,19.651267],[105.680384,19.655815],[105.679817,19.657004],[105.688769,19.652945],[105.690041,19.660538],[105.693671,19.659451],[105.695495,19.653719],[105.702428,19.653172],[105.703323,19.650386],[105.7045,19.652787],[105.712635,19.654365],[105.71394,19.653921],[105.713169,19.651085],[105.714441,19.649108],[105.718782,19.653448],[105.724608,19.651251],[105.724213,19.649126],[105.714967,19.642026],[105.717869,19.633464],[105.714012,19.632851],[105.711857,19.636744],[105.708859,19.634623],[105.70967,19.630794],[105.71642,19.627975],[105.71228,19.623598],[105.70953,19.623096],[105.706902,19.626469],[105.701907,19.623469],[105.697636,19.626446],[105.695242,19.625967],[105.686486,19.619631],[105.686494,19.61692],[105.689536,19.614829],[105.689753,19.611982],[105.686423,19.610524],[105.683263,19.615294],[105.683,19.611315],[105.68072,19.614004],[105.677222,19.614578],[105.678357,19.610111],[105.674922,19.609821],[105.676814,19.607934],[105.673477,19.606228],[105.674081,19.604853],[105.672332,19.603117],[105.672599,19.60512],[105.671184,19.605678],[105.670552,19.603971],[105.667009,19.603373],[105.66743,19.600832],[105.664822,19.599787],[105.661503,19.6015],[105.663836,19.607648],[105.660222,19.608932]]]}},{"type":"Feature","properties":{"code":"14878","name":"Xã Phú Lệ","type":"Xã"},"geometry":{"type":"Polygon","coordinates":[[[104.960099,20.579482],[104.972713,20.574701],[104.979416,20.573941],[104.984493,20.570995],[104.989445,20.575394],[105.003534,20.573173],[105.02194,20.559183],[105.025495,20.558443],[105.030224,20.560361],[105.032528,20.558744],[105.039979,20.558967],[105.041917,20.560646],[105.045853,20.556855],[105.047779,20.559741],[105.052671,20.561],[105.05536,20.570476],[105.079074,20.578313],[105.094337,20.568761],[105.106425,20.556052],[105.101743,20.550934],[105.104261,20.546337],[105.102499,20.543863],[105.106193,20.540064],[105.102462,20.535214],[105.096286,20.532321],[105.094604,20.527574],[105.08833,20.521118],[105.088191,20.516371],[105.069115,20.502336],[105.066973,20.502543],[105.060911,20.508768],[105.055565,20.50718],[105.051415,20.508949],[105.047521,20.513185],[105.046894,20.517507],[105.040265,20.524214],[105.025282,20.519169],[105.027679,20.514145],[105.025523,20.512164],[105.020699,20.512883],[105.01292,20.509653],[105.005626,20.515635],[105.001765,20.513933],[104.988143,20.497015],[104.983474,20.487404],[104.982721,20.482199],[104.97561,20.478261],[104.969198,20.469217],[104.959976,20.464235],[104.94969,20.471227],[104.945825,20.469578],[104.941622,20.474014],[104.933058,20.472044],[104.927982,20.468672],[104.917229,20.473324],[104.912854,20.472987],[104.906306,20.476923],[104.89085,20.475995],[104.886191,20.482917],[104.884751,20.492995],[104.888821,20.494765],[104.891814,20.498855],[104.910246,20.499266],[104.918928,20.50169],[104.92612,20.499991],[104.933518,20.504068],[104.936314,20.508401],[104.939695,20.508779],[104.944622,20.513367],[104.946904,20.518976],[104.946244,20.523779],[104.957044,20.542033],[104.956175,20.550572],[104.961211,20.556737],[104.961042,20.562606],[104.958002,20.570089],[104.960099,20.579482]]]}},{"type":"Feature","properties":{"code":"14890","name":"Xã Phú Xuân","type":"Xã"},"geometry":{"type":"Polygon","coordinates":[[[105.040691,20.523917],[105.046894,20.517507],[105.047521,20.513185],[105.051415,20.508949],[105.055565,20.50718],[105.060911,20.508768],[105.066973,20.502543],[105.069115,20.502336],[105.076298,20.490031],[105.090007,20.475854],[105.09083,20.473147],[105.089324,20.470047],[105.077508,20.461362],[105.072743,20.454057],[105.062192,20.448829],[105.057472,20.449191],[105.052286,20.446121],[105.055743,20.43928],[105.051864,20.438119],[105.051385,20.440133],[105.048577,20.439189],[105.046405,20.434499],[105.046737,20.430809],[105.042355,20.426971],[105.034165,20.42584],[105.030551,20.423487],[105.024792,20.423766],[105.020116,20.417753],[105.009075,20.414601],[105.008113,20.409553],[105.011982,20.408292],[105.016508,20.400497],[105.008716,20.401145],[104.997633,20.406144],[104.991455,20.405165],[104.986523,20.410684],[104.982037,20.412084],[104.982363,20.415618],[104.978845,20.42399],[104.974416,20.427803],[104.972866,20.43226],[104.97596,20.436824],[104.968649,20.45223],[104.961327,20.455155],[104.962337,20.45796],[104.959837,20.461731],[104.959976,20.464235],[104.969198,20.469217],[104.97561,20.478261],[104.982721,20.482199],[104.983474,20.487404],[104.988143,20.497015],[105.001656,20.513865],[105.005626,20.515635],[105.01292,20.509653],[105.020699,20.512883],[105.025523,20.512164],[105.027679,20.514145],[105.025282,20.519169],[105.033427,20.522954],[105.040691,20.523917]]]}},{"type":"Feature","properties":{"code":"14956","name":"Xã Pù Luông","type":"Xã"},"geometry":{"type":"Polygon","coordinates":[[[105.19965,20.423593],[105.19617,20.421416],[105.193984,20.414497],[105.189323,20.412065],[105.186728,20.406981],[105.18354,20.406647],[105.180226,20.402821],[105.173551,20.401779],[105.166571,20.402272],[105.144813,20.410721],[105.136932,20.416569],[105.12976,20.418538],[105.116856,20.443328],[105.11295,20.445041],[105.108481,20.451154],[105.104871,20.453118],[105.100282,20.463216],[105.097235,20.465911],[105.097413,20.469773],[105.092657,20.470665],[105.090007,20.475854],[105.076298,20.490031],[105.069115,20.502336],[105.088191,20.516371],[105.08833,20.521118],[105.095837,20.529601],[105.095671,20.521537],[105.098709,20.520575],[105.104735,20.514981],[105.107746,20.514476],[105.108504,20.512728],[105.110854,20.514222],[105.11587,20.511525],[105.116858,20.505143],[105.127599,20.499372],[105.128503,20.49108],[105.132075,20.49224],[105.13824,20.489756],[105.139966,20.490879],[105.143312,20.489766],[105.143089,20.487111],[105.149888,20.480002],[105.153202,20.480261],[105.152596,20.478063],[105.159983,20.468939],[105.167845,20.473887],[105.172815,20.469655],[105.172697,20.467397],[105.175347,20.466811],[105.177908,20.462303],[105.180409,20.460972],[105.181242,20.457557],[105.177001,20.457013],[105.181452,20.452944],[105.182162,20.447884],[105.189139,20.446504],[105.193224,20.439529],[105.191616,20.437614],[105.195547,20.43509],[105.19656,20.431249],[105.198175,20.430843],[105.196811,20.426895],[105.19965,20.423593]]]}},{"type":"Feature","properties":{"code":"14863","name":"Xã Pù Nhi","type":"Xã"},"geometry":{"type":"Polygon","coordinates":[[[104.59042,20.49402],[104.599385,20.474865],[104.594971,20.463409],[104.594492,20.454058],[104.610857,20.446243],[104.613043,20.446506],[104.614143,20.442892],[104.618289,20.442026],[104.618057,20.434488],[104.613352,20.42572],[104.597875,20.416342],[104.582551,20.414477],[104.577343,20.414683],[104.573362,20.416733],[104.564631,20.416377],[104.561397,20.413044],[104.556579,20.413158],[104.551164,20.409255],[104.544216,20.408236],[104.533088,20.410508],[104.531495,20.413365],[104.536287,20.417141],[104.535707,20.425503],[104.532279,20.431262],[104.529505,20.443542],[104.526271,20.447459],[104.531441,20.454393],[104.531177,20.462437],[104.532794,20.46698],[104.537469,20.471616],[104.540183,20.47725],[104.548812,20.478608],[104.549838,20.482398],[104.562572,20.491917],[104.564712,20.496916],[104.563855,20.501367],[104.566467,20.506506],[104.574201,20.508614],[104.57793,20.511427],[104.587479,20.506818],[104.594347,20.500232],[104.59042,20.49402]]]}},{"type":"Feature","properties":{"code":"15016","name":"Xã Quan Sơn","type":"Xã"},"geometry":{"type":"Polygon","coordinates":[[[104.889003,20.248282],[104.880962,20.258925],[104.877516,20.259989],[104.876802,20.26453],[104.874817,20.266727],[104.872476,20.267018],[104.867772,20.263574],[104.860275,20.265063],[104.861275,20.277632],[104.864696,20.280384],[104.868448,20.290303],[104.87373,20.292053],[104.877287,20.297402],[104.878105,20.302005],[104.872561,20.3066],[104.872425,20.313654],[104.8831,20.309043],[104.885633,20.304867],[104.890941,20.301877],[104.894647,20.304123],[104.898115,20.303348],[104.902976,20.306847],[104.907133,20.306274],[104.910653,20.308473],[104.912212,20.307832],[104.914908,20.310439],[104.92242,20.312737],[104.92367,20.314503],[104.922354,20.316877],[104.92314,20.321041],[104.926926,20.324635],[104.934222,20.327564],[104.940992,20.325266],[104.94401,20.328209],[104.952213,20.328987],[104.950979,20.32723],[104.953019,20.319834],[104.960336,20.310968],[104.981211,20.299492],[104.985643,20.299692],[104.996608,20.293627],[105.005594,20.29288],[105.005115,20.287675],[104.99862,20.286926],[105.000047,20.280476],[104.998985,20.271312],[105.006245,20.265779],[105.004877,20.26362],[105.007134,20.258047],[105.005563,20.25347],[105.00741,20.241533],[105.002612,20.237852],[104.993914,20.244138],[104.988315,20.243791],[104.984338,20.247586],[104.976877,20.249399],[104.975715,20.251661],[104.9689,20.252488],[104.964517,20.252039],[104.961929,20.249028],[104.953099,20.244313],[104.948966,20.244075],[104.949,20.245503],[104.945986,20.246629],[104.942173,20.244031],[104.939142,20.24443],[104.936743,20.237725],[104.930826,20.239914],[104.920093,20.23283],[104.910078,20.240394],[104.911032,20.242549],[104.909558,20.244989],[104.905499,20.244138],[104.902077,20.248775],[104.889003,20.248282]]]}},{"type":"Feature","properties":{"code":"14860","name":"Xã Quang Chiểu","type":"Xã"},"geometry":{"type":"Polygon","coordinates":[[[104.457426,20.512056],[104.483991,20.494571],[104.486128,20.490373],[104.492182,20.490503],[104.499562,20.493691],[104.5053,20.482968],[104.503427,20.476885],[104.499535,20.471721],[104.499712,20.468779],[104.501838,20.467289],[104.507012,20.464501],[104.517059,20.464578],[104.523723,20.460888],[104.527148,20.462495],[104.531841,20.461723],[104.531441,20.454393],[104.526271,20.447459],[104.529505,20.443542],[104.532279,20.431262],[104.535707,20.425503],[104.536449,20.417901],[104.534454,20.414758],[104.527105,20.413129],[104.521827,20.418447],[104.515651,20.421036],[104.511692,20.427341],[104.502634,20.429455],[104.498097,20.435323],[104.492091,20.43495],[104.490285,20.437652],[104.485271,20.435923],[104.481677,20.437242],[104.478128,20.435018],[104.477406,20.432445],[104.474291,20.431899],[104.472951,20.429292],[104.469162,20.427527],[104.46445,20.427155],[104.462148,20.429231],[104.454618,20.424562],[104.450013,20.419397],[104.441914,20.421066],[104.432522,20.41868],[104.423736,20.421344],[104.415379,20.426594],[104.410274,20.425806],[104.404536,20.431177],[104.3975,20.434402],[104.392412,20.440123],[104.386351,20.442974],[104.382119,20.443239],[104.378756,20.441114],[104.377009,20.442662],[104.378396,20.445982],[104.381896,20.447771],[104.380141,20.45039],[104.380027,20.457283],[104.374202,20.46576],[104.376346,20.469485],[104.378975,20.469851],[104.380192,20.473959],[104.391091,20.478472],[104.390123,20.481418],[104.387512,20.483114],[104.387267,20.488042],[104.395978,20.487645],[104.404191,20.490022],[104.414772,20.489486],[104.421611,20.492095],[104.425522,20.496827],[104.434042,20.501976],[104.43839,20.509414],[104.445143,20.507041],[104.44965,20.510395],[104.457426,20.512056]]]}},{"type":"Feature","properties":{"code":"14953","name":"Xã Quý Lương","type":"Xã"},"geometry":{"type":"Polygon","coordinates":[[[105.303016,20.420857],[105.305686,20.416587],[105.315719,20.409294],[105.319932,20.408433],[105.32346,20.404145],[105.325912,20.405197],[105.329728,20.402081],[105.331734,20.402615],[105.336711,20.397973],[105.342022,20.396911],[105.345267,20.3907],[105.351539,20.389009],[105.35724,20.392156],[105.365846,20.389668],[105.370488,20.384312],[105.37816,20.383979],[105.384976,20.378589],[105.406501,20.372726],[105.409687,20.373286],[105.413691,20.369344],[105.423388,20.353811],[105.428854,20.350201],[105.428452,20.341433],[105.416535,20.336829],[105.417013,20.333995],[105.414145,20.32687],[105.40756,20.322891],[105.405941,20.319729],[105.411929,20.314223],[105.417855,20.302226],[105.40178,20.300879],[105.396912,20.298358],[105.401237,20.285392],[105.406108,20.282761],[105.408387,20.278702],[105.405461,20.272072],[105.396807,20.267416],[105.391931,20.262237],[105.389574,20.262117],[105.374997,20.272309],[105.373904,20.277723],[105.367553,20.285588],[105.362578,20.28673],[105.357643,20.291344],[105.355696,20.291197],[105.347264,20.304265],[105.342795,20.304522],[105.334008,20.31654],[105.326937,20.322375],[105.314483,20.324191],[105.304695,20.333509],[105.303628,20.339984],[105.293968,20.345903],[105.293081,20.351255],[105.288288,20.358454],[105.289763,20.360149],[105.28868,20.3649],[105.295453,20.372079],[105.295856,20.377683],[105.297879,20.379796],[105.29208,20.380708],[105.285843,20.385219],[105.288138,20.388279],[105.28533,20.395597],[105.295444,20.404775],[105.291875,20.41352],[105.293795,20.417428],[105.301132,20.417748],[105.303016,20.420857]]]}},{"type":"Feature","properties":{"code":"15412","name":"Xã Quý Lộc","type":"Xã"},"geometry":{"type":"Polygon","coordinates":[[[105.503643,20.064776],[105.498764,20.070725],[105.499899,20.074746],[105.498489,20.082332],[105.506671,20.079226],[105.52917,20.08664],[105.533179,20.083111],[105.539292,20.081307],[105.540016,20.078061],[105.544333,20.07385],[105.545831,20.073861],[105.546563,20.07618],[105.548975,20.075706],[105.55002,20.073597],[105.557672,20.07571],[105.571853,20.067267],[105.579591,20.065662],[105.593356,20.066182],[105.601251,20.063486],[105.612285,20.053902],[105.613107,20.048119],[105.609635,20.044079],[105.592651,20.050373],[105.587546,20.049357],[105.587339,20.02823],[105.581078,20.026622],[105.580434,20.022462],[105.574394,20.02383],[105.574734,20.027362],[105.570664,20.028524],[105.578402,20.034402],[105.575741,20.040534],[105.569628,20.038959],[105.565458,20.046629],[105.563169,20.046264],[105.560838,20.049389],[105.559956,20.045546],[105.555783,20.048194],[105.554626,20.044847],[105.557262,20.043735],[105.556607,20.039939],[105.552912,20.041741],[105.55418,20.045184],[105.550294,20.046665],[105.547119,20.045877],[105.548456,20.040474],[105.54627,20.036897],[105.541336,20.035586],[105.539998,20.042383],[105.538339,20.042246],[105.537037,20.038888],[105.535694,20.041535],[105.533994,20.040381],[105.524033,20.04792],[105.520181,20.048878],[105.517872,20.047549],[105.5124,20.049261],[105.511395,20.049935],[105.513116,20.051855],[105.509875,20.054093],[105.505872,20.052377],[105.508984,20.054212],[105.503643,20.064776]]]}},{"type":"Feature","properties":{"code":"16543","name":"Xã Quảng Bình","type":"Xã"},"geometry":{"type":"Polygon","coordinates":[[[105.816644,19.696851],[105.827012,19.693369],[105.82619,19.692181],[105.839081,19.686488],[105.842049,19.685544],[105.843562,19.688433],[105.846489,19.687505],[105.831442,19.64531],[105.826929,19.646462],[105.826772,19.649026],[105.825428,19.646436],[105.824539,19.646731],[105.824392,19.651738],[105.818838,19.652716],[105.818929,19.654486],[105.81277,19.6537],[105.809902,19.654885],[105.80982,19.653524],[105.802667,19.654811],[105.801426,19.661648],[105.797721,19.665535],[105.792863,19.664974],[105.789515,19.667945],[105.786027,19.666855],[105.783454,19.670627],[105.785821,19.673533],[105.779181,19.6723],[105.777474,19.677909],[105.77329,19.681771],[105.781945,19.686138],[105.779212,19.688644],[105.788261,19.690119],[105.805288,19.689502],[105.804722,19.686116],[105.811835,19.688706],[105.814953,19.687341],[105.816788,19.689598],[105.816644,19.696851]]]}},{"type":"Feature","properties":{"code":"16489","name":"Xã Quảng Chính","type":"Xã"},"geometry":{"type":"Polygon","coordinates":[[[105.779181,19.6723],[105.78605,19.673141],[105.783476,19.670898],[105.78529,19.667463],[105.786867,19.666595],[105.789742,19.667894],[105.795144,19.662992],[105.791051,19.662579],[105.786425,19.657801],[105.785906,19.660954],[105.782547,19.663559],[105.78059,19.659594],[105.783478,19.656974],[105.782785,19.652682],[105.779493,19.654325],[105.778062,19.651518],[105.779456,19.649114],[105.781404,19.650491],[105.78824,19.650454],[105.789853,19.652916],[105.797352,19.653483],[105.798466,19.652291],[105.797123,19.636492],[105.80019,19.635161],[105.799561,19.632942],[105.801471,19.627804],[105.799495,19.626992],[105.803494,19.624203],[105.802544,19.622114],[105.804167,19.621175],[105.802898,19.619965],[105.804851,19.620112],[105.807124,19.617431],[105.803961,19.616201],[105.800664,19.611692],[105.798708,19.598769],[105.788458,19.594083],[105.784116,19.596185],[105.777821,19.606606],[105.77476,19.60544],[105.771543,19.598082],[105.765589,19.600479],[105.762259,19.612126],[105.766619,19.616653],[105.759353,19.623454],[105.763114,19.62627],[105.765845,19.620935],[105.769176,19.621242],[105.772575,19.624343],[105.772086,19.628592],[105.770322,19.634275],[105.76777,19.637358],[105.765759,19.637535],[105.763545,19.643557],[105.755438,19.642311],[105.754109,19.644459],[105.752288,19.644375],[105.752677,19.64743],[105.750917,19.649262],[105.753651,19.655486],[105.763114,19.657013],[105.764483,19.655669],[105.768703,19.656231],[105.77141,19.658687],[105.771348,19.663542],[105.770106,19.664028],[105.772201,19.666431],[105.771387,19.66883],[105.772865,19.668866],[105.773079,19.67188],[105.774796,19.672741],[105.779304,19.670529],[105.779181,19.6723]]]}},{"type":"Feature","properties":{"code":"16498","name":"Xã Quảng Ngọc","type":"Xã"},"geometry":{"type":"Polygon","coordinates":[[[105.76054,19.707549],[105.766775,19.704132],[105.774401,19.704525],[105.77361,19.701293],[105.765086,19.699082],[105.765311,19.694622],[105.767418,19.692208],[105.777136,19.695253],[105.777813,19.692912],[105.775825,19.689004],[105.773229,19.690167],[105.771031,19.687138],[105.772614,19.685157],[105.779212,19.688644],[105.782039,19.686413],[105.779288,19.683804],[105.775388,19.683753],[105.77329,19.681771],[105.777474,19.677909],[105.779319,19.67054],[105.774796,19.672741],[105.773079,19.67188],[105.772865,19.668866],[105.771387,19.66883],[105.772201,19.666431],[105.770106,19.664028],[105.771348,19.663542],[105.77141,19.658687],[105.768541,19.656152],[105.764483,19.655669],[105.763114,19.657013],[105.753651,19.655486],[105.750987,19.651042],[105.752288,19.644375],[105.756723,19.641959],[105.763476,19.643613],[105.765759,19.637535],[105.76761,19.636351],[105.764077,19.632497],[105.758906,19.635255],[105.756284,19.633102],[105.748286,19.631265],[105.742286,19.634479],[105.74268,19.640622],[105.740781,19.642088],[105.736298,19.636144],[105.73757,19.629611],[105.733581,19.631306],[105.728546,19.629519],[105.726706,19.634884],[105.724708,19.636182],[105.721495,19.63466],[105.719848,19.636248],[105.719347,19.639661],[105.722848,19.641598],[105.72307,19.64374],[105.71778,19.644534],[105.724213,19.649126],[105.724608,19.651251],[105.718649,19.653419],[105.714687,19.649071],[105.713222,19.651683],[105.715739,19.657803],[105.720151,19.662774],[105.72768,19.65723],[105.736324,19.66143],[105.731493,19.669146],[105.727166,19.669366],[105.724919,19.672077],[105.719674,19.670344],[105.71903,19.673227],[105.725502,19.677319],[105.724584,19.680651],[105.726703,19.681172],[105.72916,19.68622],[105.733894,19.702029],[105.736621,19.703026],[105.74267,19.69975],[105.743678,19.696843],[105.746361,19.699116],[105.746428,19.701374],[105.753948,19.701058],[105.756443,19.705189],[105.76054,19.707549]]]}},{"type":"Feature","properties":{"code":"16540","name":"Xã Quảng Ninh","type":"Xã"},"geometry":{"type":"Polygon","coordinates":[[[105.818892,19.714933],[105.818215,19.712572],[105.815473,19.711081],[105.820453,19.709356],[105.821798,19.711207],[105.819459,19.713743],[105.820376,19.715179],[105.822063,19.714705],[105.824112,19.713748],[105.823977,19.712237],[105.82574,19.712484],[105.824232,19.708155],[105.826266,19.705868],[105.83077,19.704371],[105.831919,19.706544],[105.833818,19.705904],[105.833921,19.707643],[105.852029,19.699124],[105.846489,19.687505],[105.843562,19.688433],[105.842049,19.685544],[105.82619,19.692181],[105.827012,19.693369],[105.823843,19.695261],[105.816644,19.696851],[105.816788,19.689598],[105.814953,19.687341],[105.811835,19.688706],[105.804722,19.686116],[105.805288,19.689502],[105.792408,19.690613],[105.779329,19.688707],[105.772614,19.685157],[105.771031,19.687138],[105.773229,19.690167],[105.775825,19.689004],[105.777813,19.692912],[105.777136,19.695253],[105.767418,19.692208],[105.765311,19.694622],[105.765086,19.699082],[105.77361,19.701293],[105.776106,19.708303],[105.777725,19.706269],[105.781842,19.706997],[105.784296,19.710101],[105.791512,19.710501],[105.794348,19.712528],[105.799715,19.71018],[105.799355,19.707813],[105.804341,19.710595],[105.814049,19.71018],[105.816045,19.716064],[105.818892,19.714933]]]}},{"type":"Feature","properties":{"code":"16480","name":"Xã Quảng Yên","type":"Xã"},"geometry":{"type":"Polygon","coordinates":[[[105.756756,19.747444],[105.759122,19.748402],[105.761698,19.746718],[105.766692,19.746927],[105.770356,19.748762],[105.772715,19.747693],[105.773471,19.746569],[105.769243,19.740608],[105.771514,19.740133],[105.769328,19.739302],[105.76451,19.731852],[105.765534,19.730144],[105.768639,19.731605],[105.772108,19.72684],[105.761784,19.724828],[105.758969,19.722394],[105.761421,19.707616],[105.756443,19.705189],[105.753948,19.701058],[105.746428,19.701374],[105.746361,19.699116],[105.743678,19.696843],[105.74267,19.69975],[105.736621,19.703026],[105.733894,19.702029],[105.72916,19.68622],[105.726703,19.681172],[105.724584,19.680651],[105.725502,19.677319],[105.723149,19.676024],[105.720671,19.67695],[105.718258,19.681359],[105.715017,19.682393],[105.71304,19.685011],[105.71767,19.693721],[105.713869,19.696259],[105.71854,19.697783],[105.719363,19.70118],[105.722709,19.704418],[105.721598,19.707184],[105.72294,19.71214],[105.721046,19.715601],[105.717486,19.716298],[105.717232,19.718648],[105.713378,19.719417],[105.714743,19.722591],[105.711772,19.723028],[105.713934,19.731854],[105.711349,19.733588],[105.723388,19.734502],[105.730938,19.739359],[105.7323,19.736896],[105.735297,19.739005],[105.737229,19.736059],[105.741242,19.734841],[105.740954,19.737306],[105.746669,19.73897],[105.7492,19.745604],[105.754046,19.745848],[105.754672,19.750125],[105.756756,19.747444]]]}},{"type":"Feature","properties":{"code":"15553","name":"Xã Sao Vàng","type":"Xã"},"geometry":{"type":"Polygon","coordinates":[[[105.407025,19.821126],[105.406171,19.829335],[105.411264,19.832349],[105.41085,19.833368],[105.402857,19.837956],[105.402651,19.841694],[105.394404,19.842181],[105.395296,19.845557],[105.387674,19.848257],[105.391335,19.85743],[105.394072,19.858228],[105.393095,19.861005],[105.400471,19.865822],[105.400085,19.86772],[105.404067,19.872247],[105.403264,19.875881],[105.407103,19.880666],[105.405743,19.887354],[105.409747,19.888181],[105.417581,19.88596],[105.418942,19.893696],[105.423214,19.897259],[105.419997,19.903757],[105.418031,19.9034],[105.417146,19.908354],[105.413746,19.908611],[105.413068,19.912726],[105.415432,19.913891],[105.411709,19.918095],[105.41356,19.921761],[105.415621,19.922871],[105.418241,19.919085],[105.421251,19.919718],[105.423454,19.921186],[105.424882,19.925662],[105.429363,19.926178],[105.441073,19.933438],[105.452288,19.933041],[105.448291,19.932251],[105.44674,19.930119],[105.450593,19.930396],[105.449002,19.928399],[105.449894,19.92566],[105.451879,19.92681],[105.451857,19.924256],[105.453713,19.925853],[105.457221,19.925652],[105.458934,19.923938],[105.459576,19.921624],[105.457369,19.921489],[105.457318,19.918211],[105.460116,19.917825],[105.460769,19.915228],[105.458819,19.915175],[105.460175,19.912769],[105.458488,19.893791],[105.460916,19.891081],[105.466301,19.894903],[105.467342,19.893202],[105.468984,19.893801],[105.46952,19.891906],[105.470543,19.893847],[105.481168,19.889687],[105.48709,19.894638],[105.484202,19.899753],[105.490675,19.901304],[105.494679,19.900044],[105.496167,19.901802],[105.497634,19.900657],[105.499436,19.902965],[105.502284,19.900737],[105.500121,19.907411],[105.505748,19.907191],[105.505674,19.910354],[105.509488,19.914234],[105.527584,19.912032],[105.528351,19.906498],[105.525778,19.904703],[105.527271,19.902222],[105.525655,19.897692],[105.526875,19.895879],[105.52994,19.896863],[105.534568,19.894631],[105.533694,19.890111],[105.528098,19.890335],[105.527316,19.887593],[105.521907,19.88238],[105.519252,19.883972],[105.515728,19.882398],[105.513257,19.883296],[105.50978,19.878668],[105.506709,19.880637],[105.504683,19.875454],[105.501686,19.874192],[105.502503,19.869571],[105.499149,19.869013],[105.493224,19.864387],[105.482558,19.865491],[105.477179,19.862039],[105.473484,19.862924],[105.470844,19.860606],[105.470909,19.853733],[105.461195,19.843937],[105.456525,19.832],[105.449418,19.835205],[105.446578,19.839895],[105.4421,19.840928],[105.440958,19.836051],[105.433729,19.833064],[105.435153,19.829962],[105.432462,19.816017],[105.426174,19.815811],[105.423283,19.818807],[105.419311,19.816719],[105.410938,19.818042],[105.407025,19.821126]]]}},{"type":"Feature","properties":{"code":"15010","name":"Xã Sơn Thủy","type":"Xã"},"geometry":{"type":"Polygon","coordinates":[[[104.786995,20.403513],[104.791728,20.3983],[104.796674,20.399],[104.799083,20.400981],[104.802782,20.399582],[104.804049,20.394787],[104.808712,20.389066],[104.80651,20.386933],[104.806331,20.379625],[104.811296,20.367084],[104.817102,20.358363],[104.816439,20.355567],[104.818261,20.353508],[104.814212,20.352012],[104.813834,20.348792],[104.818407,20.340137],[104.81553,20.339891],[104.812205,20.336406],[104.811173,20.329067],[104.800787,20.318595],[104.79402,20.317543],[104.792568,20.31954],[104.784305,20.315879],[104.780157,20.31625],[104.774152,20.311084],[104.771757,20.306807],[104.767645,20.30658],[104.766486,20.30126],[104.762687,20.303346],[104.758532,20.302574],[104.743114,20.304464],[104.735175,20.303466],[104.733099,20.300903],[104.729728,20.3],[104.724654,20.29032],[104.714883,20.28487],[104.713048,20.281511],[104.709295,20.286386],[104.708032,20.292047],[104.710246,20.298532],[104.709555,20.304005],[104.712926,20.31937],[104.703604,20.331177],[104.702985,20.336142],[104.704512,20.33959],[104.702844,20.34604],[104.691611,20.35167],[104.684488,20.35868],[104.672078,20.363122],[104.653095,20.362006],[104.648057,20.36315],[104.639816,20.373061],[104.64475,20.373015],[104.645154,20.376364],[104.6475,20.377502],[104.646525,20.379064],[104.655043,20.379717],[104.657728,20.38306],[104.664784,20.386134],[104.664884,20.388159],[104.669575,20.387695],[104.671185,20.390379],[104.674302,20.390817],[104.677404,20.395438],[104.683261,20.39629],[104.683673,20.403607],[104.687451,20.401007],[104.694464,20.40071],[104.701695,20.398284],[104.713922,20.39917],[104.719608,20.3952],[104.726776,20.395416],[104.735151,20.393342],[104.738424,20.394574],[104.742918,20.391095],[104.754555,20.388473],[104.758232,20.390555],[104.762313,20.39008],[104.764923,20.392061],[104.771568,20.38853],[104.774268,20.390236],[104.778014,20.39917],[104.784542,20.403764],[104.786995,20.403513]]]}},{"type":"Feature","properties":{"code":"15022","name":"Xã Sơn Điện","type":"Xã"},"geometry":{"type":"Polygon","coordinates":[[[104.82909,20.340275],[104.837497,20.327698],[104.840245,20.326792],[104.84412,20.320346],[104.848286,20.317284],[104.85965,20.314265],[104.868907,20.315064],[104.872425,20.313654],[104.872561,20.3066],[104.878105,20.302005],[104.876281,20.294164],[104.868315,20.290112],[104.864696,20.280384],[104.861275,20.277632],[104.860275,20.265063],[104.855705,20.260688],[104.845012,20.259918],[104.836781,20.257118],[104.839217,20.251635],[104.83513,20.242526],[104.835081,20.237709],[104.831315,20.231374],[104.828581,20.231835],[104.820154,20.227907],[104.808214,20.230387],[104.802151,20.227523],[104.79757,20.229741],[104.796059,20.227678],[104.786231,20.223153],[104.78494,20.217587],[104.767218,20.216697],[104.765606,20.215063],[104.764994,20.207038],[104.768465,20.205167],[104.768364,20.200312],[104.76519,20.198609],[104.758509,20.200472],[104.754076,20.21169],[104.754329,20.217269],[104.762648,20.220658],[104.771808,20.219041],[104.7802,20.222614],[104.780798,20.22478],[104.779336,20.229531],[104.776215,20.230688],[104.773214,20.234622],[104.764705,20.238815],[104.761371,20.2469],[104.760758,20.25678],[104.764335,20.258671],[104.763706,20.270918],[104.764922,20.271988],[104.763753,20.276558],[104.764991,20.278098],[104.762747,20.280314],[104.764958,20.284708],[104.770031,20.286008],[104.786201,20.300308],[104.791198,20.300828],[104.79453,20.303233],[104.804738,20.30443],[104.807761,20.314064],[104.808774,20.326384],[104.812477,20.332033],[104.812205,20.336406],[104.81553,20.339891],[104.822116,20.338447],[104.823481,20.339673],[104.82909,20.340275]]]}},{"type":"Feature","properties":{"code":"14848","name":"Xã Tam Chung","type":"Xã"},"geometry":{"type":"Polygon","coordinates":[[[104.631014,20.503531],[104.610019,20.500898],[104.605316,20.502297],[104.602376,20.506092],[104.601134,20.508792],[104.60828,20.516827],[104.607908,20.533848],[104.601382,20.535602],[104.594435,20.526935],[104.586112,20.524214],[104.576735,20.527667],[104.569406,20.528245],[104.569008,20.530589],[104.572133,20.539403],[104.576121,20.543016],[104.61082,20.559186],[104.610614,20.566258],[104.605555,20.575037],[104.605619,20.578751],[104.610996,20.584106],[104.610851,20.590396],[104.608814,20.591959],[104.60692,20.597838],[104.600792,20.601919],[104.600897,20.604776],[104.606831,20.611101],[104.611761,20.620284],[104.626289,20.625509],[104.626654,20.629183],[104.629472,20.63067],[104.631481,20.634711],[104.631637,20.642797],[104.634065,20.644899],[104.635988,20.651614],[104.638004,20.652479],[104.644573,20.646682],[104.647567,20.640807],[104.651518,20.640127],[104.655977,20.635217],[104.656995,20.631649],[104.660534,20.628682],[104.661617,20.623958],[104.671,20.62322],[104.678543,20.614631],[104.683646,20.611537],[104.683497,20.602353],[104.684919,20.600391],[104.68269,20.59719],[104.681462,20.590737],[104.682745,20.584729],[104.687678,20.573635],[104.691253,20.571208],[104.694422,20.571263],[104.700007,20.566652],[104.701229,20.555715],[104.696458,20.552571],[104.69523,20.542358],[104.68462,20.536935],[104.676939,20.529819],[104.67789,20.522381],[104.673869,20.518525],[104.671466,20.511033],[104.666253,20.511768],[104.658421,20.509355],[104.65132,20.502986],[104.647226,20.501756],[104.640513,20.505065],[104.639584,20.503166],[104.634217,20.501406],[104.631014,20.503531]]]}},{"type":"Feature","properties":{"code":"15019","name":"Xã Tam Lư","type":"Xã"},"geometry":{"type":"Polygon","coordinates":[[[104.860017,20.265043],[104.867772,20.263574],[104.872476,20.267018],[104.874817,20.266727],[104.876802,20.26453],[104.877516,20.259989],[104.880962,20.258925],[104.888807,20.248389],[104.902077,20.248775],[104.905499,20.244138],[104.909558,20.244989],[104.911032,20.242549],[104.910078,20.240394],[104.920093,20.23283],[104.930826,20.239914],[104.936743,20.237725],[104.939142,20.24443],[104.942173,20.244031],[104.945986,20.246629],[104.949,20.245503],[104.948966,20.244075],[104.953099,20.244313],[104.961929,20.249028],[104.964517,20.252039],[104.967056,20.252345],[104.975715,20.251661],[104.97979,20.2477],[104.984338,20.247586],[104.988315,20.243791],[104.993914,20.244138],[105.002612,20.237852],[105.008102,20.240936],[105.010387,20.230884],[105.007094,20.223173],[105.00915,20.220135],[105.00902,20.211518],[105.013659,20.200661],[105.01282,20.195246],[105.01599,20.190847],[105.015566,20.184105],[105.011538,20.178193],[105.00802,20.161881],[105.002452,20.160101],[104.99742,20.154387],[104.995429,20.145363],[104.992366,20.140011],[104.988389,20.137624],[104.982868,20.130354],[104.980966,20.119462],[104.973056,20.107316],[104.974893,20.104844],[104.973156,20.101861],[104.973601,20.098174],[104.96494,20.099739],[104.960383,20.105152],[104.961275,20.112138],[104.953216,20.114769],[104.948735,20.121685],[104.945163,20.121545],[104.934616,20.126084],[104.934147,20.128434],[104.926195,20.135043],[104.925726,20.139088],[104.921664,20.140747],[104.921275,20.145624],[104.929607,20.14949],[104.929704,20.153107],[104.92755,20.158376],[104.920914,20.157472],[104.916205,20.163928],[104.909507,20.181554],[104.911564,20.187208],[104.905472,20.187187],[104.89822,20.190164],[104.89764,20.194974],[104.899933,20.196417],[104.900288,20.198848],[104.891004,20.200716],[104.887915,20.206303],[104.878771,20.209265],[104.874371,20.214209],[104.852031,20.222073],[104.848206,20.225423],[104.836558,20.230605],[104.831315,20.231374],[104.835081,20.237709],[104.83513,20.242526],[104.839217,20.251635],[104.836781,20.257118],[104.845012,20.259918],[104.855639,20.26065],[104.860017,20.265043]]]}},{"type":"Feature","properties":{"code":"15007","name":"Xã Tam Thanh","type":"Xã"},"geometry":{"type":"Polygon","coordinates":[[[104.911405,20.187272],[104.909507,20.181554],[104.916205,20.163928],[104.920914,20.157472],[104.918335,20.155479],[104.911512,20.155054],[104.90702,20.150462],[104.897515,20.146882],[104.888563,20.147444],[104.883045,20.143661],[104.878702,20.143272],[104.87594,20.145729],[104.870615,20.142702],[104.860261,20.142582],[104.855447,20.147699],[104.851434,20.147378],[104.848333,20.149934],[104.842187,20.148805],[104.83584,20.156638],[104.829906,20.156217],[104.827504,20.159009],[104.823812,20.160243],[104.820708,20.170475],[104.814342,20.172035],[104.807207,20.178238],[104.802635,20.179467],[104.799814,20.1831],[104.796822,20.182924],[104.795785,20.187153],[104.791978,20.188004],[104.789124,20.1917],[104.780418,20.193493],[104.775738,20.198198],[104.768364,20.200312],[104.768465,20.205167],[104.764994,20.207038],[104.765606,20.215063],[104.769345,20.217328],[104.78494,20.217587],[104.786231,20.223153],[104.796059,20.227678],[104.79757,20.229741],[104.802151,20.227523],[104.808214,20.230387],[104.820154,20.227907],[104.828581,20.231835],[104.832565,20.231445],[104.848048,20.2255],[104.852031,20.222073],[104.874371,20.214209],[104.878771,20.209265],[104.887915,20.206303],[104.891004,20.200716],[104.900288,20.198848],[104.899933,20.196417],[104.89764,20.194974],[104.898702,20.189696],[104.905472,20.187187],[104.911405,20.187272]]]}},{"type":"Feature","properties":{"code":"16273","name":"Xã Thanh Kỳ","type":"Xã"},"geometry":{"type":"Polygon","coordinates":[[[105.6106,19.496345],[105.616794,19.494988],[105.620431,19.490363],[105.614596,19.487463],[105.615759,19.481278],[105.619275,19.478637],[105.62273,19.479955],[105.626858,19.479034],[105.629178,19.483424],[105.63219,19.48537],[105.648321,19.486118],[105.665429,19.494849],[105.666758,19.49229],[105.648671,19.47195],[105.645059,19.464372],[105.647163,19.460433],[105.653212,19.461418],[105.656785,19.459245],[105.65728,19.454058],[105.654814,19.452194],[105.653068,19.442415],[105.654628,19.43095],[105.656905,19.427249],[105.644725,19.423255],[105.643909,19.419976],[105.646527,19.418141],[105.647754,19.413139],[105.657859,19.406005],[105.661272,19.398668],[105.657633,19.398498],[105.64624,19.387667],[105.636714,19.381729],[105.629294,19.372897],[105.628068,19.380211],[105.620351,19.382612],[105.613269,19.376231],[105.612861,19.370562],[105.608886,19.368221],[105.600331,19.371244],[105.597806,19.369621],[105.590983,19.369937],[105.581424,19.382135],[105.58322,19.388382],[105.582449,19.390696],[105.578367,19.395364],[105.567059,19.402723],[105.566999,19.406026],[105.561491,19.414464],[105.543794,19.433906],[105.538842,19.448219],[105.535444,19.451704],[105.538255,19.454661],[105.524269,19.463972],[105.517411,19.464252],[105.515394,19.461854],[105.512963,19.463573],[105.518631,19.468121],[105.518808,19.471521],[105.524289,19.477917],[105.526975,19.478241],[105.528999,19.475733],[105.531526,19.476981],[105.531899,19.479818],[105.53507,19.482928],[105.534266,19.480655],[105.535792,19.48011],[105.539353,19.482015],[105.53711,19.485695],[105.539406,19.486605],[105.538445,19.487529],[105.541371,19.490023],[105.541115,19.492284],[105.543576,19.492329],[105.542881,19.494547],[105.54689,19.496388],[105.545296,19.498276],[105.548254,19.499584],[105.548456,19.502288],[105.5632,19.503907],[105.575808,19.51309],[105.579013,19.509615],[105.588736,19.518126],[105.595399,19.517445],[105.603847,19.520529],[105.597908,19.515365],[105.599235,19.512941],[105.598747,19.506295],[105.6023,19.502289],[105.609773,19.502948],[105.6106,19.496345]]]}},{"type":"Feature","properties":{"code":"16213","name":"Xã Thanh Phong","type":"Xã"},"geometry":{"type":"Polygon","coordinates":[[[105.234577,19.668378],[105.234596,19.673402],[105.240741,19.68013],[105.240593,19.683203],[105.243549,19.687324],[105.259129,19.687934],[105.260814,19.689714],[105.266312,19.688322],[105.270005,19.689345],[105.271811,19.687831],[105.264874,19.678213],[105.269199,19.669223],[105.274515,19.667632],[105.278898,19.67108],[105.283616,19.670148],[105.284233,19.6721],[105.287079,19.671507],[105.291343,19.67501],[105.29528,19.675165],[105.302508,19.683337],[105.305001,19.681621],[105.303992,19.673844],[105.30572,19.67337],[105.312331,19.663397],[105.325687,19.660677],[105.331067,19.66269],[105.342924,19.656312],[105.345355,19.657356],[105.350783,19.655291],[105.354073,19.656782],[105.357889,19.656069],[105.36517,19.651318],[105.363814,19.641718],[105.377618,19.628733],[105.370836,19.62104],[105.368031,19.620873],[105.367321,19.615914],[105.3574,19.606203],[105.359266,19.607141],[105.362146,19.604324],[105.365195,19.604891],[105.369886,19.599564],[105.371958,19.594431],[105.376599,19.594673],[105.375735,19.592731],[105.370293,19.589777],[105.367299,19.591098],[105.366022,19.587304],[105.364891,19.589017],[105.362601,19.587171],[105.362125,19.589138],[105.359947,19.588146],[105.359385,19.589579],[105.354992,19.588822],[105.3522,19.585863],[105.350251,19.577716],[105.342396,19.573252],[105.342876,19.548885],[105.329969,19.545319],[105.324775,19.54638],[105.321789,19.543535],[105.322743,19.537954],[105.319929,19.53606],[105.313828,19.538059],[105.308872,19.536963],[105.306894,19.526489],[105.303986,19.522612],[105.306031,19.51858],[105.304434,19.514664],[105.300794,19.512547],[105.295723,19.510997],[105.283385,19.512815],[105.274476,19.509599],[105.273922,19.506874],[105.271288,19.508068],[105.274486,19.519664],[105.270174,19.523247],[105.267314,19.529473],[105.272073,19.537164],[105.27163,19.544312],[105.274199,19.547082],[105.271356,19.555912],[105.274133,19.56074],[105.279777,19.562731],[105.28307,19.568093],[105.280447,19.576646],[105.278235,19.577864],[105.27801,19.584987],[105.272911,19.588344],[105.277832,19.590633],[105.278366,19.593462],[105.2815,19.595457],[105.281357,19.603566],[105.275906,19.606658],[105.2689,19.607287],[105.271956,19.610898],[105.266427,19.616714],[105.267246,19.6246],[105.265106,19.625085],[105.261472,19.629576],[105.26038,19.635617],[105.261592,19.639232],[105.258103,19.639978],[105.257023,19.644276],[105.246959,19.656837],[105.241757,19.656593],[105.239352,19.647192],[105.236153,19.644355],[105.228506,19.649091],[105.2238,19.648568],[105.227502,19.653883],[105.234657,19.657905],[105.231404,19.664607],[105.234577,19.668378]]]}},{"type":"Feature","properties":{"code":"16222","name":"Xã Thanh Quân","type":"Xã"},"geometry":{"type":"Polygon","coordinates":[[[105.234596,19.673402],[105.234577,19.668378],[105.231404,19.664607],[105.234657,19.657905],[105.227502,19.653883],[105.2238,19.648568],[105.220777,19.652763],[105.214565,19.656161],[105.212127,19.662047],[105.183656,19.678089],[105.181793,19.6811],[105.170942,19.67982],[105.166113,19.683273],[105.163352,19.686167],[105.164921,19.699171],[105.160445,19.699433],[105.157112,19.70521],[105.153151,19.707593],[105.154104,19.710732],[105.161445,19.716192],[105.162092,19.72277],[105.184659,19.71867],[105.192653,19.713821],[105.205247,19.7148],[105.213482,19.711738],[105.223492,19.720153],[105.237705,19.719279],[105.245777,19.722854],[105.239946,19.733292],[105.24407,19.733305],[105.245663,19.737683],[105.25216,19.741207],[105.252554,19.746589],[105.258864,19.743962],[105.26118,19.741282],[105.265671,19.741946],[105.271718,19.737877],[105.279148,19.739005],[105.286705,19.734192],[105.295918,19.73313],[105.29667,19.724054],[105.301052,19.723293],[105.303602,19.720586],[105.313552,19.719354],[105.31925,19.720782],[105.329164,19.713862],[105.331545,19.714597],[105.332431,19.713251],[105.336401,19.713036],[105.333798,19.712733],[105.33031,19.708853],[105.332863,19.708801],[105.336585,19.706001],[105.337093,19.699263],[105.345003,19.696156],[105.342924,19.682939],[105.338147,19.672279],[105.331052,19.667606],[105.330022,19.662552],[105.32615,19.660698],[105.312331,19.663397],[105.30572,19.67337],[105.303992,19.673844],[105.305001,19.681621],[105.302508,19.683337],[105.29528,19.675165],[105.291343,19.67501],[105.287305,19.671571],[105.284233,19.6721],[105.282007,19.669949],[105.278898,19.67108],[105.275004,19.667625],[105.269199,19.669223],[105.264874,19.678213],[105.271811,19.687831],[105.269251,19.689688],[105.267863,19.688272],[105.260814,19.689714],[105.259129,19.687934],[105.243549,19.687324],[105.240593,19.683203],[105.240741,19.68013],[105.234596,19.673402]]]}},{"type":"Feature","properties":{"code":"14908","name":"Xã Thiên Phủ","type":"Xã"},"geometry":{"type":"Polygon","coordinates":[[[104.895523,20.423675],[104.908804,20.418701],[104.917614,20.407483],[104.93087,20.402074],[104.935409,20.403229],[104.93907,20.399335],[104.938511,20.39709],[104.945714,20.393892],[104.948962,20.38904],[104.949031,20.384543],[104.953733,20.379814],[104.959438,20.377125],[104.963016,20.369528],[104.96754,20.368915],[104.96624,20.365607],[104.966231,20.361982],[104.96818,20.360349],[104.966996,20.357016],[104.971949,20.355086],[104.979626,20.347707],[104.976077,20.345944],[104.97537,20.335562],[104.967432,20.325207],[104.956178,20.329134],[104.955126,20.331144],[104.952213,20.328987],[104.94401,20.328209],[104.940992,20.325266],[104.934001,20.327535],[104.926217,20.324317],[104.923232,20.321182],[104.922354,20.316877],[104.92367,20.314503],[104.92242,20.312737],[104.914908,20.310439],[104.912212,20.307832],[104.910653,20.308473],[104.907133,20.306274],[104.902976,20.306847],[104.898115,20.303348],[104.894647,20.304123],[104.89085,20.30188],[104.885633,20.304867],[104.8831,20.309043],[104.874868,20.31322],[104.868907,20.315064],[104.85965,20.314265],[104.848286,20.317284],[104.84412,20.320346],[104.840245,20.326792],[104.837497,20.327698],[104.829557,20.337317],[104.82909,20.340275],[104.822116,20.338447],[104.818407,20.340137],[104.813834,20.348792],[104.814212,20.352012],[104.818261,20.353508],[104.816439,20.355567],[104.817102,20.358363],[104.811296,20.367084],[104.806331,20.379625],[104.80651,20.386933],[104.812708,20.390568],[104.816159,20.388173],[104.818793,20.388425],[104.831555,20.393002],[104.829756,20.399892],[104.830863,20.402527],[104.834578,20.404397],[104.845121,20.405318],[104.849258,20.403564],[104.863186,20.405885],[104.87695,20.404461],[104.883663,20.406652],[104.888921,20.410567],[104.894556,20.419258],[104.895523,20.423675]]]}},{"type":"Feature","properties":{"code":"14980","name":"Xã Thiết Ống","type":"Xã"},"geometry":{"type":"Polygon","coordinates":[[[105.121103,20.344844],[105.129992,20.343336],[105.14206,20.331638],[105.164665,20.330948],[105.172454,20.336069],[105.183127,20.337914],[105.185309,20.334346],[105.184854,20.331563],[105.191687,20.331352],[105.195057,20.329474],[105.201855,20.331683],[105.207872,20.322868],[105.21464,20.324538],[105.217968,20.318047],[105.221543,20.315484],[105.221772,20.322185],[105.22503,20.318259],[105.231677,20.315128],[105.236292,20.307331],[105.240644,20.306036],[105.240151,20.304441],[105.242198,20.302196],[105.239336,20.302259],[105.238491,20.297974],[105.228966,20.291086],[105.230304,20.283489],[105.235492,20.27202],[105.236889,20.262819],[105.220589,20.256055],[105.217518,20.252482],[105.220533,20.249575],[105.221583,20.24391],[105.224258,20.244064],[105.234818,20.229481],[105.229077,20.221788],[105.231218,20.215801],[105.234156,20.212522],[105.219782,20.214936],[105.216599,20.217738],[105.209741,20.211409],[105.206452,20.213759],[105.201749,20.219512],[105.192133,20.240854],[105.187724,20.239508],[105.182316,20.242045],[105.181078,20.245257],[105.168717,20.257245],[105.166477,20.262445],[105.168502,20.267839],[105.165175,20.271895],[105.169321,20.276177],[105.165406,20.283311],[105.167735,20.284254],[105.166395,20.288726],[105.16236,20.289042],[105.158925,20.286509],[105.157345,20.289159],[105.154672,20.287371],[105.152149,20.291027],[105.144982,20.296073],[105.13877,20.297948],[105.13013,20.305452],[105.12027,20.308258],[105.115592,20.314493],[105.110613,20.31647],[105.124193,20.331457],[105.122692,20.333095],[105.122924,20.335999],[105.11964,20.338768],[105.121103,20.344844]]]}},{"type":"Feature","properties":{"code":"15772","name":"Xã Thiệu Hóa","type":"Xã"},"geometry":{"type":"Polygon","coordinates":[[[105.698344,19.928772],[105.69955,19.924741],[105.701331,19.925187],[105.701209,19.921769],[105.707036,19.919518],[105.702495,19.914204],[105.69811,19.916757],[105.693068,19.914603],[105.689763,19.908151],[105.691439,19.906749],[105.690796,19.904731],[105.694748,19.899338],[105.701332,19.904687],[105.703542,19.899368],[105.710599,19.897756],[105.713854,19.886441],[105.71953,19.887469],[105.716039,19.871767],[105.708211,19.872426],[105.698953,19.876748],[105.672167,19.881542],[105.660604,19.87925],[105.652356,19.882269],[105.643478,19.88814],[105.644273,19.892991],[105.647319,19.891929],[105.651108,19.89499],[105.65161,19.893849],[105.653702,19.894844],[105.657408,19.899632],[105.653938,19.904982],[105.651303,19.90434],[105.648454,19.905911],[105.649757,19.907722],[105.648904,19.910421],[105.645674,19.911242],[105.645975,19.917599],[105.647889,19.918618],[105.649393,19.91692],[105.65289,19.917334],[105.653954,19.921096],[105.656978,19.920006],[105.659459,19.922133],[105.659763,19.925006],[105.655338,19.928208],[105.656587,19.931417],[105.653842,19.92833],[105.64971,19.931838],[105.649909,19.935786],[105.651328,19.936865],[105.650121,19.938228],[105.654081,19.940848],[105.657799,19.939012],[105.658698,19.940979],[105.663579,19.939282],[105.664053,19.940365],[105.668443,19.93619],[105.672097,19.93686],[105.673104,19.93545],[105.678898,19.940234],[105.682773,19.934177],[105.684197,19.937916],[105.696325,19.937706],[105.698977,19.941776],[105.702382,19.937126],[105.70133,19.93566],[105.699745,19.936273],[105.698344,19.928772]]]}},{"type":"Feature","properties":{"code":"15796","name":"Xã Thiệu Quang","type":"Xã"},"geometry":{"type":"Polygon","coordinates":[[[105.701332,19.904687],[105.694434,19.899346],[105.690796,19.904731],[105.691439,19.906749],[105.689763,19.908151],[105.69146,19.912489],[105.69811,19.916757],[105.702495,19.914204],[105.707036,19.919518],[105.701539,19.921422],[105.701331,19.925187],[105.698592,19.926039],[105.699841,19.936376],[105.70133,19.93566],[105.702463,19.937168],[105.702798,19.935166],[105.706946,19.933789],[105.708897,19.934995],[105.715957,19.930318],[105.716644,19.932941],[105.719441,19.931383],[105.723143,19.932867],[105.727217,19.932037],[105.731308,19.934994],[105.73629,19.934028],[105.738182,19.929677],[105.749746,19.93083],[105.752334,19.932514],[105.754674,19.937316],[105.75173,19.944299],[105.753832,19.948676],[105.757935,19.951336],[105.765452,19.949809],[105.767536,19.94201],[105.76704,19.93576],[105.758968,19.923769],[105.758233,19.918177],[105.758918,19.913315],[105.764875,19.899949],[105.765034,19.891972],[105.758937,19.882282],[105.753444,19.883531],[105.742216,19.882167],[105.734982,19.886271],[105.721574,19.890679],[105.71975,19.889783],[105.71953,19.887469],[105.714085,19.886291],[105.709986,19.898536],[105.703542,19.899368],[105.701332,19.904687]]]}},{"type":"Feature","properties":{"code":"15778","name":"Xã Thiệu Tiến","type":"Xã"},"geometry":{"type":"Polygon","coordinates":[[[105.608171,19.957759],[105.609837,19.955935],[105.612225,19.957497],[105.613761,19.954777],[105.615992,19.955949],[105.619262,19.955034],[105.619981,19.952575],[105.622114,19.952012],[105.619831,19.949273],[105.624209,19.948561],[105.624748,19.946745],[105.620024,19.943782],[105.620045,19.941084],[105.625732,19.934623],[105.627004,19.936879],[105.632384,19.934899],[105.634918,19.936259],[105.634436,19.938214],[105.641909,19.939444],[105.644078,19.937915],[105.652037,19.944056],[105.653244,19.942804],[105.654081,19.940848],[105.650121,19.938228],[105.651328,19.936865],[105.649909,19.935786],[105.64971,19.931838],[105.653842,19.92833],[105.656587,19.931417],[105.655338,19.928208],[105.659763,19.925006],[105.659459,19.922133],[105.656978,19.920006],[105.653954,19.921096],[105.65289,19.917334],[105.649393,19.91692],[105.647889,19.918618],[105.644975,19.915681],[105.645674,19.911242],[105.649437,19.90936],[105.648454,19.905911],[105.651303,19.90434],[105.653938,19.904982],[105.657056,19.90049],[105.6541,19.895081],[105.65161,19.893849],[105.651108,19.89499],[105.647319,19.891929],[105.645164,19.892544],[105.643818,19.899149],[105.63852,19.904369],[105.634288,19.905753],[105.625198,19.904702],[105.620697,19.906975],[105.616307,19.911581],[105.615275,19.921817],[105.611553,19.926937],[105.604603,19.925611],[105.598474,19.915616],[105.595636,19.91357],[105.591884,19.914415],[105.587418,19.919712],[105.589548,19.920936],[105.589916,19.928098],[105.593685,19.929675],[105.593815,19.935533],[105.598381,19.940318],[105.602237,19.940469],[105.605371,19.944371],[105.604983,19.95239],[105.606082,19.952243],[105.603526,19.955969],[105.604533,19.957674],[105.608171,19.957759]]]}},{"type":"Feature","properties":{"code":"15820","name":"Xã Thiệu Toán","type":"Xã"},"geometry":{"type":"Polygon","coordinates":[[[105.615628,19.913802],[105.617895,19.909089],[105.623098,19.905475],[105.634288,19.905753],[105.638858,19.904137],[105.643321,19.899883],[105.644965,19.895635],[105.643478,19.88814],[105.655303,19.881288],[105.654169,19.87829],[105.652293,19.877658],[105.652734,19.875116],[105.646959,19.881798],[105.644096,19.881872],[105.646538,19.88213],[105.643266,19.884741],[105.637108,19.879544],[105.63759,19.87509],[105.635753,19.872286],[105.632343,19.870866],[105.632853,19.868929],[105.622024,19.863845],[105.61825,19.859567],[105.612418,19.858945],[105.600809,19.864343],[105.60127,19.871875],[105.598342,19.875177],[105.595274,19.875845],[105.594853,19.882831],[105.592471,19.881277],[105.588658,19.882762],[105.58416,19.8881],[105.584963,19.893621],[105.587499,19.895859],[105.584712,19.897631],[105.585839,19.902414],[105.588967,19.901717],[105.589355,19.903171],[105.59259,19.903155],[105.594793,19.905411],[105.59312,19.913859],[105.597891,19.915008],[105.606154,19.926474],[105.612743,19.926206],[105.615275,19.921817],[105.615628,19.913802]]]}},{"type":"Feature","properties":{"code":"15835","name":"Xã Thiệu Trung","type":"Xã"},"geometry":{"type":"Polygon","coordinates":[[[105.643266,19.884741],[105.646538,19.88213],[105.644096,19.881872],[105.646959,19.881798],[105.652734,19.875116],[105.652293,19.877658],[105.654169,19.87829],[105.655303,19.881288],[105.662446,19.878992],[105.672167,19.881542],[105.698953,19.876748],[105.70514,19.873954],[105.700032,19.870705],[105.699345,19.867757],[105.700888,19.864057],[105.695359,19.865102],[105.697512,19.864222],[105.694935,19.860052],[105.691726,19.861531],[105.688078,19.85845],[105.689647,19.848588],[105.68632,19.846169],[105.684841,19.838655],[105.680918,19.841068],[105.676247,19.839736],[105.670782,19.842031],[105.670908,19.845196],[105.668897,19.847475],[105.667983,19.844788],[105.662352,19.844649],[105.658718,19.849263],[105.650657,19.849144],[105.649678,19.851748],[105.65162,19.856885],[105.650151,19.858721],[105.648051,19.858059],[105.64549,19.860166],[105.63947,19.859103],[105.630958,19.863274],[105.62909,19.862592],[105.628432,19.864114],[105.630001,19.865464],[105.628014,19.865914],[105.632853,19.868929],[105.632343,19.870866],[105.635798,19.872332],[105.637969,19.876985],[105.637108,19.879544],[105.643266,19.884741]]]}},{"type":"Feature","properties":{"code":"15229","name":"Xã Thành Vinh","type":"Xã"},"geometry":{"type":"Polygon","coordinates":[[[105.563152,20.317362],[105.565402,20.315464],[105.570645,20.318502],[105.578524,20.311757],[105.586027,20.311517],[105.593502,20.313928],[105.599639,20.3118],[105.611188,20.296816],[105.609859,20.292801],[105.620195,20.281997],[105.635125,20.277332],[105.640587,20.277924],[105.650746,20.27343],[105.650706,20.271598],[105.66857,20.256388],[105.670784,20.253123],[105.669029,20.251398],[105.669872,20.248388],[105.677511,20.247625],[105.678028,20.241756],[105.681515,20.238162],[105.682002,20.235358],[105.693823,20.230737],[105.696133,20.225147],[105.692676,20.221413],[105.687553,20.224246],[105.681844,20.221287],[105.669498,20.211545],[105.663147,20.19896],[105.661499,20.200333],[105.652977,20.198456],[105.650258,20.195618],[105.650111,20.19317],[105.638943,20.197021],[105.629513,20.203904],[105.623141,20.21035],[105.625178,20.212927],[105.620881,20.215142],[105.61193,20.20867],[105.614567,20.20581],[105.61405,20.203999],[105.608845,20.203108],[105.606967,20.208516],[105.602002,20.209602],[105.602628,20.217177],[105.599003,20.219083],[105.597137,20.215833],[105.593939,20.22004],[105.589116,20.21971],[105.588368,20.221752],[105.591758,20.223956],[105.589974,20.226502],[105.59002,20.230647],[105.580563,20.227523],[105.581248,20.231917],[105.576958,20.232935],[105.57808,20.236202],[105.577008,20.244343],[105.569522,20.251769],[105.561497,20.253265],[105.559433,20.257091],[105.556482,20.253639],[105.55474,20.253609],[105.553275,20.261685],[105.548307,20.26013],[105.546966,20.261518],[105.547918,20.26598],[105.543326,20.265585],[105.539809,20.268543],[105.539311,20.273727],[105.541728,20.274652],[105.5395,20.278813],[105.538707,20.292016],[105.53309,20.291693],[105.531141,20.295555],[105.536691,20.296689],[105.540011,20.304984],[105.537766,20.308],[105.546122,20.309292],[105.556204,20.315783],[105.55651,20.317489],[105.56,20.317588],[105.563399,20.321702],[105.563152,20.317362]]]}},{"type":"Feature","properties":{"code":"16342","name":"Xã Thăng Bình","type":"Xã"},"geometry":{"type":"Polygon","coordinates":[[[105.626707,19.56016],[105.618502,19.57162],[105.617991,19.574977],[105.62037,19.579591],[105.623518,19.579831],[105.622802,19.585891],[105.628662,19.587792],[105.619339,19.593499],[105.619939,19.5977],[105.616304,19.601752],[105.620242,19.608745],[105.6247,19.611696],[105.637312,19.612829],[105.641485,19.612302],[105.642222,19.610593],[105.644064,19.61277],[105.650257,19.61132],[105.657488,19.612146],[105.660222,19.608932],[105.663836,19.607648],[105.661503,19.6015],[105.6647,19.599766],[105.66743,19.600832],[105.667009,19.603373],[105.670552,19.603971],[105.671184,19.605678],[105.672599,19.60512],[105.672332,19.603117],[105.674081,19.604853],[105.673477,19.606228],[105.676814,19.607934],[105.674922,19.609821],[105.678357,19.610111],[105.677222,19.614578],[105.68072,19.614004],[105.683,19.611315],[105.683263,19.615294],[105.685346,19.611036],[105.689162,19.61078],[105.693076,19.606775],[105.692378,19.603449],[105.698822,19.603702],[105.698601,19.597202],[105.702975,19.597837],[105.70494,19.595603],[105.703799,19.594204],[105.705931,19.589773],[105.705999,19.58418],[105.702511,19.58101],[105.702065,19.576323],[105.693904,19.582302],[105.692795,19.578368],[105.687604,19.576116],[105.686548,19.569354],[105.683961,19.570414],[105.682191,19.568926],[105.666367,19.575478],[105.653085,19.572241],[105.648132,19.578444],[105.645666,19.578558],[105.644575,19.575246],[105.637617,19.569728],[105.63862,19.567302],[105.633319,19.569658],[105.626707,19.56016]]]}},{"type":"Feature","properties":{"code":"15646","name":"Xã Thường Xuân","type":"Xã"},"geometry":{"type":"Polygon","coordinates":[[[105.283914,19.872056],[105.280219,19.874218],[105.279893,19.881226],[105.273205,19.884583],[105.27281,19.886958],[105.277094,19.891086],[105.277353,19.895039],[105.263861,19.911841],[105.245659,19.918624],[105.237356,19.91877],[105.233933,19.920873],[105.232878,19.929863],[105.229743,19.936264],[105.233923,19.937699],[105.2348,19.941536],[105.246128,19.936448],[105.248973,19.933213],[105.259827,19.935792],[105.267407,19.925848],[105.270045,19.924336],[105.272523,19.924928],[105.274477,19.922397],[105.279017,19.922823],[105.282844,19.921036],[105.298808,19.924305],[105.31195,19.924546],[105.309133,19.927359],[105.310036,19.939196],[105.308374,19.951183],[105.311518,19.9481],[105.314807,19.94842],[105.317389,19.946037],[105.317835,19.947696],[105.321366,19.947164],[105.322912,19.946118],[105.322111,19.943642],[105.329419,19.944451],[105.331768,19.940178],[105.339825,19.94122],[105.342817,19.932538],[105.345311,19.930792],[105.345422,19.926885],[105.349106,19.922751],[105.350593,19.92293],[105.354097,19.92957],[105.359009,19.925136],[105.36383,19.92603],[105.369607,19.920868],[105.373099,19.923899],[105.375526,19.914901],[105.378675,19.910293],[105.378212,19.893662],[105.386107,19.887668],[105.389416,19.881383],[105.394724,19.878973],[105.393364,19.876883],[105.386874,19.874095],[105.376666,19.876409],[105.360672,19.875554],[105.359006,19.870405],[105.356709,19.871081],[105.354875,19.866625],[105.346244,19.869993],[105.34689,19.87282],[105.344386,19.879187],[105.348323,19.88271],[105.346742,19.887654],[105.343568,19.88735],[105.333333,19.879312],[105.325368,19.878661],[105.325312,19.873563],[105.320029,19.87262],[105.318749,19.865494],[105.315351,19.862759],[105.317219,19.86035],[105.315608,19.855413],[105.312559,19.854919],[105.310322,19.846455],[105.311651,19.845238],[105.310303,19.845014],[105.305473,19.851011],[105.307014,19.854144],[105.296885,19.861322],[105.291303,19.860636],[105.283914,19.872056]]]}},{"type":"Feature","properties":{"code":"16225","name":"Xã Thượng Ninh","type":"Xã"},"geometry":{"type":"Polygon","coordinates":[[[105.374253,19.665478],[105.36517,19.651318],[105.357889,19.656069],[105.354073,19.656782],[105.350783,19.655291],[105.345355,19.657356],[105.342924,19.656312],[105.330022,19.662552],[105.330853,19.667338],[105.338147,19.672279],[105.342924,19.682939],[105.345003,19.696156],[105.337093,19.699263],[105.336585,19.706001],[105.332863,19.708801],[105.33031,19.708853],[105.333798,19.712733],[105.340963,19.71252],[105.342186,19.710689],[105.345158,19.711847],[105.346111,19.709421],[105.35392,19.708928],[105.355607,19.710713],[105.359206,19.709316],[105.363244,19.71378],[105.366621,19.714315],[105.36612,19.715652],[105.373278,19.716563],[105.373641,19.722624],[105.370924,19.725069],[105.373079,19.727583],[105.38041,19.728796],[105.384304,19.724278],[105.386846,19.724071],[105.388413,19.725569],[105.392756,19.724077],[105.397938,19.726342],[105.400831,19.7349],[105.413668,19.747832],[105.420891,19.749653],[105.425439,19.747948],[105.431927,19.754893],[105.439181,19.754874],[105.446692,19.749277],[105.455077,19.754242],[105.465961,19.748903],[105.468136,19.73895],[105.474022,19.736615],[105.481941,19.736487],[105.485926,19.732045],[105.494939,19.732002],[105.497508,19.721995],[105.495351,19.711297],[105.492719,19.707591],[105.487219,19.70546],[105.485122,19.703013],[105.47812,19.700706],[105.458842,19.700248],[105.457193,19.701624],[105.451027,19.697187],[105.447405,19.698696],[105.444577,19.702984],[105.421685,19.69763],[105.412747,19.684599],[105.412712,19.680984],[105.411,19.680464],[105.411789,19.678309],[105.407818,19.673865],[105.407339,19.670503],[105.403035,19.668863],[105.402288,19.673029],[105.399628,19.67362],[105.394048,19.679028],[105.385322,19.678446],[105.381756,19.673556],[105.381554,19.668958],[105.374253,19.665478]]]}},{"type":"Feature","properties":{"code":"15211","name":"Xã Thạch Bình","type":"Xã"},"geometry":{"type":"Polygon","coordinates":[[[105.561084,20.20804],[105.555956,20.214756],[105.555722,20.221427],[105.545625,20.223055],[105.533234,20.227544],[105.512436,20.228409],[105.516026,20.255873],[105.526773,20.26285],[105.525578,20.266946],[105.527335,20.268599],[105.530174,20.268375],[105.534796,20.27147],[105.535841,20.269966],[105.539187,20.27046],[105.541087,20.266309],[105.548214,20.265685],[105.546966,20.261518],[105.548307,20.26013],[105.553275,20.261685],[105.55474,20.253609],[105.556482,20.253639],[105.559433,20.257091],[105.56192,20.253042],[105.56925,20.251985],[105.577008,20.244343],[105.57808,20.236202],[105.576958,20.232935],[105.581248,20.231917],[105.580563,20.227523],[105.59002,20.230647],[105.589974,20.226502],[105.591758,20.223956],[105.588368,20.221752],[105.589529,20.219252],[105.593939,20.22004],[105.597137,20.215833],[105.598851,20.219005],[105.600749,20.218511],[105.603397,20.215489],[105.602002,20.209602],[105.606967,20.208516],[105.608845,20.203108],[105.6129,20.204507],[105.615452,20.202558],[105.615347,20.19884],[105.610131,20.199754],[105.609276,20.198703],[105.618549,20.193865],[105.629228,20.196523],[105.628638,20.191237],[105.632777,20.19336],[105.6342,20.188816],[105.639159,20.186875],[105.639182,20.185265],[105.635418,20.184523],[105.635511,20.179659],[105.63839,20.177802],[105.642866,20.180485],[105.645871,20.176857],[105.645655,20.173024],[105.642338,20.167872],[105.645452,20.165521],[105.643184,20.163863],[105.644676,20.161993],[105.642297,20.15991],[105.645276,20.155605],[105.643858,20.151576],[105.647799,20.14749],[105.644913,20.144481],[105.637064,20.142157],[105.637063,20.140918],[105.639347,20.141023],[105.640105,20.13801],[105.633877,20.120114],[105.636132,20.114099],[105.632188,20.112574],[105.627733,20.113005],[105.626335,20.1114],[105.627286,20.109735],[105.632569,20.10842],[105.637688,20.112638],[105.639676,20.112159],[105.64005,20.103483],[105.634408,20.100318],[105.635948,20.093244],[105.634034,20.093847],[105.632128,20.101939],[105.629664,20.101848],[105.630997,20.099005],[105.628901,20.100204],[105.629619,20.097926],[105.627088,20.09712],[105.628503,20.096117],[105.627333,20.095295],[105.625216,20.095793],[105.626803,20.096788],[105.625989,20.097493],[105.623579,20.096392],[105.62364,20.099275],[105.618034,20.102031],[105.614965,20.10148],[105.612423,20.10519],[105.607339,20.107641],[105.602153,20.117726],[105.595043,20.124312],[105.594747,20.125419],[105.597289,20.126451],[105.596599,20.130269],[105.601852,20.138625],[105.601822,20.142329],[105.597908,20.151093],[105.585917,20.163811],[105.583187,20.171871],[105.577934,20.179062],[105.580592,20.186116],[105.579884,20.189151],[105.581297,20.190311],[105.578338,20.196448],[105.574225,20.199686],[105.570925,20.206962],[105.561084,20.20804]]]}},{"type":"Feature","properties":{"code":"15085","name":"Xã Thạch Lập","type":"Xã"},"geometry":{"type":"Polygon","coordinates":[[[105.25571,20.210284],[105.263995,20.205775],[105.266854,20.20107],[105.26922,20.200031],[105.270464,20.196422],[105.275195,20.194414],[105.276387,20.19128],[105.283384,20.185568],[105.304605,20.196476],[105.302632,20.190891],[105.304372,20.189312],[105.314675,20.190756],[105.32304,20.188806],[105.33327,20.18217],[105.339352,20.186416],[105.350158,20.185425],[105.354843,20.176868],[105.362094,20.170999],[105.372155,20.171765],[105.379286,20.175588],[105.385234,20.173674],[105.391142,20.170146],[105.396546,20.164101],[105.399488,20.163904],[105.404029,20.160608],[105.409606,20.160137],[105.416293,20.156659],[105.418726,20.151563],[105.426621,20.149517],[105.435854,20.138067],[105.44142,20.138986],[105.445718,20.133949],[105.453246,20.134497],[105.458377,20.132097],[105.468411,20.118598],[105.462655,20.120681],[105.459217,20.117097],[105.457611,20.112446],[105.452676,20.115712],[105.446981,20.108883],[105.44264,20.109338],[105.436561,20.114803],[105.431509,20.114632],[105.426146,20.111301],[105.423019,20.11319],[105.422526,20.115203],[105.417168,20.117869],[105.41532,20.1137],[105.408468,20.114817],[105.406915,20.112211],[105.399016,20.11228],[105.394746,20.10917],[105.39332,20.114111],[105.387732,20.118259],[105.385142,20.118442],[105.383542,20.122616],[105.380017,20.123757],[105.375455,20.128445],[105.380785,20.129786],[105.378872,20.133031],[105.375898,20.134019],[105.374003,20.129811],[105.367727,20.136981],[105.343924,20.140993],[105.319253,20.148729],[105.313022,20.146761],[105.288839,20.158827],[105.285198,20.16237],[105.285058,20.168246],[105.282106,20.173822],[105.272415,20.182674],[105.270655,20.187242],[105.263635,20.192999],[105.254705,20.204237],[105.246792,20.206927],[105.24788,20.208743],[105.246281,20.214345],[105.248915,20.217493],[105.25571,20.210284]]]}},{"type":"Feature","properties":{"code":"15199","name":"Xã Thạch Quảng","type":"Xã"},"geometry":{"type":"Polygon","coordinates":[[[105.433599,20.38585],[105.443025,20.381017],[105.445183,20.381743],[105.456288,20.37816],[105.46031,20.374959],[105.465119,20.376661],[105.469539,20.374561],[105.476393,20.375439],[105.501868,20.360372],[105.522279,20.35985],[105.525451,20.36882],[105.530504,20.371877],[105.540582,20.367736],[105.544675,20.351972],[105.550541,20.346768],[105.547622,20.334861],[105.551499,20.329104],[105.554835,20.32754],[105.557041,20.329373],[105.562766,20.327203],[105.564925,20.324131],[105.560089,20.317654],[105.55651,20.317489],[105.551614,20.312419],[105.544371,20.308397],[105.537766,20.308],[105.540011,20.304984],[105.536691,20.296689],[105.531141,20.295555],[105.53309,20.291693],[105.538707,20.292016],[105.5395,20.278813],[105.541728,20.274652],[105.539311,20.273727],[105.539606,20.27012],[105.536102,20.27101],[105.535841,20.269966],[105.534796,20.27147],[105.530174,20.268375],[105.527335,20.268599],[105.525578,20.266946],[105.526773,20.26285],[105.515782,20.255927],[105.512822,20.260297],[105.495817,20.269749],[105.493632,20.276825],[105.489187,20.277823],[105.483058,20.275571],[105.477477,20.279655],[105.466607,20.292388],[105.46306,20.301528],[105.436592,20.318711],[105.433819,20.322336],[105.429223,20.32419],[105.424233,20.329351],[105.422383,20.3336],[105.416535,20.336829],[105.428452,20.341433],[105.429397,20.348148],[105.428854,20.350201],[105.423388,20.353811],[105.413691,20.369344],[105.409687,20.373286],[105.421266,20.377463],[105.428001,20.385067],[105.430894,20.384079],[105.433599,20.38585]]]}},{"type":"Feature","properties":{"code":"15643","name":"Xã Thắng Lộc","type":"Xã"},"geometry":{"type":"Polygon","coordinates":[[[105.273996,19.819567],[105.273258,19.82505],[105.275078,19.828085],[105.27952,19.828378],[105.285071,19.826503],[105.289385,19.827374],[105.295617,19.823702],[105.303342,19.822539],[105.307151,19.820283],[105.310715,19.813268],[105.313963,19.810757],[105.313156,19.808196],[105.319568,19.797984],[105.319139,19.793347],[105.324106,19.787166],[105.323653,19.783536],[105.33113,19.778388],[105.331564,19.771906],[105.337455,19.764845],[105.336617,19.756095],[105.340153,19.751003],[105.341054,19.746744],[105.36094,19.74071],[105.363466,19.73534],[105.369818,19.728571],[105.370239,19.725471],[105.373011,19.724003],[105.373278,19.716563],[105.36612,19.715652],[105.366621,19.714315],[105.363244,19.71378],[105.359206,19.709316],[105.355607,19.710713],[105.35392,19.708928],[105.346111,19.709421],[105.345158,19.711847],[105.342186,19.710689],[105.340963,19.71252],[105.329164,19.713862],[105.31925,19.720782],[105.313552,19.719354],[105.303838,19.720511],[105.301052,19.723293],[105.29667,19.724054],[105.295918,19.73313],[105.292804,19.732864],[105.288507,19.735797],[105.290163,19.746607],[105.28541,19.750004],[105.280194,19.75078],[105.279322,19.753595],[105.275586,19.756383],[105.272864,19.766213],[105.263008,19.769914],[105.263119,19.781548],[105.271171,19.788337],[105.269603,19.790122],[105.271158,19.795687],[105.268886,19.801659],[105.271462,19.811371],[105.271083,19.816263],[105.273996,19.819567]]]}},{"type":"Feature","properties":{"code":"16309","name":"Xã Thắng Lợi","type":"Xã"},"geometry":{"type":"Polygon","coordinates":[[[105.672165,19.70442],[105.674727,19.704614],[105.677022,19.708915],[105.685858,19.704055],[105.682436,19.697537],[105.684343,19.69252],[105.680916,19.692282],[105.685197,19.686568],[105.694965,19.692643],[105.698635,19.689046],[105.700257,19.697658],[105.701651,19.699451],[105.704351,19.698687],[105.70731,19.693979],[105.713377,19.691562],[105.713573,19.683704],[105.718007,19.681564],[105.720471,19.677098],[105.722997,19.676356],[105.719236,19.673637],[105.71936,19.670591],[105.724919,19.672077],[105.727166,19.669366],[105.731493,19.669146],[105.736324,19.66143],[105.72768,19.65723],[105.720151,19.662774],[105.71394,19.653921],[105.7045,19.652787],[105.703694,19.650334],[105.702428,19.653172],[105.695495,19.653719],[105.693671,19.659451],[105.690041,19.660538],[105.688769,19.652945],[105.679817,19.657004],[105.678243,19.65216],[105.673837,19.64747],[105.667888,19.649],[105.669194,19.651142],[105.667037,19.657522],[105.665934,19.656638],[105.658023,19.660588],[105.657249,19.659653],[105.654761,19.66152],[105.65378,19.664812],[105.649296,19.664502],[105.641923,19.660956],[105.641136,19.670553],[105.642855,19.674326],[105.639866,19.681307],[105.640905,19.693786],[105.638257,19.698967],[105.647236,19.705084],[105.649659,19.704015],[105.651264,19.708466],[105.659223,19.698174],[105.66511,19.70252],[105.668516,19.701912],[105.668014,19.709098],[105.672165,19.70442]]]}},{"type":"Feature","properties":{"code":"15667","name":"Xã Thọ Bình","type":"Xã"},"geometry":{"type":"Polygon","coordinates":[[[105.495622,19.795775],[105.490663,19.794741],[105.481874,19.79706],[105.480743,19.798904],[105.474188,19.799725],[105.467965,19.793386],[105.460025,19.794115],[105.456497,19.786114],[105.447178,19.792476],[105.442293,19.791287],[105.440734,19.793688],[105.436945,19.793906],[105.430998,19.79196],[105.428327,19.794423],[105.431483,19.801212],[105.428356,19.803096],[105.426174,19.815811],[105.432462,19.816017],[105.435153,19.829962],[105.433729,19.833064],[105.440958,19.836051],[105.4421,19.840928],[105.446578,19.839895],[105.449418,19.835205],[105.456525,19.832],[105.461195,19.843937],[105.470909,19.853733],[105.470844,19.860606],[105.473484,19.862924],[105.477179,19.862039],[105.482558,19.865491],[105.493224,19.864387],[105.499149,19.869013],[105.501299,19.865141],[105.500523,19.8625],[105.503649,19.860037],[105.501384,19.856145],[105.503922,19.852811],[105.490748,19.842959],[105.490262,19.839386],[105.49423,19.835809],[105.495101,19.836475],[105.49493,19.834163],[105.497392,19.834942],[105.501006,19.833236],[105.505731,19.824729],[105.508092,19.825451],[105.510066,19.823316],[105.514655,19.823206],[105.517871,19.820104],[105.509709,19.817141],[105.509446,19.808516],[105.495622,19.795775]]]}},{"type":"Feature","properties":{"code":"15505","name":"Xã Thọ Long","type":"Xã"},"geometry":{"type":"Polygon","coordinates":[[[105.529227,19.931013],[105.529949,19.929114],[105.534802,19.930098],[105.535228,19.926341],[105.544909,19.927816],[105.551297,19.924957],[105.555747,19.925741],[105.555735,19.924133],[105.556995,19.925887],[105.55976,19.924324],[105.56152,19.919945],[105.558924,19.918418],[105.564481,19.913794],[105.567682,19.915465],[105.568741,19.912999],[105.574189,19.915502],[105.574993,19.910519],[105.585586,19.901879],[105.584712,19.897631],[105.587499,19.895859],[105.584963,19.893621],[105.584902,19.889409],[105.579348,19.888797],[105.572802,19.891592],[105.570413,19.889584],[105.568876,19.891791],[105.562861,19.886491],[105.559599,19.886146],[105.556684,19.888268],[105.555227,19.884393],[105.553132,19.885335],[105.552537,19.882178],[105.550594,19.881731],[105.548952,19.883888],[105.549221,19.882195],[105.543487,19.884293],[105.54003,19.889623],[105.536247,19.89121],[105.533694,19.890111],[105.534568,19.894631],[105.52994,19.896863],[105.526875,19.895879],[105.525655,19.897692],[105.527271,19.902222],[105.525778,19.904703],[105.528351,19.906498],[105.527584,19.912032],[105.516669,19.914171],[105.521198,19.9187],[105.523107,19.924319],[105.525099,19.921056],[105.527022,19.922062],[105.525177,19.925452],[105.527662,19.927062],[105.526522,19.929646],[105.529227,19.931013]]]}},{"type":"Feature","properties":{"code":"15568","name":"Xã Thọ Lập","type":"Xã"},"geometry":{"type":"Polygon","coordinates":[[[105.422955,20.0069],[105.425239,19.999935],[105.428647,20.001242],[105.434053,19.999925],[105.444596,19.993837],[105.450347,19.997975],[105.450062,19.993606],[105.452975,19.991331],[105.459898,19.988277],[105.459675,19.991676],[105.462336,19.992436],[105.460994,19.989784],[105.461741,19.986905],[105.463565,19.988541],[105.467181,19.987164],[105.468574,19.991396],[105.469742,19.988949],[105.472707,19.988737],[105.473535,19.98695],[105.47168,19.984912],[105.472897,19.983367],[105.478585,19.981327],[105.481114,19.982386],[105.481637,19.978913],[105.478156,19.975709],[105.489252,19.97239],[105.49106,19.962481],[105.492814,19.961021],[105.484605,19.955776],[105.474082,19.955735],[105.47023,19.954196],[105.462735,19.9478],[105.460462,19.938384],[105.457163,19.934812],[105.452288,19.933041],[105.441785,19.933701],[105.4339,19.928501],[105.431878,19.932927],[105.435868,19.936155],[105.434989,19.937198],[105.436549,19.938459],[105.435181,19.940194],[105.425385,19.936172],[105.421848,19.939621],[105.416546,19.940384],[105.422532,19.943661],[105.424548,19.947593],[105.43112,19.95212],[105.431732,19.954373],[105.434872,19.955049],[105.435737,19.95758],[105.441878,19.961243],[105.441752,19.962964],[105.439814,19.961821],[105.435245,19.962757],[105.436091,19.966708],[105.433947,19.967219],[105.433501,19.971254],[105.431229,19.972768],[105.432794,19.978766],[105.421626,19.981475],[105.420075,19.984233],[105.420651,19.986632],[105.416974,19.986155],[105.416704,19.989986],[105.411188,19.992602],[105.422603,20.00317],[105.421064,20.003899],[105.42249,20.003836],[105.421746,20.006709],[105.422955,20.0069]]]}},{"type":"Feature","properties":{"code":"15754","name":"Xã Thọ Ngọc","type":"Xã"},"geometry":{"type":"Polygon","coordinates":[[[105.500835,19.86269],[105.501299,19.865141],[105.499149,19.869013],[105.502503,19.869571],[105.501686,19.874192],[105.504683,19.875454],[105.506709,19.880637],[105.50978,19.878668],[105.513257,19.883296],[105.515728,19.882398],[105.519252,19.883972],[105.522289,19.882524],[105.528186,19.89038],[105.536247,19.89121],[105.54003,19.889623],[105.543732,19.885637],[105.543432,19.883809],[105.537623,19.882153],[105.535636,19.87866],[105.540981,19.87834],[105.540283,19.876569],[105.541667,19.875958],[105.538896,19.874489],[105.538103,19.869237],[105.533628,19.866897],[105.532004,19.865168],[105.532894,19.863479],[105.530561,19.862146],[105.534714,19.859855],[105.535485,19.861307],[105.540763,19.861348],[105.541658,19.85968],[105.540935,19.857716],[105.542373,19.857093],[105.541061,19.855556],[105.542313,19.855911],[105.543968,19.852192],[105.540995,19.852691],[105.538203,19.850485],[105.543287,19.845567],[105.540418,19.842195],[105.54041,19.832461],[105.533466,19.827629],[105.526414,19.826076],[105.521279,19.82021],[105.518452,19.819836],[105.515661,19.822757],[105.510066,19.823316],[105.508266,19.825417],[105.505731,19.824729],[105.501006,19.833236],[105.497392,19.834942],[105.49493,19.834163],[105.495101,19.836475],[105.49423,19.835809],[105.490262,19.839386],[105.489924,19.841971],[105.503922,19.852811],[105.501384,19.856145],[105.503649,19.860037],[105.500835,19.86269]]]}},{"type":"Feature","properties":{"code":"15763","name":"Xã Thọ Phú","type":"Xã"},"geometry":{"type":"Polygon","coordinates":[[[105.568894,19.891795],[105.57101,19.889596],[105.572802,19.891592],[105.579348,19.888797],[105.584902,19.889409],[105.58416,19.8881],[105.588658,19.882762],[105.592471,19.881277],[105.594853,19.882831],[105.59502,19.876372],[105.599142,19.874581],[105.601866,19.868029],[105.600907,19.861185],[105.597641,19.858568],[105.594371,19.858944],[105.594533,19.856627],[105.590923,19.854066],[105.591444,19.85256],[105.589714,19.851613],[105.589213,19.847715],[105.58676,19.84447],[105.584384,19.841931],[105.580709,19.842679],[105.57866,19.839226],[105.578132,19.836874],[105.579939,19.837507],[105.581095,19.834498],[105.578947,19.831481],[105.581245,19.828849],[105.576962,19.826485],[105.577502,19.82125],[105.574222,19.819213],[105.573902,19.816903],[105.570937,19.817027],[105.569523,19.819108],[105.562006,19.822685],[105.560124,19.822211],[105.556931,19.832485],[105.551367,19.835734],[105.55125,19.840878],[105.549866,19.841527],[105.547763,19.837117],[105.545022,19.840138],[105.543597,19.838896],[105.540763,19.839773],[105.54045,19.842272],[105.543287,19.845567],[105.538201,19.850441],[105.540995,19.852691],[105.543968,19.852192],[105.542313,19.855911],[105.541061,19.855556],[105.542373,19.857093],[105.540935,19.857716],[105.541658,19.85968],[105.540763,19.861348],[105.535485,19.861307],[105.534714,19.859855],[105.530561,19.862146],[105.532894,19.863479],[105.532004,19.865168],[105.533628,19.866897],[105.538103,19.869237],[105.538896,19.874489],[105.541667,19.875958],[105.540283,19.876569],[105.540981,19.87834],[105.535636,19.87866],[105.537623,19.882153],[105.545935,19.88436],[105.551463,19.881826],[105.553132,19.885335],[105.555227,19.884393],[105.556684,19.888268],[105.560907,19.885987],[105.564848,19.88744],[105.567374,19.891425],[105.568894,19.891795]]]}},{"type":"Feature","properties":{"code":"15499","name":"Xã Thọ Xuân","type":"Xã"},"geometry":{"type":"Polygon","coordinates":[[[105.57172,19.946713],[105.576496,19.930421],[105.584673,19.923918],[105.59312,19.913859],[105.594793,19.905411],[105.59259,19.903155],[105.585586,19.901879],[105.574993,19.910519],[105.574189,19.915502],[105.568741,19.912999],[105.567682,19.915465],[105.564481,19.913794],[105.562682,19.914666],[105.558924,19.918418],[105.56152,19.919945],[105.55976,19.924324],[105.556995,19.925887],[105.555735,19.924133],[105.555747,19.925741],[105.551297,19.924957],[105.544909,19.927816],[105.535228,19.926341],[105.534802,19.930098],[105.529949,19.929114],[105.529227,19.931013],[105.526522,19.929646],[105.527662,19.927062],[105.525177,19.925452],[105.527022,19.922062],[105.525099,19.921056],[105.523436,19.924416],[105.523107,19.924319],[105.521198,19.9187],[105.516669,19.914171],[105.509488,19.914234],[105.505674,19.910354],[105.505748,19.907191],[105.500121,19.907411],[105.502284,19.900737],[105.499436,19.902965],[105.497634,19.900657],[105.496167,19.901802],[105.494679,19.900044],[105.492865,19.900528],[105.488197,19.907463],[105.490075,19.914363],[105.484724,19.917014],[105.486999,19.91737],[105.487699,19.919159],[105.48604,19.920923],[105.488583,19.924513],[105.489229,19.928989],[105.49115,19.929883],[105.491025,19.927039],[105.493104,19.929498],[105.496178,19.928594],[105.494613,19.930526],[105.495668,19.933303],[105.500934,19.933514],[105.503794,19.936218],[105.505578,19.935107],[105.508855,19.941046],[105.511123,19.940859],[105.512137,19.944401],[105.51467,19.943359],[105.514734,19.946632],[105.518495,19.944467],[105.521794,19.939063],[105.524974,19.938211],[105.537021,19.942585],[105.539657,19.945972],[105.543228,19.947506],[105.557305,19.942914],[105.568264,19.948024],[105.57172,19.946713]]]}},{"type":"Feature","properties":{"code":"16549","name":"Xã Tiên Trang","type":"Xã"},"geometry":{"type":"Polygon","coordinates":[[[105.797307,19.665173],[105.801426,19.661648],[105.802667,19.654811],[105.80982,19.653524],[105.809902,19.654885],[105.81277,19.6537],[105.818929,19.654486],[105.818838,19.652716],[105.824392,19.651738],[105.824539,19.646731],[105.826772,19.649026],[105.826929,19.646462],[105.831442,19.64531],[105.824716,19.617741],[105.81798,19.57891],[105.81526,19.573815],[105.811547,19.57166],[105.807279,19.576277],[105.805863,19.587054],[105.807068,19.590189],[105.813136,19.593268],[105.816346,19.597787],[105.817605,19.602953],[105.815663,19.611362],[105.812651,19.615912],[105.807124,19.617431],[105.804851,19.620112],[105.803369,19.619479],[105.803494,19.624203],[105.799495,19.626992],[105.801471,19.627804],[105.799561,19.632942],[105.80019,19.635161],[105.797123,19.636492],[105.79667,19.63849],[105.798368,19.641926],[105.797082,19.643238],[105.798466,19.652291],[105.797352,19.653483],[105.789853,19.652916],[105.78824,19.650454],[105.781404,19.650491],[105.779456,19.649114],[105.777962,19.651992],[105.779631,19.654349],[105.782785,19.652682],[105.783478,19.656974],[105.78059,19.659594],[105.782547,19.663559],[105.785906,19.660954],[105.786425,19.657801],[105.791051,19.662579],[105.795023,19.662832],[105.793383,19.664856],[105.797307,19.665173]]]}},{"type":"Feature","properties":{"code":"16021","name":"Xã Triệu Lộc","type":"Xã"},"geometry":{"type":"Polygon","coordinates":[[[105.839376,19.977656],[105.842599,19.976402],[105.84207,19.974905],[105.847907,19.969011],[105.846311,19.968128],[105.845687,19.964762],[105.844159,19.964985],[105.843214,19.960024],[105.840331,19.959244],[105.839587,19.953955],[105.841488,19.951859],[105.838735,19.949672],[105.84271,19.947706],[105.846195,19.949375],[105.84777,19.94733],[105.850329,19.947402],[105.855396,19.950593],[105.855989,19.94699],[105.854417,19.94689],[105.854898,19.943097],[105.853092,19.9419],[105.85432,19.937283],[105.863175,19.938403],[105.861235,19.930692],[105.858901,19.927923],[105.859618,19.925843],[105.857277,19.924881],[105.858234,19.922188],[105.855251,19.918569],[105.852022,19.917475],[105.851047,19.920145],[105.846055,19.918435],[105.848254,19.924203],[105.846542,19.927424],[105.837895,19.926136],[105.834396,19.923429],[105.828359,19.928793],[105.81835,19.927524],[105.815523,19.930001],[105.811558,19.927321],[105.809892,19.929237],[105.8089,19.927561],[105.801433,19.931076],[105.793389,19.927537],[105.791192,19.929127],[105.788932,19.928585],[105.784071,19.933547],[105.78421,19.937114],[105.7865,19.938864],[105.785328,19.943437],[105.775352,19.952071],[105.772585,19.956885],[105.77233,19.961357],[105.78393,19.953788],[105.810723,19.957365],[105.813966,19.959897],[105.813146,19.966452],[105.828628,19.969689],[105.839376,19.977656]]]}},{"type":"Feature","properties":{"code":"15664","name":"Xã Triệu Sơn","type":"Xã"},"geometry":{"type":"Polygon","coordinates":[[[105.622024,19.863845],[105.630001,19.865464],[105.628432,19.864114],[105.62909,19.862592],[105.630958,19.863274],[105.63947,19.859103],[105.646119,19.860015],[105.65162,19.856885],[105.649678,19.851748],[105.650206,19.843867],[105.648868,19.842626],[105.652309,19.839524],[105.648989,19.837673],[105.647328,19.827657],[105.651444,19.826294],[105.654958,19.82101],[105.657476,19.821093],[105.657367,19.819337],[105.65976,19.820858],[105.662273,19.819179],[105.663217,19.816262],[105.661324,19.814963],[105.657906,19.816051],[105.659404,19.814415],[105.656205,19.81442],[105.656885,19.812859],[105.641987,19.807957],[105.641887,19.805145],[105.633109,19.803595],[105.634255,19.808414],[105.631513,19.815308],[105.626779,19.813541],[105.625684,19.81613],[105.612944,19.81195],[105.613364,19.810084],[105.610906,19.809514],[105.603793,19.809797],[105.603707,19.811103],[105.601085,19.80824],[105.596885,19.808259],[105.593869,19.805553],[105.592524,19.810057],[105.593586,19.811416],[105.590105,19.81348],[105.586605,19.812054],[105.58543,19.808345],[105.583903,19.809468],[105.579867,19.808387],[105.579772,19.81141],[105.575836,19.810702],[105.571708,19.813359],[105.570937,19.817027],[105.574449,19.817222],[105.574222,19.819213],[105.577502,19.82125],[105.576962,19.826485],[105.581245,19.828849],[105.578947,19.831481],[105.581095,19.834498],[105.579939,19.837507],[105.578132,19.836874],[105.57866,19.839226],[105.580709,19.842679],[105.584384,19.841931],[105.58676,19.84447],[105.589213,19.847715],[105.589714,19.851613],[105.591444,19.85256],[105.590923,19.854066],[105.594533,19.856627],[105.594371,19.858944],[105.599283,19.85985],[105.60121,19.864288],[105.612418,19.858945],[105.61825,19.859567],[105.622024,19.863845]]]}},{"type":"Feature","properties":{"code":"16297","name":"Xã Trung Chính","type":"Xã"},"geometry":{"type":"Polygon","coordinates":[[[105.67397,19.753814],[105.676584,19.753938],[105.676422,19.751168],[105.683362,19.745308],[105.686059,19.748134],[105.689817,19.747016],[105.689396,19.74062],[105.69443,19.739045],[105.698045,19.730962],[105.703732,19.727291],[105.706416,19.730475],[105.713108,19.731229],[105.711772,19.723028],[105.714743,19.722591],[105.713378,19.719417],[105.717232,19.718648],[105.717486,19.716298],[105.721046,19.715601],[105.722964,19.711883],[105.721598,19.707184],[105.722709,19.704418],[105.719363,19.70118],[105.71854,19.697783],[105.713869,19.696259],[105.717703,19.6942],[105.713903,19.688094],[105.713377,19.691562],[105.70731,19.693979],[105.704351,19.698687],[105.701651,19.699451],[105.698635,19.689046],[105.69754,19.688744],[105.695213,19.692686],[105.688425,19.687475],[105.684684,19.686746],[105.680916,19.692282],[105.684343,19.69252],[105.682436,19.697537],[105.685903,19.703937],[105.677733,19.708818],[105.674727,19.704614],[105.672225,19.703968],[105.668014,19.709098],[105.668516,19.701912],[105.66511,19.70252],[105.659223,19.698174],[105.651264,19.708466],[105.649659,19.704015],[105.647236,19.705084],[105.638257,19.698967],[105.630604,19.702872],[105.622078,19.710485],[105.624092,19.724952],[105.63461,19.728344],[105.640528,19.7328],[105.644281,19.738372],[105.642677,19.738771],[105.648057,19.745493],[105.649844,19.744022],[105.653164,19.746278],[105.658406,19.753891],[105.663692,19.752845],[105.668199,19.755107],[105.669296,19.75388],[105.671718,19.754544],[105.672722,19.752928],[105.673781,19.755139],[105.67397,19.753814]]]}},{"type":"Feature","properties":{"code":"15001","name":"Xã Trung Hạ","type":"Xã"},"geometry":{"type":"Polygon","coordinates":[[[105.086296,20.296461],[105.088277,20.281369],[105.085169,20.278439],[105.082725,20.271699],[105.080182,20.271839],[105.074879,20.267008],[105.060342,20.272325],[105.048216,20.284063],[105.038148,20.288798],[105.03022,20.295905],[105.028529,20.294763],[105.022219,20.287883],[105.019604,20.271095],[105.032495,20.258301],[105.03749,20.255009],[105.042038,20.254702],[105.042125,20.252985],[105.04018,20.252498],[105.041723,20.246765],[105.027127,20.243887],[105.024953,20.245092],[105.014862,20.24488],[105.00741,20.241533],[105.005563,20.25347],[105.007096,20.258506],[105.004877,20.26362],[105.006245,20.265779],[104.998985,20.271312],[105.000047,20.280476],[104.998795,20.287923],[105.005115,20.287675],[105.005594,20.29288],[104.996608,20.293627],[104.985643,20.299692],[104.981211,20.299492],[104.969986,20.306802],[104.960457,20.310887],[104.955535,20.318309],[104.953112,20.319634],[104.950984,20.327517],[104.955191,20.331137],[104.956178,20.329134],[104.967825,20.325473],[104.97537,20.335562],[104.97506,20.344044],[104.979626,20.347707],[104.987946,20.343552],[104.995855,20.335526],[105.00157,20.333927],[105.001517,20.335678],[104.998687,20.33664],[104.998423,20.339351],[105.002516,20.344067],[105.009207,20.344607],[105.01307,20.350093],[105.018995,20.350515],[105.024623,20.348709],[105.026144,20.350222],[105.034393,20.348271],[105.040451,20.343999],[105.043177,20.34401],[105.0453,20.347328],[105.050673,20.345891],[105.057312,20.350169],[105.063616,20.351984],[105.064452,20.357986],[105.071753,20.36251],[105.070143,20.36776],[105.071638,20.373793],[105.076661,20.378596],[105.083436,20.373521],[105.094278,20.374003],[105.098163,20.372372],[105.098599,20.365764],[105.104397,20.367547],[105.113309,20.358263],[105.114333,20.355136],[105.120678,20.350384],[105.121274,20.34534],[105.11964,20.338768],[105.122924,20.335999],[105.122692,20.333095],[105.124193,20.331457],[105.110897,20.316985],[105.110961,20.31445],[105.108006,20.313305],[105.103981,20.308237],[105.099609,20.306723],[105.09778,20.303886],[105.086605,20.301181],[105.08445,20.298544],[105.086296,20.296461]]]}},{"type":"Feature","properties":{"code":"14857","name":"Xã Trung Lý","type":"Xã"},"geometry":{"type":"Polygon","coordinates":[[[104.874334,20.561584],[104.869327,20.555907],[104.87214,20.551544],[104.874134,20.536668],[104.8655,20.5359],[104.86195,20.532267],[104.86512,20.527484],[104.870049,20.525112],[104.874725,20.509347],[104.866038,20.506948],[104.87053,20.496956],[104.862392,20.493155],[104.858194,20.487186],[104.85379,20.48631],[104.848772,20.480633],[104.842419,20.478481],[104.825134,20.476509],[104.789056,20.465161],[104.781188,20.46025],[104.776163,20.459237],[104.773226,20.456236],[104.772704,20.453383],[104.768367,20.45086],[104.762028,20.440756],[104.750092,20.43603],[104.745066,20.436293],[104.743047,20.431299],[104.730028,20.431642],[104.723316,20.433664],[104.716953,20.433046],[104.701699,20.420087],[104.696402,20.430199],[104.688385,20.432694],[104.68568,20.44229],[104.677686,20.445015],[104.672862,20.449692],[104.664878,20.45183],[104.662835,20.459507],[104.674091,20.464368],[104.675201,20.474438],[104.678021,20.479141],[104.669563,20.495343],[104.671091,20.497617],[104.679461,20.500074],[104.675675,20.501962],[104.671042,20.510771],[104.673869,20.518525],[104.67789,20.522381],[104.676855,20.529464],[104.67825,20.530883],[104.696585,20.526042],[104.70188,20.523097],[104.708904,20.522611],[104.750163,20.530016],[104.766622,20.537365],[104.777115,20.539738],[104.807214,20.541342],[104.814778,20.546012],[104.820687,20.547004],[104.828661,20.555212],[104.831829,20.572942],[104.830309,20.582167],[104.874334,20.561584]]]}},{"type":"Feature","properties":{"code":"14875","name":"Xã Trung Sơn","type":"Xã"},"geometry":{"type":"Polygon","coordinates":[[[104.884518,20.600486],[104.875563,20.605062],[104.8755,20.600026],[104.87748,20.597695],[104.870719,20.585095],[104.871968,20.573954],[104.878301,20.566983],[104.874334,20.561584],[104.830309,20.582167],[104.824153,20.579221],[104.817011,20.579077],[104.813599,20.576582],[104.806757,20.575619],[104.80258,20.586114],[104.801791,20.592642],[104.798369,20.59613],[104.800736,20.604489],[104.798174,20.607005],[104.796782,20.616601],[104.797296,20.619073],[104.799805,20.618596],[104.803726,20.620804],[104.804665,20.624905],[104.807324,20.625421],[104.808189,20.628842],[104.806854,20.630306],[104.809601,20.633327],[104.812963,20.631453],[104.817089,20.638344],[104.822136,20.639355],[104.827913,20.643129],[104.832139,20.643426],[104.838438,20.648175],[104.847545,20.651542],[104.853595,20.662468],[104.860628,20.660194],[104.872315,20.661264],[104.879292,20.66296],[104.886933,20.669868],[104.891496,20.67006],[104.894324,20.66413],[104.890614,20.659183],[104.890613,20.652916],[104.886469,20.647695],[104.894732,20.641681],[104.899266,20.636138],[104.899936,20.633082],[104.914852,20.623465],[104.884518,20.600486]]]}},{"type":"Feature","properties":{"code":"14872","name":"Xã Trung Thành","type":"Xã"},"geometry":{"type":"Polygon","coordinates":[[[104.875563,20.605062],[104.884518,20.600486],[104.914852,20.623465],[104.899936,20.633082],[104.899266,20.636138],[104.894732,20.641681],[104.886469,20.647695],[104.890613,20.652916],[104.890614,20.659183],[104.894324,20.66413],[104.891496,20.67006],[104.90005,20.668993],[104.905363,20.66489],[104.918574,20.659152],[104.921237,20.654723],[104.926375,20.652544],[104.927757,20.649265],[104.932307,20.646892],[104.945977,20.643585],[104.954512,20.632276],[104.959984,20.62854],[104.960445,20.615282],[104.96344,20.608167],[104.962205,20.606493],[104.964867,20.599022],[104.969357,20.595442],[104.961764,20.594903],[104.96229,20.583206],[104.958656,20.577444],[104.958001,20.570165],[104.961042,20.562606],[104.961211,20.556737],[104.956175,20.550572],[104.957044,20.542033],[104.946244,20.523779],[104.946904,20.518976],[104.944782,20.513611],[104.939695,20.508779],[104.936314,20.508401],[104.933518,20.504068],[104.926368,20.500061],[104.918928,20.50169],[104.910059,20.499247],[104.89222,20.499025],[104.888821,20.494765],[104.884751,20.492995],[104.879653,20.496085],[104.875149,20.494805],[104.87053,20.496956],[104.866727,20.503983],[104.866038,20.506948],[104.874725,20.509347],[104.870049,20.525112],[104.86512,20.527484],[104.861946,20.532757],[104.8655,20.5359],[104.874134,20.536668],[104.87214,20.551544],[104.869311,20.556849],[104.878301,20.566983],[104.871968,20.573954],[104.870685,20.584845],[104.87748,20.597695],[104.8755,20.600026],[104.875563,20.605062]]]}},{"type":"Feature","properties":{"code":"16636","name":"Xã Trường Lâm","type":"Xã"},"geometry":{"type":"Polygon","coordinates":[[[105.666761,19.399437],[105.670639,19.396798],[105.673967,19.397816],[105.678908,19.396386],[105.685996,19.389519],[105.685898,19.387028],[105.692945,19.380978],[105.698954,19.379845],[105.701381,19.381902],[105.70921,19.380929],[105.708362,19.374017],[105.706862,19.37312],[105.703788,19.37476],[105.701035,19.373275],[105.699976,19.370921],[105.702575,19.367777],[105.703697,19.368988],[105.705433,19.367282],[105.706903,19.3682],[105.706728,19.365616],[105.718195,19.36443],[105.717735,19.361118],[105.719428,19.359897],[105.723848,19.36255],[105.728093,19.361923],[105.730865,19.359627],[105.726796,19.35743],[105.726337,19.3593],[105.723831,19.35837],[105.727396,19.351373],[105.728072,19.338509],[105.729878,19.336565],[105.735851,19.336073],[105.737419,19.328301],[105.741662,19.323476],[105.737474,19.319082],[105.734031,19.319129],[105.729224,19.313697],[105.724551,19.313645],[105.725196,19.311993],[105.719942,19.307283],[105.71663,19.30652],[105.714944,19.303124],[105.711289,19.302261],[105.708532,19.3051],[105.706825,19.303099],[105.700852,19.304772],[105.69435,19.304379],[105.692049,19.300509],[105.68775,19.300824],[105.683882,19.304656],[105.684395,19.306407],[105.682272,19.307376],[105.680951,19.311333],[105.675587,19.316169],[105.677143,19.318621],[105.676671,19.322794],[105.66448,19.314177],[105.663447,19.319274],[105.667797,19.340324],[105.660811,19.343682],[105.659154,19.341705],[105.655405,19.342872],[105.653108,19.353157],[105.648654,19.3536],[105.645457,19.351914],[105.642697,19.35332],[105.64297,19.35705],[105.640009,19.360053],[105.639287,19.366253],[105.637679,19.367439],[105.63299,19.365683],[105.629734,19.371687],[105.629294,19.372897],[105.636714,19.381729],[105.64624,19.387667],[105.657633,19.398498],[105.666761,19.399437]]]}},{"type":"Feature","properties":{"code":"16348","name":"Xã Trường Văn","type":"Xã"},"geometry":{"type":"Polygon","coordinates":[[[105.722828,19.643961],[105.723163,19.64196],[105.719347,19.639661],[105.719848,19.636248],[105.721495,19.63466],[105.724708,19.636182],[105.726706,19.634884],[105.729045,19.62933],[105.733581,19.631306],[105.737813,19.629868],[105.736298,19.636144],[105.740781,19.642088],[105.74268,19.640622],[105.742286,19.634479],[105.748286,19.631265],[105.756284,19.633102],[105.758906,19.635255],[105.763744,19.632434],[105.767373,19.636255],[105.769635,19.63539],[105.772575,19.624343],[105.770405,19.62181],[105.76666,19.620686],[105.763428,19.626125],[105.759971,19.624801],[105.760835,19.621029],[105.766656,19.616113],[105.762593,19.613686],[105.76317,19.606967],[105.758516,19.605505],[105.755526,19.596129],[105.749593,19.596547],[105.745569,19.600111],[105.742622,19.595786],[105.738403,19.595679],[105.737531,19.599506],[105.730575,19.60367],[105.72552,19.601742],[105.722885,19.598612],[105.715942,19.597088],[105.711048,19.59911],[105.704365,19.596152],[105.702975,19.597837],[105.698601,19.597202],[105.698822,19.603702],[105.692378,19.603449],[105.693076,19.606775],[105.688345,19.610866],[105.690173,19.613439],[105.686494,19.61692],[105.686654,19.61997],[105.696688,19.626555],[105.701243,19.623496],[105.706486,19.626519],[105.70953,19.623096],[105.71228,19.623598],[105.71642,19.627975],[105.70967,19.630794],[105.709175,19.635301],[105.711857,19.636744],[105.714012,19.632851],[105.717287,19.632976],[105.718399,19.634866],[105.715343,19.638044],[105.715104,19.642321],[105.722828,19.643961]]]}},{"type":"Feature","properties":{"code":"15715","name":"Xã Tân Ninh","type":"Xã"},"geometry":{"type":"Polygon","coordinates":[[[105.620868,19.80043],[105.621772,19.793462],[105.615479,19.790882],[105.617671,19.784328],[105.621928,19.784929],[105.622499,19.781732],[105.627275,19.780785],[105.62936,19.77829],[105.638232,19.780938],[105.637146,19.776725],[105.640378,19.777411],[105.640812,19.778946],[105.644959,19.768087],[105.641353,19.766143],[105.641937,19.763975],[105.639639,19.763154],[105.640408,19.761125],[105.646987,19.76122],[105.648977,19.757439],[105.65416,19.757043],[105.658439,19.754304],[105.653164,19.746278],[105.649844,19.744022],[105.648057,19.745493],[105.644767,19.742108],[105.642677,19.738771],[105.644281,19.738372],[105.640528,19.7328],[105.63461,19.728344],[105.624092,19.724952],[105.621671,19.712146],[105.61327,19.712919],[105.596168,19.718777],[105.589372,19.724698],[105.588555,19.731361],[105.580611,19.731892],[105.576338,19.735896],[105.570634,19.737335],[105.563681,19.748582],[105.565942,19.758274],[105.582548,19.765447],[105.577828,19.772803],[105.578331,19.777387],[105.582392,19.778093],[105.581516,19.78215],[105.583155,19.783173],[105.58269,19.786901],[105.595836,19.791027],[105.597788,19.788372],[105.602678,19.788562],[105.600252,19.792628],[105.620868,19.80043]]]}},{"type":"Feature","properties":{"code":"15661","name":"Xã Tân Thành","type":"Xã"},"geometry":{"type":"Polygon","coordinates":[[[105.316692,19.846397],[105.320932,19.842898],[105.326284,19.842842],[105.327536,19.836111],[105.3298,19.833648],[105.336378,19.837779],[105.342037,19.839167],[105.344017,19.837658],[105.345402,19.840585],[105.347959,19.837814],[105.348985,19.833567],[105.352708,19.830788],[105.354917,19.825283],[105.374498,19.817963],[105.381264,19.809495],[105.377267,19.807208],[105.381324,19.801341],[105.381078,19.79811],[105.383073,19.799961],[105.390104,19.796653],[105.394747,19.797431],[105.396216,19.792524],[105.394333,19.789344],[105.396645,19.785039],[105.398481,19.784195],[105.399201,19.785717],[105.406978,19.787937],[105.410258,19.787235],[105.411324,19.789155],[105.418753,19.784724],[105.420927,19.779702],[105.418436,19.776271],[105.424836,19.768808],[105.426141,19.764277],[105.428267,19.761455],[105.437136,19.757634],[105.4374,19.75588],[105.43949,19.755566],[105.44174642120345,19.752833832855774],[105.438086,19.75517],[105.435243,19.754039],[105.431927,19.754893],[105.425439,19.747948],[105.420891,19.749653],[105.413668,19.747832],[105.400831,19.7349],[105.39828,19.726542],[105.392756,19.724077],[105.388413,19.725569],[105.384304,19.724278],[105.380259,19.728804],[105.375777,19.728681],[105.370681,19.725147],[105.369818,19.728571],[105.359292,19.741913],[105.348497,19.743533],[105.341139,19.746638],[105.336617,19.756095],[105.337455,19.764845],[105.331564,19.771906],[105.331217,19.778252],[105.327194,19.782301],[105.323653,19.783536],[105.324106,19.787166],[105.319139,19.793347],[105.319568,19.797984],[105.313156,19.808196],[105.313963,19.810757],[105.310715,19.813268],[105.307151,19.820283],[105.303342,19.822539],[105.308865,19.827895],[105.307656,19.833137],[105.304308,19.837373],[105.310306,19.839696],[105.311651,19.845238],[105.316692,19.846397]]]}},{"type":"Feature","properties":{"code":"16108","name":"Xã Tân Tiến","type":"Xã"},"geometry":{"type":"Polygon","coordinates":[[[106.060427,20.016595],[106.051375,20.003433],[106.046312,20.001036],[106.035448,20.000539],[106.029376,19.996151],[106.025563,19.989561],[106.024015,19.98262],[106.024647,19.960023],[106.014761,19.954374],[106.011461,19.954681],[106.010175,19.966893],[106.011635,19.967353],[106.009734,19.968812],[106.005331,19.968575],[106.001548,19.971944],[106.002948,19.973565],[105.998128,19.9774],[105.991207,19.97975],[105.994892,19.9875],[105.997293,19.989912],[105.998736,19.988936],[105.999787,19.992484],[106.007352,19.999388],[106.008307,19.998336],[106.018645,20.006895],[106.030597,20.012465],[106.024049,20.02235],[106.03491,20.028985],[106.035743,20.027753],[106.05216,20.03419],[106.059327,20.021417],[106.057899,20.020417],[106.060427,20.016595]]]}},{"type":"Feature","properties":{"code":"15361","name":"Xã Tây Đô","type":"Xã"},"geometry":{"type":"Polygon","coordinates":[[[105.629652,20.098276],[105.628901,20.100204],[105.631043,20.099563],[105.629664,20.101848],[105.632128,20.101939],[105.634467,20.093364],[105.636367,20.094466],[105.639481,20.090745],[105.644868,20.090314],[105.639927,20.086571],[105.635347,20.089825],[105.633062,20.089767],[105.638655,20.082358],[105.63245,20.078914],[105.631176,20.073864],[105.629619,20.075228],[105.625077,20.073979],[105.622003,20.070292],[105.619368,20.070162],[105.617452,20.072079],[105.615984,20.071136],[105.617237,20.069233],[105.614457,20.065421],[105.611902,20.064489],[105.614711,20.061024],[105.612249,20.059604],[105.609932,20.062111],[105.605848,20.062853],[105.604174,20.060611],[105.601251,20.063486],[105.593356,20.066182],[105.579591,20.065662],[105.570279,20.067862],[105.566928,20.07159],[105.564444,20.077957],[105.558402,20.084021],[105.554059,20.092661],[105.557241,20.099173],[105.560885,20.102206],[105.567205,20.103047],[105.568884,20.104948],[105.570777,20.102854],[105.576025,20.108976],[105.581365,20.109014],[105.595043,20.124312],[105.602153,20.117726],[105.607339,20.107641],[105.612423,20.10519],[105.614965,20.10148],[105.618034,20.102031],[105.62364,20.099275],[105.624089,20.095991],[105.625477,20.097534],[105.62674,20.096992],[105.625422,20.095642],[105.62744,20.095312],[105.628494,20.09617],[105.627088,20.09712],[105.629652,20.098276]]]}},{"type":"Feature","properties":{"code":"16363","name":"Xã Tượng Lĩnh","type":"Xã"},"geometry":{"type":"Polygon","coordinates":[[[105.735247,19.570635],[105.729093,19.571166],[105.722856,19.569168],[105.725415,19.562811],[105.72479,19.560612],[105.728205,19.559823],[105.726362,19.555176],[105.723392,19.555202],[105.721943,19.559336],[105.71853,19.55831],[105.718153,19.552675],[105.722348,19.550762],[105.727235,19.545774],[105.725068,19.543546],[105.723593,19.546383],[105.721774,19.546142],[105.724503,19.536809],[105.722055,19.537726],[105.720867,19.534573],[105.717587,19.532577],[105.715401,19.534098],[105.713015,19.530424],[105.712814,19.534897],[105.708307,19.53041],[105.708409,19.527494],[105.706287,19.53139],[105.703264,19.532267],[105.702545,19.529424],[105.692359,19.52567],[105.690938,19.527096],[105.690923,19.524765],[105.687789,19.525652],[105.686623,19.531495],[105.690402,19.536489],[105.68303,19.541252],[105.677663,19.547033],[105.679114,19.551115],[105.6819,19.553109],[105.681363,19.556847],[105.686544,19.560306],[105.684488,19.565054],[105.687638,19.569857],[105.687604,19.576116],[105.692795,19.578368],[105.693923,19.582309],[105.702065,19.576323],[105.702511,19.58101],[105.705999,19.58418],[105.704365,19.596152],[105.711048,19.59911],[105.715942,19.597088],[105.722885,19.598612],[105.72552,19.601742],[105.730575,19.60367],[105.737531,19.599506],[105.738403,19.595679],[105.742622,19.595786],[105.745569,19.600111],[105.747184,19.598811],[105.749593,19.596547],[105.748764,19.590471],[105.745925,19.586298],[105.741659,19.584236],[105.743185,19.581905],[105.746162,19.582152],[105.746212,19.580574],[105.742362,19.577087],[105.735392,19.576814],[105.735247,19.570635]]]}},{"type":"Feature","properties":{"code":"15316","name":"Xã Tống Sơn","type":"Xã"},"geometry":{"type":"Polygon","coordinates":[[[105.742819,20.000292],[105.751203,20.006393],[105.752375,20.004313],[105.756394,20.008136],[105.758942,20.007708],[105.762067,20.013241],[105.761428,20.02069],[105.763727,20.020502],[105.75939,20.032351],[105.761251,20.035961],[105.765086,20.036584],[105.761454,20.048912],[105.765276,20.052403],[105.750895,20.063163],[105.759059,20.071664],[105.762538,20.078732],[105.76601,20.078957],[105.769544,20.076402],[105.775523,20.075175],[105.777581,20.078182],[105.778673,20.076413],[105.782402,20.076819],[105.780886,20.071103],[105.777153,20.070281],[105.777632,20.065444],[105.782385,20.06322],[105.785894,20.064031],[105.807725,20.056332],[105.809576,20.052136],[105.812554,20.051057],[105.813372,20.048847],[105.821915,20.046978],[105.820952,20.045788],[105.822401,20.043706],[105.818365,20.039608],[105.818799,20.038201],[105.820063,20.037213],[105.825105,20.040339],[105.825855,20.038294],[105.831951,20.037053],[105.825641,20.025783],[105.820179,20.020273],[105.823061,20.019979],[105.829222,20.014296],[105.832246,20.009282],[105.831335,20.004517],[105.820008,20.006315],[105.816231,20.004898],[105.810032,20.005461],[105.802259,20.008626],[105.799528,20.001978],[105.792428,19.998958],[105.7967,19.9915],[105.793729,19.990853],[105.792711,19.983452],[105.802581,19.980586],[105.80437,19.974039],[105.814883,19.973629],[105.813433,19.968575],[105.816421,19.967097],[105.812683,19.965968],[105.814093,19.960497],[105.811736,19.957667],[105.789122,19.953714],[105.781483,19.954371],[105.773101,19.961294],[105.76908,19.961359],[105.761982,19.95701],[105.760469,19.957875],[105.761271,19.963948],[105.758948,19.963679],[105.760676,19.965289],[105.762843,19.964715],[105.7638,19.966783],[105.760772,19.969241],[105.765719,19.97033],[105.759542,19.976327],[105.760426,19.981464],[105.757173,19.981846],[105.749167,19.987306],[105.74943,19.993536],[105.746995,19.9975],[105.744568,19.99775],[105.744813,19.999395],[105.742819,20.000292]]]}},{"type":"Feature","properties":{"code":"15190","name":"Xã Vân Du","type":"Xã"},"geometry":{"type":"Polygon","coordinates":[[[105.688736,20.223886],[105.700846,20.218081],[105.714303,20.208305],[105.723064,20.205262],[105.726858,20.200843],[105.730835,20.199335],[105.732439,20.195202],[105.737909,20.194141],[105.74235,20.187264],[105.739761,20.185223],[105.758407,20.178686],[105.762034,20.178905],[105.771003,20.175855],[105.773793,20.176968],[105.776984,20.172294],[105.781962,20.172908],[105.786771,20.17044],[105.793819,20.170652],[105.795511,20.166941],[105.798394,20.166513],[105.801615,20.162533],[105.805495,20.16213],[105.808445,20.1579],[105.815725,20.155649],[105.813417,20.151384],[105.811884,20.149426],[105.799739,20.150272],[105.797206,20.144971],[105.7939,20.146917],[105.792916,20.145816],[105.791178,20.14016],[105.783418,20.142174],[105.781006,20.139645],[105.778949,20.141005],[105.774171,20.139843],[105.770111,20.141652],[105.761647,20.14222],[105.755184,20.140531],[105.750966,20.134846],[105.744162,20.133807],[105.743429,20.130103],[105.734337,20.130513],[105.722892,20.127641],[105.70604,20.130165],[105.704411,20.133641],[105.705851,20.135695],[105.704421,20.137858],[105.705328,20.141889],[105.695794,20.147264],[105.689363,20.144895],[105.690636,20.143654],[105.688673,20.141932],[105.686345,20.143835],[105.68473,20.140973],[105.670763,20.15653],[105.66731,20.15798],[105.676514,20.16511],[105.670358,20.172684],[105.670546,20.177953],[105.664654,20.178702],[105.664837,20.180363],[105.66674,20.179678],[105.665342,20.181723],[105.666322,20.180799],[105.667391,20.181484],[105.666239,20.181339],[105.666559,20.184571],[105.661665,20.189904],[105.658545,20.189039],[105.654739,20.191281],[105.654458,20.193804],[105.651477,20.192622],[105.649918,20.194439],[105.652977,20.198456],[105.661499,20.200333],[105.663147,20.19896],[105.669498,20.211545],[105.681844,20.221287],[105.688736,20.223886]]]}},{"type":"Feature","properties":{"code":"14974","name":"Xã Văn Nho","type":"Xã"},"geometry":{"type":"Polygon","coordinates":[[[105.086296,20.296461],[105.08445,20.298544],[105.086605,20.301181],[105.09778,20.303886],[105.111515,20.315443],[105.115592,20.314493],[105.12027,20.308258],[105.13013,20.305452],[105.13877,20.297948],[105.144982,20.296073],[105.152149,20.291027],[105.154672,20.287371],[105.157345,20.289159],[105.158925,20.286509],[105.16236,20.289042],[105.166395,20.288726],[105.167735,20.284254],[105.165406,20.283311],[105.169321,20.276282],[105.165175,20.271895],[105.168502,20.267839],[105.166477,20.262445],[105.168717,20.257245],[105.177588,20.247552],[105.161287,20.238976],[105.161911,20.23184],[105.159377,20.225185],[105.159785,20.217565],[105.157328,20.214331],[105.145291,20.218592],[105.135167,20.225335],[105.116329,20.226778],[105.110571,20.229075],[105.106647,20.243516],[105.092387,20.248736],[105.088257,20.25184],[105.086611,20.259182],[105.088029,20.265885],[105.082725,20.271699],[105.085169,20.278439],[105.088277,20.281369],[105.086296,20.296461]]]}},{"type":"Feature","properties":{"code":"15049","name":"Xã Văn Phú","type":"Xã"},"geometry":{"type":"Polygon","coordinates":[[[105.106457,20.243701],[105.108239,20.241418],[105.109839,20.229555],[105.116329,20.226778],[105.135167,20.225335],[105.145291,20.218592],[105.157328,20.214331],[105.166552,20.203573],[105.191295,20.187409],[105.191478,20.178332],[105.188223,20.17302],[105.182616,20.167825],[105.180054,20.167379],[105.180005,20.161593],[105.174031,20.158787],[105.170404,20.158982],[105.165372,20.151943],[105.15396,20.150438],[105.151081,20.153707],[105.155371,20.16043],[105.155096,20.162326],[105.150525,20.165877],[105.148417,20.176953],[105.145564,20.182],[105.136684,20.187598],[105.126729,20.18542],[105.118011,20.191098],[105.114884,20.189192],[105.096356,20.192407],[105.093649,20.194523],[105.092154,20.198569],[105.09433,20.20412],[105.100568,20.211301],[105.101332,20.220558],[105.093918,20.218022],[105.08726,20.211823],[105.084141,20.213302],[105.080147,20.211294],[105.071972,20.216026],[105.064668,20.215013],[105.060743,20.216209],[105.052976,20.214104],[105.047576,20.210801],[105.046865,20.207522],[105.040326,20.206947],[105.024167,20.199855],[105.013113,20.200545],[105.011659,20.203345],[105.00902,20.211518],[105.00915,20.220135],[105.007094,20.223173],[105.010387,20.230884],[105.007519,20.241702],[105.014862,20.24488],[105.024953,20.245092],[105.027127,20.243887],[105.041723,20.246765],[105.04018,20.252498],[105.042125,20.252985],[105.042038,20.254702],[105.03749,20.255009],[105.032495,20.258301],[105.019604,20.271095],[105.022219,20.287883],[105.03022,20.295905],[105.038148,20.288798],[105.048216,20.284063],[105.06097,20.271995],[105.074879,20.267008],[105.080182,20.271839],[105.083074,20.271528],[105.088029,20.265885],[105.086611,20.259182],[105.088257,20.25184],[105.092387,20.248736],[105.106457,20.243701]]]}},{"type":"Feature","properties":{"code":"15349","name":"Xã Vĩnh Lộc","type":"Xã"},"geometry":{"type":"Polygon","coordinates":[[[105.649118,20.098085],[105.648986,20.096366],[105.647415,20.096098],[105.648907,20.094615],[105.652047,20.098058],[105.655051,20.096948],[105.656268,20.101025],[105.661003,20.100997],[105.664181,20.103951],[105.671717,20.094578],[105.675421,20.094213],[105.675613,20.091745],[105.673035,20.0905],[105.673519,20.087375],[105.678818,20.080844],[105.682171,20.068703],[105.677757,20.063368],[105.67444,20.064506],[105.672501,20.063212],[105.67304,20.061381],[105.665992,20.052864],[105.665322,20.043013],[105.667095,20.038433],[105.664778,20.033859],[105.660897,20.031399],[105.663394,20.027739],[105.66116,20.02494],[105.663491,20.024542],[105.664684,20.018668],[105.670155,20.016952],[105.669104,20.013112],[105.656215,20.014052],[105.647233,20.009748],[105.646413,20.006804],[105.643278,20.006253],[105.636963,20.016465],[105.624929,20.015854],[105.612871,20.022438],[105.595273,20.024079],[105.588723,20.026349],[105.586783,20.02984],[105.588335,20.035915],[105.586916,20.048613],[105.592651,20.050373],[105.611034,20.044558],[105.613107,20.048119],[105.613045,20.051877],[105.604174,20.060611],[105.605205,20.062724],[105.609932,20.062111],[105.612249,20.059604],[105.614711,20.061024],[105.611902,20.064489],[105.614457,20.065421],[105.617237,20.069233],[105.615984,20.071136],[105.617452,20.072079],[105.619368,20.070162],[105.622003,20.070292],[105.625077,20.073979],[105.629619,20.075228],[105.631176,20.073864],[105.63245,20.078914],[105.638927,20.083006],[105.633026,20.089729],[105.635347,20.089825],[105.639992,20.086575],[105.644922,20.090471],[105.639481,20.090745],[105.636367,20.094466],[105.643828,20.097649],[105.643016,20.099109],[105.644692,20.100186],[105.646417,20.097666],[105.649118,20.098085]]]}},{"type":"Feature","properties":{"code":"16078","name":"Xã Vạn Lộc","type":"Xã"},"geometry":{"type":"MultiPolygon","coordinates":[[[[106.005813,19.912065],[106.005309,19.912331],[106.008049,19.913941],[106.011533,19.913156],[106.011272,19.911938],[106.005813,19.912065]]],[[[106.003034,19.959696],[106.001483,19.954253],[106.002859,19.944324],[105.998526,19.940371],[105.989879,19.941892],[105.971389,19.934496],[105.968646,19.935087],[105.958535,19.926498],[105.953214,19.919169],[105.95019,19.908965],[105.951477,19.908195],[105.950786,19.890277],[105.948723,19.887839],[105.939687,19.888308],[105.940053,19.891207],[105.936869,19.898188],[105.93938,19.899756],[105.939606,19.908647],[105.937754,19.908997],[105.936104,19.912398],[105.933752,19.925898],[105.936688,19.928049],[105.935797,19.93049],[105.938443,19.937026],[105.945113,19.942542],[105.943361,19.950393],[105.948658,19.952517],[105.959216,19.9506],[105.967274,19.962783],[105.982108,19.961267],[105.98777,19.967668],[105.995182,19.970603],[105.99979,19.970179],[106.003074,19.967675],[106.004187,19.95966],[106.003034,19.959696]]]]}},{"type":"Feature","properties":{"code":"15622","name":"Xã Vạn Xuân","type":"Xã"},"geometry":{"type":"Polygon","coordinates":[[[105.283914,19.872056],[105.291303,19.860636],[105.296885,19.861322],[105.307014,19.854144],[105.305473,19.851011],[105.31181,19.844183],[105.310306,19.839696],[105.304308,19.837373],[105.307656,19.833137],[105.308758,19.827589],[105.303342,19.822539],[105.295617,19.823702],[105.289385,19.827374],[105.2852,19.826495],[105.28006,19.828356],[105.275078,19.828085],[105.273258,19.82505],[105.274577,19.819058],[105.271135,19.816393],[105.271462,19.811371],[105.269654,19.807982],[105.268886,19.801659],[105.270528,19.79748],[105.268348,19.798923],[105.267229,19.803539],[105.263924,19.806208],[105.259924,19.804896],[105.252577,19.807222],[105.249742,19.803191],[105.247591,19.803387],[105.243685,19.800344],[105.243906,19.810267],[105.234437,19.818186],[105.229122,19.817592],[105.222967,19.822768],[105.216921,19.819724],[105.211868,19.82311],[105.205141,19.821945],[105.204107,19.824838],[105.205231,19.827501],[105.197512,19.83451],[105.198683,19.8451],[105.196637,19.850644],[105.194203,19.855913],[105.187952,19.862517],[105.188093,19.867599],[105.182348,19.874056],[105.183096,19.87874],[105.178855,19.879917],[105.178004,19.881983],[105.176036,19.893718],[105.177318,19.895317],[105.171693,19.898471],[105.170047,19.901095],[105.168084,19.915867],[105.16586,19.918987],[105.155366,19.923359],[105.152442,19.921255],[105.149315,19.922672],[105.157087,19.9303],[105.168142,19.927115],[105.168149,19.934098],[105.17697,19.940267],[105.180364,19.94074],[105.18822,19.938451],[105.192393,19.939924],[105.198118,19.947266],[105.199987,19.953449],[105.20715,19.945139],[105.215762,19.945678],[105.229743,19.936264],[105.232878,19.929863],[105.233382,19.922518],[105.235103,19.919525],[105.245659,19.918624],[105.263861,19.911841],[105.277353,19.895039],[105.277094,19.891086],[105.27281,19.886958],[105.273205,19.884583],[105.279893,19.881226],[105.280219,19.874218],[105.283914,19.872056]]]}},{"type":"Feature","properties":{"code":"16177","name":"Xã Xuân Bình","type":"Xã"},"geometry":{"type":"Polygon","coordinates":[[[105.431381,19.533785],[105.440021,19.534435],[105.444345,19.540287],[105.45039126474283,19.541019444165638],[105.450684,19.537453],[105.455282,19.535676],[105.455268,19.533251],[105.45242,19.530698],[105.454102,19.529326],[105.450503,19.522722],[105.451566,19.520603],[105.448805,19.518598],[105.44858,19.51653],[105.450799,19.510788],[105.455801,19.509245],[105.458588,19.5039],[105.468667,19.504931],[105.471637,19.508021],[105.478132,19.508075],[105.48022,19.504298],[105.486162,19.502881],[105.497739,19.494091],[105.502723,19.492752],[105.506978,19.485911],[105.506951,19.482479],[105.50532,19.481218],[105.509506,19.474731],[105.508702,19.470009],[105.512963,19.463573],[105.509383,19.461861],[105.505733,19.463721],[105.504522,19.462463],[105.500029,19.462673],[105.492837,19.4565],[105.492277,19.451726],[105.485973,19.450655],[105.482392,19.447914],[105.472059,19.452692],[105.468197,19.457211],[105.463446,19.455003],[105.453435,19.444229],[105.445536,19.440921],[105.435538,19.452425],[105.435016,19.455381],[105.431766,19.453735],[105.428625,19.456535],[105.418951,19.455905],[105.41754,19.459171],[105.409604,19.457413],[105.403697,19.449779],[105.402152,19.449812],[105.389629,19.456129],[105.388679,19.462634],[105.391433,19.466919],[105.383688,19.477117],[105.381869,19.482358],[105.383203,19.484503],[105.380901,19.48696],[105.377806,19.486872],[105.373627,19.492922],[105.366405,19.499212],[105.371314,19.503155],[105.368537,19.508314],[105.371378,19.510096],[105.371407,19.514663],[105.369231,19.519652],[105.365246,19.524873],[105.362391,19.525357],[105.359194,19.530991],[105.355758,19.532475],[105.355451,19.536565],[105.351355,19.538835],[105.341346,19.53817],[105.339659,19.530938],[105.335495,19.532183],[105.334948,19.533804],[105.33127,19.52679],[105.332944,19.526503],[105.332712,19.523854],[105.331112,19.522292],[105.328776,19.523117],[105.328862,19.52073],[105.326055,19.51908],[105.326596,19.517557],[105.324349,19.515077],[105.325625,19.512387],[105.323037,19.511571],[105.324954,19.50965],[105.322419,19.5078],[105.320507,19.508336],[105.32047,19.506004],[105.315953,19.505683],[105.313682,19.50355],[105.313294,19.500356],[105.308786,19.498573],[105.31065,19.494609],[105.307867,19.488761],[105.302065,19.488382],[105.300819,19.484306],[105.297475,19.485671],[105.29885,19.480811],[105.295163,19.480086],[105.295596,19.475856],[105.293579,19.475379],[105.293601,19.480332],[105.291741,19.480339],[105.290545,19.482424],[105.291175,19.485728],[105.289176,19.491587],[105.281892,19.493724],[105.276826,19.492809],[105.279938,19.503233],[105.278183,19.505676],[105.273922,19.506874],[105.274264,19.509453],[105.283385,19.512815],[105.295723,19.510997],[105.300794,19.512547],[105.304434,19.514664],[105.306031,19.51858],[105.303986,19.522612],[105.306894,19.526489],[105.308872,19.536963],[105.313828,19.538059],[105.319929,19.53606],[105.322743,19.537954],[105.321789,19.543535],[105.324775,19.54638],[105.329969,19.545319],[105.342876,19.548885],[105.342396,19.573252],[105.350251,19.577716],[105.352109,19.585763],[105.354992,19.588822],[105.361908,19.589234],[105.36301,19.587173],[105.36464,19.589057],[105.366022,19.587304],[105.367299,19.591098],[105.370293,19.589777],[105.377247,19.594756],[105.378964,19.593188],[105.377908,19.59098],[105.382286,19.589117],[105.383822,19.590044],[105.382669,19.591063],[105.384705,19.590791],[105.384448,19.588119],[105.389939,19.592195],[105.394392,19.6001],[105.399371,19.602274],[105.402782,19.598336],[105.406334,19.598158],[105.409402,19.604058],[105.412707,19.604929],[105.412734,19.607023],[105.419584,19.61256],[105.427016,19.612495],[105.430085,19.613841],[105.431062,19.617409],[105.435051,19.618405],[105.436627,19.615674],[105.431829,19.611144],[105.433504,19.610907],[105.435475,19.607135],[105.433606,19.604032],[105.430247,19.602624],[105.426825,19.595977],[105.421286,19.595638],[105.416672,19.592597],[105.417996,19.590431],[105.415507,19.585528],[105.411347,19.583886],[105.421823,19.574682],[105.423876,19.557578],[105.427252,19.556213],[105.430111,19.551173],[105.43216,19.537982],[105.431381,19.533785]]]}},{"type":"Feature","properties":{"code":"15658","name":"Xã Xuân Chinh","type":"Xã"},"geometry":{"type":"Polygon","coordinates":[[[105.194203,19.855913],[105.198683,19.8451],[105.197512,19.83451],[105.205231,19.827501],[105.204107,19.824838],[105.205141,19.821945],[105.211868,19.82311],[105.216921,19.819724],[105.222967,19.822768],[105.229122,19.817592],[105.234437,19.818186],[105.243906,19.810267],[105.243685,19.800344],[105.247591,19.803387],[105.249742,19.803191],[105.252577,19.807222],[105.259924,19.804896],[105.264132,19.806184],[105.267108,19.803692],[105.266918,19.80167],[105.271158,19.795687],[105.269603,19.790122],[105.271171,19.788337],[105.263119,19.781548],[105.263008,19.769914],[105.272864,19.766213],[105.275586,19.756383],[105.279322,19.753595],[105.280194,19.75078],[105.28541,19.750004],[105.290163,19.746607],[105.288329,19.737614],[105.289978,19.734122],[105.285649,19.7346],[105.279148,19.739005],[105.271718,19.737877],[105.265671,19.741946],[105.26118,19.741282],[105.258864,19.743962],[105.252352,19.746575],[105.25216,19.741207],[105.245663,19.737683],[105.24407,19.733305],[105.239946,19.733292],[105.245777,19.722854],[105.237705,19.719279],[105.223439,19.720136],[105.213482,19.711738],[105.205247,19.7148],[105.192653,19.713821],[105.184659,19.71867],[105.16717,19.722749],[105.162441,19.722332],[105.158503,19.724222],[105.155329,19.723292],[105.149725,19.728019],[105.148747,19.731438],[105.135162,19.740645],[105.133108,19.74376],[105.136172,19.747804],[105.135201,19.754026],[105.136366,19.756527],[105.132395,19.760187],[105.137589,19.765643],[105.134614,19.770654],[105.135079,19.774105],[105.130221,19.778235],[105.132341,19.786136],[105.127533,19.80136],[105.132295,19.807949],[105.129558,19.816967],[105.129973,19.820009],[105.132891,19.821117],[105.131227,19.827111],[105.141186,19.83075],[105.14548,19.835538],[105.144994,19.841863],[105.148762,19.855231],[105.158635,19.855221],[105.161225,19.853509],[105.163763,19.855227],[105.17164,19.854698],[105.175243,19.856073],[105.179736,19.854236],[105.185461,19.858342],[105.187952,19.862517],[105.194203,19.855913]]]}},{"type":"Feature","properties":{"code":"16234","name":"Xã Xuân Du","type":"Xã"},"geometry":{"type":"Polygon","coordinates":[[[105.4565,19.75318],[105.455003,19.75686],[105.451712,19.75859],[105.448635,19.772243],[105.447344,19.786394],[105.448378,19.791283],[105.457426,19.78627],[105.460025,19.794115],[105.467965,19.793386],[105.474188,19.799725],[105.480743,19.798904],[105.481874,19.79706],[105.490663,19.794741],[105.496406,19.795835],[105.504018,19.794094],[105.510383,19.79779],[105.513054,19.797385],[105.520929,19.80101],[105.524553,19.805592],[105.525245,19.801496],[105.522465,19.798072],[105.521672,19.792601],[105.523705,19.790396],[105.522285,19.787432],[105.518642,19.785722],[105.510889,19.786642],[105.508022,19.783287],[105.511241,19.776881],[105.520932,19.775399],[105.522972,19.771246],[105.518173,19.754851],[105.519131,19.753114],[105.529781,19.755147],[105.539572,19.759782],[105.540852,19.764318],[105.539351,19.76769],[105.540851,19.771434],[105.544892,19.776613],[105.551853,19.779085],[105.552206,19.78309],[105.558208,19.793983],[105.579089,19.790594],[105.580986,19.789595],[105.583034,19.783965],[105.581516,19.78215],[105.582392,19.778093],[105.578331,19.777387],[105.577828,19.772803],[105.582239,19.764892],[105.566155,19.758439],[105.563826,19.751108],[105.564476,19.745639],[105.566806,19.74471],[105.570634,19.737335],[105.574162,19.735989],[105.572311,19.734114],[105.573382,19.724745],[105.568261,19.722925],[105.566911,19.71805],[105.562978,19.714188],[105.56402,19.706643],[105.551457,19.700752],[105.535421,19.707945],[105.533327,19.7107],[105.53083,19.710827],[105.528748,19.707719],[105.519331,19.709522],[105.508125,19.714482],[105.502868,19.710935],[105.496306,19.715298],[105.497508,19.721995],[105.494939,19.732002],[105.485926,19.732045],[105.481941,19.736487],[105.474022,19.736615],[105.468136,19.73895],[105.465961,19.748903],[105.4565,19.75318]]]}},{"type":"Feature","properties":{"code":"15520","name":"Xã Xuân Hòa","type":"Xã"},"geometry":{"type":"Polygon","coordinates":[[[105.50749,19.956702],[105.510018,19.950421],[105.514734,19.946632],[105.51467,19.943359],[105.512137,19.944401],[105.511123,19.940859],[105.508855,19.941046],[105.505578,19.935107],[105.503794,19.936218],[105.500934,19.933514],[105.495668,19.933303],[105.494613,19.930526],[105.496178,19.928594],[105.493104,19.929498],[105.491025,19.927039],[105.49115,19.929883],[105.489229,19.928989],[105.488583,19.924513],[105.48604,19.920923],[105.487699,19.919159],[105.486999,19.91737],[105.484724,19.917014],[105.490075,19.914363],[105.488197,19.907463],[105.492672,19.901202],[105.484094,19.899652],[105.48709,19.894638],[105.481168,19.889687],[105.470543,19.893847],[105.46952,19.891906],[105.468984,19.893801],[105.467342,19.893202],[105.466301,19.894903],[105.463259,19.893201],[105.463154,19.891607],[105.459377,19.892076],[105.460175,19.912769],[105.458819,19.915175],[105.460769,19.915228],[105.460116,19.917825],[105.457318,19.918211],[105.457096,19.920403],[105.459576,19.921624],[105.458934,19.923938],[105.457221,19.925652],[105.453713,19.925853],[105.451857,19.924256],[105.451879,19.92681],[105.449894,19.92566],[105.449002,19.928399],[105.450593,19.930396],[105.446728,19.930513],[105.459365,19.936528],[105.462735,19.9478],[105.471373,19.954916],[105.484605,19.955776],[105.495355,19.962287],[105.504254,19.960169],[105.50749,19.956702]]]}},{"type":"Feature","properties":{"code":"15592","name":"Xã Xuân Lập","type":"Xã"},"geometry":{"type":"Polygon","coordinates":[[[105.586158,19.964463],[105.592626,19.964314],[105.591446,19.958492],[105.594681,19.960558],[105.596072,19.957243],[105.603574,19.956171],[105.606085,19.952135],[105.604983,19.95239],[105.605371,19.944371],[105.602237,19.940469],[105.598381,19.940318],[105.593815,19.935533],[105.593685,19.929675],[105.589916,19.928098],[105.589548,19.920936],[105.587418,19.919712],[105.584673,19.923918],[105.576496,19.930421],[105.570832,19.947271],[105.566708,19.947839],[105.557305,19.942914],[105.542192,19.947366],[105.534666,19.941963],[105.533868,19.946222],[105.532232,19.946943],[105.532764,19.94968],[105.530512,19.95026],[105.532008,19.956957],[105.531669,19.959457],[105.529684,19.960338],[105.529214,19.968067],[105.526009,19.96277],[105.523111,19.963642],[105.521315,19.961227],[105.519895,19.96471],[105.521406,19.966426],[105.519084,19.967991],[105.518403,19.971432],[105.50929,19.970695],[105.510922,19.97704],[105.514055,19.98047],[105.514569,19.985191],[105.512502,19.985297],[105.50902,19.98908],[105.505192,19.986822],[105.501969,19.987132],[105.502137,19.988382],[105.506539,19.988396],[105.510114,19.9935],[105.510857,19.992013],[105.513968,19.992076],[105.513636,19.994172],[105.520775,19.992114],[105.520964,19.994755],[105.522501,19.993562],[105.523478,19.995335],[105.526656,19.992832],[105.529767,19.997847],[105.531339,19.996904],[105.531718,19.998792],[105.533977,19.998667],[105.534736,19.996513],[105.537593,19.998883],[105.539984,19.995511],[105.542222,19.996523],[105.541722,19.993856],[105.53921,19.99344],[105.539202,19.991108],[105.541122,19.990409],[105.540869,19.988605],[105.545035,19.988371],[105.546311,19.984291],[105.548592,19.985879],[105.551628,19.98434],[105.552636,19.987088],[105.554997,19.987633],[105.555943,19.98584],[105.55793,19.986605],[105.558757,19.984494],[105.557307,19.983343],[105.559083,19.981358],[105.562321,19.981879],[105.561014,19.980298],[105.562621,19.978643],[105.560267,19.973712],[105.562139,19.970001],[105.564376,19.968725],[105.566298,19.96954],[105.564598,19.968297],[105.566789,19.965058],[105.563692,19.963397],[105.563514,19.957363],[105.567869,19.955269],[105.570619,19.956389],[105.569361,19.960386],[105.570589,19.960249],[105.571944,19.964696],[105.574917,19.965164],[105.577557,19.962901],[105.578277,19.960966],[105.576236,19.9607],[105.57688,19.959202],[105.580358,19.961436],[105.585173,19.961777],[105.586158,19.964463]]]}},{"type":"Feature","properties":{"code":"16258","name":"Xã Xuân Thái","type":"Xã"},"geometry":{"type":"Polygon","coordinates":[[[105.566326,19.516583],[105.572225,19.513623],[105.575868,19.51418],[105.575808,19.51309],[105.5632,19.503907],[105.548456,19.502288],[105.548254,19.499584],[105.545296,19.498276],[105.54689,19.496388],[105.542881,19.494547],[105.543576,19.492329],[105.541115,19.492284],[105.541371,19.490023],[105.538445,19.487529],[105.539406,19.486605],[105.53711,19.485695],[105.539353,19.482015],[105.535792,19.48011],[105.534266,19.480655],[105.53507,19.482928],[105.531899,19.479818],[105.531527,19.476981],[105.528999,19.475733],[105.526975,19.478241],[105.524289,19.477917],[105.518808,19.471521],[105.518631,19.468121],[105.512963,19.463573],[105.508702,19.470009],[105.509506,19.474731],[105.50532,19.481218],[105.506951,19.482479],[105.506978,19.485911],[105.502723,19.492752],[105.497739,19.494091],[105.486162,19.502881],[105.48022,19.504298],[105.478132,19.508075],[105.471491,19.507988],[105.468667,19.504931],[105.460177,19.503332],[105.455801,19.509245],[105.450799,19.510788],[105.448805,19.518598],[105.451566,19.520603],[105.450503,19.522722],[105.454102,19.529326],[105.45242,19.530698],[105.455268,19.533251],[105.455391,19.535374],[105.451889,19.536408],[105.449707,19.540108],[105.450786,19.541098],[105.45613,19.539827],[105.4591,19.537578],[105.461646,19.539024],[105.464374,19.551148],[105.464125,19.563157],[105.470723,19.570634],[105.477804,19.575345],[105.485149,19.578321],[105.496051,19.586147],[105.503657,19.587241],[105.507262,19.589585],[105.50828,19.591],[105.507221,19.594734],[105.513079,19.596522],[105.517716,19.604525],[105.519359,19.615213],[105.522359,19.618739],[105.529206,19.615182],[105.529675,19.606406],[105.543646,19.606363],[105.557252,19.596613],[105.555647,19.590804],[105.55647,19.587043],[105.553978,19.585115],[105.559304,19.579863],[105.557497,19.575721],[105.561897,19.569107],[105.562672,19.561516],[105.567295,19.558971],[105.56858,19.556135],[105.564302,19.548916],[105.566392,19.536408],[105.562704,19.53022],[105.566326,19.516583]]]}},{"type":"Feature","properties":{"code":"15574","name":"Xã Xuân Tín","type":"Xã"},"geometry":{"type":"Polygon","coordinates":[[[105.459478,20.035908],[105.465675,20.030477],[105.467333,20.031185],[105.47079,20.028195],[105.47109,20.019715],[105.469443,20.017622],[105.471715,20.016442],[105.472375,20.019373],[105.473619,20.018821],[105.477859,20.013424],[105.476688,20.010406],[105.477628,20.007878],[105.482593,20.007714],[105.484712,20.016274],[105.488982,20.018665],[105.494236,20.019003],[105.494616,20.012641],[105.497181,20.011455],[105.493789,20.008853],[105.494085,20.007557],[105.49254,20.007572],[105.495532,20.001673],[105.499563,20.000937],[105.501593,20.004966],[105.50062,20.005555],[105.504052,20.005873],[105.504392,20.008383],[105.506333,20.006883],[105.506431,20.008927],[105.510044,20.002433],[105.512105,20.002635],[105.5131,19.998569],[105.518236,19.998042],[105.513489,19.994036],[105.514055,19.992126],[105.510857,19.992013],[105.510114,19.9935],[105.506718,19.988532],[105.502137,19.988382],[105.501902,19.987178],[105.505192,19.986822],[105.50902,19.98908],[105.512502,19.985297],[105.514569,19.985191],[105.514055,19.98047],[105.510922,19.97704],[105.50929,19.970695],[105.518403,19.971432],[105.519084,19.967991],[105.521406,19.966426],[105.519895,19.96471],[105.521315,19.961227],[105.523111,19.963642],[105.526009,19.96277],[105.529214,19.968067],[105.529684,19.960338],[105.531669,19.959457],[105.532008,19.956957],[105.530512,19.95026],[105.532764,19.94968],[105.532232,19.946943],[105.533868,19.946222],[105.534666,19.941963],[105.526606,19.938397],[105.522319,19.938679],[105.518495,19.944467],[105.510018,19.950421],[105.50586,19.959403],[105.497066,19.962237],[105.492814,19.961021],[105.49106,19.962481],[105.489252,19.97239],[105.478156,19.975709],[105.481637,19.978913],[105.481114,19.982386],[105.478585,19.981327],[105.47168,19.984912],[105.473324,19.987511],[105.48035,19.990126],[105.48037,19.994822],[105.478179,19.993101],[105.476544,19.995908],[105.475108,19.994415],[105.471789,19.994386],[105.470882,19.995812],[105.468878,19.993258],[105.464186,19.993438],[105.464242,19.996509],[105.460591,19.995565],[105.461138,19.997417],[105.455207,20.002244],[105.451812,20.009371],[105.448379,20.010503],[105.447809,20.013172],[105.450017,20.015383],[105.44802,20.019002],[105.4499,20.016617],[105.451372,20.017059],[105.45041,20.023501],[105.455359,20.024234],[105.457288,20.021083],[105.461316,20.020482],[105.463394,20.022068],[105.461762,20.024206],[105.461909,20.029518],[105.457768,20.029307],[105.456012,20.030879],[105.456296,20.033617],[105.459478,20.035908]]]}},{"type":"Feature","properties":{"code":"15031","name":"Xã Yên Khương","type":"Xã"},"geometry":{"type":"Polygon","coordinates":[[[105.064334,20.215052],[105.071972,20.216026],[105.080147,20.211294],[105.080653,20.191852],[105.07544,20.186767],[105.076876,20.184381],[105.076773,20.167519],[105.073606,20.164048],[105.073667,20.159003],[105.065942,20.151534],[105.059912,20.151874],[105.056831,20.143881],[105.057683,20.142565],[105.052038,20.139728],[105.053386,20.137617],[105.051532,20.129463],[105.054126,20.116725],[105.049731,20.100549],[105.051419,20.087837],[105.05718,20.074217],[105.055003,20.072519],[105.05074,20.073035],[105.034475,20.078396],[105.027336,20.082456],[105.022746,20.082897],[105.019202,20.085453],[105.013716,20.085155],[105.008281,20.091238],[105.003566,20.092233],[104.997292,20.096798],[104.992607,20.094515],[104.987001,20.094829],[104.983022,20.097106],[104.973601,20.098174],[104.973156,20.101861],[104.974893,20.104844],[104.973056,20.107316],[104.980966,20.119462],[104.982868,20.130354],[104.988389,20.137624],[104.992366,20.140011],[104.995429,20.145363],[104.99742,20.154387],[105.002452,20.160101],[105.00802,20.161881],[105.011538,20.178193],[105.015566,20.184105],[105.01599,20.190847],[105.01279,20.195447],[105.013659,20.200661],[105.024167,20.199855],[105.040326,20.206947],[105.046865,20.207522],[105.047576,20.210801],[105.052976,20.214104],[105.060922,20.216229],[105.064334,20.215052]]]}},{"type":"Feature","properties":{"code":"15610","name":"Xã Yên Nhân","type":"Xã"},"geometry":{"type":"Polygon","coordinates":[[[105.14806,20.081625],[105.155221,20.078425],[105.152585,20.066358],[105.161197,20.062924],[105.165003,20.059675],[105.165972,20.055387],[105.164365,20.051182],[105.165653,20.046218],[105.160531,20.037973],[105.167399,20.030055],[105.168997,20.020447],[105.164416,20.015127],[105.168693,20.012232],[105.176206,20.012256],[105.181697,20.009533],[105.184166,20.005749],[105.19385,19.998099],[105.204709,19.997627],[105.206822,19.994853],[105.205979,19.988032],[105.207378,19.985629],[105.217502,19.981246],[105.213669,19.980686],[105.21234,19.975433],[105.205607,19.976612],[105.20826,19.970747],[105.202288,19.961503],[105.202411,19.957807],[105.205501,19.955996],[105.206346,19.952431],[105.204347,19.950458],[105.204743,19.947185],[105.20121,19.952587],[105.198995,19.953195],[105.198118,19.947266],[105.192393,19.939924],[105.18822,19.938451],[105.180364,19.94074],[105.17697,19.940267],[105.168149,19.934098],[105.168142,19.927115],[105.157087,19.9303],[105.147026,19.920559],[105.13726,19.923627],[105.134834,19.921316],[105.131796,19.922466],[105.12193,19.927605],[105.118931,19.932697],[105.115617,19.933624],[105.112355,19.932357],[105.105281,19.937526],[105.100933,19.935985],[105.092849,19.939878],[105.087519,19.936862],[105.083819,19.93785],[105.085034,19.946431],[105.079382,19.952369],[105.080809,19.955342],[105.078031,19.961664],[105.076364,19.962248],[105.079535,19.966957],[105.086431,19.969044],[105.089309,19.971817],[105.09801,19.984566],[105.093483,19.987689],[105.092426,19.991831],[105.094587,19.996619],[105.099337,19.998646],[105.099493,20.001328],[105.093894,20.005925],[105.092934,20.013451],[105.090126,20.017208],[105.081,20.021222],[105.081891,20.026418],[105.080679,20.029582],[105.076346,20.032755],[105.070865,20.030799],[105.066842,20.031173],[105.06883,20.037561],[105.065317,20.043471],[105.06757,20.048441],[105.072665,20.050971],[105.076769,20.051117],[105.080888,20.059347],[105.082997,20.060678],[105.082345,20.063174],[105.084108,20.063776],[105.081837,20.069595],[105.077631,20.072741],[105.077648,20.078014],[105.091309,20.085471],[105.090229,20.095686],[105.087815,20.096655],[105.084223,20.103823],[105.094341,20.102847],[105.101142,20.105119],[105.111839,20.10507],[105.116401,20.109141],[105.117627,20.112406],[105.119877,20.112514],[105.129172,20.120085],[105.132999,20.113106],[105.133335,20.101381],[105.139139,20.099837],[105.138434,20.092483],[105.146959,20.086755],[105.14806,20.081625]]]}},{"type":"Feature","properties":{"code":"15442","name":"Xã Yên Ninh","type":"Xã"},"geometry":{"type":"Polygon","coordinates":[[[105.570888,19.99407],[105.586641,20.001182],[105.587857,20.006162],[105.590452,20.00458],[105.593274,20.00584],[105.599782,20.002192],[105.599315,19.999286],[105.600596,19.998358],[105.611115,19.996033],[105.613498,19.989122],[105.618165,19.990131],[105.619834,19.98753],[105.614541,19.982069],[105.614534,19.978794],[105.616775,19.979057],[105.61528,19.971746],[105.612517,19.967427],[105.613026,19.962702],[105.615807,19.960802],[105.611035,19.955963],[105.607755,19.958033],[105.603574,19.956171],[105.597799,19.956509],[105.59448,19.960605],[105.591446,19.958492],[105.592626,19.964314],[105.586914,19.964713],[105.585173,19.961777],[105.580358,19.961436],[105.57688,19.959202],[105.576236,19.9607],[105.578277,19.960966],[105.574917,19.965164],[105.570609,19.963319],[105.570589,19.960249],[105.569283,19.959615],[105.570619,19.956389],[105.567869,19.955269],[105.563514,19.957363],[105.563692,19.963397],[105.566789,19.965058],[105.564598,19.968297],[105.566298,19.96954],[105.564376,19.968725],[105.562139,19.970001],[105.560267,19.973712],[105.562621,19.978643],[105.561014,19.980298],[105.562321,19.981879],[105.559417,19.981206],[105.557489,19.983049],[105.558777,19.984702],[105.55776,19.986742],[105.556114,19.985818],[105.555096,19.987611],[105.553084,19.987302],[105.551438,19.984269],[105.550629,19.986276],[105.552551,19.987735],[105.557049,19.988033],[105.556316,19.991013],[105.557879,19.991793],[105.558775,19.99033],[105.560687,19.990671],[105.559812,19.992033],[105.565144,19.998297],[105.570888,19.99407]]]}},{"type":"Feature","properties":{"code":"15409","name":"Xã Yên Phú","type":"Xã"},"geometry":{"type":"Polygon","coordinates":[[[105.512234,20.052281],[105.5124,20.049261],[105.517872,20.047549],[105.520181,20.048878],[105.524033,20.04792],[105.533994,20.040381],[105.535694,20.041535],[105.536544,20.039054],[105.538764,20.042723],[105.539998,20.042383],[105.541336,20.035586],[105.54627,20.036897],[105.548456,20.040474],[105.547119,20.045877],[105.550294,20.046665],[105.55418,20.045184],[105.553261,20.04102],[105.557481,20.039509],[105.556031,20.03565],[105.556764,20.028832],[105.551818,20.027369],[105.550597,20.023964],[105.547805,20.023961],[105.552113,20.01983],[105.557378,20.010709],[105.555801,20.008107],[105.561016,20.006971],[105.563629,20.001198],[105.565695,19.999994],[105.559812,19.992033],[105.560687,19.990671],[105.558775,19.99033],[105.557879,19.991793],[105.556316,19.991013],[105.557049,19.988033],[105.552551,19.987735],[105.550689,19.98515],[105.548377,19.985868],[105.546513,19.984194],[105.545035,19.988371],[105.540869,19.988605],[105.541122,19.990409],[105.539202,19.991108],[105.53921,19.99344],[105.541722,19.993856],[105.542222,19.996523],[105.539984,19.995511],[105.537484,19.998912],[105.534736,19.996513],[105.533977,19.998667],[105.531718,19.998792],[105.531339,19.996904],[105.529767,19.997847],[105.526656,19.992832],[105.523478,19.995335],[105.522501,19.993562],[105.520964,19.994755],[105.521044,19.992228],[105.517079,19.992316],[105.513636,19.994172],[105.518297,19.997952],[105.5131,19.998569],[105.512105,20.002635],[105.510044,20.002433],[105.506431,20.008927],[105.506333,20.006883],[105.504392,20.008383],[105.504052,20.005873],[105.50062,20.005555],[105.501593,20.004966],[105.499563,20.000937],[105.495532,20.001673],[105.49254,20.007572],[105.494085,20.007557],[105.493789,20.008853],[105.497181,20.011455],[105.494616,20.012641],[105.494236,20.019003],[105.488982,20.018665],[105.484712,20.016274],[105.482593,20.007714],[105.479499,20.007144],[105.476816,20.009141],[105.477859,20.013424],[105.473619,20.018821],[105.472375,20.019373],[105.471715,20.016442],[105.469443,20.017622],[105.47109,20.019715],[105.47079,20.028195],[105.467333,20.031185],[105.465675,20.030477],[105.461535,20.03713],[105.468516,20.03408],[105.471217,20.035405],[105.47104,20.04003],[105.47536,20.039901],[105.477849,20.041711],[105.48474,20.039576],[105.494175,20.041611],[105.495052,20.040557],[105.495485,20.044602],[105.497097,20.045985],[105.495251,20.04832],[105.496973,20.049325],[105.49744,20.047311],[105.501711,20.05017],[105.504981,20.046663],[105.501453,20.046338],[105.506947,20.041417],[105.508076,20.0438],[105.509778,20.043917],[105.505872,20.052377],[105.509875,20.054093],[105.512234,20.052281]]]}},{"type":"Feature","properties":{"code":"15034","name":"Xã Yên Thắng","type":"Xã"},"geometry":{"type":"Polygon","coordinates":[[[105.061142,20.077592],[105.060529,20.075599],[105.057642,20.074823],[105.054924,20.077984],[105.051419,20.087837],[105.049766,20.101416],[105.054126,20.116725],[105.051532,20.129463],[105.053386,20.137617],[105.052038,20.139728],[105.057683,20.142565],[105.056831,20.143881],[105.059912,20.151874],[105.065942,20.151534],[105.073667,20.159003],[105.073606,20.164048],[105.076773,20.167519],[105.076876,20.184381],[105.07544,20.186767],[105.080653,20.191852],[105.080147,20.211294],[105.084141,20.213302],[105.08726,20.211823],[105.093918,20.218022],[105.101332,20.220558],[105.100568,20.211301],[105.092428,20.199774],[105.093649,20.194523],[105.10221,20.190806],[105.108326,20.19131],[105.114884,20.189192],[105.118011,20.191098],[105.126729,20.18542],[105.136684,20.187598],[105.145564,20.182],[105.148417,20.176953],[105.150525,20.165877],[105.155096,20.162326],[105.155371,20.16043],[105.151071,20.153506],[105.153871,20.150474],[105.157193,20.150195],[105.157255,20.144936],[105.155163,20.143815],[105.155542,20.140771],[105.149881,20.134896],[105.147906,20.125822],[105.143929,20.118632],[105.129172,20.120085],[105.119877,20.112514],[105.117627,20.112406],[105.116401,20.109141],[105.111654,20.105007],[105.101142,20.105119],[105.094341,20.102847],[105.084223,20.103823],[105.087815,20.096655],[105.090229,20.095686],[105.091119,20.085158],[105.077648,20.078014],[105.061142,20.077592]]]}},{"type":"Feature","properties":{"code":"16264","name":"Xã Yên Thọ","type":"Xã"},"geometry":{"type":"Polygon","coordinates":[[[105.635647,19.550526],[105.637547,19.544177],[105.654101,19.546427],[105.653944,19.544587],[105.648707,19.540409],[105.647692,19.531556],[105.642361,19.525417],[105.643453,19.523335],[105.645354,19.524193],[105.648535,19.522743],[105.648011,19.518181],[105.651495,19.517159],[105.648479,19.515783],[105.648129,19.513733],[105.646318,19.514933],[105.645365,19.512919],[105.640622,19.511131],[105.637446,19.513047],[105.633054,19.511164],[105.626646,19.514002],[105.624434,19.509205],[105.619633,19.508531],[105.617899,19.51004],[105.611586,19.508588],[105.60204,19.503553],[105.599836,19.503842],[105.598747,19.506295],[105.599235,19.512941],[105.59787,19.515249],[105.603847,19.520529],[105.595399,19.517445],[105.588736,19.518126],[105.579013,19.509615],[105.576301,19.511542],[105.575868,19.51418],[105.569021,19.514548],[105.564969,19.518024],[105.563901,19.529287],[105.562704,19.53022],[105.566392,19.536408],[105.564302,19.548916],[105.56858,19.556135],[105.567295,19.558971],[105.562672,19.561516],[105.561897,19.569107],[105.557497,19.575721],[105.559304,19.579863],[105.553991,19.585186],[105.55647,19.587043],[105.555647,19.590804],[105.557073,19.596362],[105.56157,19.600945],[105.573992,19.606656],[105.578127,19.605864],[105.581553,19.608767],[105.589157,19.608597],[105.589642,19.613693],[105.591598,19.616098],[105.590265,19.618578],[105.590327,19.625902],[105.592038,19.625551],[105.592547,19.630215],[105.594454,19.631588],[105.59631,19.630996],[105.595975,19.627138],[105.599456,19.628661],[105.607471,19.62668],[105.603657,19.617519],[105.604374,19.613674],[105.600485,19.606773],[105.602715,19.606505],[105.606698,19.609102],[105.611917,19.607292],[105.62016,19.609222],[105.616304,19.601752],[105.619939,19.5977],[105.619339,19.593499],[105.622763,19.590456],[105.628461,19.588977],[105.628673,19.587587],[105.622737,19.585809],[105.623518,19.579831],[105.620203,19.579368],[105.617991,19.574977],[105.618502,19.57162],[105.626519,19.560212],[105.630017,19.558503],[105.630778,19.555263],[105.635647,19.550526]]]}},{"type":"Feature","properties":{"code":"15421","name":"Xã Yên Trường","type":"Xã"},"geometry":{"type":"Polygon","coordinates":[[[105.587857,20.006162],[105.586641,20.001182],[105.583033,20.00067],[105.581469,19.998468],[105.577268,19.998238],[105.575017,19.995468],[105.570888,19.99407],[105.566247,19.996804],[105.561016,20.006971],[105.555801,20.008107],[105.557378,20.010709],[105.552113,20.01983],[105.547805,20.023961],[105.550597,20.023964],[105.551818,20.027369],[105.556764,20.028832],[105.55589,20.033429],[105.557262,20.043735],[105.554626,20.044847],[105.555783,20.048194],[105.559956,20.045546],[105.560575,20.04948],[105.563169,20.046264],[105.565458,20.046629],[105.569628,20.038959],[105.575741,20.040534],[105.578402,20.034402],[105.570664,20.028524],[105.574734,20.027362],[105.574394,20.02383],[105.580434,20.022462],[105.581078,20.026622],[105.587339,20.02823],[105.593598,20.024433],[105.612871,20.022438],[105.624929,20.015854],[105.636963,20.016465],[105.639829,20.010941],[105.635261,20.008044],[105.632429,20.000713],[105.628885,19.999817],[105.626652,19.994463],[105.62213,19.992349],[105.619721,19.995014],[105.620409,19.991406],[105.615071,19.988986],[105.613498,19.989122],[105.611115,19.996033],[105.600596,19.998358],[105.599315,19.999286],[105.599782,20.002192],[105.593274,20.00584],[105.590452,20.00458],[105.587857,20.006162]]]}},{"type":"Feature","properties":{"code":"15469","name":"Xã Yên Định","type":"Xã"},"geometry":{"type":"Polygon","coordinates":[[[105.645738,20.004866],[105.649294,19.999016],[105.64885,19.994889],[105.657169,19.992632],[105.658506,19.988645],[105.655808,19.980124],[105.658216,19.981623],[105.658554,19.978208],[105.659873,19.97898],[105.664638,19.976036],[105.666756,19.971919],[105.669817,19.972802],[105.671619,19.971701],[105.666942,19.966114],[105.663748,19.967532],[105.662973,19.963531],[105.661261,19.963262],[105.659142,19.958348],[105.657523,19.959404],[105.65658,19.958419],[105.657729,19.958136],[105.656627,19.955393],[105.654831,19.958144],[105.653671,19.957668],[105.658163,19.95198],[105.655875,19.952041],[105.653619,19.946218],[105.648461,19.941306],[105.644078,19.937915],[105.641909,19.939444],[105.634436,19.938214],[105.634918,19.936259],[105.632384,19.934899],[105.627004,19.936879],[105.625732,19.934623],[105.620045,19.941084],[105.620024,19.943782],[105.624748,19.946745],[105.624496,19.94827],[105.619952,19.949096],[105.62214,19.951893],[105.61983,19.952737],[105.619262,19.955034],[105.615992,19.955949],[105.613761,19.954777],[105.612356,19.956195],[105.612583,19.958701],[105.61583,19.961064],[105.613026,19.962702],[105.612517,19.967427],[105.61528,19.971746],[105.616775,19.979057],[105.614534,19.978794],[105.614541,19.982069],[105.619834,19.98753],[105.618109,19.99024],[105.620409,19.991406],[105.619576,19.994906],[105.62213,19.992349],[105.626652,19.994463],[105.628885,19.999817],[105.632429,20.000713],[105.635544,20.008287],[105.639829,20.010941],[105.642183,20.006574],[105.645738,20.004866]]]}},{"type":"Feature","properties":{"code":"14950","name":"Xã Điền Lư","type":"Xã"},"geometry":{"type":"Polygon","coordinates":[[[105.290378,20.367857],[105.28868,20.3649],[105.289747,20.360067],[105.288288,20.358454],[105.293081,20.351255],[105.293968,20.345903],[105.303628,20.339984],[105.304695,20.333509],[105.313509,20.324922],[105.31908,20.322713],[105.327342,20.322124],[105.334008,20.31654],[105.34263,20.304913],[105.336069,20.298777],[105.335099,20.294179],[105.337055,20.290688],[105.333593,20.28817],[105.339026,20.280621],[105.337791,20.276808],[105.338624,20.272938],[105.34437,20.270959],[105.345636,20.268907],[105.345214,20.264552],[105.339289,20.265671],[105.330972,20.263885],[105.328431,20.258721],[105.323588,20.259813],[105.320546,20.263638],[105.313526,20.256669],[105.309356,20.260049],[105.299911,20.27172],[105.300391,20.273929],[105.295327,20.275793],[105.290759,20.283486],[105.283924,20.289741],[105.289666,20.294932],[105.291673,20.299443],[105.279739,20.310525],[105.276934,20.320679],[105.269525,20.31775],[105.267702,20.321572],[105.265023,20.315874],[105.261043,20.313121],[105.257535,20.31363],[105.257999,20.311168],[105.25434,20.307815],[105.248402,20.305025],[105.240151,20.304441],[105.240558,20.306135],[105.234974,20.308466],[105.231677,20.315128],[105.22503,20.318259],[105.221772,20.322185],[105.224771,20.326063],[105.239055,20.335994],[105.23919,20.342036],[105.243862,20.342265],[105.259904,20.357237],[105.270703,20.362729],[105.275593,20.360172],[105.281617,20.367333],[105.290378,20.367857]]]}},{"type":"Feature","properties":{"code":"14932","name":"Xã Điền Quang","type":"Xã"},"geometry":{"type":"Polygon","coordinates":[[[105.269399,20.318],[105.276934,20.320679],[105.279739,20.310525],[105.291673,20.299443],[105.289666,20.294932],[105.283877,20.290984],[105.284326,20.289069],[105.290759,20.283486],[105.295327,20.275793],[105.300391,20.273929],[105.299911,20.27172],[105.315579,20.254584],[105.317037,20.251838],[105.315847,20.250621],[105.316596,20.247667],[105.326403,20.236544],[105.327755,20.232697],[105.334008,20.232977],[105.33818,20.227604],[105.329275,20.21494],[105.329039,20.207923],[105.317951,20.200754],[105.317137,20.196495],[105.321435,20.189113],[105.314675,20.190756],[105.304372,20.189312],[105.302632,20.190891],[105.304605,20.196476],[105.283384,20.185568],[105.276387,20.19128],[105.275195,20.194414],[105.270464,20.196422],[105.26922,20.200031],[105.266854,20.20107],[105.263995,20.205775],[105.259396,20.207222],[105.249994,20.216801],[105.248915,20.217493],[105.246281,20.214345],[105.24788,20.208743],[105.246199,20.205787],[105.243053,20.205046],[105.237469,20.207506],[105.229297,20.22047],[105.234818,20.229481],[105.224258,20.244064],[105.221583,20.24391],[105.220533,20.249575],[105.217514,20.25241],[105.220589,20.256055],[105.236889,20.262819],[105.235492,20.27202],[105.230304,20.283489],[105.228966,20.291086],[105.238491,20.297974],[105.239336,20.302259],[105.242198,20.302196],[105.240151,20.304441],[105.248402,20.305025],[105.25434,20.307815],[105.257999,20.311168],[105.257535,20.31363],[105.261043,20.313121],[105.265023,20.315874],[105.267702,20.321572],[105.269399,20.318]]]}},{"type":"Feature","properties":{"code":"16033","name":"Xã Đông Thành","type":"Xã"},"geometry":{"type":"Polygon","coordinates":[[[105.870193,19.982578],[105.883506,19.977857],[105.88752,19.982905],[105.890653,19.974804],[105.897379,19.981185],[105.903046,19.978543],[105.902869,19.974586],[105.897321,19.970902],[105.8987,19.96928],[105.903835,19.969288],[105.905293,19.96697],[105.90543,19.963919],[105.903514,19.962866],[105.904144,19.960413],[105.900981,19.95637],[105.906251,19.946747],[105.899966,19.941173],[105.900217,19.938764],[105.905234,19.934163],[105.90265,19.930122],[105.892255,19.932969],[105.891926,19.937198],[105.886262,19.939609],[105.886328,19.943865],[105.88289,19.943504],[105.879331,19.953417],[105.875918,19.952441],[105.876887,19.949866],[105.871139,19.948858],[105.871651,19.947702],[105.870073,19.947174],[105.871119,19.944342],[105.866741,19.943158],[105.864417,19.938627],[105.854323,19.937283],[105.853092,19.9419],[105.854898,19.943097],[105.854417,19.94689],[105.855989,19.94699],[105.855396,19.950593],[105.850329,19.947402],[105.84777,19.94733],[105.846195,19.949375],[105.84271,19.947706],[105.838735,19.949672],[105.841488,19.951859],[105.839587,19.953955],[105.840331,19.959244],[105.843214,19.960024],[105.844159,19.964985],[105.845687,19.964762],[105.846311,19.968128],[105.847907,19.969011],[105.84207,19.974905],[105.842599,19.976402],[105.840594,19.976085],[105.839376,19.977656],[105.847523,19.979469],[105.863725,19.978058],[105.865957,19.986768],[105.870193,19.982578]]]}},{"type":"Feature","properties":{"code":"15448","name":"Xã Định Hòa","type":"Xã"},"geometry":{"type":"Polygon","coordinates":[[[105.682701,19.934219],[105.678898,19.940234],[105.673104,19.93545],[105.672097,19.93686],[105.668443,19.93619],[105.664053,19.940365],[105.663579,19.939282],[105.658698,19.940979],[105.657799,19.939012],[105.656657,19.940268],[105.655421,19.939303],[105.652037,19.944056],[105.649011,19.942022],[105.653619,19.946218],[105.655875,19.952041],[105.658163,19.95198],[105.653671,19.957668],[105.654831,19.958144],[105.656627,19.955393],[105.657729,19.958136],[105.65658,19.958419],[105.657523,19.959404],[105.659142,19.958348],[105.661261,19.963262],[105.662973,19.963531],[105.663748,19.967532],[105.666942,19.966114],[105.677457,19.978112],[105.680605,19.972404],[105.684075,19.972451],[105.684696,19.976726],[105.695335,19.970664],[105.700179,19.971595],[105.700707,19.968718],[105.708565,19.966133],[105.708403,19.964669],[105.71194,19.962354],[105.711419,19.958275],[105.715136,19.95864],[105.715792,19.960049],[105.723048,19.957511],[105.727668,19.96046],[105.733554,19.958651],[105.733686,19.965647],[105.727404,19.966026],[105.732446,19.971035],[105.751027,19.960583],[105.761144,19.957591],[105.765008,19.952005],[105.765452,19.949809],[105.757935,19.951336],[105.75368,19.948473],[105.75173,19.944299],[105.754674,19.937316],[105.752334,19.932514],[105.749746,19.93083],[105.738182,19.929677],[105.73629,19.934028],[105.731308,19.934994],[105.727217,19.932037],[105.723143,19.932867],[105.719441,19.931383],[105.716644,19.932941],[105.715695,19.93037],[105.708897,19.934995],[105.707195,19.933764],[105.702798,19.935166],[105.698977,19.941776],[105.696325,19.937706],[105.684197,19.937916],[105.682701,19.934219]]]}},{"type":"Feature","properties":{"code":"15457","name":"Xã Định Tân","type":"Xã"},"geometry":{"type":"Polygon","coordinates":[[[105.649294,19.999016],[105.644499,20.006294],[105.646616,20.007009],[105.646868,20.009427],[105.655131,20.013664],[105.668416,20.012665],[105.670216,20.017032],[105.67237,20.017457],[105.685311,20.01034],[105.692984,20.001173],[105.722607,19.992973],[105.7264,19.987582],[105.726096,19.974512],[105.732446,19.971035],[105.727404,19.966026],[105.733686,19.965647],[105.733554,19.958651],[105.727668,19.96046],[105.723048,19.957511],[105.715792,19.960049],[105.715136,19.95864],[105.711419,19.958275],[105.71194,19.962354],[105.708403,19.964669],[105.708565,19.966133],[105.700707,19.968718],[105.700179,19.971595],[105.695335,19.970664],[105.684696,19.976726],[105.684075,19.972451],[105.680605,19.972404],[105.677457,19.978112],[105.671619,19.971701],[105.669817,19.972802],[105.666756,19.971919],[105.664638,19.976036],[105.659873,19.97898],[105.658554,19.978208],[105.658216,19.981623],[105.655808,19.980124],[105.658506,19.988645],[105.657169,19.992632],[105.64885,19.994889],[105.649294,19.999016]]]}},{"type":"Feature","properties":{"code":"15058","name":"Xã Đồng Lương","type":"Xã"},"geometry":{"type":"Polygon","coordinates":[[[105.187488,20.239594],[105.192133,20.240854],[105.201749,20.219512],[105.209741,20.211409],[105.216599,20.217738],[105.219782,20.214936],[105.234156,20.212522],[105.237469,20.207506],[105.242612,20.20518],[105.247199,20.206944],[105.254705,20.204237],[105.263635,20.192999],[105.270655,20.187242],[105.272415,20.182674],[105.282106,20.173822],[105.285058,20.168246],[105.28354,20.157889],[105.285228,20.151486],[105.276965,20.146071],[105.277719,20.142352],[105.281768,20.136981],[105.280404,20.130685],[105.276485,20.126198],[105.266109,20.130091],[105.263944,20.134576],[105.264919,20.137288],[105.263775,20.141356],[105.260912,20.142694],[105.256911,20.15261],[105.252941,20.155664],[105.253957,20.156899],[105.252843,20.159124],[105.245572,20.161888],[105.241915,20.159136],[105.237103,20.158073],[105.237131,20.167621],[105.235223,20.167684],[105.234708,20.165216],[105.230038,20.161191],[105.226542,20.161404],[105.220037,20.156877],[105.217004,20.15843],[105.207948,20.156949],[105.205904,20.158118],[105.202205,20.155534],[105.195271,20.158953],[105.190161,20.154449],[105.190464,20.156727],[105.185255,20.155946],[105.183978,20.157556],[105.180276,20.15532],[105.179237,20.156807],[105.173462,20.150938],[105.172249,20.159176],[105.180005,20.161593],[105.180054,20.167379],[105.182616,20.167825],[105.188223,20.17302],[105.191673,20.178829],[105.191295,20.187409],[105.166552,20.203573],[105.157328,20.214331],[105.159785,20.217565],[105.159377,20.225185],[105.161911,20.23184],[105.161287,20.238976],[105.177588,20.247552],[105.181078,20.245257],[105.182316,20.242045],[105.187488,20.239594]]]}},{"type":"Feature","properties":{"code":"15724","name":"Xã Đồng Tiến","type":"Xã"},"geometry":{"type":"Polygon","coordinates":[[[105.692,19.789457],[105.694972,19.784516],[105.695983,19.785159],[105.696058,19.782695],[105.699629,19.781715],[105.698472,19.780938],[105.704098,19.775512],[105.711079,19.772676],[105.702901,19.766599],[105.701398,19.759052],[105.699657,19.75808],[105.701152,19.755361],[105.697618,19.752498],[105.699424,19.752607],[105.699071,19.751419],[105.692048,19.747754],[105.690751,19.744397],[105.689817,19.747016],[105.686059,19.748134],[105.683362,19.745308],[105.676422,19.751168],[105.676584,19.753938],[105.673915,19.753837],[105.673898,19.755134],[105.672722,19.752928],[105.671718,19.754544],[105.669296,19.75388],[105.66814,19.755107],[105.663692,19.752845],[105.658576,19.75369],[105.65416,19.757043],[105.648724,19.75768],[105.646089,19.764224],[105.647977,19.764827],[105.6466,19.768924],[105.649947,19.771523],[105.649382,19.772902],[105.653212,19.771742],[105.668335,19.784161],[105.667412,19.785309],[105.669988,19.787599],[105.671085,19.786364],[105.673729,19.788534],[105.684549,19.789286],[105.687466,19.787728],[105.68917,19.789917],[105.692,19.789457]]]}}]}