{"type":"FeatureCollection","features":[{"type":"Feature","properties":{"code":"16732","name":"Phường Cửa Lò","type":"Phường"},"geometry":{"type":"MultiPolygon","coordinates":[[[[105.71865,18.82175],[105.720212,18.820247],[105.722993,18.8206],[105.720389,18.819124],[105.721264,18.814943],[105.73,18.799816],[105.740445,18.787154],[105.750356,18.777263],[105.75726,18.772982],[105.760034,18.768991],[105.759323,18.764824],[105.756067,18.762237],[105.758826,18.760434],[105.747774,18.753877],[105.742365,18.746545],[105.735655,18.748654],[105.733882,18.750777],[105.72401,18.769617],[105.726061,18.770621],[105.724284,18.774523],[105.718589,18.778824],[105.71657,18.778513],[105.715525,18.780639],[105.709674,18.778659],[105.702962,18.790494],[105.699618,18.789024],[105.698392,18.791763],[105.697011,18.80027],[105.700042,18.800392],[105.700565,18.803102],[105.709615,18.807678],[105.708882,18.813123],[105.711136,18.813355],[105.712819,18.817203],[105.703379,18.818208],[105.702216,18.820621],[105.69192,18.824011],[105.690672,18.825954],[105.694436,18.82988],[105.703485,18.829698],[105.714019,18.832643],[105.719238,18.832321],[105.718017,18.828713],[105.71865,18.82175]]],[[[105.952478,18.805712],[105.965733,18.796051],[105.966097,18.790878],[105.96405,18.790328],[105.958838,18.794053],[105.952478,18.805712]]],[[[105.772912,18.796008],[105.769737,18.800365],[105.773101,18.803077],[105.77652,18.801439],[105.778302,18.805977],[105.78221,18.803752],[105.780698,18.80038],[105.775658,18.799065],[105.772912,18.796008]]]]}},{"type":"Feature","properties":{"code":"17110","name":"Phường Hoàng Mai","type":"Phường"},"geometry":{"type":"Polygon","coordinates":[[[105.656572,19.342516],[105.659154,19.341705],[105.660811,19.343682],[105.668051,19.339656],[105.663447,19.319274],[105.66448,19.314177],[105.676671,19.322794],[105.677143,19.318621],[105.675587,19.316169],[105.680951,19.311333],[105.682272,19.307376],[105.684395,19.306407],[105.683882,19.304656],[105.68775,19.300824],[105.692049,19.300509],[105.69435,19.304379],[105.700852,19.304772],[105.706825,19.303099],[105.708532,19.3051],[105.711289,19.302261],[105.714944,19.303124],[105.71663,19.30652],[105.719942,19.307283],[105.725196,19.311993],[105.730798,19.291235],[105.731406,19.283603],[105.733675,19.2802],[105.73313,19.279205],[105.731082,19.280856],[105.73011,19.268853],[105.725278,19.262458],[105.720447,19.259018],[105.720611,19.255265],[105.71517,19.252003],[105.714915,19.248766],[105.713026,19.249387],[105.709996,19.246498],[105.707769,19.247494],[105.703649,19.240283],[105.700869,19.242287],[105.702979,19.24526],[105.703118,19.249017],[105.709265,19.249766],[105.706674,19.254387],[105.707468,19.25817],[105.704963,19.259062],[105.701303,19.257229],[105.698493,19.25963],[105.696526,19.258638],[105.692888,19.260478],[105.68725,19.256427],[105.677255,19.253974],[105.673392,19.245954],[105.669929,19.24566],[105.66758,19.241533],[105.663697,19.240017],[105.660039,19.235866],[105.656949,19.235863],[105.657238,19.233951],[105.651629,19.236445],[105.643865,19.23538],[105.635329,19.23818],[105.633881,19.240565],[105.62828,19.242931],[105.630499,19.244966],[105.633782,19.245229],[105.636193,19.250477],[105.640493,19.253311],[105.640429,19.255719],[105.642637,19.256786],[105.642901,19.258901],[105.638035,19.26698],[105.624474,19.275566],[105.634699,19.285319],[105.643987,19.290452],[105.642202,19.293966],[105.638466,19.295335],[105.634271,19.300456],[105.622947,19.324687],[105.632507,19.335473],[105.653617,19.347891],[105.656572,19.342516]]]}},{"type":"Feature","properties":{"code":"17125","name":"Phường Quỳnh Mai","type":"Phường"},"geometry":{"type":"Polygon","coordinates":[[[105.696526,19.258638],[105.698493,19.25963],[105.701303,19.257229],[105.704963,19.259062],[105.707468,19.25817],[105.70664,19.254547],[105.709175,19.249393],[105.70322,19.249155],[105.700931,19.241769],[105.703977,19.240447],[105.708075,19.247637],[105.713667,19.245494],[105.710838,19.238961],[105.716358,19.23945],[105.715663,19.236304],[105.72222,19.228181],[105.723867,19.228334],[105.726609,19.23292],[105.735665,19.230881],[105.745998,19.237853],[105.750155,19.237581],[105.756299,19.233656],[105.756794,19.232467],[105.754049,19.230644],[105.755711,19.2309],[105.754785,19.229254],[105.753073,19.230559],[105.749013,19.229744],[105.741615,19.221558],[105.740278,19.222579],[105.738368,19.220785],[105.733773,19.205585],[105.731057,19.188017],[105.720603,19.18676],[105.72026,19.188013],[105.712089,19.189256],[105.712155,19.190792],[105.704912,19.193347],[105.692433,19.185311],[105.69004,19.187454],[105.69079,19.190901],[105.687484,19.195181],[105.687561,19.197747],[105.679279,19.202021],[105.682184,19.206225],[105.679396,19.211687],[105.680033,19.214195],[105.673437,19.214895],[105.668704,19.217571],[105.671442,19.21867],[105.666451,19.226524],[105.679399,19.238469],[105.681549,19.238813],[105.679236,19.240723],[105.680864,19.24408],[105.677537,19.246746],[105.673392,19.245954],[105.677255,19.253974],[105.68725,19.256427],[105.691554,19.260206],[105.696526,19.258638]]]}},{"type":"Feature","properties":{"code":"16681","name":"Phường Thành Vinh","type":"Phường"},"geometry":{"type":"Polygon","coordinates":[[[105.660941,18.694723],[105.66469,18.694452],[105.663613,18.68607],[105.665475,18.687632],[105.681347,18.686544],[105.686988,18.676125],[105.687992,18.665497],[105.670888,18.665864],[105.670379,18.6631],[105.654109,18.664656],[105.656566,18.661006],[105.660408,18.661117],[105.661288,18.652932],[105.659371,18.650405],[105.658202,18.65395],[105.653569,18.654227],[105.652989,18.651252],[105.647078,18.656845],[105.64192,18.656524],[105.644191,18.661458],[105.641469,18.661322],[105.639785,18.66444],[105.640273,18.669106],[105.637831,18.670012],[105.635781,18.682264],[105.640199,18.685498],[105.64581,18.686566],[105.643695,18.688567],[105.647269,18.689564],[105.646972,18.691086],[105.653783,18.694091],[105.654422,18.69305],[105.658671,18.694346],[105.658737,18.697397],[105.660094,18.697918],[105.660941,18.694723]]]}},{"type":"Feature","properties":{"code":"16939","name":"Phường Thái Hòa","type":"Phường"},"geometry":{"type":"Polygon","coordinates":[[[105.405117,19.360362],[105.408028,19.357759],[105.405256,19.356978],[105.406581,19.356246],[105.405924,19.354527],[105.407754,19.354705],[105.406887,19.349999],[105.415225,19.34927],[105.415844,19.348083],[105.418373,19.348775],[105.417626,19.352705],[105.421015,19.355167],[105.42291,19.354261],[105.422253,19.358413],[105.428754,19.357999],[105.426996,19.355455],[105.427658,19.353418],[105.432708,19.350394],[105.4323,19.346638],[105.440973,19.33265],[105.440036,19.329126],[105.444257,19.32687],[105.45131,19.326541],[105.457975,19.322763],[105.458472,19.317526],[105.456241,19.311736],[105.45546,19.312564],[105.454611,19.310523],[105.447211,19.311581],[105.448923,19.30235],[105.449786,19.303277],[105.452392,19.298123],[105.44558,19.292668],[105.448108,19.285112],[105.445987,19.278751],[105.440012,19.274525],[105.437271,19.275999],[105.435545,19.27991],[105.431199,19.28006],[105.42815,19.279396],[105.425405,19.27578],[105.426786,19.271374],[105.429208,19.270548],[105.433551,19.263825],[105.439404,19.262161],[105.432458,19.256349],[105.434296,19.250789],[105.432924,19.246157],[105.430597,19.24594],[105.419079,19.254376],[105.420975,19.25714],[105.421491,19.262742],[105.41542,19.270853],[105.416351,19.279943],[105.419726,19.281515],[105.423096,19.279834],[105.424703,19.281521],[105.419381,19.291681],[105.428137,19.297459],[105.432142,19.306493],[105.429835,19.308509],[105.424911,19.308409],[105.423141,19.310279],[105.427355,19.330128],[105.422707,19.335804],[105.409979,19.337299],[105.403817,19.342579],[105.401986,19.346624],[105.402472,19.350401],[105.399755,19.351892],[105.405117,19.360362]]]}},{"type":"Feature","properties":{"code":"16690","name":"Phường Trường Vinh","type":"Phường"},"geometry":{"type":"Polygon","coordinates":[[[105.749122,18.702058],[105.7578,18.702386],[105.767199,18.687122],[105.768171,18.67747],[105.762381,18.671419],[105.750833,18.668199],[105.728756,18.673167],[105.721627,18.671348],[105.714198,18.664741],[105.70638,18.639603],[105.699428,18.643042],[105.693824,18.643547],[105.683579,18.653552],[105.681219,18.652833],[105.679629,18.648677],[105.682377,18.648393],[105.680865,18.646453],[105.684161,18.643798],[105.659774,18.649173],[105.661235,18.650877],[105.660408,18.661117],[105.656566,18.661006],[105.654109,18.664656],[105.670379,18.6631],[105.670888,18.665864],[105.687992,18.665497],[105.686988,18.676125],[105.681347,18.686544],[105.700132,18.686418],[105.704094,18.684104],[105.704943,18.685956],[105.714532,18.684982],[105.723489,18.700554],[105.727928,18.699333],[105.726842,18.697139],[105.732452,18.694225],[105.732901,18.689869],[105.738708,18.690697],[105.741027,18.687517],[105.742917,18.687452],[105.745691,18.691896],[105.743295,18.695295],[105.746645,18.699337],[105.746016,18.704255],[105.749122,18.702058]]]}},{"type":"Feature","properties":{"code":"17128","name":"Phường Tân Mai","type":"Phường"},"geometry":{"type":"Polygon","coordinates":[[[105.742482,19.318911],[105.741209,19.31576],[105.748294,19.302036],[105.751133,19.301766],[105.751855,19.304618],[105.754919,19.306993],[105.756716,19.302665],[105.762961,19.297983],[105.766116,19.292555],[105.773461,19.291795],[105.774058,19.294322],[105.778085,19.296446],[105.790104,19.297861],[105.800258,19.301414],[105.804427,19.2904],[105.804765,19.287075],[105.80328,19.286679],[105.801826,19.280491],[105.803053,19.278094],[105.80524,19.277656],[105.805938,19.274257],[105.804208,19.27361],[105.801328,19.275952],[105.797455,19.272708],[105.791562,19.272216],[105.790207,19.274278],[105.790567,19.275808],[105.792446,19.275781],[105.791643,19.276444],[105.782585,19.273939],[105.77542,19.260245],[105.770964,19.233773],[105.767404,19.231378],[105.766005,19.227798],[105.761023,19.228184],[105.757572,19.224885],[105.757733,19.232573],[105.749375,19.237864],[105.743543,19.23727],[105.735665,19.230881],[105.726989,19.233074],[105.722974,19.227955],[105.715663,19.236304],[105.716358,19.23945],[105.71199,19.238312],[105.710709,19.239417],[105.71384,19.245286],[105.710008,19.246515],[105.713026,19.249387],[105.714915,19.248766],[105.71517,19.252003],[105.720611,19.255265],[105.720447,19.259018],[105.725278,19.262458],[105.73011,19.268853],[105.731082,19.280856],[105.73313,19.279205],[105.733675,19.2802],[105.731406,19.283603],[105.730798,19.291235],[105.724551,19.313645],[105.729224,19.313697],[105.734031,19.319129],[105.737474,19.319082],[105.741662,19.323476],[105.742482,19.318911]]]}},{"type":"Feature","properties":{"code":"17011","name":"Phường Tây Hiếu","type":"Phường"},"geometry":{"type":"Polygon","coordinates":[[[105.408093,19.338376],[105.422274,19.335995],[105.427019,19.331034],[105.427319,19.325896],[105.425445,19.323131],[105.423141,19.310279],[105.425124,19.308322],[105.429835,19.308509],[105.432153,19.306706],[105.428137,19.297459],[105.419347,19.291605],[105.424742,19.28176],[105.423147,19.279846],[105.41952,19.281516],[105.415988,19.279325],[105.416376,19.264695],[105.414166,19.266459],[105.405628,19.256615],[105.400198,19.263024],[105.403939,19.265885],[105.403252,19.268235],[105.395574,19.266094],[105.390933,19.268345],[105.39267,19.274941],[105.389208,19.279885],[105.387285,19.279516],[105.38692,19.276444],[105.389088,19.273857],[105.386533,19.271269],[105.381989,19.2714],[105.379526,19.268285],[105.374683,19.269662],[105.371595,19.268486],[105.369232,19.263828],[105.369879,19.260583],[105.362194,19.26304],[105.357441,19.259161],[105.356563,19.255882],[105.358362,19.251395],[105.357037,19.249195],[105.346504,19.252055],[105.344395,19.254961],[105.349154,19.262944],[105.34632,19.268521],[105.347744,19.275011],[105.346053,19.277698],[105.356668,19.27974],[105.358805,19.284378],[105.366227,19.284088],[105.368131,19.287231],[105.368158,19.295431],[105.370099,19.295939],[105.369458,19.304134],[105.372275,19.307589],[105.383111,19.307428],[105.385919,19.309231],[105.384938,19.31221],[105.38647,19.319159],[105.382226,19.322577],[105.39287,19.322469],[105.391133,19.32511],[105.40034,19.342429],[105.402795,19.344029],[105.408093,19.338376]]]}},{"type":"Feature","properties":{"code":"17920","name":"Phường Vinh Hưng","type":"Phường"},"geometry":{"type":"Polygon","coordinates":[[[105.659483,18.763778],[105.660784,18.760177],[105.662134,18.760876],[105.667699,18.75702],[105.670962,18.743847],[105.673231,18.725223],[105.66775,18.72624],[105.670764,18.717869],[105.667556,18.714277],[105.675043,18.698707],[105.674713,18.68657],[105.665475,18.687632],[105.663613,18.68607],[105.66469,18.694452],[105.661011,18.694616],[105.660094,18.697918],[105.658737,18.697397],[105.658671,18.694346],[105.654422,18.69305],[105.653783,18.694091],[105.643695,18.688567],[105.637357,18.706749],[105.638751,18.707675],[105.638684,18.713927],[105.633878,18.723683],[105.634992,18.727366],[105.636434,18.727753],[105.63719,18.739207],[105.644745,18.740644],[105.644292,18.742055],[105.645794,18.742422],[105.643587,18.750207],[105.645371,18.750481],[105.640464,18.760633],[105.642302,18.76137],[105.643309,18.758772],[105.645304,18.758735],[105.649919,18.759787],[105.649691,18.76093],[105.655016,18.763608],[105.659483,18.763778]]]}},{"type":"Feature","properties":{"code":"16708","name":"Phường Vinh Lộc","type":"Phường"},"geometry":{"type":"Polygon","coordinates":[[[105.698907,18.767332],[105.702633,18.760779],[105.704928,18.761047],[105.70684,18.757517],[105.708675,18.757851],[105.709079,18.753933],[105.712305,18.75557],[105.711341,18.762138],[105.713351,18.763204],[105.716874,18.762024],[105.717177,18.763681],[105.722618,18.766077],[105.723487,18.764633],[105.726185,18.765543],[105.735346,18.749005],[105.742365,18.746545],[105.743014,18.737167],[105.753775,18.715333],[105.7578,18.702386],[105.750474,18.701638],[105.746016,18.704255],[105.746645,18.699337],[105.743295,18.695295],[105.745738,18.692333],[105.743859,18.687786],[105.741027,18.687517],[105.738332,18.690785],[105.732901,18.689869],[105.732452,18.694225],[105.726842,18.697139],[105.727928,18.699333],[105.723489,18.700554],[105.714532,18.684982],[105.704943,18.685956],[105.704094,18.684104],[105.696374,18.686988],[105.693613,18.690657],[105.69231,18.693836],[105.694494,18.695246],[105.694504,18.699537],[105.696681,18.700178],[105.695086,18.702081],[105.696728,18.702584],[105.69644,18.705106],[105.698194,18.704615],[105.702115,18.708098],[105.708725,18.706327],[105.708235,18.71032],[105.710371,18.709779],[105.713561,18.714409],[105.712841,18.717419],[105.707454,18.723389],[105.706164,18.722319],[105.697454,18.733001],[105.695179,18.739904],[105.694544,18.74492],[105.696949,18.743132],[105.695225,18.747314],[105.698183,18.743759],[105.69359,18.753684],[105.694044,18.755735],[105.692936,18.757297],[105.692044,18.755647],[105.689617,18.758882],[105.693956,18.764478],[105.698907,18.767332]]]}},{"type":"Feature","properties":{"code":"16702","name":"Phường Vinh Phú","type":"Phường"},"geometry":{"type":"Polygon","coordinates":[[[105.676216,18.751881],[105.680391,18.752215],[105.682796,18.753673],[105.681834,18.755787],[105.683109,18.754922],[105.689131,18.758733],[105.692661,18.755368],[105.693069,18.757263],[105.698183,18.743759],[105.695225,18.747314],[105.696949,18.743132],[105.694544,18.74492],[105.695179,18.739904],[105.697454,18.733001],[105.706164,18.722319],[105.707454,18.723389],[105.713119,18.716863],[105.712482,18.711899],[105.71157,18.712414],[105.710371,18.709779],[105.708235,18.71032],[105.708725,18.706327],[105.702115,18.708098],[105.698194,18.704615],[105.69644,18.705106],[105.696728,18.702584],[105.695086,18.702081],[105.696681,18.700178],[105.694504,18.699537],[105.694494,18.695246],[105.69231,18.693836],[105.697078,18.686559],[105.674713,18.68657],[105.675043,18.698707],[105.667556,18.714277],[105.670764,18.717869],[105.66775,18.72624],[105.673231,18.725223],[105.668711,18.753878],[105.671553,18.755001],[105.669796,18.75929],[105.672658,18.759995],[105.676216,18.751881]]]}},{"type":"Feature","properties":{"code":"17479","name":"Xã An Châu","type":"Xã"},"geometry":{"type":"Polygon","coordinates":[[[105.592097,18.963395],[105.596048,18.960006],[105.60012,18.962735],[105.610816,18.961527],[105.620529,18.962831],[105.622261,18.949391],[105.620415,18.949382],[105.622426,18.948984],[105.627984,18.92561],[105.626407,18.924908],[105.626071,18.924371],[105.627228,18.921734],[105.627934,18.922915],[105.626338,18.924612],[105.628441,18.924788],[105.636344,18.897861],[105.639968,18.895056],[105.634846,18.891144],[105.631067,18.885557],[105.624916,18.885135],[105.616867,18.880687],[105.6152,18.881239],[105.613469,18.886518],[105.610158,18.880927],[105.610723,18.876689],[105.600609,18.882159],[105.599376,18.896185],[105.596421,18.900226],[105.598835,18.903729],[105.591672,18.91776],[105.592815,18.920192],[105.591906,18.922103],[105.593548,18.922783],[105.592165,18.923948],[105.594417,18.924764],[105.595405,18.923522],[105.59392,18.929543],[105.595849,18.930016],[105.595924,18.932229],[105.600318,18.931769],[105.596515,18.943549],[105.593294,18.943743],[105.593569,18.9427],[105.589839,18.94172],[105.58724,18.94418],[105.581639,18.94233],[105.578704,18.945161],[105.580757,18.945776],[105.579353,18.948119],[105.57617,18.948182],[105.574632,18.951609],[105.570679,18.946821],[105.568853,18.949898],[105.570892,18.961336],[105.573338,18.962254],[105.57982,18.95757],[105.592097,18.963395]]]}},{"type":"Feature","properties":{"code":"17329","name":"Xã Anh Sơn","type":"Xã"},"geometry":{"type":"Polygon","coordinates":[[[105.052436,19.024762],[105.062423,19.021726],[105.06643,19.024196],[105.069217,19.021472],[105.073097,19.021148],[105.070684,19.016928],[105.074707,19.012408],[105.07257,19.008259],[105.081708,19.010418],[105.084626,19.005909],[105.091695,19.005026],[105.091773,18.999121],[105.098464,18.997289],[105.102202,18.992986],[105.105541,18.993435],[105.107027,18.99651],[105.112106,18.998025],[105.119584,18.995735],[105.123879,18.988784],[105.115064,18.973443],[105.115529,18.962458],[105.10975,18.961064],[105.109973,18.958874],[105.106706,18.959037],[105.105411,18.956895],[105.114251,18.95213],[105.119774,18.947032],[105.11488,18.944502],[105.114436,18.94203],[105.116569,18.939995],[105.113723,18.937137],[105.115679,18.935334],[105.11339,18.934948],[105.110066,18.92985],[105.113606,18.926961],[105.112369,18.919509],[105.109017,18.919433],[105.107638,18.913684],[105.105282,18.911924],[105.101995,18.903519],[105.094137,18.895289],[105.094164,18.889708],[105.089333,18.88571],[105.091651,18.874524],[105.085617,18.871722],[105.07955,18.874402],[105.071207,18.868805],[105.061297,18.856602],[105.050709,18.849647],[105.052787,18.846228],[105.055005,18.846318],[105.055417,18.844094],[105.048894,18.84646],[105.043817,18.841148],[105.034894,18.845227],[105.033155,18.849242],[105.030263,18.850847],[105.026601,18.848068],[105.018254,18.835115],[105.006834,18.827974],[105.005595,18.828826],[105.001491,18.824298],[104.99999,18.820924],[105.000753,18.818332],[104.997963,18.817182],[104.99721,18.813987],[104.988833,18.808383],[104.985481,18.8033],[104.973251,18.796821],[104.964416,18.781467],[104.955283,18.772534],[104.937357,18.759753],[104.938856,18.762465],[104.938225,18.77363],[104.926842,18.779527],[104.923847,18.786264],[104.92042,18.785985],[104.91963,18.78381],[104.913166,18.790845],[104.915626,18.799303],[104.923079,18.813437],[104.920765,18.818646],[104.921664,18.821472],[104.92466,18.826316],[104.930634,18.831161],[104.934167,18.839443],[104.929281,18.846266],[104.922485,18.850561],[104.9217,18.855813],[104.921871,18.858332],[104.925343,18.860959],[104.926103,18.865771],[104.932168,18.875286],[104.947141,18.876503],[104.965292,18.864696],[104.97164,18.864488],[104.975577,18.865852],[104.981491,18.876948],[104.986323,18.879068],[104.987923,18.882047],[104.994756,18.880633],[105.000038,18.884284],[105.010487,18.885609],[105.014015,18.887993],[105.016898,18.893787],[105.023095,18.896245],[105.027837,18.900309],[105.043808,18.901959],[105.055877,18.907696],[105.05622,18.913051],[105.067914,18.914485],[105.071628,18.916481],[105.074981,18.920331],[105.074775,18.922598],[105.080056,18.919415],[105.082002,18.919809],[105.075762,18.927674],[105.077486,18.930018],[105.075535,18.932371],[105.076306,18.939984],[105.064573,18.952601],[105.053775,18.977274],[105.047604,18.986897],[105.042076,18.991776],[105.045692,19.002307],[105.041591,19.00802],[105.039953,19.013888],[105.045198,19.016603],[105.048184,19.021822],[105.051442,19.02218],[105.052436,19.024762]]]}},{"type":"Feature","properties":{"code":"17365","name":"Xã Anh Sơn Đông","type":"Xã"},"geometry":{"type":"Polygon","coordinates":[[[105.224794,18.99825],[105.227444,18.996185],[105.226942,18.988037],[105.23001,18.982243],[105.229715,18.977933],[105.226739,18.975109],[105.234644,18.968806],[105.235072,18.965045],[105.241036,18.960337],[105.241627,18.952292],[105.244298,18.951308],[105.246456,18.947666],[105.242904,18.93663],[105.243946,18.933176],[105.23965,18.932392],[105.239515,18.929528],[105.236666,18.930227],[105.2343,18.926939],[105.227778,18.931349],[105.217838,18.934619],[105.203718,18.933806],[105.180886,18.935647],[105.171231,18.939607],[105.160644,18.94766],[105.151981,18.950585],[105.146054,18.946639],[105.137063,18.935784],[105.128353,18.932043],[105.119774,18.947032],[105.114251,18.95213],[105.105411,18.956895],[105.106706,18.959037],[105.109973,18.958874],[105.10975,18.961064],[105.115529,18.962458],[105.115064,18.973443],[105.11653,18.97777],[105.12022,18.980657],[105.120503,18.983977],[105.12396,18.987967],[105.128459,18.987802],[105.133824,18.982733],[105.136002,18.983718],[105.142436,18.980951],[105.149427,18.980844],[105.154183,18.977591],[105.157155,18.979027],[105.167786,18.975377],[105.173123,18.97795],[105.177993,18.976954],[105.180399,18.977835],[105.180806,18.979747],[105.188768,18.979654],[105.197583,18.985692],[105.200466,18.984229],[105.206295,18.987349],[105.21097,18.987556],[105.216196,18.99401],[105.218125,18.993331],[105.22182,18.997595],[105.224794,18.99825]]]}},{"type":"Feature","properties":{"code":"17230","name":"Xã Bình Chuẩn","type":"Xã"},"geometry":{"type":"Polygon","coordinates":[[[104.975411,19.351734],[104.991326,19.351167],[104.998149,19.344745],[104.999983,19.340051],[104.99881,19.337919],[104.994949,19.336369],[104.993719,19.333138],[104.990045,19.332671],[104.987429,19.329107],[104.982959,19.327536],[104.985416,19.325827],[104.985924,19.32331],[104.992917,19.320615],[104.996799,19.31613],[104.9961,19.310525],[104.997442,19.307259],[104.996293,19.302171],[104.98929,19.298166],[104.985207,19.288174],[104.981745,19.28905],[104.979273,19.286679],[104.980272,19.284445],[104.978927,19.280409],[104.980228,19.279395],[104.978565,19.276495],[104.980435,19.273746],[104.977426,19.270924],[104.979208,19.268716],[104.97695,19.266058],[104.987351,19.263266],[104.982979,19.257446],[104.991167,19.251473],[104.994952,19.245222],[104.991498,19.23785],[104.984892,19.235809],[104.985724,19.232094],[104.984422,19.227324],[104.975534,19.226738],[104.975592,19.223592],[104.973886,19.22392],[104.97428,19.221928],[104.972137,19.220224],[104.974574,19.213635],[104.982025,19.210957],[104.983777,19.208394],[104.987352,19.208069],[104.987403,19.201355],[104.977607,19.198349],[104.975245,19.196269],[104.968991,19.198365],[104.969014,19.19436],[104.96055,19.194079],[104.955929,19.186916],[104.951904,19.188285],[104.946026,19.185011],[104.939983,19.190206],[104.937248,19.189948],[104.925395,19.181191],[104.917699,19.179563],[104.915583,19.180281],[104.91166,19.19109],[104.904925,19.190781],[104.902451,19.187384],[104.897528,19.187821],[104.888763,19.183476],[104.87628,19.185133],[104.868101,19.184266],[104.866057,19.187071],[104.865247,19.184257],[104.853941,19.175389],[104.853295,19.172838],[104.848122,19.17122],[104.841855,19.172637],[104.840913,19.175081],[104.842389,19.17986],[104.844756,19.182803],[104.847158,19.181987],[104.850115,19.190322],[104.851919,19.188583],[104.851889,19.190922],[104.841934,19.199406],[104.838584,19.209181],[104.848065,19.209826],[104.848925,19.213945],[104.846305,19.221048],[104.84695,19.222704],[104.852478,19.224612],[104.851666,19.229958],[104.853285,19.235482],[104.851885,19.23792],[104.858101,19.244486],[104.863731,19.244974],[104.867381,19.243626],[104.87142,19.245482],[104.87223,19.24938],[104.869101,19.252967],[104.872548,19.256936],[104.875304,19.257692],[104.880858,19.253803],[104.890729,19.251676],[104.893082,19.256833],[104.902815,19.263008],[104.901892,19.26857],[104.899024,19.270113],[104.901311,19.275251],[104.898397,19.280947],[104.900181,19.282283],[104.900283,19.287433],[104.897048,19.291162],[104.896984,19.296284],[104.899691,19.3015],[104.908267,19.303937],[104.90905,19.30638],[104.919542,19.311019],[104.926437,19.317113],[104.931646,19.318348],[104.930824,19.32345],[104.932895,19.323894],[104.934857,19.327767],[104.942934,19.330497],[104.952462,19.329916],[104.966935,19.340905],[104.9658,19.343887],[104.971422,19.349406],[104.975411,19.351734]]]}},{"type":"Feature","properties":{"code":"17515","name":"Xã Bình Minh","type":"Xã"},"geometry":{"type":"Polygon","coordinates":[[[105.435573,19.165039],[105.43786,19.16387],[105.438042,19.160007],[105.440802,19.155299],[105.450063,19.150198],[105.45136,19.147741],[105.456055,19.146118],[105.457544,19.140505],[105.461206,19.136268],[105.464455,19.137585],[105.472428,19.145512],[105.477636,19.147283],[105.480415,19.150778],[105.484712,19.151995],[105.487663,19.15478],[105.493685,19.14928],[105.493921,19.142699],[105.500844,19.147573],[105.513357,19.145177],[105.515783,19.140483],[105.524495,19.136827],[105.521518,19.127209],[105.527016,19.129128],[105.53188,19.123642],[105.531303,19.119538],[105.538634,19.119184],[105.539828,19.120625],[105.540931,19.118351],[105.547299,19.117267],[105.549047,19.115575],[105.545048,19.113343],[105.545084,19.111969],[105.548413,19.112448],[105.555298,19.109982],[105.552911,19.102744],[105.562535,19.102333],[105.561631,19.098539],[105.563252,19.097619],[105.563209,19.093024],[105.560145,19.088635],[105.56077,19.086131],[105.555426,19.086754],[105.555574,19.085038],[105.550723,19.082599],[105.551548,19.081071],[105.548605,19.079675],[105.550501,19.07606],[105.534005,19.068207],[105.53182,19.072385],[105.528753,19.072944],[105.52806,19.069978],[105.524253,19.068035],[105.526294,19.062677],[105.521086,19.056177],[105.529624,19.051932],[105.527757,19.046439],[105.516897,19.052046],[105.514441,19.050252],[105.513161,19.05937],[105.502447,19.064769],[105.493053,19.065717],[105.488336,19.074505],[105.486389,19.072456],[105.478133,19.072305],[105.475908,19.076411],[105.468924,19.079221],[105.466055,19.083196],[105.464399,19.088921],[105.465981,19.090453],[105.466103,19.096107],[105.461917,19.09864],[105.456304,19.098005],[105.451746,19.099528],[105.448608,19.102036],[105.449375,19.103892],[105.445037,19.107627],[105.442213,19.113194],[105.433095,19.110296],[105.417764,19.127501],[105.419541,19.129697],[105.422575,19.129556],[105.429226,19.133371],[105.432567,19.137256],[105.43161,19.142662],[105.436244,19.157398],[105.435573,19.165039]]]}},{"type":"Feature","properties":{"code":"17818","name":"Xã Bích Hào","type":"Xã"},"geometry":{"type":"Polygon","coordinates":[[[105.379769,18.689582],[105.381073,18.688047],[105.385361,18.689347],[105.388537,18.687666],[105.387069,18.68595],[105.388952,18.687683],[105.392721,18.684875],[105.394505,18.685888],[105.395664,18.684738],[105.39649,18.686233],[105.399907,18.684402],[105.40415,18.687793],[105.425164,18.675394],[105.436066,18.676227],[105.442641,18.681579],[105.459546,18.668523],[105.47282,18.665614],[105.482664,18.653431],[105.487424,18.650962],[105.494257,18.639226],[105.497248,18.628479],[105.495594,18.625151],[105.497092,18.620465],[105.496228,18.617795],[105.501595,18.611191],[105.493116,18.610409],[105.479862,18.613933],[105.474477,18.607363],[105.469735,18.607927],[105.461705,18.606087],[105.436701,18.59663],[105.434264,18.593948],[105.433134,18.588552],[105.430855,18.58723],[105.423965,18.589541],[105.422787,18.587404],[105.420793,18.587229],[105.419678,18.590418],[105.417742,18.590757],[105.410727,18.587242],[105.409516,18.584339],[105.406377,18.586706],[105.39877,18.583445],[105.397242,18.579808],[105.38587,18.580912],[105.377299,18.578481],[105.372797,18.580826],[105.360856,18.581048],[105.354678,18.586139],[105.343091,18.590569],[105.338633,18.590258],[105.330271,18.601818],[105.336272,18.609658],[105.334886,18.617047],[105.338314,18.620386],[105.33761,18.62439],[105.34149,18.627818],[105.340126,18.633694],[105.341774,18.636154],[105.341209,18.642964],[105.342331,18.644012],[105.339806,18.646207],[105.342159,18.648652],[105.337082,18.653541],[105.344097,18.661112],[105.3432,18.665131],[105.347234,18.664978],[105.347646,18.667962],[105.350585,18.667258],[105.353817,18.669806],[105.35889,18.668953],[105.359748,18.674472],[105.370754,18.672612],[105.374474,18.673627],[105.375971,18.679724],[105.378436,18.681469],[105.377318,18.684315],[105.379769,18.689582]]]}},{"type":"Feature","properties":{"code":"17707","name":"Xã Bạch Hà","type":"Xã"},"geometry":{"type":"Polygon","coordinates":[[[105.469099,18.878363],[105.471722,18.88152],[105.474267,18.880917],[105.476744,18.876728],[105.47952,18.875597],[105.474114,18.866255],[105.474273,18.860348],[105.475844,18.85841],[105.473474,18.854898],[105.480316,18.85137],[105.481347,18.847178],[105.483593,18.847445],[105.48477,18.839304],[105.484152,18.837629],[105.482163,18.837466],[105.481687,18.834526],[105.479426,18.833858],[105.482253,18.826312],[105.47923,18.825897],[105.474788,18.822321],[105.473089,18.823397],[105.472226,18.822322],[105.470019,18.824927],[105.46678,18.825799],[105.466071,18.823233],[105.468228,18.821603],[105.46851,18.818979],[105.46652,18.813183],[105.470659,18.805673],[105.469737,18.803384],[105.471874,18.802303],[105.468869,18.798953],[105.468872,18.789377],[105.470386,18.787545],[105.470762,18.789112],[105.475574,18.783385],[105.475324,18.780658],[105.483323,18.775807],[105.482474,18.773997],[105.466382,18.77483],[105.449672,18.781953],[105.441601,18.788522],[105.432834,18.790745],[105.428065,18.793876],[105.42575,18.786497],[105.422293,18.786135],[105.42166,18.783414],[105.417004,18.784339],[105.416104,18.78221],[105.412595,18.782425],[105.411304,18.780555],[105.4044,18.781676],[105.401568,18.779547],[105.397973,18.780531],[105.395798,18.777703],[105.393375,18.778804],[105.392697,18.782124],[105.400419,18.789125],[105.397758,18.791016],[105.398841,18.793512],[105.393989,18.795105],[105.392879,18.80017],[105.390588,18.799865],[105.382279,18.808729],[105.394016,18.81195],[105.392979,18.813463],[105.394461,18.813689],[105.395422,18.831651],[105.396993,18.831361],[105.398455,18.83443],[105.400443,18.833723],[105.401396,18.836238],[105.403265,18.835621],[105.404309,18.83753],[105.403952,18.840348],[105.40053,18.842594],[105.402601,18.845189],[105.400888,18.848038],[105.406696,18.848239],[105.40424,18.854146],[105.409596,18.856587],[105.410477,18.859008],[105.410964,18.85785],[105.412475,18.859039],[105.413278,18.857327],[105.416736,18.858403],[105.415947,18.860096],[105.417195,18.861222],[105.426285,18.861892],[105.430379,18.866474],[105.434554,18.867759],[105.436211,18.871027],[105.44132,18.872011],[105.442839,18.875307],[105.444954,18.872151],[105.451846,18.877763],[105.45678,18.877957],[105.461041,18.885951],[105.469099,18.878363]]]}},{"type":"Feature","properties":{"code":"17623","name":"Xã Bạch Ngọc","type":"Xã"},"geometry":{"type":"Polygon","coordinates":[[[105.310363,19.013339],[105.314076,19.00858],[105.305679,19.00261],[105.307154,18.997303],[105.304324,18.997824],[105.302499,18.994503],[105.301301,18.995617],[105.300172,18.994374],[105.300907,18.98955],[105.298756,18.991417],[105.298384,18.984955],[105.295358,18.984944],[105.294522,18.982603],[105.277526,18.983468],[105.276928,18.976731],[105.268493,18.974434],[105.280708,18.968299],[105.283066,18.961119],[105.285922,18.959629],[105.284556,18.959584],[105.284613,18.955857],[105.286498,18.955319],[105.287886,18.950816],[105.288917,18.951135],[105.28809,18.940619],[105.291706,18.940709],[105.290318,18.937297],[105.292694,18.933776],[105.291587,18.926834],[105.293695,18.923096],[105.295272,18.913668],[105.287034,18.919431],[105.28592,18.929284],[105.277611,18.93488],[105.272082,18.932197],[105.260364,18.917852],[105.249435,18.915194],[105.243754,18.917167],[105.2343,18.926939],[105.236666,18.930227],[105.239515,18.929528],[105.23965,18.932392],[105.243946,18.933176],[105.242904,18.93663],[105.246456,18.947666],[105.244298,18.951308],[105.241627,18.952292],[105.241036,18.960337],[105.235072,18.965045],[105.234644,18.968806],[105.226739,18.975109],[105.229715,18.977933],[105.23001,18.982243],[105.226942,18.988037],[105.227675,18.995315],[105.22509,18.998243],[105.225726,19.000328],[105.231438,19.006273],[105.241061,19.008056],[105.248994,19.012331],[105.2485,19.01686],[105.253398,19.022345],[105.261032,19.02008],[105.263175,19.021321],[105.267534,19.020593],[105.269151,19.022948],[105.272265,19.022332],[105.273291,19.025212],[105.280685,19.028503],[105.285426,19.034947],[105.292842,19.039276],[105.293417,19.043873],[105.298209,19.049408],[105.305346,19.052154],[105.304649,19.042758],[105.30565,19.041062],[105.310159,19.040981],[105.313184,19.038627],[105.31024,19.037222],[105.313741,19.035155],[105.312504,19.032369],[105.313911,19.029997],[105.312228,19.029134],[105.313116,19.02742],[105.311665,19.024167],[105.312865,19.023868],[105.311669,19.022445],[105.313006,19.018075],[105.310363,19.013339]]]}},{"type":"Feature","properties":{"code":"16819","name":"Xã Bắc Lý","type":"Xã"},"geometry":{"type":"Polygon","coordinates":[[[104.207577,19.700211],[104.251157,19.686508],[104.251118,19.681817],[104.248546,19.681276],[104.267947,19.667747],[104.270029,19.66777],[104.273696,19.663861],[104.279063,19.662398],[104.287601,19.649502],[104.279258,19.632233],[104.271869,19.628287],[104.284158,19.608147],[104.288831,19.608029],[104.287656,19.599272],[104.302582,19.583654],[104.297292,19.577161],[104.298416,19.573603],[104.296589,19.572646],[104.297357,19.571576],[104.294427,19.571682],[104.288897,19.566791],[104.28318,19.566407],[104.278793,19.568831],[104.278191,19.570756],[104.277257,19.566718],[104.268373,19.568089],[104.266282,19.565528],[104.264742,19.571508],[104.257247,19.568773],[104.247985,19.568753],[104.237471,19.574237],[104.231073,19.575678],[104.229907,19.577228],[104.231605,19.576565],[104.231445,19.580988],[104.236816,19.58395],[104.232773,19.586821],[104.234378,19.596124],[104.240476,19.603239],[104.233232,19.607117],[104.232957,19.609346],[104.228322,19.611556],[104.223576,19.617796],[104.214059,19.621396],[104.212545,19.62451],[104.207849,19.626635],[104.208579,19.631502],[104.211703,19.63696],[104.207029,19.64456],[104.208202,19.649908],[104.206961,19.652309],[104.193416,19.649981],[104.182842,19.65556],[104.176737,19.654135],[104.175244,19.660879],[104.172972,19.660295],[104.16742,19.663007],[104.170077,19.666713],[104.164962,19.670507],[104.158005,19.67286],[104.156414,19.68597],[104.160432,19.694871],[104.163867,19.69677],[104.169239,19.692976],[104.173974,19.692366],[104.17368,19.689531],[104.175834,19.687874],[104.180719,19.693349],[104.192119,19.693487],[104.1942,19.695026],[104.200145,19.692429],[104.20332,19.697366],[104.207577,19.700211]]]}},{"type":"Feature","properties":{"code":"17242","name":"Xã Cam Phục","type":"Xã"},"geometry":{"type":"Polygon","coordinates":[[[104.820624,19.21447],[104.824064,19.210068],[104.83287,19.209317],[104.835918,19.210812],[104.838584,19.209181],[104.841934,19.199406],[104.851861,19.191142],[104.851919,19.188583],[104.850115,19.190322],[104.847158,19.181987],[104.844258,19.182487],[104.841019,19.175655],[104.842257,19.172344],[104.848007,19.17122],[104.853295,19.172838],[104.853941,19.175389],[104.865247,19.184257],[104.866057,19.187071],[104.868101,19.184266],[104.87628,19.185133],[104.888763,19.183476],[104.897528,19.187821],[104.902451,19.187384],[104.904925,19.190781],[104.91166,19.19109],[104.915583,19.180281],[104.917699,19.179563],[104.925395,19.181191],[104.937248,19.189948],[104.939983,19.190206],[104.946026,19.185011],[104.951904,19.188285],[104.955929,19.186916],[104.96055,19.194079],[104.969014,19.19436],[104.968991,19.198365],[104.975011,19.196244],[104.980219,19.198813],[104.982092,19.192168],[104.978061,19.184734],[104.982728,19.183875],[104.979341,19.177328],[104.982019,19.173455],[104.982774,19.168118],[104.980389,19.165219],[104.98433,19.160423],[104.98116,19.158663],[104.977899,19.160422],[104.976017,19.159102],[104.972225,19.153738],[104.974519,19.148169],[104.971409,19.145567],[104.959513,19.147775],[104.956803,19.154747],[104.951599,19.158189],[104.934237,19.157763],[104.919916,19.154065],[104.912176,19.154071],[104.909985,19.149326],[104.903354,19.147178],[104.901683,19.140756],[104.89708,19.136091],[104.895473,19.131489],[104.888615,19.129923],[104.886071,19.120388],[104.881471,19.11473],[104.881284,19.108821],[104.883422,19.106455],[104.880185,19.102935],[104.879659,19.099572],[104.876184,19.09746],[104.877057,19.09535],[104.873369,19.092423],[104.871906,19.086473],[104.865957,19.088306],[104.863697,19.090609],[104.861284,19.090195],[104.85967,19.095943],[104.856483,19.09593],[104.853706,19.098398],[104.846131,19.098239],[104.839711,19.102649],[104.839388,19.104401],[104.836366,19.104143],[104.8331,19.106625],[104.827243,19.105127],[104.82507,19.108459],[104.811892,19.105899],[104.812133,19.101704],[104.80924,19.098663],[104.809,19.09557],[104.803219,19.095272],[104.801153,19.091054],[104.799966,19.091187],[104.797358,19.093696],[104.797985,19.098652],[104.794087,19.101886],[104.791262,19.107714],[104.791067,19.113835],[104.7956,19.12088],[104.79511,19.123221],[104.792047,19.126708],[104.778581,19.13353],[104.782878,19.142303],[104.786466,19.145085],[104.782985,19.148952],[104.775865,19.149632],[104.778751,19.15268],[104.777169,19.155443],[104.773115,19.157423],[104.773896,19.161371],[104.77134,19.163752],[104.775059,19.169915],[104.773994,19.182865],[104.776521,19.190056],[104.772443,19.202082],[104.789802,19.203472],[104.803157,19.210774],[104.810424,19.210444],[104.820624,19.21447]]]}},{"type":"Feature","properties":{"code":"16855","name":"Xã Chiêu Lưu","type":"Xã"},"geometry":{"type":"Polygon","coordinates":[[[104.421205,19.464486],[104.428039,19.460724],[104.437528,19.462339],[104.439789,19.458759],[104.444617,19.457079],[104.448494,19.453291],[104.453866,19.452278],[104.454828,19.450462],[104.453134,19.445816],[104.447135,19.438582],[104.442878,19.426306],[104.442592,19.423931],[104.444822,19.424053],[104.444714,19.415793],[104.441378,19.412748],[104.442457,19.403106],[104.440296,19.394281],[104.441661,19.387138],[104.438127,19.380076],[104.425043,19.377263],[104.421263,19.374523],[104.415839,19.376239],[104.410259,19.375336],[104.408414,19.369566],[104.399293,19.378338],[104.38576,19.372309],[104.38283,19.365317],[104.370647,19.373844],[104.372423,19.379447],[104.368266,19.389309],[104.368449,19.396392],[104.365546,19.39834],[104.364637,19.402739],[104.357286,19.409494],[104.354987,19.402939],[104.351362,19.399144],[104.353557,19.390734],[104.351002,19.384313],[104.357265,19.381499],[104.360728,19.381911],[104.350091,19.367288],[104.350664,19.363842],[104.356967,19.364341],[104.353205,19.361842],[104.351366,19.352919],[104.351382,19.348373],[104.35368,19.347021],[104.350608,19.345489],[104.353353,19.337354],[104.352102,19.331803],[104.349283,19.327685],[104.331115,19.320987],[104.329061,19.317782],[104.332312,19.312945],[104.328254,19.310313],[104.323232,19.301791],[104.316317,19.301373],[104.312961,19.298644],[104.306097,19.297621],[104.29386,19.287766],[104.293089,19.285091],[104.289795,19.284602],[104.281984,19.289258],[104.269854,19.290886],[104.266853,19.296519],[104.261035,19.299628],[104.26015,19.306494],[104.251383,19.307851],[104.249748,19.313444],[104.247807,19.312671],[104.246764,19.309585],[104.245071,19.311035],[104.244301,19.318095],[104.240967,19.323002],[104.241884,19.330019],[104.242688,19.333831],[104.245414,19.336635],[104.24562,19.340505],[104.251279,19.347865],[104.246142,19.355195],[104.245211,19.361961],[104.243678,19.362999],[104.24742,19.36639],[104.249063,19.373702],[104.252866,19.376384],[104.260497,19.395943],[104.270629,19.398993],[104.271962,19.40151],[104.275913,19.403304],[104.287195,19.400287],[104.294138,19.404301],[104.303948,19.399282],[104.314089,19.397934],[104.321045,19.393804],[104.337304,19.399179],[104.347395,19.413507],[104.344397,19.418899],[104.348322,19.426287],[104.35313,19.430068],[104.358661,19.43049],[104.366806,19.440978],[104.375245,19.446925],[104.377405,19.45119],[104.385912,19.45047],[104.387002,19.454404],[104.392003,19.454507],[104.39627,19.457034],[104.39857,19.452125],[104.401105,19.451581],[104.405001,19.455538],[104.405466,19.450944],[104.407945,19.452831],[104.410099,19.451021],[104.411759,19.457599],[104.413733,19.453698],[104.416274,19.458457],[104.417498,19.457792],[104.418737,19.463995],[104.420187,19.461937],[104.421205,19.464486]]]}},{"type":"Feature","properties":{"code":"16804","name":"Xã Châu Bình","type":"Xã"},"geometry":{"type":"Polygon","coordinates":[[[105.2575,19.47438],[105.257157,19.469093],[105.253647,19.468879],[105.248723,19.465146],[105.243647,19.466469],[105.241361,19.461601],[105.235387,19.462439],[105.23449,19.466236],[105.227404,19.472465],[105.221598,19.472714],[105.220827,19.466757],[105.218077,19.464307],[105.217535,19.460025],[105.211336,19.454531],[105.205187,19.453912],[105.204129,19.450776],[105.198174,19.447158],[105.191898,19.43124],[105.183024,19.42648],[105.171096,19.429563],[105.166465,19.433912],[105.166475,19.439484],[105.163813,19.439378],[105.15552,19.451361],[105.15052,19.453251],[105.139605,19.463839],[105.138018,19.471229],[105.136026,19.473203],[105.128677,19.474434],[105.129995,19.480663],[105.128902,19.483861],[105.133614,19.492341],[105.136275,19.506518],[105.133742,19.509737],[105.13394,19.520376],[105.129568,19.527388],[105.130895,19.528741],[105.130482,19.538307],[105.134062,19.537281],[105.135735,19.538859],[105.135784,19.545351],[105.134334,19.546249],[105.143358,19.544487],[105.144484,19.53768],[105.147792,19.536465],[105.154564,19.52973],[105.158606,19.529999],[105.162005,19.534223],[105.169459,19.532875],[105.173637,19.534668],[105.182562,19.529988],[105.189458,19.533718],[105.194139,19.530978],[105.201118,19.532691],[105.209496,19.529715],[105.213565,19.531224],[105.212519,19.534603],[105.21676,19.547581],[105.218937,19.542546],[105.227404,19.535924],[105.232841,19.533848],[105.233017,19.529093],[105.235223,19.527289],[105.239113,19.528124],[105.242581,19.526213],[105.24789,19.526058],[105.250612,19.52396],[105.249986,19.521695],[105.251727,19.52002],[105.264815,19.515234],[105.269626,19.515504],[105.274252,19.51887],[105.271288,19.508068],[105.278183,19.505676],[105.279938,19.503233],[105.276886,19.492634],[105.281892,19.493724],[105.289176,19.491587],[105.291175,19.485728],[105.290531,19.482466],[105.291741,19.480339],[105.293601,19.480332],[105.293579,19.475379],[105.295666,19.47072],[105.287404,19.463909],[105.281499,19.467789],[105.276527,19.464968],[105.273582,19.466209],[105.270443,19.471837],[105.260888,19.477541],[105.2575,19.47438]]]}},{"type":"Feature","properties":{"code":"17044","name":"Xã Châu Hồng","type":"Xã"},"geometry":{"type":"Polygon","coordinates":[[[105.123719,19.474972],[105.13637,19.472961],[105.138588,19.470136],[105.139605,19.463839],[105.15052,19.453251],[105.15552,19.451361],[105.163813,19.439378],[105.166475,19.439484],[105.166465,19.433912],[105.170735,19.429937],[105.162417,19.422196],[105.158546,19.421103],[105.154177,19.412672],[105.149154,19.411649],[105.139418,19.39948],[105.135586,19.398519],[105.131809,19.394401],[105.126179,19.39394],[105.117811,19.383076],[105.112552,19.379575],[105.107387,19.378598],[105.10634,19.373504],[105.097881,19.361102],[105.093347,19.359545],[105.087822,19.361153],[105.083492,19.359956],[105.071286,19.35288],[105.065694,19.354895],[105.060689,19.35127],[105.049701,19.34921],[105.043262,19.341756],[105.038263,19.340112],[105.031886,19.342658],[105.032545,19.347755],[105.025866,19.346875],[105.023862,19.350877],[105.020638,19.351058],[105.022035,19.356799],[105.020092,19.359037],[105.019734,19.362797],[105.0176,19.364147],[105.014699,19.362952],[105.008675,19.368717],[105.001305,19.372487],[104.997956,19.367699],[104.99348,19.367312],[104.992296,19.371373],[105.003632,19.381003],[105.006112,19.392529],[105.008914,19.39672],[105.008042,19.402941],[105.018016,19.411265],[105.015706,19.414622],[105.018418,19.419842],[105.01781,19.427339],[105.024664,19.42806],[105.032925,19.426576],[105.035489,19.427645],[105.042524,19.437126],[105.052122,19.442377],[105.057931,19.441855],[105.064815,19.437837],[105.07171,19.437376],[105.091489,19.441805],[105.09561,19.444873],[105.104388,19.444542],[105.107604,19.448807],[105.111594,19.448214],[105.116965,19.451421],[105.1178,19.455449],[105.120985,19.458506],[105.119355,19.460915],[105.118396,19.470913],[105.121055,19.470849],[105.121021,19.472899],[105.123719,19.474972]]]}},{"type":"Feature","properties":{"code":"17248","name":"Xã Châu Khê","type":"Xã"},"geometry":{"type":"Polygon","coordinates":[[[104.766446,19.213517],[104.769008,19.211871],[104.768549,19.205371],[104.769657,19.202831],[104.773591,19.200927],[104.776521,19.190056],[104.773994,19.182865],[104.775059,19.169915],[104.77134,19.163954],[104.773896,19.161371],[104.773115,19.157423],[104.777169,19.155443],[104.778751,19.15268],[104.776075,19.149433],[104.782985,19.148952],[104.786311,19.146219],[104.778581,19.13353],[104.792047,19.126708],[104.79511,19.123221],[104.7956,19.12088],[104.791067,19.113835],[104.791262,19.107714],[104.793397,19.102843],[104.798219,19.097999],[104.797736,19.093062],[104.780553,19.078897],[104.783161,19.075564],[104.78123,19.071509],[104.784074,19.0679],[104.783626,19.064142],[104.780921,19.060446],[104.783275,19.058297],[104.782462,19.050857],[104.780672,19.048555],[104.781207,19.043667],[104.780035,19.039907],[104.771823,19.032307],[104.777686,19.02527],[104.785492,19.020157],[104.787821,19.015124],[104.793831,19.010407],[104.794207,19.002976],[104.799217,18.996763],[104.798242,18.994048],[104.801007,18.992197],[104.801522,18.988366],[104.798267,18.984724],[104.79688,18.978362],[104.794678,18.97617],[104.792463,18.978115],[104.784252,18.97615],[104.777848,18.972216],[104.770652,18.96372],[104.766845,18.961508],[104.772998,18.946931],[104.766595,18.938596],[104.765238,18.932735],[104.769854,18.927673],[104.770202,18.924164],[104.772452,18.921556],[104.771752,18.919051],[104.775228,18.913767],[104.767636,18.903261],[104.763803,18.902322],[104.746713,18.909854],[104.72433,18.912027],[104.71658,18.905066],[104.713999,18.896771],[104.705633,18.884411],[104.700036,18.878983],[104.698271,18.873942],[104.68975,18.864485],[104.682087,18.86327],[104.6688,18.853085],[104.663937,18.857441],[104.658475,18.859271],[104.655789,18.865089],[104.647063,18.868299],[104.636112,18.869743],[104.634238,18.87381],[104.630495,18.875573],[104.627079,18.879656],[104.629798,18.885393],[104.628634,18.887359],[104.621228,18.891583],[104.616228,18.89396],[104.608764,18.893196],[104.605163,18.896825],[104.596436,18.898356],[104.588899,18.903874],[104.579649,18.901198],[104.578236,18.91158],[104.572468,18.915421],[104.572082,18.920945],[104.566594,18.926218],[104.56515,18.934012],[104.561615,18.940075],[104.557236,18.940842],[104.554734,18.94583],[104.550837,18.947936],[104.545729,18.954336],[104.543654,18.959375],[104.545357,18.966319],[104.543497,18.974118],[104.529484,18.985615],[104.534912,18.989205],[104.538264,18.994072],[104.547491,18.998894],[104.547022,19.003407],[104.559031,19.01222],[104.560323,19.015835],[104.56215,19.016377],[104.561166,19.023049],[104.563222,19.02576],[104.568864,19.02559],[104.575593,19.022062],[104.582942,19.024367],[104.58977,19.02048],[104.594309,19.019702],[104.598883,19.025063],[104.606345,19.028138],[104.613872,19.02888],[104.621181,19.034898],[104.627187,19.035987],[104.630885,19.03959],[104.640297,19.03794],[104.641658,19.041677],[104.649519,19.051112],[104.650051,19.056668],[104.654178,19.05846],[104.65651,19.061743],[104.660804,19.061437],[104.665539,19.067896],[104.667066,19.075717],[104.675474,19.078025],[104.680172,19.085372],[104.678876,19.090115],[104.681287,19.093853],[104.68695,19.099388],[104.692255,19.102132],[104.694206,19.106189],[104.697444,19.105965],[104.699197,19.108679],[104.702838,19.109013],[104.702776,19.114459],[104.708288,19.118724],[104.71613,19.136315],[104.714129,19.136839],[104.713015,19.139849],[104.714934,19.142675],[104.718613,19.143685],[104.718409,19.149143],[104.723271,19.158124],[104.723662,19.160453],[104.719799,19.165808],[104.721207,19.168911],[104.718988,19.176523],[104.725616,19.187363],[104.724802,19.188409],[104.73047,19.191429],[104.732569,19.198935],[104.739062,19.201108],[104.746802,19.200494],[104.751607,19.202434],[104.755502,19.204735],[104.756502,19.208944],[104.758873,19.209823],[104.760278,19.212597],[104.766446,19.213517]]]}},{"type":"Feature","properties":{"code":"17056","name":"Xã Châu Lộc","type":"Xã"},"geometry":{"type":"Polygon","coordinates":[[[105.122519,19.389286],[105.126179,19.39394],[105.131809,19.394401],[105.135586,19.398519],[105.139418,19.39948],[105.149154,19.411649],[105.154177,19.412672],[105.158546,19.421103],[105.162417,19.422196],[105.170735,19.429937],[105.183024,19.42648],[105.186864,19.429395],[105.192033,19.425544],[105.194954,19.41982],[105.194341,19.417782],[105.208905,19.422602],[105.218771,19.423033],[105.222288,19.417445],[105.226097,19.416481],[105.227314,19.414186],[105.231116,19.414791],[105.243169,19.391849],[105.255099,19.381703],[105.244022,19.375757],[105.243987,19.363017],[105.240992,19.356746],[105.244404,19.352392],[105.240604,19.349629],[105.24209,19.349172],[105.24065,19.345091],[105.236247,19.343826],[105.230735,19.345727],[105.226974,19.349687],[105.221532,19.349593],[105.213447,19.355249],[105.200519,19.354953],[105.199859,19.348801],[105.19781,19.346851],[105.18711,19.348924],[105.184804,19.350659],[105.174986,19.350159],[105.159841,19.352442],[105.15905,19.35691],[105.139196,19.361286],[105.138195,19.368216],[105.135323,19.369243],[105.129445,19.380702],[105.122519,19.389286]]]}},{"type":"Feature","properties":{"code":"16792","name":"Xã Châu Tiến","type":"Xã"},"geometry":{"type":"Polygon","coordinates":[[[105.08333,19.749024],[105.093971,19.748312],[105.098077,19.745555],[105.10963,19.748595],[105.119704,19.740913],[105.130385,19.744382],[105.133108,19.74376],[105.139466,19.736819],[105.142595,19.736596],[105.148747,19.731438],[105.149725,19.728019],[105.155263,19.723337],[105.158503,19.724222],[105.162092,19.72277],[105.161445,19.716192],[105.154188,19.710828],[105.153107,19.707712],[105.157112,19.70521],[105.160553,19.699343],[105.164921,19.699171],[105.163352,19.686167],[105.170942,19.67982],[105.173501,19.665107],[105.167092,19.668219],[105.163689,19.667332],[105.152618,19.651011],[105.147403,19.649657],[105.141066,19.643123],[105.139822,19.637851],[105.13314,19.631484],[105.123576,19.633314],[105.119321,19.632176],[105.116048,19.633147],[105.112709,19.631176],[105.109292,19.634394],[105.105332,19.634804],[105.098701,19.626641],[105.096021,19.629333],[105.090518,19.628244],[105.085382,19.624251],[105.074935,19.625098],[105.06832,19.619764],[105.066046,19.614828],[105.05974,19.611999],[105.055121,19.611016],[105.053666,19.612138],[105.054258,19.603546],[105.052837,19.599926],[105.043337,19.596121],[105.038984,19.595956],[105.038664,19.592109],[105.041632,19.580798],[105.049265,19.573975],[105.046832,19.565315],[105.053216,19.561004],[105.059886,19.552225],[105.053509,19.550513],[105.052345,19.548331],[105.053579,19.545928],[105.050911,19.544334],[105.04972,19.546612],[105.043237,19.550604],[105.036369,19.549378],[105.035053,19.550506],[105.023276,19.550337],[105.019464,19.543938],[105.014258,19.542984],[105.009253,19.539093],[105.00676,19.539593],[105.004744,19.542065],[105.006859,19.544965],[105.005646,19.550081],[105.003639,19.551511],[104.998315,19.550447],[104.991604,19.55167],[104.981244,19.56468],[104.974495,19.56946],[104.976803,19.575282],[104.972084,19.580195],[104.974702,19.590066],[104.97716,19.588134],[104.986436,19.587869],[104.99069,19.593497],[104.989712,19.597702],[104.99895,19.599629],[105.003823,19.603495],[105.000495,19.606371],[104.999654,19.612817],[104.99355,19.616609],[104.99119,19.620041],[104.993417,19.625836],[104.992614,19.635841],[104.997956,19.640626],[105.002225,19.647457],[105.001937,19.650204],[104.989609,19.661331],[104.989774,19.66968],[104.991708,19.669538],[104.993839,19.671981],[104.991789,19.676544],[104.995817,19.681444],[104.99373,19.690128],[104.999076,19.692907],[105.002865,19.697581],[105.009398,19.693676],[105.011948,19.695384],[105.015587,19.692962],[105.019798,19.695229],[105.023348,19.707695],[105.023124,19.712424],[105.027134,19.715137],[105.026172,19.720108],[105.029783,19.72314],[105.042439,19.720943],[105.046997,19.725187],[105.0526,19.723644],[105.057694,19.724527],[105.063321,19.71916],[105.066101,19.720561],[105.06867,19.722181],[105.069629,19.726162],[105.078736,19.729253],[105.080069,19.733082],[105.075698,19.741832],[105.08333,19.749024]]]}},{"type":"Feature","properties":{"code":"17254","name":"Xã Con Cuông","type":"Xã"},"geometry":{"type":"Polygon","coordinates":[[[104.825862,19.107992],[104.827243,19.105127],[104.8331,19.106625],[104.836366,19.104143],[104.839388,19.104401],[104.839711,19.102649],[104.846131,19.098239],[104.853706,19.098398],[104.856483,19.09593],[104.85967,19.095943],[104.861284,19.090195],[104.863697,19.090609],[104.865957,19.088306],[104.871906,19.086473],[104.874703,19.082333],[104.88036,19.078638],[104.894875,19.075399],[104.899999,19.078499],[104.901848,19.077058],[104.90308,19.073747],[104.900739,19.064997],[104.908344,19.060699],[104.901016,19.052968],[104.899372,19.044186],[104.906614,19.042547],[104.916476,19.045341],[104.927992,19.042535],[104.927388,19.040812],[104.931416,19.033674],[104.926626,19.031346],[104.928522,19.029206],[104.925709,19.025699],[104.926381,19.022019],[104.93111,19.016506],[104.937386,19.016647],[104.939854,19.012867],[104.935426,19.01061],[104.936727,19.005504],[104.935005,18.996852],[104.928667,18.996224],[104.927087,18.993773],[104.920597,18.993029],[104.91508,18.996973],[104.91154,18.995286],[104.912465,18.993438],[104.909639,18.992255],[104.906412,18.993385],[104.904813,18.991432],[104.900193,18.992588],[104.894442,18.990928],[104.888371,18.993293],[104.886589,18.996208],[104.883425,18.995431],[104.882137,18.997523],[104.877523,18.997637],[104.871652,19.001209],[104.868899,18.998609],[104.872576,18.997462],[104.866466,18.997945],[104.865664,18.99313],[104.861361,18.989217],[104.849181,18.990609],[104.847235,18.989078],[104.84026,18.989093],[104.832762,18.986523],[104.827926,18.989727],[104.816413,18.989731],[104.811676,18.987322],[104.805163,18.987713],[104.800033,18.985967],[104.801421,18.991469],[104.798288,18.993949],[104.799217,18.996763],[104.794344,19.002633],[104.793831,19.010407],[104.787821,19.015124],[104.785492,19.020157],[104.777686,19.02527],[104.771869,19.032078],[104.772982,19.034705],[104.780035,19.039907],[104.781207,19.043667],[104.780672,19.048555],[104.782462,19.050857],[104.783275,19.058297],[104.780921,19.060446],[104.783626,19.064142],[104.784074,19.0679],[104.78123,19.071509],[104.783161,19.075564],[104.780516,19.078729],[104.796017,19.092384],[104.797736,19.093062],[104.801153,19.091054],[104.803219,19.095272],[104.809,19.09557],[104.80924,19.098663],[104.812133,19.101704],[104.811892,19.105899],[104.825862,19.107992]]]}},{"type":"Feature","properties":{"code":"17728","name":"Xã Cát Ngạn","type":"Xã"},"geometry":{"type":"Polygon","coordinates":[[[105.258031,18.891013],[105.277538,18.886681],[105.292659,18.888566],[105.297431,18.884899],[105.297424,18.881212],[105.291058,18.872399],[105.29536,18.863051],[105.295218,18.856552],[105.28388,18.853472],[105.278486,18.850549],[105.276183,18.847076],[105.278676,18.842268],[105.277874,18.837986],[105.279798,18.834636],[105.27794,18.831568],[105.282146,18.823384],[105.281139,18.822273],[105.276809,18.823451],[105.271144,18.829521],[105.259822,18.82842],[105.249043,18.836679],[105.240899,18.829672],[105.235277,18.820769],[105.232536,18.820588],[105.22904,18.825891],[105.229839,18.827732],[105.233338,18.828128],[105.233393,18.829635],[105.225217,18.830467],[105.220804,18.833227],[105.218529,18.838485],[105.212035,18.838808],[105.207736,18.847407],[105.199237,18.846671],[105.191403,18.853545],[105.191753,18.856124],[105.189029,18.858917],[105.189205,18.867681],[105.185875,18.872117],[105.187497,18.878968],[105.192138,18.881253],[105.192445,18.885361],[105.194873,18.88671],[105.197341,18.886789],[105.198557,18.884749],[105.202258,18.888161],[105.211776,18.886952],[105.212977,18.882974],[105.214704,18.884721],[105.219122,18.882428],[105.220615,18.883421],[105.223056,18.878657],[105.226597,18.879882],[105.234191,18.874289],[105.241389,18.874297],[105.249914,18.88067],[105.252286,18.887685],[105.258215,18.888191],[105.258031,18.891013]]]}},{"type":"Feature","properties":{"code":"17464","name":"Xã Diễn Châu","type":"Xã"},"geometry":{"type":"Polygon","coordinates":[[[105.604195,19.019038],[105.615408,19.013453],[105.617067,19.006609],[105.614767,19.003054],[105.60724,19.000257],[105.606962,18.990947],[105.608817,18.986828],[105.612512,18.982925],[105.615801,18.981932],[105.618971,18.977419],[105.620529,18.962831],[105.610816,18.961527],[105.60012,18.962735],[105.596048,18.960006],[105.591324,18.963707],[105.584185,18.959056],[105.578384,18.957548],[105.576599,18.960802],[105.568177,18.963052],[105.568365,18.967341],[105.570545,18.967808],[105.568598,18.97384],[105.571645,18.973931],[105.572509,18.971059],[105.574552,18.970794],[105.574567,18.975349],[105.578745,18.97476],[105.578415,18.98116],[105.577415,18.979797],[105.575082,18.984786],[105.578192,18.989326],[105.577363,18.998356],[105.578943,18.999585],[105.57685,18.999602],[105.576642,19.002357],[105.578246,19.003937],[105.581846,19.003548],[105.582431,19.001679],[105.584514,19.001396],[105.591535,19.004123],[105.592446,19.005708],[105.5911,19.009462],[105.594141,19.010939],[105.592691,19.015541],[105.596086,19.015753],[105.596001,19.018007],[105.598315,19.018483],[105.598901,19.015939],[105.604195,19.019038]]]}},{"type":"Feature","properties":{"code":"17524","name":"Xã Giai Lạc","type":"Xã"},"geometry":{"type":"Polygon","coordinates":[[[105.434877,19.165424],[105.436285,19.157665],[105.431666,19.143021],[105.432567,19.137256],[105.429226,19.133371],[105.422575,19.129556],[105.419541,19.129697],[105.417764,19.127501],[105.433095,19.110296],[105.442213,19.113194],[105.445037,19.107627],[105.449375,19.103892],[105.448608,19.102036],[105.451746,19.099528],[105.456304,19.098005],[105.461917,19.09864],[105.466103,19.096107],[105.465981,19.090453],[105.464399,19.088921],[105.466055,19.083196],[105.468924,19.079221],[105.475908,19.076411],[105.478133,19.072305],[105.486389,19.072456],[105.488336,19.074505],[105.493053,19.065717],[105.502447,19.064769],[105.513198,19.059335],[105.514441,19.050252],[105.510381,19.047429],[105.512508,19.044638],[105.507208,19.04509],[105.508619,19.041054],[105.506536,19.039014],[105.507299,19.035126],[105.504701,19.033708],[105.497019,19.037413],[105.490111,19.02238],[105.486611,19.020348],[105.47803,19.020492],[105.477356,19.018378],[105.474809,19.019201],[105.475191,19.020862],[105.473055,19.022234],[105.472817,19.018537],[105.469688,19.022952],[105.468758,19.0215],[105.467026,19.022821],[105.466459,19.021745],[105.461723,19.025858],[105.452353,19.025883],[105.445687,19.024005],[105.43959,19.027131],[105.439896,19.032127],[105.435943,19.035735],[105.438607,19.039838],[105.436591,19.040296],[105.437984,19.042596],[105.435271,19.044983],[105.436189,19.047162],[105.433317,19.049982],[105.423388,19.049827],[105.424605,19.051264],[105.419985,19.054507],[105.422189,19.061248],[105.417252,19.063486],[105.41295,19.069293],[105.412329,19.074558],[105.419034,19.079539],[105.419367,19.081478],[105.4223,19.082175],[105.42109,19.086494],[105.417544,19.087389],[105.413478,19.083675],[105.412961,19.087467],[105.408809,19.089586],[105.397916,19.10349],[105.396901,19.106715],[105.393931,19.10815],[105.391826,19.118181],[105.382201,19.111811],[105.377229,19.110589],[105.369927,19.117835],[105.370482,19.12092],[105.378267,19.121579],[105.389312,19.129952],[105.394181,19.136875],[105.398869,19.138633],[105.404969,19.144879],[105.406405,19.148277],[105.41212,19.149896],[105.422399,19.158745],[105.429128,19.16115],[105.434877,19.165424]]]}},{"type":"Feature","properties":{"code":"17278","name":"Xã Giai Xuân","type":"Xã"},"geometry":{"type":"Polygon","coordinates":[[[105.182968,19.22353],[105.192346,19.22718],[105.191582,19.225473],[105.193747,19.222827],[105.19765,19.222461],[105.19889,19.224814],[105.205737,19.224622],[105.211116,19.2201],[105.216214,19.223526],[105.219278,19.219489],[105.226677,19.214824],[105.225877,19.210414],[105.226683,19.209075],[105.228329,19.210958],[105.231687,19.20964],[105.235595,19.213084],[105.240018,19.211468],[105.242777,19.213088],[105.249754,19.206411],[105.248067,19.199797],[105.259178,19.197586],[105.263674,19.19914],[105.268885,19.194114],[105.254105,19.191007],[105.251156,19.188342],[105.258261,19.180925],[105.259775,19.183634],[105.262235,19.18145],[105.266667,19.181963],[105.264393,19.173647],[105.261897,19.171393],[105.266625,19.170297],[105.266535,19.168526],[105.271837,19.164624],[105.274972,19.154165],[105.268555,19.152811],[105.263791,19.154941],[105.262326,19.158032],[105.260619,19.157732],[105.256753,19.152228],[105.251772,19.148866],[105.251002,19.143365],[105.255709,19.140344],[105.25205,19.13561],[105.251162,19.126093],[105.248802,19.124013],[105.240572,19.124197],[105.235167,19.130543],[105.231753,19.131392],[105.231681,19.134149],[105.228017,19.137322],[105.221894,19.135644],[105.215077,19.143519],[105.209905,19.141156],[105.208273,19.135255],[105.199764,19.133596],[105.194319,19.129897],[105.192815,19.132254],[105.186204,19.130119],[105.183479,19.132294],[105.180408,19.129561],[105.173792,19.133882],[105.169713,19.13215],[105.16997,19.133264],[105.161606,19.138573],[105.153026,19.133036],[105.153324,19.130951],[105.150632,19.128608],[105.143597,19.127412],[105.146292,19.137661],[105.145882,19.147787],[105.156553,19.153795],[105.163791,19.161158],[105.164273,19.164653],[105.167188,19.165274],[105.167613,19.168982],[105.163363,19.169456],[105.159936,19.172475],[105.158043,19.171168],[105.152293,19.172788],[105.14613,19.172338],[105.146014,19.170719],[105.139434,19.17151],[105.131588,19.168194],[105.120545,19.168413],[105.118753,19.170457],[105.119781,19.180918],[105.112506,19.185023],[105.112649,19.187733],[105.117175,19.191998],[105.120166,19.192705],[105.121779,19.197591],[105.140671,19.200004],[105.143838,19.204151],[105.143266,19.210446],[105.148766,19.210914],[105.154,19.215028],[105.156623,19.220793],[105.15228,19.223094],[105.155663,19.225252],[105.158904,19.223836],[105.163754,19.226398],[105.175458,19.222478],[105.182968,19.22353]]]}},{"type":"Feature","properties":{"code":"17770","name":"Xã Hoa Quân","type":"Xã"},"geometry":{"type":"Polygon","coordinates":[[[105.266018,18.798481],[105.274423,18.793779],[105.277551,18.787263],[105.292451,18.786478],[105.298238,18.783814],[105.29775,18.782336],[105.299446,18.781119],[105.302844,18.781444],[105.303863,18.77863],[105.311934,18.77701],[105.316206,18.769496],[105.31446,18.76464],[105.31487,18.758536],[105.320499,18.751104],[105.32633,18.749602],[105.33096,18.753227],[105.336336,18.753401],[105.344181,18.756245],[105.347778,18.755743],[105.353963,18.747959],[105.359311,18.736877],[105.368875,18.730142],[105.362425,18.72821],[105.362404,18.730908],[105.35961,18.73334],[105.355617,18.731913],[105.35487,18.734805],[105.348506,18.733231],[105.351999,18.726911],[105.347508,18.72588],[105.34719,18.721594],[105.348686,18.719272],[105.34594,18.717955],[105.346434,18.713826],[105.336118,18.713221],[105.332863,18.715764],[105.333361,18.718759],[105.329701,18.719022],[105.326263,18.715328],[105.323367,18.714884],[105.318971,18.708615],[105.315171,18.709955],[105.312814,18.713278],[105.309492,18.711531],[105.299704,18.713789],[105.298292,18.716997],[105.291135,18.72229],[105.286156,18.72005],[105.278579,18.722021],[105.27539,18.715193],[105.267605,18.712391],[105.267787,18.705302],[105.257911,18.702333],[105.249415,18.696671],[105.246199,18.697579],[105.242924,18.695412],[105.230352,18.674348],[105.222329,18.666873],[105.220999,18.663312],[105.209256,18.665401],[105.208313,18.666244],[105.210863,18.672188],[105.215359,18.679443],[105.222872,18.684869],[105.222062,18.69053],[105.225906,18.698925],[105.229466,18.701598],[105.231316,18.705735],[105.229886,18.716935],[105.231106,18.720992],[105.232668,18.722749],[105.235027,18.722615],[105.234303,18.726913],[105.237767,18.732411],[105.234838,18.73432],[105.235353,18.736555],[105.231301,18.736722],[105.22904,18.740213],[105.226086,18.738249],[105.223045,18.739518],[105.223376,18.748804],[105.224624,18.74956],[105.225912,18.748081],[105.225683,18.752167],[105.218008,18.754685],[105.21899,18.756194],[105.214808,18.753786],[105.212549,18.75446],[105.213214,18.75611],[105.211495,18.759102],[105.2133,18.761189],[105.20579,18.768525],[105.206608,18.770995],[105.211888,18.77739],[105.217048,18.776686],[105.222192,18.773225],[105.225614,18.776121],[105.231754,18.777912],[105.232271,18.781208],[105.24292,18.789038],[105.243671,18.794375],[105.255799,18.79318],[105.258643,18.797096],[105.263423,18.795355],[105.266018,18.798481]]]}},{"type":"Feature","properties":{"code":"16828","name":"Xã Huồi Tụ","type":"Xã"},"geometry":{"type":"Polygon","coordinates":[[[104.30201,19.583298],[104.322091,19.580095],[104.322642,19.57575],[104.321012,19.575253],[104.318662,19.570154],[104.316302,19.570914],[104.311831,19.569116],[104.307354,19.561907],[104.312412,19.560631],[104.314486,19.55819],[104.317042,19.558444],[104.318892,19.560389],[104.319085,19.560497],[104.319202,19.56049],[104.322796,19.55602],[104.323615,19.554493],[104.319997,19.550344],[104.321548,19.54235],[104.331012,19.533399],[104.332399,19.529952],[104.326979,19.527355],[104.323958,19.523153],[104.321285,19.518912],[104.321271,19.512208],[104.317275,19.508891],[104.315149,19.503261],[104.305221,19.505445],[104.297193,19.50463],[104.296257,19.503047],[104.291809,19.509779],[104.286412,19.509312],[104.283866,19.505417],[104.280628,19.503669],[104.279489,19.499493],[104.275963,19.500388],[104.271138,19.492776],[104.270574,19.493977],[104.269851,19.492504],[104.267856,19.492973],[104.261724,19.490028],[104.263149,19.488909],[104.26323,19.483298],[104.26432,19.484215],[104.261734,19.480002],[104.250037,19.475083],[104.245467,19.469807],[104.243146,19.463468],[104.232637,19.460681],[104.222177,19.468229],[104.216891,19.485871],[104.209524,19.484258],[104.206829,19.486398],[104.202301,19.484305],[104.200801,19.487169],[104.196471,19.486633],[104.193327,19.488922],[104.185044,19.489979],[104.18306,19.493002],[104.183794,19.495194],[104.181467,19.495849],[104.179991,19.498954],[104.183303,19.507019],[104.189034,19.511712],[104.195352,19.513963],[104.196776,19.515945],[104.203323,19.515255],[104.205886,19.516759],[104.206535,19.513508],[104.21229,19.515284],[104.215918,19.513942],[104.227978,19.520054],[104.227964,19.527759],[104.229552,19.530397],[104.227932,19.531566],[104.228185,19.534469],[104.230356,19.541548],[104.228375,19.544624],[104.21845,19.547257],[104.209147,19.551419],[104.208035,19.553312],[104.210351,19.553177],[104.208502,19.557566],[104.211861,19.557026],[104.212718,19.558899],[104.215851,19.559012],[104.215241,19.561699],[104.221048,19.565094],[104.220936,19.566826],[104.223607,19.566669],[104.230428,19.575156],[104.229901,19.576898],[104.247985,19.568753],[104.257247,19.568773],[104.264742,19.571508],[104.266282,19.565528],[104.268373,19.568089],[104.277257,19.566718],[104.278191,19.570756],[104.278793,19.568831],[104.28318,19.566407],[104.288743,19.566752],[104.294427,19.571682],[104.297357,19.571576],[104.296589,19.572646],[104.298416,19.573603],[104.297359,19.577312],[104.30201,19.583298]]]}},{"type":"Feature","properties":{"code":"16801","name":"Xã Hùng Chân","type":"Xã"},"geometry":{"type":"Polygon","coordinates":[[[105.023027,19.550246],[105.036369,19.549378],[105.043237,19.550604],[105.050101,19.54626],[105.048973,19.539659],[105.051631,19.533463],[105.059911,19.530058],[105.058772,19.523307],[105.056313,19.51998],[105.058065,19.510221],[105.063314,19.511373],[105.064733,19.50824],[105.069115,19.504891],[105.074246,19.504688],[105.076086,19.502168],[105.081479,19.499915],[105.084522,19.504304],[105.086876,19.504936],[105.090204,19.502984],[105.095405,19.494323],[105.098993,19.495381],[105.101701,19.493398],[105.105537,19.494009],[105.115162,19.479333],[105.120881,19.475812],[105.121077,19.470882],[105.118274,19.470605],[105.119355,19.460915],[105.12095,19.458398],[105.1178,19.455449],[105.116043,19.450322],[105.111266,19.448137],[105.107604,19.448807],[105.104155,19.444453],[105.09561,19.444873],[105.091489,19.441805],[105.07171,19.437376],[105.064815,19.437837],[105.057931,19.441855],[105.052122,19.442377],[105.042524,19.437126],[105.035489,19.427645],[105.032925,19.426576],[105.024664,19.42806],[105.01781,19.427339],[105.018418,19.419842],[105.015706,19.414622],[105.018016,19.411265],[105.008042,19.402941],[105.008914,19.39672],[105.006112,19.392529],[105.00352,19.380769],[104.992296,19.371373],[104.992535,19.368458],[104.984884,19.361993],[104.985162,19.357496],[104.980891,19.352278],[104.975411,19.351734],[104.971422,19.349406],[104.9658,19.343887],[104.966935,19.340905],[104.952462,19.329916],[104.938935,19.329705],[104.934451,19.327449],[104.932716,19.323709],[104.928989,19.323841],[104.919281,19.332642],[104.918996,19.334429],[104.915304,19.335253],[104.911559,19.340242],[104.896814,19.344415],[104.892013,19.347349],[104.885362,19.357986],[104.880831,19.360774],[104.874071,19.368374],[104.8643,19.368794],[104.857651,19.3782],[104.850594,19.383345],[104.847056,19.392137],[104.833089,19.396967],[104.823368,19.409875],[104.817906,19.412883],[104.828533,19.419081],[104.834054,19.420393],[104.839768,19.424882],[104.847675,19.426217],[104.848257,19.42793],[104.851141,19.428352],[104.855694,19.43206],[104.859957,19.429524],[104.871619,19.439617],[104.876964,19.440717],[104.884421,19.450177],[104.891962,19.448402],[104.895432,19.449207],[104.901939,19.458003],[104.901772,19.460792],[104.904392,19.464034],[104.90318,19.466962],[104.906913,19.471012],[104.913503,19.471962],[104.920389,19.475427],[104.932162,19.474168],[104.940297,19.476264],[104.949426,19.486302],[104.948826,19.491075],[104.955249,19.495407],[104.958998,19.502292],[104.965667,19.501817],[104.96979,19.505746],[104.973673,19.504431],[104.975031,19.506005],[104.973966,19.509187],[104.975256,19.514547],[104.97933,19.516711],[104.983305,19.526186],[104.993542,19.531709],[104.991735,19.538222],[104.996816,19.538399],[105.002821,19.542411],[105.009253,19.539093],[105.014258,19.542984],[105.019494,19.543961],[105.023027,19.550246]]]}},{"type":"Feature","properties":{"code":"17395","name":"Xã Hùng Châu","type":"Xã"},"geometry":{"type":"Polygon","coordinates":[[[105.547414,19.170526],[105.550084,19.165841],[105.554043,19.162997],[105.558167,19.162168],[105.556914,19.155253],[105.559434,19.152448],[105.5608,19.15376],[105.564685,19.150437],[105.561449,19.147569],[105.561416,19.144565],[105.563834,19.143053],[105.565705,19.144378],[105.571784,19.143228],[105.57412,19.139208],[105.579264,19.136597],[105.579648,19.132937],[105.585774,19.13149],[105.59127,19.125042],[105.592567,19.125145],[105.59214,19.127051],[105.595295,19.124017],[105.599919,19.116035],[105.601951,19.116808],[105.603952,19.114306],[105.60739,19.11673],[105.610929,19.115075],[105.610328,19.113834],[105.614933,19.112741],[105.620051,19.107544],[105.618338,19.1046],[105.61919,19.099076],[105.620806,19.098265],[105.622791,19.10032],[105.62189,19.098308],[105.624491,19.099471],[105.62689,19.097739],[105.62405,19.093979],[105.619571,19.093897],[105.619117,19.090286],[105.614624,19.08476],[105.613526,19.079378],[105.614969,19.076174],[105.61237,19.073323],[105.610539,19.07431],[105.607179,19.06955],[105.605426,19.069834],[105.60561,19.067563],[105.603219,19.067282],[105.602288,19.064729],[105.595697,19.066304],[105.596386,19.063803],[105.591353,19.064699],[105.590899,19.062669],[105.587313,19.063972],[105.587737,19.065519],[105.58005,19.067946],[105.576018,19.074819],[105.576577,19.077831],[105.57258,19.080448],[105.571328,19.079819],[105.568787,19.082719],[105.560878,19.084418],[105.560145,19.088635],[105.563209,19.093024],[105.563252,19.097619],[105.561631,19.098539],[105.562535,19.102333],[105.552911,19.102744],[105.555298,19.109982],[105.548413,19.112448],[105.545084,19.111969],[105.545048,19.113343],[105.549047,19.115575],[105.545575,19.117931],[105.540931,19.118351],[105.539905,19.120604],[105.537606,19.119055],[105.531303,19.119538],[105.53188,19.123642],[105.527016,19.129128],[105.521518,19.127209],[105.524495,19.136827],[105.515783,19.140483],[105.513357,19.145177],[105.500844,19.147573],[105.493921,19.142699],[105.493685,19.14928],[105.488629,19.153311],[105.49058,19.156797],[105.501363,19.163735],[105.502122,19.16934],[105.510093,19.168167],[105.516734,19.169484],[105.524584,19.167535],[105.536689,19.174367],[105.542016,19.182909],[105.546812,19.185716],[105.548955,19.179445],[105.547414,19.170526]]]}},{"type":"Feature","properties":{"code":"18001","name":"Xã Hưng Nguyên","type":"Xã"},"geometry":{"type":"Polygon","coordinates":[[[105.616759,18.739548],[105.624331,18.7322],[105.628497,18.721311],[105.632124,18.71864],[105.635001,18.721152],[105.638615,18.714159],[105.638751,18.707675],[105.637357,18.706749],[105.64029,18.696698],[105.643444,18.692185],[105.643052,18.689314],[105.64581,18.686566],[105.640199,18.685498],[105.635781,18.682264],[105.637831,18.670012],[105.640273,18.669106],[105.639785,18.66444],[105.641469,18.661322],[105.644191,18.661458],[105.64192,18.656524],[105.647078,18.656845],[105.652989,18.651252],[105.653569,18.654227],[105.658202,18.65395],[105.659051,18.650587],[105.661256,18.651321],[105.659774,18.649173],[105.684161,18.643798],[105.687133,18.639748],[105.690657,18.646018],[105.695422,18.642408],[105.687623,18.639092],[105.681885,18.631591],[105.67915,18.631181],[105.676804,18.634735],[105.670883,18.635401],[105.660492,18.63045],[105.660639,18.633599],[105.658551,18.633888],[105.649605,18.625613],[105.64583,18.630183],[105.645572,18.640336],[105.640449,18.639284],[105.641849,18.641517],[105.638909,18.645158],[105.635523,18.645413],[105.636578,18.647695],[105.634866,18.649077],[105.626455,18.65039],[105.623763,18.648237],[105.621436,18.649566],[105.622265,18.650722],[105.61849,18.651936],[105.613203,18.649954],[105.61222,18.653429],[105.610683,18.653643],[105.610277,18.651397],[105.607571,18.653099],[105.603907,18.652401],[105.600401,18.655424],[105.597892,18.653883],[105.592861,18.655838],[105.592793,18.653045],[105.589329,18.652428],[105.584494,18.656338],[105.589045,18.668275],[105.591758,18.670493],[105.59121,18.67413],[105.599147,18.673478],[105.605799,18.675782],[105.605356,18.678089],[105.608419,18.67902],[105.604749,18.693157],[105.606083,18.697788],[105.603187,18.707651],[105.604135,18.711443],[105.6002,18.714955],[105.601357,18.722609],[105.604314,18.725325],[105.605139,18.72958],[105.608449,18.731006],[105.60846,18.735951],[105.614513,18.737577],[105.613812,18.739818],[105.616759,18.739548]]]}},{"type":"Feature","properties":{"code":"18028","name":"Xã Hưng Nguyên Nam","type":"Xã"},"geometry":{"type":"Polygon","coordinates":[[[105.580686,18.656274],[105.577116,18.653849],[105.580204,18.650898],[105.578546,18.65071],[105.577581,18.647834],[105.580602,18.646313],[105.57964,18.643421],[105.581173,18.642036],[105.58076,18.639765],[105.585127,18.632785],[105.585971,18.634314],[105.588715,18.634279],[105.59398,18.629025],[105.599359,18.628416],[105.608876,18.630543],[105.606196,18.632025],[105.608599,18.634339],[105.608241,18.64013],[105.600528,18.643107],[105.603412,18.652512],[105.607571,18.653099],[105.610277,18.651397],[105.611781,18.653574],[105.613203,18.649954],[105.61849,18.651936],[105.622265,18.650722],[105.621436,18.649566],[105.623763,18.648237],[105.625775,18.650288],[105.632948,18.649677],[105.636578,18.647695],[105.635523,18.645413],[105.638909,18.645158],[105.641849,18.641517],[105.635252,18.631641],[105.634559,18.627985],[105.628646,18.627556],[105.625865,18.619761],[105.620963,18.616334],[105.623027,18.615149],[105.621768,18.612749],[105.624566,18.60706],[105.628917,18.606708],[105.630276,18.603347],[105.636208,18.60282],[105.641296,18.598382],[105.637927,18.592841],[105.634508,18.580664],[105.637619,18.579589],[105.637878,18.574674],[105.63177,18.569589],[105.619162,18.567436],[105.617202,18.573036],[105.617342,18.57879],[105.614079,18.578181],[105.614547,18.596161],[105.607885,18.604281],[105.598366,18.603453],[105.596071,18.607415],[105.588661,18.610036],[105.589972,18.612922],[105.585232,18.616505],[105.584649,18.620308],[105.582752,18.62002],[105.580031,18.624772],[105.578611,18.62275],[105.581284,18.621651],[105.580153,18.618431],[105.573124,18.621316],[105.573099,18.623986],[105.564201,18.622473],[105.553953,18.625359],[105.560014,18.634983],[105.563286,18.636828],[105.568219,18.649619],[105.573926,18.651451],[105.577762,18.65597],[105.580686,18.656274]]]}},{"type":"Feature","properties":{"code":"17722","name":"Xã Hạnh Lâm","type":"Xã"},"geometry":{"type":"Polygon","coordinates":[[[105.185875,18.872117],[105.189205,18.867681],[105.189029,18.858917],[105.191753,18.856124],[105.191403,18.853545],[105.193513,18.85085],[105.195712,18.8506],[105.196375,18.848126],[105.202305,18.847089],[105.201019,18.843731],[105.20271,18.841013],[105.199422,18.839701],[105.196656,18.827406],[105.193774,18.824856],[105.1937,18.822223],[105.197097,18.819099],[105.200692,18.812177],[105.196734,18.80581],[105.19366,18.806776],[105.194236,18.799771],[105.188728,18.793278],[105.189949,18.791211],[105.187284,18.7876],[105.178376,18.790241],[105.178464,18.786919],[105.175551,18.785064],[105.175422,18.782123],[105.171932,18.780843],[105.165912,18.783268],[105.163837,18.791331],[105.156332,18.796852],[105.152138,18.797056],[105.150028,18.792444],[105.148821,18.795294],[105.144152,18.797217],[105.141255,18.79616],[105.139269,18.796757],[105.139472,18.798358],[105.135344,18.798825],[105.132284,18.79768],[105.130864,18.799599],[105.128599,18.795556],[105.124563,18.795438],[105.119634,18.786046],[105.110956,18.778549],[105.088589,18.77407],[105.095159,18.768076],[105.096259,18.762781],[105.0952,18.760265],[105.09956,18.759045],[105.109309,18.750423],[105.10469,18.747068],[105.105498,18.742635],[105.100934,18.743199],[105.098164,18.747142],[105.093327,18.743027],[105.087943,18.742422],[105.086617,18.743696],[105.081542,18.735169],[105.079048,18.734645],[105.07877,18.731763],[105.074574,18.729086],[105.072916,18.724302],[105.074873,18.72192],[105.074874,18.71608],[105.071848,18.710546],[105.071707,18.704665],[105.06759,18.708172],[105.059635,18.706347],[105.050094,18.707248],[105.053223,18.711471],[105.053487,18.715592],[105.060013,18.723411],[105.051707,18.729002],[105.041682,18.724239],[105.035793,18.727059],[105.034948,18.732676],[105.030926,18.728005],[105.020182,18.730864],[105.016319,18.735542],[105.021965,18.747907],[105.016754,18.742736],[105.012277,18.741893],[105.011054,18.739282],[105.009927,18.742104],[104.998746,18.736868],[104.994786,18.739304],[104.993684,18.743068],[104.989991,18.744507],[104.986165,18.743266],[104.982767,18.738773],[104.968497,18.742888],[104.966213,18.741643],[104.96338,18.742508],[104.95912,18.739615],[104.950014,18.740565],[104.94368,18.738487],[104.940767,18.741216],[104.940659,18.749022],[104.935534,18.758438],[104.955433,18.772663],[104.964544,18.781611],[104.973251,18.796821],[104.985481,18.8033],[104.988833,18.808383],[104.99721,18.813987],[104.997963,18.817182],[105.000753,18.818332],[104.99999,18.820924],[105.001491,18.824298],[105.005595,18.828826],[105.006834,18.827974],[105.018254,18.835115],[105.026601,18.848068],[105.030263,18.850847],[105.033155,18.849242],[105.034894,18.845227],[105.043817,18.841148],[105.048894,18.84646],[105.055417,18.844094],[105.055005,18.846318],[105.052787,18.846228],[105.050709,18.849647],[105.061297,18.856602],[105.071207,18.868805],[105.07955,18.874402],[105.085617,18.871722],[105.09031,18.874439],[105.098903,18.873506],[105.099901,18.871272],[105.104195,18.870121],[105.107469,18.867206],[105.11332,18.871481],[105.116964,18.868655],[105.119776,18.863411],[105.127706,18.862549],[105.131533,18.860389],[105.134236,18.863092],[105.139351,18.8646],[105.141654,18.868611],[105.145163,18.866655],[105.150632,18.867254],[105.150674,18.86556],[105.155008,18.868019],[105.156882,18.865507],[105.15851,18.86704],[105.161042,18.864984],[105.161977,18.868013],[105.163726,18.868267],[105.164027,18.871695],[105.169047,18.875391],[105.17525,18.873234],[105.177234,18.870652],[105.180385,18.871091],[105.1813,18.87317],[105.184573,18.871943],[105.186071,18.879611],[105.187339,18.878685],[105.185875,18.872117]]]}},{"type":"Feature","properties":{"code":"17419","name":"Xã Hải Châu","type":"Xã"},"geometry":{"type":"Polygon","coordinates":[[[105.643979,19.104396],[105.648826,19.100633],[105.646428,19.098435],[105.647178,19.096275],[105.643032,19.093297],[105.641605,19.095794],[105.639048,19.09415],[105.641023,19.094321],[105.642756,19.092018],[105.645067,19.093601],[105.6481,19.089921],[105.649366,19.092449],[105.653848,19.094282],[105.657817,19.087686],[105.646998,19.076226],[105.634111,19.053556],[105.631695,19.046546],[105.628679,19.04352],[105.621086,19.018282],[105.618858,18.988129],[105.615801,18.981932],[105.613973,18.982346],[105.608037,18.98794],[105.606381,18.997261],[105.608022,19.001068],[105.616356,19.004627],[105.617029,19.009789],[105.614457,19.014676],[105.604195,19.019038],[105.612994,19.034447],[105.610303,19.034095],[105.609774,19.037324],[105.606413,19.03638],[105.605626,19.037416],[105.607954,19.040899],[105.606463,19.042703],[105.606964,19.047431],[105.610808,19.050124],[105.607206,19.053088],[105.606988,19.060208],[105.601173,19.061931],[105.603219,19.067282],[105.60561,19.067563],[105.605426,19.069834],[105.607179,19.06955],[105.610539,19.07431],[105.61237,19.073323],[105.614969,19.076174],[105.613526,19.079378],[105.614624,19.08476],[105.619117,19.090286],[105.619571,19.093897],[105.624654,19.094366],[105.627041,19.099008],[105.629024,19.098224],[105.638392,19.103589],[105.643979,19.104396]]]}},{"type":"Feature","properties":{"code":"17833","name":"Xã Hải Lộc","type":"Xã"},"geometry":{"type":"Polygon","coordinates":[[[105.643306,18.894992],[105.650294,18.891693],[105.650455,18.888158],[105.649231,18.888038],[105.64925,18.887827],[105.652757,18.886214],[105.656918,18.885056],[105.661109,18.889451],[105.664553,18.885881],[105.666602,18.886209],[105.664935,18.884188],[105.667852,18.879824],[105.673817,18.881293],[105.679451,18.874542],[105.684409,18.876857],[105.691034,18.873828],[105.6948,18.864274],[105.700884,18.86329],[105.70296,18.855204],[105.705063,18.853539],[105.707635,18.854226],[105.707485,18.851918],[105.711049,18.849055],[105.717028,18.851894],[105.715987,18.855083],[105.717551,18.851254],[105.719476,18.850836],[105.720128,18.847359],[105.71572,18.846495],[105.715021,18.843816],[105.716343,18.838939],[105.72006,18.834556],[105.719238,18.832321],[105.698162,18.829718],[105.693156,18.843513],[105.688755,18.84611],[105.678559,18.847453],[105.677121,18.851662],[105.67316,18.852035],[105.67064,18.855129],[105.666057,18.856197],[105.662396,18.853953],[105.666699,18.84973],[105.663395,18.84494],[105.657801,18.845161],[105.653448,18.849518],[105.650133,18.848291],[105.650268,18.836939],[105.648388,18.836189],[105.645797,18.838067],[105.64722,18.842512],[105.640458,18.845409],[105.634152,18.850671],[105.631008,18.851094],[105.629627,18.853065],[105.620758,18.851703],[105.613518,18.856644],[105.608308,18.857068],[105.607166,18.861987],[105.603277,18.862296],[105.603777,18.865315],[105.60753,18.86892],[105.603306,18.872177],[105.607045,18.875457],[105.607102,18.878766],[105.610723,18.876689],[105.610158,18.880927],[105.613469,18.886518],[105.6152,18.881239],[105.616867,18.880687],[105.624916,18.885135],[105.631067,18.885557],[105.638775,18.89438],[105.643306,18.894992]]]}},{"type":"Feature","properties":{"code":"17605","name":"Xã Hợp Minh","type":"Xã"},"geometry":{"type":"Polygon","coordinates":[[[105.485726,18.982874],[105.487447,18.977274],[105.490791,18.977476],[105.495703,18.972333],[105.49577,18.970644],[105.493556,18.970664],[105.495468,18.970472],[105.495408,18.968592],[105.498426,18.969581],[105.502784,18.966851],[105.513035,18.972012],[105.513005,18.970073],[105.517183,18.968373],[105.51754,18.967119],[105.515142,18.966571],[105.51721,18.961276],[105.515913,18.95355],[105.518814,18.949903],[105.51759,18.947763],[105.520383,18.94824],[105.522422,18.945931],[105.519561,18.944169],[105.52346,18.942808],[105.521844,18.93665],[105.524815,18.932113],[105.518655,18.930994],[105.514196,18.925202],[105.51844,18.919448],[105.517778,18.913811],[105.521565,18.908595],[105.520491,18.905968],[105.515712,18.903356],[105.511887,18.89645],[105.507172,18.897822],[105.504019,18.895523],[105.49947,18.895039],[105.499335,18.89272],[105.495988,18.891584],[105.492155,18.884406],[105.486409,18.886474],[105.481791,18.876473],[105.48036,18.877133],[105.47952,18.875597],[105.476744,18.876728],[105.474267,18.880917],[105.471722,18.88152],[105.469423,18.878333],[105.466366,18.879589],[105.458853,18.888403],[105.456196,18.887181],[105.457411,18.89067],[105.454515,18.892137],[105.455678,18.899788],[105.45813,18.902441],[105.460876,18.902284],[105.46198,18.904838],[105.462153,18.906299],[105.460568,18.906488],[105.461504,18.907688],[105.459831,18.915027],[105.461947,18.918475],[105.461227,18.921714],[105.4585,18.921569],[105.458642,18.923461],[105.465432,18.926399],[105.470734,18.926059],[105.472174,18.931321],[105.472202,18.934761],[105.470122,18.936355],[105.470704,18.942146],[105.468014,18.9444],[105.468308,18.95139],[105.46205,18.954114],[105.459315,18.953434],[105.459836,18.957784],[105.463326,18.961087],[105.46207,18.962459],[105.462449,18.967933],[105.464267,18.967868],[105.463962,18.969532],[105.467555,18.96961],[105.467584,18.972198],[105.470653,18.970885],[105.470766,18.973269],[105.479463,18.972034],[105.480576,18.973576],[105.479253,18.982962],[105.481507,18.982562],[105.481502,18.984091],[105.485726,18.982874]]]}},{"type":"Feature","properties":{"code":"16885","name":"Xã Hữu Khuông","type":"Xã"},"geometry":{"type":"Polygon","coordinates":[[[104.631143,19.588471],[104.648685,19.580932],[104.654143,19.580657],[104.659762,19.571714],[104.666036,19.568638],[104.664798,19.566857],[104.665543,19.562812],[104.673348,19.560966],[104.678838,19.556398],[104.678798,19.549272],[104.684097,19.545494],[104.685744,19.538647],[104.688058,19.535652],[104.693817,19.532326],[104.690947,19.526248],[104.694043,19.525295],[104.701359,19.517885],[104.697185,19.510691],[104.698267,19.506209],[104.694747,19.49899],[104.700377,19.497322],[104.701744,19.490403],[104.698357,19.485074],[104.702368,19.476958],[104.705882,19.474285],[104.706795,19.464655],[104.709217,19.462045],[104.714287,19.462669],[104.715669,19.460097],[104.705385,19.450708],[104.699566,19.441279],[104.687562,19.436668],[104.676246,19.435255],[104.674175,19.436295],[104.674197,19.425302],[104.668799,19.422968],[104.66543,19.415903],[104.658091,19.413968],[104.65317,19.415593],[104.647473,19.413513],[104.644062,19.405546],[104.641389,19.40596],[104.636232,19.402488],[104.632589,19.396944],[104.636168,19.387216],[104.632933,19.38586],[104.632438,19.381568],[104.62643,19.379166],[104.624853,19.375695],[104.614622,19.370657],[104.606203,19.370386],[104.604337,19.37196],[104.591866,19.365185],[104.590101,19.377156],[104.574569,19.387949],[104.571016,19.393383],[104.568498,19.393913],[104.565916,19.399059],[104.566688,19.402426],[104.563818,19.403903],[104.563925,19.406403],[104.555227,19.408244],[104.559113,19.415328],[104.564137,19.418352],[104.565365,19.422615],[104.570782,19.423387],[104.568701,19.429503],[104.569762,19.438418],[104.567502,19.443824],[104.571308,19.449195],[104.574404,19.449692],[104.579009,19.445516],[104.590254,19.443552],[104.595274,19.447282],[104.602397,19.446066],[104.603579,19.452596],[104.615706,19.467746],[104.615167,19.472105],[104.6122,19.470104],[104.60528,19.472851],[104.600662,19.468587],[104.593117,19.46758],[104.583197,19.475059],[104.581136,19.474031],[104.572801,19.475838],[104.566366,19.473788],[104.558144,19.475525],[104.550933,19.472922],[104.547835,19.473661],[104.551852,19.482681],[104.560833,19.49604],[104.560506,19.498562],[104.558253,19.499777],[104.554221,19.506944],[104.550962,19.506023],[104.547774,19.499633],[104.543886,19.503919],[104.545013,19.51198],[104.548687,19.517239],[104.547538,19.519406],[104.548496,19.524242],[104.545397,19.533077],[104.547292,19.538307],[104.551527,19.5428],[104.562512,19.543675],[104.566872,19.550591],[104.579414,19.559469],[104.5852,19.564969],[104.588517,19.573626],[104.602704,19.576189],[104.60376,19.579831],[104.609129,19.580992],[104.612341,19.584564],[104.617666,19.586559],[104.626792,19.5867],[104.631143,19.588471]]]}},{"type":"Feature","properties":{"code":"16849","name":"Xã Hữu Kiệm","type":"Xã"},"geometry":{"type":"Polygon","coordinates":[[[104.290305,19.509981],[104.292825,19.508754],[104.296257,19.503047],[104.297193,19.50463],[104.305221,19.505445],[104.314309,19.502741],[104.310047,19.497049],[104.313364,19.479551],[104.310264,19.473627],[104.306358,19.474952],[104.292913,19.464614],[104.287194,19.454658],[104.293972,19.446142],[104.302095,19.442555],[104.308667,19.44832],[104.310641,19.447351],[104.319865,19.451109],[104.324696,19.446584],[104.328409,19.438324],[104.33191,19.439498],[104.33817,19.436614],[104.342551,19.439563],[104.346927,19.434541],[104.348064,19.430548],[104.347044,19.428455],[104.348322,19.426285],[104.344397,19.418899],[104.347395,19.413507],[104.346358,19.411127],[104.343292,19.409112],[104.337304,19.399179],[104.322426,19.393818],[104.313503,19.398117],[104.303749,19.399354],[104.294875,19.4043],[104.287195,19.400287],[104.275913,19.403304],[104.271962,19.40151],[104.270629,19.398993],[104.260497,19.395943],[104.252866,19.376384],[104.249063,19.373702],[104.24742,19.36639],[104.243678,19.362999],[104.245211,19.361961],[104.246142,19.355195],[104.251279,19.347865],[104.242688,19.333831],[104.240967,19.323002],[104.244301,19.318095],[104.244372,19.313642],[104.241322,19.313322],[104.241143,19.311111],[104.238647,19.313994],[104.236074,19.312614],[104.233767,19.313627],[104.231818,19.316346],[104.230987,19.314124],[104.227521,19.31497],[104.228024,19.312248],[104.225973,19.313034],[104.224623,19.311787],[104.226206,19.30965],[104.223713,19.308989],[104.224782,19.306682],[104.222467,19.306105],[104.22226,19.302466],[104.21908,19.300047],[104.214656,19.302643],[104.210691,19.301777],[104.210383,19.303637],[104.202402,19.30209],[104.197707,19.303812],[104.196474,19.306127],[104.1881,19.305498],[104.178664,19.311493],[104.168247,19.312889],[104.171025,19.317458],[104.170937,19.324235],[104.174527,19.332622],[104.183063,19.339719],[104.179563,19.342124],[104.175791,19.349457],[104.169217,19.347658],[104.156798,19.350829],[104.153114,19.354326],[104.143377,19.358057],[104.143874,19.359118],[104.157285,19.375511],[104.164944,19.378465],[104.16777,19.384561],[104.168901,19.392272],[104.17056,19.392322],[104.170761,19.39687],[104.176694,19.404389],[104.176667,19.406728],[104.181791,19.406],[104.183141,19.4098],[104.185792,19.406764],[104.190104,19.406864],[104.19552,19.408528],[104.19671,19.411405],[104.203422,19.409689],[104.215983,19.417568],[104.22497,19.415467],[104.231059,19.423162],[104.235552,19.424624],[104.235888,19.446406],[104.240392,19.45573],[104.23975,19.459302],[104.243403,19.46378],[104.245467,19.469807],[104.250311,19.475318],[104.263278,19.481446],[104.26432,19.484215],[104.26323,19.483298],[104.263149,19.488909],[104.261788,19.490096],[104.267856,19.492973],[104.269851,19.492504],[104.270574,19.493977],[104.271138,19.492776],[104.275963,19.500388],[104.279489,19.499493],[104.279684,19.502088],[104.283866,19.505417],[104.284496,19.507889],[104.290305,19.509981]]]}},{"type":"Feature","properties":{"code":"16822","name":"Xã Keng Đu","type":"Xã"},"geometry":{"type":"Polygon","coordinates":[[[104.076629,19.680202],[104.092961,19.665384],[104.100014,19.664789],[104.108039,19.660483],[104.118451,19.660396],[104.130849,19.662683],[104.133759,19.660109],[104.146048,19.665302],[104.152631,19.666109],[104.158005,19.67286],[104.164962,19.670507],[104.170077,19.666713],[104.16742,19.663007],[104.172972,19.660295],[104.17521,19.6609],[104.17655,19.658023],[104.176737,19.654135],[104.173077,19.652374],[104.184745,19.649507],[104.186612,19.645839],[104.186174,19.64252],[104.176891,19.642166],[104.17595,19.639613],[104.170754,19.636503],[104.14594,19.627333],[104.144332,19.619301],[104.147184,19.619817],[104.150439,19.617756],[104.149666,19.61529],[104.151379,19.614531],[104.150977,19.612074],[104.154035,19.611149],[104.153039,19.608028],[104.154569,19.601334],[104.165933,19.593277],[104.167564,19.586243],[104.163994,19.586748],[104.159708,19.583914],[104.155871,19.583487],[104.151056,19.583462],[104.149741,19.584783],[104.138948,19.580651],[104.136867,19.579169],[104.13682,19.573794],[104.130026,19.568763],[104.12455,19.571386],[104.117138,19.571547],[104.107666,19.569325],[104.096454,19.57793],[104.087019,19.580568],[104.073965,19.598944],[104.07299,19.60483],[104.062786,19.611801],[104.063209,19.616198],[104.060536,19.62129],[104.061082,19.623332],[104.065024,19.632153],[104.069511,19.636408],[104.066727,19.642978],[104.060255,19.646],[104.057517,19.651794],[104.061526,19.653958],[104.061292,19.655956],[104.064052,19.658719],[104.065721,19.658207],[104.068967,19.663283],[104.068541,19.665456],[104.069985,19.665373],[104.071572,19.672858],[104.073719,19.675841],[104.071296,19.676985],[104.071044,19.682176],[104.076629,19.680202]]]}},{"type":"Feature","properties":{"code":"17791","name":"Xã Kim Bảng","type":"Xã"},"geometry":{"type":"Polygon","coordinates":[[[105.35487,18.734805],[105.35577,18.731884],[105.35961,18.73334],[105.362404,18.730908],[105.362205,18.728258],[105.368875,18.730142],[105.377718,18.726024],[105.385691,18.719386],[105.39001,18.712286],[105.394683,18.696065],[105.40415,18.687793],[105.399907,18.684402],[105.39649,18.686233],[105.395664,18.684738],[105.394505,18.685888],[105.392721,18.684875],[105.388952,18.687683],[105.387069,18.68595],[105.388537,18.687666],[105.385361,18.689347],[105.381073,18.688047],[105.3789,18.689557],[105.378686,18.685009],[105.377318,18.684315],[105.378436,18.681469],[105.375971,18.679724],[105.374474,18.673627],[105.370754,18.672612],[105.359892,18.674529],[105.35889,18.668953],[105.353817,18.669806],[105.350585,18.667258],[105.347646,18.667962],[105.347234,18.664978],[105.3432,18.665131],[105.344097,18.661112],[105.337041,18.653403],[105.342159,18.648652],[105.339806,18.646207],[105.342331,18.644012],[105.341209,18.642964],[105.341774,18.636154],[105.340126,18.633694],[105.34149,18.627818],[105.33761,18.62439],[105.338314,18.620386],[105.334886,18.617047],[105.336272,18.609658],[105.330271,18.601818],[105.324447,18.601796],[105.321653,18.603764],[105.305078,18.607126],[105.295655,18.621942],[105.288078,18.619594],[105.282098,18.623799],[105.278185,18.621957],[105.273461,18.622185],[105.270241,18.618543],[105.266698,18.619828],[105.261919,18.617852],[105.253027,18.610847],[105.247057,18.608479],[105.234131,18.59741],[105.232047,18.589928],[105.229325,18.588039],[105.227438,18.587863],[105.218187,18.597772],[105.211709,18.599506],[105.202964,18.598755],[105.196776,18.601714],[105.191313,18.599599],[105.189242,18.600651],[105.188694,18.602963],[105.191767,18.604562],[105.192753,18.607081],[105.191527,18.613022],[105.195567,18.618797],[105.191388,18.623263],[105.191856,18.630295],[105.194015,18.635283],[105.197709,18.636387],[105.199461,18.639086],[105.196665,18.641995],[105.197357,18.644487],[105.195315,18.648127],[105.208313,18.666244],[105.220999,18.663312],[105.222329,18.666873],[105.230352,18.674348],[105.243069,18.695546],[105.246199,18.697579],[105.249415,18.696671],[105.257911,18.702333],[105.267787,18.705302],[105.267605,18.712391],[105.27539,18.715193],[105.278579,18.722021],[105.286156,18.72005],[105.291135,18.72229],[105.298292,18.716997],[105.299704,18.713789],[105.309492,18.711531],[105.312814,18.713278],[105.317951,18.708697],[105.321147,18.710574],[105.323558,18.715056],[105.326263,18.715328],[105.329701,18.719022],[105.333361,18.718759],[105.332863,18.715764],[105.336118,18.713221],[105.346067,18.7136],[105.34594,18.717955],[105.348686,18.719272],[105.34719,18.721594],[105.347508,18.72588],[105.351999,18.726911],[105.348261,18.733022],[105.35487,18.734805]]]}},{"type":"Feature","properties":{"code":"17971","name":"Xã Kim Liên","type":"Xã"},"geometry":{"type":"Polygon","coordinates":[[[105.585187,18.71662],[105.593713,18.713411],[105.600095,18.715002],[105.604135,18.711443],[105.603187,18.707651],[105.606083,18.697788],[105.604749,18.693157],[105.608419,18.67902],[105.605356,18.678089],[105.605799,18.675782],[105.599147,18.673478],[105.59121,18.67413],[105.591758,18.670493],[105.589045,18.668275],[105.584404,18.65715],[105.589329,18.652428],[105.592793,18.653045],[105.592861,18.655838],[105.597892,18.653883],[105.600401,18.655424],[105.603163,18.653167],[105.600528,18.643107],[105.608241,18.64013],[105.608599,18.634339],[105.606196,18.632025],[105.608876,18.630543],[105.598553,18.628401],[105.593582,18.629236],[105.588715,18.634279],[105.585971,18.634314],[105.585127,18.632785],[105.58076,18.639765],[105.581173,18.642036],[105.57964,18.643421],[105.580602,18.646313],[105.577581,18.647834],[105.578546,18.65071],[105.580204,18.650898],[105.577116,18.653849],[105.5804,18.656483],[105.577762,18.65597],[105.573926,18.651451],[105.568219,18.649619],[105.563286,18.636828],[105.560014,18.634983],[105.55769,18.630175],[105.551035,18.632122],[105.546199,18.63013],[105.531513,18.629149],[105.52284,18.63896],[105.523115,18.644303],[105.518916,18.642444],[105.519127,18.649283],[105.515512,18.662799],[105.51563,18.665619],[105.519276,18.667206],[105.512712,18.683819],[105.523171,18.687208],[105.522587,18.688653],[105.527438,18.69302],[105.529565,18.692737],[105.532213,18.694892],[105.537023,18.695268],[105.536911,18.693413],[105.540561,18.69301],[105.539613,18.690887],[105.54077,18.689982],[105.547146,18.689704],[105.550001,18.689841],[105.547723,18.691203],[105.552785,18.694252],[105.559251,18.691105],[105.56248,18.695697],[105.56561,18.693396],[105.572905,18.694838],[105.5726,18.696418],[105.577131,18.697087],[105.576719,18.701388],[105.579274,18.703374],[105.577724,18.703172],[105.57704,18.704904],[105.580677,18.710058],[105.584198,18.70998],[105.585187,18.71662]]]}},{"type":"Feature","properties":{"code":"18040","name":"Xã Lam Thành","type":"Xã"},"geometry":{"type":"Polygon","coordinates":[[[105.666603,18.584963],[105.637876,18.574711],[105.637619,18.579589],[105.634508,18.580664],[105.637927,18.592841],[105.641296,18.598382],[105.636208,18.60282],[105.630276,18.603347],[105.628917,18.606708],[105.624566,18.60706],[105.621768,18.612749],[105.623027,18.615149],[105.620963,18.616334],[105.625865,18.619761],[105.628646,18.627556],[105.634559,18.627985],[105.640158,18.639347],[105.64193,18.638804],[105.644707,18.640647],[105.646184,18.638821],[105.644783,18.637879],[105.64583,18.630183],[105.649605,18.625613],[105.658551,18.633888],[105.660639,18.633599],[105.660492,18.63045],[105.670883,18.635401],[105.676804,18.634735],[105.67915,18.631181],[105.681885,18.631591],[105.687623,18.639092],[105.695481,18.642198],[105.690657,18.646018],[105.68865,18.640822],[105.686595,18.640232],[105.686124,18.64274],[105.680865,18.646453],[105.682377,18.648393],[105.679646,18.648482],[105.681219,18.652833],[105.683579,18.653552],[105.693824,18.643547],[105.699428,18.643042],[105.70638,18.639603],[105.703376,18.634062],[105.692514,18.630871],[105.690167,18.627436],[105.689348,18.595576],[105.680895,18.579918],[105.677292,18.5801],[105.666603,18.584963]]]}},{"type":"Feature","properties":{"code":"17641","name":"Xã Lương Sơn","type":"Xã"},"geometry":{"type":"Polygon","coordinates":[[[105.358814,18.937594],[105.36478,18.932316],[105.363827,18.930925],[105.358521,18.928888],[105.354272,18.930722],[105.341115,18.926415],[105.332051,18.930145],[105.331244,18.923787],[105.325212,18.917795],[105.323607,18.912987],[105.325465,18.911219],[105.323801,18.910972],[105.319865,18.905504],[105.309349,18.904148],[105.306623,18.905682],[105.306862,18.907412],[105.304657,18.906085],[105.30376,18.908302],[105.300331,18.906839],[105.298939,18.911081],[105.294624,18.915693],[105.293695,18.923096],[105.291587,18.926834],[105.292694,18.933776],[105.290318,18.937297],[105.291706,18.940709],[105.28809,18.940619],[105.288917,18.951135],[105.287886,18.950816],[105.286498,18.955319],[105.284613,18.955857],[105.284556,18.959584],[105.285922,18.959629],[105.283066,18.961119],[105.280708,18.968299],[105.268493,18.974434],[105.276928,18.976731],[105.277526,18.983468],[105.294522,18.982603],[105.295358,18.984944],[105.297033,18.984183],[105.299857,18.985728],[105.315305,18.985323],[105.317297,18.986447],[105.317846,18.98396],[105.314846,18.98023],[105.315037,18.972616],[105.323043,18.971212],[105.355876,18.95958],[105.359887,18.949357],[105.35535,18.945017],[105.358591,18.940827],[105.358814,18.937594]]]}},{"type":"Feature","properties":{"code":"16906","name":"Xã Lượng Minh","type":"Xã"},"geometry":{"type":"Polygon","coordinates":[[[104.486442,19.485686],[104.494948,19.486818],[104.506923,19.479058],[104.51307,19.472092],[104.517719,19.472001],[104.524322,19.468253],[104.530028,19.470492],[104.539423,19.471512],[104.541274,19.47031],[104.555341,19.475314],[104.560758,19.475591],[104.566441,19.473788],[104.572801,19.475838],[104.581136,19.474031],[104.583304,19.47504],[104.591718,19.467671],[104.600662,19.468587],[104.60528,19.472851],[104.6122,19.470104],[104.615122,19.472176],[104.615818,19.46814],[104.603579,19.452596],[104.602209,19.44597],[104.595274,19.447282],[104.590254,19.443552],[104.579009,19.445516],[104.574404,19.449692],[104.57154,19.449416],[104.567502,19.443824],[104.569762,19.438418],[104.568701,19.429503],[104.570551,19.423093],[104.565365,19.422615],[104.564137,19.418352],[104.559113,19.415328],[104.553618,19.405276],[104.525507,19.399916],[104.518069,19.384422],[104.511926,19.37662],[104.495179,19.366357],[104.487888,19.354854],[104.483177,19.3602],[104.472612,19.355845],[104.470289,19.357901],[104.463686,19.359443],[104.457376,19.357313],[104.45492,19.352194],[104.453483,19.342743],[104.456876,19.341533],[104.457024,19.339835],[104.45318,19.326097],[104.447562,19.3241],[104.440169,19.317554],[104.427727,19.315369],[104.420917,19.302536],[104.421061,19.30077],[104.425067,19.300553],[104.415124,19.297897],[104.403189,19.302403],[104.399771,19.298683],[104.396514,19.301019],[104.394298,19.299882],[104.377784,19.308001],[104.368766,19.309493],[104.366211,19.315082],[104.375195,19.322831],[104.375626,19.325269],[104.364868,19.338375],[104.351168,19.349032],[104.353205,19.361842],[104.356967,19.364341],[104.350664,19.363842],[104.350091,19.367288],[104.360728,19.381911],[104.357265,19.381499],[104.351017,19.384202],[104.353557,19.390734],[104.351362,19.399144],[104.354987,19.402939],[104.356667,19.408862],[104.358419,19.40921],[104.361474,19.406448],[104.364637,19.402739],[104.365546,19.39834],[104.368449,19.396392],[104.368266,19.389309],[104.372423,19.379447],[104.370647,19.373844],[104.38283,19.365317],[104.38576,19.372309],[104.399293,19.378338],[104.408414,19.369566],[104.410259,19.375336],[104.415839,19.376239],[104.421263,19.374523],[104.425043,19.377263],[104.437839,19.379897],[104.441661,19.387138],[104.440296,19.394371],[104.44247,19.403781],[104.440886,19.409567],[104.442047,19.413859],[104.444556,19.414621],[104.444822,19.424053],[104.442592,19.423931],[104.447135,19.438582],[104.453134,19.445816],[104.454828,19.450462],[104.460544,19.450319],[104.464763,19.456147],[104.465483,19.466228],[104.462183,19.471167],[104.467014,19.479845],[104.469012,19.477853],[104.476292,19.490533],[104.475812,19.493708],[104.470384,19.498562],[104.47641,19.496355],[104.480433,19.492063],[104.48115,19.488738],[104.486442,19.485686]]]}},{"type":"Feature","properties":{"code":"17476","name":"Xã Minh Châu","type":"Xã"},"geometry":{"type":"Polygon","coordinates":[[[105.574964,19.006369],[105.577847,19.003728],[105.576793,18.999716],[105.578943,18.999585],[105.577363,18.998356],[105.578192,18.989326],[105.575082,18.984786],[105.577415,18.979797],[105.578415,18.98116],[105.57895,18.976151],[105.578745,18.97476],[105.574272,18.975035],[105.574552,18.970794],[105.572509,18.971059],[105.571645,18.973931],[105.56834,18.973346],[105.570524,18.968073],[105.568365,18.967341],[105.567555,18.964144],[105.570776,18.962399],[105.570185,18.956302],[105.568806,18.955316],[105.569991,18.951879],[105.568853,18.949898],[105.570751,18.94565],[105.562656,18.942392],[105.562847,18.940987],[105.556461,18.941052],[105.556427,18.94233],[105.552619,18.94338],[105.54779,18.937484],[105.542888,18.936955],[105.539635,18.932227],[105.536734,18.93375],[105.53291,18.932416],[105.534983,18.926894],[105.528297,18.926262],[105.527668,18.92407],[105.518453,18.917228],[105.518215,18.919821],[105.514198,18.923744],[105.514551,18.926104],[105.518655,18.930994],[105.524815,18.932113],[105.521844,18.93665],[105.52346,18.942808],[105.519561,18.944169],[105.522422,18.945931],[105.521166,18.94785],[105.517139,18.948584],[105.518814,18.949903],[105.515913,18.95355],[105.51721,18.961276],[105.515142,18.966571],[105.51754,18.967119],[105.515695,18.969769],[105.512529,18.970743],[105.513878,18.976173],[105.519461,18.978984],[105.5199,18.97683],[105.517993,18.975832],[105.524779,18.974184],[105.524473,18.976337],[105.526459,18.977156],[105.524891,18.978392],[105.526213,18.983037],[105.529002,18.981221],[105.5304,18.983125],[105.525669,18.985984],[105.532115,18.986305],[105.531963,18.987635],[105.528892,18.987773],[105.535177,18.999692],[105.538425,18.999727],[105.538965,18.996679],[105.540673,18.996339],[105.545,18.998565],[105.543755,18.999955],[105.546224,19.001299],[105.55233,19.001797],[105.551608,18.999532],[105.556694,18.999177],[105.559223,19.001918],[105.55916,19.00437],[105.561182,19.005094],[105.565508,19.005191],[105.566614,19.002432],[105.569552,19.003774],[105.56972,19.001438],[105.571456,19.001331],[105.569984,19.003988],[105.575025,19.00462],[105.574964,19.006369]]]}},{"type":"Feature","properties":{"code":"17071","name":"Xã Minh Hợp","type":"Xã"},"geometry":{"type":"Polygon","coordinates":[[[105.300802,19.344244],[105.306586,19.338783],[105.305201,19.3312],[105.30638,19.328628],[105.302491,19.325404],[105.298985,19.317019],[105.299797,19.315435],[105.29663,19.313316],[105.300379,19.311349],[105.300946,19.307355],[105.30361,19.307212],[105.30357,19.302204],[105.314969,19.295246],[105.319397,19.286349],[105.32648,19.283688],[105.331101,19.267484],[105.333574,19.263933],[105.331112,19.259799],[105.317605,19.251535],[105.30643,19.24218],[105.305317,19.239246],[105.301262,19.23716],[105.301321,19.22249],[105.305612,19.216477],[105.308281,19.205123],[105.304855,19.201625],[105.293762,19.199688],[105.290319,19.197484],[105.279054,19.197477],[105.273669,19.200609],[105.268885,19.194114],[105.263674,19.19914],[105.259178,19.197586],[105.248067,19.199797],[105.249754,19.206411],[105.242777,19.213088],[105.240018,19.211468],[105.235595,19.213084],[105.231687,19.20964],[105.228329,19.210958],[105.226683,19.209075],[105.226677,19.214824],[105.219278,19.219489],[105.216214,19.223526],[105.211116,19.2201],[105.205737,19.224622],[105.19889,19.224814],[105.19765,19.222461],[105.193747,19.222827],[105.191655,19.225263],[105.19217,19.227278],[105.188535,19.227575],[105.183174,19.223599],[105.175458,19.222478],[105.168005,19.225816],[105.169525,19.231009],[105.175047,19.238193],[105.175563,19.24291],[105.193302,19.250921],[105.197296,19.257897],[105.200536,19.260104],[105.20224,19.263103],[105.200648,19.26785],[105.203168,19.274134],[105.205328,19.274865],[105.205673,19.27823],[105.213956,19.288326],[105.217492,19.290441],[105.216626,19.293381],[105.219548,19.295655],[105.222294,19.306528],[105.227506,19.306752],[105.226945,19.309723],[105.222247,19.315253],[105.235664,19.323712],[105.238169,19.321474],[105.247043,19.324366],[105.252377,19.329682],[105.252287,19.336718],[105.258182,19.337207],[105.268839,19.347537],[105.280649,19.338454],[105.281073,19.340391],[105.285987,19.341348],[105.285779,19.343266],[105.290517,19.346341],[105.291942,19.349433],[105.300802,19.344244]]]}},{"type":"Feature","properties":{"code":"17263","name":"Xã Môn Sơn","type":"Xã"},"geometry":{"type":"Polygon","coordinates":[[[104.872384,19.000806],[104.877523,18.997637],[104.882137,18.997523],[104.883425,18.995431],[104.886589,18.996208],[104.888371,18.993293],[104.894442,18.990928],[104.900193,18.992588],[104.904813,18.991432],[104.906412,18.993385],[104.909639,18.992255],[104.912465,18.993438],[104.91154,18.995286],[104.91508,18.996973],[104.920597,18.993029],[104.927087,18.993773],[104.928667,18.996224],[104.935005,18.996848],[104.935036,18.99375],[104.937676,18.989308],[104.947217,18.983097],[104.967535,18.982113],[104.961156,18.977499],[104.962172,18.972755],[104.974556,18.968169],[104.977043,18.965617],[104.974135,18.961561],[104.975069,18.954249],[104.977724,18.951638],[104.97744,18.949369],[104.972201,18.943435],[104.981263,18.938743],[104.983587,18.934161],[104.982203,18.931085],[104.991752,18.924405],[104.992252,18.922195],[104.995269,18.920948],[104.999013,18.915487],[105.00725,18.91128],[105.005449,18.908731],[105.008319,18.900186],[105.005423,18.897064],[105.014015,18.887993],[105.009272,18.88508],[105.005665,18.885936],[105.000038,18.884284],[104.994756,18.880633],[104.987923,18.882047],[104.986323,18.879068],[104.981491,18.876948],[104.975577,18.865852],[104.97164,18.864488],[104.965292,18.864696],[104.947141,18.876503],[104.932168,18.875286],[104.926103,18.865771],[104.925343,18.860959],[104.921871,18.858332],[104.9217,18.855813],[104.922485,18.850561],[104.929281,18.846266],[104.934167,18.839443],[104.930634,18.831161],[104.92466,18.826316],[104.921664,18.821472],[104.920765,18.818646],[104.923101,18.813551],[104.921516,18.808525],[104.915626,18.799303],[104.914355,18.792389],[104.91083,18.789948],[104.90963,18.786934],[104.897687,18.787412],[104.892114,18.78361],[104.886,18.786001],[104.881471,18.784493],[104.872854,18.786614],[104.869432,18.780746],[104.863149,18.78125],[104.856792,18.774459],[104.851271,18.777103],[104.848038,18.782052],[104.841908,18.785419],[104.829807,18.785506],[104.816641,18.782157],[104.799524,18.782465],[104.79474,18.784312],[104.793501,18.787783],[104.789135,18.790436],[104.788037,18.796557],[104.784651,18.802019],[104.777431,18.802079],[104.771235,18.798823],[104.761835,18.797713],[104.758559,18.794971],[104.752199,18.799876],[104.739024,18.800592],[104.736297,18.808844],[104.737081,18.814826],[104.726964,18.81866],[104.721048,18.817736],[104.719591,18.827452],[104.714739,18.82995],[104.715002,18.84048],[104.706173,18.836152],[104.703778,18.839557],[104.698808,18.840491],[104.690645,18.83526],[104.686153,18.835427],[104.681256,18.838014],[104.676934,18.837348],[104.673777,18.843108],[104.66915,18.845579],[104.670608,18.848535],[104.6688,18.853085],[104.682087,18.86327],[104.68975,18.864485],[104.698271,18.873942],[104.700036,18.878983],[104.705633,18.884411],[104.713999,18.896771],[104.71658,18.905066],[104.724109,18.911902],[104.746713,18.909854],[104.763803,18.902322],[104.767636,18.903261],[104.775228,18.913767],[104.771752,18.919051],[104.772452,18.921556],[104.770202,18.924164],[104.769854,18.927673],[104.765238,18.932735],[104.766595,18.938596],[104.772998,18.946931],[104.766845,18.961508],[104.770652,18.96372],[104.777848,18.972216],[104.784854,18.976397],[104.792463,18.978115],[104.794678,18.97617],[104.79688,18.978362],[104.798473,18.98499],[104.804517,18.98763],[104.827457,18.989761],[104.832762,18.986523],[104.84026,18.989093],[104.847235,18.989078],[104.849181,18.990609],[104.861361,18.989217],[104.865664,18.99313],[104.866466,18.997945],[104.872576,18.997462],[104.868899,18.998609],[104.872384,19.000806]]]}},{"type":"Feature","properties":{"code":"17089","name":"Xã Mường Chọng","type":"Xã"},"geometry":{"type":"Polygon","coordinates":[[[104.998691,19.289477],[105.016808,19.286269],[105.019999,19.28147],[105.019102,19.277067],[105.021858,19.272609],[105.026799,19.273251],[105.031754,19.2717],[105.030918,19.266372],[105.039815,19.257985],[105.040163,19.254812],[105.044485,19.253126],[105.050441,19.254263],[105.054472,19.25041],[105.057872,19.252998],[105.072587,19.25714],[105.080243,19.26291],[105.085617,19.264147],[105.085216,19.266741],[105.08824,19.269035],[105.101326,19.274887],[105.105706,19.270212],[105.108599,19.27075],[105.113577,19.268871],[105.128132,19.278194],[105.130703,19.276406],[105.134949,19.277511],[105.138818,19.283713],[105.144251,19.283972],[105.142185,19.278649],[105.145208,19.276596],[105.146101,19.273457],[105.154695,19.27149],[105.1527,19.265975],[105.15366,19.261248],[105.156897,19.258002],[105.167003,19.253444],[105.174306,19.252336],[105.179026,19.245324],[105.175473,19.242773],[105.175047,19.238193],[105.169525,19.231009],[105.168005,19.225816],[105.16237,19.226227],[105.158904,19.223836],[105.155663,19.225252],[105.15228,19.223094],[105.156623,19.220793],[105.154,19.215028],[105.148766,19.210914],[105.143266,19.210446],[105.143838,19.204151],[105.141208,19.200489],[105.121779,19.197591],[105.120166,19.192705],[105.113517,19.188716],[105.112506,19.185023],[105.107806,19.180202],[105.100621,19.177432],[105.096129,19.177388],[105.093927,19.175387],[105.082496,19.177353],[105.078424,19.176837],[105.075591,19.173139],[105.064677,19.174041],[105.045398,19.167103],[105.041853,19.169666],[105.05009,19.175494],[105.048261,19.181233],[105.04375,19.183463],[105.040625,19.182625],[105.038003,19.184823],[105.028887,19.185508],[105.029119,19.188811],[105.01913,19.193212],[105.01936,19.197267],[105.00726,19.197567],[105.002472,19.193451],[104.992819,19.194921],[104.987492,19.201007],[104.987352,19.208069],[104.983777,19.208394],[104.982025,19.210957],[104.974574,19.213635],[104.972197,19.220024],[104.97428,19.221928],[104.973886,19.22392],[104.975592,19.223592],[104.975534,19.226738],[104.984422,19.227324],[104.985724,19.232094],[104.984892,19.235809],[104.991498,19.23785],[104.994971,19.245353],[104.991167,19.251473],[104.982979,19.257446],[104.987351,19.263266],[104.97695,19.266058],[104.979208,19.268716],[104.977426,19.270924],[104.980435,19.273746],[104.978565,19.276495],[104.980228,19.279395],[104.978927,19.280409],[104.980272,19.284445],[104.979273,19.286679],[104.981745,19.28905],[104.985207,19.288174],[104.98929,19.298166],[104.996211,19.302121],[104.995458,19.29858],[104.998291,19.293595],[104.998691,19.289477]]]}},{"type":"Feature","properties":{"code":"17077","name":"Xã Mường Ham","type":"Xã"},"geometry":{"type":"Polygon","coordinates":[[[105.129445,19.380702],[105.135323,19.369243],[105.138349,19.367949],[105.140836,19.352258],[105.138147,19.346502],[105.131712,19.345773],[105.129686,19.337705],[105.126206,19.336558],[105.127323,19.334709],[105.125921,19.331465],[105.126434,19.32634],[105.128775,19.325557],[105.129141,19.323744],[105.127282,19.322257],[105.12765,19.319814],[105.12219,19.317011],[105.121092,19.311643],[105.1283,19.311166],[105.132439,19.312333],[105.133664,19.314196],[105.142482,19.313509],[105.147602,19.308695],[105.150087,19.309992],[105.152365,19.307007],[105.169476,19.303379],[105.168075,19.30043],[105.168963,19.29363],[105.163641,19.291422],[105.163217,19.288464],[105.156294,19.283782],[105.156095,19.280532],[105.153106,19.278348],[105.154695,19.27149],[105.146101,19.273457],[105.145208,19.276596],[105.142185,19.278649],[105.144256,19.283968],[105.139354,19.283831],[105.136517,19.281806],[105.134949,19.277511],[105.130703,19.276406],[105.128132,19.278194],[105.113577,19.268871],[105.108599,19.27075],[105.105706,19.270212],[105.101326,19.274887],[105.08824,19.269035],[105.085216,19.266741],[105.085617,19.264147],[105.080243,19.26291],[105.072587,19.25714],[105.057872,19.252998],[105.054472,19.25041],[105.050441,19.254263],[105.044485,19.253126],[105.040163,19.254812],[105.039815,19.257985],[105.030918,19.266372],[105.031754,19.2717],[105.026799,19.273251],[105.021766,19.27268],[105.019102,19.277067],[105.019999,19.28147],[105.015923,19.287033],[104.998878,19.289325],[104.997921,19.290539],[104.998291,19.293595],[104.995458,19.29858],[104.997442,19.307259],[104.9961,19.310525],[104.996799,19.31613],[104.992917,19.320615],[104.985924,19.32331],[104.985416,19.325827],[104.982959,19.327536],[104.987429,19.329107],[104.990045,19.332671],[104.993719,19.333138],[104.994949,19.336369],[104.99881,19.337919],[104.999917,19.340569],[104.998149,19.344745],[104.991326,19.351167],[104.980891,19.352278],[104.985162,19.357496],[104.984884,19.361993],[104.992568,19.368659],[104.994239,19.366857],[104.996639,19.367006],[105.001596,19.372427],[105.008675,19.368717],[105.014699,19.362952],[105.017468,19.364195],[105.019642,19.362904],[105.022035,19.356799],[105.020638,19.351058],[105.023862,19.350877],[105.025866,19.346875],[105.032545,19.347755],[105.032127,19.342351],[105.038777,19.340131],[105.043262,19.341756],[105.049701,19.34921],[105.060689,19.35127],[105.065694,19.354895],[105.071286,19.35288],[105.083492,19.359956],[105.087822,19.361153],[105.093347,19.359545],[105.097881,19.361102],[105.10634,19.373504],[105.107387,19.378598],[105.115662,19.381436],[105.122519,19.389286],[105.129445,19.380702]]]}},{"type":"Feature","properties":{"code":"16831","name":"Xã Mường Lống","type":"Xã"},"geometry":{"type":"Polygon","coordinates":[[[104.422487,19.563043],[104.427105,19.564276],[104.426473,19.561335],[104.428865,19.556838],[104.427412,19.551257],[104.428231,19.548013],[104.426553,19.547361],[104.427983,19.544859],[104.42612,19.542161],[104.411816,19.538015],[104.416136,19.529908],[104.414964,19.526799],[104.415626,19.520034],[104.413592,19.515573],[104.419452,19.512858],[104.4183,19.504375],[104.431649,19.501019],[104.428029,19.488601],[104.441794,19.483563],[104.44506,19.478994],[104.45469,19.475501],[104.462407,19.475807],[104.463916,19.479971],[104.467014,19.479845],[104.462093,19.470826],[104.465483,19.466228],[104.465433,19.457581],[104.460544,19.450319],[104.455551,19.450244],[104.453745,19.452332],[104.448494,19.453291],[104.444617,19.457079],[104.439789,19.458759],[104.437437,19.462371],[104.428039,19.460724],[104.422717,19.464318],[104.421205,19.464486],[104.42025,19.461937],[104.418831,19.464037],[104.417498,19.457792],[104.416274,19.458457],[104.413733,19.453698],[104.411759,19.457599],[104.410099,19.451021],[104.407945,19.452831],[104.405466,19.450944],[104.405001,19.455538],[104.401105,19.451581],[104.39857,19.452125],[104.39627,19.457034],[104.392003,19.454507],[104.387002,19.454404],[104.385912,19.45047],[104.377405,19.45119],[104.375245,19.446925],[104.366806,19.440978],[104.358661,19.43049],[104.35313,19.430068],[104.348322,19.426287],[104.346927,19.434541],[104.342551,19.439563],[104.33817,19.436614],[104.33191,19.439498],[104.328409,19.438324],[104.324696,19.446584],[104.319865,19.451109],[104.310641,19.447351],[104.308667,19.44832],[104.302095,19.442555],[104.293706,19.44641],[104.287194,19.454658],[104.292913,19.464614],[104.306358,19.474952],[104.310264,19.473627],[104.312952,19.477984],[104.313195,19.485794],[104.311126,19.488973],[104.310062,19.4971],[104.316247,19.504499],[104.317275,19.508891],[104.321271,19.512208],[104.321285,19.518912],[104.323958,19.523153],[104.326979,19.527355],[104.332399,19.529952],[104.331012,19.533399],[104.321548,19.54235],[104.319997,19.550344],[104.323615,19.554493],[104.322796,19.55602],[104.319202,19.56049],[104.314486,19.55819],[104.312412,19.560631],[104.307354,19.561907],[104.311562,19.568876],[104.316302,19.570914],[104.329514,19.56964],[104.332212,19.567696],[104.33753,19.568014],[104.365273,19.547527],[104.373328,19.54664],[104.38464,19.548892],[104.384081,19.550986],[104.396435,19.556614],[104.403093,19.567272],[104.402272,19.573085],[104.405544,19.579697],[104.410488,19.576416],[104.415827,19.567441],[104.422487,19.563043]]]}},{"type":"Feature","properties":{"code":"16774","name":"Xã Mường Quàng","type":"Xã"},"geometry":{"type":"Polygon","coordinates":[[[104.801236,19.6236],[104.812354,19.613852],[104.811801,19.61118],[104.814485,19.607532],[104.818789,19.607972],[104.821439,19.61076],[104.826793,19.60345],[104.825964,19.59678],[104.829226,19.59007],[104.824907,19.586506],[104.830357,19.583628],[104.832596,19.580419],[104.830386,19.572174],[104.836403,19.572153],[104.8445,19.576487],[104.851269,19.574228],[104.853077,19.567429],[104.848574,19.562559],[104.846953,19.551411],[104.852339,19.549104],[104.860243,19.549673],[104.866586,19.544068],[104.872846,19.543223],[104.875121,19.539522],[104.877466,19.540577],[104.878333,19.54515],[104.883341,19.55185],[104.885682,19.55269],[104.888277,19.556002],[104.88778,19.557982],[104.89026,19.558855],[104.891107,19.561279],[104.896355,19.559626],[104.903195,19.563345],[104.907064,19.562629],[104.913014,19.566722],[104.920073,19.562836],[104.92764,19.564068],[104.932603,19.560448],[104.935348,19.555093],[104.931019,19.545837],[104.930511,19.540253],[104.931885,19.539347],[104.935875,19.541543],[104.93832,19.537197],[104.944099,19.534046],[104.949415,19.532928],[104.951423,19.537611],[104.955693,19.537274],[104.966567,19.540657],[104.969455,19.543659],[104.971754,19.553523],[104.973638,19.554864],[104.974245,19.562036],[104.979612,19.565549],[104.991627,19.551651],[104.998315,19.550447],[105.003639,19.551511],[105.006052,19.549345],[105.006859,19.544965],[105.004921,19.541139],[105.001146,19.542064],[104.996816,19.538399],[104.991735,19.538222],[104.993542,19.531709],[104.983305,19.526186],[104.97933,19.516711],[104.975256,19.514547],[104.973966,19.509187],[104.975031,19.506005],[104.973673,19.504431],[104.96979,19.505746],[104.965667,19.501817],[104.958998,19.502292],[104.955249,19.495407],[104.948826,19.491075],[104.949426,19.486302],[104.940297,19.476264],[104.932162,19.474168],[104.920389,19.475427],[104.913503,19.471962],[104.906913,19.471012],[104.90318,19.466962],[104.904392,19.464034],[104.901772,19.460792],[104.901939,19.458003],[104.895432,19.449207],[104.891962,19.448402],[104.884421,19.450177],[104.876964,19.440717],[104.871619,19.439617],[104.859957,19.429524],[104.855694,19.43206],[104.851141,19.428352],[104.848257,19.42793],[104.847675,19.426217],[104.839768,19.424882],[104.834054,19.420393],[104.828533,19.419081],[104.817906,19.412883],[104.815189,19.417592],[104.8053,19.424367],[104.800542,19.425103],[104.796516,19.428375],[104.792381,19.426542],[104.788209,19.427297],[104.786167,19.432435],[104.781611,19.432555],[104.777144,19.436884],[104.772414,19.444338],[104.768379,19.447707],[104.768829,19.450125],[104.763903,19.449889],[104.760563,19.454695],[104.756225,19.454782],[104.753777,19.452655],[104.749642,19.454593],[104.747695,19.451353],[104.742905,19.45266],[104.73908,19.451133],[104.726185,19.454415],[104.720191,19.460044],[104.716706,19.460382],[104.714287,19.462669],[104.708891,19.462188],[104.706795,19.464655],[104.706976,19.471303],[104.705386,19.475403],[104.702368,19.476958],[104.698357,19.485074],[104.701744,19.490403],[104.700377,19.497322],[104.69474,19.499019],[104.69849,19.509499],[104.70159,19.508842],[104.710282,19.502337],[104.716538,19.504257],[104.726908,19.502032],[104.730413,19.499331],[104.739519,19.501486],[104.744921,19.499701],[104.758846,19.509823],[104.764891,19.506616],[104.766606,19.50862],[104.770617,19.509236],[104.772006,19.512552],[104.770841,19.514486],[104.772306,19.524355],[104.780555,19.525296],[104.78589,19.531193],[104.784836,19.536194],[104.789099,19.537721],[104.789677,19.540048],[104.782484,19.547387],[104.785345,19.551087],[104.781836,19.555947],[104.784709,19.559737],[104.784775,19.563772],[104.779782,19.564711],[104.772838,19.561722],[104.7705,19.564622],[104.770452,19.573364],[104.767039,19.585101],[104.768163,19.58778],[104.766053,19.588511],[104.764915,19.592567],[104.757602,19.595757],[104.759961,19.601374],[104.752482,19.609665],[104.756422,19.611417],[104.757419,19.613859],[104.762074,19.611243],[104.764004,19.612747],[104.770319,19.611117],[104.773489,19.612147],[104.780166,19.606544],[104.787657,19.61267],[104.791489,19.612434],[104.791757,19.619764],[104.801236,19.6236]]]}},{"type":"Feature","properties":{"code":"16858","name":"Xã Mường Típ","type":"Xã"},"geometry":{"type":"Polygon","coordinates":[[[104.025402,19.413157],[104.029362,19.401206],[104.025838,19.395293],[104.030159,19.390659],[104.017733,19.387668],[104.011273,19.381133],[104.012396,19.370812],[104.00804,19.353244],[104.005762,19.351373],[104.0058,19.343347],[104.009413,19.337304],[104.016148,19.339047],[104.020825,19.33655],[104.024664,19.336446],[104.033045,19.329414],[104.043394,19.335598],[104.050355,19.33444],[104.05304,19.335845],[104.052161,19.329155],[104.053412,19.32263],[104.066204,19.31587],[104.066779,19.308316],[104.071156,19.303394],[104.085603,19.301193],[104.088645,19.296193],[104.084252,19.283778],[104.085711,19.268691],[104.087718,19.267754],[104.084793,19.264026],[104.085246,19.261565],[104.08198,19.259132],[104.08071,19.25458],[104.071662,19.246904],[104.064934,19.244288],[104.059582,19.239912],[104.055899,19.242123],[104.052735,19.242718],[104.051575,19.240889],[104.04795,19.242957],[104.042919,19.239965],[104.037545,19.240223],[104.028764,19.236909],[104.020303,19.236912],[104.010679,19.234133],[104.002284,19.229116],[103.997668,19.231047],[103.994573,19.238314],[103.982071,19.243811],[103.977612,19.243471],[103.971872,19.24562],[103.958174,19.254503],[103.946435,19.266996],[103.923681,19.285532],[103.922199,19.291151],[103.916772,19.296807],[103.91927,19.299416],[103.917707,19.301626],[103.910183,19.305081],[103.907704,19.304407],[103.90004,19.308866],[103.892644,19.30623],[103.890995,19.301473],[103.887072,19.299895],[103.884826,19.300709],[103.883532,19.304059],[103.875776,19.305996],[103.875656,19.317868],[103.882663,19.321779],[103.884167,19.325911],[103.887294,19.326052],[103.895049,19.330841],[103.908867,19.33001],[103.916089,19.334281],[103.919825,19.342271],[103.930522,19.343523],[103.948644,19.356431],[103.952669,19.35753],[103.952664,19.364207],[103.95637,19.364555],[103.95981,19.369179],[103.95943,19.371859],[103.961437,19.375192],[103.959457,19.381237],[103.956795,19.382223],[103.962014,19.385307],[103.965927,19.390437],[103.972527,19.392075],[103.975333,19.398074],[103.988671,19.399268],[103.992805,19.405252],[104.002446,19.404275],[104.005839,19.402311],[104.014145,19.402242],[104.01546,19.406875],[104.019056,19.406945],[104.020862,19.408938],[104.022345,19.414557],[104.025402,19.413157]]]}},{"type":"Feature","properties":{"code":"16813","name":"Xã Mường Xén","type":"Xã"},"geometry":{"type":"Polygon","coordinates":[[[104.108494,19.424635],[104.114261,19.420804],[104.116937,19.42184],[104.122362,19.420475],[104.1256,19.416393],[104.129334,19.416511],[104.12973,19.414959],[104.136141,19.412962],[104.148028,19.418283],[104.151488,19.415388],[104.148488,19.415637],[104.146393,19.412371],[104.148526,19.412672],[104.155188,19.407418],[104.159984,19.407249],[104.166731,19.409563],[104.176667,19.406728],[104.176694,19.404389],[104.170761,19.39687],[104.17056,19.392322],[104.168901,19.392272],[104.16777,19.384561],[104.164944,19.378465],[104.157285,19.375511],[104.143377,19.358057],[104.153114,19.354326],[104.156798,19.350829],[104.169217,19.347658],[104.175791,19.349457],[104.179563,19.342124],[104.183063,19.339719],[104.174527,19.332622],[104.170937,19.324235],[104.171025,19.317458],[104.166213,19.30882],[104.156574,19.308083],[104.149022,19.305014],[104.139278,19.306061],[104.133439,19.304037],[104.12597,19.304155],[104.113878,19.301922],[104.111599,19.299954],[104.100216,19.304472],[104.098521,19.30153],[104.088292,19.296254],[104.085603,19.301193],[104.071156,19.303394],[104.066779,19.308316],[104.066204,19.31587],[104.054454,19.321441],[104.052161,19.329155],[104.05304,19.335845],[104.050355,19.33444],[104.043394,19.335598],[104.033168,19.329397],[104.024664,19.336446],[104.020825,19.33655],[104.016324,19.339029],[104.009605,19.337257],[104.008078,19.338368],[104.0058,19.343347],[104.005752,19.351291],[104.00804,19.353244],[104.01239,19.370775],[104.011273,19.381133],[104.017733,19.387668],[104.030159,19.390659],[104.025838,19.395293],[104.029362,19.401206],[104.027765,19.409971],[104.022345,19.414557],[104.023016,19.415906],[104.03099,19.414575],[104.033862,19.418112],[104.050946,19.426028],[104.054006,19.418403],[104.063969,19.416003],[104.066449,19.41755],[104.072596,19.416035],[104.07283,19.414743],[104.082043,19.417352],[104.0884,19.416205],[104.098855,19.419318],[104.109692,19.417068],[104.112204,19.417973],[104.112279,19.419448],[104.107651,19.424513],[104.107569,19.427715],[104.108494,19.424635]]]}},{"type":"Feature","properties":{"code":"17239","name":"Xã Mậu Thạch","type":"Xã"},"geometry":{"type":"Polygon","coordinates":[[[104.992638,19.195071],[105.002472,19.193451],[105.00726,19.197567],[105.01936,19.197267],[105.01913,19.193212],[105.029119,19.188811],[105.028887,19.185508],[105.038003,19.184823],[105.040625,19.182625],[105.04375,19.183463],[105.049261,19.180311],[105.050063,19.176478],[105.025351,19.154532],[105.027583,19.144456],[105.025692,19.138293],[105.026737,19.132201],[105.024391,19.127078],[105.024399,19.121111],[105.022468,19.117235],[105.017097,19.114879],[105.014935,19.112068],[105.012695,19.11209],[105.009112,19.106184],[105.005837,19.105223],[105.009444,19.103967],[105.011602,19.100647],[105.004592,19.092718],[105.006545,19.085942],[105.005312,19.078759],[105.001126,19.076879],[105.001548,19.072996],[104.998872,19.068845],[104.990991,19.069598],[104.988103,19.06021],[104.984853,19.057783],[104.981593,19.057572],[104.976849,19.052877],[104.979927,19.051568],[104.970906,19.049391],[104.969378,19.051545],[104.965562,19.051719],[104.963814,19.054599],[104.964351,19.057254],[104.957762,19.055433],[104.956251,19.053135],[104.951596,19.053912],[104.949815,19.056986],[104.943973,19.057584],[104.942143,19.060725],[104.940138,19.060078],[104.94096,19.061503],[104.939408,19.062801],[104.934709,19.063396],[104.927145,19.059404],[104.924359,19.060633],[104.919479,19.058647],[104.914622,19.060893],[104.908344,19.060699],[104.900739,19.064997],[104.90308,19.073747],[104.900421,19.07836],[104.894875,19.075399],[104.886698,19.076596],[104.874703,19.082333],[104.871906,19.086473],[104.873141,19.087943],[104.871974,19.089351],[104.877057,19.09535],[104.876184,19.09746],[104.879659,19.099572],[104.880185,19.102935],[104.883422,19.106455],[104.881284,19.108821],[104.881521,19.11485],[104.886071,19.120388],[104.888615,19.129923],[104.895895,19.131929],[104.89708,19.136091],[104.901181,19.139759],[104.904005,19.147847],[104.909985,19.149326],[104.912428,19.154224],[104.919916,19.154065],[104.924394,19.156008],[104.927848,19.155453],[104.929748,19.157158],[104.947603,19.158331],[104.951599,19.158189],[104.956803,19.154747],[104.960257,19.147383],[104.967555,19.145468],[104.972597,19.145969],[104.974539,19.148686],[104.972225,19.153738],[104.976017,19.159102],[104.977899,19.160422],[104.98116,19.158663],[104.984426,19.160717],[104.980389,19.165219],[104.982774,19.168118],[104.982019,19.173455],[104.979341,19.177328],[104.982728,19.183875],[104.978061,19.184734],[104.982092,19.192168],[104.980219,19.198813],[104.987403,19.201355],[104.992638,19.195071]]]}},{"type":"Feature","properties":{"code":"16816","name":"Xã Mỹ Lý","type":"Xã"},"geometry":{"type":"Polygon","coordinates":[[[104.239838,19.70555],[104.249779,19.705145],[104.254167,19.702954],[104.262963,19.703787],[104.269013,19.697088],[104.286666,19.694013],[104.300274,19.697521],[104.305167,19.697176],[104.314502,19.692097],[104.32218,19.684534],[104.322529,19.681049],[104.318528,19.672642],[104.319957,19.667277],[104.327715,19.672604],[104.338479,19.676786],[104.341958,19.681637],[104.342902,19.686633],[104.346429,19.687895],[104.348559,19.690934],[104.355281,19.692942],[104.361621,19.691282],[104.368444,19.696271],[104.382887,19.695847],[104.38836,19.699686],[104.393158,19.699343],[104.397904,19.696559],[104.404307,19.698996],[104.402402,19.702403],[104.404573,19.704632],[104.410336,19.706418],[104.41268,19.704535],[104.415725,19.706328],[104.419671,19.705256],[104.42029,19.701834],[104.423723,19.698976],[104.419792,19.692691],[104.423897,19.690196],[104.421599,19.680924],[104.426385,19.676523],[104.426223,19.672722],[104.431251,19.671141],[104.435586,19.67255],[104.445268,19.672413],[104.44869,19.669622],[104.448535,19.665249],[104.447597,19.660936],[104.440682,19.657521],[104.43689,19.652431],[104.437097,19.647951],[104.435459,19.644975],[104.428883,19.64235],[104.425128,19.632547],[104.417335,19.626958],[104.414794,19.620248],[104.41232,19.617934],[104.408222,19.616951],[104.402054,19.619708],[104.397297,19.614652],[104.392588,19.612968],[104.385524,19.618518],[104.382122,19.613897],[104.383252,19.609586],[104.390176,19.603046],[104.396485,19.600233],[104.393665,19.595889],[104.393363,19.583331],[104.399926,19.582586],[104.405544,19.579697],[104.402272,19.573085],[104.403093,19.567272],[104.396435,19.556614],[104.384081,19.550986],[104.38464,19.548892],[104.373328,19.54664],[104.365273,19.547527],[104.33753,19.568014],[104.318662,19.570154],[104.321012,19.575253],[104.322642,19.57575],[104.321315,19.580849],[104.303257,19.582982],[104.298573,19.587146],[104.294844,19.592928],[104.290808,19.595049],[104.287656,19.599272],[104.288831,19.608029],[104.284158,19.608147],[104.271869,19.628287],[104.279258,19.632233],[104.287602,19.649215],[104.280136,19.661355],[104.273696,19.663861],[104.270029,19.66777],[104.267947,19.667747],[104.248546,19.681276],[104.251118,19.681817],[104.251157,19.686508],[104.207577,19.700211],[104.209888,19.702926],[104.214821,19.702829],[104.223025,19.705608],[104.236186,19.707579],[104.239838,19.70555]]]}},{"type":"Feature","properties":{"code":"16834","name":"Xã Na Loi","type":"Xã"},"geometry":{"type":"Polygon","coordinates":[[[104.182842,19.65556],[104.193416,19.649981],[104.206961,19.652309],[104.208202,19.649908],[104.207029,19.64456],[104.211703,19.63696],[104.208579,19.631502],[104.207849,19.626635],[104.212545,19.62451],[104.214059,19.621396],[104.223576,19.617796],[104.228322,19.611556],[104.232957,19.609346],[104.233232,19.607117],[104.240587,19.602271],[104.234898,19.597385],[104.232494,19.589658],[104.233296,19.585775],[104.236661,19.583506],[104.231445,19.580988],[104.231605,19.576565],[104.229965,19.577416],[104.230428,19.575156],[104.223607,19.566669],[104.220936,19.566826],[104.221048,19.565094],[104.215241,19.561699],[104.215851,19.559012],[104.212718,19.558899],[104.211861,19.557026],[104.208451,19.557412],[104.210349,19.553542],[104.208035,19.553312],[104.209147,19.551419],[104.228375,19.544624],[104.230356,19.541548],[104.228185,19.534469],[104.227932,19.531566],[104.229552,19.530397],[104.227964,19.527759],[104.227978,19.520054],[104.215918,19.513942],[104.21229,19.515284],[104.206535,19.513508],[104.205886,19.516759],[104.203323,19.515255],[104.196776,19.515945],[104.195352,19.513963],[104.18929,19.511871],[104.183303,19.507019],[104.179991,19.498954],[104.181467,19.495849],[104.183794,19.495194],[104.18306,19.493002],[104.184303,19.491701],[104.176751,19.488365],[104.169213,19.491747],[104.160178,19.491776],[104.160574,19.495576],[104.155962,19.500756],[104.155955,19.504163],[104.152382,19.508631],[104.145082,19.511266],[104.142051,19.509992],[104.139445,19.514194],[104.133458,19.51371],[104.129486,19.518524],[104.120126,19.52199],[104.117102,19.530739],[104.117825,19.532719],[104.107754,19.543651],[104.107758,19.546092],[104.105901,19.546529],[104.10531,19.56546],[104.108569,19.566765],[104.107666,19.569325],[104.117138,19.571547],[104.125625,19.571287],[104.130114,19.568773],[104.13682,19.573794],[104.136867,19.579169],[104.138948,19.580651],[104.149741,19.584783],[104.151056,19.583462],[104.155871,19.583487],[104.159708,19.583914],[104.163994,19.586748],[104.167564,19.586243],[104.165933,19.593277],[104.154569,19.601334],[104.153039,19.608028],[104.154035,19.611149],[104.150977,19.612074],[104.151379,19.614531],[104.149666,19.61529],[104.150439,19.617756],[104.147184,19.619817],[104.144332,19.619301],[104.145081,19.625789],[104.14594,19.627333],[104.170754,19.636503],[104.17595,19.639613],[104.176654,19.642074],[104.186174,19.64252],[104.186612,19.645839],[104.184745,19.649507],[104.173077,19.652374],[104.182842,19.65556]]]}},{"type":"Feature","properties":{"code":"16870","name":"Xã Na Ngoi","type":"Xã"},"geometry":{"type":"Polygon","coordinates":[[[104.231818,19.316346],[104.236074,19.312614],[104.238647,19.313994],[104.240857,19.311031],[104.241322,19.313322],[104.244541,19.31363],[104.24663,19.309582],[104.247807,19.312671],[104.249748,19.313444],[104.251383,19.307851],[104.26015,19.306494],[104.261035,19.299628],[104.266853,19.296519],[104.269854,19.290886],[104.281984,19.289258],[104.289795,19.284602],[104.287802,19.282074],[104.28597,19.268825],[104.283185,19.267416],[104.279657,19.258085],[104.281502,19.252985],[104.276684,19.251623],[104.276275,19.247983],[104.273537,19.245075],[104.268197,19.245101],[104.266658,19.24351],[104.26977,19.239315],[104.268723,19.234442],[104.270506,19.232383],[104.270401,19.229089],[104.272396,19.229484],[104.27043,19.215567],[104.297719,19.205364],[104.300642,19.200181],[104.305722,19.202212],[104.307254,19.201821],[104.307596,19.199393],[104.311236,19.200425],[104.313759,19.197791],[104.31289,19.196011],[104.31425,19.194114],[104.317047,19.194471],[104.318374,19.192116],[104.32119,19.192689],[104.323088,19.18751],[104.324181,19.18908],[104.326956,19.188525],[104.329291,19.185853],[104.328826,19.183723],[104.331412,19.1845],[104.332459,19.180312],[104.329357,19.17954],[104.329946,19.177017],[104.333706,19.175706],[104.337072,19.172189],[104.33215,19.160574],[104.327151,19.153588],[104.328007,19.152019],[104.323567,19.145739],[104.303497,19.126145],[104.304968,19.120991],[104.304315,19.115352],[104.301657,19.112403],[104.29976,19.113675],[104.295636,19.111782],[104.290533,19.117029],[104.285072,19.117708],[104.281838,19.119929],[104.275241,19.120304],[104.259337,19.115813],[104.250368,19.110237],[104.247652,19.112808],[104.240557,19.114543],[104.234444,19.111815],[104.214915,19.119604],[104.21365,19.123223],[104.219881,19.13087],[104.217754,19.134548],[104.21953,19.136462],[104.219492,19.14183],[104.2265,19.148291],[104.225241,19.155285],[104.222706,19.157947],[104.214949,19.159975],[104.208495,19.159608],[104.200399,19.161631],[104.19812,19.164323],[104.197119,19.171446],[104.195267,19.173303],[104.194713,19.181128],[104.181705,19.198067],[104.173202,19.196863],[104.164303,19.199278],[104.148949,19.199672],[104.137076,19.205079],[104.132847,19.205111],[104.130784,19.203275],[104.125369,19.208825],[104.121288,19.216654],[104.116548,19.22158],[104.113546,19.221817],[104.113116,19.223513],[104.10308,19.212521],[104.100788,19.215455],[104.10124,19.217809],[104.095494,19.2242],[104.093477,19.229933],[104.088512,19.233072],[104.083716,19.233524],[104.0825,19.237424],[104.07818,19.238056],[104.071662,19.246904],[104.08071,19.25458],[104.08198,19.259132],[104.085246,19.261565],[104.084793,19.264026],[104.087718,19.267754],[104.085711,19.268691],[104.084252,19.283778],[104.088645,19.296193],[104.098521,19.30153],[104.100046,19.304413],[104.111844,19.299971],[104.113878,19.301922],[104.12597,19.304155],[104.133439,19.304037],[104.139278,19.306061],[104.149022,19.305014],[104.156574,19.308083],[104.166213,19.30882],[104.168247,19.312889],[104.178664,19.311493],[104.1881,19.305498],[104.196474,19.306127],[104.197707,19.303812],[104.202402,19.30209],[104.210383,19.303637],[104.210691,19.301777],[104.214656,19.302643],[104.219311,19.300062],[104.22329,19.304315],[104.222467,19.306105],[104.224782,19.306682],[104.223713,19.308989],[104.226206,19.30965],[104.224623,19.311787],[104.225973,19.313034],[104.228024,19.312248],[104.227361,19.314855],[104.229577,19.315469],[104.230987,19.314124],[104.231818,19.316346]]]}},{"type":"Feature","properties":{"code":"17935","name":"Xã Nam Đàn","type":"Xã"},"geometry":{"type":"Polygon","coordinates":[[[105.427722,18.793806],[105.441601,18.788522],[105.449853,18.781853],[105.46866,18.774213],[105.475595,18.774991],[105.482041,18.773635],[105.483323,18.775807],[105.477164,18.779922],[105.485607,18.779571],[105.484456,18.784579],[105.490228,18.783999],[105.486729,18.774306],[105.492738,18.773786],[105.495373,18.771647],[105.49521,18.767629],[105.49661,18.766128],[105.51158,18.764998],[105.515741,18.766151],[105.520434,18.764007],[105.511865,18.756122],[105.513234,18.752355],[105.512376,18.74959],[105.514183,18.748828],[105.514375,18.745048],[105.515433,18.745051],[105.514838,18.741198],[105.519352,18.73581],[105.516472,18.721575],[105.515088,18.720439],[105.513494,18.721823],[105.512583,18.719532],[105.511743,18.720516],[105.507637,18.719393],[105.506552,18.717033],[105.497335,18.71706],[105.489012,18.722036],[105.488525,18.725931],[105.485885,18.72564],[105.487747,18.73388],[105.485127,18.735536],[105.476381,18.734212],[105.471988,18.736536],[105.470943,18.732969],[105.46753,18.733184],[105.465923,18.728753],[105.466963,18.72578],[105.471917,18.723531],[105.470624,18.721008],[105.471398,18.71684],[105.469836,18.717217],[105.471128,18.712374],[105.469369,18.709967],[105.469412,18.703348],[105.467635,18.706507],[105.46034,18.703708],[105.45775,18.704221],[105.450472,18.711104],[105.44766,18.711039],[105.445789,18.709079],[105.437856,18.70857],[105.441695,18.717876],[105.44142,18.719561],[105.438787,18.719638],[105.437563,18.723851],[105.440298,18.726053],[105.441064,18.730581],[105.438565,18.731508],[105.437145,18.73575],[105.438404,18.737491],[105.437115,18.738555],[105.432852,18.737259],[105.432044,18.732549],[105.428991,18.732772],[105.42747,18.741414],[105.418755,18.737847],[105.419344,18.739404],[105.416278,18.739093],[105.416541,18.740532],[105.407591,18.744725],[105.410861,18.751586],[105.412107,18.760386],[105.409653,18.762325],[105.408706,18.769536],[105.40595,18.772038],[105.404097,18.777063],[105.406154,18.781717],[105.411304,18.780555],[105.412595,18.782425],[105.416104,18.78221],[105.417004,18.784339],[105.42166,18.783414],[105.422293,18.786135],[105.42575,18.786497],[105.427722,18.793806]]]}},{"type":"Feature","properties":{"code":"16903","name":"Xã Nga My","type":"Xã"},"geometry":{"type":"Polygon","coordinates":[[[104.796516,19.428375],[104.815189,19.417592],[104.817906,19.412883],[104.826524,19.406329],[104.833089,19.396967],[104.847056,19.392137],[104.850594,19.383345],[104.857651,19.3782],[104.86192,19.371118],[104.8643,19.368794],[104.87511,19.367612],[104.880831,19.360774],[104.885362,19.357986],[104.894639,19.345297],[104.911148,19.340463],[104.915304,19.335253],[104.918996,19.334429],[104.919281,19.332642],[104.930786,19.323501],[104.931775,19.318646],[104.926437,19.317113],[104.919542,19.311019],[104.90905,19.30638],[104.908267,19.303937],[104.899691,19.3015],[104.896984,19.296284],[104.897048,19.291162],[104.900283,19.287433],[104.900181,19.282283],[104.898397,19.280947],[104.901311,19.275251],[104.899024,19.270113],[104.901892,19.26857],[104.902815,19.263008],[104.893082,19.256833],[104.890729,19.251676],[104.880858,19.253803],[104.875304,19.257692],[104.872548,19.256936],[104.869101,19.252967],[104.87223,19.24938],[104.87142,19.245482],[104.867381,19.243626],[104.863731,19.244974],[104.857792,19.244316],[104.851584,19.237454],[104.853285,19.235482],[104.851666,19.229958],[104.85243,19.224468],[104.8465,19.221995],[104.848925,19.213945],[104.847874,19.20955],[104.838584,19.209181],[104.835918,19.210812],[104.83287,19.209317],[104.824064,19.210068],[104.820942,19.214389],[104.818348,19.21439],[104.810424,19.210444],[104.803157,19.210774],[104.789802,19.203472],[104.773735,19.201669],[104.769558,19.203031],[104.768191,19.213293],[104.762145,19.213662],[104.753998,19.221274],[104.756155,19.22908],[104.755007,19.233683],[104.756773,19.235068],[104.759417,19.245359],[104.756901,19.251367],[104.751857,19.256026],[104.751857,19.260002],[104.743419,19.260302],[104.744727,19.264901],[104.741996,19.272215],[104.74267,19.27606],[104.745971,19.277074],[104.743384,19.279849],[104.744842,19.285009],[104.740145,19.295756],[104.736231,19.296834],[104.740557,19.299349],[104.749863,19.315225],[104.760842,19.318378],[104.758605,19.329243],[104.765148,19.334925],[104.769308,19.343042],[104.767772,19.344541],[104.759957,19.345385],[104.75376,19.350527],[104.752798,19.363887],[104.745826,19.368687],[104.741695,19.377085],[104.746721,19.384278],[104.751568,19.385093],[104.755631,19.389002],[104.759396,19.389228],[104.760565,19.392889],[104.764585,19.394124],[104.767255,19.398599],[104.770786,19.398838],[104.77648,19.408614],[104.779863,19.409201],[104.783542,19.412285],[104.785767,19.419632],[104.785062,19.422402],[104.788108,19.427392],[104.792381,19.426542],[104.796516,19.428375]]]}},{"type":"Feature","properties":{"code":"17827","name":"Xã Nghi Lộc","type":"Xã"},"geometry":{"type":"Polygon","coordinates":[[[105.614846,18.807394],[105.619631,18.806863],[105.621087,18.803826],[105.627315,18.805268],[105.633269,18.802889],[105.635465,18.803772],[105.638409,18.801462],[105.644916,18.801224],[105.646737,18.795439],[105.649213,18.794636],[105.647491,18.785874],[105.649038,18.784842],[105.651955,18.786745],[105.651699,18.788708],[105.656078,18.787073],[105.658066,18.788498],[105.658505,18.791381],[105.659682,18.790635],[105.662059,18.793384],[105.666333,18.794489],[105.666212,18.792747],[105.664271,18.792291],[105.665766,18.790975],[105.666842,18.78309],[105.664574,18.782977],[105.665096,18.776822],[105.663816,18.776554],[105.669915,18.763746],[105.669051,18.761439],[105.671553,18.755001],[105.668711,18.753878],[105.667699,18.75702],[105.662134,18.760876],[105.660784,18.760177],[105.659447,18.764126],[105.655016,18.763608],[105.649691,18.76093],[105.649919,18.759787],[105.645304,18.758735],[105.643309,18.758772],[105.642302,18.76137],[105.640464,18.760633],[105.645371,18.750481],[105.643587,18.750207],[105.645794,18.742422],[105.644292,18.742055],[105.644745,18.740644],[105.63719,18.739207],[105.636434,18.727753],[105.633877,18.724073],[105.635001,18.721152],[105.632124,18.71864],[105.628318,18.721558],[105.622661,18.734438],[105.6109,18.742687],[105.614109,18.744908],[105.612645,18.749427],[105.617175,18.756072],[105.616184,18.760282],[105.612195,18.763689],[105.610296,18.770559],[105.614044,18.778405],[105.61246,18.781028],[105.614878,18.794553],[105.61701,18.793978],[105.6193,18.795674],[105.621846,18.79997],[105.620312,18.802815],[105.617117,18.797702],[105.612725,18.799857],[105.614846,18.807394]]]}},{"type":"Feature","properties":{"code":"17326","name":"Xã Nghĩa Hành","type":"Xã"},"geometry":{"type":"Polygon","coordinates":[[[105.220412,19.058034],[105.223167,19.05818],[105.22223,19.054867],[105.224744,19.053093],[105.223683,19.041038],[105.227344,19.034845],[105.22186,19.02271],[105.227941,19.011163],[105.22964,19.011385],[105.229847,19.0089],[105.22735,19.005712],[105.22944,19.004052],[105.225146,18.998292],[105.22182,18.997595],[105.218125,18.993331],[105.216196,18.99401],[105.21097,18.987556],[105.206295,18.987349],[105.200466,18.984229],[105.197583,18.985692],[105.193448,18.983537],[105.191959,18.980971],[105.185084,18.979192],[105.180806,18.979747],[105.180399,18.977835],[105.177993,18.976954],[105.173123,18.97795],[105.167642,18.975392],[105.157155,18.979027],[105.154183,18.977591],[105.149427,18.980844],[105.142436,18.980951],[105.136002,18.983718],[105.133824,18.982733],[105.128459,18.987802],[105.12396,18.987967],[105.119584,18.995735],[105.112106,18.998025],[105.107027,18.99651],[105.105541,18.993435],[105.102202,18.992986],[105.098464,18.997289],[105.091773,18.999121],[105.091695,19.005026],[105.084626,19.005909],[105.081708,19.010418],[105.07257,19.008259],[105.074707,19.012408],[105.070684,19.016928],[105.073097,19.021148],[105.068476,19.022412],[105.072261,19.030194],[105.072372,19.039452],[105.073965,19.042238],[105.072532,19.045197],[105.080727,19.047591],[105.084762,19.056485],[105.084313,19.060139],[105.090098,19.062813],[105.092889,19.066987],[105.101149,19.069688],[105.102853,19.0696],[105.104315,19.066388],[105.111475,19.069194],[105.126121,19.070527],[105.126956,19.06606],[105.139846,19.057653],[105.142748,19.051873],[105.143436,19.044234],[105.145825,19.04083],[105.139407,19.041629],[105.136556,19.039255],[105.131701,19.040841],[105.128754,19.03337],[105.133475,19.023507],[105.136505,19.020927],[105.138766,19.02139],[105.141259,19.024895],[105.145269,19.024794],[105.14327,19.014715],[105.144666,19.010316],[105.164448,19.016455],[105.175357,19.03479],[105.17359,19.038138],[105.167235,19.035965],[105.164998,19.036597],[105.168122,19.043286],[105.173228,19.045119],[105.183448,19.036311],[105.188554,19.037689],[105.194334,19.046269],[105.19609,19.063137],[105.200119,19.069857],[105.210216,19.070626],[105.214596,19.065285],[105.214846,19.061137],[105.220412,19.058034]]]}},{"type":"Feature","properties":{"code":"16972","name":"Xã Nghĩa Hưng","type":"Xã"},"geometry":{"type":"Polygon","coordinates":[[[105.331295,19.389824],[105.34016,19.382251],[105.345744,19.384931],[105.351267,19.381919],[105.359081,19.381519],[105.36057,19.372172],[105.366816,19.37374],[105.367957,19.370602],[105.371527,19.369671],[105.368679,19.366062],[105.370594,19.358531],[105.372482,19.359639],[105.373437,19.359253],[105.372097,19.358126],[105.374521,19.3562],[105.380667,19.356699],[105.391344,19.351746],[105.401435,19.35197],[105.402795,19.344029],[105.40034,19.342429],[105.391275,19.325444],[105.39287,19.322469],[105.382226,19.322577],[105.38647,19.319159],[105.384938,19.31221],[105.385919,19.309231],[105.383111,19.307428],[105.372275,19.307589],[105.369458,19.304134],[105.370099,19.295939],[105.368158,19.295431],[105.368131,19.287231],[105.366227,19.284088],[105.358805,19.284378],[105.355531,19.281453],[105.344509,19.282484],[105.336683,19.279442],[105.329776,19.273474],[105.326413,19.283303],[105.333241,19.295476],[105.332129,19.297712],[105.333506,19.304472],[105.331814,19.305337],[105.3327,19.307217],[105.328638,19.309054],[105.326881,19.316966],[105.331173,19.322185],[105.330499,19.32844],[105.329406,19.330776],[105.327975,19.330616],[105.327817,19.332865],[105.323687,19.333132],[105.325291,19.337171],[105.322352,19.33939],[105.326178,19.339734],[105.326329,19.342255],[105.323877,19.34525],[105.320528,19.342984],[105.312063,19.346572],[105.307144,19.351457],[105.304522,19.348566],[105.300291,19.349105],[105.304759,19.356479],[105.303952,19.361694],[105.307101,19.364199],[105.304959,19.36652],[105.305006,19.369472],[105.3149,19.369924],[105.317018,19.37877],[105.321378,19.379796],[105.324692,19.383085],[105.328047,19.381972],[105.3315,19.383847],[105.330052,19.387537],[105.331295,19.389824]]]}},{"type":"Feature","properties":{"code":"17032","name":"Xã Nghĩa Khánh","type":"Xã"},"geometry":{"type":"Polygon","coordinates":[[[105.358805,19.284378],[105.356668,19.27974],[105.346053,19.277698],[105.347744,19.275011],[105.34632,19.268521],[105.349154,19.262944],[105.344395,19.254885],[105.347744,19.251365],[105.357037,19.249195],[105.358362,19.251395],[105.356563,19.255882],[105.357441,19.259161],[105.362194,19.26304],[105.369879,19.260583],[105.369232,19.263828],[105.371595,19.268486],[105.374683,19.269662],[105.379526,19.268285],[105.381989,19.2714],[105.386533,19.271269],[105.389088,19.273857],[105.38692,19.276444],[105.387285,19.279516],[105.389372,19.279884],[105.39267,19.274941],[105.390933,19.268345],[105.395574,19.266094],[105.403252,19.268235],[105.403939,19.265885],[105.400198,19.263024],[105.405628,19.256615],[105.414166,19.266459],[105.416376,19.264695],[105.417224,19.267405],[105.418249,19.266563],[105.421517,19.262566],[105.420975,19.25714],[105.419079,19.254376],[105.430597,19.24594],[105.426869,19.242469],[105.424136,19.242809],[105.419125,19.235695],[105.422433,19.229581],[105.425069,19.229661],[105.427603,19.226578],[105.427207,19.220563],[105.425596,19.221698],[105.423756,19.219667],[105.425445,19.21589],[105.420159,19.214501],[105.42079,19.21248],[105.418335,19.20903],[105.408531,19.2083],[105.400669,19.194879],[105.397863,19.195263],[105.395104,19.199412],[105.390289,19.198068],[105.388533,19.200502],[105.380359,19.201783],[105.357861,19.194793],[105.356742,19.198034],[105.357758,19.199416],[105.365176,19.199816],[105.362703,19.200801],[105.36334,19.202988],[105.357027,19.202588],[105.357547,19.204775],[105.356054,19.204546],[105.355913,19.206533],[105.357587,19.206647],[105.35425,19.21194],[105.354991,19.213537],[105.3519,19.213098],[105.34347,19.221491],[105.340814,19.218852],[105.341916,19.216183],[105.340721,19.214778],[105.339114,19.216032],[105.332969,19.2126],[105.326775,19.212412],[105.325534,19.210498],[105.323141,19.217732],[105.308811,19.215424],[105.305612,19.216477],[105.301858,19.221285],[105.301262,19.23716],[105.305317,19.239246],[105.30643,19.24218],[105.317605,19.251535],[105.327691,19.256965],[105.333307,19.262744],[105.329776,19.273474],[105.336683,19.279442],[105.344509,19.282484],[105.355531,19.281453],[105.358805,19.284378]]]}},{"type":"Feature","properties":{"code":"16951","name":"Xã Nghĩa Lâm","type":"Xã"},"geometry":{"type":"Polygon","coordinates":[[[105.381702,19.471726],[105.386872,19.471866],[105.391433,19.466919],[105.38872,19.462799],[105.388768,19.459201],[105.389629,19.456129],[105.391883,19.454762],[105.403251,19.449626],[105.409604,19.457413],[105.41733,19.459151],[105.418951,19.455905],[105.428625,19.456535],[105.431766,19.453735],[105.435016,19.455381],[105.435538,19.452425],[105.445536,19.440921],[105.453435,19.444229],[105.463446,19.455003],[105.468197,19.457211],[105.472059,19.452692],[105.482392,19.447914],[105.485973,19.450655],[105.492277,19.451726],[105.492837,19.4565],[105.500029,19.462673],[105.504522,19.462463],[105.505733,19.463721],[105.509383,19.461861],[105.512963,19.463573],[105.515394,19.461854],[105.517411,19.464252],[105.524269,19.463972],[105.538255,19.454661],[105.535444,19.451704],[105.538842,19.448219],[105.541322,19.438353],[105.551678,19.426106],[105.540683,19.417526],[105.541901,19.411989],[105.539513,19.408255],[105.537194,19.408305],[105.535164,19.404531],[105.531997,19.404098],[105.526422,19.398112],[105.520799,19.399723],[105.519667,19.401722],[105.515551,19.399748],[105.513831,19.401559],[105.508488,19.399351],[105.500022,19.401296],[105.498633,19.403264],[105.49856,19.402016],[105.497324,19.403506],[105.494062,19.402217],[105.490016,19.397468],[105.492687,19.395385],[105.492042,19.389461],[105.489536,19.38806],[105.489797,19.38397],[105.485913,19.384032],[105.487069,19.381578],[105.485278,19.380718],[105.48375,19.375842],[105.476059,19.377597],[105.475542,19.375136],[105.473715,19.374339],[105.470416,19.378268],[105.470417,19.380704],[105.468096,19.379716],[105.470315,19.376218],[105.469063,19.375813],[105.46436,19.379281],[105.46294,19.383659],[105.460918,19.383547],[105.460616,19.378325],[105.452743,19.377694],[105.447645,19.383015],[105.448722,19.387988],[105.447284,19.391664],[105.437966,19.389027],[105.435955,19.391185],[105.430195,19.391096],[105.428705,19.393216],[105.424176,19.394294],[105.415484,19.39237],[105.411297,19.388602],[105.409283,19.383051],[105.405787,19.382533],[105.406146,19.389261],[105.39711,19.386028],[105.396747,19.388056],[105.392452,19.387258],[105.394118,19.390941],[105.389552,19.401963],[105.391754,19.41514],[105.380502,19.423681],[105.370538,19.445339],[105.365353,19.450439],[105.367792,19.456242],[105.371748,19.460473],[105.37087,19.46188],[105.37585,19.462916],[105.37523,19.466348],[105.378347,19.466396],[105.381702,19.471726]]]}},{"type":"Feature","properties":{"code":"17029","name":"Xã Nghĩa Lộc","type":"Xã"},"geometry":{"type":"Polygon","coordinates":[[[105.466305,19.260641],[105.470275,19.259447],[105.470188,19.254548],[105.473936,19.252006],[105.480414,19.253628],[105.481857,19.255844],[105.483683,19.254138],[105.486214,19.256434],[105.486728,19.255092],[105.494238,19.252839],[105.499675,19.256543],[105.502676,19.254542],[105.501339,19.252099],[105.50289,19.251627],[105.504198,19.253623],[105.504571,19.249683],[105.507226,19.245648],[105.515954,19.242528],[105.511669,19.234184],[105.506782,19.230967],[105.506046,19.22582],[105.502506,19.221962],[105.501913,19.217421],[105.478052,19.207221],[105.463814,19.194372],[105.460998,19.188922],[105.447808,19.179925],[105.440426,19.178368],[105.437079,19.176057],[105.435926,19.172997],[105.430075,19.177745],[105.425872,19.177513],[105.416135,19.182693],[105.412184,19.189149],[105.400778,19.190837],[105.398624,19.194875],[105.402732,19.197158],[105.405379,19.204656],[105.408531,19.2083],[105.418335,19.20903],[105.42079,19.21248],[105.420159,19.214501],[105.425445,19.21589],[105.423756,19.219667],[105.425596,19.221698],[105.427207,19.220563],[105.427603,19.226578],[105.425069,19.229661],[105.422433,19.229581],[105.419125,19.235695],[105.424216,19.242874],[105.426673,19.242391],[105.429208,19.245484],[105.433045,19.246228],[105.434296,19.250789],[105.432458,19.256349],[105.437377,19.261408],[105.444273,19.2649],[105.446216,19.263758],[105.444097,19.26108],[105.452551,19.257295],[105.451878,19.253809],[105.458585,19.246812],[105.459681,19.241936],[105.465548,19.247829],[105.464769,19.252055],[105.462093,19.255506],[105.463712,19.257986],[105.462071,19.259061],[105.463367,19.266743],[105.466305,19.260641]]]}},{"type":"Feature","properties":{"code":"16975","name":"Xã Nghĩa Mai","type":"Xã"},"geometry":{"type":"Polygon","coordinates":[[[105.297126,19.442411],[105.302248,19.443534],[105.306035,19.446652],[105.298657,19.453436],[105.297734,19.457397],[105.301311,19.461578],[105.294151,19.469139],[105.295634,19.471811],[105.293579,19.475379],[105.296309,19.47754],[105.295163,19.480086],[105.298839,19.480755],[105.297475,19.485671],[105.300819,19.484306],[105.302065,19.488382],[105.307867,19.488761],[105.31065,19.494609],[105.308786,19.498573],[105.313294,19.500356],[105.313682,19.50355],[105.315953,19.505683],[105.32047,19.506004],[105.320507,19.508336],[105.322419,19.5078],[105.324954,19.50965],[105.323037,19.511571],[105.325625,19.512387],[105.324349,19.515077],[105.326596,19.517557],[105.326055,19.51908],[105.328862,19.52073],[105.328776,19.523117],[105.331112,19.522292],[105.332712,19.523854],[105.332944,19.526503],[105.33127,19.52679],[105.334948,19.533804],[105.335495,19.532183],[105.33958,19.530916],[105.341346,19.53817],[105.353402,19.538324],[105.355506,19.536469],[105.355758,19.532475],[105.361019,19.529212],[105.362391,19.525357],[105.365529,19.524609],[105.371407,19.514663],[105.3712,19.509719],[105.368514,19.509175],[105.371314,19.503155],[105.366405,19.499212],[105.373627,19.492922],[105.377806,19.486872],[105.380901,19.48696],[105.383203,19.484503],[105.381942,19.481679],[105.386872,19.471866],[105.382308,19.472227],[105.378418,19.466442],[105.37523,19.466348],[105.376008,19.463116],[105.37087,19.46188],[105.371748,19.460473],[105.367792,19.456242],[105.365338,19.450526],[105.370538,19.445339],[105.380502,19.423681],[105.391754,19.41514],[105.389552,19.401963],[105.394118,19.390941],[105.392452,19.387258],[105.396747,19.388056],[105.39711,19.386028],[105.406146,19.389261],[105.405787,19.382533],[105.409283,19.383051],[105.41136,19.388687],[105.416935,19.392906],[105.42487,19.394179],[105.428705,19.393216],[105.430195,19.391096],[105.435955,19.391185],[105.439646,19.388935],[105.447284,19.391664],[105.448722,19.387988],[105.447385,19.383891],[105.449951,19.381536],[105.450424,19.373924],[105.447313,19.372351],[105.447329,19.367171],[105.45018,19.366036],[105.450581,19.36389],[105.444171,19.362064],[105.441664,19.366045],[105.437312,19.364305],[105.431243,19.365256],[105.428754,19.357999],[105.422253,19.358413],[105.42291,19.354261],[105.421015,19.355167],[105.417626,19.352705],[105.418373,19.348775],[105.415844,19.348083],[105.415225,19.34927],[105.406887,19.349999],[105.407754,19.354705],[105.405924,19.354527],[105.406581,19.356246],[105.405256,19.356978],[105.40801,19.357878],[105.406056,19.358233],[105.405197,19.360375],[105.399755,19.351892],[105.391344,19.351746],[105.380667,19.356699],[105.374024,19.356432],[105.374731,19.357154],[105.372097,19.358126],[105.37343,19.359303],[105.370594,19.358531],[105.368853,19.36235],[105.368679,19.366062],[105.371527,19.369671],[105.367957,19.370602],[105.366816,19.37374],[105.36057,19.372172],[105.359081,19.381519],[105.351267,19.381919],[105.345744,19.384931],[105.34016,19.382251],[105.331795,19.389945],[105.33005,19.387617],[105.331558,19.383904],[105.326599,19.382066],[105.324404,19.383583],[105.3263,19.386556],[105.325509,19.389654],[105.316354,19.391066],[105.315334,19.394146],[105.318419,19.398906],[105.318314,19.404104],[105.313227,19.402725],[105.309122,19.403545],[105.307717,19.407136],[105.311989,19.411551],[105.31103,19.417304],[105.306326,19.421687],[105.302941,19.418313],[105.300776,19.419848],[105.301439,19.422282],[105.306002,19.425114],[105.306117,19.431539],[105.308837,19.439978],[105.298703,19.439369],[105.296495,19.440408],[105.297126,19.442411]]]}},{"type":"Feature","properties":{"code":"16969","name":"Xã Nghĩa Thọ","type":"Xã"},"geometry":{"type":"Polygon","coordinates":[[[105.551678,19.426106],[105.566999,19.406026],[105.567059,19.402723],[105.578367,19.395364],[105.582449,19.390696],[105.58322,19.388382],[105.581366,19.382279],[105.590478,19.370345],[105.588489,19.366962],[105.591177,19.363742],[105.589768,19.361033],[105.590389,19.357509],[105.593143,19.355379],[105.583017,19.346957],[105.578785,19.348513],[105.57597,19.347718],[105.577325,19.346351],[105.576912,19.34368],[105.574423,19.338792],[105.571431,19.336657],[105.571386,19.333672],[105.568412,19.331668],[105.563233,19.331771],[105.558801,19.326042],[105.557834,19.322476],[105.560403,19.32245],[105.557638,19.32035],[105.556533,19.316526],[105.562875,19.316134],[105.563855,19.309076],[105.565566,19.307957],[105.563748,19.307815],[105.563346,19.304807],[105.561081,19.304515],[105.558377,19.298579],[105.549619,19.300103],[105.549008,19.301964],[105.542211,19.302247],[105.53089,19.291406],[105.524705,19.292545],[105.522888,19.297788],[105.525084,19.30135],[105.521975,19.304896],[105.515703,19.308354],[105.503251,19.305841],[105.493574,19.317624],[105.493916,19.325767],[105.491904,19.329918],[105.496426,19.336942],[105.500688,19.335351],[105.507641,19.338007],[105.507874,19.342969],[105.506569,19.342659],[105.507103,19.340353],[105.497346,19.337613],[105.49657,19.33869],[105.498944,19.341373],[105.495738,19.342789],[105.495131,19.345709],[105.488288,19.347018],[105.487611,19.349636],[105.49252,19.349284],[105.497132,19.3466],[105.509379,19.345903],[105.50895,19.348963],[105.510503,19.349527],[105.508227,19.356134],[105.502769,19.358256],[105.509626,19.367614],[105.514239,19.365273],[105.515192,19.366542],[105.505237,19.372796],[105.498478,19.365089],[105.496475,19.369835],[105.49088,19.374659],[105.49112,19.380703],[105.497536,19.38584],[105.495313,19.391495],[105.497432,19.395167],[105.509386,19.387648],[105.506534,19.378619],[105.506932,19.376763],[105.510003,19.378167],[105.511737,19.382437],[105.514855,19.383656],[105.519097,19.390411],[105.514544,19.389705],[105.519325,19.394435],[105.520402,19.400096],[105.526422,19.398112],[105.531997,19.404098],[105.535164,19.404531],[105.537194,19.408305],[105.539513,19.408255],[105.541901,19.411989],[105.54076,19.417636],[105.551678,19.426106]]]}},{"type":"Feature","properties":{"code":"16941","name":"Xã Nghĩa Đàn","type":"Xã"},"geometry":{"type":"Polygon","coordinates":[[[105.496631,19.403051],[105.508488,19.399351],[105.513831,19.401559],[105.515367,19.399732],[105.521004,19.401044],[105.519325,19.394435],[105.514544,19.389705],[105.519097,19.390411],[105.514855,19.383656],[105.511737,19.382437],[105.510003,19.378167],[105.506932,19.376763],[105.506534,19.378619],[105.509386,19.387648],[105.49735,19.39517],[105.495313,19.391495],[105.497536,19.38584],[105.491148,19.380765],[105.490329,19.377104],[105.49088,19.374659],[105.496475,19.369835],[105.498478,19.365089],[105.505237,19.372796],[105.515192,19.366542],[105.514239,19.365273],[105.509626,19.367614],[105.502769,19.358256],[105.508227,19.356134],[105.510503,19.349527],[105.50895,19.348963],[105.509379,19.345903],[105.497132,19.3466],[105.49252,19.349284],[105.487611,19.349636],[105.488288,19.347018],[105.495131,19.345709],[105.495738,19.342789],[105.498944,19.341373],[105.497137,19.337709],[105.507103,19.340353],[105.506569,19.342659],[105.507812,19.343118],[105.508462,19.339172],[105.500688,19.335351],[105.496426,19.336942],[105.491904,19.329918],[105.493916,19.325767],[105.493494,19.317868],[105.494968,19.314512],[105.488541,19.313503],[105.482772,19.315395],[105.47678,19.320942],[105.474316,19.317831],[105.475451,19.316493],[105.470122,19.313445],[105.465194,19.317217],[105.461712,19.312944],[105.459346,19.312299],[105.457225,19.314252],[105.457975,19.322763],[105.45131,19.326541],[105.444257,19.32687],[105.440036,19.329126],[105.440973,19.33265],[105.4323,19.346638],[105.432708,19.350394],[105.431152,19.352478],[105.42797,19.352805],[105.426996,19.355455],[105.43011,19.36019],[105.430004,19.363555],[105.431243,19.365256],[105.437312,19.364305],[105.440221,19.366164],[105.442153,19.365811],[105.443743,19.362138],[105.450113,19.363231],[105.450343,19.365811],[105.447329,19.367171],[105.447313,19.372351],[105.450424,19.373924],[105.449951,19.381536],[105.452743,19.377694],[105.460616,19.378325],[105.460918,19.383547],[105.46294,19.383659],[105.46436,19.379281],[105.469063,19.375813],[105.470315,19.376218],[105.468096,19.379716],[105.470417,19.380704],[105.470416,19.378268],[105.473715,19.374339],[105.475542,19.375136],[105.476059,19.377597],[105.48387,19.375897],[105.485278,19.380718],[105.487069,19.381578],[105.485913,19.384032],[105.489797,19.38397],[105.489536,19.38806],[105.492042,19.389461],[105.492687,19.395385],[105.490064,19.39765],[105.496631,19.403051]]]}},{"type":"Feature","properties":{"code":"17284","name":"Xã Nghĩa Đồng","type":"Xã"},"geometry":{"type":"Polygon","coordinates":[[[105.356477,19.201091],[105.36334,19.202988],[105.362703,19.200801],[105.365176,19.199816],[105.357758,19.199416],[105.356742,19.198034],[105.357861,19.194793],[105.379811,19.201725],[105.388533,19.200502],[105.390289,19.198068],[105.395269,19.199342],[105.400944,19.190702],[105.412184,19.189149],[105.416135,19.182693],[105.425872,19.177513],[105.430075,19.177745],[105.435926,19.172997],[105.433366,19.169554],[105.434877,19.165424],[105.429128,19.16115],[105.422399,19.158745],[105.41212,19.149896],[105.406405,19.148277],[105.398869,19.138633],[105.394181,19.136875],[105.389312,19.129952],[105.378267,19.121579],[105.371416,19.120729],[105.3651,19.123285],[105.360224,19.122625],[105.353251,19.126224],[105.351446,19.125893],[105.349487,19.121279],[105.343898,19.120099],[105.341919,19.121276],[105.336914,19.118915],[105.330961,19.124637],[105.315517,19.133246],[105.310483,19.143695],[105.316849,19.141683],[105.32278,19.142362],[105.322839,19.144892],[105.31854,19.148702],[105.318251,19.152667],[105.326103,19.156966],[105.326261,19.164393],[105.329685,19.166522],[105.331737,19.165709],[105.338736,19.1724],[105.336373,19.177292],[105.337591,19.179846],[105.340757,19.18297],[105.348547,19.185739],[105.348262,19.1953],[105.351621,19.196051],[105.356477,19.201091]]]}},{"type":"Feature","properties":{"code":"17344","name":"Xã Nhân Hòa","type":"Xã"},"geometry":{"type":"Polygon","coordinates":[[[104.932641,19.062903],[104.939519,19.062752],[104.94096,19.061503],[104.940138,19.060078],[104.942143,19.060725],[104.943973,19.057584],[104.949815,19.056986],[104.951596,19.053912],[104.956251,19.053135],[104.957762,19.055433],[104.964351,19.057254],[104.963814,19.054599],[104.965562,19.051719],[104.969378,19.051545],[104.97602,19.042471],[104.984616,19.040436],[104.984719,19.036276],[104.988032,19.032728],[104.992007,19.03188],[104.996853,19.0341],[105.00065,19.032724],[105.003118,19.034774],[105.006021,19.033622],[105.013755,19.037993],[105.01969,19.038168],[105.017149,19.035494],[105.017497,19.032197],[105.022051,19.03503],[105.027854,19.029828],[105.041008,19.029724],[105.044036,19.026671],[105.046484,19.026453],[105.04873,19.02198],[105.047613,19.019771],[105.043719,19.015388],[105.039903,19.013655],[105.041591,19.00802],[105.045692,19.002307],[105.042076,18.991776],[105.03226,18.996715],[105.022568,18.997352],[105.020116,18.988926],[105.017199,18.985234],[104.999522,18.981844],[104.9959,18.975976],[104.993104,18.974891],[104.987545,18.965082],[104.984819,18.963301],[104.991679,18.956873],[104.987087,18.950655],[104.988089,18.947187],[104.97744,18.94943],[104.974248,18.958532],[104.974135,18.961561],[104.976645,18.963813],[104.976793,18.966413],[104.962172,18.972755],[104.961156,18.977499],[104.967535,18.982113],[104.947217,18.983097],[104.937676,18.989308],[104.935128,18.993507],[104.936727,19.005504],[104.935426,19.01061],[104.939854,19.012867],[104.937386,19.016647],[104.93111,19.016506],[104.926381,19.022019],[104.925709,19.025699],[104.928522,19.029206],[104.926626,19.031346],[104.931416,19.033674],[104.927388,19.040812],[104.927992,19.042535],[104.916476,19.045341],[104.906614,19.042547],[104.899372,19.044186],[104.901016,19.052968],[104.908344,19.060699],[104.914622,19.060893],[104.919479,19.058647],[104.924359,19.060633],[104.927145,19.059404],[104.930854,19.060572],[104.932641,19.062903]]]}},{"type":"Feature","properties":{"code":"16882","name":"Xã Nhôn Mai","type":"Xã"},"geometry":{"type":"Polygon","coordinates":[[[104.446536,19.656722],[104.449477,19.657319],[104.453562,19.652111],[104.458046,19.652018],[104.463154,19.649007],[104.467537,19.648446],[104.473802,19.651314],[104.477367,19.655089],[104.482172,19.652862],[104.491975,19.653586],[104.495179,19.649991],[104.495563,19.644182],[104.499325,19.640677],[104.499302,19.635871],[104.505984,19.631192],[104.507062,19.622234],[104.508706,19.620966],[104.516352,19.620911],[104.518844,19.617685],[104.524292,19.61692],[104.527058,19.612904],[104.531459,19.614203],[104.538993,19.611908],[104.546934,19.619152],[104.54844,19.615929],[104.553544,19.615332],[104.560188,19.609918],[104.566148,19.613972],[104.570333,19.613395],[104.573026,19.620682],[104.583509,19.628477],[104.591301,19.630627],[104.601715,19.629158],[104.603971,19.632373],[104.609881,19.631977],[104.612373,19.63391],[104.619264,19.627849],[104.629874,19.627725],[104.634609,19.623259],[104.632496,19.618108],[104.627818,19.613966],[104.629641,19.610999],[104.630866,19.601538],[104.630718,19.592566],[104.629025,19.587867],[104.617666,19.586559],[104.612341,19.584564],[104.609129,19.580992],[104.60376,19.579831],[104.602704,19.576189],[104.588517,19.573626],[104.5852,19.564969],[104.566872,19.550591],[104.562731,19.543858],[104.551693,19.542896],[104.547292,19.538307],[104.545397,19.533077],[104.548496,19.524242],[104.547538,19.519406],[104.548687,19.517239],[104.545013,19.51198],[104.543886,19.503919],[104.547774,19.499633],[104.550962,19.506023],[104.554221,19.506944],[104.558253,19.499777],[104.560506,19.498562],[104.560833,19.49604],[104.546878,19.473063],[104.541274,19.47031],[104.539423,19.471512],[104.530028,19.470492],[104.524322,19.468253],[104.517719,19.472001],[104.51307,19.472092],[104.506923,19.479058],[104.494948,19.486818],[104.486329,19.485688],[104.482989,19.487211],[104.478213,19.494749],[104.470384,19.498562],[104.476457,19.491506],[104.469012,19.477853],[104.465032,19.480593],[104.462407,19.475807],[104.45469,19.475501],[104.44506,19.478994],[104.441794,19.483563],[104.428029,19.488601],[104.431649,19.501019],[104.418184,19.504533],[104.419546,19.51263],[104.413592,19.515573],[104.415626,19.520034],[104.414964,19.526799],[104.416136,19.529908],[104.411816,19.538015],[104.426733,19.54256],[104.428866,19.556694],[104.426473,19.561335],[104.427105,19.564276],[104.421471,19.563471],[104.415827,19.567441],[104.409689,19.577133],[104.400583,19.582343],[104.393363,19.583331],[104.393665,19.595889],[104.396485,19.600233],[104.390132,19.603084],[104.383252,19.609586],[104.382076,19.613762],[104.385524,19.618518],[104.392588,19.612968],[104.397297,19.614652],[104.402054,19.619708],[104.408222,19.616951],[104.412213,19.617862],[104.414794,19.620248],[104.417335,19.626958],[104.425128,19.632547],[104.428883,19.64235],[104.435459,19.644975],[104.437097,19.647951],[104.43689,19.652431],[104.440682,19.657521],[104.444242,19.65856],[104.446536,19.656722]]]}},{"type":"Feature","properties":{"code":"16837","name":"Xã Nậm Cắn","type":"Xã"},"geometry":{"type":"Polygon","coordinates":[[[104.117825,19.532719],[104.120126,19.52199],[104.129486,19.518524],[104.133215,19.513828],[104.139362,19.514224],[104.142051,19.509992],[104.145082,19.511266],[104.152382,19.508631],[104.155955,19.504163],[104.155962,19.500756],[104.160574,19.495576],[104.160178,19.491776],[104.169213,19.491747],[104.176751,19.488365],[104.184303,19.491701],[104.185116,19.489928],[104.193327,19.488922],[104.196471,19.486633],[104.200878,19.487142],[104.202301,19.484305],[104.206829,19.486398],[104.209524,19.484258],[104.216891,19.485871],[104.222177,19.468229],[104.230927,19.460918],[104.241273,19.462423],[104.23975,19.459302],[104.240392,19.45573],[104.235888,19.446406],[104.235552,19.424624],[104.231059,19.423162],[104.22497,19.415467],[104.215983,19.417568],[104.203422,19.409689],[104.19671,19.411405],[104.19552,19.408528],[104.187093,19.40668],[104.183141,19.4098],[104.180925,19.405656],[104.167187,19.409533],[104.159984,19.407249],[104.154032,19.407821],[104.148526,19.412672],[104.146393,19.412371],[104.148488,19.415637],[104.151488,19.415388],[104.148028,19.418283],[104.136469,19.412978],[104.132151,19.413713],[104.129404,19.416483],[104.125483,19.416464],[104.122362,19.420475],[104.116937,19.42184],[104.114019,19.420898],[104.108226,19.424824],[104.108022,19.4271],[104.107569,19.427715],[104.107651,19.424513],[104.112279,19.419448],[104.11142,19.417603],[104.098381,19.419296],[104.091105,19.41647],[104.082043,19.417352],[104.07283,19.414743],[104.072596,19.416035],[104.070701,19.415602],[104.072974,19.427111],[104.072774,19.437512],[104.075644,19.450211],[104.067462,19.450778],[104.06472,19.45293],[104.070038,19.454513],[104.074788,19.458262],[104.076371,19.46215],[104.079998,19.463418],[104.08154,19.46643],[104.086047,19.466772],[104.085085,19.472105],[104.087135,19.475502],[104.084971,19.478151],[104.08529,19.480069],[104.087654,19.480963],[104.092702,19.489137],[104.098928,19.492381],[104.107836,19.488364],[104.114787,19.49066],[104.118034,19.496061],[104.117655,19.499438],[104.123388,19.502197],[104.122811,19.504171],[104.113409,19.511229],[104.111548,19.516306],[104.110323,19.51774],[104.107692,19.517464],[104.103656,19.523645],[104.107544,19.525857],[104.107242,19.52843],[104.109051,19.529536],[104.109821,19.540984],[104.117825,19.532719]]]}},{"type":"Feature","properties":{"code":"17857","name":"Xã Phúc Lộc","type":"Xã"},"geometry":{"type":"Polygon","coordinates":[[[105.5171,18.830354],[105.513478,18.83344],[105.518672,18.837803],[105.51918,18.841482],[105.521848,18.840709],[105.527449,18.845918],[105.533288,18.844653],[105.535939,18.85071],[105.540103,18.853279],[105.546673,18.853858],[105.552677,18.860197],[105.554611,18.859237],[105.561549,18.860464],[105.567412,18.85826],[105.566405,18.853706],[105.561548,18.849811],[105.561679,18.841403],[105.566727,18.839934],[105.565221,18.834535],[105.561474,18.833268],[105.562535,18.827944],[105.561153,18.822916],[105.564827,18.82173],[105.563716,18.818741],[105.570262,18.816943],[105.576329,18.811691],[105.578927,18.812191],[105.582412,18.807603],[105.584129,18.808903],[105.589558,18.808634],[105.590109,18.805458],[105.58883,18.804801],[105.586448,18.807037],[105.583629,18.805248],[105.586909,18.800914],[105.585703,18.796017],[105.588405,18.794736],[105.582749,18.792662],[105.58512,18.791716],[105.58321,18.789756],[105.58401,18.788826],[105.58202,18.78822],[105.581323,18.789934],[105.580708,18.787865],[105.583595,18.783663],[105.58016,18.779305],[105.580406,18.776263],[105.574072,18.770694],[105.574032,18.768772],[105.576125,18.768319],[105.575835,18.765431],[105.565551,18.757284],[105.554795,18.752948],[105.542434,18.754204],[105.535202,18.758073],[105.534786,18.759997],[105.533164,18.758452],[105.521471,18.75907],[105.520434,18.764007],[105.515741,18.766151],[105.51158,18.764998],[105.50992,18.766109],[105.497404,18.765617],[105.49521,18.767629],[105.495373,18.771647],[105.492738,18.773786],[105.48693,18.774003],[105.487717,18.779562],[105.490555,18.784257],[105.499153,18.783117],[105.51078,18.789826],[105.513077,18.788743],[105.516761,18.791526],[105.513626,18.796463],[105.509364,18.799388],[105.513806,18.808295],[105.518471,18.806455],[105.520775,18.809443],[105.518574,18.810616],[105.520803,18.813565],[105.518946,18.814206],[105.516936,18.81206],[105.515129,18.813949],[105.512809,18.812946],[105.511828,18.816559],[105.509318,18.816961],[105.510997,18.820061],[105.513554,18.81991],[105.514584,18.823384],[105.517564,18.825161],[105.5171,18.830354]]]}},{"type":"Feature","properties":{"code":"17569","name":"Xã Quan Thành","type":"Xã"},"geometry":{"type":"Polygon","coordinates":[[[105.421092,19.010149],[105.435109,19.010262],[105.438208,19.004046],[105.445822,19.00031],[105.448937,19.001339],[105.453774,18.998764],[105.454252,18.996602],[105.45673,18.996366],[105.461429,18.991138],[105.463187,18.991125],[105.462891,18.989412],[105.471637,18.990469],[105.475443,18.988964],[105.475747,18.985344],[105.479541,18.9841],[105.478557,18.981098],[105.480451,18.972728],[105.475906,18.971755],[105.470766,18.973269],[105.470653,18.970885],[105.467584,18.972198],[105.467555,18.96961],[105.463962,18.969532],[105.464267,18.967868],[105.462449,18.967933],[105.46207,18.962459],[105.463326,18.961087],[105.459836,18.957784],[105.459096,18.950365],[105.456759,18.949768],[105.456883,18.94663],[105.45953,18.946086],[105.458728,18.944073],[105.45052,18.946836],[105.447605,18.951185],[105.440388,18.947726],[105.434358,18.951281],[105.432487,18.954415],[105.433192,18.956149],[105.430916,18.955503],[105.426848,18.959455],[105.416111,18.963278],[105.408547,18.964104],[105.405879,18.961548],[105.40447,18.962116],[105.397091,18.967142],[105.393312,18.973615],[105.393127,18.978307],[105.387837,18.97996],[105.389458,18.984613],[105.397472,18.986946],[105.401789,18.984928],[105.406999,18.987338],[105.411448,18.984717],[105.417381,18.984514],[105.419265,18.985935],[105.417279,18.987154],[105.417338,18.99271],[105.415465,18.994461],[105.416531,18.995739],[105.412902,18.999104],[105.412632,19.006557],[105.421092,19.010149]]]}},{"type":"Feature","properties":{"code":"17521","name":"Xã Quang Đồng","type":"Xã"},"geometry":{"type":"Polygon","coordinates":[[[105.400429,19.099999],[105.412961,19.087467],[105.413478,19.083675],[105.417544,19.087389],[105.42109,19.086494],[105.4223,19.082175],[105.419367,19.081478],[105.419034,19.079539],[105.412329,19.074558],[105.41295,19.069293],[105.417252,19.063486],[105.422189,19.061248],[105.419985,19.054507],[105.424605,19.051264],[105.423388,19.049827],[105.433317,19.049982],[105.436189,19.047162],[105.435271,19.044983],[105.437984,19.042596],[105.436591,19.040296],[105.438607,19.039838],[105.435943,19.035735],[105.439808,19.032322],[105.439498,19.027315],[105.441057,19.026307],[105.434655,19.026468],[105.433708,19.027678],[105.433261,19.02607],[105.431882,19.026456],[105.430401,19.019012],[105.42563,19.018796],[105.428729,19.011512],[105.412632,19.006557],[105.412902,18.999104],[105.416531,18.995739],[105.415465,18.994461],[105.417338,18.99271],[105.417279,18.987154],[105.419265,18.985935],[105.417381,18.984514],[105.411448,18.984717],[105.406999,18.987338],[105.401789,18.984928],[105.396551,18.986795],[105.389458,18.984613],[105.387837,18.97996],[105.382641,18.983353],[105.384955,18.988204],[105.383526,18.989577],[105.383621,18.993199],[105.378616,18.995756],[105.373689,19.002785],[105.364176,19.003558],[105.363693,19.011148],[105.367247,19.015686],[105.362389,19.022438],[105.362268,19.026077],[105.356473,19.030364],[105.353053,19.028693],[105.350872,19.029388],[105.352443,19.034362],[105.351124,19.03558],[105.343577,19.036343],[105.345248,19.040911],[105.344658,19.044604],[105.337884,19.053062],[105.335827,19.059121],[105.331681,19.062584],[105.339994,19.067463],[105.345258,19.067387],[105.346886,19.069522],[105.351947,19.071026],[105.359644,19.06906],[105.372846,19.075889],[105.382064,19.083808],[105.38554,19.084403],[105.390644,19.091516],[105.390781,19.096483],[105.393484,19.101438],[105.392203,19.105021],[105.394185,19.108244],[105.396901,19.106715],[105.400429,19.099999]]]}},{"type":"Feature","properties":{"code":"17443","name":"Xã Quảng Châu","type":"Xã"},"geometry":{"type":"Polygon","coordinates":[[[105.557317,19.048042],[105.568803,19.049599],[105.56938,19.047196],[105.573069,19.046825],[105.569839,19.042582],[105.572961,19.041984],[105.573933,19.037271],[105.576266,19.037118],[105.577663,19.033442],[105.57954,19.033233],[105.581445,19.02542],[105.576823,19.024729],[105.576248,19.018697],[105.574381,19.01863],[105.573222,19.015365],[105.570842,19.016195],[105.571779,19.010315],[105.574801,19.007987],[105.575025,19.00462],[105.569984,19.003988],[105.571456,19.001331],[105.56972,19.001438],[105.569552,19.003774],[105.566614,19.002432],[105.565508,19.005191],[105.561182,19.005094],[105.55916,19.00437],[105.559223,19.001918],[105.556694,18.999177],[105.551608,18.999532],[105.55233,19.001797],[105.548049,19.001676],[105.543755,18.999955],[105.545,18.998565],[105.540673,18.996339],[105.538965,18.996679],[105.538425,18.999727],[105.535177,18.999692],[105.528892,18.987773],[105.525647,18.991934],[105.528057,18.992591],[105.528316,18.994891],[105.52686,18.995632],[105.521072,18.995141],[105.519252,18.993501],[105.520508,18.99158],[105.518882,18.992546],[105.517511,18.991253],[105.513215,18.999007],[105.515762,18.99997],[105.514709,19.003762],[105.518952,19.005375],[105.519414,19.007569],[105.516036,19.012391],[105.51823,19.01422],[105.512378,19.016522],[105.512336,19.018569],[105.514624,19.018008],[105.517463,19.021868],[105.519565,19.022342],[105.519925,19.02567],[105.523878,19.02463],[105.523743,19.022318],[105.525909,19.021942],[105.525883,19.020403],[105.530058,19.021529],[105.530528,19.01961],[105.536091,19.021292],[105.533729,19.023681],[105.538562,19.032043],[105.540115,19.031527],[105.54181,19.038458],[105.542713,19.038002],[105.543733,19.047402],[105.551994,19.045549],[105.555122,19.04685],[105.554419,19.049411],[105.557317,19.048042]]]}},{"type":"Feature","properties":{"code":"16738","name":"Xã Quế Phong","type":"Xã"},"geometry":{"type":"Polygon","coordinates":[[[104.730412,19.756426],[104.739288,19.748827],[104.754532,19.751115],[104.755899,19.749218],[104.763388,19.74732],[104.767769,19.744183],[104.76987,19.738323],[104.778482,19.736331],[104.786572,19.728808],[104.797597,19.732889],[104.805469,19.727222],[104.811259,19.725873],[104.81439,19.726702],[104.821339,19.722644],[104.823424,19.719995],[104.821179,19.710248],[104.823213,19.709275],[104.823404,19.706098],[104.82668,19.703188],[104.825135,19.699071],[104.834805,19.693052],[104.836339,19.685994],[104.833564,19.683864],[104.833649,19.68154],[104.836132,19.68044],[104.836146,19.677901],[104.851277,19.66907],[104.856844,19.662321],[104.860902,19.660675],[104.86921,19.661308],[104.870909,19.659961],[104.875492,19.66217],[104.879135,19.661079],[104.885199,19.646233],[104.895194,19.637224],[104.899875,19.637887],[104.903281,19.635471],[104.90785,19.635509],[104.90825,19.638661],[104.912767,19.637315],[104.915655,19.638751],[104.922279,19.632572],[104.922897,19.629191],[104.932007,19.619117],[104.931262,19.617263],[104.928402,19.617193],[104.927433,19.614807],[104.930166,19.613899],[104.931278,19.608462],[104.938062,19.608877],[104.942852,19.606273],[104.943796,19.60928],[104.950466,19.608245],[104.952648,19.610684],[104.956546,19.611785],[104.957851,19.60964],[104.965215,19.613191],[104.966376,19.616],[104.970615,19.616593],[104.972741,19.619137],[104.980252,19.613983],[104.980711,19.61077],[104.982868,19.612744],[104.988864,19.60654],[104.990132,19.606887],[104.994773,19.59908],[104.989712,19.597702],[104.99069,19.593497],[104.986999,19.588224],[104.977678,19.588038],[104.975057,19.590143],[104.972981,19.587191],[104.972135,19.579956],[104.976828,19.575103],[104.97423,19.570033],[104.979612,19.565549],[104.974068,19.561693],[104.973713,19.555137],[104.971754,19.553523],[104.969092,19.543107],[104.963926,19.538982],[104.951423,19.537611],[104.949415,19.532928],[104.944005,19.534073],[104.93832,19.537197],[104.935875,19.541543],[104.931885,19.539347],[104.930511,19.540253],[104.931019,19.545837],[104.935348,19.555093],[104.932603,19.560448],[104.92764,19.564068],[104.920073,19.562836],[104.913014,19.566722],[104.907064,19.562629],[104.903195,19.563345],[104.896355,19.559626],[104.891107,19.561279],[104.89026,19.558855],[104.88778,19.557982],[104.888277,19.556002],[104.885682,19.55269],[104.883341,19.55185],[104.878333,19.54515],[104.877579,19.540737],[104.875725,19.539493],[104.873545,19.540534],[104.872846,19.543223],[104.866586,19.544068],[104.860243,19.549673],[104.852339,19.549104],[104.846983,19.551379],[104.848574,19.562559],[104.853077,19.567429],[104.851269,19.574228],[104.8445,19.576487],[104.836403,19.572153],[104.830386,19.572174],[104.832596,19.580419],[104.830357,19.583628],[104.824907,19.586506],[104.829226,19.59007],[104.825919,19.597031],[104.82702,19.602948],[104.821439,19.61076],[104.818789,19.607972],[104.814485,19.607532],[104.811801,19.61118],[104.812354,19.613852],[104.805157,19.62222],[104.801236,19.6236],[104.80611,19.626745],[104.803428,19.631871],[104.804596,19.634724],[104.794895,19.638092],[104.791472,19.634874],[104.789213,19.634991],[104.784407,19.648529],[104.778946,19.653372],[104.777278,19.660485],[104.774548,19.66332],[104.769716,19.665853],[104.766672,19.665452],[104.757876,19.672803],[104.753813,19.674336],[104.748535,19.680541],[104.738618,19.686715],[104.736869,19.689919],[104.712984,19.699447],[104.711189,19.705067],[104.706543,19.706485],[104.705283,19.710461],[104.70176,19.714298],[104.701973,19.716276],[104.696639,19.71886],[104.694657,19.723285],[104.697136,19.725231],[104.701372,19.736545],[104.707458,19.739245],[104.708512,19.742367],[104.715241,19.745771],[104.724182,19.754877],[104.728767,19.754929],[104.730412,19.756426]]]}},{"type":"Feature","properties":{"code":"16777","name":"Xã Quỳ Châu","type":"Xã"},"geometry":{"type":"Polygon","coordinates":[[[105.182023,19.680344],[105.20118,19.667318],[105.212127,19.662047],[105.214565,19.656161],[105.220777,19.652763],[105.2238,19.648568],[105.228506,19.649091],[105.236153,19.644355],[105.239352,19.647192],[105.241757,19.656593],[105.245458,19.657377],[105.252658,19.650401],[105.257136,19.644094],[105.258103,19.639978],[105.261592,19.639232],[105.26038,19.635617],[105.261472,19.629576],[105.265106,19.625085],[105.267246,19.6246],[105.266427,19.616714],[105.271956,19.610898],[105.2689,19.607287],[105.279054,19.605335],[105.281648,19.601561],[105.281427,19.595331],[105.278366,19.593462],[105.277832,19.590633],[105.272911,19.588344],[105.27801,19.584987],[105.278235,19.577864],[105.280447,19.576646],[105.283057,19.567937],[105.279777,19.562731],[105.274205,19.560811],[105.271455,19.556328],[105.274199,19.547082],[105.27163,19.544312],[105.272073,19.537164],[105.267314,19.529473],[105.270174,19.523247],[105.274465,19.519396],[105.269626,19.515504],[105.264815,19.515234],[105.251727,19.52002],[105.249986,19.521695],[105.250612,19.52396],[105.24789,19.526058],[105.242581,19.526213],[105.239113,19.528124],[105.235223,19.527289],[105.233017,19.529093],[105.232841,19.533848],[105.227404,19.535924],[105.218937,19.542546],[105.21676,19.547581],[105.212519,19.534603],[105.213565,19.531224],[105.209496,19.529715],[105.201118,19.532691],[105.194139,19.530978],[105.189458,19.533718],[105.182562,19.529988],[105.173637,19.534668],[105.169459,19.532875],[105.162005,19.534223],[105.158606,19.529999],[105.154564,19.52973],[105.147792,19.536465],[105.144484,19.53768],[105.143358,19.544487],[105.134334,19.546249],[105.135784,19.545351],[105.135735,19.538859],[105.134062,19.537281],[105.130482,19.538307],[105.130895,19.528741],[105.129568,19.527388],[105.13394,19.520376],[105.133742,19.509737],[105.136275,19.506518],[105.135327,19.498993],[105.133614,19.492341],[105.128902,19.483861],[105.129995,19.480663],[105.128846,19.474124],[105.123883,19.475011],[105.121137,19.473008],[105.120279,19.476953],[105.117926,19.476878],[105.115162,19.479333],[105.105537,19.494009],[105.101701,19.493398],[105.098993,19.495381],[105.095405,19.494323],[105.089727,19.503385],[105.085962,19.505063],[105.081083,19.499997],[105.076086,19.502168],[105.074246,19.504688],[105.069115,19.504891],[105.064733,19.50824],[105.063314,19.511373],[105.058065,19.510221],[105.056313,19.51998],[105.058772,19.523307],[105.059911,19.530058],[105.051993,19.533101],[105.048973,19.539827],[105.050677,19.544376],[105.053579,19.545928],[105.052345,19.548331],[105.053509,19.550513],[105.059937,19.55249],[105.053216,19.561004],[105.046832,19.565315],[105.049265,19.573975],[105.041632,19.580798],[105.039284,19.58668],[105.038508,19.595276],[105.052837,19.599926],[105.054258,19.603546],[105.053666,19.612138],[105.055121,19.611016],[105.05974,19.611999],[105.066046,19.614828],[105.06832,19.619764],[105.074935,19.625098],[105.085382,19.624251],[105.090518,19.628244],[105.096021,19.629333],[105.098701,19.626641],[105.105332,19.634804],[105.109292,19.634394],[105.112709,19.631176],[105.116048,19.633147],[105.119321,19.632176],[105.123576,19.633314],[105.13314,19.631484],[105.139822,19.637851],[105.141066,19.643123],[105.147403,19.649657],[105.152618,19.651011],[105.163689,19.667332],[105.167092,19.668219],[105.173344,19.664901],[105.170942,19.67982],[105.182023,19.680344]]]}},{"type":"Feature","properties":{"code":"17035","name":"Xã Quỳ Hợp","type":"Xã"},"geometry":{"type":"Polygon","coordinates":[[[105.159841,19.352442],[105.174986,19.350159],[105.184804,19.350659],[105.18711,19.348924],[105.19781,19.346851],[105.199859,19.348801],[105.200519,19.354953],[105.213447,19.355249],[105.221532,19.349593],[105.226974,19.349687],[105.230735,19.345727],[105.236247,19.343826],[105.24065,19.345091],[105.24209,19.349172],[105.240604,19.349629],[105.244404,19.352392],[105.249591,19.344029],[105.247318,19.338953],[105.250264,19.336631],[105.252377,19.329682],[105.247043,19.324366],[105.238169,19.321474],[105.235664,19.323712],[105.222247,19.315253],[105.226945,19.309723],[105.227506,19.306752],[105.222294,19.306528],[105.219548,19.295655],[105.216626,19.293381],[105.217492,19.290441],[105.213956,19.288326],[105.205673,19.27823],[105.205328,19.274865],[105.203168,19.274134],[105.200648,19.26785],[105.20224,19.263103],[105.200536,19.260104],[105.197296,19.257897],[105.193302,19.250921],[105.180958,19.245427],[105.176584,19.247456],[105.174306,19.252336],[105.167003,19.253444],[105.156897,19.258002],[105.153041,19.263025],[105.154813,19.271837],[105.153106,19.278348],[105.156095,19.280532],[105.156294,19.283782],[105.163217,19.288464],[105.163641,19.291422],[105.168963,19.29363],[105.168075,19.30043],[105.169476,19.303379],[105.152365,19.307007],[105.150087,19.309992],[105.147602,19.308695],[105.142482,19.313509],[105.133664,19.314196],[105.132439,19.312333],[105.1283,19.311166],[105.121092,19.311643],[105.12219,19.317011],[105.12765,19.319814],[105.127282,19.322257],[105.129141,19.323744],[105.128775,19.325557],[105.126434,19.32634],[105.125921,19.331465],[105.127323,19.334709],[105.126206,19.336558],[105.129686,19.337705],[105.131739,19.345797],[105.138147,19.346502],[105.139365,19.348218],[105.138689,19.349982],[105.141077,19.355035],[105.139196,19.361286],[105.15905,19.35691],[105.159841,19.352442]]]}},{"type":"Feature","properties":{"code":"17176","name":"Xã Quỳnh Anh","type":"Xã"},"geometry":{"type":"MultiPolygon","coordinates":[[[[105.733842,19.156742],[105.733556,19.156903],[105.735432,19.157826],[105.733842,19.156742]]],[[[105.738869,19.220885],[105.736349,19.214512],[105.731951,19.193155],[105.730726,19.167636],[105.733198,19.168124],[105.73285,19.165643],[105.730922,19.164705],[105.731971,19.157973],[105.728559,19.140465],[105.729606,19.134471],[105.719432,19.13455],[105.713218,19.136219],[105.713076,19.137473],[105.708731,19.136215],[105.707619,19.137646],[105.703457,19.135169],[105.699237,19.136227],[105.700346,19.131578],[105.693803,19.129555],[105.69403,19.127387],[105.688591,19.128269],[105.685613,19.132971],[105.679221,19.12991],[105.677369,19.126771],[105.673041,19.127797],[105.673692,19.129887],[105.671075,19.127966],[105.667244,19.13006],[105.668227,19.131394],[105.66151,19.133914],[105.661661,19.13995],[105.663051,19.141045],[105.661746,19.147133],[105.663495,19.147582],[105.66387,19.150795],[105.660584,19.155085],[105.662912,19.154543],[105.665068,19.159788],[105.663426,19.162136],[105.671235,19.164262],[105.673353,19.172613],[105.675109,19.172091],[105.676913,19.173865],[105.683607,19.186712],[105.691949,19.181515],[105.692433,19.185311],[105.704912,19.193347],[105.712155,19.190792],[105.712089,19.189256],[105.72026,19.188013],[105.720603,19.18676],[105.731057,19.188017],[105.733773,19.205585],[105.736319,19.215582],[105.738368,19.220785],[105.740918,19.222175],[105.738869,19.220885]]]]}},{"type":"Feature","properties":{"code":"17179","name":"Xã Quỳnh Lưu","type":"Xã"},"geometry":{"type":"Polygon","coordinates":[[[105.623461,19.143019],[105.619486,19.145303],[105.619886,19.153397],[105.634244,19.166341],[105.637389,19.164898],[105.644931,19.179452],[105.649844,19.17785],[105.649714,19.175812],[105.654938,19.173621],[105.651759,19.17013],[105.661697,19.163554],[105.662771,19.160904],[105.66502,19.160814],[105.662912,19.154543],[105.660584,19.155085],[105.66387,19.150795],[105.663495,19.147582],[105.661746,19.147133],[105.663051,19.141045],[105.661661,19.13995],[105.66151,19.133914],[105.668227,19.131394],[105.667244,19.13006],[105.671075,19.127966],[105.673692,19.129887],[105.673041,19.127797],[105.669858,19.128008],[105.668113,19.125649],[105.670778,19.125363],[105.668688,19.123168],[105.669803,19.119345],[105.668164,19.116874],[105.66934,19.117795],[105.669737,19.116373],[105.667786,19.1078],[105.661974,19.110463],[105.659909,19.105714],[105.655622,19.10479],[105.652888,19.107571],[105.650996,19.107055],[105.649104,19.111458],[105.647462,19.111825],[105.645696,19.110504],[105.646077,19.106725],[105.643108,19.109683],[105.640322,19.107726],[105.64379,19.104489],[105.638392,19.103589],[105.629024,19.098224],[105.625819,19.097973],[105.624491,19.099471],[105.622391,19.098033],[105.622791,19.10032],[105.61991,19.098494],[105.618338,19.1046],[105.619999,19.107708],[105.614933,19.112741],[105.610328,19.113834],[105.610929,19.115075],[105.60739,19.11673],[105.603952,19.114306],[105.601951,19.116808],[105.599919,19.116035],[105.597276,19.12208],[105.59214,19.127051],[105.592286,19.124766],[105.585774,19.13149],[105.579765,19.132844],[105.579486,19.136267],[105.57657,19.138069],[105.580706,19.140358],[105.589143,19.139776],[105.595564,19.136151],[105.598016,19.139487],[105.601009,19.139632],[105.603249,19.138732],[105.599151,19.136335],[105.600309,19.134484],[105.606603,19.135808],[105.609179,19.131573],[105.610787,19.134009],[105.624668,19.137511],[105.623179,19.139017],[105.623461,19.143019]]]}},{"type":"Feature","properties":{"code":"17212","name":"Xã Quỳnh Phú","type":"Xã"},"geometry":{"type":"Polygon","coordinates":[[[105.70544,19.137092],[105.713076,19.137473],[105.713218,19.136219],[105.725,19.133818],[105.729606,19.134471],[105.730907,19.115384],[105.735625,19.107241],[105.738268,19.106144],[105.736808,19.102855],[105.730253,19.101111],[105.725622,19.102832],[105.717805,19.097089],[105.711541,19.096906],[105.706222,19.092247],[105.70462,19.092586],[105.7046,19.090425],[105.702387,19.090846],[105.700527,19.086028],[105.699215,19.088012],[105.697476,19.087761],[105.692279,19.082419],[105.690128,19.084603],[105.688213,19.084145],[105.685067,19.091981],[105.675793,19.095591],[105.674816,19.09861],[105.664204,19.093058],[105.657817,19.087686],[105.653848,19.094282],[105.649366,19.092449],[105.6481,19.089921],[105.645067,19.093601],[105.642756,19.092018],[105.641023,19.094321],[105.639048,19.09415],[105.641605,19.095794],[105.643032,19.093297],[105.647178,19.096275],[105.646428,19.098435],[105.648826,19.100633],[105.640322,19.107726],[105.643108,19.109683],[105.646077,19.106725],[105.646328,19.111495],[105.648954,19.111587],[105.650802,19.107229],[105.652888,19.107571],[105.656056,19.104709],[105.659909,19.105714],[105.661974,19.110463],[105.667745,19.107753],[105.669737,19.116373],[105.66934,19.117795],[105.668164,19.116874],[105.669803,19.119345],[105.668688,19.123168],[105.670778,19.125363],[105.668113,19.125649],[105.669858,19.128008],[105.677369,19.126771],[105.679221,19.12991],[105.685613,19.132971],[105.688591,19.128269],[105.69403,19.127387],[105.693803,19.129555],[105.700346,19.131578],[105.699237,19.136227],[105.703457,19.135169],[105.70544,19.137092]]]}},{"type":"Feature","properties":{"code":"17170","name":"Xã Quỳnh Sơn","type":"Xã"},"geometry":{"type":"Polygon","coordinates":[[[105.623461,19.143019],[105.623179,19.139017],[105.624668,19.137511],[105.610787,19.134009],[105.609179,19.131573],[105.606603,19.135808],[105.600309,19.134484],[105.599151,19.136335],[105.603249,19.138732],[105.601794,19.13945],[105.598016,19.139487],[105.595564,19.136151],[105.589143,19.139776],[105.580706,19.140358],[105.57642,19.138069],[105.571784,19.143228],[105.565705,19.144378],[105.562968,19.143315],[105.560552,19.145839],[105.564685,19.150437],[105.5608,19.15376],[105.559434,19.152448],[105.556543,19.155736],[105.558167,19.162168],[105.550084,19.165841],[105.547414,19.170526],[105.548944,19.179501],[105.553634,19.183765],[105.565422,19.190022],[105.565447,19.195844],[105.568719,19.201912],[105.572454,19.204338],[105.57551,19.203519],[105.582683,19.205097],[105.58788,19.209455],[105.588021,19.211806],[105.59571,19.212672],[105.60166,19.21543],[105.607579,19.21285],[105.616577,19.204513],[105.626952,19.207419],[105.628987,19.200945],[105.632736,19.20111],[105.637412,19.192665],[105.638604,19.193971],[105.651045,19.194327],[105.649538,19.193268],[105.650403,19.190241],[105.647959,19.185384],[105.645794,19.184593],[105.644608,19.182214],[105.64598,19.181459],[105.637389,19.164898],[105.634244,19.166341],[105.619886,19.153397],[105.619486,19.145303],[105.623461,19.143019]]]}},{"type":"Feature","properties":{"code":"17149","name":"Xã Quỳnh Tam","type":"Xã"},"geometry":{"type":"Polygon","coordinates":[[[105.506817,19.231009],[105.522963,19.230093],[105.52738,19.233913],[105.529393,19.236614],[105.529521,19.240917],[105.534326,19.247234],[105.536075,19.251575],[105.534251,19.254445],[105.535738,19.257745],[105.534277,19.259203],[105.531278,19.258251],[105.530693,19.259958],[105.538268,19.262995],[105.544763,19.261523],[105.546185,19.26495],[105.549651,19.268019],[105.552449,19.267072],[105.553608,19.269426],[105.561055,19.268715],[105.569233,19.255182],[105.567011,19.25354],[105.567488,19.251135],[105.593344,19.234277],[105.595255,19.230364],[105.595604,19.224149],[105.599404,19.222694],[105.598907,19.218191],[105.60166,19.21543],[105.59571,19.212672],[105.588021,19.211806],[105.58788,19.209455],[105.580598,19.204206],[105.571387,19.204014],[105.565447,19.195844],[105.565422,19.190022],[105.563841,19.188564],[105.553634,19.183765],[105.548944,19.179501],[105.546812,19.185716],[105.542833,19.183656],[105.536689,19.174367],[105.524667,19.167567],[105.516734,19.169484],[105.510093,19.168167],[105.502122,19.16934],[105.501363,19.163735],[105.497972,19.160502],[105.484712,19.151995],[105.4805,19.150837],[105.477636,19.147283],[105.472428,19.145512],[105.462987,19.136431],[105.460326,19.136581],[105.456055,19.146118],[105.45136,19.147741],[105.450063,19.150198],[105.441103,19.155021],[105.438042,19.160007],[105.437575,19.164355],[105.433882,19.166509],[105.433366,19.169554],[105.437079,19.176057],[105.440779,19.178577],[105.447808,19.179925],[105.460998,19.188922],[105.463814,19.194372],[105.478052,19.207221],[105.489199,19.213045],[105.501766,19.21729],[105.502506,19.221962],[105.506046,19.22582],[105.506817,19.231009]]]}},{"type":"Feature","properties":{"code":"17224","name":"Xã Quỳnh Thắng","type":"Xã"},"geometry":{"type":"Polygon","coordinates":[[[105.62087,19.381944],[105.628068,19.380211],[105.628784,19.37401],[105.632847,19.365798],[105.637679,19.367439],[105.639287,19.366253],[105.640009,19.360053],[105.64297,19.35705],[105.642697,19.35332],[105.645457,19.351914],[105.648654,19.3536],[105.653108,19.353157],[105.653617,19.347891],[105.632507,19.335473],[105.622947,19.324687],[105.634271,19.300456],[105.638466,19.295335],[105.642202,19.293966],[105.643987,19.290452],[105.634699,19.285319],[105.624474,19.275566],[105.628776,19.271844],[105.629116,19.266188],[105.623351,19.259734],[105.617876,19.258291],[105.619374,19.252058],[105.612597,19.247445],[105.602699,19.244357],[105.603661,19.237835],[105.601016,19.233369],[105.598115,19.232181],[105.567488,19.251135],[105.567011,19.25354],[105.569233,19.255182],[105.561055,19.268715],[105.553608,19.269426],[105.552449,19.267072],[105.549651,19.268019],[105.546185,19.26495],[105.544763,19.261523],[105.538268,19.262995],[105.530693,19.259958],[105.531226,19.273348],[105.533218,19.278976],[105.531849,19.284011],[105.529599,19.285777],[105.531715,19.287646],[105.53089,19.291406],[105.542211,19.302247],[105.549008,19.301964],[105.549619,19.300103],[105.558377,19.298579],[105.561081,19.304515],[105.563346,19.304807],[105.563748,19.307815],[105.565566,19.307957],[105.563855,19.309076],[105.562875,19.316134],[105.556533,19.316526],[105.557638,19.32035],[105.560403,19.32245],[105.557834,19.322476],[105.558801,19.326042],[105.563233,19.331771],[105.568412,19.331668],[105.571386,19.333672],[105.571431,19.336657],[105.574423,19.338792],[105.576912,19.34368],[105.577325,19.346351],[105.57597,19.347718],[105.578785,19.348513],[105.583017,19.346957],[105.592484,19.354037],[105.593109,19.355608],[105.58995,19.359055],[105.591232,19.363362],[105.588489,19.366962],[105.589538,19.369976],[105.596062,19.369401],[105.600331,19.371244],[105.608886,19.368221],[105.612861,19.370562],[105.612334,19.374511],[105.61446,19.37771],[105.62087,19.381944]]]}},{"type":"Feature","properties":{"code":"17143","name":"Xã Quỳnh Văn","type":"Xã"},"geometry":{"type":"Polygon","coordinates":[[[105.6429,19.258796],[105.642637,19.256786],[105.640429,19.255719],[105.640493,19.253311],[105.636193,19.250477],[105.633782,19.245229],[105.630499,19.244966],[105.62828,19.242931],[105.633881,19.240565],[105.635329,19.23818],[105.643865,19.23538],[105.651629,19.236445],[105.657123,19.233932],[105.656949,19.235863],[105.660039,19.235866],[105.671991,19.246745],[105.677537,19.246746],[105.68089,19.244037],[105.679236,19.240723],[105.681549,19.238813],[105.679399,19.238469],[105.666451,19.226524],[105.671442,19.21867],[105.668835,19.217412],[105.673437,19.214895],[105.680033,19.214195],[105.679396,19.211687],[105.682184,19.206225],[105.679279,19.202021],[105.687561,19.197747],[105.687484,19.195181],[105.69079,19.190901],[105.69004,19.187454],[105.693086,19.184552],[105.691949,19.181515],[105.683607,19.186712],[105.676913,19.173865],[105.675109,19.172091],[105.673353,19.172613],[105.671235,19.164262],[105.666704,19.163995],[105.663114,19.160906],[105.661697,19.163554],[105.651759,19.17013],[105.654938,19.173621],[105.649714,19.175812],[105.649844,19.17785],[105.644931,19.179452],[105.64598,19.181459],[105.644608,19.182214],[105.648573,19.186507],[105.650403,19.190241],[105.649538,19.193268],[105.651027,19.194447],[105.638604,19.193971],[105.637412,19.192665],[105.632736,19.20111],[105.628987,19.200945],[105.626926,19.207431],[105.616577,19.204513],[105.607579,19.21285],[105.604108,19.21368],[105.599324,19.217626],[105.599474,19.22254],[105.596152,19.223066],[105.593344,19.234277],[105.598115,19.232181],[105.600782,19.233132],[105.603661,19.237835],[105.602699,19.244357],[105.612597,19.247445],[105.619374,19.252058],[105.617876,19.258291],[105.621779,19.258791],[105.626224,19.262331],[105.629116,19.266188],[105.628776,19.271844],[105.638035,19.26698],[105.6429,19.258796]]]}},{"type":"Feature","properties":{"code":"17759","name":"Xã Sơn Lâm","type":"Xã"},"geometry":{"type":"Polygon","coordinates":[[[105.131794,18.798225],[105.138684,18.798622],[105.141255,18.79616],[105.144064,18.797246],[105.148821,18.795294],[105.150028,18.792444],[105.152138,18.797056],[105.156332,18.796852],[105.163837,18.791331],[105.165912,18.783268],[105.171465,18.78092],[105.175422,18.782123],[105.175551,18.785064],[105.178464,18.786919],[105.178376,18.790241],[105.180701,18.789859],[105.190203,18.786301],[105.188647,18.781297],[105.190788,18.781547],[105.199112,18.77625],[105.208702,18.775595],[105.20579,18.768525],[105.213265,18.761276],[105.211495,18.759102],[105.213214,18.75611],[105.212431,18.754611],[105.214808,18.753786],[105.21899,18.756194],[105.218008,18.754685],[105.225395,18.752657],[105.22637,18.749475],[105.225611,18.747783],[105.22477,18.749493],[105.22346,18.749125],[105.223045,18.739518],[105.226086,18.738249],[105.22904,18.740213],[105.231301,18.736722],[105.235353,18.736555],[105.234838,18.73432],[105.237755,18.732495],[105.234303,18.726913],[105.235027,18.722615],[105.232668,18.722749],[105.231106,18.720992],[105.229886,18.716935],[105.231316,18.705735],[105.229466,18.701598],[105.225906,18.698925],[105.222062,18.69053],[105.222872,18.684869],[105.215359,18.679443],[105.210095,18.669017],[105.195315,18.648127],[105.189626,18.646188],[105.183475,18.657722],[105.174627,18.658788],[105.171821,18.656736],[105.168348,18.657385],[105.163981,18.665555],[105.16139,18.667128],[105.161713,18.669877],[105.152437,18.678924],[105.146469,18.676976],[105.139539,18.680562],[105.134195,18.688403],[105.139534,18.689492],[105.137711,18.693501],[105.139014,18.697455],[105.145493,18.701619],[105.137561,18.706266],[105.133453,18.714867],[105.124345,18.713411],[105.122611,18.711343],[105.114881,18.713587],[105.108587,18.708955],[105.105639,18.703224],[105.092456,18.704578],[105.084439,18.708732],[105.076955,18.704796],[105.071707,18.704665],[105.071848,18.710546],[105.074874,18.71608],[105.074873,18.72192],[105.072916,18.724302],[105.074574,18.729086],[105.07877,18.731763],[105.079048,18.734645],[105.081542,18.735169],[105.086617,18.743696],[105.087943,18.742422],[105.093327,18.743027],[105.098164,18.747142],[105.100934,18.743199],[105.105498,18.742635],[105.10469,18.747068],[105.109309,18.750423],[105.09956,18.759045],[105.0952,18.760265],[105.096259,18.762781],[105.095159,18.768076],[105.088589,18.77407],[105.110956,18.778549],[105.119634,18.786046],[105.124563,18.795438],[105.128599,18.795556],[105.130864,18.799599],[105.131794,18.798225]]]}},{"type":"Feature","properties":{"code":"17059","name":"Xã Tam Hợp","type":"Xã"},"geometry":{"type":"Polygon","coordinates":[[[105.2575,19.47438],[105.260888,19.477541],[105.265992,19.475595],[105.267961,19.472259],[105.270443,19.471837],[105.273311,19.466426],[105.276527,19.464968],[105.280345,19.467915],[105.287864,19.463932],[105.294144,19.469318],[105.294917,19.466963],[105.301263,19.461722],[105.297734,19.457397],[105.298599,19.453591],[105.306035,19.446652],[105.302248,19.443534],[105.297219,19.442491],[105.296486,19.440431],[105.29975,19.439242],[105.308082,19.440708],[105.309124,19.439025],[105.306117,19.431539],[105.306002,19.425114],[105.301439,19.422282],[105.300809,19.419724],[105.302941,19.418313],[105.306292,19.421695],[105.310416,19.418214],[105.312066,19.411967],[105.307831,19.407473],[105.308571,19.404241],[105.312974,19.402715],[105.318172,19.404277],[105.318452,19.399041],[105.315334,19.394146],[105.315942,19.391719],[105.317622,19.390435],[105.324254,19.390659],[105.326338,19.38686],[105.322126,19.380344],[105.317018,19.37877],[105.3149,19.369924],[105.305006,19.369472],[105.304959,19.36652],[105.307101,19.364199],[105.303952,19.361694],[105.304759,19.356479],[105.300291,19.349105],[105.304522,19.348566],[105.307144,19.351457],[105.312063,19.346572],[105.320528,19.342984],[105.323877,19.34525],[105.326329,19.342255],[105.326178,19.339734],[105.322352,19.33939],[105.325291,19.337171],[105.323687,19.333132],[105.327817,19.332865],[105.327975,19.330616],[105.329406,19.330776],[105.330499,19.32844],[105.331173,19.322185],[105.326881,19.316966],[105.328638,19.309054],[105.3327,19.307217],[105.331814,19.305337],[105.333506,19.304472],[105.332129,19.297712],[105.333241,19.295476],[105.32648,19.283688],[105.319397,19.286349],[105.314969,19.295246],[105.30357,19.302204],[105.30361,19.307212],[105.300946,19.307355],[105.300379,19.311349],[105.29663,19.313316],[105.299797,19.315435],[105.298985,19.317019],[105.302491,19.325404],[105.30638,19.328628],[105.305201,19.3312],[105.306586,19.338783],[105.302969,19.340725],[105.300802,19.344244],[105.291942,19.349433],[105.290517,19.346341],[105.285779,19.343266],[105.285987,19.341348],[105.281073,19.340391],[105.280649,19.338454],[105.268839,19.347537],[105.258182,19.337207],[105.252287,19.336718],[105.252377,19.329682],[105.250264,19.336631],[105.247318,19.338953],[105.249641,19.343223],[105.248645,19.347065],[105.240992,19.356746],[105.243987,19.363017],[105.244022,19.375757],[105.255099,19.381703],[105.243169,19.391849],[105.231116,19.414791],[105.227314,19.414186],[105.226097,19.416481],[105.222288,19.417445],[105.218771,19.423033],[105.208905,19.422602],[105.194341,19.417782],[105.194954,19.41982],[105.192033,19.425544],[105.186864,19.429395],[105.189,19.42935],[105.193482,19.43288],[105.198282,19.447282],[105.204129,19.450776],[105.205187,19.453912],[105.211336,19.454531],[105.217535,19.460025],[105.218077,19.464307],[105.220827,19.466757],[105.221598,19.472714],[105.227404,19.472465],[105.23449,19.466236],[105.235387,19.462439],[105.241361,19.461601],[105.243647,19.466469],[105.248723,19.465146],[105.253647,19.468879],[105.257157,19.469093],[105.2575,19.47438]]]}},{"type":"Feature","properties":{"code":"16933","name":"Xã Tam Quang","type":"Xã"},"geometry":{"type":"Polygon","coordinates":[[[104.580746,19.288938],[104.59612,19.285981],[104.599725,19.282623],[104.605679,19.283517],[104.609659,19.279926],[104.614461,19.278473],[104.617232,19.271777],[104.620173,19.270951],[104.620521,19.265503],[104.624267,19.262255],[104.626484,19.255516],[104.624579,19.25393],[104.625103,19.24841],[104.628376,19.244558],[104.630031,19.234199],[104.631269,19.232146],[104.63601,19.23195],[104.640709,19.227595],[104.640417,19.225254],[104.644156,19.21827],[104.643482,19.210862],[104.64899,19.210884],[104.657907,19.213866],[104.661085,19.217048],[104.662509,19.223977],[104.667672,19.2271],[104.671688,19.226339],[104.673761,19.224269],[104.679456,19.213669],[104.684235,19.208974],[104.697779,19.20601],[104.701932,19.207299],[104.70414,19.20591],[104.70957,19.206406],[104.712729,19.200633],[104.724437,19.200082],[104.731757,19.198082],[104.73047,19.191429],[104.724802,19.188409],[104.725616,19.187363],[104.718988,19.176523],[104.721207,19.168911],[104.719799,19.165808],[104.723697,19.16016],[104.718409,19.149143],[104.718613,19.143685],[104.714934,19.142675],[104.712993,19.139785],[104.714129,19.136839],[104.71613,19.136315],[104.713803,19.130302],[104.708202,19.118587],[104.702776,19.114459],[104.702838,19.109013],[104.699197,19.108679],[104.697444,19.105965],[104.694206,19.106189],[104.692255,19.102132],[104.68695,19.099388],[104.681287,19.093853],[104.678876,19.090115],[104.680172,19.085372],[104.675474,19.078025],[104.667066,19.075717],[104.665539,19.067896],[104.660804,19.061437],[104.65651,19.061743],[104.654178,19.05846],[104.650051,19.056668],[104.649519,19.051112],[104.641658,19.041677],[104.640297,19.03794],[104.630885,19.03959],[104.627187,19.035987],[104.621181,19.034898],[104.613872,19.02888],[104.606345,19.028138],[104.598883,19.025063],[104.594309,19.019702],[104.58977,19.02048],[104.582942,19.024367],[104.575593,19.022062],[104.568864,19.02559],[104.563222,19.02576],[104.561166,19.023049],[104.56215,19.016377],[104.555251,19.008714],[104.547022,19.003407],[104.547491,18.998894],[104.538491,18.994234],[104.534739,18.989066],[104.520623,18.980147],[104.517326,18.981962],[104.513038,18.981378],[104.510392,18.983834],[104.505292,18.992584],[104.505728,18.997444],[104.501898,18.998565],[104.497249,19.003617],[104.488769,19.002595],[104.484633,19.005337],[104.481795,19.004111],[104.479883,18.999319],[104.476899,18.999026],[104.473105,18.987572],[104.462091,18.991237],[104.460663,18.989013],[104.457555,18.989298],[104.453902,18.985099],[104.448618,18.985521],[104.446188,18.992933],[104.442605,18.993444],[104.44131,18.995519],[104.436801,18.997278],[104.431558,19.004785],[104.422649,19.006321],[104.426594,19.015511],[104.420193,19.020113],[104.41323,19.03048],[104.400745,19.038888],[104.402412,19.039609],[104.401306,19.048196],[104.40398,19.050948],[104.403464,19.054091],[104.425264,19.067154],[104.432991,19.07567],[104.439868,19.078456],[104.457821,19.07626],[104.472523,19.081794],[104.480434,19.07984],[104.488751,19.087533],[104.489654,19.08577],[104.493271,19.084841],[104.495612,19.080468],[104.501513,19.081904],[104.503858,19.085597],[104.518519,19.08903],[104.521249,19.091308],[104.528556,19.088415],[104.531267,19.089269],[104.537727,19.102084],[104.544399,19.108573],[104.541357,19.11341],[104.541819,19.116964],[104.540309,19.117534],[104.539446,19.125047],[104.535322,19.128681],[104.531013,19.13679],[104.53183,19.143226],[104.53737,19.147254],[104.540083,19.152739],[104.547604,19.155803],[104.547746,19.161642],[104.545733,19.165086],[104.547587,19.169491],[104.546695,19.175939],[104.54783,19.177981],[104.553176,19.181701],[104.563411,19.196937],[104.576968,19.205903],[104.568784,19.211093],[104.567655,19.213538],[104.57183,19.21839],[104.57182,19.22348],[104.570965,19.225273],[104.565112,19.226665],[104.565756,19.230904],[104.57129,19.235129],[104.574864,19.242842],[104.569546,19.251977],[104.56568,19.254647],[104.562351,19.263579],[104.56653,19.269321],[104.565264,19.280015],[104.563027,19.28489],[104.569839,19.284281],[104.580746,19.288938]]]}},{"type":"Feature","properties":{"code":"16936","name":"Xã Tam Thái","type":"Xã"},"geometry":{"type":"Polygon","coordinates":[[[104.535443,19.303022],[104.553306,19.295953],[104.559659,19.287171],[104.563027,19.28489],[104.565264,19.280015],[104.566456,19.268878],[104.562351,19.263579],[104.56568,19.254647],[104.569546,19.251977],[104.574864,19.242842],[104.57129,19.235129],[104.565756,19.230904],[104.565112,19.226665],[104.570965,19.225273],[104.57182,19.22348],[104.57183,19.21839],[104.567655,19.213538],[104.568784,19.211093],[104.576968,19.205903],[104.563411,19.196937],[104.553176,19.181701],[104.54783,19.177981],[104.546695,19.175939],[104.547587,19.169491],[104.545733,19.165086],[104.547746,19.161642],[104.547604,19.155803],[104.540083,19.152739],[104.53737,19.147254],[104.53183,19.143226],[104.531013,19.13679],[104.535322,19.128681],[104.539446,19.125047],[104.540309,19.117534],[104.541819,19.116964],[104.541357,19.11341],[104.544399,19.108573],[104.537727,19.102084],[104.530999,19.08901],[104.528556,19.088415],[104.521249,19.091308],[104.518519,19.08903],[104.503858,19.085597],[104.501513,19.081904],[104.495612,19.080468],[104.493271,19.084841],[104.489654,19.08577],[104.488751,19.087533],[104.480434,19.07984],[104.472523,19.081794],[104.457821,19.07626],[104.439868,19.078456],[104.432991,19.07567],[104.425264,19.067154],[104.403464,19.054091],[104.394167,19.059644],[104.384031,19.060154],[104.382556,19.062947],[104.36694,19.07411],[104.358297,19.073061],[104.354505,19.070514],[104.351439,19.071187],[104.347193,19.075203],[104.338854,19.075807],[104.330742,19.081239],[104.319216,19.086197],[104.31771,19.088257],[104.312716,19.088002],[104.307028,19.092828],[104.305507,19.095668],[104.306392,19.099115],[104.305011,19.104722],[104.301657,19.112403],[104.304315,19.115352],[104.304968,19.120991],[104.303398,19.125877],[104.306826,19.129721],[104.319687,19.124385],[104.328257,19.125997],[104.337377,19.131932],[104.342034,19.13128],[104.346997,19.132835],[104.359665,19.159234],[104.361502,19.160381],[104.368304,19.159436],[104.373857,19.164913],[104.385293,19.165598],[104.38691,19.172544],[104.389088,19.173779],[104.39217,19.173147],[104.397973,19.174945],[104.401643,19.173317],[104.408719,19.175617],[104.406671,19.182801],[104.408845,19.187259],[104.417615,19.192418],[104.427134,19.19462],[104.43094,19.204684],[104.429932,19.207628],[104.433978,19.210902],[104.440436,19.211226],[104.450296,19.20607],[104.468236,19.212951],[104.472095,19.217956],[104.472291,19.221022],[104.477091,19.22356],[104.486476,19.226466],[104.495639,19.224588],[104.496838,19.226471],[104.500039,19.226236],[104.502606,19.23117],[104.513114,19.22968],[104.524459,19.230965],[104.526694,19.233882],[104.526073,19.237573],[104.530244,19.236927],[104.532165,19.240631],[104.534712,19.251367],[104.539023,19.253553],[104.539665,19.262479],[104.535052,19.271308],[104.531024,19.274196],[104.532466,19.28253],[104.531082,19.286753],[104.52849,19.289033],[104.528628,19.294426],[104.53132,19.301429],[104.535443,19.303022]]]}},{"type":"Feature","properties":{"code":"17743","name":"Xã Tam Đồng","type":"Xã"},"geometry":{"type":"Polygon","coordinates":[[[105.299471,18.81731],[105.298996,18.811382],[105.292364,18.801648],[105.292109,18.796751],[105.288223,18.794754],[105.283099,18.79544],[105.279291,18.792275],[105.273701,18.794081],[105.269861,18.798053],[105.267243,18.798643],[105.263667,18.795393],[105.258643,18.797096],[105.255799,18.79318],[105.243671,18.794375],[105.24292,18.789038],[105.232271,18.781208],[105.231754,18.777912],[105.225614,18.776121],[105.222292,18.77324],[105.217048,18.776686],[105.212118,18.777427],[105.209209,18.774768],[105.206465,18.776254],[105.199112,18.77625],[105.190788,18.781547],[105.188647,18.781297],[105.190432,18.785801],[105.187284,18.7876],[105.189949,18.791211],[105.188728,18.793278],[105.194236,18.799771],[105.19366,18.806776],[105.196734,18.80581],[105.200692,18.812177],[105.197097,18.819099],[105.1937,18.822223],[105.193774,18.824856],[105.196656,18.827406],[105.199422,18.839701],[105.20271,18.841013],[105.201019,18.843731],[105.202305,18.847089],[105.207736,18.847407],[105.212035,18.838808],[105.218529,18.838485],[105.220804,18.833227],[105.225217,18.830467],[105.233393,18.829635],[105.233338,18.828128],[105.229839,18.827732],[105.22904,18.825891],[105.232536,18.820588],[105.235277,18.820769],[105.240899,18.829672],[105.249043,18.836679],[105.26045,18.82821],[105.271144,18.829521],[105.279369,18.822156],[105.282146,18.823384],[105.278027,18.830898],[105.278698,18.834114],[105.284637,18.831968],[105.287966,18.834105],[105.295561,18.831674],[105.304189,18.825677],[105.299471,18.81731]]]}},{"type":"Feature","properties":{"code":"17989","name":"Xã Thiên Nhẫn","type":"Xã"},"geometry":{"type":"Polygon","coordinates":[[[105.513176,18.645137],[105.515196,18.645436],[105.516597,18.641665],[105.523115,18.644303],[105.52284,18.63896],[105.531513,18.629149],[105.546199,18.63013],[105.551035,18.632122],[105.55769,18.630175],[105.553953,18.625359],[105.564201,18.622473],[105.573099,18.623986],[105.573124,18.621316],[105.580153,18.618431],[105.581284,18.621651],[105.578611,18.62275],[105.580031,18.624772],[105.582752,18.62002],[105.584649,18.620308],[105.585232,18.616505],[105.589972,18.612922],[105.588661,18.610036],[105.596071,18.607415],[105.598366,18.603453],[105.607885,18.604281],[105.614547,18.596161],[105.614079,18.578181],[105.603118,18.574926],[105.599427,18.577086],[105.593563,18.572204],[105.58934,18.572848],[105.583701,18.558784],[105.577675,18.560136],[105.576722,18.558487],[105.572746,18.558613],[105.572589,18.560559],[105.568326,18.560274],[105.568121,18.561872],[105.565538,18.559859],[105.552557,18.557249],[105.550738,18.554108],[105.546157,18.55212],[105.538352,18.558642],[105.535859,18.559061],[105.536015,18.561152],[105.533526,18.559987],[105.530986,18.560875],[105.530522,18.567076],[105.526556,18.575987],[105.518179,18.584186],[105.518211,18.59672],[105.508661,18.603166],[105.505918,18.606882],[105.506316,18.608664],[105.501849,18.6109],[105.496228,18.617795],[105.497092,18.620465],[105.495594,18.625151],[105.497248,18.628479],[105.495491,18.63354],[105.498499,18.634753],[105.501673,18.633382],[105.510895,18.636007],[105.515352,18.639582],[105.511717,18.642258],[105.513176,18.645137]]]}},{"type":"Feature","properties":{"code":"17689","name":"Xã Thuần Trung","type":"Xã"},"geometry":{"type":"Polygon","coordinates":[[[105.321715,18.886941],[105.325335,18.882325],[105.335048,18.881509],[105.338165,18.874615],[105.342776,18.875579],[105.345131,18.871925],[105.343933,18.870043],[105.347645,18.867149],[105.346941,18.866151],[105.344184,18.8686],[105.342186,18.86658],[105.346977,18.86091],[105.356115,18.868573],[105.36167,18.866466],[105.362816,18.868455],[105.365071,18.868805],[105.367017,18.866885],[105.369516,18.868189],[105.375011,18.865796],[105.375748,18.861082],[105.37337,18.858204],[105.375193,18.857108],[105.373505,18.856355],[105.376746,18.850368],[105.379153,18.850665],[105.378675,18.853391],[105.379806,18.853781],[105.380327,18.851733],[105.382514,18.85096],[105.382296,18.84798],[105.384825,18.849947],[105.384385,18.847115],[105.388538,18.849233],[105.388546,18.845532],[105.389924,18.846725],[105.389961,18.844971],[105.391853,18.846829],[105.398718,18.842549],[105.399965,18.844067],[105.39956,18.842549],[105.401043,18.843118],[105.400743,18.841501],[105.403391,18.841022],[105.404491,18.838425],[105.403265,18.835621],[105.401396,18.836238],[105.400443,18.833723],[105.398455,18.83443],[105.396993,18.831361],[105.39521,18.831028],[105.394461,18.813689],[105.392979,18.813463],[105.394016,18.81195],[105.382279,18.808729],[105.379268,18.811773],[105.37456,18.812578],[105.368687,18.820306],[105.369546,18.822047],[105.366128,18.828168],[105.371009,18.829795],[105.359588,18.839122],[105.36185,18.839188],[105.36208,18.841232],[105.358993,18.84195],[105.359205,18.844236],[105.354081,18.846071],[105.352978,18.849128],[105.346845,18.849404],[105.346761,18.847441],[105.344358,18.846525],[105.342801,18.843042],[105.343423,18.836617],[105.332589,18.833462],[105.322797,18.83484],[105.318129,18.838061],[105.31222,18.832925],[105.304852,18.831943],[105.30152,18.828652],[105.287966,18.834105],[105.284637,18.831968],[105.279795,18.834639],[105.277874,18.837986],[105.278676,18.842268],[105.276183,18.847076],[105.277598,18.849734],[105.287751,18.855133],[105.294876,18.85617],[105.295642,18.857641],[105.29536,18.863051],[105.291067,18.871402],[105.304011,18.869942],[105.305503,18.870284],[105.304104,18.871893],[105.305268,18.872776],[105.306534,18.870837],[105.317121,18.871207],[105.314678,18.874841],[105.310659,18.875228],[105.309142,18.87736],[105.309804,18.880492],[105.311636,18.881916],[105.315733,18.881438],[105.317807,18.885963],[105.319903,18.885326],[105.321715,18.886941]]]}},{"type":"Feature","properties":{"code":"17335","name":"Xã Thành Bình Thọ","type":"Xã"},"geometry":{"type":"Polygon","coordinates":[[[105.064677,19.174041],[105.075591,19.173139],[105.073926,19.166804],[105.068714,19.161823],[105.067221,19.157291],[105.062731,19.154866],[105.057658,19.148492],[105.064985,19.135584],[105.065491,19.123656],[105.054721,19.115066],[105.056744,19.107197],[105.054134,19.107414],[105.047338,19.101213],[105.047307,19.094748],[105.045096,19.092158],[105.047834,19.080234],[105.049582,19.078876],[105.048922,19.071074],[105.052677,19.068399],[105.056318,19.062407],[105.065448,19.061459],[105.091699,19.065911],[105.090098,19.062813],[105.084313,19.060139],[105.084762,19.056485],[105.080727,19.047591],[105.072532,19.045197],[105.073965,19.042238],[105.072372,19.039452],[105.072261,19.030194],[105.069015,19.022861],[105.06643,19.024196],[105.059528,19.021678],[105.052436,19.024762],[105.051442,19.02218],[105.04873,19.02198],[105.046484,19.026453],[105.044036,19.026671],[105.041114,19.029693],[105.027854,19.029828],[105.022051,19.03503],[105.017497,19.032197],[105.017149,19.035494],[105.01969,19.038168],[105.013755,19.037993],[105.006021,19.033622],[105.003118,19.034774],[105.00065,19.032724],[104.99674,19.0341],[104.992007,19.03188],[104.98683,19.033367],[104.984719,19.036276],[104.984616,19.040436],[104.97602,19.042471],[104.970906,19.049391],[104.979927,19.051568],[104.976849,19.052877],[104.981593,19.057572],[104.984853,19.057783],[104.988103,19.06021],[104.990991,19.069598],[104.998872,19.068845],[105.001548,19.072996],[105.001126,19.076879],[105.005312,19.078759],[105.006545,19.085942],[105.004592,19.092718],[105.011602,19.100647],[105.009444,19.103967],[105.005837,19.105223],[105.009112,19.106184],[105.012695,19.11209],[105.014935,19.112068],[105.017097,19.114879],[105.022468,19.117235],[105.024399,19.121111],[105.024391,19.127078],[105.026737,19.132201],[105.025692,19.138293],[105.027583,19.144456],[105.025351,19.154532],[105.041853,19.169666],[105.044009,19.167483],[105.047979,19.167101],[105.053954,19.170727],[105.064677,19.174041]]]}},{"type":"Feature","properties":{"code":"16744","name":"Xã Thông Thụ","type":"Xã"},"geometry":{"type":"Polygon","coordinates":[[[104.924329,19.990421],[104.945452,19.988906],[104.959343,19.993231],[104.962861,19.989721],[104.964031,19.981146],[104.966611,19.97857],[104.9661,19.975193],[104.968978,19.974315],[104.977986,19.976874],[104.986061,19.969329],[105.000235,19.962275],[104.999525,19.956689],[105.00397,19.952028],[105.016678,19.953257],[105.026828,19.945322],[105.03563,19.943262],[105.036546,19.939355],[105.039557,19.942386],[105.042812,19.941683],[105.044869,19.937344],[105.048005,19.936556],[105.045857,19.932724],[105.046533,19.931219],[105.050133,19.933279],[105.057452,19.931433],[105.079104,19.935185],[105.083819,19.93785],[105.087778,19.936927],[105.092849,19.939878],[105.100933,19.935985],[105.105281,19.937526],[105.112653,19.932267],[105.115617,19.933624],[105.118931,19.932697],[105.124223,19.925786],[105.134834,19.921316],[105.136801,19.923617],[105.147026,19.920559],[105.149315,19.922672],[105.152442,19.921255],[105.155115,19.923405],[105.166012,19.918847],[105.168281,19.915279],[105.170047,19.901095],[105.171693,19.898471],[105.177318,19.895317],[105.176036,19.893718],[105.177967,19.882091],[105.178855,19.879917],[105.183096,19.87874],[105.182348,19.874056],[105.188093,19.867599],[105.187953,19.862441],[105.185461,19.858342],[105.179736,19.854236],[105.175243,19.856073],[105.17164,19.854698],[105.163763,19.855227],[105.161225,19.853509],[105.158635,19.855221],[105.148762,19.855231],[105.144994,19.841863],[105.14548,19.835538],[105.141186,19.83075],[105.131227,19.827111],[105.132891,19.821117],[105.129973,19.820009],[105.129558,19.816967],[105.132295,19.807949],[105.127533,19.80136],[105.132341,19.786136],[105.130221,19.778235],[105.135079,19.774105],[105.134614,19.770654],[105.137601,19.765463],[105.132395,19.760187],[105.136366,19.756527],[105.135201,19.754026],[105.136172,19.747804],[105.133108,19.74376],[105.130385,19.744382],[105.118999,19.740978],[105.10963,19.748595],[105.098077,19.745555],[105.093971,19.748312],[105.085836,19.74789],[105.074334,19.756685],[105.064929,19.751983],[105.057958,19.756136],[105.052351,19.756757],[105.049378,19.754493],[105.045383,19.754066],[105.040241,19.756983],[105.036206,19.756616],[105.034109,19.760428],[105.022122,19.76177],[105.019707,19.759259],[105.015298,19.758839],[105.013989,19.754896],[105.010375,19.756361],[105.008238,19.75514],[105.00743,19.751258],[105.001576,19.746396],[104.997316,19.734688],[104.990518,19.736356],[104.982006,19.732083],[104.975844,19.734892],[104.971868,19.734932],[104.970073,19.737216],[104.968189,19.741691],[104.969562,19.743709],[104.968134,19.748544],[104.969675,19.753501],[104.965813,19.761528],[104.965846,19.765652],[104.959591,19.762182],[104.961088,19.753259],[104.959735,19.749567],[104.953992,19.751966],[104.94508,19.751902],[104.943351,19.755146],[104.941344,19.755553],[104.929574,19.748807],[104.924552,19.748933],[104.923126,19.751107],[104.920053,19.74993],[104.916542,19.744555],[104.913162,19.750362],[104.908464,19.753712],[104.906018,19.748249],[104.902105,19.746837],[104.899485,19.736977],[104.895334,19.736442],[104.892086,19.738674],[104.889774,19.757231],[104.890827,19.76254],[104.898225,19.7731],[104.897259,19.781775],[104.882413,19.783284],[104.874959,19.782202],[104.864911,19.790623],[104.860085,19.787575],[104.856885,19.789064],[104.851293,19.787682],[104.847913,19.789387],[104.843715,19.788451],[104.842938,19.786881],[104.839242,19.791058],[104.832326,19.790935],[104.836452,19.79599],[104.836241,19.800182],[104.838137,19.801637],[104.839064,19.806549],[104.834913,19.813606],[104.83501,19.818825],[104.837067,19.820236],[104.836955,19.826844],[104.839575,19.828733],[104.841305,19.833136],[104.847719,19.836722],[104.848106,19.841768],[104.849741,19.843162],[104.841463,19.85],[104.839741,19.849157],[104.83787,19.849442],[104.837639,19.851343],[104.834866,19.850715],[104.83389,19.853283],[104.835041,19.857643],[104.845436,19.861804],[104.846388,19.865906],[104.85033,19.870777],[104.847286,19.875321],[104.846314,19.880518],[104.841574,19.885912],[104.843383,19.889894],[104.841422,19.891885],[104.845105,19.896393],[104.844804,19.899949],[104.846446,19.90114],[104.84572,19.906528],[104.851101,19.911748],[104.842705,19.916036],[104.844019,19.925576],[104.851429,19.933923],[104.858019,19.937689],[104.857997,19.940336],[104.863131,19.942589],[104.864577,19.945684],[104.877757,19.95133],[104.887813,19.952572],[104.894895,19.957576],[104.903632,19.966779],[104.908108,19.972999],[104.90847,19.97589],[104.910834,19.977299],[104.90997,19.983805],[104.91206,19.98488],[104.910736,19.985895],[104.911198,19.988308],[104.914128,19.989554],[104.921221,19.99777],[104.924329,19.990421]]]}},{"type":"Feature","properties":{"code":"17842","name":"Xã Thần Lĩnh","type":"Xã"},"geometry":{"type":"Polygon","coordinates":[[[105.603777,18.865315],[105.603277,18.862296],[105.607166,18.861987],[105.608308,18.857068],[105.613518,18.856644],[105.620758,18.851703],[105.629627,18.853065],[105.647551,18.841518],[105.645797,18.838067],[105.637601,18.84018],[105.632728,18.838396],[105.632898,18.83484],[105.634938,18.832018],[105.629937,18.830034],[105.631699,18.826007],[105.635464,18.825917],[105.634354,18.820197],[105.626851,18.820836],[105.624997,18.816797],[105.622243,18.817581],[105.621589,18.820065],[105.620124,18.818979],[105.618821,18.813087],[105.626301,18.810795],[105.628473,18.813062],[105.630351,18.81035],[105.626082,18.804048],[105.621087,18.803826],[105.619471,18.806997],[105.614846,18.807394],[105.612725,18.799857],[105.617117,18.797702],[105.620726,18.802736],[105.621846,18.79997],[105.619766,18.796055],[105.61701,18.793978],[105.611864,18.795012],[105.609879,18.798682],[105.610652,18.801372],[105.609129,18.802534],[105.604948,18.798928],[105.599368,18.801251],[105.597003,18.798418],[105.601627,18.79419],[105.59692,18.792072],[105.590771,18.797706],[105.592794,18.803309],[105.588479,18.802283],[105.587937,18.798573],[105.589727,18.797083],[105.587055,18.796218],[105.586819,18.801153],[105.583629,18.805248],[105.586448,18.807037],[105.589343,18.804828],[105.589558,18.808634],[105.584129,18.808903],[105.582412,18.807603],[105.578927,18.812191],[105.576329,18.811691],[105.570262,18.816943],[105.563716,18.818741],[105.564827,18.82173],[105.561153,18.822916],[105.562535,18.827944],[105.561474,18.833268],[105.565221,18.834535],[105.566727,18.839934],[105.561679,18.841403],[105.561548,18.849811],[105.566405,18.853706],[105.567412,18.85826],[105.570188,18.86112],[105.594209,18.866239],[105.599359,18.864974],[105.600783,18.866935],[105.603777,18.865315]]]}},{"type":"Feature","properties":{"code":"17287","name":"Xã Tiên Đồng","type":"Xã"},"geometry":{"type":"Polygon","coordinates":[[[105.11376,19.184801],[105.119781,19.180918],[105.118747,19.170472],[105.120545,19.168413],[105.131588,19.168194],[105.139434,19.17151],[105.146014,19.170719],[105.14613,19.172338],[105.152293,19.172788],[105.158043,19.171168],[105.159936,19.172475],[105.163363,19.169456],[105.167613,19.168982],[105.167188,19.165274],[105.164273,19.164653],[105.163791,19.161158],[105.156553,19.153795],[105.145882,19.147787],[105.146292,19.137661],[105.143597,19.127412],[105.150632,19.128608],[105.153324,19.130951],[105.153026,19.133036],[105.161606,19.138573],[105.161001,19.133518],[105.162652,19.13167],[105.161547,19.125156],[105.159367,19.122968],[105.16336,19.116804],[105.166341,19.116944],[105.167767,19.114016],[105.165095,19.109973],[105.16808,19.103897],[105.165897,19.103261],[105.166125,19.100468],[105.159286,19.094411],[105.156718,19.093266],[105.150891,19.095143],[105.142168,19.090704],[105.144805,19.084218],[105.143887,19.080313],[105.142126,19.079808],[105.139982,19.082292],[105.137926,19.081365],[105.129757,19.075665],[105.123414,19.074599],[105.120882,19.069901],[105.11126,19.069151],[105.104315,19.066388],[105.102338,19.069845],[105.088294,19.06505],[105.073842,19.062533],[105.065448,19.061459],[105.056318,19.062407],[105.052677,19.068399],[105.048922,19.071074],[105.049582,19.078876],[105.047834,19.080234],[105.045096,19.092158],[105.047307,19.094748],[105.047338,19.101213],[105.054134,19.107414],[105.056744,19.107197],[105.054721,19.115066],[105.063659,19.121111],[105.065575,19.124022],[105.064985,19.135584],[105.057658,19.148492],[105.062731,19.154866],[105.06731,19.157398],[105.068714,19.161823],[105.073926,19.166804],[105.074205,19.171198],[105.078424,19.176837],[105.093927,19.175387],[105.096129,19.177388],[105.105039,19.178616],[105.11376,19.184801]]]}},{"type":"Feature","properties":{"code":"16750","name":"Xã Tiền Phong","type":"Xã"},"geometry":{"type":"Polygon","coordinates":[[[104.842533,19.786929],[104.847913,19.789387],[104.851293,19.787682],[104.856885,19.789064],[104.860085,19.787575],[104.864911,19.790623],[104.874959,19.782202],[104.882413,19.783284],[104.897259,19.781775],[104.898225,19.7731],[104.890827,19.76254],[104.889774,19.757231],[104.892086,19.738674],[104.895334,19.736442],[104.899485,19.736977],[104.902105,19.746837],[104.906018,19.748249],[104.908464,19.753712],[104.913162,19.750362],[104.916542,19.744555],[104.920053,19.74993],[104.923126,19.751107],[104.924552,19.748933],[104.929574,19.748807],[104.941344,19.755553],[104.943351,19.755146],[104.94508,19.751902],[104.953992,19.751966],[104.959735,19.749567],[104.961088,19.753259],[104.959591,19.762182],[104.965846,19.765652],[104.965813,19.761528],[104.969675,19.753501],[104.968134,19.748544],[104.969562,19.743709],[104.968189,19.741691],[104.970073,19.737216],[104.971868,19.734932],[104.975844,19.734892],[104.982006,19.732083],[104.990518,19.736356],[104.997316,19.734688],[105.001576,19.746396],[105.00743,19.751258],[105.008238,19.75514],[105.010375,19.756361],[105.013989,19.754896],[105.015298,19.758839],[105.019707,19.759259],[105.021785,19.761717],[105.034109,19.760428],[105.036206,19.756616],[105.040241,19.756983],[105.045557,19.754039],[105.052351,19.756757],[105.057958,19.756136],[105.064929,19.751983],[105.074334,19.756685],[105.077851,19.752799],[105.082673,19.750872],[105.083634,19.749102],[105.075698,19.741832],[105.080069,19.733082],[105.078736,19.729253],[105.069629,19.726162],[105.06867,19.722181],[105.063347,19.71915],[105.057694,19.724527],[105.0526,19.723644],[105.046997,19.725187],[105.042439,19.720943],[105.029783,19.72314],[105.026172,19.720108],[105.027134,19.715137],[105.023124,19.712424],[105.023348,19.707695],[105.019798,19.695229],[105.015587,19.692962],[105.011948,19.695384],[105.009398,19.693676],[105.002865,19.697581],[104.999076,19.692907],[104.993791,19.690245],[104.995817,19.681444],[104.991789,19.676544],[104.993839,19.671981],[104.991708,19.669538],[104.989774,19.66968],[104.989609,19.661331],[105.001937,19.650204],[105.002225,19.647457],[104.997956,19.640626],[104.992614,19.635841],[104.993417,19.625836],[104.99119,19.620041],[104.99355,19.616609],[104.999654,19.612817],[105.000495,19.606371],[105.003594,19.604692],[105.003502,19.603008],[104.99895,19.599629],[104.994773,19.59908],[104.990132,19.606887],[104.988864,19.60654],[104.982868,19.612744],[104.980711,19.61077],[104.980252,19.613983],[104.972741,19.619137],[104.970615,19.616593],[104.966376,19.616],[104.965215,19.613191],[104.957851,19.60964],[104.956546,19.611785],[104.952648,19.610684],[104.950466,19.608245],[104.943796,19.60928],[104.942852,19.606273],[104.938062,19.608877],[104.931278,19.608462],[104.930166,19.613899],[104.927433,19.614807],[104.928402,19.617193],[104.931262,19.617263],[104.932007,19.619117],[104.922897,19.629191],[104.922279,19.632572],[104.915655,19.638751],[104.912767,19.637315],[104.90825,19.638661],[104.90785,19.635509],[104.903281,19.635471],[104.899875,19.637887],[104.895194,19.637224],[104.885199,19.646233],[104.879135,19.661079],[104.875492,19.66217],[104.870909,19.659961],[104.86921,19.661308],[104.860902,19.660675],[104.856844,19.662321],[104.851277,19.66907],[104.836146,19.677901],[104.836132,19.68044],[104.833649,19.68154],[104.833564,19.683864],[104.836339,19.685994],[104.834805,19.693052],[104.825135,19.699071],[104.82668,19.703188],[104.823404,19.706098],[104.823213,19.709275],[104.821179,19.710248],[104.823424,19.719995],[104.821339,19.722644],[104.81439,19.726702],[104.811259,19.725873],[104.805469,19.727222],[104.797597,19.732889],[104.786572,19.728808],[104.778482,19.736331],[104.76987,19.738323],[104.767625,19.744375],[104.757312,19.749554],[104.758376,19.75707],[104.768319,19.76404],[104.763514,19.776012],[104.776135,19.775717],[104.784272,19.784422],[104.792505,19.7859],[104.79884,19.790324],[104.80274,19.786079],[104.813598,19.78722],[104.818232,19.784018],[104.827096,19.785825],[104.828866,19.788914],[104.834467,19.79124],[104.839621,19.790872],[104.842533,19.786929]]]}},{"type":"Feature","properties":{"code":"16756","name":"Xã Tri Lễ","type":"Xã"},"geometry":{"type":"Polygon","coordinates":[[[104.69173,19.723876],[104.693036,19.722257],[104.694657,19.723285],[104.696639,19.71886],[104.701973,19.716276],[104.70176,19.714298],[104.705283,19.710461],[104.706543,19.706485],[104.711189,19.705067],[104.712984,19.699447],[104.736869,19.689919],[104.738618,19.686715],[104.748535,19.680541],[104.753813,19.674336],[104.757876,19.672803],[104.766672,19.665452],[104.769716,19.665853],[104.774548,19.66332],[104.777278,19.660485],[104.778946,19.653372],[104.784407,19.648529],[104.789213,19.634991],[104.791472,19.634874],[104.794895,19.638092],[104.804784,19.634489],[104.803428,19.631871],[104.806016,19.627263],[104.805207,19.62511],[104.80262,19.625627],[104.80028,19.62235],[104.791757,19.619764],[104.791489,19.612434],[104.787657,19.61267],[104.781073,19.606834],[104.778726,19.607321],[104.774076,19.612028],[104.770319,19.611117],[104.764004,19.612747],[104.762074,19.611243],[104.757503,19.613852],[104.756422,19.611417],[104.752482,19.609665],[104.759961,19.601374],[104.757602,19.595757],[104.764915,19.592567],[104.766053,19.588511],[104.768163,19.58778],[104.767039,19.585101],[104.770452,19.573364],[104.7705,19.564622],[104.772838,19.561722],[104.779782,19.564711],[104.784775,19.563772],[104.784709,19.559737],[104.781836,19.555947],[104.785345,19.551087],[104.782484,19.547387],[104.789693,19.539956],[104.789099,19.537721],[104.784836,19.536194],[104.78589,19.531193],[104.780555,19.525296],[104.772306,19.524355],[104.770841,19.514486],[104.772006,19.512552],[104.770617,19.509236],[104.766606,19.50862],[104.764891,19.506616],[104.758197,19.509634],[104.744498,19.499599],[104.739519,19.501486],[104.730413,19.499331],[104.726908,19.502032],[104.716538,19.504257],[104.710282,19.502337],[104.70159,19.508842],[104.697326,19.510017],[104.701359,19.517885],[104.694043,19.525295],[104.690947,19.526248],[104.693817,19.532326],[104.688058,19.535652],[104.685744,19.538647],[104.684097,19.545494],[104.678798,19.549272],[104.67837,19.557043],[104.673348,19.560966],[104.665715,19.562645],[104.664798,19.566857],[104.666036,19.568638],[104.659762,19.571714],[104.653612,19.580991],[104.649495,19.580672],[104.63652,19.585088],[104.632864,19.588273],[104.629025,19.587867],[104.630718,19.592566],[104.630866,19.601538],[104.629641,19.610999],[104.627818,19.613966],[104.630342,19.615335],[104.634882,19.622546],[104.642145,19.621668],[104.649486,19.625966],[104.64865,19.629605],[104.650971,19.630477],[104.653496,19.636569],[104.651871,19.645231],[104.648765,19.647901],[104.646271,19.655161],[104.648536,19.655468],[104.651902,19.659092],[104.655312,19.658026],[104.660693,19.659894],[104.660161,19.666438],[104.662326,19.667744],[104.660303,19.67278],[104.665989,19.675613],[104.665468,19.681086],[104.668742,19.681141],[104.671562,19.683266],[104.663131,19.702534],[104.673046,19.706106],[104.684431,19.718124],[104.684879,19.721791],[104.69173,19.723876]]]}},{"type":"Feature","properties":{"code":"17866","name":"Xã Trung Lộc","type":"Xã"},"geometry":{"type":"Polygon","coordinates":[[[105.673572,18.851931],[105.677121,18.851662],[105.678559,18.847453],[105.688755,18.84611],[105.693156,18.843513],[105.698162,18.829718],[105.693491,18.82952],[105.690039,18.82406],[105.685752,18.821567],[105.683496,18.818354],[105.685599,18.816971],[105.682035,18.815047],[105.680218,18.808561],[105.663474,18.800967],[105.661924,18.792509],[105.659682,18.790635],[105.658505,18.791381],[105.658066,18.788498],[105.656078,18.787073],[105.651699,18.788708],[105.651955,18.786745],[105.649038,18.784842],[105.647491,18.785874],[105.649213,18.794636],[105.646737,18.795439],[105.644916,18.801224],[105.638409,18.801462],[105.635465,18.803772],[105.633269,18.802889],[105.627315,18.805268],[105.630251,18.811656],[105.627208,18.812997],[105.626301,18.810795],[105.618821,18.813087],[105.620124,18.818979],[105.621589,18.820065],[105.622243,18.817581],[105.624997,18.816797],[105.626851,18.820836],[105.631585,18.819504],[105.634995,18.820861],[105.635464,18.825917],[105.631699,18.826007],[105.629937,18.830034],[105.634938,18.832018],[105.632747,18.835329],[105.633387,18.838992],[105.63934,18.840083],[105.649652,18.836233],[105.650732,18.848772],[105.653448,18.849518],[105.657039,18.845594],[105.661685,18.844439],[105.666665,18.848783],[105.66625,18.850621],[105.662642,18.852633],[105.663335,18.855308],[105.669738,18.85562],[105.673572,18.851931]]]}},{"type":"Feature","properties":{"code":"17305","name":"Xã Tân An","type":"Xã"},"geometry":{"type":"Polygon","coordinates":[[[105.221797,19.135694],[105.228017,19.137322],[105.231681,19.134149],[105.231753,19.131392],[105.235167,19.130543],[105.238497,19.12616],[105.233556,19.117913],[105.235161,19.11787],[105.237902,19.114373],[105.236775,19.113546],[105.244716,19.104749],[105.247986,19.097075],[105.246402,19.084217],[105.241706,19.086553],[105.236712,19.080849],[105.22956,19.078306],[105.225576,19.07923],[105.222288,19.082156],[105.217407,19.074565],[105.210904,19.070226],[105.200119,19.069857],[105.19609,19.063137],[105.194334,19.046269],[105.188554,19.037689],[105.183448,19.036311],[105.173228,19.045119],[105.168122,19.043286],[105.164998,19.036597],[105.167235,19.035965],[105.17359,19.038138],[105.175357,19.03479],[105.164448,19.016455],[105.144371,19.010414],[105.143309,19.01529],[105.145462,19.024513],[105.141259,19.024895],[105.138766,19.02139],[105.136505,19.020927],[105.133475,19.023507],[105.128754,19.03337],[105.131701,19.040841],[105.136556,19.039255],[105.139407,19.041629],[105.145825,19.04083],[105.143436,19.044234],[105.142748,19.051873],[105.139617,19.057944],[105.126956,19.06606],[105.126121,19.070527],[105.122434,19.070763],[105.1227,19.073709],[105.134302,19.077848],[105.139982,19.082292],[105.142126,19.079808],[105.143887,19.080313],[105.144805,19.084218],[105.142168,19.090704],[105.150891,19.095143],[105.156718,19.093266],[105.166125,19.100468],[105.165897,19.103261],[105.16808,19.103897],[105.165095,19.109973],[105.167767,19.114016],[105.166341,19.116944],[105.16336,19.116804],[105.159367,19.122968],[105.161547,19.125156],[105.162652,19.13167],[105.161001,19.133518],[105.161606,19.138573],[105.16997,19.133264],[105.169713,19.13215],[105.173792,19.133882],[105.180408,19.129561],[105.183479,19.132294],[105.186204,19.130119],[105.192815,19.132254],[105.194319,19.129897],[105.199764,19.133596],[105.208273,19.135255],[105.209905,19.141156],[105.215077,19.143519],[105.221797,19.135694]]]}},{"type":"Feature","properties":{"code":"17488","name":"Xã Tân Châu","type":"Xã"},"geometry":{"type":"Polygon","coordinates":[[[105.57367,18.951623],[105.57617,18.948182],[105.579353,18.948119],[105.580757,18.945776],[105.578704,18.945161],[105.581639,18.94233],[105.58724,18.94418],[105.589839,18.94172],[105.594202,18.943959],[105.596515,18.943549],[105.598386,18.939871],[105.600318,18.931769],[105.595924,18.932229],[105.595849,18.930016],[105.59392,18.929543],[105.595405,18.923522],[105.594417,18.924764],[105.592165,18.923948],[105.593548,18.922783],[105.591906,18.922103],[105.592815,18.920192],[105.591672,18.91776],[105.598835,18.903729],[105.596421,18.900226],[105.599376,18.896185],[105.600609,18.882159],[105.607102,18.878766],[105.607078,18.875518],[105.603244,18.87156],[105.60753,18.86892],[105.603777,18.865315],[105.600632,18.866935],[105.599359,18.864974],[105.596222,18.866426],[105.58814,18.865268],[105.570188,18.86112],[105.567319,18.858188],[105.561549,18.860464],[105.554611,18.859237],[105.547895,18.861044],[105.543882,18.864369],[105.544607,18.86931],[105.536889,18.878188],[105.537826,18.880708],[105.535209,18.884556],[105.534909,18.888374],[105.526633,18.892994],[105.511887,18.89645],[105.515712,18.903356],[105.520491,18.905968],[105.521604,18.908346],[105.517834,18.91365],[105.518453,18.917228],[105.527668,18.92407],[105.528297,18.926262],[105.534983,18.926894],[105.53291,18.932416],[105.536734,18.93375],[105.539635,18.932227],[105.542888,18.936955],[105.54779,18.937484],[105.552619,18.94338],[105.556427,18.94233],[105.556461,18.941052],[105.562847,18.940987],[105.562656,18.942392],[105.570663,18.945545],[105.569678,18.947781],[105.570786,18.946909],[105.57367,18.951623]]]}},{"type":"Feature","properties":{"code":"17266","name":"Xã Tân Kỳ","type":"Xã"},"geometry":{"type":"Polygon","coordinates":[[[105.316621,19.132559],[105.330961,19.124637],[105.336914,19.118915],[105.341919,19.121276],[105.343898,19.120099],[105.349487,19.121279],[105.351446,19.125893],[105.352954,19.126193],[105.360224,19.122625],[105.365336,19.123219],[105.370457,19.120882],[105.369927,19.117835],[105.376959,19.11059],[105.382201,19.111811],[105.391826,19.118181],[105.393934,19.108181],[105.392203,19.105021],[105.393484,19.101438],[105.390781,19.096483],[105.390644,19.091516],[105.38554,19.084403],[105.382064,19.083808],[105.372846,19.075889],[105.359644,19.06906],[105.351947,19.071026],[105.346886,19.069522],[105.345258,19.067387],[105.339994,19.067463],[105.33306,19.062527],[105.324172,19.062612],[105.321463,19.061289],[105.320773,19.05901],[105.307905,19.055107],[105.306257,19.052563],[105.298209,19.049408],[105.293417,19.043873],[105.292842,19.039276],[105.285426,19.034947],[105.280685,19.028503],[105.273291,19.025212],[105.272265,19.022332],[105.269151,19.022948],[105.267534,19.020593],[105.263175,19.021321],[105.261032,19.02008],[105.253398,19.022345],[105.2485,19.01686],[105.248994,19.012331],[105.241061,19.008056],[105.231851,19.006474],[105.22944,19.004052],[105.22735,19.005712],[105.229847,19.0089],[105.22964,19.011385],[105.227941,19.011163],[105.221802,19.02309],[105.224438,19.026253],[105.225561,19.033127],[105.227344,19.034845],[105.223683,19.041038],[105.224744,19.053093],[105.22223,19.054867],[105.223148,19.058198],[105.21877,19.058414],[105.214846,19.061137],[105.214596,19.065285],[105.210889,19.070223],[105.217407,19.074565],[105.222234,19.082129],[105.225695,19.079168],[105.23277,19.078941],[105.236712,19.080849],[105.241706,19.086553],[105.248033,19.082416],[105.249083,19.075031],[105.263271,19.076147],[105.266998,19.079093],[105.276492,19.082157],[105.279649,19.088905],[105.278716,19.09394],[105.281004,19.094855],[105.28616,19.091476],[105.289261,19.091664],[105.290589,19.100177],[105.299018,19.10431],[105.300609,19.112748],[105.308664,19.120965],[105.307446,19.123219],[105.291833,19.130417],[105.290873,19.135482],[105.293303,19.136566],[105.29995,19.132544],[105.304744,19.140343],[105.310483,19.143695],[105.316621,19.132559]]]}},{"type":"Feature","properties":{"code":"17272","name":"Xã Tân Phú","type":"Xã"},"geometry":{"type":"Polygon","coordinates":[[[105.34347,19.221491],[105.352634,19.212765],[105.354991,19.213537],[105.35425,19.21194],[105.357599,19.206566],[105.35593,19.206622],[105.356054,19.204546],[105.357547,19.204775],[105.356495,19.203316],[105.359548,19.202164],[105.356136,19.200836],[105.351621,19.196051],[105.348262,19.1953],[105.348547,19.185739],[105.340757,19.18297],[105.337591,19.179846],[105.336373,19.177292],[105.338736,19.1724],[105.331737,19.165709],[105.329685,19.166522],[105.326261,19.164393],[105.326103,19.156966],[105.318251,19.152667],[105.31854,19.148702],[105.322839,19.144892],[105.32278,19.142362],[105.316849,19.141683],[105.311581,19.143695],[105.307515,19.142471],[105.29995,19.132544],[105.293303,19.136566],[105.290539,19.134944],[105.291833,19.130417],[105.308682,19.122122],[105.30777,19.11914],[105.300609,19.112748],[105.299577,19.104969],[105.290589,19.100177],[105.290441,19.093449],[105.288763,19.09135],[105.279132,19.094413],[105.278177,19.091854],[105.279649,19.088905],[105.276492,19.082157],[105.266998,19.079093],[105.263271,19.076147],[105.249083,19.075031],[105.248478,19.08142],[105.246402,19.084217],[105.247986,19.097075],[105.244716,19.104749],[105.236775,19.113546],[105.237902,19.114373],[105.235161,19.11787],[105.233556,19.117913],[105.238241,19.125819],[105.240572,19.124197],[105.248534,19.12392],[105.251162,19.126093],[105.25205,19.13561],[105.255709,19.140344],[105.251002,19.143365],[105.251748,19.148802],[105.256753,19.152228],[105.260619,19.157732],[105.262326,19.158032],[105.263791,19.154941],[105.268555,19.152811],[105.274972,19.154165],[105.271837,19.164624],[105.266535,19.168526],[105.266625,19.170297],[105.261897,19.171393],[105.264393,19.173647],[105.266667,19.181963],[105.262235,19.18145],[105.259775,19.183634],[105.258261,19.180925],[105.251506,19.187476],[105.251571,19.189643],[105.268885,19.194114],[105.273669,19.200609],[105.277288,19.197924],[105.282285,19.197228],[105.290319,19.197484],[105.293762,19.199688],[105.304811,19.201599],[105.308281,19.205123],[105.305612,19.216477],[105.31135,19.215444],[105.323141,19.217732],[105.325534,19.210498],[105.326775,19.212412],[105.332969,19.2126],[105.339114,19.216032],[105.340721,19.214778],[105.341916,19.216183],[105.340814,19.218852],[105.34347,19.221491]]]}},{"type":"Feature","properties":{"code":"16876","name":"Xã Tương Dương","type":"Xã"},"geometry":{"type":"Polygon","coordinates":[[[104.364868,19.338375],[104.375662,19.32504],[104.375195,19.322831],[104.366211,19.315082],[104.368766,19.309493],[104.377784,19.308001],[104.394298,19.299882],[104.396514,19.301019],[104.399771,19.298683],[104.402881,19.302276],[104.40548,19.302548],[104.415124,19.297897],[104.424273,19.300122],[104.421061,19.30077],[104.420917,19.302536],[104.427727,19.315369],[104.440169,19.317554],[104.447562,19.3241],[104.45318,19.326097],[104.468147,19.318926],[104.46546,19.314317],[104.466046,19.312413],[104.479485,19.309725],[104.486693,19.304236],[104.49199,19.303186],[104.497574,19.299675],[104.50838,19.301657],[104.514937,19.300579],[104.524476,19.303335],[104.53132,19.301429],[104.528628,19.294426],[104.52849,19.289033],[104.531082,19.286753],[104.532466,19.28253],[104.531024,19.274196],[104.535052,19.271308],[104.539665,19.262479],[104.539023,19.253553],[104.534712,19.251367],[104.530244,19.236927],[104.526073,19.237573],[104.526518,19.233476],[104.522464,19.229966],[104.502606,19.23117],[104.500039,19.226236],[104.496838,19.226471],[104.495639,19.224588],[104.486476,19.226466],[104.477091,19.22356],[104.472291,19.221022],[104.472095,19.217956],[104.468236,19.212951],[104.450296,19.20607],[104.440436,19.211226],[104.433978,19.210902],[104.429932,19.207628],[104.43094,19.204684],[104.427134,19.19462],[104.417615,19.192418],[104.408845,19.187259],[104.406671,19.182801],[104.408719,19.175617],[104.401643,19.173317],[104.397973,19.174945],[104.39217,19.173147],[104.389088,19.173779],[104.38691,19.172544],[104.385114,19.165511],[104.373857,19.164913],[104.368116,19.15937],[104.361502,19.160381],[104.354692,19.151147],[104.348389,19.133823],[104.342286,19.131306],[104.337377,19.131932],[104.328257,19.125997],[104.319611,19.124392],[104.306848,19.12974],[104.321401,19.142834],[104.327773,19.151645],[104.327151,19.153588],[104.33215,19.160574],[104.337072,19.172189],[104.333706,19.175706],[104.329946,19.177017],[104.329357,19.17954],[104.332459,19.180312],[104.331412,19.1845],[104.328826,19.183723],[104.329291,19.185853],[104.326956,19.188525],[104.324181,19.18908],[104.323088,19.18751],[104.32119,19.192689],[104.318374,19.192116],[104.317047,19.194471],[104.31425,19.194114],[104.31289,19.196011],[104.313759,19.197791],[104.311236,19.200425],[104.307596,19.199393],[104.307254,19.201821],[104.305722,19.202212],[104.300642,19.200181],[104.297719,19.205364],[104.27043,19.215567],[104.272396,19.229484],[104.270401,19.229089],[104.270506,19.232383],[104.268723,19.234442],[104.26977,19.239315],[104.266658,19.24351],[104.268197,19.245101],[104.273537,19.245075],[104.276275,19.247983],[104.276684,19.251623],[104.281502,19.252985],[104.279657,19.258085],[104.281052,19.263236],[104.283212,19.267453],[104.28597,19.268825],[104.287802,19.282074],[104.290383,19.285275],[104.293089,19.285091],[104.29386,19.287766],[104.306097,19.297621],[104.312961,19.298644],[104.316317,19.301373],[104.323232,19.301791],[104.328254,19.310313],[104.332312,19.312945],[104.329061,19.317782],[104.331115,19.320987],[104.349284,19.327686],[104.353329,19.336],[104.350861,19.346466],[104.354546,19.347193],[104.364868,19.338375]]]}},{"type":"Feature","properties":{"code":"17560","name":"Xã Vân Du","type":"Xã"},"geometry":{"type":"Polygon","coordinates":[[[105.308644,19.005082],[105.314076,19.00858],[105.310363,19.013339],[105.313006,19.018075],[105.311669,19.022445],[105.312865,19.023868],[105.311665,19.024167],[105.313116,19.02742],[105.312228,19.029134],[105.313911,19.029997],[105.312504,19.032369],[105.313741,19.035155],[105.31024,19.037222],[105.313141,19.038673],[105.310159,19.040981],[105.30565,19.041062],[105.304649,19.042758],[105.305346,19.052154],[105.312992,19.057578],[105.320773,19.05901],[105.321463,19.061289],[105.324172,19.062612],[105.331681,19.062584],[105.335827,19.059121],[105.337884,19.053062],[105.344658,19.044604],[105.345248,19.040911],[105.343577,19.036343],[105.351124,19.03558],[105.352443,19.034362],[105.350872,19.029388],[105.353053,19.028693],[105.356473,19.030364],[105.362268,19.026077],[105.362389,19.022438],[105.367247,19.015686],[105.363693,19.011148],[105.364176,19.003558],[105.373689,19.002785],[105.378616,18.995756],[105.383621,18.993199],[105.383526,18.989577],[105.384955,18.988204],[105.382641,18.983353],[105.387837,18.97996],[105.387325,18.975013],[105.395116,18.965987],[105.405625,18.958272],[105.406032,18.956154],[105.401507,18.95109],[105.40452,18.947961],[105.405305,18.939448],[105.407286,18.93641],[105.402266,18.929953],[105.399802,18.929531],[105.399969,18.928043],[105.396095,18.925421],[105.394378,18.919534],[105.388447,18.916734],[105.386615,18.918223],[105.386331,18.915928],[105.38398,18.915447],[105.37609,18.917515],[105.375426,18.92111],[105.369242,18.921141],[105.366431,18.922744],[105.365068,18.92422],[105.366443,18.927986],[105.364796,18.932301],[105.358814,18.937594],[105.358591,18.940827],[105.35535,18.945017],[105.359887,18.949357],[105.355876,18.95958],[105.323043,18.971212],[105.315037,18.972616],[105.314846,18.98023],[105.317846,18.98396],[105.317297,18.986447],[105.315305,18.985323],[105.298185,18.985658],[105.298756,18.991417],[105.300907,18.98955],[105.300172,18.994374],[105.301301,18.995617],[105.302499,18.994503],[105.304324,18.997824],[105.307154,18.997303],[105.305679,19.00261],[105.309487,19.004258],[105.308644,19.005082]]]}},{"type":"Feature","properties":{"code":"17611","name":"Xã Vân Tụ","type":"Xã"},"geometry":{"type":"Polygon","coordinates":[[[105.387837,18.97996],[105.393237,18.978153],[105.393312,18.973615],[105.397091,18.967142],[105.403469,18.962733],[105.405879,18.961548],[105.408547,18.964104],[105.415949,18.963325],[105.426848,18.959455],[105.430916,18.955503],[105.433192,18.956149],[105.432487,18.954415],[105.434358,18.951281],[105.440388,18.947726],[105.447605,18.951185],[105.45052,18.946836],[105.458728,18.944073],[105.45953,18.946086],[105.456883,18.94663],[105.456759,18.949768],[105.459096,18.950365],[105.459315,18.953434],[105.46205,18.954114],[105.468308,18.95139],[105.468014,18.9444],[105.470704,18.942146],[105.470122,18.936355],[105.472202,18.934761],[105.471468,18.92704],[105.465251,18.926357],[105.458642,18.923461],[105.4585,18.921569],[105.461227,18.921714],[105.461947,18.918475],[105.459831,18.915027],[105.461504,18.907688],[105.460568,18.906488],[105.462153,18.906299],[105.461626,18.903007],[105.45813,18.902441],[105.455678,18.899788],[105.455077,18.892307],[105.44947,18.892476],[105.447067,18.895551],[105.441494,18.897104],[105.438735,18.889914],[105.431725,18.887894],[105.428388,18.8889],[105.428648,18.891703],[105.417086,18.895056],[105.411805,18.898267],[105.40272,18.895436],[105.394366,18.896302],[105.392487,18.899184],[105.388146,18.900403],[105.384134,18.911273],[105.381308,18.914979],[105.376108,18.917511],[105.38398,18.915447],[105.386331,18.915928],[105.386615,18.918223],[105.388447,18.916734],[105.394378,18.919534],[105.396095,18.925421],[105.399969,18.928043],[105.399802,18.929531],[105.402266,18.929953],[105.407286,18.93641],[105.405305,18.939448],[105.40452,18.947961],[105.401507,18.95109],[105.406032,18.956154],[105.405625,18.958272],[105.389505,18.971959],[105.386965,18.97761],[105.387837,18.97996]]]}},{"type":"Feature","properties":{"code":"17677","name":"Xã Văn Hiến","type":"Xã"},"geometry":{"type":"Polygon","coordinates":[[[105.36502,18.931739],[105.366443,18.927986],[105.365147,18.923827],[105.369242,18.921141],[105.375426,18.92111],[105.37609,18.917515],[105.381308,18.914979],[105.384134,18.911273],[105.388146,18.900403],[105.392487,18.899184],[105.394135,18.896387],[105.40272,18.895436],[105.411805,18.898267],[105.417086,18.895056],[105.428648,18.891703],[105.428388,18.8889],[105.431725,18.887894],[105.438735,18.889914],[105.441494,18.897104],[105.447067,18.895551],[105.44947,18.892476],[105.457199,18.891271],[105.456196,18.887181],[105.45879,18.888442],[105.461402,18.885243],[105.459901,18.882081],[105.45678,18.877957],[105.451846,18.877763],[105.444954,18.872151],[105.442839,18.875307],[105.44132,18.872011],[105.436211,18.871027],[105.434554,18.867759],[105.430379,18.866474],[105.426285,18.861892],[105.417195,18.861222],[105.415947,18.860096],[105.416736,18.858403],[105.413278,18.857327],[105.412475,18.859039],[105.410964,18.85785],[105.410377,18.858958],[105.409596,18.856587],[105.404165,18.853997],[105.406494,18.847849],[105.40065,18.847749],[105.402601,18.845189],[105.40182,18.84267],[105.39956,18.842549],[105.399893,18.844078],[105.398582,18.842605],[105.391853,18.846829],[105.389961,18.844971],[105.389924,18.846725],[105.388546,18.845532],[105.388538,18.849233],[105.384385,18.847115],[105.384825,18.849947],[105.382296,18.84798],[105.382514,18.85096],[105.380327,18.851733],[105.379806,18.853781],[105.378675,18.853391],[105.379153,18.850665],[105.376746,18.850368],[105.373505,18.856355],[105.375193,18.857108],[105.37337,18.858204],[105.375748,18.861082],[105.375011,18.865796],[105.369516,18.868189],[105.367017,18.866885],[105.365071,18.868805],[105.362816,18.868455],[105.36167,18.866466],[105.356115,18.868573],[105.346977,18.86091],[105.342186,18.86658],[105.344184,18.8686],[105.346941,18.866151],[105.347645,18.867149],[105.343933,18.870043],[105.345131,18.871925],[105.342448,18.876466],[105.345936,18.880212],[105.351614,18.879475],[105.352376,18.881697],[105.356069,18.882301],[105.357377,18.885998],[105.352323,18.885143],[105.352945,18.888248],[105.349871,18.889063],[105.350687,18.904297],[105.348823,18.905257],[105.350022,18.909571],[105.347234,18.913014],[105.350953,18.919097],[105.349712,18.920299],[105.350974,18.92894],[105.354476,18.930743],[105.358521,18.928888],[105.36502,18.931739]]]}},{"type":"Feature","properties":{"code":"17854","name":"Xã Văn Kiều","type":"Xã"},"geometry":{"type":"Polygon","coordinates":[[[105.513478,18.83344],[105.5171,18.830354],[105.517564,18.825161],[105.514584,18.823384],[105.513554,18.81991],[105.510997,18.820061],[105.509318,18.816961],[105.511828,18.816559],[105.512809,18.812946],[105.515129,18.813949],[105.516936,18.81206],[105.518946,18.814206],[105.520803,18.813565],[105.518574,18.810616],[105.520775,18.809443],[105.518471,18.806455],[105.513806,18.808295],[105.509364,18.799388],[105.516065,18.793771],[105.516271,18.790783],[105.513077,18.788743],[105.51078,18.789826],[105.499153,18.783117],[105.484456,18.784579],[105.485607,18.779571],[105.475324,18.780658],[105.475574,18.783385],[105.470762,18.789112],[105.470386,18.787545],[105.468965,18.78888],[105.468869,18.798953],[105.47187,18.802356],[105.469737,18.803384],[105.470659,18.805673],[105.46652,18.813183],[105.46851,18.818979],[105.468228,18.821603],[105.466058,18.823443],[105.46678,18.825799],[105.468504,18.82562],[105.472226,18.822322],[105.473089,18.823397],[105.474788,18.822321],[105.482699,18.82666],[105.479426,18.833858],[105.481687,18.834526],[105.482163,18.837466],[105.484152,18.837629],[105.48477,18.839304],[105.483593,18.847445],[105.481347,18.847178],[105.480316,18.85137],[105.473474,18.854898],[105.475844,18.85841],[105.474273,18.860348],[105.474114,18.866255],[105.48036,18.877133],[105.481791,18.876473],[105.486409,18.886474],[105.492155,18.884406],[105.495988,18.891584],[105.499335,18.89272],[105.49947,18.895039],[105.504019,18.895523],[105.507172,18.897822],[105.526633,18.892994],[105.534909,18.888374],[105.535209,18.884556],[105.537826,18.880708],[105.536889,18.878188],[105.544607,18.86931],[105.543882,18.864369],[105.547895,18.861044],[105.552677,18.860197],[105.546673,18.853858],[105.540103,18.853279],[105.535939,18.85071],[105.533288,18.844653],[105.527449,18.845918],[105.521848,18.840709],[105.51918,18.841482],[105.518672,18.837803],[105.513478,18.83344]]]}},{"type":"Feature","properties":{"code":"17357","name":"Xã Vĩnh Tường","type":"Xã"},"geometry":{"type":"Polygon","coordinates":[[[105.048569,18.985602],[105.053775,18.977274],[105.064573,18.952601],[105.077083,18.938533],[105.075474,18.933129],[105.077486,18.930018],[105.075762,18.927674],[105.082002,18.919809],[105.080056,18.919415],[105.074775,18.922598],[105.074981,18.920331],[105.071628,18.916481],[105.067914,18.914485],[105.05622,18.913051],[105.055877,18.907696],[105.043808,18.901959],[105.027837,18.900309],[105.023095,18.896245],[105.016898,18.893787],[105.014015,18.887993],[105.005423,18.897064],[105.008319,18.900186],[105.005449,18.908731],[105.00725,18.91128],[104.999013,18.915487],[104.995269,18.920948],[104.992252,18.922195],[104.991752,18.924405],[104.982203,18.931085],[104.983575,18.933997],[104.982831,18.937253],[104.972231,18.943703],[104.97744,18.94943],[104.988089,18.947187],[104.987087,18.950655],[104.991679,18.956873],[104.984819,18.963301],[104.987545,18.965082],[104.993104,18.974891],[104.9959,18.975976],[104.999522,18.981844],[105.017199,18.985234],[105.020116,18.988926],[105.022568,18.997352],[105.026829,18.997929],[105.036741,18.995023],[105.048569,18.985602]]]}},{"type":"Feature","properties":{"code":"17950","name":"Xã Vạn An","type":"Xã"},"geometry":{"type":"Polygon","coordinates":[[[105.476233,18.734312],[105.485127,18.735536],[105.487747,18.73388],[105.485885,18.72564],[105.488525,18.725931],[105.489012,18.722036],[105.497335,18.71706],[105.506552,18.717033],[105.507637,18.719393],[105.511743,18.720516],[105.512029,18.719639],[105.512583,18.719532],[105.513494,18.721823],[105.515088,18.720439],[105.516472,18.721575],[105.521539,18.715203],[105.519468,18.712125],[105.520926,18.707247],[105.52708,18.709945],[105.530738,18.707931],[105.534382,18.708381],[105.53573,18.705126],[105.542626,18.709476],[105.543631,18.708349],[105.54186,18.702058],[105.534583,18.700084],[105.533423,18.697021],[105.534772,18.694447],[105.527438,18.69302],[105.522587,18.688653],[105.523171,18.687208],[105.512712,18.683819],[105.519276,18.667206],[105.51563,18.665619],[105.515512,18.662799],[105.519127,18.649283],[105.518916,18.642444],[105.516597,18.641665],[105.515196,18.645436],[105.512364,18.645422],[105.512064,18.641452],[105.515352,18.639582],[105.506118,18.634299],[105.501673,18.633382],[105.498007,18.634745],[105.495491,18.63354],[105.494257,18.639226],[105.487424,18.650962],[105.482664,18.653431],[105.47282,18.665614],[105.459546,18.668523],[105.442641,18.681579],[105.43984,18.679604],[105.44194,18.689001],[105.448773,18.695625],[105.46446,18.695343],[105.469233,18.697849],[105.469369,18.709967],[105.471128,18.712374],[105.469836,18.717217],[105.471398,18.71684],[105.470624,18.721008],[105.471917,18.723531],[105.466963,18.72578],[105.465923,18.728753],[105.46753,18.733184],[105.470943,18.732969],[105.471988,18.736536],[105.476233,18.734312]]]}},{"type":"Feature","properties":{"code":"17779","name":"Xã Xuân Lâm","type":"Xã"},"geometry":{"type":"Polygon","coordinates":[[[105.406154,18.781717],[105.404097,18.777063],[105.40595,18.772038],[105.408706,18.769536],[105.409653,18.762325],[105.412133,18.76013],[105.410861,18.751586],[105.407591,18.744725],[105.416541,18.740532],[105.416278,18.739093],[105.419344,18.739404],[105.418755,18.737847],[105.42747,18.741414],[105.428991,18.732772],[105.432044,18.732549],[105.432852,18.737259],[105.438264,18.737716],[105.437145,18.73575],[105.438565,18.731508],[105.441064,18.730581],[105.440045,18.725574],[105.437573,18.723975],[105.437989,18.721319],[105.438787,18.719638],[105.441574,18.71943],[105.441695,18.717876],[105.437942,18.70851],[105.445789,18.709079],[105.44766,18.711039],[105.450472,18.711104],[105.45775,18.704221],[105.46034,18.703708],[105.467635,18.706507],[105.469538,18.703016],[105.469411,18.698123],[105.467315,18.69637],[105.459692,18.695071],[105.451777,18.696388],[105.44532,18.693265],[105.441026,18.687359],[105.43981,18.678224],[105.436066,18.676227],[105.427839,18.675059],[105.423615,18.676],[105.397481,18.692883],[105.394683,18.696065],[105.39001,18.712286],[105.385691,18.719386],[105.377718,18.726024],[105.36043,18.735776],[105.349604,18.75383],[105.351733,18.755484],[105.357418,18.751803],[105.361797,18.754828],[105.365618,18.754457],[105.367048,18.758902],[105.37066,18.759842],[105.370159,18.761648],[105.366439,18.762584],[105.370556,18.766251],[105.369867,18.769017],[105.373164,18.768343],[105.373819,18.771655],[105.370983,18.772557],[105.370822,18.775641],[105.372329,18.777172],[105.377801,18.777534],[105.384467,18.772831],[105.388559,18.772811],[105.392651,18.780294],[105.395798,18.777703],[105.397973,18.780531],[105.401455,18.779529],[105.406154,18.781717]]]}},{"type":"Feature","properties":{"code":"16909","name":"Xã Yên Hòa","type":"Xã"},"geometry":{"type":"Polygon","coordinates":[[[104.745826,19.368687],[104.752798,19.363887],[104.75376,19.350527],[104.759957,19.345385],[104.767772,19.344541],[104.769152,19.341042],[104.765148,19.334925],[104.758605,19.329243],[104.760842,19.318378],[104.749863,19.315225],[104.740557,19.299349],[104.736231,19.296834],[104.740145,19.295756],[104.744842,19.285009],[104.743384,19.279849],[104.745971,19.277074],[104.74267,19.27606],[104.741996,19.272215],[104.744727,19.264901],[104.743419,19.260302],[104.751857,19.260002],[104.751857,19.256026],[104.756901,19.251367],[104.759417,19.245359],[104.756773,19.235068],[104.755007,19.233683],[104.756155,19.22908],[104.75385,19.222088],[104.762145,19.213662],[104.756502,19.208944],[104.754697,19.203911],[104.747036,19.200548],[104.739062,19.201108],[104.731757,19.198082],[104.724437,19.200082],[104.712729,19.200633],[104.70957,19.206406],[104.70414,19.20591],[104.701932,19.207299],[104.697779,19.20601],[104.683932,19.209141],[104.679456,19.213669],[104.673761,19.224269],[104.671688,19.226339],[104.667484,19.227123],[104.662509,19.223977],[104.661085,19.217048],[104.657907,19.213866],[104.64899,19.210884],[104.643482,19.210862],[104.644156,19.21827],[104.640417,19.225254],[104.640709,19.227595],[104.63601,19.23195],[104.631269,19.232146],[104.630031,19.234199],[104.628376,19.244558],[104.625103,19.24841],[104.624579,19.25393],[104.626484,19.255516],[104.624267,19.262255],[104.620146,19.266176],[104.620173,19.270951],[104.617232,19.271777],[104.614516,19.275884],[104.613939,19.281201],[104.615602,19.285419],[104.627712,19.29547],[104.627582,19.307546],[104.632015,19.311296],[104.633996,19.314269],[104.632568,19.314483],[104.632845,19.315961],[104.636373,19.319513],[104.636336,19.321406],[104.634296,19.321751],[104.636098,19.323589],[104.635592,19.325342],[104.639099,19.327523],[104.639584,19.330022],[104.641794,19.329595],[104.646036,19.336466],[104.646111,19.339918],[104.642978,19.339539],[104.645129,19.342091],[104.658858,19.34643],[104.660376,19.352376],[104.668596,19.353698],[104.672883,19.357795],[104.684239,19.362129],[104.686284,19.358217],[104.689959,19.359763],[104.69545,19.359498],[104.697508,19.357171],[104.707252,19.356664],[104.710464,19.35409],[104.719215,19.358536],[104.720086,19.361681],[104.728717,19.366642],[104.736303,19.367445],[104.738521,19.366168],[104.743971,19.370449],[104.744355,19.373024],[104.745826,19.368687]]]}},{"type":"Feature","properties":{"code":"16912","name":"Xã Yên Na","type":"Xã"},"geometry":{"type":"Polygon","coordinates":[[[104.717287,19.460125],[104.720191,19.460044],[104.726185,19.454415],[104.73908,19.451133],[104.742905,19.45266],[104.747695,19.451353],[104.749642,19.454593],[104.753777,19.452655],[104.756225,19.454782],[104.758539,19.45387],[104.759653,19.455027],[104.763903,19.449889],[104.768829,19.450125],[104.768379,19.447707],[104.772414,19.444338],[104.777739,19.436184],[104.781611,19.432555],[104.786167,19.432435],[104.788108,19.427392],[104.785062,19.422402],[104.785767,19.419632],[104.783648,19.412452],[104.779863,19.409201],[104.77648,19.408614],[104.770786,19.398838],[104.767255,19.398599],[104.764585,19.394124],[104.760565,19.392889],[104.759396,19.389228],[104.755631,19.389002],[104.751568,19.385093],[104.747395,19.384633],[104.74504,19.382688],[104.741695,19.377085],[104.744355,19.373024],[104.744162,19.370727],[104.738269,19.366037],[104.736303,19.367445],[104.728717,19.366642],[104.720086,19.361681],[104.719215,19.358536],[104.710464,19.35409],[104.707252,19.356664],[104.697508,19.357171],[104.69545,19.359498],[104.689959,19.359763],[104.686284,19.358217],[104.684239,19.362129],[104.672883,19.357795],[104.668596,19.353698],[104.660376,19.352376],[104.658311,19.346084],[104.645004,19.342002],[104.642978,19.339539],[104.646111,19.339918],[104.646036,19.336466],[104.641794,19.329595],[104.639584,19.330022],[104.639099,19.327523],[104.635592,19.325342],[104.636098,19.323589],[104.634296,19.321751],[104.636336,19.321406],[104.636373,19.319513],[104.632845,19.315961],[104.632568,19.314483],[104.633996,19.314269],[104.632015,19.311296],[104.627582,19.307546],[104.627712,19.29547],[104.615602,19.285419],[104.614282,19.278522],[104.609659,19.279926],[104.605679,19.283517],[104.599725,19.282623],[104.59612,19.285981],[104.584293,19.287242],[104.581075,19.288904],[104.569839,19.284281],[104.562263,19.284966],[104.553306,19.295953],[104.535811,19.302977],[104.53132,19.301429],[104.524476,19.303335],[104.514937,19.300579],[104.50838,19.301657],[104.497574,19.299675],[104.49199,19.303186],[104.486693,19.304236],[104.479485,19.309725],[104.466046,19.312413],[104.46546,19.314317],[104.468147,19.318926],[104.45318,19.326097],[104.457024,19.339835],[104.456876,19.341533],[104.453483,19.342743],[104.45492,19.352194],[104.457376,19.357313],[104.463686,19.359443],[104.470289,19.357901],[104.472612,19.355845],[104.483177,19.3602],[104.487888,19.354854],[104.495179,19.366357],[104.511926,19.37662],[104.518069,19.384422],[104.524812,19.399155],[104.527955,19.401147],[104.536985,19.401464],[104.552716,19.405029],[104.555227,19.408244],[104.563925,19.406403],[104.563818,19.403903],[104.566688,19.402426],[104.565916,19.399059],[104.568498,19.393913],[104.571016,19.393383],[104.574569,19.387949],[104.590101,19.377156],[104.591866,19.365185],[104.604337,19.37196],[104.606203,19.370386],[104.614622,19.370657],[104.624853,19.375695],[104.62643,19.379166],[104.632438,19.381568],[104.632933,19.38586],[104.636168,19.387216],[104.632589,19.396944],[104.636232,19.402488],[104.641389,19.40596],[104.644062,19.405546],[104.647473,19.413513],[104.65317,19.415593],[104.658091,19.413968],[104.66543,19.415903],[104.668799,19.422968],[104.674197,19.425302],[104.674175,19.436295],[104.676246,19.435255],[104.687562,19.436668],[104.699566,19.441279],[104.705546,19.450894],[104.714855,19.458575],[104.715024,19.462179],[104.717287,19.460125]]]}},{"type":"Feature","properties":{"code":"17506","name":"Xã Yên Thành","type":"Xã"},"geometry":{"type":"Polygon","coordinates":[[[105.434655,19.026468],[105.441748,19.026303],[105.445687,19.024005],[105.452353,19.025883],[105.461723,19.025858],[105.466459,19.021745],[105.467026,19.022821],[105.468758,19.0215],[105.469688,19.022952],[105.472817,19.018537],[105.473055,19.022234],[105.475191,19.020862],[105.474809,19.019201],[105.477356,19.018378],[105.47803,19.020492],[105.486611,19.020348],[105.490111,19.02238],[105.49158,19.025678],[105.497897,19.022834],[105.499978,19.018918],[105.500837,19.019655],[105.506612,19.016181],[105.508311,19.018338],[105.514541,19.016603],[105.518207,19.014274],[105.516062,19.012082],[105.519481,19.007364],[105.518904,19.005309],[105.514634,19.003628],[105.515801,19.000192],[105.513263,18.999136],[105.513881,18.996429],[105.517677,18.991186],[105.518882,18.992546],[105.520508,18.99158],[105.519252,18.993501],[105.521072,18.995141],[105.52768,18.995359],[105.527956,18.992343],[105.525942,18.992951],[105.525757,18.991618],[105.528053,18.988067],[105.532282,18.986654],[105.525669,18.985984],[105.5304,18.983125],[105.529002,18.981221],[105.526213,18.983037],[105.524891,18.978392],[105.526459,18.977156],[105.524473,18.976337],[105.524779,18.974184],[105.517993,18.975832],[105.519971,18.977147],[105.5185,18.979046],[105.513878,18.976173],[105.513438,18.97216],[105.50435,18.967481],[105.502564,18.966858],[105.498109,18.969642],[105.495536,18.968535],[105.495468,18.970472],[105.493556,18.970664],[105.49577,18.970644],[105.495703,18.972333],[105.490791,18.977476],[105.487447,18.977274],[105.485727,18.983597],[105.481502,18.984091],[105.481507,18.982562],[105.479678,18.982317],[105.479532,18.984115],[105.474683,18.986609],[105.475443,18.988964],[105.471637,18.990469],[105.462891,18.989412],[105.463187,18.991125],[105.461429,18.991138],[105.45673,18.996366],[105.454252,18.996602],[105.453774,18.998764],[105.448937,19.001339],[105.445822,19.00031],[105.438208,19.004046],[105.435109,19.010262],[105.431237,19.009851],[105.427752,19.011793],[105.42563,19.018796],[105.430269,19.018881],[105.43111,19.025606],[105.433708,19.027678],[105.434655,19.026468]]]}},{"type":"Feature","properties":{"code":"18007","name":"Xã Yên Trung","type":"Xã"},"geometry":{"type":"Polygon","coordinates":[[[105.59065,18.798201],[105.597839,18.792078],[105.601669,18.794563],[105.597112,18.79814],[105.598347,18.800838],[105.601638,18.801301],[105.604948,18.798928],[105.607732,18.802161],[105.610652,18.801372],[105.610824,18.796216],[105.614878,18.794553],[105.61246,18.781028],[105.614044,18.778405],[105.610317,18.770272],[105.612195,18.763689],[105.616184,18.760282],[105.617175,18.756072],[105.612645,18.749427],[105.614109,18.744908],[105.6109,18.742687],[105.61453,18.737602],[105.60846,18.735951],[105.608449,18.731006],[105.605139,18.72958],[105.604314,18.725325],[105.601357,18.722609],[105.6002,18.714955],[105.594178,18.713378],[105.588611,18.716308],[105.582661,18.716732],[105.581771,18.720493],[105.578612,18.722479],[105.577952,18.724893],[105.567969,18.724593],[105.566015,18.735246],[105.561531,18.742105],[105.555941,18.74654],[105.554608,18.749006],[105.555957,18.75035],[105.552362,18.753612],[105.556098,18.752998],[105.557448,18.754841],[105.565551,18.757284],[105.575835,18.765431],[105.576125,18.768319],[105.574032,18.768772],[105.574072,18.770694],[105.580406,18.776263],[105.58016,18.779305],[105.583595,18.783663],[105.580708,18.787865],[105.581323,18.789934],[105.58202,18.78822],[105.584277,18.789012],[105.58321,18.789756],[105.58512,18.791716],[105.582749,18.792662],[105.58835,18.794658],[105.585776,18.795892],[105.586497,18.797507],[105.587561,18.795906],[105.589709,18.797013],[105.587937,18.798573],[105.588479,18.802283],[105.592794,18.803309],[105.59065,18.798201]]]}},{"type":"Feature","properties":{"code":"17380","name":"Xã Yên Xuân","type":"Xã"},"geometry":{"type":"Polygon","coordinates":[[[105.182202,18.935296],[105.222596,18.933433],[105.232987,18.928206],[105.244673,18.916563],[105.25398,18.9157],[105.254926,18.912565],[105.247727,18.903073],[105.241948,18.901769],[105.240636,18.898098],[105.232598,18.894766],[105.226336,18.894608],[105.227869,18.892921],[105.226309,18.889474],[105.227322,18.888098],[105.22494,18.888907],[105.222756,18.884441],[105.220533,18.885067],[105.219291,18.882454],[105.216696,18.884647],[105.212977,18.882974],[105.211776,18.886952],[105.202258,18.888161],[105.198557,18.884749],[105.195712,18.887053],[105.192445,18.885361],[105.192138,18.881253],[105.187339,18.878685],[105.186071,18.879611],[105.184573,18.871943],[105.1813,18.87317],[105.180385,18.871091],[105.177234,18.870652],[105.17525,18.873234],[105.168972,18.875373],[105.163968,18.871618],[105.163726,18.868267],[105.161977,18.868013],[105.161042,18.864984],[105.15851,18.86704],[105.156882,18.865507],[105.155008,18.868019],[105.150674,18.86556],[105.150632,18.867254],[105.145163,18.866655],[105.141654,18.868611],[105.139351,18.8646],[105.134236,18.863092],[105.131533,18.860389],[105.127706,18.862549],[105.119776,18.863411],[105.116964,18.868655],[105.11332,18.871481],[105.107469,18.867206],[105.104195,18.870121],[105.099901,18.871272],[105.098903,18.873506],[105.091651,18.874524],[105.089333,18.88571],[105.094164,18.889708],[105.094137,18.895289],[105.101995,18.903519],[105.105282,18.911924],[105.107638,18.913684],[105.109017,18.919433],[105.112369,18.919509],[105.113606,18.926961],[105.110066,18.92985],[105.11339,18.934948],[105.115679,18.935334],[105.113723,18.937137],[105.116569,18.939995],[105.114436,18.94203],[105.11488,18.944502],[105.119774,18.947032],[105.126853,18.932771],[105.129865,18.932013],[105.137063,18.935784],[105.149675,18.949793],[105.154434,18.950401],[105.166039,18.944394],[105.171944,18.939204],[105.182202,18.935296]]]}},{"type":"Feature","properties":{"code":"17662","name":"Xã Đô Lương","type":"Xã"},"geometry":{"type":"Polygon","coordinates":[[[105.3002,18.907808],[105.30376,18.908302],[105.304657,18.906085],[105.306862,18.907412],[105.306623,18.905682],[105.309349,18.904148],[105.319865,18.905504],[105.323801,18.910972],[105.325465,18.911219],[105.323607,18.912987],[105.325212,18.917795],[105.331244,18.923787],[105.332051,18.930145],[105.340819,18.926425],[105.350974,18.92894],[105.349712,18.920299],[105.350953,18.919097],[105.347234,18.913014],[105.350022,18.909571],[105.348823,18.905257],[105.350687,18.904297],[105.349871,18.889063],[105.352945,18.888248],[105.352323,18.885143],[105.357243,18.886138],[105.356624,18.882885],[105.352376,18.881697],[105.351614,18.879475],[105.345936,18.880212],[105.340748,18.874733],[105.340056,18.875724],[105.338165,18.874615],[105.335048,18.881509],[105.325335,18.882325],[105.321715,18.886941],[105.319903,18.885326],[105.318102,18.886082],[105.315733,18.881438],[105.311636,18.881916],[105.309136,18.877508],[105.310659,18.875228],[105.314678,18.874841],[105.317121,18.871207],[105.306534,18.870837],[105.305268,18.872776],[105.304104,18.871893],[105.305503,18.870284],[105.304011,18.869942],[105.291067,18.871402],[105.297864,18.882747],[105.295641,18.887284],[105.292659,18.888566],[105.277538,18.886681],[105.258119,18.891144],[105.258781,18.888441],[105.252286,18.887685],[105.249914,18.88067],[105.241389,18.874297],[105.234191,18.874289],[105.226597,18.879882],[105.223056,18.878657],[105.220615,18.883421],[105.220533,18.885067],[105.222756,18.884441],[105.22494,18.888907],[105.227322,18.888098],[105.226309,18.889474],[105.227869,18.892921],[105.226336,18.894608],[105.234487,18.895455],[105.240968,18.898308],[105.241948,18.901769],[105.247727,18.903073],[105.254926,18.912565],[105.25398,18.9157],[105.261157,18.918497],[105.266282,18.92595],[105.275312,18.934588],[105.278269,18.934672],[105.28592,18.929284],[105.287034,18.919431],[105.298097,18.912101],[105.3002,18.907808]]]}},{"type":"Feature","properties":{"code":"17017","name":"Xã Đông Hiếu","type":"Xã"},"geometry":{"type":"Polygon","coordinates":[[[105.522963,19.230093],[105.508431,19.231165],[105.511669,19.234184],[105.515995,19.242424],[105.507181,19.245688],[105.504571,19.249683],[105.504198,19.253623],[105.50289,19.251627],[105.501196,19.252246],[105.502713,19.254427],[105.501288,19.255864],[105.498847,19.25668],[105.494238,19.252839],[105.486728,19.255092],[105.486395,19.25642],[105.483609,19.254117],[105.481857,19.255844],[105.480414,19.253628],[105.473936,19.252006],[105.470188,19.254548],[105.470275,19.259447],[105.466003,19.260833],[105.463367,19.266743],[105.462071,19.259061],[105.463712,19.257986],[105.462093,19.255506],[105.464769,19.252055],[105.465548,19.247829],[105.459598,19.24195],[105.458585,19.246812],[105.451878,19.253809],[105.452551,19.257295],[105.444097,19.26108],[105.446216,19.263758],[105.444273,19.2649],[105.439404,19.262161],[105.434686,19.26295],[105.429208,19.270548],[105.427029,19.271074],[105.42517,19.274852],[105.42815,19.279396],[105.435545,19.27991],[105.437271,19.275999],[105.440111,19.274521],[105.446145,19.27902],[105.448108,19.285112],[105.44558,19.292668],[105.452392,19.298123],[105.449786,19.303277],[105.448923,19.30235],[105.447211,19.311581],[105.454611,19.310523],[105.457665,19.31348],[105.460079,19.312156],[105.465194,19.317217],[105.470122,19.313445],[105.475451,19.316493],[105.474316,19.317831],[105.47678,19.320942],[105.482772,19.315395],[105.488541,19.313503],[105.494968,19.314512],[105.503251,19.305841],[105.516921,19.308282],[105.524106,19.302764],[105.525084,19.30135],[105.522888,19.297788],[105.524301,19.292874],[105.52979,19.292246],[105.531788,19.288449],[105.529599,19.285777],[105.531849,19.284011],[105.533218,19.278976],[105.531226,19.273348],[105.530733,19.259529],[105.531278,19.258251],[105.534277,19.259203],[105.535562,19.258009],[105.534251,19.254445],[105.536096,19.251762],[105.529521,19.240917],[105.528815,19.235554],[105.522963,19.230093]]]}},{"type":"Feature","properties":{"code":"17878","name":"Xã Đông Lộc","type":"Xã"},"geometry":{"type":"Polygon","coordinates":[[[105.703669,18.818128],[105.712819,18.817203],[105.712496,18.815109],[105.708882,18.813123],[105.709718,18.8079],[105.707637,18.805624],[105.705088,18.806026],[105.700565,18.803102],[105.700042,18.800392],[105.697011,18.80027],[105.698392,18.791763],[105.699618,18.789024],[105.702962,18.790494],[105.709674,18.778659],[105.715525,18.780639],[105.71657,18.778513],[105.718589,18.778824],[105.72344,18.775386],[105.726061,18.770621],[105.72401,18.769617],[105.726185,18.765543],[105.723487,18.764633],[105.722618,18.766077],[105.717177,18.763681],[105.716874,18.762024],[105.713351,18.763204],[105.711341,18.762138],[105.712305,18.75557],[105.709079,18.753933],[105.708675,18.757851],[105.70684,18.757517],[105.704928,18.761047],[105.702633,18.760779],[105.698907,18.767332],[105.693956,18.764478],[105.688153,18.757412],[105.685743,18.757551],[105.683109,18.754922],[105.681834,18.755787],[105.682796,18.753673],[105.676396,18.751392],[105.672658,18.759995],[105.669796,18.75929],[105.669915,18.763746],[105.664662,18.773089],[105.664574,18.782977],[105.666842,18.78309],[105.666935,18.785596],[105.664271,18.792291],[105.666212,18.792747],[105.666333,18.794489],[105.662059,18.793384],[105.663474,18.800967],[105.680218,18.808561],[105.682035,18.815047],[105.685755,18.817416],[105.683521,18.818473],[105.690543,18.824956],[105.702216,18.820621],[105.703669,18.818128]]]}},{"type":"Feature","properties":{"code":"17530","name":"Xã Đông Thành","type":"Xã"},"geometry":{"type":"Polygon","coordinates":[[[105.556778,19.086666],[105.559432,19.086579],[105.563269,19.082909],[105.568787,19.082719],[105.571328,19.079819],[105.57258,19.080448],[105.576577,19.077831],[105.576018,19.074819],[105.58012,19.068288],[105.578355,19.067748],[105.577015,19.059304],[105.574746,19.056902],[105.576015,19.056055],[105.57562,19.052991],[105.574874,19.051343],[105.572733,19.051889],[105.57312,19.049128],[105.56023,19.049997],[105.560049,19.048362],[105.557317,19.048042],[105.554419,19.049411],[105.555122,19.04685],[105.551873,19.045536],[105.543868,19.04751],[105.542713,19.038002],[105.54181,19.038458],[105.540115,19.031527],[105.538562,19.032043],[105.533729,19.023681],[105.536198,19.021664],[105.535332,19.020848],[105.530528,19.01961],[105.530058,19.021529],[105.528234,19.021713],[105.525883,19.020403],[105.525909,19.021942],[105.523743,19.022318],[105.523878,19.02463],[105.519925,19.02567],[105.519565,19.022342],[105.517463,19.021868],[105.514624,19.018008],[105.512336,19.018569],[105.512378,19.016522],[105.508311,19.018338],[105.506612,19.016181],[105.500837,19.019655],[105.499978,19.018918],[105.497897,19.022834],[105.49158,19.025678],[105.497019,19.037413],[105.504701,19.033708],[105.50703,19.034773],[105.506536,19.039014],[105.508619,19.041054],[105.507208,19.04509],[105.512508,19.044638],[105.510381,19.047429],[105.516897,19.052046],[105.527757,19.046439],[105.529624,19.051932],[105.521086,19.056177],[105.526294,19.062677],[105.524731,19.064148],[105.524962,19.06916],[105.52806,19.069978],[105.528753,19.072944],[105.530232,19.072861],[105.534005,19.068207],[105.550501,19.07606],[105.548605,19.079675],[105.556778,19.086666]]]}},{"type":"Feature","properties":{"code":"17944","name":"Xã Đại Huệ","type":"Xã"},"geometry":{"type":"Polygon","coordinates":[[[105.520471,18.763663],[105.521471,18.75907],[105.533164,18.758452],[105.534786,18.759997],[105.535202,18.758073],[105.542434,18.754204],[105.549355,18.754459],[105.554,18.752655],[105.555957,18.75035],[105.554608,18.749006],[105.555941,18.74654],[105.561531,18.742105],[105.566015,18.735246],[105.567969,18.724593],[105.577952,18.724893],[105.578612,18.722479],[105.581624,18.720695],[105.582541,18.716818],[105.58446,18.716626],[105.584669,18.711904],[105.584198,18.70998],[105.580677,18.710058],[105.577248,18.705341],[105.577724,18.703172],[105.579273,18.703132],[105.576719,18.701388],[105.577131,18.697087],[105.56561,18.693396],[105.56248,18.695697],[105.559424,18.691133],[105.552785,18.694252],[105.547723,18.691203],[105.550001,18.689841],[105.54077,18.689982],[105.539613,18.690887],[105.540561,18.69301],[105.538121,18.692703],[105.536911,18.693413],[105.53791,18.694806],[105.534373,18.695046],[105.533423,18.697021],[105.534583,18.700084],[105.54186,18.702058],[105.543723,18.707273],[105.542626,18.709476],[105.53573,18.705126],[105.534382,18.708381],[105.530738,18.707931],[105.52708,18.709945],[105.525572,18.708404],[105.520238,18.70773],[105.519468,18.712125],[105.521539,18.715203],[105.516288,18.721154],[105.519352,18.73581],[105.514838,18.741198],[105.515433,18.745051],[105.514375,18.745048],[105.514183,18.748828],[105.512376,18.74959],[105.513234,18.752355],[105.511865,18.756122],[105.518289,18.7632],[105.520471,18.763663]]]}},{"type":"Feature","properties":{"code":"17713","name":"Xã Đại Đồng","type":"Xã"},"geometry":{"type":"Polygon","coordinates":[[[105.29161,18.798974],[105.298996,18.811382],[105.299471,18.81731],[105.30392,18.823393],[105.304189,18.825677],[105.30152,18.828652],[105.304852,18.831943],[105.31222,18.832925],[105.318129,18.838061],[105.322797,18.83484],[105.332312,18.833444],[105.336209,18.835455],[105.341622,18.835589],[105.344065,18.837659],[105.342733,18.842302],[105.344358,18.846525],[105.346761,18.847441],[105.346845,18.849404],[105.352978,18.849128],[105.354081,18.846071],[105.359205,18.844236],[105.358993,18.84195],[105.36208,18.841232],[105.36185,18.839188],[105.359588,18.839122],[105.371009,18.829795],[105.366128,18.828168],[105.371384,18.816189],[105.37456,18.812578],[105.37934,18.81172],[105.390588,18.799865],[105.392879,18.80017],[105.393989,18.795105],[105.398432,18.794116],[105.397758,18.791016],[105.400419,18.789125],[105.392733,18.782175],[105.388911,18.772896],[105.384467,18.772831],[105.377801,18.777534],[105.371996,18.776989],[105.370983,18.772557],[105.373819,18.771655],[105.373164,18.768343],[105.369867,18.769017],[105.370556,18.766251],[105.366439,18.762584],[105.370159,18.761648],[105.37066,18.759842],[105.367048,18.758902],[105.365299,18.754243],[105.361797,18.754828],[105.357418,18.751803],[105.351733,18.755484],[105.349604,18.75383],[105.347778,18.755743],[105.344181,18.756245],[105.329382,18.752732],[105.326872,18.749783],[105.324482,18.749567],[105.320499,18.751104],[105.31487,18.758536],[105.31446,18.76464],[105.316206,18.769496],[105.311934,18.77701],[105.303863,18.77863],[105.302844,18.781444],[105.299446,18.781119],[105.29775,18.782336],[105.298238,18.783814],[105.292451,18.786478],[105.277551,18.787263],[105.274423,18.793779],[105.279291,18.792275],[105.283099,18.79544],[105.288223,18.794754],[105.292109,18.796751],[105.29161,18.798974]]]}},{"type":"Feature","properties":{"code":"17416","name":"Xã Đức Châu","type":"Xã"},"geometry":{"type":"Polygon","coordinates":[[[105.582598,19.067477],[105.590899,19.062669],[105.591353,19.064699],[105.596386,19.063803],[105.595697,19.066304],[105.602288,19.064729],[105.601173,19.061931],[105.606941,19.06026],[105.607206,19.053088],[105.610808,19.050124],[105.606964,19.047431],[105.606463,19.042703],[105.607954,19.040899],[105.605641,19.03731],[105.609774,19.037324],[105.610303,19.034095],[105.612994,19.034447],[105.603988,19.018042],[105.598901,19.015939],[105.598315,19.018483],[105.596001,19.018007],[105.596086,19.015753],[105.59283,19.015833],[105.594141,19.010939],[105.5911,19.009462],[105.592446,19.005708],[105.591535,19.004123],[105.584244,19.001376],[105.58213,19.001924],[105.581846,19.003548],[105.577846,19.003671],[105.571779,19.010315],[105.570842,19.016195],[105.573222,19.015365],[105.574381,19.01863],[105.576248,19.018697],[105.576823,19.024729],[105.581445,19.02542],[105.57954,19.033233],[105.577663,19.033442],[105.576266,19.037118],[105.573933,19.037271],[105.572961,19.041984],[105.569839,19.042582],[105.573069,19.046825],[105.56938,19.047196],[105.569318,19.048389],[105.57312,19.049128],[105.572733,19.051889],[105.574874,19.051343],[105.576015,19.056055],[105.574746,19.056902],[105.577015,19.059304],[105.578355,19.067748],[105.582598,19.067477]]]}}]}