{"type":"FeatureCollection","features":[{"type":"Feature","properties":{"code":"18115","name":"Phường Bắc Hồng Lĩnh","type":"Phường"},"geometry":{"type":"Polygon","coordinates":[[[105.665766,18.561666],[105.669528,18.584326],[105.677292,18.5801],[105.680895,18.579918],[105.688729,18.593885],[105.691221,18.592401],[105.707573,18.594644],[105.714141,18.586444],[105.721891,18.586099],[105.722027,18.575987],[105.71938,18.563701],[105.720691,18.561295],[105.718839,18.560717],[105.719908,18.558081],[105.716703,18.553331],[105.718382,18.549534],[105.721261,18.549106],[105.719935,18.531829],[105.712047,18.533556],[105.706864,18.529986],[105.691936,18.527486],[105.688291,18.529423],[105.687605,18.527126],[105.685048,18.52801],[105.684899,18.531321],[105.681573,18.531491],[105.678811,18.533852],[105.675981,18.529253],[105.674808,18.534036],[105.664637,18.537627],[105.664855,18.541758],[105.668437,18.542361],[105.673869,18.547518],[105.673193,18.554276],[105.670604,18.55421],[105.666164,18.557224],[105.662043,18.556263],[105.660682,18.557276],[105.665766,18.561666]]]}},{"type":"Feature","properties":{"code":"18832","name":"Phường Hoành Sơn","type":"Phường"},"geometry":{"type":"Polygon","coordinates":[[[106.435554,18.058789],[106.438354,18.060139],[106.439525,18.057907],[106.436735,18.056567],[106.440043,18.050252],[106.452535,18.055914],[106.449053,18.051764],[106.445078,18.051386],[106.450419,18.050133],[106.452647,18.041962],[106.445028,18.038252],[106.44947,18.030033],[106.452621,18.029806],[106.453647,18.023132],[106.459997,18.010983],[106.4691,17.998428],[106.472787,17.997508],[106.477875,17.989696],[106.477074,17.989842],[106.476187,17.990997],[106.475572,17.991102],[106.476781,17.989599],[106.47991,17.988181],[106.482824,17.989279],[106.481519,17.987194],[106.482211,17.984096],[106.494248,17.966348],[106.493828,17.964269],[106.503769,17.964078],[106.510713,17.95991],[106.504872,17.96158],[106.495499,17.960619],[106.479295,17.953255],[106.473042,17.955818],[106.464943,17.95593],[106.450214,17.949547],[106.444652,17.951779],[106.444112,17.968934],[106.438833,17.969849],[106.435656,17.972825],[106.422801,17.9695],[106.417153,17.974711],[106.409952,17.972624],[106.400957,17.980143],[106.394589,18.016963],[106.404076,18.028249],[106.407475,18.028711],[106.406723,18.031127],[106.407937,18.032126],[106.426096,18.040099],[106.423803,18.048875],[106.421028,18.050152],[106.417958,18.049068],[106.413883,18.05622],[106.435413,18.067816],[106.437159,18.066179],[106.430851,18.063126],[106.432129,18.06071],[106.433378,18.062956],[106.435554,18.058789]]]}},{"type":"Feature","properties":{"code":"18652","name":"Phường Hà Huy Tập","type":"Phường"},"geometry":{"type":"Polygon","coordinates":[[[105.859471,18.341804],[105.861127,18.342072],[105.861483,18.338436],[105.86591,18.337268],[105.863859,18.335714],[105.868314,18.331353],[105.86758,18.330113],[105.87257,18.327049],[105.876844,18.32883],[105.882933,18.326752],[105.88706,18.329703],[105.897464,18.32516],[105.897735,18.323429],[105.904865,18.322231],[105.902844,18.320688],[105.906107,18.320675],[105.907281,18.315817],[105.905536,18.315671],[105.905773,18.311427],[105.904122,18.308201],[105.905598,18.302665],[105.911375,18.306116],[105.916066,18.302287],[105.921941,18.301849],[105.917421,18.296024],[105.919801,18.286281],[105.914309,18.283489],[105.916444,18.280518],[105.914169,18.275879],[105.911657,18.275375],[105.911333,18.276599],[105.908269,18.274655],[105.907908,18.276916],[105.905696,18.276432],[105.905279,18.281149],[105.901239,18.28258],[105.900845,18.279833],[105.898009,18.280993],[105.897058,18.279029],[105.894096,18.280244],[105.881633,18.277464],[105.878695,18.273733],[105.864065,18.280674],[105.865895,18.282951],[105.867803,18.282023],[105.873835,18.28993],[105.877182,18.292021],[105.876905,18.294355],[105.879799,18.295971],[105.878428,18.299465],[105.874157,18.299409],[105.871697,18.301323],[105.871229,18.303983],[105.865756,18.307038],[105.866892,18.308049],[105.864761,18.308745],[105.864659,18.311765],[105.862721,18.313372],[105.859089,18.31196],[105.856959,18.308914],[105.854908,18.308904],[105.853758,18.306551],[105.849649,18.305594],[105.836714,18.305493],[105.834885,18.307059],[105.844282,18.319625],[105.850489,18.323064],[105.851027,18.332344],[105.854359,18.331898],[105.856407,18.335891],[105.855329,18.337944],[105.857746,18.33938],[105.857628,18.34378],[105.859432,18.343939],[105.859471,18.341804]]]}},{"type":"Feature","properties":{"code":"18781","name":"Phường Hải Ninh","type":"Phường"},"geometry":{"type":"Polygon","coordinates":[[[106.306213,18.155835],[106.356018,18.11307],[106.35613,18.108501],[106.360866,18.105287],[106.364015,18.1085],[106.369363,18.107983],[106.372935,18.105735],[106.369394,18.103969],[106.3719,18.097848],[106.371123,18.095998],[106.355787,18.090676],[106.350529,18.086452],[106.349734,18.083277],[106.337364,18.078363],[106.337411,18.083133],[106.330701,18.085955],[106.32534,18.083709],[106.317822,18.085597],[106.315459,18.091616],[106.311452,18.087598],[106.305565,18.086199],[106.301519,18.088675],[106.301856,18.091716],[106.299565,18.093668],[106.295784,18.093601],[106.296368,18.097554],[106.291166,18.105454],[106.294325,18.106803],[106.296168,18.109992],[106.301055,18.110251],[106.304375,18.114351],[106.307549,18.11379],[106.307128,18.118737],[106.312055,18.123709],[106.310685,18.131146],[106.301314,18.135933],[106.296738,18.131996],[106.287601,18.132727],[106.285928,18.128913],[106.282909,18.130627],[106.283843,18.134021],[106.281716,18.134474],[106.28254,18.13779],[106.287988,18.140844],[106.293365,18.152035],[106.300035,18.150728],[106.306213,18.155835]]]}},{"type":"Feature","properties":{"code":"18118","name":"Phường Nam Hồng Lĩnh","type":"Phường"},"geometry":{"type":"Polygon","coordinates":[[[105.752682,18.555574],[105.754121,18.552479],[105.758914,18.553876],[105.76373,18.552097],[105.765938,18.550357],[105.765444,18.547518],[105.759034,18.545093],[105.750964,18.53806],[105.746865,18.529539],[105.749267,18.524313],[105.748262,18.511027],[105.742449,18.498691],[105.7384,18.494832],[105.736222,18.494132],[105.733108,18.496176],[105.731688,18.491489],[105.726883,18.489819],[105.724625,18.49179],[105.72087,18.490975],[105.717168,18.492759],[105.711892,18.491105],[105.706736,18.496633],[105.700451,18.488111],[105.697943,18.487498],[105.693641,18.489115],[105.688626,18.497972],[105.687706,18.496978],[105.686211,18.498164],[105.684744,18.496258],[105.682532,18.497163],[105.681087,18.495289],[105.682509,18.505491],[105.678655,18.506852],[105.679993,18.511626],[105.676722,18.512136],[105.679841,18.523011],[105.687345,18.523872],[105.688291,18.529423],[105.691936,18.527486],[105.6981,18.528071],[105.698966,18.529643],[105.709554,18.530782],[105.712118,18.533565],[105.719935,18.531829],[105.722165,18.546317],[105.730225,18.545012],[105.731141,18.548198],[105.736228,18.547614],[105.739737,18.551268],[105.743565,18.551532],[105.744344,18.553813],[105.74864,18.552508],[105.748768,18.555383],[105.752682,18.555574]]]}},{"type":"Feature","properties":{"code":"18754","name":"Phường Sông Trí","type":"Phường"},"geometry":{"type":"Polygon","coordinates":[[[106.349142,18.08297],[106.353064,18.089088],[106.369157,18.09556],[106.376063,18.089862],[106.366465,18.079243],[106.367282,18.074856],[106.36412,18.072069],[106.366836,18.067925],[106.36152,18.061348],[106.356746,18.049636],[106.354873,18.043327],[106.357285,18.040095],[106.355051,18.036538],[106.353092,18.019398],[106.35092,18.017102],[106.350701,18.012943],[106.344288,18.000309],[106.341785,17.991653],[106.33606,17.991559],[106.320247,17.998856],[106.309856,17.996766],[106.30022,17.998318],[106.295298,17.995782],[106.299309,18.015831],[106.295511,18.018101],[106.296549,18.026946],[106.292778,18.029167],[106.291842,18.032335],[106.289821,18.03068],[106.287425,18.031025],[106.287793,18.034418],[106.285337,18.039449],[106.28722,18.048193],[106.289511,18.050719],[106.289565,18.056753],[106.287812,18.058677],[106.291973,18.062087],[106.292052,18.064225],[106.29028,18.07088],[106.28743,18.072696],[106.287594,18.074239],[106.286213,18.07315],[106.282504,18.074531],[106.284355,18.075673],[106.284128,18.078568],[106.287083,18.079979],[106.286035,18.087611],[106.297026,18.094249],[106.301733,18.091963],[106.301519,18.088675],[106.305565,18.086199],[106.311452,18.087598],[106.315284,18.091624],[106.317822,18.085597],[106.32534,18.083709],[106.331805,18.085528],[106.337743,18.082836],[106.337364,18.078363],[106.349142,18.08297]]]}},{"type":"Feature","properties":{"code":"18073","name":"Phường Thành Sen","type":"Phường"},"geometry":{"type":"Polygon","coordinates":[[[105.935097,18.367709],[105.93091,18.359497],[105.936809,18.356746],[105.938469,18.352288],[105.931844,18.350833],[105.924999,18.354311],[105.924005,18.350108],[105.925888,18.345966],[105.92037,18.344181],[105.919103,18.341694],[105.923565,18.334903],[105.928128,18.337511],[105.933916,18.335044],[105.933923,18.333153],[105.930652,18.330755],[105.935839,18.328604],[105.936139,18.326403],[105.930331,18.320677],[105.928358,18.316352],[105.921174,18.319924],[105.91262,18.319615],[105.918803,18.31265],[105.917164,18.30948],[105.907607,18.309687],[105.904122,18.308201],[105.905773,18.311427],[105.905536,18.315671],[105.907278,18.315676],[105.906107,18.320675],[105.902844,18.320688],[105.904865,18.322231],[105.897735,18.323429],[105.897464,18.32516],[105.88706,18.329703],[105.882933,18.326752],[105.876844,18.32883],[105.873019,18.326865],[105.86758,18.330113],[105.868314,18.331353],[105.86377,18.336044],[105.86591,18.337268],[105.861483,18.338436],[105.860703,18.340307],[105.861066,18.345577],[105.863094,18.345635],[105.861463,18.34392],[105.862862,18.343268],[105.864297,18.347546],[105.867465,18.348191],[105.867861,18.351365],[105.871643,18.352448],[105.870002,18.354875],[105.871932,18.356177],[105.870045,18.358071],[105.874013,18.359282],[105.876157,18.353565],[105.88302,18.351298],[105.884776,18.353483],[105.885658,18.352405],[105.886524,18.355439],[105.887976,18.355236],[105.889874,18.362661],[105.89834,18.360385],[105.897137,18.364748],[105.901627,18.370472],[105.904569,18.370211],[105.91038,18.36386],[105.913195,18.365271],[105.920214,18.364592],[105.920681,18.363258],[105.921323,18.364711],[105.924876,18.363854],[105.924754,18.366787],[105.930074,18.367423],[105.931791,18.370695],[105.935097,18.367709]]]}},{"type":"Feature","properties":{"code":"18100","name":"Phường Trần Phú","type":"Phường"},"geometry":{"type":"Polygon","coordinates":[[[105.895727,18.41862],[105.904909,18.414969],[105.906007,18.417769],[105.912986,18.410899],[105.902701,18.401098],[105.907229,18.394279],[105.910451,18.393632],[105.914835,18.396557],[105.918594,18.396855],[105.930782,18.390311],[105.931604,18.385782],[105.929285,18.376463],[105.931791,18.370695],[105.930074,18.367423],[105.924754,18.366787],[105.924876,18.363854],[105.921323,18.364711],[105.920681,18.363258],[105.920214,18.364592],[105.913195,18.365271],[105.91038,18.36386],[105.904569,18.370211],[105.901627,18.370472],[105.897137,18.364748],[105.89834,18.360385],[105.889874,18.362661],[105.887976,18.355236],[105.886524,18.355439],[105.885658,18.352405],[105.884776,18.353483],[105.881217,18.351095],[105.876157,18.353565],[105.874013,18.359282],[105.870045,18.358071],[105.867724,18.362467],[105.869017,18.365656],[105.865145,18.36761],[105.868951,18.372455],[105.872964,18.374002],[105.876242,18.377604],[105.875881,18.379048],[105.871317,18.379951],[105.870735,18.385154],[105.880789,18.398379],[105.877127,18.403833],[105.872635,18.406778],[105.880072,18.41095],[105.880713,18.409557],[105.882061,18.410111],[105.895727,18.41862]]]}},{"type":"Feature","properties":{"code":"18823","name":"Phường Vũng Áng","type":"Phường"},"geometry":{"type":"MultiPolygon","coordinates":[[[[106.371914,18.097771],[106.369394,18.103969],[106.37609,18.106145],[106.375236,18.105567],[106.375451,18.104288],[106.379534,18.107093],[106.37989,18.103604],[106.389272,18.099715],[106.399682,18.098724],[106.407186,18.101036],[106.407022,18.099588],[106.408704,18.107288],[106.406963,18.10809],[106.408058,18.110829],[106.405499,18.111577],[106.409298,18.113998],[106.409499,18.118019],[106.412895,18.122434],[106.420123,18.125738],[106.421508,18.125441],[106.42253,18.121044],[106.435179,18.122176],[106.433343,18.116897],[106.420711,18.102615],[106.423524,18.096225],[106.4207,18.092036],[106.421115,18.09039],[106.43451,18.067382],[106.413862,18.056061],[106.417958,18.049068],[106.421028,18.050152],[106.423803,18.048875],[106.426096,18.040099],[106.40685,18.031318],[106.407475,18.028711],[106.404076,18.028249],[106.394141,18.015699],[106.400388,17.981699],[106.387033,17.982443],[106.381158,17.986043],[106.37535,17.985329],[106.360962,17.990932],[106.349313,17.98889],[106.341785,17.991653],[106.344288,18.000309],[106.350701,18.012943],[106.35092,18.017102],[106.353092,18.019398],[106.355051,18.036538],[106.357285,18.040095],[106.354873,18.043327],[106.356746,18.049636],[106.36152,18.061348],[106.366836,18.067925],[106.36412,18.072069],[106.367282,18.074856],[106.366465,18.079243],[106.376063,18.089862],[106.370771,18.095701],[106.371914,18.097771]]],[[[106.451916,18.100099],[106.454599,18.103193],[106.463284,18.106657],[106.464261,18.101928],[106.451916,18.100099]]]]}},{"type":"Feature","properties":{"code":"18406","name":"Xã Can Lộc","type":"Xã"},"geometry":{"type":"Polygon","coordinates":[[[105.784684,18.546805],[105.790342,18.546477],[105.78933,18.538112],[105.791739,18.536432],[105.78863,18.530119],[105.784668,18.527534],[105.783261,18.522489],[105.788383,18.513712],[105.787878,18.507373],[105.786362,18.506849],[105.789905,18.504381],[105.790132,18.499012],[105.786726,18.496081],[105.785137,18.481709],[105.781469,18.478568],[105.783369,18.477394],[105.783745,18.473821],[105.787744,18.471451],[105.7879,18.46682],[105.784413,18.463438],[105.786729,18.459023],[105.788827,18.457675],[105.793509,18.459485],[105.79482,18.458511],[105.790587,18.452362],[105.795503,18.451654],[105.793495,18.448315],[105.794092,18.445821],[105.799507,18.442145],[105.80247,18.447804],[105.805673,18.444845],[105.810754,18.444852],[105.813009,18.44268],[105.81237,18.440962],[105.807769,18.440809],[105.80658,18.439322],[105.804986,18.433841],[105.806023,18.430207],[105.803457,18.42781],[105.807752,18.426994],[105.809115,18.424464],[105.804166,18.421879],[105.80369,18.41731],[105.792303,18.424992],[105.7888,18.424571],[105.787449,18.430279],[105.780977,18.431112],[105.77675,18.434941],[105.776873,18.436652],[105.774826,18.437086],[105.774137,18.435597],[105.772505,18.442548],[105.766575,18.439367],[105.769962,18.433589],[105.761602,18.434523],[105.760873,18.431602],[105.759127,18.435196],[105.756239,18.433748],[105.75038,18.44761],[105.752002,18.454891],[105.749275,18.455519],[105.747804,18.457093],[105.74855,18.458409],[105.743906,18.459525],[105.738136,18.45656],[105.737319,18.459888],[105.733229,18.457989],[105.730981,18.46146],[105.726842,18.46306],[105.724842,18.46214],[105.729732,18.474178],[105.724463,18.481682],[105.723889,18.485176],[105.730717,18.489266],[105.732572,18.492538],[105.732055,18.495674],[105.737084,18.494086],[105.739715,18.495976],[105.746875,18.507057],[105.749305,18.523548],[105.746865,18.529539],[105.750964,18.53806],[105.759034,18.545093],[105.765298,18.546901],[105.765968,18.550146],[105.769651,18.551506],[105.775376,18.550771],[105.784684,18.546805]]]}},{"type":"Feature","properties":{"code":"18685","name":"Xã Cẩm Bình","type":"Xã"},"geometry":{"type":"Polygon","coordinates":[[[105.936182,18.327835],[105.941505,18.324993],[105.943201,18.326599],[105.943347,18.323004],[105.94121,18.320495],[105.943397,18.318063],[105.94242,18.316672],[105.948918,18.315794],[105.952239,18.318888],[105.957236,18.320084],[105.958285,18.317001],[105.969588,18.316669],[105.972488,18.311886],[105.986451,18.299788],[105.983093,18.293804],[105.977235,18.292356],[105.974456,18.293846],[105.970981,18.288866],[105.968491,18.289743],[105.970177,18.287446],[105.968487,18.287677],[105.967268,18.28474],[105.963812,18.284837],[105.961553,18.282323],[105.963728,18.280121],[105.9614,18.278571],[105.963027,18.277374],[105.958322,18.271967],[105.960266,18.270383],[105.960839,18.265655],[105.965052,18.264472],[105.965074,18.261991],[105.962099,18.260343],[105.963566,18.257676],[105.949363,18.257986],[105.947403,18.262292],[105.944237,18.264474],[105.944725,18.269685],[105.940344,18.272141],[105.935944,18.268523],[105.932659,18.27051],[105.930352,18.266748],[105.926272,18.276296],[105.921683,18.279035],[105.919603,18.290659],[105.917239,18.293144],[105.917583,18.296475],[105.921997,18.301777],[105.916066,18.302287],[105.911375,18.306116],[105.906628,18.302483],[105.904285,18.30442],[105.906152,18.309469],[105.918046,18.310258],[105.918714,18.312838],[105.912999,18.317682],[105.912827,18.319798],[105.92232,18.319671],[105.928358,18.316352],[105.930331,18.320677],[105.935183,18.32437],[105.936182,18.327835]]]}},{"type":"Feature","properties":{"code":"18739","name":"Xã Cẩm Duệ","type":"Xã"},"geometry":{"type":"Polygon","coordinates":[[[105.919801,18.286281],[105.921683,18.279035],[105.926272,18.276296],[105.930352,18.266748],[105.932659,18.27051],[105.935944,18.268523],[105.940478,18.272098],[105.944725,18.269685],[105.944237,18.264474],[105.947403,18.262292],[105.949363,18.257986],[105.954259,18.257306],[105.952878,18.253187],[105.953654,18.246764],[105.955145,18.246608],[105.953907,18.232343],[105.953099,18.228741],[105.94985,18.226745],[105.951492,18.223592],[105.949742,18.2213],[105.953956,18.214675],[105.952785,18.209506],[105.970196,18.195789],[105.972174,18.189287],[105.960774,18.183225],[105.965693,18.175697],[105.969537,18.173503],[105.967534,18.167506],[105.963283,18.167259],[105.96386,18.164797],[105.962544,18.163674],[105.964093,18.1608],[105.976127,18.152673],[105.982756,18.144274],[105.990159,18.14094],[105.989923,18.13785],[105.992794,18.135294],[105.995548,18.127217],[105.993823,18.12231],[106.000724,18.115369],[106.004713,18.108606],[106.00456,18.099783],[106.000622,18.090405],[105.992005,18.086646],[105.988486,18.081134],[105.985101,18.079729],[105.983239,18.07477],[105.986575,18.070769],[105.98853,18.07084],[105.988128,18.066158],[105.986261,18.063714],[105.982677,18.064337],[105.975072,18.062126],[105.968157,18.054966],[105.964042,18.056554],[105.9633,18.059515],[105.950451,18.058261],[105.949352,18.063125],[105.950379,18.065984],[105.947218,18.069086],[105.946112,18.072992],[105.935751,18.083184],[105.934404,18.088055],[105.925295,18.094716],[105.922902,18.101317],[105.917866,18.103497],[105.91725,18.108347],[105.913826,18.114377],[105.904724,18.118534],[105.903728,18.122041],[105.893869,18.125276],[105.890469,18.128931],[105.890222,18.132799],[105.887313,18.136094],[105.883583,18.136671],[105.879871,18.141473],[105.87266,18.139735],[105.86685,18.13617],[105.865003,18.138237],[105.859892,18.137537],[105.855799,18.141214],[105.854699,18.14768],[105.864753,18.155154],[105.859302,18.171198],[105.860107,18.172607],[105.872121,18.181477],[105.882475,18.185912],[105.879689,18.195828],[105.880683,18.198042],[105.876843,18.202375],[105.875836,18.20659],[105.877926,18.217711],[105.880444,18.218619],[105.882723,18.22244],[105.884979,18.221129],[105.886175,18.223133],[105.890667,18.224479],[105.89093,18.231298],[105.893212,18.23361],[105.888382,18.242701],[105.896895,18.249053],[105.895853,18.250836],[105.900547,18.254728],[105.898745,18.256152],[105.900083,18.258579],[105.901853,18.258073],[105.908731,18.262501],[105.912195,18.259718],[105.919619,18.267531],[105.912224,18.272752],[105.913793,18.273331],[105.913092,18.275386],[105.916444,18.280518],[105.914309,18.283489],[105.919801,18.286281]]]}},{"type":"Feature","properties":{"code":"18736","name":"Xã Cẩm Hưng","type":"Xã"},"geometry":{"type":"Polygon","coordinates":[[[106.037087,18.246913],[106.039855,18.248451],[106.043719,18.246765],[106.045357,18.252128],[106.048136,18.249547],[106.051905,18.25046],[106.051456,18.246691],[106.054098,18.242702],[106.058624,18.243622],[106.063384,18.240621],[106.066621,18.24138],[106.069732,18.247581],[106.075138,18.246816],[106.08521,18.249041],[106.087666,18.247986],[106.088382,18.244154],[106.082022,18.240359],[106.081977,18.237992],[106.084241,18.23557],[106.080741,18.234005],[106.08162,18.227384],[106.083121,18.227756],[106.083828,18.225515],[106.082301,18.224221],[106.083373,18.222408],[106.079858,18.222761],[106.07693,18.225751],[106.074653,18.225398],[106.074761,18.223858],[106.068746,18.224214],[106.06784,18.226619],[106.059648,18.229243],[106.052144,18.214366],[106.044877,18.186987],[106.040026,18.183632],[106.040086,18.17943],[106.043079,18.174347],[106.040457,18.170368],[106.040348,18.165037],[106.037957,18.162875],[106.043331,18.155159],[106.041004,18.147396],[106.046959,18.140051],[106.03728,18.13277],[106.042621,18.126458],[106.036198,18.121073],[106.038154,18.118809],[106.036768,18.116],[106.038058,18.107074],[106.04124,18.104776],[106.041208,18.094459],[106.043307,18.090915],[106.037961,18.087304],[106.037736,18.078553],[106.033922,18.078227],[106.034657,18.076199],[106.032939,18.074088],[106.028581,18.073625],[106.029688,18.072879],[106.027408,18.07191],[106.028783,18.069725],[106.0268,18.065948],[106.022343,18.064401],[106.021289,18.060086],[106.022279,18.058723],[106.025592,18.059011],[106.024595,18.051264],[106.022643,18.048302],[106.023705,18.046241],[106.019334,18.044769],[106.016968,18.046388],[106.014689,18.044636],[106.014165,18.042619],[106.017701,18.040038],[106.015795,18.034359],[105.998581,18.049707],[105.994831,18.051036],[105.992673,18.057722],[105.986144,18.062786],[105.98853,18.07084],[105.986575,18.070769],[105.983239,18.07477],[105.985101,18.079729],[105.988486,18.081134],[105.992005,18.086646],[106.000622,18.090405],[106.005014,18.102756],[106.004713,18.108606],[106.000724,18.115369],[105.993823,18.12231],[105.995548,18.127217],[105.992794,18.135294],[105.989923,18.13785],[105.990159,18.14094],[105.995965,18.134216],[105.998255,18.137038],[106.000214,18.136501],[105.999962,18.139085],[106.002399,18.138133],[106.005258,18.139523],[106.007389,18.144818],[106.004797,18.155156],[106.008841,18.164111],[106.015596,18.170613],[106.013864,18.173051],[106.015072,18.176923],[106.013571,18.184078],[106.010057,18.187015],[106.008388,18.192667],[106.001843,18.199467],[106.00201,18.205319],[105.995315,18.211258],[105.994002,18.2155],[105.998994,18.216025],[106.004035,18.223444],[106.004377,18.226933],[106.007089,18.227692],[106.008156,18.233372],[106.00695,18.233768],[106.00783,18.237573],[106.006217,18.241769],[106.013722,18.240896],[106.013024,18.246531],[106.01479,18.246829],[106.017815,18.24401],[106.02131,18.246929],[106.022579,18.250261],[106.027827,18.246261],[106.026061,18.251879],[106.027184,18.254535],[106.03023,18.255645],[106.032866,18.254885],[106.032893,18.252003],[106.037087,18.246913]]]}},{"type":"Feature","properties":{"code":"18748","name":"Xã Cẩm Lạc","type":"Xã"},"geometry":{"type":"Polygon","coordinates":[[[106.137996,18.190184],[106.136882,18.174123],[106.140535,18.164726],[106.139442,18.160039],[106.143194,18.148322],[106.133825,18.129695],[106.133445,18.121967],[106.130712,18.118681],[106.125237,18.117246],[106.12226,18.11988],[106.114518,18.117882],[106.10904,18.124388],[106.105834,18.119998],[106.098232,18.116767],[106.0896,18.12179],[106.084247,18.120411],[106.079753,18.110137],[106.074043,18.105036],[106.07209,18.098588],[106.06322,18.09955],[106.054785,18.090283],[106.051435,18.090138],[106.046591,18.092577],[106.043307,18.090915],[106.041208,18.094459],[106.04124,18.104776],[106.038058,18.107074],[106.036768,18.116],[106.038154,18.118809],[106.036198,18.121073],[106.042621,18.126458],[106.03728,18.13277],[106.046959,18.140051],[106.041004,18.147396],[106.043331,18.155159],[106.037957,18.162875],[106.040348,18.165037],[106.040457,18.170368],[106.043079,18.174347],[106.040086,18.17943],[106.040026,18.183632],[106.044877,18.186987],[106.052144,18.214366],[106.059648,18.229243],[106.06784,18.226619],[106.068746,18.224214],[106.074761,18.223858],[106.074653,18.225398],[106.07693,18.225751],[106.079858,18.222761],[106.08439,18.221906],[106.084235,18.217077],[106.08163,18.216845],[106.080964,18.213578],[106.082515,18.209248],[106.095755,18.212372],[106.098979,18.210221],[106.101131,18.211849],[106.110497,18.208509],[106.117616,18.210042],[106.127631,18.205451],[106.131302,18.196551],[106.135331,18.193523],[106.134558,18.191492],[106.137996,18.190184]]]}},{"type":"Feature","properties":{"code":"18742","name":"Xã Cẩm Trung","type":"Xã"},"geometry":{"type":"Polygon","coordinates":[[[106.152294,18.268203],[106.152188,18.257422],[106.14669,18.254611],[106.145634,18.243588],[106.141458,18.241627],[106.138372,18.237694],[106.133066,18.236438],[106.125989,18.229362],[106.126715,18.224214],[106.133054,18.218142],[106.127627,18.214495],[106.127795,18.211672],[106.12562,18.209714],[106.127572,18.204882],[106.117616,18.210042],[106.110497,18.208509],[106.101131,18.211849],[106.098979,18.210221],[106.095755,18.212372],[106.082515,18.209248],[106.080964,18.213578],[106.08163,18.216845],[106.084235,18.217077],[106.08439,18.221906],[106.082403,18.223637],[106.083828,18.225515],[106.083121,18.227756],[106.08162,18.227384],[106.080741,18.234005],[106.084241,18.23557],[106.081977,18.237992],[106.082022,18.240359],[106.088137,18.243509],[106.087666,18.247986],[106.091,18.246909],[106.093895,18.249007],[106.093747,18.259472],[106.098651,18.258439],[106.110004,18.260336],[106.11412,18.259638],[106.118275,18.262289],[106.122934,18.260561],[106.122343,18.26647],[106.132062,18.266382],[106.133784,18.267611],[106.141037,18.26594],[106.145532,18.267527],[106.15118,18.266746],[106.152294,18.268203]]]}},{"type":"Feature","properties":{"code":"18673","name":"Xã Cẩm Xuyên","type":"Xã"},"geometry":{"type":"Polygon","coordinates":[[[105.986451,18.299788],[105.996208,18.293242],[105.998223,18.295017],[106.000954,18.292741],[106.004157,18.292855],[106.007644,18.288308],[106.012226,18.286607],[106.014552,18.288506],[106.01827,18.28186],[106.015878,18.279895],[106.01664,18.278709],[106.009776,18.275126],[106.00849,18.272395],[106.009446,18.270134],[106.011819,18.270204],[106.0153,18.267601],[106.015843,18.262749],[106.014395,18.262344],[106.01368,18.259064],[106.016002,18.250323],[106.01479,18.246829],[106.012708,18.245596],[106.014497,18.241784],[106.012979,18.240755],[106.006164,18.241715],[106.00783,18.237573],[106.00695,18.233768],[106.008156,18.233372],[106.007089,18.227692],[106.004377,18.226933],[106.004035,18.223444],[105.998994,18.216025],[105.994002,18.2155],[105.995315,18.211258],[106.00201,18.205319],[106.001843,18.199467],[106.008388,18.192667],[106.010057,18.187015],[106.013571,18.184078],[106.015072,18.176923],[106.013864,18.173051],[106.015596,18.170613],[106.008841,18.164111],[106.004797,18.155156],[106.007389,18.144818],[106.005258,18.139523],[106.002399,18.138133],[105.999962,18.139085],[106.000214,18.136501],[105.998255,18.137038],[105.995965,18.134216],[105.990159,18.14094],[105.982756,18.144274],[105.976127,18.152673],[105.964093,18.1608],[105.962544,18.163674],[105.96386,18.164797],[105.963283,18.167259],[105.967534,18.167506],[105.969537,18.173503],[105.965693,18.175697],[105.960774,18.183225],[105.972138,18.189513],[105.970196,18.195789],[105.95666,18.207631],[105.953214,18.208423],[105.953956,18.214675],[105.949742,18.2213],[105.951492,18.223592],[105.949881,18.226874],[105.953099,18.228741],[105.953907,18.232343],[105.955145,18.246608],[105.953654,18.246764],[105.952878,18.253187],[105.954356,18.257621],[105.963566,18.257676],[105.962099,18.260343],[105.965325,18.263058],[105.964733,18.26477],[105.960839,18.265655],[105.960266,18.270383],[105.958322,18.271967],[105.963027,18.277374],[105.9614,18.278571],[105.963728,18.280121],[105.961553,18.282323],[105.963812,18.284837],[105.967268,18.28474],[105.968487,18.287677],[105.970177,18.287446],[105.968491,18.289743],[105.970981,18.288866],[105.974456,18.293846],[105.977235,18.292356],[105.983093,18.293804],[105.986451,18.299788]]]}},{"type":"Feature","properties":{"code":"18394","name":"Xã Cổ Đạm","type":"Xã"},"geometry":{"type":"Polygon","coordinates":[[[105.813184,18.628751],[105.830618,18.591352],[105.830051,18.590071],[105.864912,18.532577],[105.864599,18.528039],[105.865934,18.528252],[105.859904,18.523394],[105.852767,18.524847],[105.844152,18.531464],[105.8425,18.533501],[105.840322,18.544995],[105.836655,18.545557],[105.833813,18.544113],[105.825818,18.545633],[105.814888,18.541739],[105.808008,18.547328],[105.785904,18.546256],[105.775376,18.550771],[105.769651,18.551506],[105.765968,18.550146],[105.763473,18.552167],[105.760776,18.581116],[105.762601,18.590702],[105.764419,18.591087],[105.769005,18.598289],[105.769668,18.600726],[105.768339,18.601879],[105.779858,18.605064],[105.78205,18.611815],[105.787784,18.605616],[105.7892,18.605919],[105.79041,18.607305],[105.789521,18.610293],[105.792743,18.612288],[105.790908,18.61749],[105.798296,18.618814],[105.798156,18.621067],[105.800096,18.622537],[105.813184,18.628751]]]}},{"type":"Feature","properties":{"code":"18466","name":"Xã Gia Hanh","type":"Xã"},"geometry":{"type":"Polygon","coordinates":[[[105.71309,18.490822],[105.717168,18.492759],[105.72087,18.490975],[105.724625,18.49179],[105.726883,18.489819],[105.731688,18.491489],[105.728742,18.487429],[105.723841,18.484985],[105.724497,18.481619],[105.729732,18.474178],[105.724842,18.46214],[105.726842,18.46306],[105.730981,18.46146],[105.733229,18.457989],[105.737319,18.459888],[105.738136,18.45656],[105.743906,18.459525],[105.74855,18.458409],[105.747804,18.457093],[105.749275,18.455519],[105.752002,18.454891],[105.75038,18.44761],[105.753002,18.440135],[105.749144,18.437746],[105.748239,18.431272],[105.74602,18.430633],[105.741069,18.429935],[105.737619,18.431658],[105.737227,18.43406],[105.729943,18.43148],[105.729017,18.437507],[105.725489,18.436586],[105.72446,18.435078],[105.725517,18.434292],[105.722311,18.43093],[105.719199,18.431128],[105.717331,18.429246],[105.712984,18.430739],[105.713088,18.427654],[105.709939,18.42745],[105.708553,18.428967],[105.706346,18.427918],[105.702653,18.430536],[105.702393,18.428639],[105.700559,18.429028],[105.700028,18.424786],[105.693804,18.42112],[105.694025,18.419456],[105.69083,18.416033],[105.684406,18.41426],[105.684165,18.409735],[105.678176,18.408401],[105.675351,18.403618],[105.677188,18.400909],[105.671289,18.395251],[105.675038,18.389946],[105.673063,18.387723],[105.673689,18.384541],[105.670644,18.380899],[105.669009,18.374815],[105.662962,18.37114],[105.652296,18.381901],[105.650015,18.38662],[105.646867,18.387949],[105.660743,18.412309],[105.663279,18.413723],[105.670014,18.41279],[105.671229,18.411202],[105.6732,18.412211],[105.679535,18.423644],[105.68088,18.428738],[105.678796,18.432674],[105.680218,18.432763],[105.683445,18.440868],[105.685037,18.441505],[105.684346,18.445158],[105.686488,18.447327],[105.685492,18.450778],[105.695592,18.453187],[105.692332,18.465518],[105.696665,18.470593],[105.6959,18.473011],[105.699075,18.47355],[105.701436,18.478928],[105.700634,18.480911],[105.69843,18.481358],[105.698152,18.484773],[105.706108,18.496455],[105.71309,18.490822]]]}},{"type":"Feature","properties":{"code":"18502","name":"Xã Hà Linh","type":"Xã"},"geometry":{"type":"Polygon","coordinates":[[[105.604452,18.326369],[105.611757,18.327302],[105.611751,18.329275],[105.614845,18.329695],[105.615938,18.334173],[105.618317,18.335686],[105.619096,18.340043],[105.616268,18.343023],[105.610885,18.344086],[105.610239,18.347557],[105.615709,18.363156],[105.621921,18.368844],[105.62514,18.376463],[105.625092,18.381944],[105.633509,18.386504],[105.636698,18.393299],[105.649631,18.386968],[105.654961,18.379068],[105.667641,18.368113],[105.678447,18.365731],[105.691778,18.35656],[105.721733,18.349675],[105.72872,18.344209],[105.730489,18.344584],[105.733646,18.341214],[105.733604,18.33913],[105.736602,18.337551],[105.733911,18.328165],[105.752943,18.320143],[105.761082,18.314275],[105.759046,18.308045],[105.756013,18.306208],[105.751059,18.297471],[105.742952,18.297843],[105.741372,18.299177],[105.736272,18.297472],[105.735478,18.294051],[105.726317,18.287999],[105.726388,18.283444],[105.719602,18.281648],[105.719223,18.275875],[105.714245,18.276316],[105.711022,18.272035],[105.705088,18.269651],[105.705048,18.266492],[105.700137,18.263008],[105.695737,18.267655],[105.676289,18.267131],[105.672008,18.270312],[105.671323,18.272724],[105.668556,18.272373],[105.666094,18.277466],[105.653336,18.282868],[105.64475,18.284109],[105.636881,18.290218],[105.636056,18.288521],[105.639444,18.284471],[105.6358,18.279606],[105.631048,18.282155],[105.626002,18.279046],[105.619988,18.286981],[105.614258,18.285155],[105.606862,18.289039],[105.605419,18.294477],[105.598486,18.302237],[105.594054,18.30188],[105.588213,18.304887],[105.590558,18.309815],[105.59003,18.313751],[105.592612,18.315374],[105.591148,18.317589],[105.591663,18.331571],[105.595657,18.332435],[105.599065,18.3299],[105.603315,18.331961],[105.604452,18.326369]]]}},{"type":"Feature","properties":{"code":"18523","name":"Xã Hương Bình","type":"Xã"},"geometry":{"type":"Polygon","coordinates":[[[105.587238,18.312502],[105.59003,18.313751],[105.590712,18.311989],[105.588541,18.304169],[105.594054,18.30188],[105.598062,18.302573],[105.605419,18.294477],[105.606862,18.289039],[105.614258,18.285155],[105.619988,18.286981],[105.626002,18.279046],[105.631048,18.282155],[105.6358,18.279606],[105.639444,18.284471],[105.636056,18.288521],[105.636881,18.290218],[105.64475,18.284109],[105.653336,18.282868],[105.666094,18.277466],[105.668556,18.272373],[105.671323,18.272724],[105.672314,18.269992],[105.678034,18.266465],[105.679635,18.260342],[105.664319,18.245248],[105.664968,18.237755],[105.662125,18.237391],[105.657019,18.23314],[105.657742,18.22965],[105.663882,18.221417],[105.658018,18.218091],[105.657033,18.212467],[105.653563,18.210363],[105.65018,18.212238],[105.648292,18.21017],[105.647357,18.210872],[105.646151,18.207372],[105.642977,18.207218],[105.64135,18.204361],[105.636912,18.205055],[105.636249,18.206674],[105.631173,18.204244],[105.626637,18.205266],[105.621771,18.209034],[105.613407,18.207995],[105.609546,18.204199],[105.604936,18.204187],[105.59799,18.209446],[105.587019,18.211043],[105.57609,18.205898],[105.563563,18.204893],[105.56157,18.2035],[105.548965,18.205416],[105.5441,18.207618],[105.538564,18.207516],[105.535613,18.205306],[105.524268,18.202537],[105.518155,18.204351],[105.507024,18.193004],[105.502199,18.191922],[105.49892,18.188969],[105.493471,18.176592],[105.489477,18.175955],[105.486336,18.183466],[105.489206,18.192926],[105.493159,18.197308],[105.493729,18.200442],[105.491575,18.202753],[105.485555,18.200616],[105.484474,18.19796],[105.480577,18.195932],[105.474965,18.199084],[105.470063,18.198995],[105.467516,18.201908],[105.461319,18.203205],[105.459717,18.205145],[105.453018,18.202203],[105.451557,18.206895],[105.455665,18.210883],[105.456098,18.223973],[105.461643,18.234222],[105.46206,18.240961],[105.464229,18.243499],[105.46749,18.253756],[105.466146,18.258985],[105.468453,18.262656],[105.479122,18.26737],[105.47915,18.270838],[105.48208,18.273455],[105.482072,18.277287],[105.485997,18.280129],[105.484795,18.282063],[105.487213,18.285052],[105.485647,18.286957],[105.486217,18.289395],[105.489027,18.291552],[105.490265,18.302256],[105.493636,18.306696],[105.502444,18.302882],[105.504567,18.305112],[105.507259,18.303669],[105.516169,18.307464],[105.530044,18.306048],[105.533954,18.304067],[105.53879,18.304637],[105.549215,18.29439],[105.557081,18.295321],[105.559767,18.297958],[105.559188,18.302459],[105.562234,18.304236],[105.564476,18.308164],[105.57346,18.306102],[105.575035,18.308422],[105.580769,18.310427],[105.583046,18.313803],[105.587238,18.312502]]]}},{"type":"Feature","properties":{"code":"18496","name":"Xã Hương Khê","type":"Xã"},"geometry":{"type":"Polygon","coordinates":[[[105.693913,18.15936],[105.685325,18.171713],[105.680844,18.169066],[105.677092,18.175329],[105.668569,18.17793],[105.664018,18.175294],[105.657833,18.177453],[105.653706,18.176182],[105.649087,18.177201],[105.643627,18.172837],[105.646774,18.170437],[105.641801,18.165855],[105.633639,18.166866],[105.630103,18.170589],[105.625792,18.165125],[105.627458,18.16281],[105.63026,18.163086],[105.628168,18.159913],[105.629465,18.159606],[105.628,18.157513],[105.62901,18.156407],[105.625009,18.154249],[105.626732,18.152578],[105.62517,18.150888],[105.622088,18.151239],[105.622185,18.147894],[105.6193,18.148779],[105.618122,18.146539],[105.618235,18.147742],[105.617237,18.148187],[105.61679,18.144765],[105.608255,18.144992],[105.612672,18.14181],[105.612247,18.139088],[105.607407,18.135071],[105.604436,18.129408],[105.597574,18.125773],[105.591999,18.112119],[105.586504,18.109975],[105.573021,18.098946],[105.56865,18.086025],[105.559052,18.080556],[105.554828,18.080263],[105.552048,18.08212],[105.544434,18.080541],[105.539344,18.084095],[105.539906,18.097137],[105.538525,18.102145],[105.539719,18.105133],[105.536353,18.108421],[105.535657,18.113918],[105.528067,18.119267],[105.521693,18.126347],[105.513545,18.124527],[105.511325,18.119405],[105.506088,18.124004],[105.506204,18.126588],[105.503591,18.128764],[105.50343,18.133494],[105.506766,18.135111],[105.503557,18.140614],[105.506211,18.144915],[105.510262,18.146269],[105.512912,18.149696],[105.511004,18.152705],[105.511538,18.157222],[105.507947,18.168378],[105.504318,18.172558],[105.505886,18.175177],[105.505623,18.179076],[105.501886,18.188227],[105.500038,18.189344],[105.502199,18.191922],[105.507024,18.193004],[105.517975,18.204291],[105.524268,18.202537],[105.535613,18.205306],[105.538564,18.207516],[105.5441,18.207618],[105.548965,18.205416],[105.56157,18.2035],[105.563563,18.204893],[105.57609,18.205898],[105.587019,18.211043],[105.59799,18.209446],[105.604936,18.204187],[105.609546,18.204199],[105.613407,18.207995],[105.621771,18.209034],[105.626637,18.205266],[105.631173,18.204244],[105.636249,18.206674],[105.636912,18.205055],[105.641531,18.204372],[105.642977,18.207218],[105.646151,18.207372],[105.647357,18.210872],[105.648292,18.21017],[105.65018,18.212238],[105.653563,18.210363],[105.657033,18.212467],[105.658018,18.218091],[105.663882,18.221417],[105.67073,18.216739],[105.670946,18.212899],[105.675064,18.208512],[105.674329,18.20688],[105.677189,18.203266],[105.684026,18.199108],[105.684621,18.195419],[105.683183,18.194236],[105.685033,18.1914],[105.683727,18.186017],[105.685377,18.18296],[105.688088,18.181033],[105.694799,18.180656],[105.702977,18.187706],[105.711461,18.176117],[105.712669,18.176239],[105.712409,18.173482],[105.71437,18.173464],[105.713371,18.169407],[105.715688,18.168118],[105.717087,18.164744],[105.714576,18.15959],[105.707721,18.153657],[105.704814,18.157539],[105.70705,18.159838],[105.706069,18.161338],[105.693913,18.15936]]]}},{"type":"Feature","properties":{"code":"18532","name":"Xã Hương Phố","type":"Xã"},"geometry":{"type":"Polygon","coordinates":[[[105.790629,18.29714],[105.79245,18.292353],[105.794903,18.291968],[105.796114,18.287971],[105.795004,18.285753],[105.800105,18.279773],[105.807436,18.275243],[105.815518,18.266999],[105.819877,18.266109],[105.822325,18.263064],[105.8278,18.260509],[105.829453,18.25646],[105.818746,18.24516],[105.809924,18.244089],[105.802244,18.233875],[105.79746,18.23626],[105.78796,18.234226],[105.782031,18.236026],[105.778929,18.232084],[105.777852,18.224182],[105.780232,18.222583],[105.77994,18.220582],[105.783497,18.21882],[105.78297,18.215909],[105.77914,18.209796],[105.775519,18.207082],[105.776607,18.205265],[105.774026,18.204337],[105.772783,18.20576],[105.771457,18.204445],[105.773029,18.201979],[105.771919,18.200155],[105.768222,18.200545],[105.7655,18.197702],[105.762491,18.197534],[105.748964,18.205198],[105.743749,18.206235],[105.733377,18.204045],[105.729522,18.201368],[105.728212,18.19399],[105.711561,18.190348],[105.712573,18.187956],[105.711475,18.185521],[105.715244,18.18495],[105.716417,18.182297],[105.714075,18.178386],[105.716271,18.176915],[105.718998,18.17873],[105.720597,18.176784],[105.718123,18.176669],[105.71437,18.173464],[105.712409,18.173482],[105.712669,18.176239],[105.711461,18.176117],[105.702977,18.187706],[105.694799,18.180656],[105.688088,18.181033],[105.685377,18.18296],[105.683727,18.186017],[105.685033,18.1914],[105.683183,18.194236],[105.684621,18.195419],[105.684026,18.199108],[105.675115,18.205582],[105.675064,18.208512],[105.670946,18.212899],[105.67073,18.216739],[105.663882,18.221417],[105.657023,18.23264],[105.662125,18.237391],[105.664968,18.237755],[105.664319,18.245248],[105.679635,18.260342],[105.680043,18.262663],[105.677415,18.265954],[105.695737,18.267655],[105.700744,18.263106],[105.705048,18.266492],[105.705088,18.269651],[105.711022,18.272035],[105.714245,18.276316],[105.719223,18.275875],[105.719602,18.281648],[105.726388,18.283444],[105.726317,18.287999],[105.735478,18.294051],[105.736272,18.297472],[105.739939,18.298918],[105.751059,18.297471],[105.756617,18.293987],[105.760213,18.294151],[105.762385,18.297409],[105.766563,18.2992],[105.771034,18.296853],[105.779194,18.296989],[105.78247,18.299487],[105.790629,18.29714]]]}},{"type":"Feature","properties":{"code":"18133","name":"Xã Hương Sơn","type":"Xã"},"geometry":{"type":"Polygon","coordinates":[[[105.5021,18.544401],[105.508421,18.539484],[105.498434,18.53589],[105.491222,18.526675],[105.489558,18.516994],[105.484351,18.517505],[105.479896,18.511406],[105.47662,18.510425],[105.477088,18.50489],[105.474969,18.504957],[105.474835,18.502879],[105.471453,18.501866],[105.471604,18.504691],[105.468574,18.507496],[105.467887,18.506254],[105.465927,18.507911],[105.461335,18.505923],[105.455841,18.505804],[105.453432,18.507469],[105.452254,18.493856],[105.449578,18.491711],[105.447766,18.485672],[105.444445,18.484795],[105.441771,18.480033],[105.438121,18.482217],[105.433253,18.4899],[105.430782,18.486885],[105.42479,18.493407],[105.422393,18.492432],[105.420674,18.494704],[105.413321,18.494372],[105.412169,18.496333],[105.413558,18.49893],[105.412122,18.500817],[105.415193,18.504903],[105.413474,18.506202],[105.415256,18.511938],[105.421313,18.512356],[105.430334,18.525862],[105.433276,18.527075],[105.427216,18.529494],[105.425397,18.528836],[105.425064,18.531465],[105.423419,18.531478],[105.42265,18.533578],[105.421212,18.533073],[105.421803,18.537058],[105.431197,18.54075],[105.435543,18.537077],[105.439197,18.539675],[105.446802,18.533769],[105.45165,18.532586],[105.453906,18.53496],[105.461779,18.534645],[105.467573,18.542699],[105.4728,18.542806],[105.480194,18.538225],[105.489301,18.536746],[105.497058,18.538831],[105.499452,18.540607],[105.499287,18.544548],[105.5021,18.544401]]]}},{"type":"Feature","properties":{"code":"18544","name":"Xã Hương Xuân","type":"Xã"},"geometry":{"type":"Polygon","coordinates":[[[105.685325,18.171713],[105.693913,18.15936],[105.706069,18.161338],[105.70705,18.159838],[105.704814,18.157539],[105.707631,18.153671],[105.716258,18.162372],[105.718045,18.160051],[105.71569,18.158732],[105.717585,18.155909],[105.716255,18.149004],[105.719046,18.149149],[105.717349,18.14367],[105.714565,18.142893],[105.714649,18.140067],[105.710007,18.133208],[105.707398,18.119342],[105.705399,18.117633],[105.700492,18.118241],[105.700873,18.116705],[105.690152,18.113049],[105.700113,18.111069],[105.701846,18.106777],[105.699909,18.102065],[105.709593,18.092027],[105.71201,18.091397],[105.7142,18.09841],[105.718366,18.100818],[105.724048,18.096902],[105.731285,18.094595],[105.736257,18.087967],[105.740172,18.085701],[105.726933,18.072502],[105.726801,18.064967],[105.721211,18.062811],[105.723425,18.057388],[105.722644,18.051818],[105.724832,18.048636],[105.727006,18.048223],[105.727559,18.035982],[105.729865,18.033163],[105.728492,18.028984],[105.720043,18.020284],[105.721404,18.012024],[105.720483,18.009846],[105.722222,18.00791],[105.719982,18.005472],[105.715014,18.004355],[105.712521,18.001743],[105.71297,17.998503],[105.704747,17.992335],[105.643541,17.992455],[105.641562,17.993833],[105.633133,17.991856],[105.621876,17.999836],[105.615839,18.01041],[105.613155,18.011854],[105.604474,18.009385],[105.600153,18.005959],[105.598643,18.002135],[105.595706,18.003275],[105.593905,18.008968],[105.587815,18.011521],[105.584527,18.010636],[105.58131,18.014061],[105.584049,18.020022],[105.579572,18.026851],[105.581734,18.028944],[105.582554,18.034944],[105.585639,18.037991],[105.584663,18.039347],[105.585805,18.04328],[105.582312,18.048375],[105.58276,18.05507],[105.580735,18.062096],[105.576114,18.06113],[105.573024,18.064013],[105.572654,18.066776],[105.576187,18.067964],[105.576792,18.069601],[105.573614,18.07238],[105.571177,18.083963],[105.56865,18.086025],[105.572636,18.098428],[105.586504,18.109975],[105.592575,18.112741],[105.597574,18.125773],[105.604436,18.129408],[105.607407,18.135071],[105.612247,18.139088],[105.612672,18.14181],[105.608255,18.144992],[105.61679,18.144765],[105.617237,18.148187],[105.618122,18.146539],[105.6193,18.148779],[105.622185,18.147894],[105.622088,18.151239],[105.62517,18.150888],[105.626732,18.152578],[105.625009,18.154249],[105.62901,18.156407],[105.628,18.157513],[105.629465,18.159606],[105.628168,18.159913],[105.63026,18.163086],[105.627458,18.16281],[105.625792,18.165125],[105.630103,18.170589],[105.633639,18.166866],[105.641801,18.165855],[105.646774,18.170437],[105.643627,18.172837],[105.649087,18.177201],[105.653706,18.176182],[105.657833,18.177453],[105.664018,18.175294],[105.668569,18.17793],[105.677092,18.175329],[105.680844,18.169066],[105.685325,18.171713]]]}},{"type":"Feature","properties":{"code":"18550","name":"Xã Hương Đô","type":"Xã"},"geometry":{"type":"Polygon","coordinates":[[[105.83581,18.257606],[105.840051,18.252281],[105.836652,18.246146],[105.836979,18.242418],[105.832446,18.236382],[105.833207,18.234544],[105.839703,18.231221],[105.83848,18.224011],[105.841792,18.220733],[105.84603,18.219985],[105.858435,18.211593],[105.869532,18.193972],[105.859327,18.171604],[105.864134,18.154282],[105.853279,18.145483],[105.848869,18.14429],[105.844845,18.145542],[105.840161,18.15303],[105.817606,18.151752],[105.813668,18.149749],[105.809725,18.150566],[105.803539,18.147443],[105.801029,18.153062],[105.795157,18.156702],[105.796351,18.164286],[105.790379,18.166326],[105.78755,18.169667],[105.776503,18.157998],[105.778422,18.155168],[105.778118,18.151295],[105.76986,18.146247],[105.752573,18.139528],[105.752786,18.13722],[105.745015,18.137305],[105.743496,18.135658],[105.749691,18.131152],[105.747767,18.129412],[105.744773,18.131651],[105.735977,18.127307],[105.73717,18.124655],[105.733184,18.120894],[105.735427,18.119666],[105.734123,18.118633],[105.735385,18.116577],[105.734711,18.111822],[105.737625,18.103292],[105.734613,18.101543],[105.731311,18.094571],[105.724048,18.096902],[105.718366,18.100818],[105.7142,18.09841],[105.71201,18.091397],[105.708989,18.092394],[105.699909,18.102065],[105.701846,18.106777],[105.700113,18.111069],[105.690152,18.113049],[105.700873,18.116705],[105.700492,18.118241],[105.705399,18.117633],[105.707398,18.119342],[105.71046,18.134358],[105.714649,18.140067],[105.714565,18.142893],[105.717349,18.14367],[105.718846,18.147773],[105.719038,18.149266],[105.716255,18.149004],[105.715944,18.15057],[105.717585,18.155909],[105.71569,18.158732],[105.718045,18.160051],[105.716461,18.16086],[105.716988,18.165655],[105.713579,18.169001],[105.713176,18.171829],[105.718035,18.176614],[105.720597,18.176784],[105.718998,18.17873],[105.716271,18.176915],[105.714075,18.178386],[105.716417,18.182297],[105.715244,18.18495],[105.711475,18.185521],[105.712573,18.187956],[105.711561,18.190348],[105.728212,18.19399],[105.729522,18.201368],[105.731657,18.2031],[105.743524,18.206212],[105.749192,18.205114],[105.762491,18.197534],[105.7655,18.197702],[105.768222,18.200545],[105.771919,18.200155],[105.773029,18.201979],[105.771457,18.204445],[105.772783,18.20576],[105.774026,18.204337],[105.776607,18.205265],[105.775519,18.207082],[105.77914,18.209796],[105.78297,18.215909],[105.783497,18.21882],[105.77994,18.220582],[105.780232,18.222583],[105.777852,18.224182],[105.778929,18.232084],[105.782031,18.236026],[105.78796,18.234226],[105.79746,18.23626],[105.802244,18.233875],[105.809924,18.244089],[105.818746,18.24516],[105.829453,18.25646],[105.83581,18.257606]]]}},{"type":"Feature","properties":{"code":"18409","name":"Xã Hồng Lộc","type":"Xã"},"geometry":{"type":"Polygon","coordinates":[[[105.840694,18.544083],[105.8425,18.533501],[105.848223,18.527572],[105.844096,18.524192],[105.848871,18.517893],[105.84872,18.514799],[105.84608,18.513414],[105.852999,18.504665],[105.858319,18.501878],[105.864587,18.490824],[105.86052,18.486999],[105.854819,18.484722],[105.856888,18.479134],[105.853251,18.47213],[105.855305,18.46947],[105.851354,18.46871],[105.847999,18.462068],[105.843116,18.465198],[105.838864,18.462843],[105.838545,18.458491],[105.835884,18.458493],[105.831539,18.45943],[105.828842,18.462321],[105.82631,18.462179],[105.82344,18.464397],[105.822475,18.468482],[105.827387,18.470735],[105.827526,18.472262],[105.825039,18.474494],[105.824539,18.478025],[105.819381,18.479618],[105.818659,18.482347],[105.816197,18.48112],[105.814101,18.483218],[105.811458,18.482543],[105.810751,18.495227],[105.814346,18.500223],[105.816787,18.528333],[105.814741,18.534513],[105.814888,18.541739],[105.825818,18.545633],[105.833813,18.544113],[105.838047,18.545651],[105.840694,18.544083]]]}},{"type":"Feature","properties":{"code":"18223","name":"Xã Kim Hoa","type":"Xã"},"geometry":{"type":"Polygon","coordinates":[[[105.51139,18.478654],[105.504567,18.47256],[105.505445,18.45526],[105.494268,18.445702],[105.491818,18.444365],[105.49081,18.445398],[105.490624,18.44085],[105.483996,18.438342],[105.484494,18.435817],[105.478953,18.430363],[105.481925,18.429589],[105.480768,18.428308],[105.487454,18.423016],[105.486741,18.419421],[105.482384,18.418647],[105.484829,18.414368],[105.482043,18.407566],[105.475745,18.413053],[105.474271,18.416698],[105.473033,18.415783],[105.469158,18.417196],[105.466253,18.421604],[105.456621,18.426712],[105.454202,18.432595],[105.440952,18.429406],[105.438091,18.430206],[105.436837,18.428421],[105.417523,18.445269],[105.4088,18.438243],[105.400397,18.438028],[105.395153,18.44444],[105.390761,18.455758],[105.376383,18.462523],[105.370501,18.470054],[105.370795,18.473348],[105.379502,18.476367],[105.38243,18.475608],[105.385692,18.47772],[105.386968,18.482387],[105.397302,18.484296],[105.398845,18.48571],[105.396358,18.48692],[105.398442,18.487156],[105.39843,18.489851],[105.403863,18.49302],[105.408733,18.49128],[105.410593,18.49442],[105.420674,18.494704],[105.422393,18.492432],[105.424237,18.49363],[105.430782,18.486885],[105.433253,18.4899],[105.440776,18.479587],[105.444445,18.484795],[105.447766,18.485672],[105.449578,18.491711],[105.452254,18.493856],[105.453432,18.507469],[105.455841,18.505804],[105.461335,18.505923],[105.465927,18.507911],[105.467887,18.506254],[105.468574,18.507496],[105.471604,18.504691],[105.471343,18.50199],[105.47341,18.501895],[105.475025,18.505005],[105.477088,18.50489],[105.476492,18.510279],[105.479896,18.511406],[105.482971,18.516257],[105.482755,18.50954],[105.48483,18.506723],[105.489178,18.504692],[105.491972,18.506285],[105.496051,18.506005],[105.507231,18.49273],[105.510972,18.491451],[105.510282,18.48812],[105.507335,18.486156],[105.51139,18.478654]]]}},{"type":"Feature","properties":{"code":"18775","name":"Xã Kỳ Anh","type":"Xã"},"geometry":{"type":"Polygon","coordinates":[[[106.229259,18.222636],[106.235717,18.216209],[106.244092,18.217707],[106.244125,18.216118],[106.252393,18.215023],[106.280271,18.182425],[106.269315,18.178655],[106.267871,18.176121],[106.262934,18.173648],[106.263212,18.172481],[106.26054,18.172531],[106.26104,18.170545],[106.259396,18.16946],[106.262408,18.165252],[106.259896,18.161287],[106.24851,18.156951],[106.247798,18.155342],[106.24994,18.153977],[106.248899,18.152651],[106.243177,18.151206],[106.241038,18.152258],[106.239482,18.147583],[106.236685,18.147737],[106.231898,18.151382],[106.22495,18.152129],[106.219559,18.147345],[106.215648,18.148914],[106.212533,18.147104],[106.207415,18.148375],[106.203066,18.151731],[106.196049,18.151192],[106.191368,18.153445],[106.185086,18.154644],[106.183391,18.153614],[106.179932,18.155363],[106.173161,18.164655],[106.174324,18.169993],[106.172309,18.178489],[106.175517,18.180286],[106.176476,18.184565],[106.180152,18.186567],[106.178849,18.187848],[106.180511,18.189607],[106.176278,18.196578],[106.177214,18.198601],[106.179415,18.201929],[106.180947,18.20058],[106.184372,18.201388],[106.185323,18.203738],[106.180753,18.207837],[106.182171,18.219197],[106.18636,18.21948],[106.187571,18.215049],[106.189201,18.214423],[106.18794,18.212481],[106.198382,18.206036],[106.2004,18.208269],[106.20317,18.207076],[106.206776,18.207865],[106.210064,18.210589],[106.208221,18.212418],[106.21728,18.216924],[106.224141,18.217605],[106.225445,18.221451],[106.229259,18.222636]]]}},{"type":"Feature","properties":{"code":"18814","name":"Xã Kỳ Hoa","type":"Xã"},"geometry":{"type":"Polygon","coordinates":[[[106.278882,18.087975],[106.283867,18.085913],[106.286035,18.087611],[106.285512,18.084723],[106.287144,18.08268],[106.285945,18.080946],[106.286898,18.07946],[106.284128,18.078568],[106.284355,18.075673],[106.282504,18.074531],[106.286213,18.07315],[106.287594,18.074239],[106.28743,18.072696],[106.29028,18.07088],[106.29205,18.06426],[106.291973,18.062087],[106.287812,18.058677],[106.289565,18.056753],[106.289511,18.050719],[106.28722,18.048193],[106.285324,18.03965],[106.287793,18.034418],[106.287425,18.031025],[106.289821,18.03068],[106.291842,18.032335],[106.292778,18.029167],[106.296506,18.027005],[106.295511,18.018101],[106.299309,18.015831],[106.295298,17.995782],[106.291102,17.992498],[106.291003,17.987554],[106.287252,17.983374],[106.281674,17.970405],[106.27658,17.970688],[106.275971,17.97188],[106.278193,17.972994],[106.272001,17.975639],[106.275244,17.977552],[106.2729,17.979746],[106.27074,17.978928],[106.271495,17.982992],[106.264608,17.982558],[106.255599,17.986388],[106.255691,18.005512],[106.252087,18.00509],[106.239037,18.010269],[106.237248,18.009765],[106.23624,18.006132],[106.233451,18.005598],[106.228808,18.007499],[106.22642,18.011161],[106.218379,18.01177],[106.214711,18.01345],[106.212311,18.017327],[106.209043,18.016522],[106.215496,18.024518],[106.21657,18.035731],[106.219214,18.03532],[106.219581,18.03658],[106.217115,18.038495],[106.221398,18.040929],[106.219891,18.042468],[106.221753,18.044636],[106.220095,18.047002],[106.221096,18.049572],[106.219277,18.050508],[106.224834,18.057026],[106.22303,18.064847],[106.224778,18.078811],[106.23029,18.07887],[106.240293,18.073885],[106.255554,18.080733],[106.272826,18.079659],[106.273043,18.083827],[106.278791,18.085302],[106.278882,18.087975]]]}},{"type":"Feature","properties":{"code":"18790","name":"Xã Kỳ Khang","type":"Xã"},"geometry":{"type":"Polygon","coordinates":[[[106.280311,18.182376],[106.306213,18.155835],[106.300035,18.150728],[106.293365,18.152035],[106.287988,18.140844],[106.285666,18.138761],[106.282815,18.138753],[106.281716,18.134474],[106.283843,18.134021],[106.282909,18.130627],[106.286158,18.128939],[106.287601,18.132727],[106.296738,18.131996],[106.301583,18.135903],[106.310685,18.131146],[106.312133,18.124297],[106.307128,18.118737],[106.307549,18.11379],[106.304375,18.114351],[106.301055,18.110251],[106.296168,18.109992],[106.294325,18.106803],[106.291166,18.105454],[106.296368,18.097554],[106.295784,18.093601],[106.283867,18.085913],[106.282421,18.087739],[106.278882,18.087975],[106.278911,18.090021],[106.273544,18.097174],[106.269264,18.097873],[106.268925,18.101194],[106.273086,18.10551],[106.272479,18.109768],[106.275493,18.110304],[106.274892,18.112435],[106.266519,18.111164],[106.263932,18.116864],[106.259692,18.115635],[106.257528,18.112498],[106.254658,18.112588],[106.251292,18.116111],[106.243898,18.116465],[106.240004,18.119411],[106.235669,18.119616],[106.232248,18.123218],[106.238786,18.127128],[106.240126,18.135116],[106.236521,18.134239],[106.230481,18.137074],[106.223585,18.137288],[106.219495,18.141518],[106.21963,18.14757],[106.22495,18.152129],[106.231898,18.151382],[106.238221,18.147491],[106.239648,18.147675],[106.241038,18.152258],[106.243177,18.151206],[106.249432,18.153001],[106.247798,18.155342],[106.24851,18.156951],[106.259896,18.161287],[106.262408,18.165252],[106.259396,18.16946],[106.26104,18.170545],[106.26054,18.172531],[106.263212,18.172481],[106.262934,18.173648],[106.267871,18.176121],[106.269315,18.178655],[106.280311,18.182376]]]}},{"type":"Feature","properties":{"code":"18838","name":"Xã Kỳ Lạc","type":"Xã"},"geometry":{"type":"Polygon","coordinates":[[[106.280242,17.915754],[106.275482,17.919458],[106.272508,17.919831],[106.263161,17.913815],[106.258318,17.91881],[106.252526,17.920413],[106.248385,17.92567],[106.242112,17.927632],[106.242592,17.929311],[106.240737,17.930449],[106.236019,17.927065],[106.233898,17.929176],[106.230755,17.92798],[106.222714,17.929756],[106.220461,17.927429],[106.207308,17.925496],[106.199996,17.916351],[106.195347,17.918037],[106.193703,17.922135],[106.189846,17.923565],[106.187386,17.920491],[106.181798,17.920774],[106.172266,17.914396],[106.16392,17.916938],[106.164017,17.92234],[106.160459,17.928435],[106.161983,17.929989],[106.160574,17.936505],[106.161337,17.945633],[106.163267,17.949077],[106.161983,17.951117],[106.162994,17.955456],[106.171124,17.966402],[106.176143,17.969283],[106.186516,17.97054],[106.193091,17.985991],[106.196229,17.984874],[106.197843,17.988873],[106.190736,17.98923],[106.194983,17.995478],[106.19188,17.997357],[106.189184,18.002162],[106.182001,18.001955],[106.177504,18.007057],[106.174476,18.006947],[106.172037,18.010704],[106.166328,18.007625],[106.158688,18.01073],[106.154786,18.014537],[106.151897,18.01404],[106.147342,18.017446],[106.144274,18.017723],[106.142885,18.024443],[106.13519,18.028085],[106.146455,18.040483],[106.153209,18.035218],[106.170791,18.048507],[106.176045,18.045066],[106.178492,18.045682],[106.179917,18.058918],[106.182074,18.061498],[106.179374,18.076035],[106.192806,18.07528],[106.203396,18.081492],[106.210907,18.078338],[106.224778,18.078811],[106.22303,18.064847],[106.224834,18.057026],[106.219277,18.050508],[106.221096,18.049572],[106.220095,18.047002],[106.221753,18.044636],[106.219891,18.042468],[106.221398,18.040929],[106.217115,18.038495],[106.219581,18.03658],[106.219214,18.03532],[106.21657,18.035731],[106.215496,18.024518],[106.209043,18.016522],[106.212311,18.017327],[106.214711,18.01345],[106.218379,18.01177],[106.22642,18.011161],[106.228808,18.007499],[106.233451,18.005598],[106.23624,18.006132],[106.237248,18.009765],[106.239037,18.010269],[106.252087,18.00509],[106.255691,18.005512],[106.255599,17.986388],[106.264608,17.982558],[106.271495,17.982992],[106.27074,17.978928],[106.2729,17.979746],[106.275244,17.977552],[106.271961,17.975692],[106.278267,17.972869],[106.275971,17.97188],[106.27658,17.970688],[106.282482,17.970928],[106.287252,17.983374],[106.291003,17.987554],[106.291102,17.992498],[106.30022,17.998318],[106.309856,17.996766],[106.320853,17.99875],[106.337885,17.991114],[106.336061,17.985505],[106.328558,17.979808],[106.323845,17.962761],[106.305127,17.962761],[106.304159,17.958894],[106.297705,17.953658],[106.29621,17.94528],[106.284617,17.939061],[106.280896,17.933616],[106.285037,17.925211],[106.28477,17.91933],[106.280242,17.915754]]]}},{"type":"Feature","properties":{"code":"18844","name":"Xã Kỳ Thượng","type":"Xã"},"geometry":{"type":"Polygon","coordinates":[[[106.054785,18.090283],[106.06322,18.09955],[106.07209,18.098588],[106.074043,18.105036],[106.079753,18.110137],[106.084247,18.120411],[106.0896,18.12179],[106.098232,18.116767],[106.105834,18.119998],[106.107064,18.12321],[106.109252,18.124328],[106.110999,18.119807],[106.110352,18.115285],[106.108817,18.114802],[106.10975,18.112305],[106.10766,18.109073],[106.109825,18.103226],[106.109815,18.094888],[106.108341,18.092312],[106.108889,18.080571],[106.107217,18.078797],[106.108517,18.076314],[106.106718,18.075731],[106.10621,18.069588],[106.108176,18.063749],[106.125535,18.050522],[106.141199,18.041777],[106.146455,18.040483],[106.13519,18.028085],[106.142885,18.024443],[106.144274,18.017723],[106.147342,18.017446],[106.151897,18.01404],[106.154786,18.014537],[106.158126,18.011065],[106.16613,18.007643],[106.172148,18.010661],[106.174476,18.006947],[106.177504,18.007057],[106.182001,18.001955],[106.188982,18.002257],[106.19188,17.997357],[106.19482,17.996218],[106.190736,17.98923],[106.196785,17.989689],[106.197908,17.987879],[106.196229,17.984874],[106.193091,17.985991],[106.186908,17.970921],[106.176143,17.969283],[106.171124,17.966402],[106.162675,17.954705],[106.161983,17.951117],[106.163267,17.949077],[106.161337,17.945633],[106.160574,17.936505],[106.161983,17.929989],[106.160459,17.928435],[106.164017,17.92234],[106.163836,17.917104],[106.140164,17.91862],[106.137729,17.921609],[106.131121,17.920406],[106.119176,17.927522],[106.106205,17.927457],[106.105182,17.929115],[106.090979,17.932949],[106.086286,17.93188],[106.076169,17.932806],[106.074089,17.935761],[106.063219,17.93784],[106.054531,17.943913],[106.045635,17.946134],[106.049448,17.958214],[106.047972,17.959776],[106.04936,17.962097],[106.0475,17.96433],[106.05874,17.974638],[106.062046,17.984842],[106.066835,17.987239],[106.067675,17.991585],[106.071289,17.995165],[106.059577,18.00799],[106.053123,18.019652],[106.049298,18.020743],[106.049153,18.025941],[106.039744,18.027238],[106.028434,18.022493],[106.021741,18.024409],[106.01752,18.027516],[106.015608,18.031476],[106.017701,18.040038],[106.014166,18.042684],[106.016968,18.046388],[106.019334,18.044769],[106.023684,18.046172],[106.022643,18.048302],[106.024595,18.051264],[106.025592,18.059011],[106.022279,18.058723],[106.021289,18.060086],[106.022343,18.064401],[106.0268,18.065948],[106.028783,18.069725],[106.027408,18.07191],[106.029688,18.072879],[106.028581,18.073625],[106.032939,18.074088],[106.034657,18.076199],[106.033922,18.078227],[106.037977,18.078881],[106.038128,18.087532],[106.046311,18.09254],[106.051435,18.090138],[106.054785,18.090283]]]}},{"type":"Feature","properties":{"code":"18787","name":"Xã Kỳ Văn","type":"Xã"},"geometry":{"type":"Polygon","coordinates":[[[106.176452,18.159413],[106.182973,18.153718],[106.191368,18.153445],[106.196049,18.151192],[106.203066,18.151731],[106.207415,18.148375],[106.212533,18.147104],[106.215394,18.148872],[106.217381,18.148273],[106.219986,18.146611],[106.219533,18.141091],[106.223585,18.137288],[106.230481,18.137074],[106.236521,18.134239],[106.240126,18.135116],[106.238786,18.127128],[106.232248,18.123218],[106.235669,18.119616],[106.240004,18.119411],[106.243898,18.116465],[106.251292,18.116111],[106.254658,18.112588],[106.257528,18.112498],[106.259692,18.115635],[106.263932,18.116864],[106.266519,18.111164],[106.274892,18.112435],[106.275493,18.110304],[106.272479,18.109768],[106.273128,18.105597],[106.270761,18.104436],[106.268815,18.100143],[106.269264,18.097873],[106.273544,18.097174],[106.277518,18.092114],[106.279048,18.089736],[106.278841,18.085384],[106.273043,18.083827],[106.272826,18.079659],[106.255554,18.080733],[106.240293,18.073885],[106.229466,18.079088],[106.210907,18.078338],[106.204275,18.08154],[106.192806,18.07528],[106.179715,18.076215],[106.182074,18.061498],[106.179917,18.058918],[106.179246,18.046703],[106.176045,18.045066],[106.170791,18.048507],[106.153101,18.03523],[106.148159,18.039905],[106.141199,18.041777],[106.125535,18.050522],[106.108176,18.063749],[106.10621,18.069588],[106.106718,18.075731],[106.108517,18.076314],[106.107217,18.078797],[106.108889,18.080571],[106.108341,18.092312],[106.109815,18.094888],[106.109825,18.103226],[106.10766,18.109073],[106.10975,18.112305],[106.108817,18.114802],[106.110352,18.115285],[106.110999,18.119807],[106.109252,18.124328],[106.114323,18.11794],[106.12226,18.11988],[106.125562,18.117211],[106.130612,18.118603],[106.133028,18.121165],[106.13339,18.12813],[106.135335,18.132513],[106.158201,18.132817],[106.161357,18.148342],[106.165337,18.157342],[106.176452,18.159413]]]}},{"type":"Feature","properties":{"code":"18766","name":"Xã Kỳ Xuân","type":"Xã"},"geometry":{"type":"MultiPolygon","coordinates":[[[[106.137996,18.190184],[106.134558,18.191492],[106.135331,18.193523],[106.131302,18.196551],[106.125784,18.206854],[106.127627,18.214495],[106.133054,18.218142],[106.126715,18.224214],[106.125912,18.229154],[106.131654,18.235408],[106.138372,18.237694],[106.141458,18.241627],[106.145634,18.243588],[106.14669,18.254611],[106.152188,18.257422],[106.152508,18.268058],[106.160752,18.267722],[106.162808,18.265191],[106.170697,18.26274],[106.186063,18.253074],[106.205345,18.236169],[106.20999,18.233287],[106.212556,18.233914],[106.212847,18.235385],[106.221864,18.225248],[106.229232,18.222683],[106.225445,18.221451],[106.224141,18.217605],[106.21728,18.216924],[106.208221,18.212418],[106.210064,18.210589],[106.206776,18.207865],[106.20317,18.207076],[106.2004,18.208269],[106.198382,18.206036],[106.18794,18.212481],[106.189201,18.214423],[106.187571,18.215049],[106.18636,18.21948],[106.182171,18.219197],[106.180753,18.207837],[106.185323,18.203738],[106.184372,18.201388],[106.180947,18.20058],[106.179415,18.201929],[106.177214,18.198601],[106.176278,18.196578],[106.180511,18.189607],[106.178849,18.187848],[106.180152,18.186567],[106.176476,18.184565],[106.175517,18.180286],[106.172309,18.178489],[106.174324,18.169993],[106.173161,18.164655],[106.176347,18.159685],[106.165337,18.157342],[106.161357,18.148342],[106.158201,18.132817],[106.135335,18.132513],[106.14323,18.148765],[106.139442,18.160039],[106.140535,18.164726],[106.136882,18.174123],[106.137996,18.190184]]],[[[106.164028,18.310681],[106.164635,18.311586],[106.165889,18.309785],[106.16455,18.308989],[106.164028,18.310681]]]]}},{"type":"Feature","properties":{"code":"18568","name":"Xã Lộc Hà","type":"Xã"},"geometry":{"type":"Polygon","coordinates":[[[105.871368,18.523299],[105.882225,18.506053],[105.919093,18.459984],[105.922375,18.453226],[105.920819,18.451426],[105.924085,18.44917],[105.920954,18.446774],[105.916406,18.44723],[105.912639,18.444761],[105.906178,18.445575],[105.89955,18.450114],[105.898436,18.447489],[105.894457,18.448887],[105.891252,18.446753],[105.888804,18.449026],[105.884934,18.445983],[105.882367,18.449968],[105.879601,18.449038],[105.878006,18.453104],[105.878486,18.459436],[105.881814,18.463412],[105.884014,18.462456],[105.889752,18.465409],[105.891618,18.472475],[105.884474,18.466533],[105.870398,18.466959],[105.862282,18.464247],[105.860873,18.467167],[105.8584,18.467895],[105.858269,18.470234],[105.85404,18.470208],[105.853251,18.47213],[105.856888,18.479134],[105.854819,18.484722],[105.86052,18.486999],[105.864587,18.490824],[105.858319,18.501878],[105.855424,18.502631],[105.847267,18.510829],[105.84608,18.513414],[105.84872,18.514799],[105.848871,18.517893],[105.844096,18.524192],[105.848223,18.527572],[105.859595,18.523331],[105.865934,18.528252],[105.871368,18.523299]]]}},{"type":"Feature","properties":{"code":"18322","name":"Xã Mai Hoa","type":"Xã"},"geometry":{"type":"Polygon","coordinates":[[[105.504139,18.470275],[105.505776,18.474687],[105.51145,18.478807],[105.507335,18.486156],[105.510282,18.48812],[105.511018,18.49137],[105.512025,18.486868],[105.519408,18.487006],[105.522738,18.481026],[105.527497,18.484359],[105.52902,18.483307],[105.533337,18.488568],[105.542523,18.493704],[105.553148,18.484483],[105.549452,18.473712],[105.542128,18.473324],[105.540477,18.46952],[105.54363,18.464116],[105.540973,18.460279],[105.542722,18.450614],[105.539308,18.442565],[105.542348,18.43922],[105.543907,18.42346],[105.540453,18.422845],[105.540397,18.420741],[105.537032,18.420635],[105.536349,18.418587],[105.529585,18.416811],[105.524518,18.412504],[105.522502,18.413197],[105.518521,18.406357],[105.51297,18.404703],[105.509609,18.395444],[105.506935,18.393656],[105.501846,18.397991],[105.492135,18.401274],[105.490917,18.403367],[105.486918,18.403114],[105.485825,18.406773],[105.482235,18.407586],[105.484829,18.414368],[105.482384,18.418647],[105.486741,18.419421],[105.487454,18.423016],[105.480768,18.428308],[105.481925,18.429589],[105.478938,18.430171],[105.484494,18.435817],[105.483996,18.438342],[105.490624,18.44085],[105.49081,18.445398],[105.491818,18.444365],[105.494268,18.445702],[105.505445,18.45526],[105.504137,18.463971],[105.505745,18.466739],[105.504139,18.470275]]]}},{"type":"Feature","properties":{"code":"18583","name":"Xã Mai Phụ","type":"Xã"},"geometry":{"type":"Polygon","coordinates":[[[105.891618,18.472475],[105.889752,18.465409],[105.888,18.463953],[105.884014,18.462456],[105.881814,18.463412],[105.878486,18.459436],[105.878006,18.453104],[105.879601,18.449038],[105.882367,18.449968],[105.884934,18.445983],[105.888804,18.449026],[105.891252,18.446753],[105.894457,18.448887],[105.898436,18.447489],[105.89955,18.450114],[105.906178,18.445575],[105.912639,18.444761],[105.910546,18.439169],[105.920089,18.421204],[105.918824,18.416439],[105.912986,18.410899],[105.906007,18.417769],[105.904909,18.414969],[105.895727,18.41862],[105.882061,18.410111],[105.880713,18.409557],[105.880072,18.41095],[105.872635,18.406778],[105.864958,18.408675],[105.863409,18.411259],[105.868301,18.417738],[105.867533,18.422486],[105.858289,18.423446],[105.856538,18.426103],[105.856033,18.432218],[105.847341,18.432435],[105.846284,18.434333],[105.847278,18.438984],[105.845491,18.441019],[105.84498,18.44676],[105.848828,18.451059],[105.849641,18.460871],[105.847999,18.462068],[105.851354,18.46871],[105.855305,18.46947],[105.855928,18.471127],[105.858269,18.470234],[105.8584,18.467895],[105.860873,18.467167],[105.862282,18.464247],[105.870398,18.466959],[105.884474,18.466533],[105.891618,18.472475]]]}},{"type":"Feature","properties":{"code":"18352","name":"Xã Nghi Xuân","type":"Xã"},"geometry":{"type":"Polygon","coordinates":[[[105.750731,18.668206],[105.753707,18.658925],[105.758906,18.660152],[105.759646,18.655153],[105.762226,18.657401],[105.766357,18.645908],[105.767764,18.646319],[105.769698,18.641589],[105.767471,18.640887],[105.765337,18.642717],[105.766296,18.640383],[105.762537,18.639004],[105.761066,18.642385],[105.757745,18.638871],[105.763946,18.624799],[105.763878,18.61826],[105.760056,18.611191],[105.762081,18.606902],[105.769668,18.600726],[105.764419,18.591087],[105.762601,18.590702],[105.760776,18.581116],[105.763473,18.552167],[105.758914,18.553876],[105.754121,18.552479],[105.751395,18.556208],[105.748691,18.555294],[105.74864,18.552508],[105.744807,18.553929],[105.743565,18.551532],[105.739737,18.551268],[105.736228,18.547614],[105.731141,18.548198],[105.730225,18.545012],[105.721664,18.545826],[105.721191,18.549471],[105.718382,18.549534],[105.716703,18.553331],[105.719908,18.558081],[105.718839,18.560717],[105.720691,18.561295],[105.71938,18.563701],[105.722027,18.575987],[105.721891,18.586099],[105.714141,18.586444],[105.707573,18.594644],[105.691221,18.592401],[105.688729,18.593885],[105.690167,18.627436],[105.692514,18.630871],[105.702075,18.633125],[105.704648,18.635561],[105.714198,18.664741],[105.721627,18.671348],[105.728756,18.673167],[105.750731,18.668206]]]}},{"type":"Feature","properties":{"code":"18547","name":"Xã Phúc Trạch","type":"Xã"},"geometry":{"type":"Polygon","coordinates":[[[105.791039,18.166238],[105.796351,18.164286],[105.795157,18.156702],[105.801029,18.153062],[105.803539,18.147443],[105.809725,18.150566],[105.813668,18.149749],[105.817606,18.151752],[105.840161,18.15303],[105.845997,18.144791],[105.853049,18.145351],[105.854699,18.14768],[105.856179,18.140261],[105.860217,18.137393],[105.865003,18.138237],[105.86698,18.136179],[105.87266,18.139735],[105.879871,18.141473],[105.883583,18.136671],[105.886987,18.136275],[105.889171,18.134163],[105.890469,18.128931],[105.893869,18.125276],[105.903728,18.122041],[105.904724,18.118534],[105.913826,18.114377],[105.91725,18.108347],[105.917866,18.103497],[105.922902,18.101317],[105.925295,18.094716],[105.931142,18.089439],[105.918325,18.080722],[105.913391,18.087162],[105.91019,18.088691],[105.895271,18.090138],[105.891307,18.086438],[105.882503,18.082722],[105.881146,18.07679],[105.875454,18.073149],[105.873997,18.068274],[105.869523,18.066534],[105.852688,18.067672],[105.850049,18.066889],[105.848612,18.064045],[105.842499,18.065502],[105.837956,18.063134],[105.831849,18.065289],[105.826592,18.063203],[105.813008,18.052649],[105.827898,18.04727],[105.83531,18.041109],[105.828966,18.031675],[105.821161,18.033791],[105.816615,18.037989],[105.80769,18.031689],[105.810689,18.027277],[105.810032,18.026037],[105.801997,18.025804],[105.797421,18.02377],[105.788385,18.025221],[105.778507,18.017156],[105.775398,18.017384],[105.769969,18.023457],[105.760524,18.024689],[105.756346,18.026796],[105.750255,18.034012],[105.739901,18.03723],[105.729865,18.033163],[105.727559,18.035982],[105.727006,18.048223],[105.724832,18.048636],[105.722644,18.051818],[105.723425,18.057388],[105.721211,18.062811],[105.726801,18.064967],[105.726933,18.072502],[105.740172,18.085701],[105.736257,18.087967],[105.731311,18.094571],[105.734613,18.101543],[105.737625,18.103292],[105.734711,18.111822],[105.735385,18.116577],[105.734123,18.118633],[105.735427,18.119666],[105.733184,18.120894],[105.73717,18.124655],[105.735894,18.127181],[105.744773,18.131651],[105.747767,18.129412],[105.749691,18.131152],[105.743496,18.135658],[105.745015,18.137305],[105.752786,18.13722],[105.752573,18.139528],[105.774516,18.148762],[105.778287,18.151492],[105.778422,18.155168],[105.776503,18.157998],[105.779151,18.161448],[105.78755,18.169667],[105.791039,18.166238]]]}},{"type":"Feature","properties":{"code":"18184","name":"Xã Sơn Giang","type":"Xã"},"geometry":{"type":"Polygon","coordinates":[[[105.341005,18.590679],[105.354999,18.585995],[105.360856,18.581048],[105.372797,18.580826],[105.377299,18.578481],[105.38587,18.580912],[105.397613,18.579922],[105.404402,18.570763],[105.410881,18.567854],[105.421537,18.558529],[105.418874,18.548873],[105.428624,18.539656],[105.421803,18.537058],[105.421196,18.533111],[105.425064,18.531465],[105.425453,18.528805],[105.427216,18.529494],[105.433276,18.527075],[105.430334,18.525862],[105.421313,18.512356],[105.415256,18.511938],[105.413474,18.506202],[105.415193,18.504903],[105.412122,18.500817],[105.413558,18.49893],[105.412169,18.496333],[105.413321,18.494372],[105.410593,18.49442],[105.408733,18.49128],[105.403863,18.49302],[105.39843,18.489851],[105.398442,18.487156],[105.396358,18.48692],[105.398667,18.486106],[105.398252,18.485076],[105.387151,18.482507],[105.385692,18.47772],[105.38232,18.475557],[105.379502,18.476367],[105.372325,18.472993],[105.367386,18.473493],[105.357718,18.469835],[105.352069,18.474918],[105.351216,18.481041],[105.349508,18.482453],[105.35218,18.483906],[105.354418,18.488352],[105.354466,18.494549],[105.358112,18.496487],[105.361524,18.502831],[105.359459,18.507825],[105.357407,18.507466],[105.354672,18.509687],[105.355594,18.51203],[105.351484,18.516379],[105.351512,18.520086],[105.349726,18.521174],[105.348601,18.525969],[105.345533,18.526399],[105.347475,18.52944],[105.350758,18.52918],[105.352611,18.53134],[105.357149,18.545224],[105.354869,18.543732],[105.352306,18.537431],[105.348263,18.535713],[105.347817,18.538375],[105.343446,18.543569],[105.341453,18.542059],[105.344186,18.540585],[105.342538,18.539155],[105.339282,18.540226],[105.337265,18.547332],[105.332507,18.550067],[105.335362,18.562205],[105.333054,18.564941],[105.329527,18.565685],[105.328397,18.568671],[105.325269,18.569315],[105.32613,18.577924],[105.328957,18.579182],[105.333496,18.578301],[105.335279,18.579775],[105.338633,18.590258],[105.341005,18.590679]]]}},{"type":"Feature","properties":{"code":"18160","name":"Xã Sơn Hồng","type":"Xã"},"geometry":{"type":"Polygon","coordinates":[[[105.281803,18.623796],[105.288078,18.619594],[105.295655,18.621942],[105.302193,18.61351],[105.30474,18.607294],[105.317684,18.603554],[105.321653,18.603764],[105.324447,18.601796],[105.330271,18.601818],[105.333963,18.595714],[105.33749,18.593431],[105.338633,18.590258],[105.336285,18.581112],[105.333496,18.578301],[105.328957,18.579182],[105.32613,18.577924],[105.325269,18.569315],[105.328397,18.568671],[105.329527,18.565685],[105.333054,18.564941],[105.335362,18.562205],[105.332507,18.550067],[105.337265,18.547332],[105.339282,18.540226],[105.342538,18.539155],[105.344186,18.540585],[105.341453,18.542059],[105.343446,18.543569],[105.347817,18.538375],[105.348263,18.535713],[105.352306,18.537431],[105.354869,18.543732],[105.357149,18.545224],[105.352611,18.53134],[105.350758,18.52918],[105.347475,18.52944],[105.345533,18.526399],[105.348601,18.525969],[105.349726,18.521174],[105.351512,18.520086],[105.351484,18.516379],[105.355594,18.51203],[105.354672,18.509687],[105.351449,18.512425],[105.348474,18.511519],[105.344132,18.515499],[105.334578,18.503193],[105.329549,18.503502],[105.327295,18.504845],[105.324491,18.510783],[105.318043,18.515988],[105.303876,18.510384],[105.290531,18.507822],[105.281851,18.512878],[105.274654,18.514017],[105.270461,18.520436],[105.262962,18.519907],[105.258018,18.523932],[105.253955,18.523017],[105.251848,18.52902],[105.242196,18.529882],[105.240104,18.527878],[105.235105,18.528771],[105.22991,18.535788],[105.221658,18.533709],[105.217233,18.529092],[105.212567,18.527395],[105.198528,18.52701],[105.195672,18.529238],[105.188457,18.529688],[105.182057,18.527502],[105.174246,18.527617],[105.167898,18.523134],[105.160525,18.525919],[105.152039,18.526125],[105.149063,18.522581],[105.141481,18.52017],[105.129615,18.521228],[105.125989,18.519135],[105.120729,18.518836],[105.119806,18.51739],[105.114893,18.51756],[105.119862,18.522943],[105.115494,18.5279],[105.116059,18.539208],[105.123222,18.542155],[105.129585,18.548805],[105.127978,18.551898],[105.129472,18.556953],[105.140101,18.561949],[105.139606,18.564408],[105.133987,18.569989],[105.135586,18.582075],[105.138615,18.583831],[105.136013,18.585703],[105.134456,18.590982],[105.139236,18.594656],[105.139577,18.597834],[105.143387,18.597181],[105.14391,18.600089],[105.150193,18.605601],[105.156032,18.606922],[105.159163,18.613157],[105.167599,18.611575],[105.17339,18.605898],[105.177428,18.605877],[105.180941,18.602555],[105.188377,18.601982],[105.19098,18.599616],[105.196776,18.601714],[105.202964,18.598755],[105.211709,18.599506],[105.218187,18.597772],[105.228085,18.587762],[105.231862,18.589597],[105.233721,18.596896],[105.236907,18.598596],[105.239248,18.602847],[105.253027,18.610847],[105.257807,18.615341],[105.266698,18.619828],[105.270241,18.618543],[105.273461,18.622185],[105.278185,18.621957],[105.281803,18.623796]]]}},{"type":"Feature","properties":{"code":"18196","name":"Xã Sơn Kim 1","type":"Xã"},"geometry":{"type":"Polygon","coordinates":[[[105.174246,18.527617],[105.194645,18.52944],[105.197941,18.527671],[105.199678,18.520881],[105.209697,18.511045],[105.20944,18.507517],[105.214017,18.502101],[105.217789,18.500553],[105.227024,18.489661],[105.235256,18.48873],[105.244536,18.482886],[105.254572,18.486936],[105.262389,18.485652],[105.266262,18.483271],[105.272666,18.485014],[105.285027,18.478526],[105.288433,18.478543],[105.295152,18.472901],[105.292597,18.465367],[105.289737,18.464708],[105.289215,18.462967],[105.28713,18.463762],[105.287528,18.461693],[105.289532,18.460963],[105.288194,18.45757],[105.289399,18.456415],[105.293463,18.457161],[105.290031,18.453606],[105.289646,18.442944],[105.287402,18.441274],[105.286835,18.43709],[105.282302,18.436492],[105.278313,18.439994],[105.272861,18.447691],[105.274107,18.450207],[105.273289,18.453972],[105.270553,18.455256],[105.266686,18.446201],[105.252804,18.443808],[105.252614,18.438993],[105.257443,18.432694],[105.254109,18.427278],[105.249325,18.427703],[105.247879,18.429345],[105.247937,18.440095],[105.246716,18.441178],[105.239622,18.437535],[105.23914,18.435147],[105.232776,18.429043],[105.228223,18.429271],[105.224933,18.426989],[105.222481,18.429335],[105.221577,18.428577],[105.221146,18.423038],[105.223972,18.412648],[105.218479,18.407969],[105.219989,18.40353],[105.21766,18.398818],[105.218033,18.39043],[105.220541,18.387608],[105.219204,18.383063],[105.221294,18.379438],[105.219606,18.374792],[105.221191,18.371358],[105.219815,18.365267],[105.220554,18.357505],[105.223604,18.348843],[105.211202,18.342599],[105.212057,18.339699],[105.210879,18.332716],[105.208747,18.329873],[105.20686,18.314549],[105.193647,18.31828],[105.190543,18.321972],[105.184377,18.325189],[105.184809,18.332548],[105.190184,18.346486],[105.188703,18.353253],[105.185786,18.356539],[105.185743,18.360713],[105.183436,18.361633],[105.182414,18.366195],[105.178433,18.370859],[105.181878,18.374999],[105.181601,18.378862],[105.18448,18.386745],[105.179762,18.390271],[105.178756,18.389112],[105.171246,18.39254],[105.167326,18.392192],[105.166401,18.387529],[105.162984,18.386811],[105.150446,18.388948],[105.150893,18.392077],[105.145537,18.400754],[105.147235,18.403896],[105.143987,18.40681],[105.138013,18.408443],[105.137955,18.411952],[105.140332,18.41408],[105.140322,18.41987],[105.13495,18.415606],[105.131723,18.416586],[105.130079,18.41538],[105.12079,18.419469],[105.120871,18.42383],[105.11843,18.427217],[105.118727,18.432784],[105.11034,18.434613],[105.10389,18.447286],[105.108644,18.455546],[105.104884,18.460434],[105.108992,18.465704],[105.10741,18.476227],[105.109639,18.478225],[105.110155,18.486304],[105.113935,18.491776],[105.110681,18.493765],[105.113096,18.497107],[105.109867,18.503095],[105.112103,18.509849],[105.110988,18.512138],[105.114416,18.515027],[105.114893,18.51756],[105.119806,18.51739],[105.120729,18.518836],[105.125989,18.519135],[105.129615,18.521228],[105.141481,18.52017],[105.149063,18.522581],[105.152039,18.526125],[105.160525,18.525919],[105.16842,18.523152],[105.174246,18.527617]]]}},{"type":"Feature","properties":{"code":"18199","name":"Xã Sơn Kim 2","type":"Xã"},"geometry":{"type":"Polygon","coordinates":[[[105.333594,18.462543],[105.345006,18.449574],[105.346921,18.44498],[105.344335,18.435054],[105.345498,18.424338],[105.34104,18.418709],[105.337668,18.417615],[105.332237,18.409402],[105.331143,18.402323],[105.33821,18.38854],[105.350184,18.379503],[105.342089,18.375401],[105.340871,18.371927],[105.337923,18.370958],[105.332427,18.361564],[105.332153,18.35689],[105.329579,18.353988],[105.331991,18.350898],[105.328126,18.345762],[105.322531,18.331524],[105.319769,18.32997],[105.318812,18.324424],[105.313478,18.322101],[105.307219,18.313053],[105.309124,18.308955],[105.308048,18.295174],[105.301387,18.29361],[105.299244,18.279153],[105.286438,18.27203],[105.258331,18.268014],[105.248673,18.286002],[105.245974,18.288201],[105.24314,18.296198],[105.23553,18.298331],[105.231181,18.303035],[105.222235,18.304476],[105.217809,18.303159],[105.215684,18.307561],[105.207594,18.315142],[105.207942,18.325719],[105.212057,18.339699],[105.211202,18.342599],[105.223604,18.348843],[105.220554,18.357505],[105.219815,18.365267],[105.221191,18.371358],[105.219606,18.374792],[105.221294,18.379438],[105.219204,18.383063],[105.220541,18.387608],[105.218033,18.39043],[105.21766,18.398818],[105.219989,18.40353],[105.218479,18.407969],[105.223972,18.412648],[105.221146,18.423038],[105.221466,18.428366],[105.222481,18.429335],[105.224933,18.426989],[105.228223,18.429271],[105.232776,18.429043],[105.23914,18.435147],[105.239622,18.437535],[105.246716,18.441178],[105.247937,18.440095],[105.247879,18.429345],[105.249325,18.427703],[105.254109,18.427278],[105.257443,18.432694],[105.252614,18.438993],[105.252804,18.443808],[105.266686,18.446201],[105.270196,18.455191],[105.273289,18.453972],[105.274107,18.450207],[105.272861,18.447691],[105.277162,18.441354],[105.283855,18.436272],[105.286835,18.43709],[105.287402,18.441274],[105.289585,18.442672],[105.290015,18.451984],[105.296678,18.450798],[105.300983,18.446287],[105.303114,18.447023],[105.30464,18.445793],[105.306133,18.448015],[105.308641,18.445442],[105.313755,18.446916],[105.316078,18.445356],[105.322036,18.447738],[105.321632,18.449748],[105.323496,18.44997],[105.328577,18.462411],[105.333594,18.462543]]]}},{"type":"Feature","properties":{"code":"18163","name":"Xã Sơn Tiến","type":"Xã"},"geometry":{"type":"Polygon","coordinates":[[[105.479862,18.613933],[105.493116,18.610409],[105.50433,18.610345],[105.508661,18.603166],[105.518211,18.59672],[105.518179,18.584186],[105.526556,18.575987],[105.531473,18.563288],[105.530887,18.56097],[105.524553,18.557518],[105.52576,18.555385],[105.521603,18.552121],[105.522771,18.544956],[105.512347,18.544297],[105.508421,18.539484],[105.502432,18.544316],[105.499287,18.544548],[105.499011,18.540135],[105.489301,18.536746],[105.480194,18.538225],[105.4728,18.542806],[105.467573,18.542699],[105.461779,18.534645],[105.453906,18.53496],[105.45165,18.532586],[105.446802,18.533769],[105.439197,18.539675],[105.435543,18.537077],[105.433359,18.540227],[105.428624,18.539656],[105.419912,18.546714],[105.418985,18.550901],[105.421599,18.558427],[105.410881,18.567854],[105.403802,18.571395],[105.397613,18.579922],[105.398548,18.583262],[105.406377,18.586706],[105.409516,18.584339],[105.410727,18.587242],[105.418363,18.590869],[105.420793,18.587229],[105.422787,18.587404],[105.423965,18.589541],[105.430855,18.58723],[105.433134,18.588552],[105.434264,18.593948],[105.436701,18.59663],[105.461705,18.606087],[105.469735,18.607927],[105.474477,18.607363],[105.476843,18.608936],[105.47772,18.61248],[105.479862,18.613933]]]}},{"type":"Feature","properties":{"code":"18172","name":"Xã Sơn Tây","type":"Xã"},"geometry":{"type":"Polygon","coordinates":[[[105.233641,18.529492],[105.240104,18.527878],[105.242196,18.529882],[105.251848,18.52902],[105.253955,18.523017],[105.258018,18.523932],[105.262962,18.519907],[105.270461,18.520436],[105.274654,18.514017],[105.281851,18.512878],[105.290531,18.507822],[105.303876,18.510384],[105.318043,18.515988],[105.324491,18.510783],[105.327295,18.504845],[105.329549,18.503502],[105.334578,18.503193],[105.344301,18.515537],[105.348474,18.511519],[105.351449,18.512425],[105.356385,18.507957],[105.359459,18.507825],[105.361503,18.502621],[105.358112,18.496487],[105.354466,18.494549],[105.354418,18.488352],[105.35218,18.483906],[105.349508,18.482453],[105.351216,18.481041],[105.352125,18.474762],[105.357564,18.469838],[105.364186,18.472719],[105.370795,18.473348],[105.370982,18.468153],[105.372781,18.466046],[105.379454,18.460699],[105.390761,18.455758],[105.393447,18.448643],[105.391693,18.438815],[105.385431,18.431644],[105.38224,18.430371],[105.37855,18.424844],[105.379719,18.418011],[105.377354,18.415288],[105.380303,18.411287],[105.38865,18.408004],[105.395435,18.402441],[105.39353,18.396013],[105.388797,18.388918],[105.389588,18.385827],[105.385294,18.373164],[105.371393,18.369511],[105.359717,18.371927],[105.358367,18.375979],[105.354776,18.378616],[105.351392,18.378483],[105.341478,18.385079],[105.331968,18.399291],[105.330954,18.40657],[105.331988,18.408943],[105.337668,18.417615],[105.34104,18.418709],[105.345794,18.425235],[105.344335,18.435054],[105.346921,18.44498],[105.33924,18.456846],[105.335073,18.459599],[105.334959,18.462164],[105.328577,18.462411],[105.323496,18.44997],[105.321632,18.449748],[105.322132,18.447886],[105.320357,18.446686],[105.315827,18.445308],[105.313755,18.446916],[105.308641,18.445442],[105.306202,18.448009],[105.30464,18.445793],[105.299786,18.446744],[105.296678,18.450798],[105.290015,18.451984],[105.293463,18.457161],[105.289399,18.456415],[105.288194,18.45757],[105.289532,18.460963],[105.287528,18.461693],[105.28713,18.463762],[105.289215,18.462967],[105.289737,18.464708],[105.292597,18.465367],[105.295152,18.472901],[105.289101,18.478176],[105.285027,18.478526],[105.272666,18.485014],[105.266262,18.483271],[105.262389,18.485652],[105.254572,18.486936],[105.244536,18.482886],[105.235256,18.48873],[105.227024,18.489661],[105.217789,18.500553],[105.214017,18.502101],[105.20944,18.507517],[105.209697,18.511045],[105.199678,18.520881],[105.198528,18.52701],[105.212951,18.527478],[105.217233,18.529092],[105.221658,18.533709],[105.229663,18.535789],[105.233641,18.529492]]]}},{"type":"Feature","properties":{"code":"18676","name":"Xã Thiên Cầm","type":"Xã"},"geometry":{"type":"MultiPolygon","coordinates":[[[[106.031624,18.290902],[106.033534,18.292065],[106.034913,18.290436],[106.037908,18.290422],[106.036581,18.289398],[106.040247,18.284522],[106.045684,18.281032],[106.049853,18.280542],[106.059801,18.271691],[106.066737,18.282956],[106.078393,18.293276],[106.100018,18.275832],[106.112604,18.270762],[106.115507,18.26695],[106.114203,18.263798],[106.118036,18.26149],[106.11412,18.259638],[106.110004,18.260336],[106.098651,18.258439],[106.093747,18.259472],[106.093895,18.249007],[106.092029,18.247363],[106.084264,18.249149],[106.076155,18.246914],[106.069732,18.247581],[106.067373,18.242318],[106.064884,18.2405],[106.058624,18.243622],[106.054098,18.242702],[106.051456,18.246691],[106.051905,18.25046],[106.048136,18.249547],[106.045553,18.252088],[106.043719,18.246765],[106.039855,18.248451],[106.036978,18.246936],[106.031251,18.25567],[106.02643,18.253218],[106.025772,18.249886],[106.027991,18.246371],[106.025975,18.246571],[106.022579,18.250261],[106.021176,18.24677],[106.017337,18.244043],[106.01479,18.246829],[106.015998,18.250401],[106.01368,18.259064],[106.014395,18.262344],[106.015843,18.262749],[106.0153,18.267601],[106.011819,18.270204],[106.009446,18.270134],[106.00849,18.272395],[106.009776,18.275126],[106.01664,18.278709],[106.015878,18.279895],[106.01827,18.28186],[106.014552,18.288506],[106.025562,18.297861],[106.031624,18.290902]]],[[[106.115991,18.28071],[106.115815,18.281251],[106.117179,18.281612],[106.118452,18.279639],[106.115991,18.28071]]]]}},{"type":"Feature","properties":{"code":"18328","name":"Xã Thượng Đức","type":"Xã"},"geometry":{"type":"Polygon","coordinates":[[[105.556573,18.429536],[105.563463,18.428644],[105.569885,18.425618],[105.583175,18.411455],[105.591647,18.40573],[105.59658,18.406944],[105.598014,18.410323],[105.596441,18.412926],[105.59875,18.417427],[105.606408,18.408689],[105.615161,18.405795],[105.636698,18.393299],[105.633509,18.386504],[105.625092,18.381944],[105.62514,18.376463],[105.621921,18.368844],[105.615614,18.362358],[105.611036,18.362672],[105.606633,18.369665],[105.600713,18.370418],[105.597464,18.366392],[105.59277,18.366375],[105.586813,18.361536],[105.584927,18.363903],[105.580869,18.362034],[105.572854,18.361804],[105.562784,18.367082],[105.55474,18.373611],[105.548949,18.374297],[105.546675,18.372887],[105.541604,18.374361],[105.535096,18.379784],[105.530458,18.379969],[105.520344,18.38597],[105.519898,18.389475],[105.522589,18.390633],[105.524437,18.394539],[105.51903,18.396182],[105.517188,18.403878],[105.512294,18.403413],[105.51297,18.404703],[105.518521,18.406357],[105.522502,18.413197],[105.524518,18.412504],[105.529585,18.416811],[105.536349,18.418587],[105.537032,18.420635],[105.540397,18.420741],[105.540453,18.422845],[105.543907,18.42346],[105.544334,18.425153],[105.547976,18.426291],[105.552212,18.425209],[105.556573,18.429536]]]}},{"type":"Feature","properties":{"code":"18562","name":"Xã Thạch Hà","type":"Xã"},"geometry":{"type":"Polygon","coordinates":[[[105.856538,18.426103],[105.858289,18.423446],[105.867533,18.422486],[105.868301,18.417738],[105.86363,18.412087],[105.86362,18.410045],[105.875852,18.404964],[105.880798,18.398515],[105.870735,18.385154],[105.871317,18.379951],[105.875881,18.379048],[105.876242,18.377604],[105.865199,18.368375],[105.866412,18.366015],[105.869017,18.365656],[105.867724,18.362467],[105.871932,18.356177],[105.870002,18.354875],[105.871643,18.352448],[105.867861,18.351365],[105.867465,18.348191],[105.864297,18.347546],[105.862862,18.343268],[105.861463,18.34392],[105.863094,18.345635],[105.861066,18.345577],[105.859753,18.341749],[105.85917,18.344089],[105.856492,18.344622],[105.854048,18.342316],[105.850565,18.344746],[105.853104,18.350814],[105.851981,18.358975],[105.842275,18.359958],[105.838343,18.355026],[105.832922,18.353742],[105.829628,18.357755],[105.830228,18.363003],[105.826757,18.363302],[105.824661,18.365269],[105.826478,18.368064],[105.826594,18.373061],[105.823411,18.373119],[105.822958,18.374339],[105.823796,18.376264],[105.837707,18.37744],[105.835089,18.388234],[105.837329,18.390537],[105.83937,18.388992],[105.843024,18.389897],[105.841079,18.392888],[105.842201,18.393348],[105.841693,18.399646],[105.843114,18.404388],[105.841741,18.404817],[105.840733,18.401644],[105.839543,18.404017],[105.837104,18.403195],[105.837487,18.404693],[105.839788,18.405048],[105.84016,18.40735],[105.838388,18.409323],[105.837498,18.406952],[105.834572,18.406485],[105.835862,18.408961],[105.833414,18.41253],[105.836464,18.413851],[105.838632,18.417686],[105.842235,18.41811],[105.844595,18.41513],[105.848061,18.416951],[105.847836,18.42339],[105.846223,18.425578],[105.842461,18.426745],[105.841909,18.429114],[105.846113,18.432104],[105.854709,18.432966],[105.856507,18.431455],[105.856538,18.426103]]]}},{"type":"Feature","properties":{"code":"18604","name":"Xã Thạch Khê","type":"Xã"},"geometry":{"type":"Polygon","coordinates":[[[105.942402,18.471458],[105.943035,18.467533],[105.938989,18.465126],[105.940335,18.460272],[105.963491,18.421445],[105.982583,18.396873],[105.971668,18.389214],[105.966848,18.381809],[105.963588,18.379852],[105.961983,18.375322],[105.949702,18.37252],[105.949072,18.37122],[105.942406,18.371259],[105.942921,18.3733],[105.940898,18.37377],[105.938974,18.37289],[105.93846,18.368609],[105.93509,18.367239],[105.929376,18.375768],[105.931704,18.386794],[105.930782,18.390311],[105.918594,18.396855],[105.908438,18.393642],[105.902701,18.401098],[105.917054,18.413945],[105.919739,18.41891],[105.919274,18.42336],[105.910546,18.439169],[105.911091,18.442825],[105.915276,18.446819],[105.920954,18.446774],[105.924085,18.44917],[105.925342,18.445794],[105.930957,18.455757],[105.932036,18.45887],[105.931086,18.460998],[105.93337,18.461787],[105.936156,18.466557],[105.9393,18.466799],[105.939216,18.470394],[105.942402,18.471458]]]}},{"type":"Feature","properties":{"code":"18628","name":"Xã Thạch Lạc","type":"Xã"},"geometry":{"type":"Polygon","coordinates":[[[105.982913,18.39654],[105.993258,18.383678],[105.985702,18.379667],[105.974614,18.378619],[105.969662,18.374338],[105.969462,18.370813],[105.962464,18.36358],[105.965709,18.356259],[105.964056,18.353177],[105.965251,18.352222],[105.965218,18.346546],[105.967058,18.347241],[105.968295,18.344827],[105.967857,18.343118],[105.965823,18.343734],[105.965313,18.34171],[105.97019,18.340162],[105.96963,18.336395],[105.97237,18.332354],[105.971089,18.324423],[105.968037,18.32061],[105.969588,18.316669],[105.958285,18.317001],[105.957236,18.320084],[105.952239,18.318888],[105.948918,18.315794],[105.94242,18.316672],[105.943397,18.318063],[105.94121,18.320495],[105.943347,18.323004],[105.943201,18.326599],[105.94143,18.32499],[105.940776,18.326609],[105.931635,18.329918],[105.930649,18.33087],[105.933923,18.333153],[105.933916,18.335044],[105.928128,18.337511],[105.923565,18.334903],[105.919256,18.341098],[105.92037,18.344181],[105.925888,18.345966],[105.924081,18.349639],[105.924506,18.353754],[105.92674,18.354484],[105.931844,18.350833],[105.938071,18.351867],[105.938762,18.353888],[105.936809,18.356746],[105.930843,18.35985],[105.93509,18.367239],[105.938778,18.369035],[105.938997,18.372933],[105.941508,18.373789],[105.942921,18.3733],[105.942406,18.371259],[105.949072,18.37122],[105.949702,18.37252],[105.961923,18.375289],[105.963588,18.379852],[105.966848,18.381809],[105.971668,18.389214],[105.980685,18.396657],[105.982913,18.39654]]]}},{"type":"Feature","properties":{"code":"18667","name":"Xã Thạch Xuân","type":"Xã"},"geometry":{"type":"Polygon","coordinates":[[[105.864702,18.311618],[105.864761,18.308745],[105.866906,18.308009],[105.865756,18.307038],[105.871229,18.303983],[105.871697,18.301323],[105.874157,18.299409],[105.878428,18.299465],[105.879814,18.295554],[105.876905,18.294355],[105.877182,18.292021],[105.873835,18.28993],[105.867803,18.282023],[105.865895,18.282951],[105.864065,18.280674],[105.878695,18.273733],[105.881633,18.277464],[105.894096,18.280244],[105.897058,18.279029],[105.898009,18.280993],[105.900845,18.279833],[105.901239,18.28258],[105.905279,18.281149],[105.905696,18.276432],[105.907908,18.276916],[105.908269,18.274655],[105.911333,18.276599],[105.913111,18.275429],[105.912691,18.272103],[105.919619,18.267531],[105.912195,18.259718],[105.908731,18.262501],[105.901853,18.258073],[105.900083,18.258579],[105.898745,18.256152],[105.900547,18.254728],[105.895853,18.250836],[105.896895,18.249053],[105.888382,18.242701],[105.893212,18.23361],[105.89093,18.231298],[105.890667,18.224479],[105.886175,18.223133],[105.884979,18.221129],[105.882723,18.22244],[105.880444,18.218619],[105.877926,18.217711],[105.875836,18.20659],[105.876843,18.202375],[105.880683,18.198042],[105.879689,18.195828],[105.882475,18.185912],[105.862606,18.175609],[105.859302,18.171198],[105.869532,18.193972],[105.858747,18.211275],[105.84603,18.219985],[105.840608,18.221617],[105.838437,18.224119],[105.839703,18.231221],[105.83271,18.235293],[105.833611,18.239241],[105.837068,18.242645],[105.836652,18.246146],[105.839979,18.251937],[105.839548,18.254151],[105.83565,18.257684],[105.829453,18.25646],[105.8278,18.260509],[105.822325,18.263064],[105.819877,18.266109],[105.815518,18.266999],[105.802469,18.279183],[105.80584,18.279661],[105.807362,18.283775],[105.810915,18.28716],[105.814062,18.28553],[105.818544,18.288977],[105.823264,18.299662],[105.834885,18.307059],[105.836714,18.305493],[105.84737,18.305132],[105.853758,18.306551],[105.860974,18.313359],[105.864702,18.311618]]]}},{"type":"Feature","properties":{"code":"18373","name":"Xã Tiên Điền","type":"Xã"},"geometry":{"type":"Polygon","coordinates":[[[105.76544,18.672904],[105.770427,18.670137],[105.774151,18.670359],[105.775073,18.668701],[105.798861,18.670043],[105.811021,18.63173],[105.813184,18.628751],[105.800096,18.622537],[105.798156,18.621067],[105.798296,18.618814],[105.790908,18.61749],[105.792743,18.612288],[105.789521,18.610293],[105.79041,18.607305],[105.788702,18.605627],[105.78205,18.611815],[105.779858,18.605064],[105.768339,18.601879],[105.762081,18.606902],[105.760056,18.611191],[105.763878,18.61826],[105.763946,18.624799],[105.757745,18.638871],[105.761066,18.642385],[105.762537,18.639004],[105.766296,18.640383],[105.765337,18.642717],[105.767471,18.640887],[105.769698,18.641589],[105.767764,18.646319],[105.766357,18.645908],[105.762226,18.657401],[105.759646,18.655153],[105.758906,18.660152],[105.752882,18.659652],[105.750731,18.668206],[105.76544,18.672904]]]}},{"type":"Feature","properties":{"code":"18634","name":"Xã Toàn Lưu","type":"Xã"},"geometry":{"type":"Polygon","coordinates":[[[105.752484,18.344578],[105.755785,18.355722],[105.762259,18.355695],[105.76287,18.356965],[105.767924,18.354271],[105.77108,18.35121],[105.773554,18.344938],[105.779605,18.342229],[105.781032,18.33957],[105.785993,18.338852],[105.785838,18.332276],[105.787672,18.332901],[105.78777,18.335722],[105.789491,18.336657],[105.789529,18.341707],[105.787337,18.345251],[105.791987,18.346813],[105.79331,18.343269],[105.795227,18.342467],[105.801238,18.346011],[105.804159,18.342444],[105.81956,18.35305],[105.831107,18.356583],[105.832922,18.353742],[105.838343,18.355026],[105.841178,18.357017],[105.841331,18.359589],[105.844119,18.360313],[105.845614,18.358738],[105.850617,18.359286],[105.85287,18.35801],[105.853104,18.350814],[105.850565,18.344746],[105.854048,18.342316],[105.856805,18.344572],[105.857746,18.33938],[105.855329,18.337944],[105.856407,18.335891],[105.854359,18.331898],[105.851027,18.332344],[105.850489,18.323064],[105.844282,18.319625],[105.832307,18.304261],[105.823264,18.299662],[105.818544,18.288977],[105.814062,18.28553],[105.810915,18.28716],[105.807362,18.283775],[105.80584,18.279661],[105.802469,18.279183],[105.800105,18.279773],[105.79567,18.284544],[105.794903,18.291968],[105.79245,18.292353],[105.79038,18.297524],[105.78247,18.299487],[105.779194,18.296989],[105.771169,18.296842],[105.766563,18.2992],[105.762385,18.297409],[105.760213,18.294151],[105.756617,18.293987],[105.751059,18.297471],[105.756013,18.306208],[105.759046,18.308045],[105.761082,18.314275],[105.750296,18.320852],[105.751904,18.321658],[105.753791,18.327243],[105.75344,18.334319],[105.755505,18.339171],[105.752484,18.344578]]]}},{"type":"Feature","properties":{"code":"18436","name":"Xã Trường Lưu","type":"Xã"},"geometry":{"type":"Polygon","coordinates":[[[105.678586,18.507164],[105.682509,18.505491],[105.681087,18.495289],[105.682532,18.497163],[105.684744,18.496258],[105.686211,18.498164],[105.687706,18.496978],[105.688626,18.497972],[105.693641,18.489115],[105.700226,18.487879],[105.698152,18.484773],[105.69843,18.481358],[105.700634,18.480911],[105.701436,18.478928],[105.699075,18.47355],[105.6959,18.473011],[105.696665,18.470593],[105.692463,18.466974],[105.693573,18.464652],[105.692632,18.460838],[105.695592,18.453187],[105.685492,18.450778],[105.686488,18.447327],[105.684346,18.445158],[105.685037,18.441505],[105.683445,18.440868],[105.680218,18.432763],[105.678796,18.432674],[105.68088,18.428738],[105.679535,18.423644],[105.6732,18.412211],[105.671229,18.411202],[105.670014,18.41279],[105.663279,18.413723],[105.660743,18.412309],[105.646867,18.387949],[105.636698,18.393299],[105.641325,18.412543],[105.636521,18.41412],[105.635598,18.416684],[105.632556,18.417737],[105.6369,18.428222],[105.637144,18.43585],[105.634424,18.442352],[105.634722,18.451452],[105.638133,18.454383],[105.636749,18.457218],[105.637727,18.459442],[105.644946,18.459633],[105.646146,18.461509],[105.644894,18.462453],[105.646502,18.465525],[105.644622,18.46758],[105.646902,18.47016],[105.644318,18.474571],[105.645609,18.478377],[105.644053,18.478904],[105.645441,18.481658],[105.646544,18.482497],[105.647449,18.480943],[105.648397,18.483223],[105.651586,18.481548],[105.651358,18.483564],[105.65199,18.4823],[105.654968,18.48275],[105.656524,18.480683],[105.661536,18.481174],[105.661164,18.492428],[105.668317,18.496581],[105.666273,18.498334],[105.667601,18.504509],[105.671939,18.507176],[105.67646,18.513752],[105.676722,18.512136],[105.679993,18.511626],[105.678586,18.507164]]]}},{"type":"Feature","properties":{"code":"18418","name":"Xã Tùng Lộc","type":"Xã"},"geometry":{"type":"Polygon","coordinates":[[[105.816787,18.528333],[105.814346,18.500223],[105.81077,18.495417],[105.811458,18.482543],[105.814101,18.483218],[105.816197,18.48112],[105.818659,18.482347],[105.819381,18.479618],[105.824539,18.478025],[105.827398,18.470778],[105.823774,18.469735],[105.822216,18.46702],[105.826121,18.462309],[105.821871,18.461248],[105.820415,18.453985],[105.823638,18.452052],[105.826166,18.452884],[105.825249,18.454969],[105.826668,18.45571],[105.827991,18.453444],[105.830805,18.453489],[105.829047,18.450217],[105.831909,18.446892],[105.828671,18.444603],[105.830539,18.441633],[105.827981,18.441185],[105.823609,18.436897],[105.806958,18.43756],[105.807256,18.440467],[105.81237,18.440962],[105.812761,18.443255],[105.810754,18.444852],[105.805673,18.444845],[105.80247,18.447804],[105.80013,18.442458],[105.798054,18.44218],[105.795609,18.444265],[105.793387,18.447173],[105.795503,18.451654],[105.790587,18.452362],[105.79482,18.458511],[105.793509,18.459485],[105.788827,18.457675],[105.786729,18.459023],[105.784413,18.463438],[105.7879,18.46682],[105.787744,18.471451],[105.783745,18.473821],[105.783369,18.477394],[105.781469,18.478568],[105.785137,18.481709],[105.786726,18.496081],[105.790132,18.499012],[105.789905,18.504381],[105.786362,18.506849],[105.787878,18.507373],[105.788383,18.513712],[105.783261,18.522489],[105.784668,18.527534],[105.78863,18.530119],[105.791739,18.536432],[105.78933,18.538112],[105.790342,18.546477],[105.808008,18.547328],[105.814888,18.541739],[105.814741,18.534513],[105.816787,18.528333]]]}},{"type":"Feature","properties":{"code":"18202","name":"Xã Tứ Mỹ","type":"Xã"},"geometry":{"type":"Polygon","coordinates":[[[105.536015,18.561152],[105.548089,18.550334],[105.551081,18.544993],[105.550043,18.539671],[105.547587,18.539746],[105.547451,18.538386],[105.550131,18.527594],[105.553998,18.526237],[105.553306,18.511722],[105.547509,18.502619],[105.5386,18.496821],[105.539008,18.495113],[105.542523,18.493704],[105.533337,18.488568],[105.52902,18.483307],[105.527497,18.484359],[105.522738,18.481026],[105.519408,18.487006],[105.512025,18.486868],[105.510972,18.491451],[105.507231,18.49273],[105.496051,18.506005],[105.491972,18.506285],[105.489178,18.504692],[105.48483,18.506723],[105.482755,18.50954],[105.482971,18.516257],[105.484919,18.517615],[105.489488,18.516899],[105.491222,18.526675],[105.499044,18.536455],[105.507692,18.538692],[105.512347,18.544297],[105.522524,18.544724],[105.52108,18.550562],[105.522952,18.553999],[105.52576,18.555385],[105.524553,18.557518],[105.530887,18.56097],[105.533526,18.559987],[105.536015,18.561152]]]}},{"type":"Feature","properties":{"code":"18601","name":"Xã Việt Xuyên","type":"Xã"},"geometry":{"type":"Polygon","coordinates":[[[105.822587,18.407707],[105.829268,18.404316],[105.829919,18.401599],[105.83925,18.404047],[105.840733,18.401644],[105.841741,18.404817],[105.843114,18.404388],[105.841693,18.399646],[105.842201,18.393348],[105.841079,18.392888],[105.843024,18.389897],[105.83937,18.388992],[105.837329,18.390537],[105.835089,18.388234],[105.837742,18.377488],[105.823796,18.376264],[105.822984,18.374501],[105.823411,18.373119],[105.826648,18.372948],[105.826478,18.368064],[105.824661,18.365269],[105.826757,18.363302],[105.830228,18.363003],[105.830222,18.356242],[105.818122,18.352321],[105.804159,18.342444],[105.801238,18.346011],[105.795227,18.342467],[105.79331,18.343269],[105.791987,18.346813],[105.787337,18.345251],[105.789529,18.341707],[105.789491,18.336657],[105.78777,18.335722],[105.787672,18.332901],[105.785838,18.332276],[105.785993,18.338852],[105.781032,18.33957],[105.779605,18.342229],[105.773554,18.344938],[105.771513,18.350477],[105.768382,18.353824],[105.773028,18.356306],[105.771823,18.357312],[105.773261,18.361251],[105.774886,18.358767],[105.7777,18.359735],[105.77584,18.362924],[105.77661,18.368529],[105.777604,18.369763],[105.782292,18.368939],[105.783045,18.370604],[105.78116,18.373715],[105.782977,18.375702],[105.787572,18.374509],[105.787719,18.382245],[105.792153,18.380377],[105.795127,18.381649],[105.796083,18.385318],[105.793658,18.385852],[105.791287,18.391385],[105.788659,18.391956],[105.788401,18.394668],[105.791072,18.39446],[105.790144,18.398393],[105.794801,18.401897],[105.795163,18.398105],[105.800693,18.399528],[105.800691,18.397603],[105.803417,18.398154],[105.805148,18.396396],[105.808844,18.398944],[105.814828,18.395929],[105.817373,18.397234],[105.818995,18.405858],[105.822587,18.407707]]]}},{"type":"Feature","properties":{"code":"18313","name":"Xã Vũ Quang","type":"Xã"},"geometry":{"type":"Polygon","coordinates":[[[105.604452,18.326369],[105.603315,18.331961],[105.599065,18.3299],[105.595657,18.332435],[105.592071,18.331995],[105.591846,18.313875],[105.588061,18.312305],[105.583297,18.31391],[105.580769,18.310427],[105.575035,18.308422],[105.57346,18.306102],[105.564476,18.308164],[105.562234,18.304236],[105.559188,18.302459],[105.559767,18.297958],[105.556604,18.294892],[105.549215,18.29439],[105.53879,18.304637],[105.533954,18.304067],[105.530044,18.306048],[105.516169,18.307464],[105.507259,18.303669],[105.504567,18.305112],[105.502444,18.302882],[105.493636,18.306696],[105.490265,18.302256],[105.489027,18.291552],[105.486217,18.289395],[105.485647,18.286957],[105.487213,18.285052],[105.484795,18.282063],[105.485997,18.280129],[105.482072,18.277287],[105.48208,18.273455],[105.47915,18.270838],[105.479122,18.26737],[105.468453,18.262656],[105.466146,18.258985],[105.46749,18.253756],[105.464229,18.243499],[105.46206,18.240961],[105.461643,18.234222],[105.456098,18.223973],[105.455665,18.210883],[105.452235,18.20804],[105.452285,18.204863],[105.450684,18.203641],[105.442318,18.203396],[105.44259,18.201124],[105.447104,18.199429],[105.44603,18.192811],[105.441559,18.188734],[105.438357,18.180707],[105.431745,18.17926],[105.426623,18.183423],[105.420531,18.183246],[105.41432,18.172772],[105.415224,18.16545],[105.412508,18.156855],[105.409623,18.153457],[105.404515,18.157045],[105.403845,18.159695],[105.400255,18.16071],[105.396039,18.15867],[105.392137,18.159452],[105.391059,18.162446],[105.387549,18.164388],[105.383704,18.170157],[105.376559,18.165849],[105.376428,18.160446],[105.367279,18.161007],[105.363451,18.163723],[105.362289,18.170079],[105.351971,18.184009],[105.336155,18.182312],[105.337536,18.183924],[105.337717,18.191274],[105.329204,18.19157],[105.32949,18.193326],[105.326354,18.194357],[105.319995,18.200395],[105.321737,18.205004],[105.325836,18.209364],[105.325638,18.220476],[105.32371,18.223102],[105.323196,18.228338],[105.32553,18.232351],[105.324929,18.237539],[105.328265,18.240994],[105.331493,18.25244],[105.328797,18.258383],[105.330061,18.262219],[105.328588,18.264514],[105.322153,18.264718],[105.320029,18.266477],[105.316394,18.264266],[105.312966,18.264482],[105.310718,18.266132],[105.305401,18.256775],[105.30696,18.251284],[105.302913,18.244656],[105.300168,18.235463],[105.295713,18.242317],[105.295743,18.246952],[105.299679,18.254495],[105.2975,18.256176],[105.29233,18.254973],[105.290774,18.256431],[105.288379,18.254858],[105.287669,18.25879],[105.281791,18.260817],[105.281251,18.257527],[105.278037,18.254077],[105.275934,18.253985],[105.272391,18.259531],[105.267213,18.257971],[105.263518,18.259726],[105.256602,18.258973],[105.256232,18.260125],[105.256185,18.264306],[105.258331,18.268014],[105.286438,18.27203],[105.299559,18.27955],[105.301387,18.29361],[105.308048,18.295174],[105.309124,18.308955],[105.307219,18.313053],[105.313478,18.322101],[105.318812,18.324424],[105.319769,18.32997],[105.322531,18.331524],[105.328126,18.345762],[105.331991,18.350898],[105.329579,18.353988],[105.332153,18.35689],[105.332863,18.362574],[105.337923,18.370958],[105.340871,18.371927],[105.342089,18.375401],[105.349865,18.379534],[105.354425,18.378789],[105.358172,18.376157],[105.359717,18.371927],[105.369398,18.369826],[105.385294,18.373164],[105.389588,18.385827],[105.388797,18.388918],[105.39353,18.396013],[105.395435,18.402441],[105.38865,18.408004],[105.380303,18.411287],[105.377354,18.415288],[105.379719,18.418011],[105.37855,18.424844],[105.38224,18.430371],[105.385431,18.431644],[105.391693,18.438815],[105.393447,18.448643],[105.395344,18.444101],[105.400987,18.437801],[105.4088,18.438243],[105.417523,18.445269],[105.436837,18.428421],[105.438091,18.430206],[105.440952,18.429406],[105.454202,18.432595],[105.456621,18.426712],[105.466253,18.421604],[105.469158,18.417196],[105.473033,18.415783],[105.474271,18.416698],[105.479099,18.409326],[105.485825,18.406773],[105.486918,18.403114],[105.490315,18.403604],[105.492135,18.401274],[105.501846,18.397991],[105.503105,18.395683],[105.505371,18.395646],[105.505207,18.394077],[105.508928,18.394386],[105.512294,18.403413],[105.517188,18.403878],[105.51903,18.396182],[105.524437,18.394539],[105.522589,18.390633],[105.519898,18.389475],[105.520854,18.385529],[105.524541,18.384568],[105.530458,18.379969],[105.535096,18.379784],[105.541604,18.374361],[105.546675,18.372887],[105.548949,18.374297],[105.55474,18.373611],[105.562784,18.367082],[105.572854,18.361804],[105.580869,18.362034],[105.584927,18.363903],[105.586813,18.361536],[105.59277,18.366375],[105.597464,18.366392],[105.600344,18.370396],[105.606633,18.369665],[105.611036,18.362672],[105.615614,18.362358],[105.610362,18.344739],[105.616268,18.343023],[105.619418,18.33902],[105.614845,18.329695],[105.611751,18.329275],[105.611757,18.327302],[105.604452,18.326369]]]}},{"type":"Feature","properties":{"code":"18481","name":"Xã Xuân Lộc","type":"Xã"},"geometry":{"type":"Polygon","coordinates":[[[105.755785,18.355722],[105.752484,18.344578],[105.755505,18.339171],[105.75344,18.334319],[105.753827,18.327524],[105.751845,18.321592],[105.746486,18.321845],[105.733911,18.328165],[105.736705,18.337978],[105.741257,18.340855],[105.742659,18.344683],[105.750009,18.347338],[105.752143,18.352396],[105.750977,18.355098],[105.754093,18.356939],[105.75827,18.356681],[105.760803,18.360567],[105.76219,18.368481],[105.761061,18.371158],[105.763285,18.372635],[105.761497,18.376357],[105.765466,18.377671],[105.76277,18.382124],[105.766133,18.380265],[105.767521,18.381512],[105.764118,18.3834],[105.765603,18.393108],[105.762873,18.393104],[105.759452,18.396743],[105.757554,18.395542],[105.755288,18.398021],[105.750549,18.397342],[105.737825,18.392258],[105.742688,18.403667],[105.745552,18.406879],[105.745428,18.411439],[105.747622,18.413331],[105.745977,18.415785],[105.747349,18.417706],[105.749144,18.437746],[105.753002,18.440135],[105.756239,18.433748],[105.759127,18.435196],[105.761426,18.431692],[105.761602,18.434523],[105.769962,18.433589],[105.766575,18.439367],[105.772505,18.442548],[105.773948,18.435818],[105.776873,18.436652],[105.77675,18.434941],[105.780612,18.431381],[105.784245,18.429926],[105.783791,18.426199],[105.78541,18.424053],[105.784395,18.421277],[105.780127,18.420607],[105.782643,18.41878],[105.782658,18.416633],[105.779337,18.416312],[105.77709,18.412021],[105.78048,18.407867],[105.783991,18.411255],[105.784824,18.408031],[105.789278,18.408498],[105.786308,18.405443],[105.786613,18.400779],[105.790144,18.398393],[105.791074,18.394876],[105.788401,18.394668],[105.788497,18.392502],[105.791287,18.391385],[105.793658,18.385852],[105.796171,18.384823],[105.795127,18.381649],[105.792454,18.380455],[105.787719,18.382245],[105.787572,18.374509],[105.783374,18.375796],[105.781538,18.374656],[105.782292,18.368939],[105.777436,18.369657],[105.77584,18.362924],[105.7777,18.359735],[105.774886,18.358767],[105.773261,18.361251],[105.771823,18.357312],[105.773028,18.356306],[105.76954,18.353619],[105.762998,18.356947],[105.762259,18.355695],[105.755785,18.355722]]]}},{"type":"Feature","properties":{"code":"18682","name":"Xã Yên Hòa","type":"Xã"},"geometry":{"type":"Polygon","coordinates":[[[106.026215,18.345173],[106.058889,18.309767],[106.078393,18.293276],[106.064044,18.279771],[106.060493,18.271825],[106.049853,18.280542],[106.045684,18.281032],[106.040247,18.284522],[106.036581,18.289398],[106.037908,18.290422],[106.034913,18.290436],[106.033534,18.292065],[106.031624,18.290902],[106.025562,18.297861],[106.012226,18.286607],[106.007644,18.288308],[106.004157,18.292855],[106.000954,18.292741],[105.998223,18.295017],[105.996208,18.293242],[105.984345,18.301324],[105.983504,18.303274],[105.989872,18.313904],[105.99666,18.320423],[105.996865,18.323231],[105.998148,18.322131],[106.003415,18.327573],[106.006808,18.327795],[106.007358,18.330604],[106.010045,18.332371],[106.011247,18.331318],[106.016046,18.339496],[106.021466,18.342624],[106.023913,18.342324],[106.026215,18.345173]]]}},{"type":"Feature","properties":{"code":"18364","name":"Xã Đan Hải","type":"Xã"},"geometry":{"type":"Polygon","coordinates":[[[105.769468,18.766225],[105.774532,18.762665],[105.77737,18.757393],[105.784145,18.736145],[105.798861,18.670043],[105.775073,18.668701],[105.774151,18.670359],[105.770427,18.670137],[105.764799,18.67326],[105.768171,18.67747],[105.767942,18.684967],[105.757446,18.702979],[105.753775,18.715333],[105.742003,18.740492],[105.743639,18.749467],[105.748938,18.754763],[105.758826,18.760434],[105.761768,18.758511],[105.773267,18.759779],[105.769683,18.758517],[105.775139,18.757522],[105.772018,18.763871],[105.770436,18.764853],[105.767517,18.763421],[105.769468,18.766225]]]}},{"type":"Feature","properties":{"code":"18586","name":"Xã Đông Kinh","type":"Xã"},"geometry":{"type":"Polygon","coordinates":[[[105.844198,18.464882],[105.849585,18.461008],[105.849816,18.458162],[105.848328,18.456363],[105.848746,18.45082],[105.84498,18.44676],[105.845491,18.441019],[105.847278,18.438984],[105.846219,18.436039],[105.847341,18.432435],[105.841579,18.428207],[105.847836,18.42339],[105.848579,18.418427],[105.845286,18.415127],[105.843319,18.415538],[105.842235,18.41811],[105.838632,18.417686],[105.836464,18.413851],[105.833649,18.413038],[105.835862,18.408961],[105.834468,18.4066],[105.837498,18.406952],[105.838922,18.409299],[105.839569,18.404784],[105.834535,18.403375],[105.834549,18.40192],[105.833602,18.402938],[105.829919,18.401599],[105.829268,18.404316],[105.822587,18.407707],[105.818995,18.405858],[105.817373,18.397234],[105.814828,18.395929],[105.808844,18.398944],[105.805148,18.396396],[105.803417,18.398154],[105.800691,18.397603],[105.800693,18.399528],[105.795163,18.398105],[105.794801,18.401897],[105.790627,18.398391],[105.786719,18.400623],[105.786405,18.406053],[105.789278,18.408498],[105.784824,18.408031],[105.783991,18.411255],[105.78048,18.407867],[105.777007,18.412287],[105.779337,18.416312],[105.782658,18.416633],[105.782643,18.41878],[105.780322,18.419435],[105.780278,18.420804],[105.784994,18.422112],[105.783718,18.426618],[105.784582,18.430644],[105.788085,18.429733],[105.7888,18.424571],[105.792303,18.424992],[105.804341,18.417587],[105.804166,18.421879],[105.809115,18.424464],[105.807752,18.426994],[105.80348,18.427677],[105.806023,18.430207],[105.804986,18.433841],[105.806452,18.437367],[105.8159,18.438147],[105.823609,18.436897],[105.827981,18.441185],[105.830619,18.441733],[105.828671,18.444603],[105.831916,18.446711],[105.829047,18.450217],[105.831017,18.453243],[105.827991,18.453444],[105.826668,18.45571],[105.825249,18.454969],[105.825827,18.452677],[105.823468,18.452017],[105.820688,18.453524],[105.820022,18.456964],[105.821871,18.461248],[105.828692,18.462365],[105.831539,18.45943],[105.83835,18.458429],[105.838864,18.462843],[105.844198,18.464882]]]}},{"type":"Feature","properties":{"code":"18484","name":"Xã Đồng Lộc","type":"Xã"},"geometry":{"type":"Polygon","coordinates":[[[105.729017,18.437507],[105.729943,18.43148],[105.737227,18.43406],[105.737619,18.431658],[105.741069,18.429935],[105.748239,18.431272],[105.747349,18.417706],[105.745977,18.415785],[105.747622,18.413331],[105.745428,18.411439],[105.745552,18.406879],[105.742688,18.403667],[105.737825,18.392258],[105.750549,18.397342],[105.755288,18.398021],[105.757554,18.395542],[105.759452,18.396743],[105.762873,18.393104],[105.765603,18.393108],[105.764118,18.3834],[105.767521,18.381512],[105.766133,18.380265],[105.76277,18.382124],[105.765466,18.377671],[105.761497,18.376357],[105.763285,18.372635],[105.761061,18.371158],[105.761524,18.362243],[105.75832,18.356739],[105.754093,18.356939],[105.750977,18.355098],[105.752143,18.352396],[105.750009,18.347338],[105.742659,18.344683],[105.741257,18.340855],[105.736602,18.337551],[105.733604,18.33913],[105.733646,18.341214],[105.730489,18.344584],[105.72872,18.344209],[105.721733,18.349675],[105.691778,18.35656],[105.678447,18.365731],[105.667641,18.368113],[105.662962,18.37114],[105.669009,18.374815],[105.670644,18.380899],[105.673689,18.384541],[105.673063,18.387723],[105.675038,18.389946],[105.671289,18.395251],[105.677188,18.400909],[105.675351,18.403618],[105.678193,18.408426],[105.684165,18.409735],[105.684406,18.41426],[105.69083,18.416033],[105.694025,18.419456],[105.693804,18.42112],[105.700028,18.424786],[105.700446,18.428939],[105.702393,18.428639],[105.702653,18.430536],[105.706346,18.427918],[105.708553,18.428967],[105.71235,18.427439],[105.712984,18.430739],[105.717958,18.429381],[105.719199,18.431128],[105.723612,18.432037],[105.725489,18.436586],[105.729017,18.437507]]]}},{"type":"Feature","properties":{"code":"18619","name":"Xã Đồng Tiến","type":"Xã"},"geometry":{"type":"Polygon","coordinates":[[[105.993258,18.383678],[106.026215,18.345173],[106.023913,18.342324],[106.021466,18.342624],[106.016046,18.339496],[106.011247,18.331318],[106.010045,18.332371],[106.007358,18.330604],[106.006808,18.327795],[106.003415,18.327573],[105.998148,18.322131],[105.996865,18.323231],[105.99666,18.320423],[105.989872,18.313904],[105.983504,18.303274],[105.972488,18.311886],[105.968632,18.318693],[105.968037,18.32061],[105.971089,18.324423],[105.97237,18.332354],[105.96963,18.336395],[105.97019,18.340162],[105.965313,18.34171],[105.965823,18.343734],[105.967857,18.343118],[105.968295,18.344827],[105.967058,18.347241],[105.965218,18.346546],[105.965251,18.352222],[105.964056,18.353177],[105.965709,18.356259],[105.962464,18.36358],[105.969462,18.370813],[105.969662,18.374338],[105.974614,18.378619],[105.985702,18.379667],[105.993258,18.383678]]]}},{"type":"Feature","properties":{"code":"18244","name":"Xã Đức Minh","type":"Xã"},"geometry":{"type":"Polygon","coordinates":[[[105.617342,18.57879],[105.619162,18.567436],[105.629325,18.568349],[105.624885,18.565862],[105.626026,18.562415],[105.619662,18.559969],[105.616273,18.555591],[105.61395,18.547794],[105.615743,18.536594],[105.608889,18.528355],[105.60624,18.527426],[105.603467,18.528737],[105.594274,18.538786],[105.587406,18.543853],[105.577325,18.546375],[105.56268,18.541442],[105.555741,18.532474],[105.553998,18.526237],[105.550471,18.527039],[105.547451,18.538386],[105.547587,18.539746],[105.550043,18.539671],[105.551473,18.543129],[105.546615,18.553189],[105.549529,18.553279],[105.553931,18.557815],[105.565538,18.559859],[105.568121,18.561872],[105.568326,18.560274],[105.572589,18.560559],[105.572746,18.558613],[105.576722,18.558487],[105.577675,18.560136],[105.583701,18.558784],[105.58934,18.572848],[105.593563,18.572204],[105.599427,18.577086],[105.603118,18.574926],[105.617342,18.57879]]]}},{"type":"Feature","properties":{"code":"18262","name":"Xã Đức Quang","type":"Xã"},"geometry":{"type":"Polygon","coordinates":[[[105.637096,18.574436],[105.664311,18.584648],[105.669528,18.584326],[105.665766,18.561666],[105.660682,18.557276],[105.662043,18.556263],[105.666164,18.557224],[105.670604,18.55421],[105.673193,18.554276],[105.673707,18.547193],[105.668437,18.542361],[105.664855,18.541758],[105.664422,18.538189],[105.656559,18.538407],[105.651055,18.536833],[105.649836,18.533658],[105.64577,18.530933],[105.643661,18.531276],[105.641961,18.525991],[105.636697,18.522521],[105.625332,18.522938],[105.617844,18.516268],[105.614058,18.515768],[105.612595,18.511699],[105.609797,18.512457],[105.609246,18.510709],[105.603263,18.509899],[105.597275,18.513417],[105.596025,18.516041],[105.601658,18.526974],[105.603467,18.528737],[105.60624,18.527426],[105.608674,18.528226],[105.615139,18.534895],[105.614084,18.549305],[105.617594,18.557754],[105.626026,18.562415],[105.624885,18.565862],[105.637096,18.574436]]]}},{"type":"Feature","properties":{"code":"18277","name":"Xã Đức Thịnh","type":"Xã"},"geometry":{"type":"Polygon","coordinates":[[[105.660265,18.538454],[105.67465,18.534151],[105.676071,18.529224],[105.678641,18.533841],[105.681573,18.531491],[105.684899,18.531321],[105.685048,18.52801],[105.687605,18.527126],[105.687345,18.523872],[105.679841,18.523011],[105.676786,18.513805],[105.674455,18.512364],[105.671939,18.507176],[105.667601,18.504509],[105.666273,18.498334],[105.668317,18.496581],[105.661164,18.492428],[105.661536,18.481174],[105.656524,18.480683],[105.654968,18.48275],[105.65199,18.4823],[105.651358,18.483564],[105.651586,18.481548],[105.648397,18.483223],[105.647449,18.480943],[105.646544,18.482497],[105.645405,18.481607],[105.644053,18.478904],[105.645609,18.478377],[105.644318,18.474571],[105.646902,18.47016],[105.644622,18.46758],[105.646502,18.465525],[105.644894,18.462453],[105.646146,18.461509],[105.644946,18.459633],[105.637727,18.459442],[105.636749,18.457218],[105.638133,18.454383],[105.634722,18.451452],[105.634424,18.442352],[105.637144,18.43585],[105.6369,18.428222],[105.632556,18.417737],[105.629649,18.419117],[105.622128,18.427796],[105.614998,18.441356],[105.604211,18.449812],[105.600267,18.45951],[105.608019,18.467784],[105.607521,18.471438],[105.610631,18.477933],[105.612184,18.476892],[105.613721,18.481615],[105.61834,18.486526],[105.616997,18.486144],[105.617487,18.490016],[105.61513,18.493566],[105.611319,18.491317],[105.606066,18.493217],[105.605706,18.494788],[105.614058,18.515768],[105.617844,18.516268],[105.626455,18.5235],[105.628988,18.523757],[105.63033,18.521842],[105.633346,18.523503],[105.636697,18.522521],[105.641961,18.525991],[105.643661,18.531276],[105.64577,18.530933],[105.649836,18.533658],[105.651055,18.536833],[105.660265,18.538454]]]}},{"type":"Feature","properties":{"code":"18229","name":"Xã Đức Thọ","type":"Xã"},"geometry":{"type":"Polygon","coordinates":[[[105.603467,18.528737],[105.596025,18.516041],[105.597275,18.513417],[105.603263,18.509899],[105.609246,18.510709],[105.609797,18.512457],[105.612595,18.511699],[105.606066,18.493217],[105.611319,18.491317],[105.61513,18.493566],[105.617487,18.490016],[105.616997,18.486144],[105.61834,18.486526],[105.613721,18.481615],[105.612184,18.476892],[105.610631,18.477933],[105.607521,18.471438],[105.608185,18.468042],[105.602099,18.461192],[105.600267,18.45951],[105.598683,18.463844],[105.593591,18.463081],[105.592129,18.466472],[105.584961,18.467235],[105.584907,18.46982],[105.582988,18.467291],[105.581105,18.467774],[105.579555,18.470151],[105.574425,18.471075],[105.57133,18.473446],[105.570488,18.468554],[105.564893,18.469655],[105.565267,18.46648],[105.556754,18.466142],[105.554914,18.463157],[105.55182,18.466336],[105.542778,18.46929],[105.542128,18.473324],[105.549452,18.473712],[105.553148,18.484483],[105.538388,18.496392],[105.547509,18.502619],[105.553202,18.511449],[105.553452,18.523719],[105.555424,18.531736],[105.561519,18.540457],[105.573665,18.545899],[105.585253,18.544895],[105.594274,18.538786],[105.603467,18.528737]]]}},{"type":"Feature","properties":{"code":"18304","name":"Xã Đức Đồng","type":"Xã"},"geometry":{"type":"Polygon","coordinates":[[[105.570993,18.473331],[105.579555,18.470151],[105.582657,18.467303],[105.584966,18.469799],[105.584961,18.467235],[105.592129,18.466472],[105.593591,18.463081],[105.598788,18.463754],[105.603948,18.450183],[105.615328,18.44096],[105.626543,18.422422],[105.629649,18.419117],[105.635598,18.416684],[105.636521,18.41412],[105.641325,18.412543],[105.636698,18.393299],[105.615161,18.405795],[105.606408,18.408689],[105.59875,18.417427],[105.596441,18.412926],[105.598014,18.410323],[105.597265,18.408097],[105.592443,18.405509],[105.586325,18.408587],[105.56999,18.425536],[105.563463,18.428644],[105.556573,18.429536],[105.552212,18.425209],[105.547976,18.426291],[105.544334,18.425153],[105.541986,18.433691],[105.542348,18.43922],[105.539308,18.442565],[105.542722,18.450614],[105.540916,18.459969],[105.543628,18.464253],[105.540574,18.468782],[105.541615,18.472845],[105.542778,18.46929],[105.55182,18.466336],[105.554651,18.463134],[105.556754,18.466142],[105.565267,18.46648],[105.564893,18.469655],[105.570488,18.468554],[105.570993,18.473331]]]}}]}