{"type":"FeatureCollection","features":[{"type":"Feature","properties":{"code":"19009","name":"Phường Ba Đồn","type":"Phường"},"geometry":{"type":"Polygon","coordinates":[[[106.397144,17.765885],[106.404557,17.763577],[106.40765,17.7711],[106.418213,17.779537],[106.415797,17.794709],[106.424883,17.796929],[106.439794,17.771102],[106.440753,17.764923],[106.43916,17.761778],[106.43527,17.759127],[106.430238,17.760056],[106.430952,17.754212],[106.432743,17.754329],[106.432488,17.752711],[106.425724,17.751433],[106.423803,17.748391],[106.424244,17.74499],[106.421302,17.744831],[106.417675,17.742155],[106.398269,17.748728],[106.387189,17.744736],[106.353816,17.755092],[106.349116,17.760364],[106.357581,17.759142],[106.362623,17.761945],[106.378522,17.756869],[106.388319,17.756565],[106.391297,17.754193],[106.394253,17.76445],[106.397144,17.765885]]]}},{"type":"Feature","properties":{"code":"19066","name":"Phường Bắc Gianh","type":"Phường"},"geometry":{"type":"Polygon","coordinates":[[[106.457369,17.777411],[106.47175,17.741879],[106.487526,17.714939],[106.489194,17.704235],[106.480941,17.70442],[106.439509,17.713987],[106.435503,17.717366],[106.432845,17.732739],[106.4176762,17.7421562],[106.421302,17.744831],[106.424244,17.74499],[106.423803,17.748391],[106.425724,17.751433],[106.432488,17.752711],[106.432743,17.754329],[106.430952,17.754212],[106.430238,17.760056],[106.435126,17.759068],[106.43916,17.761778],[106.440731,17.764722],[106.440433,17.76961],[106.457369,17.777411]]]}},{"type":"Feature","properties":{"code":"19351","name":"Phường Nam Đông Hà","type":"Phường"},"geometry":{"type":"Polygon","coordinates":[[[107.125658,16.842239],[107.129617,16.829102],[107.138982,16.820792],[107.143906,16.809242],[107.148481,16.803607],[107.143566,16.80295],[107.139111,16.799346],[107.133677,16.798157],[107.127244,16.791038],[107.126072,16.786026],[107.121655,16.778858],[107.109851,16.77291],[107.107275,16.772999],[107.106123,16.776615],[107.10426,16.777407],[107.099386,16.77643],[107.099162,16.773206],[107.097422,16.772964],[107.097046,16.777761],[107.093731,16.777984],[107.092108,16.781431],[107.089326,16.778735],[107.086342,16.779746],[107.081895,16.777722],[107.080478,16.773836],[107.078715,16.774528],[107.071496,16.771917],[107.07124,16.770751],[107.073236,16.770219],[107.072053,16.766224],[107.073173,16.763424],[107.06953,16.765753],[107.06885,16.763731],[107.066614,16.764877],[107.065264,16.763219],[107.062822,16.763735],[107.058702,16.766761],[107.058098,16.77227],[107.066187,16.787663],[107.07147,16.787831],[107.074585,16.792208],[107.086243,16.798929],[107.086998,16.810266],[107.092457,16.811268],[107.093559,16.808389],[107.095182,16.808184],[107.095911,16.81162],[107.10804,16.817072],[107.099981,16.825689],[107.10673,16.833844],[107.110505,16.836683],[107.116232,16.835259],[107.120903,16.836404],[107.125658,16.842239]]]}},{"type":"Feature","properties":{"code":"19360","name":"Phường Quảng Trị","type":"Phường"},"geometry":{"type":"Polygon","coordinates":[[[107.159009,16.727512],[107.161817,16.728908],[107.161008,16.730884],[107.163512,16.733171],[107.173893,16.73333],[107.175606,16.73553],[107.177488,16.744275],[107.17609,16.752485],[107.180373,16.758756],[107.186303,16.757566],[107.186981,16.758895],[107.19009,16.757413],[107.194084,16.759251],[107.194111,16.756749],[107.199149,16.759967],[107.202905,16.758603],[107.203928,16.756418],[107.197815,16.751906],[107.198842,16.748532],[107.196565,16.739561],[107.191927,16.741198],[107.19086,16.733317],[107.192533,16.727318],[107.190512,16.725019],[107.192338,16.722379],[107.190729,16.717588],[107.188987,16.716999],[107.189495,16.713657],[107.186899,16.709794],[107.184272,16.709545],[107.182229,16.706269],[107.178677,16.70453],[107.179951,16.700537],[107.183247,16.699076],[107.185233,16.694124],[107.184545,16.689515],[107.185803,16.687188],[107.184043,16.684022],[107.185435,16.680726],[107.179549,16.677751],[107.179493,16.676064],[107.181663,16.675006],[107.180688,16.669028],[107.177754,16.665529],[107.175223,16.655496],[107.17073,16.652881],[107.168977,16.649597],[107.167415,16.644086],[107.168434,16.640078],[107.165289,16.639039],[107.153333,16.641425],[107.14315,16.635004],[107.138485,16.637828],[107.136112,16.636066],[107.132234,16.637239],[107.126389,16.634387],[107.120532,16.637475],[107.111992,16.63703],[107.107474,16.6317],[107.104388,16.631919],[107.09872,16.635733],[107.095349,16.633114],[107.087706,16.632759],[107.085002,16.628667],[107.077869,16.628601],[107.076968,16.631053],[107.078084,16.633172],[107.073025,16.637855],[107.074451,16.639448],[107.072293,16.641622],[107.074505,16.646337],[107.06758,16.646997],[107.068456,16.651062],[107.070572,16.652401],[107.079067,16.652383],[107.082437,16.656086],[107.088252,16.654492],[107.093017,16.664398],[107.101502,16.659587],[107.104684,16.665901],[107.109086,16.663717],[107.113134,16.664212],[107.118915,16.674562],[107.118873,16.681519],[107.117053,16.685195],[107.117989,16.687738],[107.136997,16.70119],[107.145551,16.700413],[107.149935,16.704741],[107.164833,16.709393],[107.170167,16.726605],[107.169409,16.72931],[107.167309,16.729326],[107.167515,16.730578],[107.165238,16.729567],[107.165757,16.725908],[107.160026,16.722528],[107.159009,16.727512]]]}},{"type":"Feature","properties":{"code":"19333","name":"Phường Đông Hà","type":"Phường"},"geometry":{"type":"Polygon","coordinates":[[[107.10695,16.862052],[107.108423,16.85941],[107.110921,16.861237],[107.112453,16.860263],[107.1121,16.858568],[107.107646,16.856626],[107.110299,16.849385],[107.115302,16.851641],[107.118944,16.844462],[107.124863,16.846878],[107.125658,16.842239],[107.12356,16.838511],[107.117496,16.835338],[107.111351,16.836732],[107.108426,16.835432],[107.099981,16.825689],[107.107899,16.81689],[107.105499,16.816987],[107.095911,16.81162],[107.095182,16.808184],[107.093559,16.808389],[107.092457,16.811268],[107.086998,16.810266],[107.086243,16.798929],[107.074585,16.792208],[107.07147,16.787831],[107.066187,16.787663],[107.061148,16.780044],[107.05774,16.769776],[107.058702,16.766761],[107.065264,16.763219],[107.063196,16.761921],[107.065177,16.759494],[107.062913,16.758869],[107.062248,16.751061],[107.060311,16.752971],[107.058883,16.751494],[107.054957,16.752067],[107.052934,16.746869],[107.049137,16.7465],[107.045818,16.743561],[107.044338,16.745493],[107.041116,16.743797],[107.03626,16.745145],[107.034072,16.748031],[107.032127,16.745683],[107.028445,16.756269],[107.033586,16.765844],[107.03524,16.772982],[107.043866,16.783886],[107.055675,16.785405],[107.053065,16.791289],[107.056277,16.796767],[107.048229,16.797638],[107.049283,16.801044],[107.048107,16.805885],[107.053754,16.807957],[107.061355,16.815162],[107.057988,16.822727],[107.059051,16.82376],[107.061397,16.822646],[107.061701,16.828125],[107.060095,16.829977],[107.062744,16.831453],[107.072476,16.831623],[107.075399,16.833376],[107.078351,16.832309],[107.079605,16.834146],[107.086774,16.836686],[107.089014,16.838396],[107.089217,16.841164],[107.092139,16.84175],[107.093021,16.843882],[107.101515,16.847208],[107.101631,16.849282],[107.103846,16.850046],[107.103053,16.860178],[107.104438,16.861734],[107.107028,16.86076],[107.10695,16.862052]]]}},{"type":"Feature","properties":{"code":"18880","name":"Phường Đồng Hới","type":"Phường"},"geometry":{"type":"Polygon","coordinates":[[[106.615191,17.491532],[106.614709,17.498249],[106.620938,17.503016],[106.627998,17.492857],[106.62918,17.493331],[106.627796,17.49177],[106.6285,17.485343],[106.632792,17.484183],[106.648961,17.459071],[106.68573,17.417508],[106.686811,17.415958],[106.684302,17.414501],[106.684143,17.412446],[106.677366,17.41124],[106.666907,17.422488],[106.658141,17.417028],[106.651817,17.422252],[106.647344,17.417673],[106.637614,17.435877],[106.628868,17.436036],[106.62455,17.433963],[106.623476,17.431982],[106.624445,17.427773],[106.620867,17.425306],[106.619207,17.425338],[106.617914,17.427793],[106.613161,17.42678],[106.606831,17.431921],[106.608311,17.436696],[106.603154,17.442285],[106.602858,17.445255],[106.597139,17.449836],[106.598744,17.451187],[106.597064,17.454692],[106.599183,17.456447],[106.593421,17.460596],[106.591766,17.458226],[106.587265,17.460728],[106.595819,17.471683],[106.59824,17.472864],[106.597468,17.475102],[106.599998,17.478839],[106.608905,17.479074],[106.607294,17.489894],[106.615191,17.491532]]]}},{"type":"Feature","properties":{"code":"18871","name":"Phường Đồng Sơn","type":"Phường"},"geometry":{"type":"Polygon","coordinates":[[[106.562342,17.495097],[106.5663,17.486427],[106.561745,17.484887],[106.56433,17.471913],[106.570641,17.47544],[106.575664,17.475114],[106.58499,17.466635],[106.587563,17.460388],[106.591766,17.458226],[106.593421,17.460596],[106.597719,17.458125],[106.599183,17.456447],[106.597064,17.454692],[106.598744,17.451187],[106.597139,17.449836],[106.602858,17.445255],[106.603154,17.442285],[106.608311,17.436696],[106.608405,17.433634],[106.606799,17.431962],[106.613185,17.42677],[106.618164,17.427697],[106.619207,17.425338],[106.612337,17.42349],[106.606905,17.425571],[106.598252,17.424904],[106.596892,17.4215],[106.594812,17.42088],[106.595217,17.417664],[106.591035,17.417907],[106.591606,17.414132],[106.588423,17.412527],[106.583952,17.40297],[106.575828,17.402365],[106.572185,17.405867],[106.566504,17.40773],[106.562112,17.407716],[106.559155,17.404263],[106.554133,17.406044],[106.55548,17.400152],[106.552834,17.395758],[106.542981,17.387971],[106.533315,17.383624],[106.530626,17.378239],[106.527307,17.375524],[106.526336,17.371839],[106.519096,17.370316],[106.51097,17.365692],[106.502737,17.370602],[106.499767,17.376568],[106.493932,17.38099],[106.492366,17.384842],[106.494047,17.386072],[106.495695,17.393879],[106.498323,17.396484],[106.497622,17.401249],[106.505332,17.406571],[106.506116,17.414568],[106.511672,17.421605],[106.506233,17.425114],[106.507816,17.427017],[106.507317,17.42994],[106.509912,17.430404],[106.517941,17.441294],[106.52251,17.440452],[106.527076,17.443291],[106.527609,17.4486],[106.523951,17.451048],[106.524469,17.455587],[106.520596,17.463547],[106.524514,17.470181],[106.532464,17.472578],[106.53657,17.479226],[106.543992,17.482582],[106.540264,17.486057],[106.543502,17.488358],[106.547248,17.488185],[106.54761,17.490154],[106.551365,17.489937],[106.555308,17.493584],[106.562342,17.495097]]]}},{"type":"Feature","properties":{"code":"18859","name":"Phường Đồng Thuận","type":"Phường"},"geometry":{"type":"Polygon","coordinates":[[[106.594104,17.520537],[106.600151,17.530026],[106.620938,17.503016],[106.614709,17.498249],[106.615191,17.491532],[106.607294,17.489894],[106.608905,17.479074],[106.599998,17.478839],[106.597468,17.475102],[106.59824,17.472864],[106.595819,17.471683],[106.587265,17.460728],[106.58499,17.466635],[106.575664,17.475114],[106.57144,17.475637],[106.56433,17.471913],[106.563546,17.472905],[106.561745,17.484887],[106.5663,17.486427],[106.562342,17.495097],[106.56883,17.505737],[106.575337,17.510863],[106.57777,17.510615],[106.586971,17.524078],[106.586157,17.520988],[106.58914,17.521578],[106.588902,17.517849],[106.594104,17.520537]]]}},{"type":"Feature","properties":{"code":"19483","name":"Xã A Dơi","type":"Xã"},"geometry":{"type":"Polygon","coordinates":[[[106.813417,16.557314],[106.830701,16.548816],[106.829601,16.536861],[106.824365,16.53284],[106.822699,16.529229],[106.828831,16.521747],[106.825788,16.514405],[106.823448,16.512719],[106.822773,16.508407],[106.820786,16.507439],[106.813915,16.486644],[106.805567,16.475513],[106.803146,16.465327],[106.802114,16.463543],[106.792539,16.473303],[106.790357,16.473628],[106.770797,16.467633],[106.775401,16.459035],[106.772712,16.452688],[106.775257,16.442807],[106.772309,16.436955],[106.772011,16.431872],[106.763157,16.425039],[106.745815,16.423988],[106.745867,16.416624],[106.739096,16.41075],[106.738162,16.417891],[106.734133,16.425312],[106.736233,16.436635],[106.735176,16.439011],[106.732686,16.439882],[106.724075,16.434735],[106.724152,16.433107],[106.730214,16.428751],[106.726952,16.425067],[106.715748,16.432996],[106.705297,16.435198],[106.709377,16.441151],[106.706533,16.447236],[106.714651,16.458072],[106.721875,16.463503],[106.730888,16.458831],[106.738543,16.452363],[106.74346,16.453534],[106.749892,16.449548],[106.736909,16.467512],[106.737604,16.472423],[106.736346,16.475013],[106.732124,16.478625],[106.731448,16.476168],[106.728911,16.476223],[106.731199,16.481075],[106.729493,16.487537],[106.717568,16.50757],[106.726073,16.513599],[106.728623,16.518858],[106.732464,16.520377],[106.733076,16.52302],[106.736182,16.525234],[106.742305,16.52678],[106.743961,16.525119],[106.747476,16.525016],[106.750045,16.52811],[106.751066,16.538535],[106.756097,16.537274],[106.760663,16.538486],[106.763924,16.541296],[106.763983,16.545546],[106.759514,16.555917],[106.759775,16.561591],[106.766017,16.561933],[106.780034,16.554248],[106.785554,16.553659],[106.790228,16.556242],[106.797964,16.554243],[106.801088,16.555785],[106.807247,16.554427],[106.813417,16.557314]]]}},{"type":"Feature","properties":{"code":"19567","name":"Xã Ba Lòng","type":"Xã"},"geometry":{"type":"Polygon","coordinates":[[[106.997085,16.698817],[107.003381,16.695943],[107.005929,16.697173],[107.010081,16.694497],[107.015294,16.693654],[107.019531,16.688009],[107.023688,16.686457],[107.035434,16.684303],[107.04205,16.688593],[107.047326,16.689439],[107.057474,16.685429],[107.05553,16.682042],[107.059694,16.680114],[107.058678,16.677561],[107.061215,16.676166],[107.055387,16.662188],[107.057217,16.657347],[107.056073,16.651632],[107.057947,16.650369],[107.058732,16.651813],[107.060396,16.647662],[107.066119,16.645068],[107.067169,16.647532],[107.074505,16.646337],[107.072293,16.641622],[107.074451,16.639448],[107.073025,16.637855],[107.078084,16.633172],[107.076968,16.631053],[107.077869,16.628601],[107.087482,16.621087],[107.089881,16.620778],[107.089858,16.619006],[107.093308,16.617889],[107.093921,16.607953],[107.101355,16.60501],[107.104742,16.601772],[107.111099,16.600092],[107.111097,16.598103],[107.107099,16.594466],[107.110119,16.588945],[107.11358,16.587226],[107.113224,16.585837],[107.126823,16.580076],[107.128224,16.577982],[107.134576,16.578142],[107.14048,16.57278],[107.137017,16.568545],[107.125616,16.563631],[107.123084,16.560536],[107.124487,16.557943],[107.121603,16.551992],[107.115188,16.552556],[107.113719,16.550784],[107.109468,16.550725],[107.101734,16.552718],[107.097419,16.55042],[107.092122,16.550635],[107.087152,16.545704],[107.076786,16.546259],[107.07447,16.542381],[107.061221,16.545784],[107.058655,16.549097],[107.060374,16.552911],[107.057629,16.55638],[107.058107,16.561688],[107.056301,16.564046],[107.056872,16.568071],[107.055058,16.571673],[107.04804,16.575806],[107.042164,16.573759],[107.03865,16.576906],[107.029597,16.569758],[107.023971,16.573439],[107.019354,16.574333],[107.018095,16.575508],[107.019039,16.580095],[107.015903,16.583644],[107.015716,16.586978],[107.010079,16.588524],[107.009216,16.592442],[107.005271,16.596889],[106.996869,16.600108],[106.991952,16.60689],[106.986658,16.606945],[106.984759,16.609138],[106.979835,16.610034],[106.97858,16.612462],[106.97242,16.613647],[106.967366,16.617294],[106.961397,16.615616],[106.960096,16.610726],[106.955587,16.606161],[106.943879,16.607386],[106.938703,16.604681],[106.934574,16.604189],[106.932054,16.60571],[106.929861,16.604146],[106.916369,16.60881],[106.909409,16.621611],[106.905241,16.621904],[106.902304,16.624478],[106.904478,16.636524],[106.903262,16.640379],[106.904842,16.643686],[106.927594,16.650089],[106.927171,16.655227],[106.932534,16.66644],[106.931567,16.670512],[106.93297,16.673108],[106.928038,16.677655],[106.925191,16.678359],[106.926722,16.685427],[106.929522,16.684841],[106.930095,16.686347],[106.93479,16.687708],[106.937197,16.685917],[106.938132,16.68939],[106.946657,16.688477],[106.949117,16.69148],[106.954401,16.692891],[106.954978,16.691301],[106.958099,16.692475],[106.959481,16.691459],[106.960465,16.693508],[106.963355,16.692878],[106.966973,16.695009],[106.971328,16.695287],[106.975984,16.690962],[106.977442,16.691983],[106.979001,16.690341],[106.981077,16.691214],[106.983698,16.689817],[106.984463,16.692459],[106.989458,16.693955],[106.991996,16.697979],[106.997085,16.698817]]]}},{"type":"Feature","properties":{"code":"19126","name":"Xã Bắc Trạch","type":"Xã"},"geometry":{"type":"Polygon","coordinates":[[[106.484577,17.703915],[106.492994,17.703652],[106.495943,17.702009],[106.502187,17.682009],[106.513464,17.662003],[106.518206,17.657275],[106.51821,17.654155],[106.512585,17.65569],[106.513672,17.658795],[106.508212,17.655727],[106.507614,17.653009],[106.505204,17.652884],[106.50417,17.649202],[106.497574,17.647071],[106.49374,17.649015],[106.485092,17.64908],[106.481365,17.652013],[106.477605,17.650684],[106.474921,17.652123],[106.46912,17.65145],[106.452328,17.654134],[106.445889,17.652705],[106.443313,17.653661],[106.442099,17.658191],[106.43566,17.657523],[106.430389,17.653429],[106.420947,17.653872],[106.411828,17.661299],[106.402072,17.663851],[106.401035,17.661367],[106.396469,17.658559],[106.395135,17.652277],[106.392134,17.6487],[106.385723,17.649817],[106.380182,17.648403],[106.377845,17.645992],[106.371334,17.650019],[106.363944,17.649596],[106.362006,17.647981],[106.362378,17.645931],[106.357488,17.644476],[106.357883,17.641776],[106.353313,17.64308],[106.350756,17.639787],[106.347169,17.640807],[106.343913,17.646628],[106.339268,17.648063],[106.334965,17.654963],[106.341945,17.662447],[106.341673,17.667281],[106.33911,17.671122],[106.346719,17.671897],[106.345653,17.673805],[106.346931,17.677634],[106.351557,17.684139],[106.354803,17.677215],[106.359844,17.675747],[106.366484,17.680818],[106.383642,17.682629],[106.38736,17.68518],[106.403629,17.687707],[106.401333,17.692299],[106.392816,17.699602],[106.390463,17.710717],[106.398977,17.718644],[106.412854,17.724732],[106.420373,17.726576],[106.442362,17.712837],[106.484577,17.703915]]]}},{"type":"Feature","properties":{"code":"19501","name":"Xã Bến Hải","type":"Xã"},"geometry":{"type":"Polygon","coordinates":[[[106.986354,16.950353],[106.976328,16.946734],[106.966684,16.945666],[106.97256,16.956067],[106.971698,16.959798],[106.972968,16.962319],[106.976508,16.962385],[106.978572,16.966646],[106.982228,16.967063],[106.989149,16.97185],[106.993322,16.971802],[106.997451,16.975593],[107.011352,16.979916],[107.032521,16.972342],[107.04333,16.974112],[107.049782,16.977026],[107.053617,16.979989],[107.055105,16.983452],[107.054264,16.988636],[107.04945,16.993967],[107.049985,17.00134],[107.057487,17.009762],[107.061933,17.009904],[107.068218,17.005544],[107.073151,17.004758],[107.076101,16.999739],[107.083398,16.996101],[107.085621,16.991179],[107.089712,16.989994],[107.094515,16.992309],[107.097709,16.99826],[107.10464,17.001883],[107.108233,17.013216],[107.113573,17.013408],[107.116388,17.004701],[107.123918,16.991143],[107.148244,16.956723],[107.146693,16.951843],[107.143391,16.950941],[107.139798,16.945708],[107.1307,16.961362],[107.126173,16.965734],[107.122897,16.966638],[107.123167,16.972371],[107.118454,16.973674],[107.114649,16.98155],[107.11013,16.983319],[107.104334,16.98298],[107.103304,16.984952],[107.105197,16.98695],[107.104537,16.988011],[107.102035,16.984924],[107.097773,16.983591],[107.090104,16.987562],[107.086879,16.986391],[107.083903,16.981883],[107.085283,16.969738],[107.080327,16.966866],[107.076012,16.967432],[107.07084,16.963323],[107.059943,16.968147],[107.056249,16.9533],[107.052057,16.95261],[107.041693,16.943434],[107.036769,16.942266],[107.035972,16.940202],[107.031457,16.938966],[107.027641,16.940659],[107.026301,16.943972],[107.027595,16.945531],[107.022977,16.950047],[107.021291,16.950296],[107.01946,16.947117],[107.017557,16.947605],[107.01495,16.944021],[107.012339,16.945678],[107.004307,16.944267],[106.999007,16.946427],[106.993636,16.945678],[106.991831,16.947462],[106.987692,16.947977],[106.986354,16.950353]]]}},{"type":"Feature","properties":{"code":"19366","name":"Xã Bến Quan","type":"Xã"},"geometry":{"type":"Polygon","coordinates":[[[106.913447,17.052866],[106.906819,17.044769],[106.899959,17.038404],[106.907023,17.030443],[106.912038,17.030641],[106.914086,17.033971],[106.915879,17.032856],[106.920236,17.03569],[106.925723,17.035488],[106.928924,17.040971],[106.934891,17.046105],[106.942701,17.044943],[106.939476,17.03861],[106.931651,17.033055],[106.929408,17.025211],[106.925026,17.019708],[106.923499,17.013896],[106.925399,17.008909],[106.922295,17.006669],[106.922048,17.004039],[106.923631,17.004302],[106.923222,17.006641],[106.926079,17.007682],[106.926789,17.006222],[106.928364,17.010025],[106.929628,17.010103],[106.92934,17.008546],[106.931627,17.013101],[106.934156,17.011087],[106.933471,17.013511],[106.935094,17.014366],[106.935932,17.013017],[106.936022,17.015106],[106.938247,17.01465],[106.938268,17.015901],[106.940792,17.017229],[106.939109,17.013942],[106.934724,17.011276],[106.937148,17.011467],[106.936567,17.009613],[106.932355,17.008871],[106.93247,17.007726],[106.934521,17.008155],[106.934197,17.006695],[106.935072,17.008112],[106.938313,17.007767],[106.936305,17.006993],[106.936778,17.005193],[106.931633,17.005521],[106.933209,17.003873],[106.930965,17.002714],[106.933067,17.002241],[106.934891,16.999258],[106.929598,16.993282],[106.93113,16.985931],[106.924176,16.979984],[106.923707,16.981193],[106.922041,16.980371],[106.922252,16.976203],[106.92037,16.97647],[106.92038,16.973521],[106.918126,16.972283],[106.919684,16.968373],[106.924747,16.96723],[106.924371,16.964589],[106.928942,16.961619],[106.933694,16.95173],[106.941048,16.953014],[106.943419,16.95101],[106.943237,16.948622],[106.946178,16.948776],[106.945791,16.946824],[106.942135,16.94564],[106.942002,16.94435],[106.946961,16.943915],[106.947046,16.941648],[106.944522,16.938617],[106.946155,16.937354],[106.948229,16.938944],[106.949686,16.93713],[106.94676,16.933862],[106.942693,16.932503],[106.944277,16.930056],[106.940322,16.92322],[106.93521,16.924345],[106.933506,16.927002],[106.93053,16.923755],[106.925163,16.925554],[106.920601,16.923774],[106.920752,16.920769],[106.916544,16.924066],[106.915033,16.919968],[106.906472,16.91843],[106.905444,16.914646],[106.898183,16.914602],[106.899972,16.911291],[106.897863,16.9076],[106.891538,16.911637],[106.888772,16.911444],[106.885013,16.906953],[106.885587,16.904373],[106.883284,16.903459],[106.882097,16.90647],[106.879106,16.905107],[106.875958,16.90619],[106.875685,16.908108],[106.872768,16.909196],[106.8727,16.913582],[106.870888,16.914883],[106.869154,16.909913],[106.867736,16.912024],[106.86502,16.910202],[106.862378,16.910905],[106.864375,16.908056],[106.861008,16.907534],[106.860734,16.906065],[106.857378,16.908809],[106.85627,16.90855],[106.857304,16.905664],[106.852558,16.906866],[106.852896,16.90544],[106.850138,16.90317],[106.845019,16.905349],[106.844744,16.90214],[106.841192,16.903448],[106.837196,16.902642],[106.835565,16.899377],[106.829897,16.900362],[106.832701,16.897245],[106.831203,16.896464],[106.829527,16.897973],[106.827864,16.895752],[106.826694,16.89941],[106.824178,16.898031],[106.82159,16.898735],[106.822046,16.894663],[106.82033,16.894451],[106.81885,16.896966],[106.818187,16.893599],[106.816824,16.893202],[106.814253,16.895572],[106.813609,16.893537],[106.811023,16.894001],[106.807967,16.888852],[106.804826,16.891421],[106.804586,16.894318],[106.798902,16.894899],[106.799336,16.892642],[106.795416,16.891229],[106.791951,16.894015],[106.788968,16.891601],[106.788526,16.894832],[106.785349,16.893157],[106.779702,16.895164],[106.776357,16.898794],[106.775383,16.89514],[106.771016,16.896681],[106.761852,16.895543],[106.760787,16.897121],[106.756791,16.896694],[106.756426,16.899171],[106.752953,16.900438],[106.746897,16.898765],[106.745642,16.900071],[106.741735,16.897138],[106.739491,16.899894],[106.738032,16.896927],[106.730173,16.896423],[106.715763,16.897174],[106.710323,16.90102],[106.704393,16.898786],[106.696006,16.902137],[106.693995,16.901053],[106.687369,16.902635],[106.680741,16.908319],[106.68536,16.912072],[106.687066,16.91943],[106.691367,16.920661],[106.697946,16.928327],[106.695497,16.933455],[106.700487,16.939465],[106.711466,16.943369],[106.718272,16.939609],[106.721864,16.935305],[106.721499,16.932912],[106.723395,16.929948],[106.73839,16.926151],[106.743518,16.92095],[106.749304,16.925281],[106.756289,16.925042],[106.75913,16.928661],[106.766099,16.926942],[106.77201,16.930341],[106.770057,16.939614],[106.771482,16.943579],[106.776407,16.946081],[106.774423,16.954397],[106.777422,16.957144],[106.772756,16.959079],[106.772582,16.960906],[106.773458,16.9629],[106.780761,16.966811],[106.781528,16.970229],[106.779031,16.975041],[106.779656,16.977734],[106.781452,16.978522],[106.781153,16.982129],[106.784464,16.986773],[106.792513,16.986212],[106.796541,16.989511],[106.803966,16.991857],[106.806121,16.997751],[106.808887,17.000277],[106.80507,17.016386],[106.803154,17.018085],[106.803614,17.020618],[106.809226,17.024364],[106.81184,17.029401],[106.809514,17.03188],[106.810239,17.033834],[106.813905,17.034465],[106.815974,17.036408],[106.815851,17.039299],[106.819948,17.040954],[106.834627,17.033763],[106.837067,17.035203],[106.843358,17.035243],[106.850866,17.032522],[106.854088,17.035945],[106.862048,17.036727],[106.862241,17.040659],[106.868354,17.044325],[106.868914,17.048737],[106.871327,17.049661],[106.874875,17.055185],[106.857718,17.070685],[106.861092,17.077089],[106.865309,17.080192],[106.867741,17.081208],[106.872492,17.079605],[106.876394,17.076016],[106.885917,17.074396],[106.888609,17.071644],[106.893578,17.073287],[106.896543,17.071397],[106.897473,17.066839],[106.918251,17.062258],[106.91992,17.060303],[106.919717,17.057204],[106.927626,17.060479],[106.926842,17.054969],[106.918119,17.051631],[106.913447,17.052866]]]}},{"type":"Feature","properties":{"code":"19141","name":"Xã Bố Trạch","type":"Xã"},"geometry":{"type":"Polygon","coordinates":[[[106.404348,17.663846],[106.411828,17.661299],[106.420947,17.653872],[106.430389,17.653429],[106.435655,17.657518],[106.436513,17.653957],[106.434107,17.649621],[106.434236,17.637533],[106.432093,17.633556],[106.440677,17.628126],[106.445605,17.630952],[106.446041,17.633886],[106.448219,17.63513],[106.449242,17.631426],[106.451909,17.63129],[106.452091,17.634958],[106.454335,17.635797],[106.458843,17.633697],[106.457943,17.628997],[106.463979,17.629614],[106.473008,17.623713],[106.478048,17.626431],[106.481693,17.624534],[106.48738,17.625731],[106.496103,17.62411],[106.496344,17.615454],[106.493827,17.615719],[106.493808,17.61364],[106.491395,17.613834],[106.490447,17.619107],[106.4865,17.618726],[106.486022,17.610959],[106.493928,17.607436],[106.495629,17.601919],[106.500564,17.598965],[106.492734,17.592945],[106.489133,17.588151],[106.488283,17.590122],[106.487247,17.588825],[106.481782,17.590118],[106.483246,17.5893],[106.480518,17.587494],[106.473416,17.588577],[106.458048,17.583413],[106.454006,17.579892],[106.452328,17.577104],[106.452566,17.569884],[106.446867,17.559599],[106.442843,17.555706],[106.436498,17.554762],[106.434779,17.552646],[106.436386,17.543574],[106.430375,17.535758],[106.434465,17.527794],[106.43841,17.513183],[106.443337,17.50492],[106.443284,17.494885],[106.448132,17.488786],[106.450219,17.482851],[106.449869,17.478836],[106.468993,17.461911],[106.471208,17.457174],[106.472507,17.444934],[106.470523,17.437939],[106.478792,17.430921],[106.481008,17.426332],[106.48765,17.422266],[106.488079,17.41381],[106.490683,17.408784],[106.488894,17.406374],[106.483639,17.404218],[106.484035,17.396715],[106.492366,17.384842],[106.48785,17.383229],[106.479165,17.381748],[106.469026,17.384405],[106.462006,17.382154],[106.460593,17.385843],[106.453549,17.392506],[106.438524,17.389236],[106.433456,17.386479],[106.428963,17.391597],[106.42715,17.398231],[106.422449,17.403583],[106.420767,17.40896],[106.422085,17.413943],[106.41896,17.415663],[106.417021,17.420922],[106.412426,17.424245],[106.410557,17.427952],[106.406901,17.429724],[106.402708,17.440976],[106.397688,17.445109],[106.397439,17.447635],[106.394634,17.450266],[106.387421,17.453642],[106.387732,17.456809],[106.385114,17.458746],[106.381309,17.458462],[106.374409,17.466437],[106.376424,17.474379],[106.374076,17.479273],[106.379188,17.490372],[106.383042,17.492553],[106.382675,17.501412],[106.384812,17.502396],[106.37233,17.507839],[106.366424,17.514719],[106.363451,17.514057],[106.356782,17.515984],[106.346441,17.512542],[106.342929,17.51406],[106.340268,17.518117],[106.344345,17.528253],[106.341392,17.536869],[106.342469,17.542047],[106.34061,17.556115],[106.336273,17.558943],[106.329815,17.559432],[106.327911,17.562712],[106.324052,17.563924],[106.321978,17.567147],[106.317995,17.568874],[106.323326,17.574059],[106.324599,17.578332],[106.328431,17.57923],[106.330804,17.582255],[106.332524,17.588904],[106.335895,17.590921],[106.330532,17.598621],[106.332941,17.602592],[106.336505,17.604821],[106.335002,17.608732],[106.336291,17.614518],[106.337499,17.614005],[106.345302,17.619548],[106.338515,17.620273],[106.339466,17.629035],[106.334488,17.633223],[106.339118,17.641751],[106.345437,17.639657],[106.346859,17.64114],[106.351003,17.639799],[106.353857,17.643172],[106.357102,17.641317],[106.357488,17.644476],[106.362378,17.645931],[106.362787,17.648945],[106.367751,17.650153],[106.371461,17.649968],[106.377845,17.645992],[106.380182,17.648403],[106.385723,17.649817],[106.391219,17.648415],[106.395135,17.652277],[106.396469,17.658559],[106.401035,17.661367],[106.401616,17.663605],[106.404348,17.663846]]]}},{"type":"Feature","properties":{"code":"19255","name":"Xã Cam Hồng","type":"Xã"},"geometry":{"type":"Polygon","coordinates":[[[106.756338,17.264882],[106.747011,17.27882],[106.741007,17.275859],[106.731867,17.276805],[106.713627,17.287106],[106.714328,17.29509],[106.719506,17.3053],[106.721933,17.306317],[106.719783,17.310013],[106.735123,17.333509],[106.755907,17.319145],[106.755463,17.314763],[106.762179,17.311026],[106.773275,17.297448],[106.78418,17.29146],[106.785373,17.291135],[106.790807,17.304071],[106.796826,17.311931],[106.853444,17.267873],[106.857448,17.262999],[106.857805,17.264395],[106.887708,17.242127],[106.878525,17.224056],[106.854025,17.240877],[106.845136,17.225927],[106.836315,17.218281],[106.830239,17.224741],[106.824203,17.22755],[106.821312,17.226095],[106.813918,17.228595],[106.816666,17.230261],[106.811688,17.234984],[106.812781,17.236879],[106.797121,17.251371],[106.795217,17.248431],[106.790686,17.24885],[106.777427,17.256965],[106.760879,17.264392],[106.756338,17.264882]]]}},{"type":"Feature","properties":{"code":"19597","name":"Xã Cam Lộ","type":"Xã"},"geometry":{"type":"Polygon","coordinates":[[[107.012992,16.738422],[107.002614,16.7353],[107.002428,16.72901],[107.004584,16.72762],[107.002624,16.722351],[107.005451,16.719647],[107.002842,16.716407],[107.006537,16.710172],[107.005125,16.707368],[107.005379,16.70133],[107.000415,16.699238],[107.000306,16.697884],[106.992131,16.698049],[106.989458,16.693955],[106.984463,16.692459],[106.984914,16.690457],[106.983669,16.689813],[106.981077,16.691214],[106.979001,16.690341],[106.977442,16.691983],[106.975984,16.690962],[106.971257,16.695303],[106.963355,16.692878],[106.960541,16.693539],[106.959481,16.691459],[106.958099,16.692475],[106.954978,16.691301],[106.954401,16.692891],[106.949162,16.691493],[106.946657,16.688477],[106.938157,16.689397],[106.937099,16.685895],[106.934813,16.687709],[106.930095,16.686347],[106.929395,16.684822],[106.915164,16.686393],[106.914594,16.689323],[106.904422,16.698236],[106.903287,16.703998],[106.898858,16.706403],[106.89703,16.71383],[106.898515,16.717866],[106.89387,16.723802],[106.889847,16.725058],[106.885616,16.738012],[106.881408,16.740207],[106.878285,16.748218],[106.87954,16.751366],[106.877884,16.754888],[106.87505,16.755071],[106.873774,16.759522],[106.869117,16.762315],[106.869239,16.766384],[106.866984,16.766165],[106.86556,16.768327],[106.858165,16.768736],[106.856017,16.774244],[106.869285,16.788943],[106.875722,16.788098],[106.881155,16.790006],[106.883665,16.786042],[106.889093,16.787304],[106.895222,16.785127],[106.896098,16.782628],[106.898827,16.786396],[106.905854,16.786458],[106.904546,16.789219],[106.905703,16.79068],[106.911951,16.789541],[106.917901,16.791939],[106.925447,16.788815],[106.928875,16.790911],[106.92916,16.795995],[106.931136,16.796895],[106.93398,16.794615],[106.935798,16.795186],[106.939207,16.800045],[106.946856,16.803433],[106.947472,16.808356],[106.954031,16.812149],[106.959016,16.813817],[106.965987,16.813595],[106.976169,16.810829],[106.979325,16.812625],[106.987601,16.812287],[106.992712,16.814485],[106.997851,16.814204],[107.000726,16.81751],[106.998627,16.821981],[107.000933,16.823654],[107.006491,16.818613],[107.014608,16.819086],[107.014191,16.816722],[107.012157,16.815916],[107.014883,16.811874],[107.011266,16.804957],[107.012784,16.804373],[107.011444,16.799382],[107.015327,16.798667],[107.016371,16.795199],[107.013191,16.792818],[107.015919,16.789404],[107.01595,16.786559],[107.012447,16.784757],[107.015105,16.78139],[107.015569,16.776899],[107.011824,16.770147],[107.011388,16.766011],[107.013342,16.765517],[107.014261,16.761341],[107.01111,16.758201],[107.013355,16.757405],[107.014344,16.754877],[107.009128,16.752023],[107.012106,16.750487],[107.014594,16.746525],[107.012992,16.738422]]]}},{"type":"Feature","properties":{"code":"19537","name":"Xã Cồn Tiên","type":"Xã"},"geometry":{"type":"Polygon","coordinates":[[[106.756418,16.89685],[106.760787,16.897121],[106.761852,16.895543],[106.771016,16.896681],[106.775383,16.89514],[106.776895,16.898738],[106.779702,16.895164],[106.785349,16.893157],[106.788526,16.894832],[106.788968,16.891601],[106.792554,16.894117],[106.794311,16.891251],[106.799029,16.892326],[106.798357,16.894699],[106.800861,16.895075],[106.804919,16.89415],[106.804826,16.891421],[106.807967,16.888852],[106.811023,16.894001],[106.813609,16.893537],[106.814253,16.895572],[106.816824,16.893202],[106.818187,16.893599],[106.81885,16.896966],[106.82033,16.894451],[106.822046,16.894663],[106.82159,16.898735],[106.824178,16.898031],[106.826694,16.89941],[106.827864,16.895752],[106.829527,16.897973],[106.831203,16.896464],[106.832701,16.897245],[106.829897,16.900362],[106.835565,16.899377],[106.837196,16.902642],[106.841192,16.903448],[106.844744,16.90214],[106.845019,16.905349],[106.850138,16.90317],[106.852896,16.90544],[106.852558,16.906866],[106.857304,16.905664],[106.85627,16.90855],[106.857378,16.908809],[106.860734,16.906065],[106.861008,16.907534],[106.864375,16.908056],[106.862378,16.910905],[106.86502,16.910202],[106.867736,16.912024],[106.869154,16.909913],[106.870888,16.914883],[106.8727,16.913582],[106.872768,16.909196],[106.878946,16.905148],[106.882176,16.906429],[106.88293,16.903448],[106.885587,16.904373],[106.885013,16.906953],[106.888772,16.911444],[106.891538,16.911637],[106.897604,16.907507],[106.899972,16.911291],[106.898183,16.914602],[106.905444,16.914646],[106.906472,16.91843],[106.915033,16.919968],[106.916544,16.924066],[106.920752,16.920769],[106.920601,16.923774],[106.925163,16.925554],[106.93053,16.923755],[106.933506,16.927002],[106.93521,16.924345],[106.940322,16.92322],[106.944277,16.930056],[106.942693,16.932503],[106.94676,16.933862],[106.949695,16.937331],[106.948229,16.938944],[106.946155,16.937354],[106.944522,16.938617],[106.947046,16.941648],[106.946961,16.943915],[106.942416,16.944002],[106.941953,16.945362],[106.944556,16.945595],[106.946178,16.948776],[106.943237,16.948622],[106.943419,16.95101],[106.94152,16.952813],[106.945061,16.951721],[106.947884,16.957468],[106.950933,16.953803],[106.948861,16.961977],[106.959511,16.969238],[106.96123,16.96764],[106.960497,16.964856],[106.961635,16.963848],[106.964362,16.964517],[106.964563,16.968152],[106.968111,16.967508],[106.967445,16.96509],[106.970194,16.964325],[106.97269,16.956638],[106.966684,16.945666],[106.976328,16.946734],[106.986526,16.950438],[106.987692,16.947977],[106.991831,16.947462],[106.993636,16.945678],[106.999007,16.946427],[107.002951,16.944583],[107.000954,16.936885],[107.003326,16.929895],[107.006129,16.931574],[107.011288,16.927905],[107.020183,16.931552],[107.02084,16.928882],[107.02359,16.929146],[107.02474,16.926649],[107.038847,16.926322],[107.03965,16.919864],[107.049107,16.913858],[107.054191,16.907566],[107.059726,16.906297],[107.060666,16.901496],[107.065867,16.899095],[107.06429,16.895123],[107.060928,16.895003],[107.061419,16.893532],[107.069779,16.887819],[107.066724,16.886824],[107.068645,16.880874],[107.066844,16.879189],[107.064408,16.880329],[107.061837,16.877124],[107.049575,16.884113],[107.036296,16.884031],[107.036935,16.879053],[107.034647,16.877408],[107.034758,16.875204],[107.027721,16.875539],[107.026942,16.872492],[107.020377,16.869745],[107.02069,16.86835],[107.018523,16.867627],[107.018654,16.86285],[107.014873,16.856678],[107.007122,16.859925],[107.000314,16.857753],[106.990211,16.859373],[106.988876,16.860835],[106.971866,16.861488],[106.969584,16.858523],[106.965914,16.857059],[106.962641,16.859052],[106.954576,16.854709],[106.950158,16.857199],[106.943163,16.853931],[106.939932,16.856206],[106.938475,16.861219],[106.938627,16.864735],[106.941215,16.867635],[106.94127,16.873997],[106.938529,16.881511],[106.93942,16.88314],[106.933259,16.880376],[106.931524,16.882137],[106.927566,16.88132],[106.922864,16.87326],[106.917252,16.874502],[106.907364,16.869199],[106.907553,16.863561],[106.910106,16.861414],[106.911516,16.862032],[106.909289,16.858381],[106.907501,16.858078],[106.90899,16.852764],[106.907123,16.853154],[106.906231,16.851576],[106.902121,16.854612],[106.896879,16.851694],[106.896051,16.847553],[106.898846,16.842271],[106.900708,16.84239],[106.901083,16.8387],[106.906622,16.835068],[106.910585,16.835812],[106.909379,16.832553],[106.898241,16.827193],[106.896355,16.827721],[106.895961,16.826098],[106.889836,16.826196],[106.88818,16.824448],[106.885606,16.824893],[106.88052,16.82267],[106.877859,16.82389],[106.871135,16.818994],[106.858942,16.81804],[106.85754,16.816116],[106.851169,16.815989],[106.848916,16.818123],[106.842202,16.817842],[106.838564,16.819797],[106.837054,16.817869],[106.837571,16.815065],[106.839274,16.814282],[106.837945,16.8136],[106.838825,16.810686],[106.834014,16.809687],[106.830351,16.810996],[106.828317,16.815015],[106.82294,16.81548],[106.822487,16.817764],[106.820542,16.818114],[106.818578,16.815197],[106.817993,16.818642],[106.813901,16.817928],[106.810826,16.822918],[106.807735,16.823957],[106.795196,16.821558],[106.792206,16.82428],[106.789843,16.820478],[106.787386,16.822358],[106.789979,16.83053],[106.78748,16.833406],[106.784744,16.832778],[106.784751,16.82857],[106.786875,16.826484],[106.781694,16.821458],[106.779803,16.829417],[106.780904,16.832298],[106.776427,16.837429],[106.777504,16.841319],[106.770299,16.850743],[106.770643,16.853649],[106.765537,16.856478],[106.757446,16.869942],[106.755634,16.870359],[106.756683,16.873437],[106.747917,16.874578],[106.744856,16.877498],[106.735019,16.880584],[106.732881,16.878013],[106.727346,16.87818],[106.718136,16.882889],[106.707028,16.879233],[106.701955,16.880523],[106.69274,16.884338],[106.69266,16.889678],[106.68668,16.900431],[106.687369,16.902635],[106.688911,16.902738],[106.693995,16.901053],[106.696006,16.902137],[106.704393,16.898786],[106.710323,16.90102],[106.715763,16.897174],[106.730173,16.896423],[106.738032,16.896927],[106.739491,16.899894],[106.741735,16.897138],[106.745642,16.900071],[106.746897,16.898765],[106.752953,16.900438],[106.756426,16.899171],[106.756418,16.89685]]]}},{"type":"Feature","properties":{"code":"19414","name":"Xã Cửa Tùng","type":"Xã"},"geometry":{"type":"Polygon","coordinates":[[[107.053367,17.028456],[107.054818,17.043125],[107.06022,17.040797],[107.06044,17.048028],[107.071171,17.059033],[107.069218,17.060375],[107.07127,17.063101],[107.069713,17.066006],[107.071146,17.067944],[107.069752,17.072188],[107.070988,17.081304],[107.073391,17.084332],[107.07131,17.088236],[107.074899,17.089115],[107.077082,17.094521],[107.077297,17.103055],[107.080036,17.106815],[107.096293,17.099793],[107.112955,17.085787],[107.117695,17.085487],[107.1146,17.081301],[107.115415,17.077512],[107.117848,17.076268],[107.113656,17.07409],[107.11224,17.071352],[107.112785,17.065318],[107.114503,17.063364],[107.113628,17.059837],[107.115617,17.058063],[107.113808,17.054744],[107.116071,17.044496],[107.111487,17.042144],[107.109784,17.038189],[107.110906,17.029358],[107.113756,17.025629],[107.110866,17.024096],[107.111891,17.01759],[107.106637,17.013798],[107.108233,17.013216],[107.10464,17.001883],[107.097219,16.997832],[107.093805,16.991589],[107.09032,16.990049],[107.086433,16.990515],[107.083398,16.996101],[107.076101,16.999739],[107.073151,17.004758],[107.068218,17.005544],[107.061933,17.009904],[107.056729,17.009342],[107.050901,17.003346],[107.043448,17.005814],[107.04271,17.010034],[107.047666,17.016542],[107.037192,17.022951],[107.039554,17.02729],[107.043248,17.023427],[107.045067,17.025832],[107.051273,17.023455],[107.053367,17.028456]]]}},{"type":"Feature","properties":{"code":"19496","name":"Xã Cửa Việt","type":"Xã"},"geometry":{"type":"Polygon","coordinates":[[[107.127697,16.857813],[107.125403,16.870085],[107.115065,16.886876],[107.117433,16.887636],[107.113195,16.889964],[107.10028,16.906028],[107.097425,16.915169],[107.100373,16.917973],[107.109289,16.919603],[107.12895,16.928688],[107.143516,16.929973],[107.139798,16.945708],[107.143391,16.950941],[107.146693,16.951843],[107.148244,16.956723],[107.173772,16.926888],[107.191926,16.91071],[107.190766,16.909955],[107.191314,16.905603],[107.165119,16.888191],[107.155371,16.88002],[107.148738,16.867309],[107.136842,16.8638],[107.129233,16.857265],[107.127697,16.857813]]]}},{"type":"Feature","properties":{"code":"19681","name":"Xã Diên Sanh","type":"Xã"},"geometry":{"type":"Polygon","coordinates":[[[107.243757,16.711202],[107.245366,16.714707],[107.242598,16.720572],[107.246753,16.72193],[107.249409,16.726185],[107.252975,16.725557],[107.252671,16.727816],[107.258996,16.728552],[107.258949,16.734437],[107.267254,16.730725],[107.288121,16.740335],[107.288068,16.737567],[107.290335,16.736137],[107.290305,16.734101],[107.292601,16.733821],[107.29146,16.731481],[107.294221,16.728161],[107.292998,16.722993],[107.311365,16.712329],[107.313929,16.712265],[107.317437,16.715771],[107.319374,16.715119],[107.317702,16.712653],[107.320001,16.711164],[107.318399,16.708919],[107.320962,16.707482],[107.321061,16.705231],[107.32444,16.704969],[107.325943,16.702108],[107.321396,16.698472],[107.318209,16.700769],[107.311169,16.699746],[107.307147,16.70247],[107.306285,16.701295],[107.311232,16.698137],[107.311187,16.695042],[107.309113,16.694525],[107.295368,16.700661],[107.296018,16.698049],[107.292555,16.689646],[107.295087,16.68367],[107.301846,16.679599],[107.299478,16.671344],[107.300501,16.666636],[107.292268,16.656243],[107.295978,16.653248],[107.289371,16.646293],[107.27915,16.641031],[107.275754,16.637161],[107.264684,16.633879],[107.260099,16.634587],[107.252707,16.630067],[107.247487,16.631929],[107.244059,16.62882],[107.239753,16.617616],[107.234461,16.616967],[107.217499,16.606641],[107.215013,16.607944],[107.213738,16.611736],[107.213842,16.616819],[107.215837,16.619942],[107.213768,16.623367],[107.206621,16.624294],[107.204981,16.622326],[107.20199,16.622358],[107.200001,16.624175],[107.194042,16.621875],[107.193261,16.620036],[107.190243,16.620635],[107.186007,16.618143],[107.1791,16.622302],[107.180431,16.625146],[107.178018,16.62998],[107.185459,16.639329],[107.190883,16.641859],[107.195369,16.638043],[107.205049,16.637001],[107.2086,16.641208],[107.209223,16.644708],[107.211628,16.647151],[107.211312,16.651291],[107.214186,16.654342],[107.224968,16.660284],[107.228436,16.664677],[107.232616,16.664606],[107.240722,16.669015],[107.242236,16.672457],[107.240964,16.672754],[107.241648,16.677107],[107.245965,16.679974],[107.246997,16.687284],[107.239239,16.692534],[107.248845,16.702445],[107.245664,16.703204],[107.245754,16.707717],[107.243757,16.711202]]]}},{"type":"Feature","properties":{"code":"18904","name":"Xã Dân Hóa","type":"Xã"},"geometry":{"type":"Polygon","coordinates":[[[105.642175,17.958909],[105.645936,17.95523],[105.656671,17.953911],[105.66979,17.944864],[105.678837,17.944903],[105.679763,17.941964],[105.678012,17.931927],[105.679335,17.929093],[105.687736,17.923601],[105.694012,17.921838],[105.700196,17.922633],[105.704777,17.918441],[105.703191,17.916456],[105.705569,17.912311],[105.712287,17.91425],[105.715985,17.912726],[105.721892,17.917947],[105.724634,17.918096],[105.727039,17.916807],[105.72991,17.911858],[105.730161,17.908283],[105.735984,17.908189],[105.738989,17.906506],[105.743284,17.908239],[105.747266,17.904852],[105.748282,17.901243],[105.751737,17.900175],[105.751946,17.895259],[105.764505,17.890986],[105.768972,17.885155],[105.773934,17.88889],[105.779334,17.888877],[105.787,17.887666],[105.789075,17.8857],[105.792291,17.886136],[105.791812,17.883766],[105.797698,17.883126],[105.794971,17.879312],[105.796287,17.87577],[105.793332,17.870084],[105.805872,17.868348],[105.814968,17.87096],[105.818172,17.863793],[105.818357,17.852377],[105.831806,17.840551],[105.835006,17.834246],[105.833965,17.825578],[105.835228,17.822672],[105.837249,17.822602],[105.834079,17.817785],[105.830726,17.816189],[105.830483,17.811645],[105.832844,17.802537],[105.839305,17.802768],[105.83723,17.792515],[105.832417,17.78314],[105.825984,17.776051],[105.819838,17.774614],[105.817973,17.771857],[105.82109,17.754971],[105.816441,17.744333],[105.817051,17.736502],[105.814756,17.731325],[105.817733,17.729003],[105.814247,17.729007],[105.813474,17.727136],[105.811469,17.727633],[105.809406,17.725476],[105.80602,17.726817],[105.802135,17.722714],[105.797585,17.722283],[105.789384,17.712043],[105.789384,17.706673],[105.781785,17.699177],[105.782083,17.695385],[105.779417,17.689432],[105.782196,17.679085],[105.779591,17.674551],[105.76923,17.674723],[105.761001,17.666586],[105.750886,17.668451],[105.747482,17.701358],[105.743511,17.72262],[105.736478,17.719525],[105.729247,17.722846],[105.728085,17.735609],[105.730429,17.739568],[105.7303,17.745019],[105.722161,17.749805],[105.718345,17.756619],[105.714763,17.757599],[105.711947,17.755976],[105.70838,17.759693],[105.705326,17.758727],[105.702419,17.760631],[105.698237,17.766997],[105.693284,17.769842],[105.691999,17.776328],[105.688431,17.781092],[105.689094,17.784622],[105.680798,17.789526],[105.675243,17.794911],[105.677483,17.805456],[105.680934,17.810969],[105.67985,17.813429],[105.682664,17.815002],[105.684332,17.818911],[105.683041,17.834551],[105.677541,17.835021],[105.674969,17.839951],[105.674409,17.846554],[105.665938,17.850959],[105.661954,17.855898],[105.655913,17.854478],[105.644571,17.859223],[105.639811,17.857935],[105.635888,17.862665],[105.636448,17.865622],[105.627955,17.870373],[105.62743,17.876136],[105.615618,17.880169],[105.611665,17.884452],[105.610836,17.886832],[105.612026,17.889128],[105.608848,17.890422],[105.608026,17.895359],[105.610624,17.899936],[105.61702,17.904316],[105.619086,17.915335],[105.622404,17.918779],[105.624469,17.939506],[105.622906,17.942038],[105.627933,17.944872],[105.628672,17.952425],[105.635241,17.956916],[105.635533,17.960373],[105.63906,17.958591],[105.642379,17.961811],[105.642175,17.958909]]]}},{"type":"Feature","properties":{"code":"19495","name":"Xã Gio Linh","type":"Xã"},"geometry":{"type":"Polygon","coordinates":[[[107.000866,16.940371],[107.002951,16.944583],[107.012339,16.945678],[107.015407,16.944122],[107.021291,16.950296],[107.027595,16.945531],[107.026301,16.943972],[107.027641,16.940659],[107.031457,16.938966],[107.035972,16.940202],[107.036769,16.942266],[107.041693,16.943434],[107.052057,16.95261],[107.056249,16.9533],[107.059943,16.968147],[107.07084,16.963323],[107.076012,16.967432],[107.080327,16.966866],[107.085283,16.969738],[107.083903,16.981883],[107.088278,16.987084],[107.091506,16.987369],[107.095033,16.984037],[107.097773,16.983591],[107.102035,16.984924],[107.104537,16.988011],[107.105197,16.98695],[107.103304,16.984952],[107.104334,16.98298],[107.11013,16.983319],[107.11444,16.98172],[107.118454,16.973674],[107.123167,16.972371],[107.122897,16.966638],[107.126173,16.965734],[107.1307,16.961362],[107.138165,16.949504],[107.143516,16.929973],[107.12895,16.928688],[107.109289,16.919603],[107.100373,16.917973],[107.097425,16.915169],[107.10028,16.906028],[107.113195,16.889964],[107.117433,16.887636],[107.115065,16.886876],[107.115844,16.885103],[107.125403,16.870085],[107.126713,16.858131],[107.129247,16.85726],[107.124863,16.846878],[107.118944,16.844462],[107.115302,16.851641],[107.110299,16.849385],[107.107646,16.856626],[107.1121,16.858568],[107.112157,16.860687],[107.108423,16.85941],[107.10706,16.862031],[107.107028,16.86076],[107.104121,16.861677],[107.101594,16.859917],[107.102397,16.857963],[107.099136,16.857427],[107.099357,16.862554],[107.10155,16.864895],[107.097643,16.868923],[107.091721,16.870259],[107.090252,16.869314],[107.086379,16.874559],[107.081819,16.869806],[107.074222,16.869667],[107.071105,16.874801],[107.066784,16.873839],[107.06515,16.876217],[107.061837,16.877124],[107.064408,16.880329],[107.066844,16.879189],[107.068645,16.880874],[107.066724,16.886824],[107.069779,16.887819],[107.06604,16.891561],[107.061478,16.893411],[107.060928,16.895003],[107.06429,16.895123],[107.065867,16.899095],[107.060666,16.901496],[107.059893,16.906162],[107.054191,16.907566],[107.049107,16.913858],[107.03965,16.919864],[107.038847,16.926322],[107.02474,16.926649],[107.02359,16.929146],[107.02084,16.928882],[107.020183,16.931552],[107.011288,16.927905],[107.006129,16.931574],[107.003326,16.929895],[107.000866,16.940371]]]}},{"type":"Feature","properties":{"code":"19603","name":"Xã Hiếu Giang","type":"Xã"},"geometry":{"type":"Polygon","coordinates":[[[107.049575,16.884113],[107.06693,16.873804],[107.071105,16.874801],[107.074165,16.869678],[107.081819,16.869806],[107.086379,16.874559],[107.090252,16.869314],[107.091721,16.870259],[107.097643,16.868923],[107.101568,16.864849],[107.099357,16.862554],[107.100143,16.858487],[107.098922,16.857834],[107.102244,16.85784],[107.101594,16.859917],[107.103053,16.860178],[107.103846,16.850046],[107.101631,16.849282],[107.101515,16.847208],[107.098045,16.846653],[107.093021,16.843882],[107.092139,16.84175],[107.089217,16.841164],[107.089014,16.838396],[107.086774,16.836686],[107.079605,16.834146],[107.078441,16.832347],[107.075399,16.833376],[107.072476,16.831623],[107.062744,16.831453],[107.060095,16.829977],[107.061701,16.828125],[107.061397,16.822646],[107.059051,16.82376],[107.057988,16.822727],[107.061355,16.815162],[107.053754,16.807957],[107.048107,16.805885],[107.049283,16.801044],[107.048229,16.797638],[107.056277,16.796767],[107.053065,16.791289],[107.055675,16.785405],[107.044133,16.784002],[107.040812,16.780965],[107.034361,16.771002],[107.033586,16.765844],[107.028445,16.756269],[107.029997,16.751746],[107.027441,16.750352],[107.011846,16.750445],[107.009171,16.751757],[107.014344,16.754877],[107.013355,16.757405],[107.01111,16.758201],[107.014261,16.761341],[107.013342,16.765517],[107.011388,16.766011],[107.011824,16.770147],[107.015569,16.776899],[107.015105,16.78139],[107.012447,16.784757],[107.01595,16.786559],[107.015919,16.789404],[107.013191,16.792818],[107.016371,16.795199],[107.015327,16.798667],[107.011444,16.799382],[107.012784,16.804373],[107.011266,16.804957],[107.014883,16.811874],[107.012157,16.815916],[107.014191,16.816722],[107.014608,16.819086],[107.006491,16.818613],[107.000933,16.823654],[106.998627,16.821981],[107.000726,16.81751],[106.997851,16.814204],[106.992712,16.814485],[106.987601,16.812287],[106.979325,16.812625],[106.976169,16.810829],[106.965987,16.813595],[106.959016,16.813817],[106.954031,16.812149],[106.947472,16.808356],[106.946856,16.803433],[106.939207,16.800045],[106.935798,16.795186],[106.93398,16.794615],[106.931136,16.796895],[106.92916,16.795995],[106.928875,16.790911],[106.925447,16.788815],[106.917901,16.791939],[106.911951,16.789541],[106.905703,16.79068],[106.904546,16.789219],[106.905854,16.786458],[106.898827,16.786396],[106.896098,16.782628],[106.895222,16.785127],[106.889093,16.787304],[106.883665,16.786042],[106.881155,16.790006],[106.875722,16.788098],[106.869285,16.788943],[106.85711,16.776343],[106.856003,16.773293],[106.853881,16.780152],[106.843628,16.781992],[106.839152,16.794545],[106.835858,16.797393],[106.836898,16.800091],[106.835543,16.803228],[106.832523,16.807232],[106.829836,16.807351],[106.83045,16.810927],[106.834014,16.809687],[106.838825,16.810686],[106.837945,16.8136],[106.839274,16.814282],[106.837571,16.815065],[106.837054,16.817869],[106.838564,16.819797],[106.842202,16.817842],[106.848916,16.818123],[106.851169,16.815989],[106.85754,16.816116],[106.858942,16.81804],[106.871135,16.818994],[106.877859,16.82389],[106.88052,16.82267],[106.885606,16.824893],[106.88818,16.824448],[106.889836,16.826196],[106.895961,16.826098],[106.896355,16.827721],[106.898241,16.827193],[106.909379,16.832553],[106.910585,16.835812],[106.906622,16.835068],[106.901083,16.8387],[106.900708,16.84239],[106.898846,16.842271],[106.896051,16.847553],[106.896879,16.851694],[106.902121,16.854612],[106.906231,16.851576],[106.907123,16.853154],[106.90899,16.852764],[106.907501,16.858078],[106.909289,16.858381],[106.911516,16.862032],[106.910106,16.861414],[106.907553,16.863561],[106.907364,16.869199],[106.917252,16.874502],[106.922864,16.87326],[106.927566,16.88132],[106.931524,16.882137],[106.933259,16.880376],[106.93942,16.88314],[106.938529,16.881511],[106.94127,16.873997],[106.941215,16.867635],[106.938627,16.864735],[106.938475,16.861219],[106.939932,16.856206],[106.94332,16.853902],[106.950158,16.857199],[106.954576,16.854709],[106.962641,16.859052],[106.965914,16.857059],[106.969584,16.858523],[106.971866,16.861488],[106.988876,16.860835],[106.990211,16.859373],[107.000314,16.857753],[107.007122,16.859925],[107.014873,16.856678],[107.018654,16.86285],[107.018553,16.867721],[107.026942,16.872492],[107.027721,16.875539],[107.034758,16.875204],[107.034647,16.877408],[107.036935,16.879053],[107.03582,16.883507],[107.03741,16.884373],[107.049575,16.884113]]]}},{"type":"Feature","properties":{"code":"19111","name":"Xã Hoàn Lão","type":"Xã"},"geometry":{"type":"Polygon","coordinates":[[[106.549111,17.614174],[106.575702,17.566531],[106.572018,17.564453],[106.578629,17.551711],[106.573162,17.549849],[106.570176,17.541612],[106.561301,17.545459],[106.55493,17.543051],[106.553738,17.545432],[106.554716,17.550492],[106.552479,17.551523],[106.539382,17.540063],[106.5342,17.538267],[106.528585,17.53193],[106.524841,17.531275],[106.519128,17.534283],[106.517099,17.533031],[106.514474,17.533829],[106.503707,17.523355],[106.505784,17.521932],[106.504463,17.520982],[106.503905,17.51416],[106.497494,17.513981],[106.495595,17.518926],[106.491071,17.522069],[106.489628,17.526984],[106.492705,17.532793],[106.488261,17.531586],[106.482446,17.527198],[106.476617,17.531015],[106.475247,17.529365],[106.469186,17.531444],[106.462992,17.53027],[106.460205,17.535173],[106.453303,17.53517],[106.445352,17.541976],[106.438583,17.541197],[106.435987,17.542462],[106.434779,17.552646],[106.436498,17.554762],[106.442843,17.555706],[106.446867,17.559599],[106.452566,17.569884],[106.452348,17.577242],[106.457791,17.583229],[106.473416,17.588577],[106.480518,17.587494],[106.483246,17.5893],[106.482046,17.58921],[106.481782,17.590118],[106.487247,17.588825],[106.488684,17.590088],[106.489133,17.588151],[106.492734,17.592945],[106.500564,17.598965],[106.495629,17.601919],[106.493928,17.607436],[106.486022,17.610959],[106.4865,17.618726],[106.490447,17.619107],[106.491395,17.613834],[106.493808,17.61364],[106.493827,17.615719],[106.496344,17.615454],[106.496103,17.62411],[106.493643,17.623723],[106.493187,17.625426],[106.50114,17.62747],[106.500957,17.62206],[106.505201,17.619063],[106.513021,17.621692],[106.513853,17.611145],[106.524908,17.60341],[106.538195,17.608966],[106.538428,17.613917],[106.549111,17.614174]]]}},{"type":"Feature","properties":{"code":"19033","name":"Xã Hòa Trạch","type":"Xã"},"geometry":{"type":"Polygon","coordinates":[[[106.401876,17.908353],[106.399806,17.895992],[106.405749,17.892961],[106.405342,17.890225],[106.411325,17.893324],[106.415373,17.889353],[106.421693,17.891854],[106.42481,17.891028],[106.429436,17.879776],[106.433723,17.875804],[106.436618,17.875701],[106.442189,17.879195],[106.448905,17.87574],[106.454718,17.878678],[106.456475,17.878089],[106.450818,17.868455],[106.446444,17.855905],[106.442989,17.856177],[106.442632,17.853726],[106.435544,17.854758],[106.436048,17.858128],[106.429859,17.856901],[106.421058,17.86029],[106.409694,17.860557],[106.404088,17.858765],[106.3964,17.848686],[106.387468,17.848404],[106.380694,17.856027],[106.37529,17.853748],[106.371566,17.846173],[106.368704,17.846419],[106.363248,17.856528],[106.336221,17.863961],[106.333701,17.871584],[106.329754,17.874291],[106.330751,17.877187],[106.329658,17.880685],[106.321833,17.8842],[106.322066,17.888684],[106.31874,17.894763],[106.320708,17.897487],[106.318698,17.902646],[106.32479,17.903154],[106.331552,17.901654],[106.334113,17.898977],[106.338578,17.899663],[106.348356,17.895011],[106.35128,17.895374],[106.352459,17.892771],[106.356278,17.890832],[106.359833,17.890329],[106.364744,17.892518],[106.371996,17.889],[106.379822,17.892752],[106.383887,17.899347],[106.385874,17.900878],[106.387391,17.899701],[106.387724,17.901531],[106.389482,17.90195],[106.392211,17.910957],[106.39579,17.91297],[106.395965,17.917473],[106.398316,17.919575],[106.399145,17.913381],[106.401876,17.908353]]]}},{"type":"Feature","properties":{"code":"19555","name":"Xã Hướng Hiệp","type":"Xã"},"geometry":{"type":"Polygon","coordinates":[[[106.778639,16.833759],[106.780904,16.832298],[106.779803,16.829417],[106.781694,16.821458],[106.786875,16.826484],[106.784751,16.82857],[106.784744,16.832778],[106.787313,16.833443],[106.789979,16.83053],[106.787375,16.822529],[106.789843,16.820478],[106.792206,16.82428],[106.79494,16.821599],[106.79731,16.82264],[106.799046,16.821542],[106.806265,16.824223],[106.810826,16.822918],[106.813997,16.817879],[106.817993,16.818642],[106.818578,16.815197],[106.820799,16.818201],[106.823639,16.815131],[106.828317,16.815015],[106.83045,16.810927],[106.829909,16.807148],[106.832368,16.807342],[106.835543,16.803228],[106.836898,16.800091],[106.835858,16.797393],[106.839152,16.794545],[106.843628,16.781992],[106.853881,16.780152],[106.858006,16.768874],[106.86556,16.768327],[106.866984,16.766165],[106.869239,16.766384],[106.869117,16.762315],[106.873774,16.759522],[106.87505,16.755071],[106.877884,16.754888],[106.87954,16.751366],[106.878285,16.748218],[106.881408,16.740207],[106.885616,16.738012],[106.889847,16.725058],[106.89387,16.723802],[106.898515,16.717866],[106.89703,16.71383],[106.898427,16.70725],[106.903378,16.703869],[106.904422,16.698236],[106.914594,16.689323],[106.915164,16.686393],[106.926722,16.685427],[106.925191,16.678359],[106.928038,16.677655],[106.93297,16.673108],[106.931567,16.670512],[106.932534,16.66644],[106.927171,16.655227],[106.927594,16.650089],[106.904842,16.643686],[106.903262,16.640379],[106.904478,16.636524],[106.902304,16.624478],[106.897764,16.627852],[106.890651,16.629287],[106.88733,16.6331],[106.890038,16.635054],[106.889724,16.638195],[106.893529,16.644562],[106.893161,16.648543],[106.889547,16.649885],[106.888118,16.653093],[106.8841,16.674012],[106.876145,16.679418],[106.87061,16.688528],[106.867564,16.689375],[106.865761,16.687481],[106.856635,16.693003],[106.846979,16.691045],[106.844821,16.693709],[106.840867,16.695158],[106.839554,16.698071],[106.817704,16.706271],[106.811357,16.705394],[106.80597,16.70696],[106.804009,16.711354],[106.805653,16.715266],[106.804804,16.720044],[106.801757,16.72114],[106.802113,16.725545],[106.800376,16.727669],[106.796378,16.727654],[106.796107,16.731195],[106.794241,16.733219],[106.773082,16.740569],[106.76644,16.745432],[106.762623,16.744037],[106.7539,16.74702],[106.742668,16.757758],[106.72665,16.756384],[106.716003,16.764638],[106.712202,16.770434],[106.71348,16.775889],[106.722089,16.776983],[106.728172,16.786415],[106.738098,16.795258],[106.744876,16.798692],[106.749603,16.798075],[106.755291,16.801684],[106.761943,16.820064],[106.772519,16.83096],[106.778639,16.833759]]]}},{"type":"Feature","properties":{"code":"19435","name":"Xã Hướng Lập","type":"Xã"},"geometry":{"type":"Polygon","coordinates":[[[106.652615,16.868942],[106.647751,16.864297],[106.634639,16.857855],[106.632742,16.855438],[106.633635,16.853703],[106.63157,16.845506],[106.620508,16.8357],[106.618,16.830271],[106.613785,16.827781],[106.609702,16.813742],[106.611637,16.808776],[106.599791,16.806976],[106.585564,16.812337],[106.579418,16.810495],[106.56851,16.795779],[106.559878,16.802539],[106.551587,16.798803],[106.551156,16.867836],[106.539225,16.872873],[106.531363,16.883062],[106.518645,16.889639],[106.516783,16.896999],[106.518686,16.90168],[106.520378,16.901999],[106.516407,16.90668],[106.516213,16.910034],[106.519368,16.922],[106.525596,16.921857],[106.524153,16.925459],[106.525519,16.92417],[106.526447,16.925614],[106.52816,16.924635],[106.531307,16.926306],[106.536279,16.924208],[106.5424,16.926506],[106.547492,16.926004],[106.549886,16.997643],[106.552097,16.994024],[106.559534,16.992668],[106.562719,16.987572],[106.585964,16.990048],[106.592253,16.987477],[106.594166,16.981923],[106.587151,16.977529],[106.586804,16.971894],[106.592019,16.965884],[106.593366,16.958806],[106.600236,16.956444],[106.599736,16.94681],[106.607382,16.939015],[106.624661,16.938328],[106.631106,16.941418],[106.642897,16.938345],[106.644676,16.939437],[106.650612,16.935914],[106.660648,16.936634],[106.667134,16.947253],[106.68121,16.952004],[106.685448,16.956229],[106.693307,16.955511],[106.696123,16.947754],[106.700422,16.944737],[106.702422,16.941121],[106.695497,16.933455],[106.697946,16.928327],[106.691367,16.920661],[106.687066,16.91943],[106.68536,16.912072],[106.680741,16.908319],[106.687369,16.902635],[106.686718,16.900282],[106.69266,16.889678],[106.69315,16.883994],[106.686573,16.883262],[106.681017,16.875965],[106.67673,16.875302],[106.671601,16.871378],[106.652615,16.868942]]]}},{"type":"Feature","properties":{"code":"19441","name":"Xã Hướng Phùng","type":"Xã"},"geometry":{"type":"Polygon","coordinates":[[[106.632732,16.848534],[106.632742,16.855438],[106.634639,16.857855],[106.64891,16.865053],[106.65186,16.869566],[106.655925,16.868392],[106.671601,16.871378],[106.67673,16.875302],[106.681017,16.875965],[106.686573,16.883262],[106.69488,16.884349],[106.707028,16.879233],[106.718136,16.882889],[106.723179,16.879494],[106.730277,16.877768],[106.7333,16.878158],[106.735019,16.880584],[106.744856,16.877498],[106.747917,16.874578],[106.756683,16.873437],[106.755634,16.870359],[106.757446,16.869942],[106.765537,16.856478],[106.770643,16.853649],[106.770299,16.850743],[106.777504,16.841319],[106.776427,16.837429],[106.777993,16.834401],[106.768301,16.827397],[106.761943,16.820064],[106.755291,16.801684],[106.749603,16.798075],[106.744876,16.798692],[106.738098,16.795258],[106.728172,16.786415],[106.722089,16.776983],[106.713764,16.776052],[106.71192,16.771405],[106.716003,16.764638],[106.72665,16.756384],[106.742762,16.757723],[106.7539,16.74702],[106.762623,16.744037],[106.76644,16.745432],[106.773082,16.740569],[106.791354,16.734996],[106.796107,16.731195],[106.796378,16.727654],[106.800376,16.727669],[106.802113,16.725545],[106.801586,16.721458],[106.804804,16.720044],[106.80569,16.715965],[106.804009,16.711354],[106.805715,16.706737],[106.801506,16.693744],[106.801509,16.676325],[106.776122,16.671584],[106.770241,16.673168],[106.76504,16.672044],[106.755733,16.676369],[106.748632,16.683076],[106.74103,16.684105],[106.737748,16.687804],[106.735171,16.686753],[106.733863,16.688592],[106.727881,16.689045],[106.708498,16.683106],[106.700715,16.678782],[106.689925,16.678653],[106.687053,16.67726],[106.68481,16.678954],[106.680344,16.677447],[106.679228,16.679797],[106.677034,16.67904],[106.675009,16.680594],[106.673921,16.682985],[106.671338,16.681917],[106.671361,16.684692],[106.665273,16.689809],[106.660154,16.690576],[106.659102,16.695213],[106.653698,16.699223],[106.645503,16.696057],[106.64174,16.696574],[106.639257,16.694415],[106.633555,16.697046],[106.633489,16.694094],[106.630666,16.692472],[106.629629,16.68926],[106.621271,16.684259],[106.617573,16.679093],[106.612477,16.679191],[106.606845,16.681507],[106.603214,16.679177],[106.600149,16.679416],[106.597813,16.67686],[106.596941,16.673565],[106.59883,16.667051],[106.609102,16.664089],[106.618286,16.658216],[106.617144,16.65281],[106.599785,16.651401],[106.584746,16.641957],[106.565158,16.641468],[106.563716,16.645898],[106.567642,16.652446],[106.566757,16.661434],[106.565206,16.66257],[106.565071,16.666069],[106.56138,16.668376],[106.558185,16.673798],[106.557408,16.683395],[106.552203,16.694291],[106.551587,16.798803],[106.559878,16.802539],[106.56851,16.795779],[106.579418,16.810495],[106.585564,16.812337],[106.599791,16.806976],[106.611637,16.808776],[106.609702,16.813742],[106.613785,16.827781],[106.618685,16.831017],[106.620508,16.8357],[106.629294,16.842906],[106.632732,16.848534]]]}},{"type":"Feature","properties":{"code":"19702","name":"Xã Hải Lăng","type":"Xã"},"geometry":{"type":"Polygon","coordinates":[[[107.138485,16.637828],[107.14315,16.635004],[107.153333,16.641425],[107.165289,16.639039],[107.168497,16.640163],[107.167415,16.644086],[107.168977,16.649597],[107.17073,16.652881],[107.175223,16.655496],[107.177754,16.665529],[107.180688,16.669028],[107.181663,16.675006],[107.179493,16.676064],[107.179549,16.677751],[107.185435,16.680726],[107.184043,16.684022],[107.185803,16.687188],[107.184545,16.689515],[107.185233,16.694124],[107.183247,16.699076],[107.179951,16.700537],[107.178666,16.704429],[107.182229,16.706269],[107.184272,16.709545],[107.186899,16.709794],[107.189495,16.713657],[107.188987,16.716999],[107.190729,16.717588],[107.192338,16.722379],[107.190512,16.725019],[107.192533,16.727318],[107.19086,16.733317],[107.191927,16.741198],[107.196565,16.739561],[107.198694,16.747839],[107.201413,16.747916],[107.203247,16.746023],[107.210565,16.746309],[107.210974,16.755095],[107.214677,16.752051],[107.21543,16.748069],[107.218131,16.747063],[107.222247,16.748163],[107.226197,16.74465],[107.225542,16.743409],[107.228754,16.743078],[107.246753,16.72193],[107.242598,16.720572],[107.245366,16.714707],[107.243757,16.711202],[107.245754,16.707717],[107.245625,16.703283],[107.248845,16.702445],[107.239239,16.692534],[107.246997,16.687284],[107.245965,16.679974],[107.241648,16.677107],[107.240964,16.672754],[107.242236,16.672457],[107.240722,16.669015],[107.232616,16.664606],[107.228436,16.664677],[107.224968,16.660284],[107.214186,16.654342],[107.211312,16.651291],[107.211628,16.647151],[107.209223,16.644708],[107.2086,16.641208],[107.205049,16.637001],[107.195369,16.638043],[107.190883,16.641859],[107.185459,16.639329],[107.177965,16.629729],[107.180431,16.625146],[107.178962,16.622494],[107.181922,16.621117],[107.181057,16.611345],[107.178824,16.612038],[107.174675,16.608138],[107.175103,16.60689],[107.17229,16.604454],[107.170882,16.596011],[107.164418,16.592216],[107.164298,16.590236],[107.160137,16.591114],[107.158359,16.588562],[107.155755,16.590252],[107.151319,16.584636],[107.145198,16.583133],[107.140833,16.571867],[107.134576,16.578142],[107.128224,16.577982],[107.126823,16.580076],[107.113224,16.585837],[107.11358,16.587226],[107.110119,16.588945],[107.107099,16.594466],[107.111097,16.598103],[107.111099,16.600092],[107.104742,16.601772],[107.101355,16.60501],[107.093921,16.607953],[107.093308,16.617889],[107.089858,16.619006],[107.089881,16.620778],[107.086146,16.621979],[107.078988,16.628442],[107.085002,16.628667],[107.087706,16.632759],[107.095349,16.633114],[107.09872,16.635733],[107.104388,16.631919],[107.107474,16.6317],[107.111992,16.63703],[107.120532,16.637475],[107.126389,16.634387],[107.132234,16.637239],[107.136112,16.636066],[107.138485,16.637828]]]}},{"type":"Feature","properties":{"code":"19429","name":"Xã Khe Sanh","type":"Xã"},"geometry":{"type":"Polygon","coordinates":[[[106.653057,16.699118],[106.659102,16.695213],[106.660154,16.690576],[106.665273,16.689809],[106.671361,16.684692],[106.671338,16.681917],[106.673921,16.682985],[106.676915,16.679069],[106.679228,16.679797],[106.680232,16.677462],[106.68481,16.678954],[106.687053,16.67726],[106.689925,16.678653],[106.700715,16.678782],[106.708498,16.683106],[106.727881,16.689045],[106.733863,16.688592],[106.735171,16.686753],[106.737748,16.687804],[106.74103,16.684105],[106.748632,16.683076],[106.761013,16.673331],[106.76504,16.672044],[106.770141,16.673085],[106.783265,16.644801],[106.769225,16.61971],[106.784968,16.624629],[106.787448,16.624168],[106.79746,16.61819],[106.796273,16.616097],[106.799609,16.614795],[106.804758,16.608317],[106.810994,16.60757],[106.818969,16.603751],[106.820771,16.592359],[106.823339,16.586669],[106.821307,16.574226],[106.826015,16.559975],[106.809046,16.55629],[106.807247,16.554427],[106.801088,16.555785],[106.797964,16.554243],[106.790228,16.556242],[106.785895,16.553632],[106.780034,16.554248],[106.766017,16.561933],[106.761879,16.560723],[106.759965,16.56165],[106.759514,16.555917],[106.763983,16.545546],[106.763924,16.541296],[106.760663,16.538486],[106.75236,16.537284],[106.740293,16.569337],[106.742009,16.574809],[106.722353,16.588769],[106.728331,16.599262],[106.729855,16.608131],[106.726335,16.610575],[106.725067,16.608431],[106.722625,16.610593],[106.723247,16.612353],[106.720717,16.614359],[106.718134,16.620493],[106.721102,16.625427],[106.730079,16.62787],[106.724111,16.63584],[106.721792,16.636135],[106.719225,16.639527],[106.714729,16.639582],[106.708423,16.64373],[106.705344,16.64047],[106.697736,16.641494],[106.685846,16.648944],[106.676288,16.65288],[106.667688,16.660263],[106.659243,16.662716],[106.648714,16.672001],[106.650829,16.692558],[106.653057,16.699118]]]}},{"type":"Feature","properties":{"code":"19318","name":"Xã Kim Ngân","type":"Xã"},"geometry":{"type":"Polygon","coordinates":[[[106.815956,17.036399],[106.810274,17.033886],[106.809514,17.03188],[106.81184,17.029401],[106.809226,17.024364],[106.80357,17.020523],[106.803156,17.017837],[106.80507,17.016386],[106.804654,17.013876],[106.809278,17.002249],[106.805804,16.997173],[106.805105,16.992984],[106.796541,16.989511],[106.792611,16.986238],[106.784464,16.986773],[106.781153,16.982129],[106.781452,16.978522],[106.779656,16.977734],[106.779031,16.975041],[106.781528,16.970229],[106.780761,16.966811],[106.773458,16.9629],[106.772582,16.960906],[106.772756,16.959079],[106.777422,16.957144],[106.774423,16.954397],[106.776407,16.946081],[106.771482,16.943579],[106.770057,16.939614],[106.772135,16.930469],[106.766099,16.926942],[106.75913,16.928661],[106.756289,16.925042],[106.749304,16.925281],[106.743518,16.92095],[106.73839,16.926151],[106.723395,16.929948],[106.721352,16.936091],[106.713157,16.942864],[106.702422,16.941121],[106.700422,16.944737],[106.696123,16.947754],[106.692531,16.955752],[106.685448,16.956229],[106.68121,16.952004],[106.666697,16.946996],[106.660648,16.936634],[106.650612,16.935914],[106.644676,16.939437],[106.642897,16.938345],[106.631106,16.941418],[106.624661,16.938328],[106.607382,16.939015],[106.599736,16.94681],[106.600236,16.956444],[106.593366,16.958806],[106.592019,16.965884],[106.586804,16.971894],[106.587151,16.977529],[106.594166,16.981923],[106.592253,16.987477],[106.585964,16.990048],[106.562719,16.987572],[106.559534,16.992668],[106.552002,16.99416],[106.549886,16.997643],[106.550213,17.007719],[106.547784,17.00976],[106.545983,17.00831],[106.543644,16.995547],[106.536881,16.99287],[106.531286,16.978314],[106.529014,16.978483],[106.514847,16.971415],[106.505585,16.97355],[106.503313,16.977378],[106.498273,16.980115],[106.494538,16.977866],[106.487471,16.982994],[106.478051,16.981403],[106.476903,16.98361],[106.471705,16.983064],[106.470241,16.986295],[106.467198,16.986354],[106.465389,16.98926],[106.463295,16.989527],[106.462756,16.998924],[106.460475,17.000849],[106.439186,16.995169],[106.433755,17.003221],[106.427392,17.00617],[106.427545,17.018712],[106.423336,17.029642],[106.425755,17.032013],[106.415258,17.037149],[106.40216,17.051593],[106.405762,17.060737],[106.412935,17.068101],[106.413908,17.074389],[106.41619,17.077888],[106.418062,17.078096],[106.422249,17.073802],[106.42613,17.073707],[106.430495,17.070745],[106.436944,17.071293],[106.440369,17.075804],[106.447147,17.079405],[106.462168,17.078752],[106.476553,17.087452],[106.492896,17.091214],[106.496139,17.097531],[106.496061,17.101193],[106.49796,17.102346],[106.497196,17.108991],[106.49834,17.112817],[106.495119,17.116851],[106.49755,17.119595],[106.510524,17.121826],[106.521897,17.116683],[106.526516,17.118492],[106.529783,17.131756],[106.52926,17.137064],[106.533649,17.142057],[106.539191,17.142552],[106.540863,17.145224],[106.547953,17.147881],[106.556317,17.147693],[106.565678,17.154032],[106.57012,17.153746],[106.57552,17.155969],[106.579344,17.153501],[106.591103,17.151992],[106.59121,17.157048],[106.5945,17.162375],[106.592094,17.167037],[106.591965,17.171133],[106.597083,17.176209],[106.596715,17.179078],[106.603188,17.181491],[106.604367,17.184964],[106.602504,17.190032],[106.605982,17.194429],[106.599739,17.203954],[106.602726,17.203805],[106.606876,17.206274],[106.613273,17.205865],[106.6164,17.21103],[106.617082,17.215883],[106.610922,17.224142],[106.613818,17.23227],[106.611575,17.2382],[106.636374,17.252952],[106.637124,17.247667],[106.645554,17.23758],[106.652737,17.246941],[106.654306,17.246066],[106.648403,17.234149],[106.653339,17.233635],[106.658079,17.229215],[106.663431,17.227074],[106.662078,17.224893],[106.662192,17.22417],[106.664166,17.225716],[106.670879,17.223179],[106.669612,17.2214],[106.672874,17.215307],[106.671261,17.214566],[106.671215,17.209875],[106.675074,17.210227],[106.675784,17.207595],[106.678204,17.206459],[106.668074,17.198078],[106.673861,17.19325],[106.672603,17.19045],[106.67576,17.185898],[106.675757,17.182669],[106.682293,17.176019],[106.683288,17.172599],[106.681313,17.17007],[106.684129,17.16421],[106.681173,17.160213],[106.684111,17.15735],[106.686311,17.160025],[106.691735,17.159639],[106.693489,17.157236],[106.69816,17.156054],[106.708195,17.157363],[106.719243,17.169049],[106.732877,17.163708],[106.732147,17.172593],[106.738254,17.174613],[106.744543,17.159766],[106.758541,17.146729],[106.75896,17.142061],[106.755194,17.13625],[106.757295,17.132739],[106.754741,17.131626],[106.758179,17.124505],[106.754072,17.12072],[106.770251,17.114555],[106.771474,17.119411],[106.777851,17.112915],[106.783156,17.114585],[106.78495,17.121234],[106.786973,17.123274],[106.801403,17.117406],[106.809378,17.116509],[106.819141,17.112969],[106.829891,17.106565],[106.851163,17.080392],[106.861092,17.077089],[106.857718,17.070685],[106.874805,17.055675],[106.872892,17.051414],[106.868914,17.048737],[106.868354,17.044325],[106.862241,17.040659],[106.862345,17.036987],[106.854088,17.035945],[106.851211,17.032629],[106.843358,17.035243],[106.837067,17.035203],[106.834627,17.033763],[106.819948,17.040954],[106.815851,17.039299],[106.815956,17.036399]]]}},{"type":"Feature","properties":{"code":"18943","name":"Xã Kim Phú","type":"Xã"},"geometry":{"type":"Polygon","coordinates":[[[105.976411,17.506493],[105.965473,17.503257],[105.858329,17.623746],[105.856512,17.620998],[105.853416,17.620264],[105.851992,17.623587],[105.855413,17.63863],[105.853676,17.642209],[105.857115,17.645824],[105.861884,17.644698],[105.868629,17.637406],[105.867667,17.632973],[105.870112,17.632744],[105.873879,17.629388],[105.881505,17.633953],[105.884822,17.647708],[105.887918,17.652362],[105.883954,17.656263],[105.885252,17.658882],[105.882568,17.662711],[105.884544,17.670392],[105.887184,17.67175],[105.887464,17.673808],[105.881546,17.689914],[105.89437,17.698792],[105.906355,17.698005],[105.906664,17.706836],[105.903332,17.710636],[105.900556,17.711276],[105.895764,17.719983],[105.903923,17.725924],[105.909373,17.736834],[105.913031,17.737226],[105.918648,17.731891],[105.921055,17.736973],[105.9301,17.742789],[105.930297,17.751233],[105.91808,17.755274],[105.914856,17.757847],[105.921537,17.764864],[105.929582,17.768982],[105.929554,17.772563],[105.934389,17.775871],[105.943091,17.779202],[105.963991,17.7691],[105.974566,17.770646],[105.976759,17.773361],[105.981468,17.774443],[105.980794,17.775702],[105.98336,17.775287],[105.993985,17.785723],[105.997419,17.79314],[105.994844,17.805675],[105.999711,17.817694],[106.010378,17.818625],[106.020404,17.812332],[106.025335,17.812607],[106.032944,17.821808],[106.044461,17.813539],[106.049845,17.812354],[106.051641,17.813698],[106.056016,17.813452],[106.058764,17.810852],[106.084968,17.803101],[106.093567,17.796016],[106.10799,17.79171],[106.107674,17.787858],[106.111492,17.786659],[106.110238,17.780941],[106.100947,17.776544],[106.101285,17.772632],[106.099344,17.769695],[106.102358,17.766158],[106.10098,17.762849],[106.101413,17.750557],[106.113842,17.748709],[106.112702,17.738445],[106.114222,17.729827],[106.112398,17.724966],[106.115445,17.722131],[106.108587,17.714558],[106.098173,17.71069],[106.083013,17.70902],[106.082246,17.704752],[106.077869,17.699023],[106.079185,17.694213],[106.092717,17.690431],[106.095519,17.685891],[106.10591,17.682698],[106.108966,17.67819],[106.122458,17.66863],[106.116958,17.66238],[106.107332,17.662692],[106.104583,17.659867],[106.103402,17.655267],[106.094726,17.653639],[106.087903,17.645606],[106.078353,17.647115],[106.065373,17.652956],[106.059693,17.647002],[106.059449,17.643508],[106.057759,17.643451],[106.05332,17.638179],[106.039868,17.634934],[106.038504,17.632066],[106.030649,17.626696],[106.028221,17.627204],[106.027273,17.624935],[106.022368,17.621687],[106.01696,17.612455],[106.019119,17.608905],[106.02385,17.605898],[106.024251,17.59992],[106.028818,17.595531],[106.027957,17.593186],[106.030205,17.590824],[106.028044,17.586767],[106.029762,17.583317],[106.029007,17.580629],[106.035205,17.581475],[106.039357,17.578737],[106.038671,17.571047],[106.041445,17.567947],[106.039994,17.565518],[106.041323,17.562468],[106.040097,17.554917],[106.036361,17.550134],[106.032979,17.549686],[106.033829,17.543832],[106.019606,17.533177],[106.019723,17.529904],[106.006753,17.526817],[106.002075,17.527688],[106.00428,17.520997],[105.999168,17.516413],[105.986028,17.507982],[105.980287,17.509004],[105.976411,17.506493]]]}},{"type":"Feature","properties":{"code":"18922","name":"Xã Kim Điền","type":"Xã"},"geometry":{"type":"Polygon","coordinates":[[[105.887605,17.883681],[105.893084,17.879501],[105.899629,17.880173],[105.898119,17.877015],[105.900668,17.873054],[105.898969,17.865876],[105.902167,17.862558],[105.894797,17.858301],[105.893881,17.846539],[105.896308,17.839862],[105.894959,17.836984],[105.899494,17.830902],[105.900842,17.824775],[105.903799,17.820078],[105.90461,17.813426],[105.913913,17.817776],[105.91846,17.805131],[105.917339,17.797746],[105.921589,17.794427],[105.923637,17.795844],[105.929938,17.793033],[105.932872,17.795961],[105.934654,17.793031],[105.936725,17.794043],[105.939334,17.788866],[105.935746,17.783209],[105.93884,17.779479],[105.943091,17.779202],[105.929554,17.772563],[105.929775,17.769153],[105.921537,17.764864],[105.914856,17.75793],[105.91808,17.755274],[105.930297,17.751233],[105.929878,17.74248],[105.921055,17.736973],[105.918648,17.731891],[105.913031,17.737226],[105.909373,17.736834],[105.903923,17.725924],[105.895764,17.719983],[105.900556,17.711276],[105.903332,17.710636],[105.906664,17.706836],[105.906355,17.698005],[105.89437,17.698792],[105.881693,17.690279],[105.887464,17.673808],[105.887184,17.67175],[105.884544,17.670392],[105.882568,17.662711],[105.885252,17.658882],[105.883954,17.656263],[105.887918,17.652362],[105.884822,17.647708],[105.881505,17.633953],[105.873879,17.629388],[105.870112,17.632744],[105.867667,17.632973],[105.868978,17.63611],[105.867254,17.639704],[105.861884,17.644698],[105.85722,17.645852],[105.853676,17.642209],[105.855392,17.639104],[105.854137,17.635025],[105.84508,17.631386],[105.840688,17.635096],[105.839747,17.631734],[105.836263,17.629925],[105.832294,17.634068],[105.83241,17.639773],[105.830504,17.64208],[105.831595,17.646362],[105.82877,17.650326],[105.829346,17.65427],[105.823287,17.653183],[105.819057,17.644554],[105.816869,17.644382],[105.806186,17.655087],[105.804962,17.660301],[105.801175,17.657576],[105.799124,17.657853],[105.798204,17.661417],[105.793932,17.66419],[105.791461,17.670334],[105.783536,17.670707],[105.781777,17.673513],[105.782185,17.67926],[105.779439,17.68962],[105.782083,17.695385],[105.781785,17.699177],[105.789384,17.706673],[105.789384,17.712043],[105.797585,17.722283],[105.802135,17.722714],[105.80602,17.726817],[105.809406,17.725476],[105.811469,17.727633],[105.813474,17.727136],[105.814247,17.729007],[105.817733,17.729003],[105.814756,17.731325],[105.817051,17.736502],[105.816441,17.744333],[105.82109,17.754971],[105.817973,17.771857],[105.819838,17.774614],[105.825984,17.776051],[105.832417,17.78314],[105.83723,17.792515],[105.839305,17.802768],[105.832844,17.802537],[105.830726,17.816189],[105.834079,17.817785],[105.837889,17.823452],[105.845734,17.830321],[105.845586,17.832672],[105.84704,17.831776],[105.848983,17.83312],[105.852569,17.827914],[105.864091,17.831357],[105.860655,17.835551],[105.862812,17.843206],[105.86027,17.846774],[105.862524,17.850274],[105.859133,17.851246],[105.857983,17.853189],[105.857029,17.859909],[105.870847,17.862539],[105.871597,17.86477],[105.869522,17.867297],[105.868724,17.872513],[105.872446,17.869317],[105.879876,17.87065],[105.880291,17.874001],[105.875914,17.883443],[105.881931,17.88132],[105.887605,17.883681]]]}},{"type":"Feature","properties":{"code":"19594","name":"Xã La Lay","type":"Xã"},"geometry":{"type":"Polygon","coordinates":[[[106.962761,16.40061],[106.969252,16.404483],[106.975212,16.393851],[106.990013,16.390954],[106.997732,16.387729],[107.001118,16.388872],[107.004033,16.387992],[107.009405,16.390507],[107.013327,16.389716],[107.015798,16.393682],[107.021202,16.397581],[107.026563,16.394951],[107.028938,16.391651],[107.032594,16.393435],[107.042144,16.392001],[107.042605,16.395729],[107.040212,16.403151],[107.045487,16.413048],[107.049592,16.415742],[107.047063,16.418677],[107.047038,16.425125],[107.050504,16.426],[107.050346,16.432596],[107.052808,16.435837],[107.054784,16.436448],[107.058053,16.432695],[107.069138,16.432131],[107.076157,16.433803],[107.078785,16.437414],[107.086839,16.442429],[107.089532,16.448943],[107.106084,16.440156],[107.109102,16.442106],[107.111182,16.441117],[107.121313,16.443104],[107.125957,16.442354],[107.129587,16.44654],[107.12962,16.449265],[107.138781,16.443353],[107.137824,16.439892],[107.142264,16.437213],[107.147289,16.437632],[107.148173,16.43628],[107.148288,16.433243],[107.144031,16.428232],[107.146105,16.423534],[107.145224,16.420408],[107.140699,16.416173],[107.143582,16.412494],[107.141018,16.406119],[107.15301,16.38947],[107.146778,16.385937],[107.139389,16.389496],[107.128239,16.382129],[107.123307,16.385907],[107.111814,16.385671],[107.099922,16.396302],[107.095322,16.403856],[107.093582,16.403919],[107.095379,16.399032],[107.094699,16.398218],[107.090908,16.404093],[107.089123,16.402501],[107.081862,16.402648],[107.082363,16.399897],[107.079009,16.400516],[107.071769,16.402928],[107.064356,16.410597],[107.061422,16.411672],[107.061294,16.409535],[107.05814,16.406545],[107.059239,16.402236],[107.056202,16.400359],[107.05906,16.396605],[107.058375,16.384639],[107.05425,16.381572],[107.049309,16.382603],[107.045221,16.380212],[107.039765,16.369876],[107.038013,16.370249],[107.036091,16.366817],[107.034636,16.357212],[107.039279,16.35682],[107.041324,16.349337],[107.051364,16.349595],[107.053291,16.346132],[107.061833,16.347931],[107.060145,16.34528],[107.062132,16.344308],[107.06309,16.341048],[107.062991,16.332302],[107.070379,16.32654],[107.080969,16.321234],[107.082662,16.31721],[107.080538,16.311398],[107.074618,16.308155],[107.071677,16.303784],[107.05201,16.306668],[107.046715,16.29952],[107.028032,16.311343],[107.024858,16.309825],[107.020613,16.302833],[107.015174,16.303139],[107.015657,16.308138],[107.005969,16.313422],[107.000248,16.311896],[106.995373,16.307665],[106.990439,16.308868],[106.987619,16.30621],[106.970083,16.301736],[106.966549,16.305012],[106.967685,16.309711],[106.965219,16.318955],[106.967267,16.322942],[106.965901,16.326784],[106.96791,16.336301],[106.965502,16.337521],[106.967415,16.347213],[106.966545,16.351783],[106.963473,16.356029],[106.964659,16.36083],[106.954467,16.361916],[106.950166,16.364002],[106.949058,16.368021],[106.951425,16.371046],[106.950488,16.375454],[106.95202,16.379311],[106.956538,16.381014],[106.95757,16.383945],[106.96087,16.385153],[106.958615,16.387371],[106.958768,16.391896],[106.962186,16.396621],[106.962761,16.40061]]]}},{"type":"Feature","properties":{"code":"19432","name":"Xã Lao Bảo","type":"Xã"},"geometry":{"type":"Polygon","coordinates":[[[106.648714,16.672001],[106.659243,16.662716],[106.667688,16.660263],[106.676288,16.65288],[106.687388,16.647199],[106.673462,16.643343],[106.67865,16.636847],[106.677923,16.632781],[106.675185,16.623452],[106.668461,16.618372],[106.669085,16.610083],[106.672836,16.603014],[106.679294,16.595868],[106.674168,16.597032],[106.671278,16.593416],[106.67146,16.588395],[106.667012,16.587502],[106.666326,16.584212],[106.663095,16.584245],[106.65753,16.581332],[106.653433,16.584083],[106.647915,16.593825],[106.632034,16.591228],[106.630434,16.587694],[106.631393,16.583648],[106.629277,16.581875],[106.625628,16.584526],[106.624472,16.587907],[106.624278,16.596664],[106.626781,16.600806],[106.625546,16.602023],[106.615465,16.606144],[106.607211,16.607174],[106.597732,16.6063],[106.587356,16.600832],[106.584911,16.602085],[106.58234,16.606021],[106.581972,16.61017],[106.584155,16.613759],[106.590899,16.616902],[106.589847,16.623699],[106.586333,16.627412],[106.577916,16.631332],[106.569427,16.640331],[106.565324,16.641321],[106.584746,16.641957],[106.599785,16.651401],[106.617144,16.65281],[106.618286,16.658216],[106.609102,16.664089],[106.59883,16.667051],[106.596941,16.673565],[106.599894,16.679233],[106.608372,16.681578],[106.612477,16.679191],[106.617573,16.679093],[106.621271,16.684259],[106.629629,16.68926],[106.630666,16.692472],[106.633489,16.694094],[106.633555,16.697046],[106.639257,16.694415],[106.64174,16.696574],[106.645503,16.696057],[106.653057,16.699118],[106.648803,16.678021],[106.648714,16.672001]]]}},{"type":"Feature","properties":{"code":"19489","name":"Xã Lìa","type":"Xã"},"geometry":{"type":"Polygon","coordinates":[[[106.673671,16.580461],[106.681548,16.581937],[106.681961,16.576216],[106.687285,16.571797],[106.69179,16.559186],[106.684572,16.544865],[106.686865,16.537436],[106.682934,16.52133],[106.701824,16.512013],[106.717568,16.50757],[106.729493,16.487537],[106.731199,16.481075],[106.728911,16.476223],[106.731448,16.476168],[106.732124,16.478625],[106.736346,16.475013],[106.737604,16.472423],[106.736909,16.467512],[106.749892,16.449548],[106.74346,16.453534],[106.738543,16.452363],[106.730888,16.458831],[106.721875,16.463503],[106.714651,16.458072],[106.706533,16.447236],[106.709377,16.441151],[106.705297,16.435198],[106.695434,16.439868],[106.68846,16.438692],[106.686676,16.440741],[106.686771,16.444108],[106.693283,16.449216],[106.683677,16.458022],[106.678294,16.451733],[106.675758,16.452337],[106.673547,16.462441],[106.674022,16.475567],[106.670048,16.476631],[106.662491,16.472293],[106.660756,16.473272],[106.661431,16.482027],[106.664069,16.48662],[106.659451,16.49257],[106.663235,16.496155],[106.663621,16.501181],[106.665443,16.502924],[106.664063,16.505023],[106.65335,16.510733],[106.65215,16.512627],[106.653034,16.518739],[106.647104,16.522054],[106.647378,16.540079],[106.660629,16.554715],[106.67227,16.559627],[106.672563,16.562032],[106.66222,16.572673],[106.662817,16.578191],[106.667286,16.583439],[106.666802,16.587307],[106.66983,16.588336],[106.671558,16.582781],[106.673503,16.584111],[106.675425,16.582732],[106.673671,16.580461]]]}},{"type":"Feature","properties":{"code":"19246","name":"Xã Lệ Ninh","type":"Xã"},"geometry":{"type":"Polygon","coordinates":[[[106.713527,17.286601],[106.734494,17.276216],[106.734714,17.268765],[106.728936,17.25404],[106.73349,17.240851],[106.729268,17.237017],[106.729372,17.231753],[106.728281,17.231321],[106.73221,17.222063],[106.725442,17.218325],[106.723645,17.220761],[106.715647,17.218227],[106.714934,17.219136],[106.711283,17.215022],[106.706064,17.215619],[106.700333,17.213717],[106.698902,17.212176],[106.702758,17.206284],[106.700565,17.203071],[106.702963,17.203149],[106.698735,17.199055],[106.700474,17.198138],[106.700674,17.195822],[106.698346,17.192402],[106.699606,17.190471],[106.697867,17.186875],[106.695342,17.185543],[106.695712,17.183611],[106.693519,17.181984],[106.691944,17.183317],[106.689442,17.182052],[106.688042,17.18416],[106.683096,17.182188],[106.673656,17.188165],[106.672603,17.19045],[106.673861,17.19325],[106.668074,17.198078],[106.678204,17.206459],[106.675784,17.207595],[106.675074,17.210227],[106.671215,17.209875],[106.671261,17.214566],[106.672874,17.215307],[106.669612,17.2214],[106.670879,17.223179],[106.664166,17.225716],[106.662192,17.22417],[106.663431,17.227074],[106.658079,17.229215],[106.653339,17.233635],[106.648403,17.234149],[106.649835,17.234836],[106.651884,17.242684],[106.658849,17.250531],[106.667231,17.252587],[106.668232,17.247155],[106.669479,17.247583],[106.667379,17.244462],[106.673893,17.241436],[106.675188,17.247291],[106.680115,17.25618],[106.685113,17.26079],[106.682179,17.264784],[106.687517,17.265339],[106.687877,17.267218],[106.69115,17.268582],[106.692896,17.274074],[106.696191,17.274301],[106.701732,17.279952],[106.712362,17.280697],[106.713527,17.286601]]]}},{"type":"Feature","properties":{"code":"19249","name":"Xã Lệ Thủy","type":"Xã"},"geometry":{"type":"Polygon","coordinates":[[[106.734688,17.268667],[106.734494,17.276216],[106.741007,17.275859],[106.747011,17.27882],[106.756338,17.264882],[106.760879,17.264392],[106.777427,17.256965],[106.790686,17.24885],[106.795217,17.248431],[106.797427,17.251161],[106.812781,17.236879],[106.811688,17.234984],[106.816666,17.230261],[106.813918,17.228595],[106.821207,17.226115],[106.816397,17.219769],[106.817934,17.219827],[106.817462,17.215186],[106.813442,17.215352],[106.809188,17.210066],[106.809153,17.208023],[106.796652,17.213487],[106.792735,17.218254],[106.790568,17.217696],[106.788175,17.206176],[106.786017,17.204303],[106.780362,17.205437],[106.772336,17.203414],[106.763981,17.20663],[106.759752,17.198342],[106.727832,17.21935],[106.73221,17.222063],[106.728281,17.231321],[106.729372,17.231753],[106.729268,17.237017],[106.73349,17.240851],[106.728936,17.25404],[106.734688,17.268667]]]}},{"type":"Feature","properties":{"code":"18901","name":"Xã Minh Hóa","type":"Xã"},"geometry":{"type":"Polygon","coordinates":[[[105.900524,17.935995],[105.906161,17.935497],[105.909575,17.93219],[105.916567,17.932136],[105.921476,17.926179],[105.927192,17.925126],[105.93031,17.917465],[105.929239,17.914304],[105.925032,17.91232],[105.925764,17.908021],[105.944373,17.894498],[105.952709,17.894837],[105.961309,17.893058],[105.964758,17.895209],[105.962688,17.898532],[105.973699,17.89474],[105.97606,17.897056],[105.978493,17.893033],[105.983543,17.890134],[105.983313,17.886105],[105.990759,17.87984],[105.993275,17.873723],[105.999522,17.870038],[106.001552,17.864661],[106.003548,17.864551],[106.005663,17.861369],[106.02049,17.85131],[106.023612,17.847621],[106.018015,17.838359],[106.018746,17.834063],[106.022335,17.830338],[106.03089,17.826091],[106.032944,17.821808],[106.031797,17.819926],[106.025335,17.812607],[106.022185,17.813337],[106.020921,17.812215],[106.010715,17.818545],[105.999711,17.817694],[105.994844,17.805675],[105.997419,17.79314],[105.993985,17.785723],[105.98336,17.775287],[105.980794,17.775702],[105.981468,17.774443],[105.976759,17.773361],[105.974123,17.77044],[105.963991,17.7691],[105.943091,17.779202],[105.938595,17.779618],[105.935724,17.783329],[105.939334,17.788866],[105.936756,17.79402],[105.934654,17.793031],[105.932872,17.795961],[105.929938,17.793033],[105.923637,17.795844],[105.921589,17.794427],[105.917339,17.797746],[105.91846,17.805131],[105.913993,17.817699],[105.90461,17.813426],[105.903799,17.820078],[105.900842,17.824775],[105.899494,17.830902],[105.894959,17.836984],[105.896308,17.839862],[105.893881,17.846539],[105.894797,17.858301],[105.902167,17.862558],[105.898969,17.865876],[105.900668,17.873054],[105.898119,17.877015],[105.899629,17.880173],[105.893084,17.879501],[105.887605,17.883681],[105.892292,17.891132],[105.891998,17.8992],[105.888483,17.908238],[105.88952,17.91715],[105.888156,17.91911],[105.886106,17.918691],[105.884654,17.922428],[105.885207,17.925659],[105.888252,17.928978],[105.886114,17.933265],[105.892411,17.938286],[105.894059,17.944977],[105.899387,17.947582],[105.898574,17.937807],[105.900524,17.935995]]]}},{"type":"Feature","properties":{"code":"19741","name":"Xã Mỹ Thủy","type":"Xã"},"geometry":{"type":"Polygon","coordinates":[[[107.305937,16.715036],[107.32993,16.746188],[107.343879,16.75288],[107.345384,16.756284],[107.340719,16.75988],[107.317208,16.767865],[107.308951,16.781569],[107.306091,16.781715],[107.293864,16.793795],[107.290937,16.794797],[107.295143,16.797819],[107.303603,16.798355],[107.30937,16.802446],[107.316787,16.794818],[107.316418,16.796777],[107.323026,16.791499],[107.322106,16.791734],[107.321258,16.791527],[107.321843,16.790839],[107.325169,16.790205],[107.329493,16.786465],[107.327701,16.786593],[107.327912,16.786417],[107.329845,16.786365],[107.332591,16.782756],[107.332992,16.78383],[107.340369,16.778142],[107.338662,16.778369],[107.338101,16.777806],[107.343221,16.774695],[107.341127,16.777706],[107.34517,16.774652],[107.34593,16.772659],[107.349333,16.769516],[107.349815,16.765895],[107.351441,16.76803],[107.345686,16.774168],[107.361655,16.761102],[107.373451,16.754227],[107.37397,16.752083],[107.373924,16.753896],[107.389464,16.742918],[107.369312,16.733245],[107.355771,16.709782],[107.354487,16.710636],[107.352726,16.707907],[107.35113,16.708316],[107.353416,16.70544],[107.358672,16.703115],[107.358139,16.698604],[107.353082,16.698362],[107.348629,16.694776],[107.345751,16.701378],[107.33201,16.697581],[107.329673,16.694544],[107.32811,16.695172],[107.324537,16.70488],[107.321061,16.705231],[107.320962,16.707482],[107.318399,16.708919],[107.320001,16.711164],[107.317702,16.712653],[107.319374,16.715119],[107.317437,16.715771],[107.312524,16.712245],[107.305937,16.715036]]]}},{"type":"Feature","properties":{"code":"19075","name":"Xã Nam Ba Đồn","type":"Xã"},"geometry":{"type":"Polygon","coordinates":[[[106.360769,17.698843],[106.357668,17.693955],[106.352118,17.693329],[106.344546,17.695534],[106.343726,17.701206],[106.342761,17.702643],[106.342213,17.703205],[106.340756,17.700985],[106.335347,17.700588],[106.324847,17.695843],[106.311421,17.693306],[106.305968,17.697643],[106.297823,17.696608],[106.292899,17.702136],[106.29026,17.701813],[106.289292,17.699348],[106.280489,17.697801],[106.278947,17.702832],[106.26267,17.70298],[106.257821,17.705017],[106.256675,17.703762],[106.25393,17.707002],[106.251156,17.703524],[106.249852,17.70639],[106.247044,17.705672],[106.245749,17.703527],[106.241499,17.703281],[106.236401,17.706516],[106.235482,17.7096],[106.237316,17.712027],[106.243686,17.711455],[106.244173,17.717515],[106.24997,17.72015],[106.250953,17.722367],[106.257042,17.724413],[106.256773,17.726226],[106.253357,17.727608],[106.253656,17.73087],[106.256335,17.732418],[106.254798,17.738297],[106.258022,17.737159],[106.25672,17.73865],[106.260722,17.739936],[106.259565,17.742263],[106.26446,17.742369],[106.267133,17.744572],[106.274927,17.743128],[106.280793,17.749449],[106.297094,17.744565],[106.299232,17.748344],[106.296839,17.749553],[106.295901,17.752978],[106.297754,17.757322],[106.302485,17.758585],[106.303165,17.760723],[106.310781,17.761072],[106.320645,17.770076],[106.326354,17.77017],[106.349116,17.760364],[106.353816,17.755092],[106.372004,17.749902],[106.365733,17.74142],[106.361144,17.742507],[106.362367,17.733338],[106.357737,17.731001],[106.359034,17.726814],[106.360833,17.724723],[106.362411,17.725406],[106.363992,17.722157],[106.370511,17.722916],[106.371598,17.720838],[106.368524,17.718492],[106.369786,17.713604],[106.368578,17.710259],[106.372385,17.708745],[106.372041,17.703571],[106.360903,17.70487],[106.360769,17.698843]]]}},{"type":"Feature","properties":{"code":"19639","name":"Xã Nam Cửa Việt","type":"Xã"},"geometry":{"type":"Polygon","coordinates":[[[107.23489,16.803631],[107.230608,16.798156],[107.227277,16.800691],[107.223513,16.799322],[107.219887,16.801164],[107.217708,16.800617],[107.217375,16.813014],[107.216534,16.811747],[107.214747,16.81356],[107.209819,16.809872],[107.208255,16.812207],[107.209753,16.815265],[107.206209,16.817172],[107.201677,16.82318],[107.200038,16.828662],[107.196681,16.830099],[107.193175,16.827744],[107.190763,16.829388],[107.190863,16.831354],[107.194824,16.831399],[107.197631,16.833176],[107.197354,16.834685],[107.189005,16.836571],[107.184503,16.838939],[107.183824,16.841142],[107.177949,16.839346],[107.177464,16.842791],[107.173894,16.838764],[107.168678,16.83869],[107.164054,16.835255],[107.161255,16.835974],[107.158224,16.840155],[107.157256,16.845162],[107.151656,16.853103],[107.151471,16.860865],[107.153288,16.864603],[107.148096,16.866907],[107.155371,16.88002],[107.182311,16.900023],[107.19062,16.903991],[107.191643,16.902763],[107.19675,16.906289],[107.199982,16.906099],[107.208441,16.89303],[107.235554,16.865535],[107.233858,16.865731],[107.233919,16.865235],[107.239039,16.862923],[107.254417,16.847923],[107.264817,16.840193],[107.262838,16.840667],[107.262524,16.840383],[107.267826,16.83764],[107.260677,16.831227],[107.263083,16.823151],[107.23489,16.803631]]]}},{"type":"Feature","properties":{"code":"19093","name":"Xã Nam Gianh","type":"Xã"},"geometry":{"type":"Polygon","coordinates":[[[106.360903,17.70487],[106.372041,17.703571],[106.372385,17.708745],[106.368578,17.710259],[106.369786,17.713604],[106.368524,17.718492],[106.371598,17.720838],[106.370511,17.722916],[106.363992,17.722157],[106.362411,17.725406],[106.360833,17.724723],[106.359034,17.726814],[106.357737,17.731001],[106.362367,17.733338],[106.361144,17.742507],[106.365733,17.74142],[106.372004,17.749902],[106.387718,17.744642],[106.398269,17.748728],[106.408275,17.746058],[106.423726,17.739447],[106.433358,17.732031],[106.435503,17.717366],[106.420373,17.726576],[106.400321,17.719475],[106.39097,17.711754],[106.390117,17.707779],[106.392816,17.699602],[106.401333,17.692299],[106.403629,17.687707],[106.38736,17.68518],[106.383642,17.682629],[106.366484,17.680818],[106.359892,17.675753],[106.355345,17.676811],[106.351445,17.684404],[106.353037,17.69087],[106.352118,17.693329],[106.358345,17.694474],[106.360792,17.698719],[106.360903,17.70487]]]}},{"type":"Feature","properties":{"code":"19735","name":"Xã Nam Hải Lăng","type":"Xã"},"geometry":{"type":"Polygon","coordinates":[[[107.325943,16.702108],[107.327588,16.695647],[107.329673,16.694544],[107.33201,16.697581],[107.345751,16.701378],[107.348629,16.694776],[107.347761,16.692425],[107.343519,16.690816],[107.341424,16.687058],[107.336845,16.684062],[107.333301,16.675266],[107.323929,16.669894],[107.325492,16.668296],[107.331355,16.667891],[107.330375,16.666165],[107.322658,16.665128],[107.318243,16.662181],[107.319017,16.659362],[107.322158,16.65652],[107.324268,16.656993],[107.328718,16.649988],[107.330221,16.645104],[107.32891,16.642553],[107.325353,16.642487],[107.325169,16.64836],[107.322102,16.65383],[107.317247,16.651765],[107.306761,16.639954],[107.308732,16.63624],[107.311584,16.635386],[107.313276,16.63806],[107.314652,16.637742],[107.31538,16.640353],[107.315889,16.638308],[107.310154,16.625381],[107.320699,16.620077],[107.32351,16.613855],[107.32855,16.608027],[107.324847,16.605],[107.331172,16.602317],[107.334456,16.598766],[107.324271,16.598343],[107.324029,16.591871],[107.326818,16.589577],[107.326576,16.586276],[107.312845,16.579306],[107.309964,16.581892],[107.303144,16.583905],[107.302709,16.586851],[107.301553,16.586531],[107.297368,16.582056],[107.291053,16.580594],[107.286953,16.575283],[107.283261,16.575354],[107.281339,16.572335],[107.278998,16.571675],[107.276738,16.572562],[107.271273,16.565548],[107.264964,16.571331],[107.255382,16.573849],[107.253334,16.577141],[107.250924,16.577013],[107.247122,16.581957],[107.247872,16.585355],[107.244755,16.587747],[107.239184,16.582224],[107.230236,16.581767],[107.228459,16.579219],[107.223592,16.580326],[107.216971,16.578077],[107.214141,16.579887],[107.211441,16.578497],[107.206221,16.578806],[107.202551,16.582731],[107.195315,16.581845],[107.189169,16.579162],[107.184062,16.580464],[107.178368,16.57648],[107.175691,16.578345],[107.16968,16.57877],[107.157083,16.573124],[107.154182,16.575056],[107.144537,16.5715],[107.140833,16.571867],[107.145198,16.583133],[107.151319,16.584636],[107.155755,16.590252],[107.158359,16.588562],[107.160137,16.591114],[107.164271,16.590215],[107.164418,16.592216],[107.170712,16.595794],[107.17229,16.604454],[107.175103,16.60689],[107.174675,16.608138],[107.17824,16.611735],[107.181057,16.611345],[107.181783,16.612765],[107.181876,16.620428],[107.186007,16.618143],[107.190243,16.620635],[107.193261,16.620036],[107.194042,16.621875],[107.200001,16.624175],[107.20199,16.622358],[107.204981,16.622326],[107.206621,16.624294],[107.213768,16.623367],[107.215837,16.619942],[107.213842,16.616819],[107.213738,16.611736],[107.215013,16.607944],[107.217499,16.606641],[107.234461,16.616967],[107.239753,16.617616],[107.244059,16.62882],[107.247487,16.631929],[107.252707,16.630067],[107.260099,16.634587],[107.264684,16.633879],[107.275754,16.637161],[107.27915,16.641031],[107.289371,16.646293],[107.295978,16.653248],[107.292268,16.656243],[107.300501,16.666636],[107.299478,16.671344],[107.30199,16.679156],[107.295087,16.68367],[107.292708,16.688951],[107.296018,16.698049],[107.295368,16.700661],[107.309113,16.694525],[107.311187,16.695042],[107.311232,16.698137],[107.306285,16.701295],[107.307147,16.70247],[107.311169,16.699746],[107.318209,16.700769],[107.321396,16.698472],[107.325943,16.702108]]]}},{"type":"Feature","properties":{"code":"19198","name":"Xã Nam Trạch","type":"Xã"},"geometry":{"type":"Polygon","coordinates":[[[106.584118,17.55434],[106.600151,17.530026],[106.594164,17.520565],[106.588902,17.517849],[106.58914,17.521578],[106.586157,17.520988],[106.586971,17.524078],[106.57777,17.510615],[106.575337,17.510863],[106.56883,17.505737],[106.562342,17.495097],[106.555308,17.493584],[106.551365,17.489937],[106.54761,17.490154],[106.547248,17.488185],[106.543502,17.488358],[106.539954,17.485061],[106.543992,17.482582],[106.53657,17.479226],[106.532464,17.472578],[106.52431,17.469932],[106.520596,17.463547],[106.524469,17.455587],[106.523951,17.451048],[106.527609,17.4486],[106.527076,17.443291],[106.52251,17.440452],[106.517941,17.441294],[106.509912,17.430404],[106.507317,17.42994],[106.507816,17.427017],[106.506233,17.425114],[106.511672,17.421605],[106.506116,17.414568],[106.505332,17.406571],[106.497622,17.401249],[106.498323,17.396484],[106.495695,17.393879],[106.494047,17.386072],[106.492366,17.384842],[106.484035,17.396715],[106.483639,17.404218],[106.488894,17.406374],[106.490683,17.408784],[106.488079,17.41381],[106.48765,17.422266],[106.481008,17.426332],[106.478792,17.430921],[106.470523,17.437939],[106.472507,17.444934],[106.471208,17.457174],[106.468993,17.461911],[106.449869,17.478836],[106.450219,17.482851],[106.448132,17.488786],[106.443284,17.494885],[106.443337,17.50492],[106.43841,17.513183],[106.434465,17.527794],[106.43046,17.536229],[106.432527,17.536949],[106.435987,17.542462],[106.438583,17.541197],[106.444705,17.542136],[106.453303,17.53517],[106.460205,17.535173],[106.462992,17.53027],[106.469186,17.531444],[106.475247,17.529365],[106.476617,17.531015],[106.482446,17.527198],[106.488261,17.531586],[106.492705,17.532793],[106.492077,17.529897],[106.489414,17.528142],[106.491071,17.522069],[106.495595,17.518926],[106.497494,17.513981],[106.503905,17.51416],[106.504463,17.520982],[106.505784,17.521932],[106.503707,17.523355],[106.514474,17.533829],[106.517099,17.533031],[106.519128,17.534283],[106.524841,17.531275],[106.528585,17.53193],[106.5342,17.538267],[106.539382,17.540063],[106.552425,17.551502],[106.554716,17.550492],[106.553738,17.545432],[106.55493,17.543051],[106.561301,17.545459],[106.570176,17.541612],[106.573162,17.549849],[106.578629,17.551711],[106.572018,17.564453],[106.575702,17.566531],[106.583198,17.555399],[106.581348,17.556972],[106.582666,17.552866],[106.584118,17.55434]]]}},{"type":"Feature","properties":{"code":"19225","name":"Xã Ninh Châu","type":"Xã"},"geometry":{"type":"Polygon","coordinates":[[[106.670233,17.367753],[106.697758,17.379464],[106.684792,17.393493],[106.686089,17.399946],[106.677366,17.41124],[106.68264,17.411636],[106.686811,17.415958],[106.742992,17.359256],[106.796826,17.311931],[106.790807,17.304071],[106.785373,17.291135],[106.773275,17.297448],[106.762179,17.311026],[106.755463,17.314763],[106.755907,17.319145],[106.735123,17.333509],[106.719783,17.310013],[106.721933,17.306317],[106.719506,17.3053],[106.714328,17.29509],[106.707735,17.299542],[106.695927,17.303385],[106.698236,17.30877],[106.69667,17.312434],[106.683708,17.314384],[106.683513,17.32149],[106.681466,17.322965],[106.665986,17.324275],[106.667822,17.328214],[106.666286,17.333962],[106.659984,17.338181],[106.661232,17.341527],[106.658497,17.34737],[106.651863,17.345517],[106.64271,17.348044],[106.644602,17.350925],[106.644009,17.354349],[106.649618,17.355114],[106.646891,17.366501],[106.658755,17.372876],[106.658779,17.374651],[106.660397,17.373558],[106.664009,17.376532],[106.670233,17.367753]]]}},{"type":"Feature","properties":{"code":"19138","name":"Xã Phong Nha","type":"Xã"},"geometry":{"type":"Polygon","coordinates":[[[106.233355,17.591423],[106.236103,17.598154],[106.243731,17.604981],[106.24666,17.613025],[106.254906,17.619196],[106.250791,17.622737],[106.251517,17.624589],[106.24914,17.628464],[106.243429,17.625955],[106.239275,17.62187],[106.234542,17.623931],[106.228914,17.622022],[106.225867,17.623192],[106.226023,17.624961],[106.22026,17.626237],[106.220468,17.628011],[106.210912,17.62794],[106.206361,17.623333],[106.193392,17.635289],[106.195422,17.637977],[106.194425,17.641303],[106.189843,17.645628],[106.185811,17.63999],[106.180853,17.643632],[106.176463,17.64013],[106.171697,17.640815],[106.166733,17.637372],[106.165134,17.638571],[106.154047,17.634048],[106.148078,17.633361],[106.146722,17.626785],[106.138437,17.618043],[106.127448,17.620938],[106.119389,17.614516],[106.115299,17.613785],[106.101322,17.617264],[106.089314,17.628609],[106.09369,17.645834],[106.08899,17.647978],[106.092475,17.649491],[106.094726,17.653639],[106.103402,17.655267],[106.104583,17.659867],[106.107332,17.662692],[106.116958,17.66238],[106.122458,17.66863],[106.108966,17.67819],[106.10591,17.682698],[106.095519,17.685891],[106.092717,17.690431],[106.079185,17.694213],[106.077929,17.699664],[106.081966,17.704221],[106.082838,17.708901],[106.098173,17.71069],[106.108587,17.714558],[106.111927,17.719574],[106.117007,17.723108],[106.138855,17.723838],[106.150485,17.727966],[106.151535,17.729747],[106.154742,17.724867],[106.159368,17.724222],[106.161203,17.722409],[106.176175,17.721172],[106.183185,17.718499],[106.185254,17.719271],[106.185873,17.717541],[106.188441,17.719018],[106.20096,17.71666],[106.203664,17.719551],[106.210508,17.716917],[106.216717,17.718614],[106.221147,17.716404],[106.222329,17.712863],[106.235482,17.7096],[106.236401,17.706516],[106.241499,17.703281],[106.245749,17.703527],[106.247044,17.705672],[106.249852,17.70639],[106.251156,17.703524],[106.25393,17.707002],[106.256675,17.703762],[106.257821,17.705017],[106.26267,17.70298],[106.278947,17.702832],[106.280489,17.697801],[106.289292,17.699348],[106.29026,17.701813],[106.292899,17.702136],[106.297823,17.696608],[106.305968,17.697643],[106.311421,17.693306],[106.324847,17.695843],[106.335347,17.700588],[106.340756,17.700985],[106.342213,17.703205],[106.344546,17.695534],[106.352118,17.693329],[106.353037,17.69087],[106.351308,17.687415],[106.351641,17.683484],[106.346931,17.677634],[106.345653,17.673805],[106.346719,17.671897],[106.33911,17.671122],[106.341673,17.667281],[106.341945,17.662447],[106.334965,17.654963],[106.339268,17.648063],[106.343913,17.646628],[106.346903,17.642152],[106.345437,17.639657],[106.339118,17.641751],[106.334429,17.634458],[106.339466,17.629035],[106.338515,17.620273],[106.345302,17.619548],[106.337499,17.614005],[106.336291,17.614518],[106.335002,17.608732],[106.336505,17.604821],[106.332941,17.602592],[106.330532,17.598621],[106.335895,17.590921],[106.332524,17.588904],[106.330804,17.582255],[106.328431,17.57923],[106.324599,17.578332],[106.323326,17.574059],[106.317995,17.568874],[106.321978,17.567147],[106.324052,17.563924],[106.327911,17.562712],[106.329815,17.559432],[106.336273,17.558943],[106.340641,17.556025],[106.342469,17.542047],[106.341392,17.536869],[106.344298,17.527841],[106.340303,17.518044],[106.335313,17.51251],[106.330808,17.512626],[106.327174,17.50772],[106.325896,17.507471],[106.32401,17.511668],[106.32268,17.511742],[106.312173,17.507313],[106.303718,17.528848],[106.298012,17.535174],[106.297879,17.538367],[106.292081,17.547562],[106.286056,17.539318],[106.280694,17.539563],[106.277103,17.537347],[106.26432,17.539154],[106.261489,17.534085],[106.257248,17.531533],[106.255343,17.532175],[106.248085,17.521087],[106.241834,17.521143],[106.238164,17.51885],[106.227398,17.517834],[106.226655,17.515701],[106.22005,17.514029],[106.218982,17.511075],[106.215688,17.510559],[106.215316,17.508879],[106.21382,17.509617],[106.213534,17.506917],[106.210993,17.507682],[106.207904,17.504834],[106.206614,17.506737],[106.212294,17.511301],[106.213792,17.516483],[106.212678,17.520411],[106.216041,17.527063],[106.222744,17.527223],[106.229362,17.531819],[106.229302,17.535336],[106.231992,17.539719],[106.233772,17.539899],[106.233917,17.545815],[106.240798,17.561419],[106.241333,17.563325],[106.23537,17.566001],[106.233355,17.591423]]]}},{"type":"Feature","properties":{"code":"19021","name":"Xã Phú Trạch","type":"Xã"},"geometry":{"type":"MultiPolygon","coordinates":[[[[106.494787,17.91496],[106.498124,17.90904],[106.495508,17.907136],[106.492739,17.912338],[106.494787,17.91496]]],[[[106.674386,17.913182],[106.674309,17.912503],[106.670453,17.911476],[106.671547,17.91313],[106.674386,17.913182]]],[[[106.28087,17.910995],[106.279845,17.914673],[106.28477,17.91933],[106.285037,17.925211],[106.280896,17.933616],[106.284617,17.939061],[106.29621,17.94528],[106.297705,17.953658],[106.304159,17.958894],[106.305127,17.962761],[106.323845,17.962761],[106.328619,17.979922],[106.336061,17.985505],[106.337898,17.991131],[106.340689,17.991781],[106.349313,17.98889],[106.360962,17.990932],[106.37535,17.985329],[106.381158,17.986043],[106.387033,17.982443],[106.400388,17.981699],[106.409405,17.972906],[106.417153,17.974711],[106.422801,17.9695],[106.435879,17.972778],[106.438833,17.969849],[106.444256,17.968843],[106.444652,17.951779],[106.450214,17.949547],[106.464943,17.95593],[106.473042,17.955818],[106.479295,17.953255],[106.491691,17.959457],[106.505466,17.961511],[106.510713,17.95991],[106.505427,17.958463],[106.504959,17.955808],[106.507338,17.947708],[106.511461,17.942729],[106.509549,17.94238],[106.513089,17.942949],[106.516082,17.941414],[106.50619,17.93323],[106.502109,17.925903],[106.502491,17.92395],[106.49698,17.921224],[106.49413,17.922857],[106.492747,17.92126],[106.486274,17.922445],[106.483359,17.920899],[106.481221,17.915369],[106.472373,17.906789],[106.469325,17.900621],[106.468687,17.894977],[106.463823,17.890257],[106.459906,17.87904],[106.454718,17.878678],[106.45014,17.875795],[106.442417,17.879211],[106.436489,17.87565],[106.433327,17.876004],[106.429508,17.879663],[106.426593,17.888546],[106.423026,17.891879],[106.415373,17.889353],[106.411325,17.893324],[106.405294,17.890254],[106.405749,17.892961],[106.399744,17.896193],[106.401876,17.908353],[106.399145,17.913381],[106.398316,17.919575],[106.395965,17.917473],[106.39579,17.91297],[106.392211,17.910957],[106.389482,17.90195],[106.387724,17.901531],[106.387391,17.899701],[106.385874,17.900878],[106.383887,17.899347],[106.379822,17.892752],[106.372973,17.88934],[106.371022,17.888911],[106.363883,17.892608],[106.359833,17.890329],[106.356278,17.890832],[106.352459,17.892771],[106.351691,17.895203],[106.348356,17.895011],[106.338578,17.899663],[106.334113,17.898977],[106.328088,17.902663],[106.318823,17.902674],[106.320708,17.897487],[106.317397,17.893534],[106.310615,17.894919],[106.305484,17.894074],[106.303369,17.897196],[106.295989,17.89473],[106.296896,17.887008],[106.292356,17.885521],[106.287945,17.877593],[106.282533,17.878747],[106.280134,17.877129],[106.274797,17.87857],[106.270934,17.87786],[106.266961,17.885155],[106.268224,17.892042],[106.2711,17.893637],[106.271092,17.900278],[106.279472,17.906593],[106.28087,17.910995]]],[[[106.52982,17.931305],[106.526356,17.932569],[106.527258,17.935489],[106.525381,17.937057],[106.526684,17.937971],[106.5348,17.935704],[106.533473,17.931687],[106.52982,17.931305]]],[[[106.517125,17.941038],[106.521782,17.943902],[106.5236,17.942864],[106.523448,17.940114],[106.521464,17.940989],[106.518847,17.938771],[106.517125,17.941038]]]]}},{"type":"Feature","properties":{"code":"19207","name":"Xã Quảng Ninh","type":"Xã"},"geometry":{"type":"Polygon","coordinates":[[[106.697758,17.379464],[106.670233,17.367753],[106.664009,17.376532],[106.660397,17.373558],[106.658779,17.374651],[106.658755,17.372876],[106.646891,17.366501],[106.649618,17.355114],[106.644009,17.354349],[106.644602,17.350925],[106.64271,17.348044],[106.63413,17.350538],[106.63518,17.347427],[106.631064,17.347496],[106.630536,17.351234],[106.628726,17.351378],[106.626142,17.350583],[106.626217,17.348315],[106.608875,17.347714],[106.607565,17.345444],[106.597158,17.345011],[106.58935,17.347268],[106.587072,17.352531],[106.584066,17.353845],[106.579398,17.363579],[106.571171,17.361049],[106.567621,17.362942],[106.559352,17.361414],[106.554163,17.363056],[106.548346,17.362399],[106.544915,17.365294],[106.532889,17.367141],[106.526626,17.373018],[106.533315,17.383624],[106.542981,17.387971],[106.552834,17.395758],[106.55548,17.400152],[106.554133,17.406044],[106.559155,17.404263],[106.562112,17.407716],[106.566504,17.40773],[106.572185,17.405867],[106.575828,17.402365],[106.583952,17.40297],[106.588423,17.412527],[106.591606,17.414132],[106.591035,17.417907],[106.595217,17.417664],[106.594812,17.42088],[106.596892,17.4215],[106.598022,17.424743],[106.606905,17.425571],[106.612337,17.42349],[106.621876,17.425604],[106.624537,17.428068],[106.623845,17.433165],[106.629118,17.436059],[106.637614,17.435877],[106.647344,17.417673],[106.651817,17.422252],[106.658141,17.417028],[106.666907,17.422488],[106.677366,17.41124],[106.686089,17.399946],[106.684792,17.393493],[106.697758,17.379464]]]}},{"type":"Feature","properties":{"code":"19057","name":"Xã Quảng Trạch","type":"Xã"},"geometry":{"type":"Polygon","coordinates":[[[106.396141,17.767986],[106.381763,17.769253],[106.380663,17.773379],[106.37808,17.774666],[106.374848,17.771124],[106.37201,17.77044],[106.365295,17.774078],[106.359388,17.773444],[106.351009,17.775969],[106.347855,17.777627],[106.348349,17.781076],[106.336038,17.786528],[106.335337,17.788469],[106.343606,17.794341],[106.35125,17.789297],[106.366472,17.796296],[106.372451,17.797342],[106.375694,17.794811],[106.377888,17.795481],[106.381589,17.798217],[106.382108,17.804216],[106.383713,17.805527],[106.38534,17.806535],[106.392861,17.805432],[106.395324,17.808217],[106.401054,17.809996],[106.401572,17.824801],[106.415555,17.820842],[106.418561,17.848772],[106.408914,17.849206],[106.406617,17.859805],[106.421058,17.86029],[106.429859,17.856901],[106.436048,17.858128],[106.435544,17.854758],[106.442632,17.853726],[106.442989,17.856177],[106.446444,17.855905],[106.444303,17.84114],[106.446241,17.820234],[106.457369,17.777411],[106.439995,17.768879],[106.424883,17.796929],[106.415797,17.794709],[106.418213,17.779537],[106.40765,17.7711],[106.404557,17.763577],[106.397289,17.765693],[106.396141,17.767986]]]}},{"type":"Feature","properties":{"code":"19288","name":"Xã Sen Ngư","type":"Xã"},"geometry":{"type":"Polygon","coordinates":[[[106.887708,17.242127],[106.991101,17.165478],[106.984454,17.155513],[106.971358,17.143534],[106.969003,17.13786],[106.953879,17.123857],[106.953683,17.119889],[106.94901,17.119775],[106.927176,17.108464],[106.923899,17.108479],[106.90474,17.094813],[106.901167,17.09543],[106.899991,17.093204],[106.893315,17.089352],[106.891868,17.090854],[106.894261,17.096061],[106.890011,17.09983],[106.88733,17.100226],[106.892047,17.109132],[106.890335,17.116126],[106.892149,17.121954],[106.8884,17.127163],[106.893814,17.135907],[106.897639,17.137954],[106.897837,17.140393],[106.888839,17.156688],[106.878998,17.1604],[106.882215,17.162228],[106.882221,17.167983],[106.884391,17.169843],[106.882006,17.172257],[106.884977,17.176639],[106.878534,17.180692],[106.878258,17.187478],[106.871072,17.194995],[106.860944,17.198986],[106.861417,17.201958],[106.854921,17.206063],[106.849474,17.207588],[106.845855,17.205251],[106.842709,17.209683],[106.843937,17.212025],[106.836315,17.218281],[106.845136,17.225927],[106.854025,17.240877],[106.878525,17.224056],[106.887708,17.242127]]]}},{"type":"Feature","properties":{"code":"19147","name":"Xã Thượng Trạch","type":"Xã"},"geometry":{"type":"Polygon","coordinates":[[[106.233355,17.591423],[106.23537,17.566001],[106.241333,17.563325],[106.240785,17.561375],[106.233917,17.545815],[106.233772,17.539899],[106.231992,17.539719],[106.229302,17.535336],[106.229362,17.531819],[106.222744,17.527223],[106.216041,17.527063],[106.212678,17.520411],[106.213792,17.516483],[106.212294,17.511301],[106.206614,17.506737],[106.207745,17.504968],[106.20921,17.50486],[106.210993,17.507682],[106.213534,17.506917],[106.21382,17.509617],[106.215316,17.508879],[106.215688,17.510559],[106.218982,17.511075],[106.22005,17.514029],[106.226655,17.515701],[106.227398,17.517834],[106.238164,17.51885],[106.241834,17.521143],[106.248085,17.521087],[106.255343,17.532175],[106.257248,17.531533],[106.261489,17.534085],[106.26432,17.539154],[106.277103,17.537347],[106.280694,17.539563],[106.286056,17.539318],[106.292235,17.547537],[106.297879,17.538367],[106.298012,17.535174],[106.303718,17.528848],[106.312173,17.507313],[106.32268,17.511742],[106.32401,17.511668],[106.325896,17.507471],[106.327174,17.50772],[106.330808,17.512626],[106.335313,17.51251],[106.340303,17.518044],[106.345358,17.512599],[106.356782,17.515984],[106.363451,17.514057],[106.366424,17.514719],[106.37233,17.507839],[106.384812,17.502396],[106.382675,17.501412],[106.383042,17.492553],[106.379188,17.490372],[106.374076,17.479273],[106.376424,17.474379],[106.374409,17.466437],[106.381309,17.458462],[106.385844,17.45844],[106.387732,17.456809],[106.387421,17.453642],[106.397439,17.447635],[106.397688,17.445109],[106.402775,17.440877],[106.404289,17.435594],[106.400856,17.433109],[106.384229,17.430058],[106.381426,17.426025],[106.373335,17.422795],[106.368352,17.41507],[106.365805,17.414215],[106.364979,17.399498],[106.367378,17.390598],[106.365282,17.387549],[106.358486,17.383327],[106.35665,17.379943],[106.352304,17.37871],[106.347376,17.380103],[106.347561,17.387972],[106.340859,17.388038],[106.335805,17.391198],[106.333188,17.373998],[106.317904,17.367553],[106.31486,17.360525],[106.315016,17.352515],[106.309159,17.348398],[106.304394,17.349762],[106.297325,17.346443],[106.292058,17.347345],[106.287263,17.334506],[106.289217,17.3318],[106.288139,17.327197],[106.291266,17.320953],[106.29368,17.321953],[106.294943,17.319386],[106.299547,17.316482],[106.301369,17.317163],[106.305487,17.313113],[106.307363,17.307463],[106.313174,17.30729],[106.31485,17.302592],[106.310684,17.297596],[106.307525,17.297573],[106.30088,17.293551],[106.296809,17.296164],[106.291246,17.296996],[106.275292,17.295904],[106.275174,17.285761],[106.281057,17.276979],[106.278844,17.266927],[106.275724,17.261771],[106.269228,17.259993],[106.262135,17.253538],[106.253982,17.253204],[106.251031,17.250381],[106.250907,17.244277],[106.248257,17.245209],[106.2452,17.250142],[106.238105,17.249751],[106.232047,17.25156],[106.224068,17.260636],[106.221476,17.261061],[106.207972,17.271199],[106.197369,17.274414],[106.195482,17.277486],[106.189785,17.27964],[106.187844,17.28413],[106.178565,17.293426],[106.171517,17.298189],[106.166906,17.297243],[106.16368,17.299435],[106.164842,17.302462],[106.161525,17.304912],[106.158016,17.305553],[106.148565,17.311939],[106.145712,17.311427],[106.143069,17.315161],[106.145703,17.318103],[106.14237,17.321148],[106.144689,17.324997],[106.143136,17.326899],[106.140404,17.32558],[106.140537,17.326954],[106.13609,17.32915],[106.1344,17.335545],[106.128277,17.338259],[106.127558,17.339939],[106.123958,17.339469],[106.119865,17.345066],[106.113166,17.347695],[106.110004,17.350825],[106.110697,17.353344],[106.108653,17.351856],[106.104701,17.352404],[106.100991,17.356445],[106.092139,17.36019],[105.965473,17.503257],[105.980287,17.509004],[105.986028,17.507982],[106.003519,17.519645],[106.00387,17.52486],[106.002075,17.527688],[106.006753,17.526817],[106.018669,17.529336],[106.019606,17.533177],[106.033829,17.543832],[106.032979,17.549686],[106.036361,17.550134],[106.039341,17.553625],[106.041088,17.560024],[106.039994,17.565518],[106.041404,17.568174],[106.038671,17.571047],[106.039357,17.578737],[106.035205,17.581475],[106.029007,17.580629],[106.029762,17.583317],[106.028044,17.586767],[106.030205,17.590824],[106.027957,17.593186],[106.028818,17.595531],[106.024251,17.59992],[106.02385,17.605898],[106.019119,17.608905],[106.016943,17.612696],[106.022368,17.621687],[106.027273,17.624935],[106.028221,17.627204],[106.030319,17.62654],[106.036075,17.630237],[106.039868,17.634934],[106.05332,17.638179],[106.057759,17.643451],[106.059449,17.643508],[106.059693,17.647002],[106.065373,17.652956],[106.080359,17.646515],[106.087504,17.64553],[106.089006,17.647728],[106.092184,17.647278],[106.09369,17.645834],[106.089314,17.628609],[106.101509,17.617126],[106.115299,17.613785],[106.119389,17.614516],[106.127448,17.620938],[106.138437,17.618043],[106.146722,17.626785],[106.148078,17.633361],[106.154047,17.634048],[106.165134,17.638571],[106.166733,17.637372],[106.171697,17.640815],[106.176463,17.64013],[106.180853,17.643632],[106.185811,17.63999],[106.189843,17.645628],[106.194425,17.641303],[106.195422,17.637977],[106.193392,17.635289],[106.206361,17.623333],[106.210912,17.62794],[106.220468,17.628011],[106.22026,17.626237],[106.226023,17.624961],[106.225867,17.623192],[106.228914,17.622022],[106.234542,17.623931],[106.239275,17.62187],[106.248728,17.628944],[106.251517,17.624589],[106.250791,17.622737],[106.254906,17.619196],[106.24666,17.613025],[106.243731,17.604981],[106.236103,17.598154],[106.233355,17.591423]]]}},{"type":"Feature","properties":{"code":"19645","name":"Xã Triệu Bình","type":"Xã"},"geometry":{"type":"Polygon","coordinates":[[[107.129252,16.857273],[107.136842,16.8638],[107.148096,16.866907],[107.153288,16.864603],[107.151471,16.860865],[107.151656,16.853103],[107.161636,16.835653],[107.164243,16.835302],[107.168678,16.83869],[107.173894,16.838764],[107.177655,16.842815],[107.177949,16.839346],[107.183667,16.841197],[107.184503,16.838939],[107.189005,16.836571],[107.197354,16.834685],[107.197386,16.832956],[107.191106,16.831495],[107.190536,16.829977],[107.193175,16.827744],[107.196508,16.830072],[107.199628,16.829033],[107.201677,16.82318],[107.206209,16.817172],[107.209814,16.815138],[107.208303,16.811885],[107.2132,16.802944],[107.211334,16.798909],[107.207443,16.800443],[107.207982,16.793403],[107.194254,16.793368],[107.192939,16.788418],[107.186817,16.78768],[107.188353,16.784575],[107.183878,16.781677],[107.181221,16.782384],[107.178807,16.785881],[107.178914,16.792719],[107.181407,16.793103],[107.178013,16.798409],[107.180041,16.806524],[107.18659,16.801523],[107.191434,16.801243],[107.18909,16.807693],[107.184997,16.811158],[107.181958,16.807923],[107.180828,16.808858],[107.182231,16.812862],[107.175437,16.811151],[107.176703,16.808152],[107.17146,16.804888],[107.171756,16.806922],[107.165166,16.808974],[107.165466,16.813104],[107.156882,16.811725],[107.151831,16.80798],[107.148817,16.808237],[107.147129,16.806703],[107.145107,16.807879],[107.138982,16.820792],[107.13046,16.828079],[107.128045,16.832175],[107.124863,16.846878],[107.129252,16.857273]]]}},{"type":"Feature","properties":{"code":"19654","name":"Xã Triệu Cơ","type":"Xã"},"geometry":{"type":"Polygon","coordinates":[[[107.23489,16.803631],[107.263083,16.823151],[107.260677,16.831227],[107.267826,16.83764],[107.295356,16.813956],[107.29671,16.810898],[107.296263,16.812732],[107.309159,16.802192],[107.307103,16.802803],[107.307973,16.801554],[107.303603,16.798355],[107.295143,16.797819],[107.290263,16.794307],[107.281708,16.793186],[107.2745,16.786619],[107.273696,16.783526],[107.265724,16.778787],[107.26825,16.77564],[107.263065,16.770992],[107.250078,16.766597],[107.252645,16.762265],[107.245776,16.763862],[107.241685,16.761202],[107.239451,16.763044],[107.234318,16.763284],[107.229523,16.761672],[107.226291,16.762929],[107.224728,16.766694],[107.219411,16.764758],[107.214595,16.769208],[107.210917,16.764613],[107.209086,16.764673],[107.207233,16.760533],[107.20087,16.761048],[107.200191,16.762238],[107.203406,16.767701],[107.20281,16.768891],[107.199681,16.768133],[107.19923,16.770927],[107.20209,16.769729],[107.208527,16.770517],[107.209995,16.772737],[107.208426,16.77206],[107.206375,16.774265],[107.210882,16.776653],[107.211439,16.78099],[107.216576,16.779955],[107.217978,16.783276],[107.214007,16.786644],[107.213971,16.797261],[107.211178,16.799696],[107.2132,16.802944],[107.209819,16.809872],[107.214747,16.81356],[107.216534,16.811747],[107.217375,16.813014],[107.217708,16.800617],[107.219887,16.801164],[107.223513,16.799322],[107.227277,16.800691],[107.230608,16.798156],[107.23489,16.803631]]]}},{"type":"Feature","properties":{"code":"19624","name":"Xã Triệu Phong","type":"Xã"},"geometry":{"type":"Polygon","coordinates":[[[107.159009,16.727512],[107.160026,16.722528],[107.165757,16.725908],[107.165238,16.729567],[107.167515,16.730578],[107.167309,16.729326],[107.169409,16.72931],[107.170167,16.726605],[107.164833,16.709393],[107.149935,16.704741],[107.145551,16.700413],[107.136997,16.70119],[107.117989,16.687738],[107.117053,16.685195],[107.118873,16.681519],[107.118915,16.674562],[107.112957,16.664068],[107.109086,16.663717],[107.104684,16.665901],[107.101502,16.659587],[107.093017,16.664398],[107.088706,16.654749],[107.082437,16.656086],[107.078737,16.652267],[107.069551,16.65213],[107.06624,16.645052],[107.060396,16.647662],[107.058732,16.651813],[107.057947,16.650369],[107.056073,16.651632],[107.057217,16.657347],[107.055387,16.662188],[107.061215,16.676166],[107.058678,16.677561],[107.059694,16.680114],[107.05553,16.682042],[107.058886,16.686263],[107.055036,16.690435],[107.057779,16.692208],[107.059193,16.691098],[107.061674,16.69198],[107.063551,16.696892],[107.061941,16.697608],[107.066429,16.700469],[107.065849,16.702146],[107.072333,16.703739],[107.072563,16.702164],[107.074285,16.701971],[107.076119,16.704049],[107.078546,16.702404],[107.082045,16.702655],[107.085166,16.706884],[107.084425,16.710583],[107.091363,16.713397],[107.090465,16.71523],[107.092453,16.715439],[107.092524,16.718527],[107.111274,16.717942],[107.115415,16.72161],[107.119176,16.721091],[107.119125,16.724347],[107.121524,16.723341],[107.122962,16.724346],[107.124193,16.72714],[107.126692,16.727968],[107.125925,16.730728],[107.128594,16.731249],[107.12945,16.734012],[107.139359,16.733451],[107.143022,16.739234],[107.1447,16.746815],[107.155274,16.752301],[107.156252,16.754888],[107.154847,16.756897],[107.159809,16.761034],[107.15861,16.762598],[107.160862,16.76378],[107.153343,16.775641],[107.15647,16.778705],[107.160298,16.780841],[107.162181,16.778923],[107.164072,16.781466],[107.172964,16.77095],[107.17551,16.7724],[107.175194,16.775202],[107.176613,16.775957],[107.185928,16.773728],[107.185823,16.777132],[107.197391,16.77933],[107.196927,16.783265],[107.191436,16.782745],[107.189504,16.787801],[107.192939,16.788418],[107.194029,16.79323],[107.207684,16.793191],[107.207443,16.800443],[107.213971,16.797261],[107.214007,16.786644],[107.217978,16.783276],[107.216576,16.779955],[107.211439,16.78099],[107.210882,16.776653],[107.206375,16.774265],[107.208426,16.77206],[107.209995,16.772737],[107.207958,16.770167],[107.19923,16.770927],[107.199681,16.768133],[107.20281,16.768891],[107.203406,16.767701],[107.200968,16.762865],[107.195536,16.75853],[107.193258,16.759101],[107.192875,16.757616],[107.19009,16.757413],[107.186981,16.758895],[107.186303,16.757566],[107.180373,16.758756],[107.17609,16.752485],[107.177488,16.744275],[107.175606,16.73553],[107.173893,16.73333],[107.163512,16.733171],[107.161008,16.730884],[107.161817,16.728908],[107.159009,16.727512]]]}},{"type":"Feature","properties":{"code":"19030","name":"Xã Trung Thuần","type":"Xã"},"geometry":{"type":"Polygon","coordinates":[[[106.406208,17.85971],[106.408914,17.849206],[106.418561,17.848772],[106.415555,17.820842],[106.401572,17.824801],[106.401054,17.809996],[106.395324,17.808217],[106.392861,17.805432],[106.38534,17.806535],[106.383713,17.805527],[106.382108,17.804216],[106.381589,17.798217],[106.377888,17.795481],[106.375694,17.794811],[106.372451,17.797342],[106.366472,17.796296],[106.35125,17.789297],[106.343751,17.793768],[106.345472,17.79732],[106.348307,17.798844],[106.347887,17.801087],[106.3423,17.801739],[106.337695,17.806655],[106.330962,17.802928],[106.328759,17.804565],[106.3308,17.810542],[106.328764,17.814387],[106.323726,17.814344],[106.319904,17.807026],[106.304934,17.811861],[106.296714,17.808049],[106.295778,17.812608],[106.297576,17.81797],[106.291827,17.820578],[106.281947,17.81937],[106.28053,17.820954],[106.284503,17.829491],[106.283444,17.830712],[106.284507,17.834119],[106.282305,17.837681],[106.284656,17.840053],[106.288137,17.840725],[106.287914,17.844384],[106.280531,17.84448],[106.279044,17.846995],[106.273054,17.850076],[106.27258,17.85264],[106.265833,17.849816],[106.261128,17.851887],[106.264017,17.859649],[106.266765,17.861407],[106.269984,17.860886],[106.269871,17.863686],[106.271605,17.865444],[106.269917,17.869649],[106.27385,17.873258],[106.273333,17.878091],[106.288058,17.877611],[106.292356,17.885521],[106.296896,17.887008],[106.295858,17.894578],[106.303369,17.897196],[106.305484,17.894074],[106.310615,17.894919],[106.315567,17.89325],[106.318784,17.894422],[106.322066,17.888684],[106.321833,17.8842],[106.329559,17.880858],[106.330751,17.877187],[106.329754,17.874291],[106.333701,17.871584],[106.336221,17.863961],[106.363248,17.856528],[106.368704,17.846419],[106.371566,17.846173],[106.37529,17.853748],[106.380694,17.856027],[106.387468,17.848404],[106.3964,17.848686],[106.406208,17.85971]]]}},{"type":"Feature","properties":{"code":"19237","name":"Xã Trường Ninh","type":"Xã"},"geometry":{"type":"Polygon","coordinates":[[[106.63413,17.350538],[106.651863,17.345517],[106.658497,17.34737],[106.661232,17.341527],[106.659984,17.338181],[106.666286,17.333962],[106.667822,17.328214],[106.665986,17.324275],[106.681466,17.322965],[106.683513,17.32149],[106.683708,17.314384],[106.69667,17.312434],[106.698236,17.30877],[106.695927,17.303385],[106.707735,17.299542],[106.714328,17.29509],[106.712362,17.280697],[106.701732,17.279952],[106.696191,17.274301],[106.692896,17.274074],[106.69115,17.268582],[106.687877,17.267218],[106.687517,17.265339],[106.682179,17.264784],[106.685113,17.26079],[106.680115,17.25618],[106.675188,17.247291],[106.673893,17.241436],[106.667379,17.244462],[106.669479,17.247583],[106.668232,17.247155],[106.667231,17.252587],[106.658849,17.250531],[106.654306,17.246066],[106.652737,17.246941],[106.646131,17.237447],[106.637124,17.247667],[106.635537,17.257371],[106.638835,17.2651],[106.641059,17.265421],[106.641225,17.271528],[106.642842,17.273175],[106.638271,17.279453],[106.636607,17.279283],[106.636777,17.283872],[106.633045,17.287268],[106.631972,17.295004],[106.627683,17.302758],[106.626454,17.310745],[106.624157,17.312868],[106.622026,17.320336],[106.612603,17.330109],[106.609794,17.335631],[106.610631,17.340094],[106.6084,17.341212],[106.607565,17.345444],[106.608875,17.347714],[106.626217,17.348315],[106.626142,17.350583],[106.628726,17.351378],[106.630536,17.351234],[106.631064,17.347496],[106.63518,17.347427],[106.63413,17.350538]]]}},{"type":"Feature","properties":{"code":"19309","name":"Xã Trường Phú","type":"Xã"},"geometry":{"type":"Polygon","coordinates":[[[106.763981,17.20663],[106.772336,17.203414],[106.780362,17.205437],[106.786017,17.204303],[106.788175,17.206176],[106.790568,17.217696],[106.792735,17.218254],[106.796652,17.213487],[106.81231,17.206285],[106.812088,17.202531],[106.80423,17.198468],[106.797395,17.18952],[106.798818,17.178842],[106.79642,17.169917],[106.804129,17.161126],[106.810104,17.161568],[106.816356,17.155084],[106.819526,17.153949],[106.820616,17.150977],[106.824077,17.148791],[106.823231,17.145894],[106.831131,17.143725],[106.833592,17.139196],[106.834737,17.136546],[106.833755,17.128986],[106.830539,17.127112],[106.831337,17.122951],[106.827626,17.118672],[106.828722,17.115512],[106.826972,17.114016],[106.829891,17.106565],[106.819141,17.112969],[106.809378,17.116509],[106.801403,17.117406],[106.786973,17.123274],[106.78495,17.121234],[106.783156,17.114585],[106.777851,17.112915],[106.771474,17.119411],[106.770251,17.114555],[106.754072,17.12072],[106.758179,17.124505],[106.754741,17.131626],[106.757295,17.132739],[106.755194,17.13625],[106.75896,17.142061],[106.758541,17.146729],[106.744543,17.159766],[106.738254,17.174613],[106.732147,17.172593],[106.732877,17.163708],[106.718561,17.168921],[106.708082,17.157331],[106.69816,17.156054],[106.693489,17.157236],[106.691735,17.159639],[106.686311,17.160025],[106.684111,17.15735],[106.681204,17.160104],[106.68412,17.164143],[106.681313,17.17007],[106.683286,17.172664],[106.678256,17.181424],[106.675757,17.182669],[106.67576,17.185898],[106.673656,17.188165],[106.683096,17.182188],[106.688018,17.184158],[106.689442,17.182052],[106.695637,17.183492],[106.695342,17.185543],[106.699553,17.190098],[106.698265,17.192139],[106.700582,17.195272],[106.700498,17.198071],[106.698735,17.199055],[106.702963,17.203149],[106.700565,17.203071],[106.702758,17.206284],[106.698902,17.212176],[106.700333,17.213717],[106.706064,17.215619],[106.711283,17.215022],[106.714934,17.219136],[106.715647,17.218227],[106.723645,17.220761],[106.724666,17.218586],[106.727714,17.219459],[106.759752,17.198342],[106.763981,17.20663]]]}},{"type":"Feature","properties":{"code":"19204","name":"Xã Trường Sơn","type":"Xã"},"geometry":{"type":"Polygon","coordinates":[[[106.636374,17.252952],[106.611575,17.2382],[106.613818,17.23227],[106.610922,17.224142],[106.617082,17.215883],[106.6164,17.21103],[106.613273,17.205865],[106.606876,17.206274],[106.602726,17.203805],[106.599739,17.203954],[106.605982,17.194429],[106.602504,17.190032],[106.604367,17.184964],[106.603188,17.181491],[106.596715,17.179078],[106.597083,17.176209],[106.591965,17.171133],[106.592094,17.167037],[106.5945,17.162375],[106.59121,17.157048],[106.591103,17.151992],[106.579344,17.153501],[106.57552,17.155969],[106.57012,17.153746],[106.565678,17.154032],[106.556317,17.147693],[106.547953,17.147881],[106.540863,17.145224],[106.539191,17.142552],[106.533649,17.142057],[106.52926,17.137064],[106.529783,17.131756],[106.526516,17.118492],[106.521897,17.116683],[106.510524,17.121826],[106.49755,17.119595],[106.495119,17.116851],[106.49834,17.112817],[106.497196,17.108991],[106.49796,17.102346],[106.496061,17.101193],[106.496139,17.097531],[106.492896,17.091214],[106.476553,17.087452],[106.462168,17.078752],[106.447147,17.079405],[106.440369,17.075804],[106.437053,17.07134],[106.430495,17.070745],[106.42613,17.073707],[106.422249,17.073802],[106.418164,17.07804],[106.409672,17.08153],[106.4102,17.083569],[106.407699,17.088769],[106.399551,17.093925],[106.398459,17.09671],[106.393286,17.09889],[106.39116,17.103482],[106.384459,17.104071],[106.373338,17.111011],[106.370544,17.12439],[106.364561,17.131127],[106.35651,17.134632],[106.355653,17.143428],[106.353084,17.145347],[106.353382,17.14693],[106.347591,17.147993],[106.353814,17.154061],[106.356209,17.158784],[106.348293,17.16207],[106.343138,17.167066],[106.338622,17.167713],[106.331448,17.178425],[106.326653,17.181033],[106.327103,17.18311],[106.324639,17.186414],[106.325545,17.18877],[106.321084,17.191626],[106.325561,17.197548],[106.328045,17.197537],[106.326537,17.199142],[106.317892,17.202352],[106.315968,17.204631],[106.308685,17.205616],[106.302847,17.208907],[106.307753,17.213704],[106.308509,17.216779],[106.307014,17.218231],[106.311578,17.217123],[106.314466,17.219894],[106.325082,17.215926],[106.328941,17.224843],[106.334206,17.226744],[106.332865,17.232616],[106.334492,17.233256],[106.33338,17.235515],[106.329472,17.234704],[106.328503,17.236632],[106.324722,17.236465],[106.324096,17.238275],[106.31732,17.235464],[106.313525,17.239387],[106.307957,17.23893],[106.308516,17.242379],[106.315107,17.242933],[106.317785,17.245128],[106.318608,17.248997],[106.314319,17.25352],[106.311407,17.251605],[106.30858,17.252708],[106.309988,17.253869],[106.308718,17.257558],[106.305377,17.257072],[106.307113,17.259673],[106.306821,17.26875],[106.3085,17.270816],[106.307317,17.272347],[106.307192,17.284023],[106.305374,17.287821],[106.306137,17.289944],[106.303913,17.295244],[106.307525,17.297573],[106.310684,17.297596],[106.315111,17.303884],[106.313174,17.30729],[106.307363,17.307463],[106.305487,17.313113],[106.301369,17.317163],[106.299547,17.316482],[106.294943,17.319386],[106.29368,17.321953],[106.291266,17.320953],[106.288139,17.327197],[106.289217,17.3318],[106.287723,17.33259],[106.287661,17.337122],[106.292533,17.34771],[106.297325,17.346443],[106.304394,17.349762],[106.309159,17.348398],[106.315016,17.352515],[106.31486,17.360525],[106.317904,17.367553],[106.333188,17.373998],[106.335805,17.391198],[106.340859,17.388038],[106.347561,17.387972],[106.347376,17.380103],[106.352304,17.37871],[106.35665,17.379943],[106.358486,17.383327],[106.365282,17.387549],[106.367378,17.390598],[106.364979,17.399498],[106.365805,17.414215],[106.368352,17.41507],[106.373335,17.422795],[106.381426,17.426025],[106.384229,17.430058],[106.404097,17.434815],[106.406901,17.429724],[106.410413,17.428097],[106.412426,17.424245],[106.417021,17.420922],[106.41896,17.415663],[106.422085,17.413943],[106.420767,17.40896],[106.422449,17.403583],[106.42715,17.398231],[106.428963,17.391597],[106.433456,17.386479],[106.451184,17.392643],[106.454009,17.392395],[106.456777,17.389804],[106.462188,17.382114],[106.469026,17.384405],[106.478742,17.381775],[106.483205,17.382105],[106.492366,17.384842],[106.493932,17.38099],[106.499767,17.376568],[106.502737,17.370602],[106.511156,17.365619],[106.51894,17.370252],[106.526642,17.372122],[106.532889,17.367141],[106.544915,17.365294],[106.548346,17.362399],[106.554163,17.363056],[106.559352,17.361414],[106.567621,17.362942],[106.571171,17.361049],[106.579398,17.363579],[106.584066,17.353845],[106.587072,17.352531],[106.590032,17.346639],[106.593449,17.347078],[106.597158,17.345011],[106.607565,17.345444],[106.6084,17.341212],[106.610631,17.340094],[106.609794,17.335631],[106.612603,17.330109],[106.622026,17.320336],[106.624157,17.312868],[106.626454,17.310745],[106.627683,17.302758],[106.631972,17.295004],[106.633045,17.287268],[106.636777,17.283872],[106.636607,17.279283],[106.638271,17.279453],[106.642842,17.273175],[106.641225,17.271528],[106.641059,17.265421],[106.638835,17.2651],[106.635537,17.257371],[106.636374,17.252952]]]}},{"type":"Feature","properties":{"code":"18991","name":"Xã Tuyên Bình","type":"Xã"},"geometry":{"type":"Polygon","coordinates":[[[106.279472,17.906593],[106.271092,17.900278],[106.2711,17.893637],[106.268224,17.892042],[106.266961,17.885155],[106.269243,17.88301],[106.270236,17.878148],[106.27306,17.877558],[106.274158,17.8746],[106.272939,17.871447],[106.270007,17.86998],[106.271605,17.865444],[106.269871,17.863686],[106.269984,17.860886],[106.266765,17.861407],[106.264017,17.859649],[106.261128,17.851887],[106.256427,17.851448],[106.255825,17.855294],[106.253501,17.856041],[106.246226,17.853745],[106.242044,17.85456],[106.238415,17.851807],[106.232818,17.850605],[106.234231,17.84831],[106.241985,17.845009],[106.233475,17.823093],[106.229353,17.820688],[106.225102,17.812058],[106.223671,17.812775],[106.222438,17.811169],[106.218037,17.813004],[106.217862,17.810903],[106.222482,17.805602],[106.223551,17.801729],[106.212731,17.802249],[106.19881,17.811498],[106.183311,17.81571],[106.181191,17.811618],[106.18388,17.809198],[106.181999,17.806337],[106.182782,17.804295],[106.178869,17.799513],[106.166783,17.804975],[106.152454,17.807881],[106.14565,17.811648],[106.145058,17.819741],[106.142305,17.820592],[106.142093,17.822602],[106.14725,17.826005],[106.146378,17.826804],[106.150416,17.833837],[106.15927,17.838765],[106.153162,17.839343],[106.156064,17.845018],[106.15914,17.843088],[106.161239,17.844061],[106.15972,17.846308],[106.164724,17.851981],[106.165914,17.856168],[106.161798,17.857236],[106.171368,17.874765],[106.169301,17.884752],[106.179958,17.880571],[106.187001,17.882352],[106.191534,17.878585],[106.191847,17.876155],[106.198405,17.876925],[106.202936,17.873591],[106.20474,17.874329],[106.203394,17.875561],[106.203634,17.881331],[106.199559,17.884735],[106.194233,17.896896],[106.188394,17.900485],[106.18533,17.908818],[106.18095,17.912516],[106.177765,17.918895],[106.181958,17.920831],[106.187386,17.920491],[106.189846,17.923565],[106.193703,17.922135],[106.195347,17.918037],[106.199996,17.916351],[106.207308,17.925496],[106.220461,17.927429],[106.222714,17.929756],[106.230755,17.92798],[106.233898,17.929176],[106.236019,17.927065],[106.240814,17.93044],[106.242592,17.929311],[106.242112,17.927632],[106.248385,17.92567],[106.252526,17.920413],[106.258318,17.91881],[106.263161,17.913815],[106.272115,17.919778],[106.276696,17.918659],[106.280445,17.915695],[106.279561,17.91354],[106.28087,17.910995],[106.279472,17.906593]]]}},{"type":"Feature","properties":{"code":"18997","name":"Xã Tuyên Hóa","type":"Xã"},"geometry":{"type":"Polygon","coordinates":[[[106.253673,17.85604],[106.255825,17.855294],[106.25663,17.851358],[106.261128,17.851887],[106.265833,17.849816],[106.27258,17.85264],[106.273054,17.850076],[106.279044,17.846995],[106.280531,17.84448],[106.287914,17.844384],[106.288137,17.840725],[106.284656,17.840053],[106.282305,17.837681],[106.284507,17.834119],[106.283444,17.830712],[106.284503,17.829491],[106.28053,17.820954],[106.281947,17.81937],[106.28064,17.816005],[106.283192,17.814903],[106.284526,17.809376],[106.277195,17.807255],[106.277327,17.803439],[106.274036,17.794369],[106.272463,17.794236],[106.271702,17.788441],[106.283449,17.785791],[106.292974,17.778313],[106.296438,17.762466],[106.303165,17.760723],[106.302485,17.758585],[106.297754,17.757322],[106.296006,17.753473],[106.296839,17.749553],[106.299232,17.748344],[106.298509,17.745389],[106.290861,17.745615],[106.280793,17.749449],[106.274927,17.743128],[106.267133,17.744572],[106.26446,17.742369],[106.259565,17.742263],[106.260722,17.739936],[106.25672,17.73865],[106.258022,17.737159],[106.254798,17.738297],[106.256335,17.732418],[106.253656,17.73087],[106.253357,17.727608],[106.256773,17.726226],[106.257042,17.724413],[106.250953,17.722367],[106.24997,17.72015],[106.244173,17.717515],[106.243686,17.711455],[106.237316,17.712027],[106.235482,17.7096],[106.222329,17.712863],[106.221147,17.716404],[106.215799,17.718872],[106.210508,17.716917],[106.203664,17.719551],[106.20096,17.71666],[106.188441,17.719018],[106.185873,17.717541],[106.185254,17.719271],[106.183185,17.718499],[106.176175,17.721172],[106.161532,17.722306],[106.159368,17.724222],[106.154742,17.724867],[106.151697,17.729737],[106.148423,17.727042],[106.135298,17.723201],[106.121242,17.723846],[106.115445,17.722131],[106.112838,17.72345],[106.114222,17.729827],[106.112702,17.738445],[106.113842,17.748709],[106.101413,17.750557],[106.10098,17.762849],[106.102358,17.766158],[106.099344,17.769695],[106.101285,17.772632],[106.100947,17.776544],[106.110238,17.780941],[106.111492,17.786659],[106.107674,17.787858],[106.10799,17.79171],[106.135065,17.791186],[106.138864,17.79389],[106.135409,17.797011],[106.138342,17.806028],[106.142195,17.807331],[106.14565,17.811648],[106.152454,17.807881],[106.166783,17.804975],[106.178869,17.799513],[106.182782,17.804295],[106.181999,17.806337],[106.18388,17.809198],[106.181191,17.811618],[106.183311,17.81571],[106.19881,17.811498],[106.212731,17.802249],[106.223551,17.801729],[106.222482,17.805602],[106.217862,17.810903],[106.218037,17.813004],[106.222438,17.811169],[106.223671,17.812775],[106.225102,17.812058],[106.229353,17.820688],[106.233475,17.823093],[106.241985,17.845009],[106.234231,17.84831],[106.232818,17.850605],[106.238415,17.851807],[106.242044,17.85456],[106.246226,17.853745],[106.253673,17.85604]]]}},{"type":"Feature","properties":{"code":"18958","name":"Xã Tuyên Lâm","type":"Xã"},"geometry":{"type":"Polygon","coordinates":[[[105.821998,18.033458],[105.828967,18.031676],[105.836819,18.026675],[105.83824,18.023914],[105.851303,18.022006],[105.853305,18.018737],[105.849544,18.020167],[105.849259,18.003322],[105.859606,17.997612],[105.854739,17.993711],[105.857764,17.99058],[105.854549,17.987218],[105.85636,17.980398],[105.853538,17.974096],[105.849268,17.970445],[105.839999,17.972601],[105.840043,17.967647],[105.843317,17.963082],[105.844312,17.957134],[105.847302,17.955722],[105.849426,17.956502],[105.852625,17.952636],[105.855008,17.953166],[105.85666,17.950219],[105.854635,17.947902],[105.854812,17.939441],[105.840809,17.939455],[105.839086,17.940629],[105.837118,17.93498],[105.837318,17.931528],[105.841522,17.930275],[105.843779,17.926858],[105.844556,17.920119],[105.848022,17.918887],[105.851424,17.914853],[105.844547,17.91076],[105.842946,17.906295],[105.839147,17.905375],[105.834141,17.908973],[105.828868,17.918808],[105.824297,17.918323],[105.819457,17.921084],[105.815194,17.918672],[105.80952,17.921549],[105.804821,17.919836],[105.79467,17.920238],[105.787876,17.916658],[105.783002,17.908282],[105.782644,17.897491],[105.778916,17.895036],[105.771233,17.894862],[105.765924,17.89128],[105.760431,17.891415],[105.751545,17.895639],[105.751737,17.900175],[105.748282,17.901243],[105.747266,17.904852],[105.743284,17.908239],[105.738989,17.906506],[105.735984,17.908189],[105.730161,17.908283],[105.72991,17.911858],[105.727039,17.916807],[105.724634,17.918096],[105.721892,17.917947],[105.715985,17.912726],[105.712287,17.91425],[105.705569,17.912311],[105.703191,17.916456],[105.704777,17.918441],[105.700196,17.922633],[105.694012,17.921838],[105.687736,17.923601],[105.679335,17.929093],[105.678012,17.931927],[105.679763,17.941964],[105.678837,17.944903],[105.66979,17.944864],[105.656671,17.953911],[105.645936,17.95523],[105.642244,17.958413],[105.643541,17.992455],[105.705996,17.992442],[105.713075,17.998632],[105.712521,18.001743],[105.714918,18.004269],[105.719982,18.005472],[105.722222,18.00791],[105.720483,18.009846],[105.721404,18.012024],[105.720043,18.020284],[105.728492,18.028984],[105.731267,18.034526],[105.739901,18.03723],[105.750255,18.034012],[105.753982,18.028266],[105.760524,18.024689],[105.769969,18.023457],[105.775398,18.017384],[105.777559,18.016968],[105.788385,18.025221],[105.797421,18.02377],[105.801997,18.025804],[105.810032,18.026037],[105.810689,18.027277],[105.80769,18.031689],[105.816615,18.037989],[105.821998,18.033458]]]}},{"type":"Feature","properties":{"code":"18985","name":"Xã Tuyên Phú","type":"Xã"},"geometry":{"type":"Polygon","coordinates":[[[106.169651,17.884963],[106.171425,17.87661],[106.17066,17.872536],[106.161884,17.857759],[106.165914,17.856168],[106.164724,17.851981],[106.15972,17.846308],[106.161239,17.844061],[106.15914,17.843088],[106.156064,17.845018],[106.153162,17.839343],[106.159207,17.838677],[106.150416,17.833837],[106.146378,17.826804],[106.14725,17.826005],[106.142093,17.822602],[106.142305,17.820592],[106.145058,17.819741],[106.14565,17.811648],[106.142195,17.807331],[106.138342,17.806028],[106.135409,17.797011],[106.138864,17.79389],[106.135065,17.791186],[106.124261,17.790435],[106.104471,17.79197],[106.093567,17.796016],[106.084968,17.803101],[106.055784,17.812745],[106.058902,17.819459],[106.053123,17.822348],[106.051836,17.82473],[106.05534,17.826437],[106.056601,17.828883],[106.060697,17.829745],[106.059995,17.832037],[106.062421,17.838631],[106.064415,17.838172],[106.065723,17.841435],[106.06765,17.840573],[106.075842,17.847338],[106.075515,17.852187],[106.071676,17.85727],[106.070326,17.864632],[106.06162,17.870064],[106.062671,17.878516],[106.059602,17.885106],[106.065743,17.89131],[106.069,17.899998],[106.069055,17.904701],[106.063664,17.907848],[106.058156,17.908686],[106.061253,17.916869],[106.057834,17.925337],[106.061861,17.930558],[106.06398,17.937251],[106.074089,17.935761],[106.076409,17.932754],[106.086286,17.93188],[106.090979,17.932949],[106.105182,17.929115],[106.106205,17.927457],[106.118982,17.927574],[106.130211,17.920711],[106.137729,17.921609],[106.140164,17.91862],[106.150525,17.918954],[106.157831,17.916572],[106.163165,17.917273],[106.172001,17.91435],[106.177934,17.918828],[106.18095,17.912516],[106.18533,17.908818],[106.188394,17.900485],[106.194233,17.896896],[106.199559,17.884735],[106.203501,17.881568],[106.203394,17.875561],[106.20474,17.874329],[106.202936,17.873591],[106.198405,17.876925],[106.191847,17.876155],[106.191534,17.878585],[106.187001,17.882352],[106.179958,17.880571],[106.173762,17.882001],[106.169651,17.884963]]]}},{"type":"Feature","properties":{"code":"18952","name":"Xã Tuyên Sơn","type":"Xã"},"geometry":{"type":"Polygon","coordinates":[[[105.896084,18.089888],[105.91019,18.088691],[105.913391,18.087162],[105.918325,18.080722],[105.930689,18.089351],[105.934142,18.088293],[105.935751,18.083184],[105.945367,18.073957],[105.947218,18.069086],[105.950379,18.065984],[105.9499,18.059114],[105.952185,18.057619],[105.9633,18.059515],[105.964042,18.056554],[105.968157,18.054966],[105.975072,18.062126],[105.985995,18.063955],[105.994754,18.053777],[105.994831,18.051036],[105.991675,18.050065],[105.993465,18.038705],[105.989364,18.034695],[105.98574,18.026583],[105.981703,18.027626],[105.97297,18.022086],[105.970462,18.022067],[105.965512,18.011275],[105.963405,18.010476],[105.961109,18.012057],[105.95817,18.011676],[105.952946,18.017597],[105.951258,18.015349],[105.944526,18.022663],[105.934721,18.025797],[105.928192,18.031006],[105.921564,18.028752],[105.920689,18.024658],[105.915075,18.017802],[105.911472,18.015906],[105.913694,18.006025],[105.909226,17.998134],[105.901225,18.002974],[105.897559,18.007077],[105.892711,17.998142],[105.88843,17.994388],[105.887354,17.991773],[105.889409,17.987412],[105.896094,17.994223],[105.899618,17.994199],[105.899317,17.990696],[105.896491,17.98403],[105.893203,17.980838],[105.89086,17.981833],[105.890153,17.979834],[105.888062,17.979881],[105.88461,17.972463],[105.8852,17.968047],[105.881497,17.964811],[105.881215,17.961556],[105.86761,17.95183],[105.859654,17.951769],[105.85666,17.950219],[105.855008,17.953166],[105.852625,17.952636],[105.849426,17.956502],[105.844476,17.956945],[105.843317,17.963082],[105.840043,17.967647],[105.84058,17.9731],[105.842921,17.971325],[105.849609,17.970549],[105.853538,17.974096],[105.85636,17.980398],[105.854485,17.98688],[105.857764,17.99058],[105.854739,17.993711],[105.859606,17.997612],[105.851105,18.001918],[105.848836,18.005496],[105.849544,18.020167],[105.853305,18.018737],[105.850081,18.02301],[105.846744,18.022065],[105.83824,18.023914],[105.836819,18.026675],[105.831049,18.029204],[105.829057,18.031932],[105.83531,18.041109],[105.827898,18.04727],[105.813008,18.052649],[105.826007,18.062893],[105.831849,18.065289],[105.838294,18.063144],[105.842499,18.065502],[105.848612,18.064045],[105.850049,18.066889],[105.852688,18.067672],[105.869523,18.066534],[105.873997,18.068274],[105.875454,18.073149],[105.881146,18.07679],[105.883098,18.083322],[105.896084,18.089888]]]}},{"type":"Feature","properties":{"code":"19588","name":"Xã Tà Rụt","type":"Xã"},"geometry":{"type":"Polygon","coordinates":[[[106.969252,16.404483],[106.962761,16.40061],[106.962186,16.396621],[106.958768,16.391896],[106.958615,16.387371],[106.96087,16.385153],[106.95757,16.383945],[106.956538,16.381014],[106.95202,16.379311],[106.950488,16.375454],[106.951425,16.371046],[106.949058,16.368021],[106.950308,16.363867],[106.954963,16.361759],[106.964659,16.36083],[106.963942,16.358291],[106.963589,16.357247],[106.962332,16.358828],[106.952636,16.358445],[106.938376,16.365464],[106.931615,16.365841],[106.92806,16.370384],[106.922654,16.370226],[106.918092,16.37366],[106.914948,16.379923],[106.907712,16.38327],[106.9042,16.388136],[106.899433,16.390139],[106.897579,16.392066],[106.896115,16.401818],[106.89135,16.409327],[106.895336,16.412582],[106.896281,16.42002],[106.899458,16.422429],[106.900092,16.426407],[106.891648,16.426669],[106.887565,16.421312],[106.884516,16.421958],[106.873523,16.426412],[106.871766,16.428836],[106.871662,16.435877],[106.873445,16.43589],[106.881776,16.446868],[106.887999,16.45044],[106.888602,16.451886],[106.885009,16.457826],[106.885033,16.46066],[106.886872,16.462169],[106.884454,16.466353],[106.885864,16.468283],[106.903192,16.469264],[106.907778,16.466613],[106.909754,16.467312],[106.920358,16.460882],[106.927528,16.460429],[106.932318,16.454163],[106.94156,16.450416],[106.944042,16.452811],[106.950345,16.454426],[106.954737,16.465695],[106.959511,16.470341],[106.957666,16.474495],[106.961437,16.484502],[106.960482,16.490832],[106.969891,16.506092],[106.96914,16.51545],[106.974344,16.519805],[106.974757,16.52283],[106.978761,16.525008],[106.980944,16.532316],[106.990867,16.536257],[106.992745,16.540411],[106.991746,16.544164],[106.995203,16.545165],[107.00163,16.544114],[107.009141,16.539851],[107.016776,16.543591],[107.019921,16.540993],[107.024848,16.540393],[107.026173,16.538069],[107.033184,16.533953],[107.038035,16.534403],[107.042809,16.530964],[107.0449,16.531159],[107.05107,16.52468],[107.055486,16.524229],[107.059444,16.517671],[107.067704,16.510532],[107.074182,16.511051],[107.076157,16.508488],[107.079702,16.508901],[107.081827,16.503182],[107.083903,16.502659],[107.095241,16.504381],[107.094706,16.500914],[107.098641,16.491133],[107.100151,16.490607],[107.102044,16.494883],[107.105967,16.495179],[107.114493,16.488517],[107.119703,16.487935],[107.125436,16.481449],[107.126098,16.476902],[107.129894,16.475253],[107.129544,16.471019],[107.1319,16.469138],[107.135665,16.458926],[107.135422,16.453552],[107.12962,16.449265],[107.129587,16.44654],[107.125957,16.442354],[107.121313,16.443104],[107.111182,16.441117],[107.109102,16.442106],[107.106084,16.440156],[107.089532,16.448943],[107.086839,16.442429],[107.078785,16.437414],[107.076157,16.433803],[107.069138,16.432131],[107.058053,16.432695],[107.054784,16.436448],[107.052654,16.435721],[107.050346,16.432596],[107.050504,16.426],[107.047038,16.425125],[107.047063,16.418677],[107.049592,16.415742],[107.045487,16.413048],[107.040212,16.403151],[107.042605,16.395729],[107.042144,16.392001],[107.032594,16.393435],[107.028938,16.391651],[107.026563,16.394951],[107.021202,16.397581],[107.015798,16.393682],[107.013327,16.389716],[107.009405,16.390507],[107.004033,16.387992],[107.001118,16.388872],[106.997732,16.387729],[106.990013,16.390954],[106.975212,16.393851],[106.969252,16.404483]]]}},{"type":"Feature","properties":{"code":"19051","name":"Xã Tân Gianh","type":"Xã"},"geometry":{"type":"Polygon","coordinates":[[[106.381763,17.769253],[106.396141,17.767986],[106.397146,17.765886],[106.394253,17.76445],[106.391297,17.754193],[106.388319,17.756565],[106.378522,17.756869],[106.362623,17.761945],[106.356757,17.759064],[106.347818,17.760672],[106.326354,17.77017],[106.320645,17.770076],[106.30978,17.760577],[106.299121,17.761003],[106.2953,17.76475],[106.294237,17.7753],[106.292296,17.7793],[106.282274,17.786339],[106.271702,17.788441],[106.272373,17.793902],[106.274036,17.794369],[106.277365,17.807505],[106.284526,17.809376],[106.283192,17.814903],[106.28064,17.816005],[106.281947,17.81937],[106.291827,17.820578],[106.297576,17.81797],[106.295778,17.812608],[106.296714,17.808049],[106.304934,17.811861],[106.319904,17.807026],[106.323726,17.814344],[106.328764,17.814387],[106.3308,17.810573],[106.32873,17.805803],[106.329583,17.803808],[106.330962,17.802928],[106.337695,17.806655],[106.3423,17.801739],[106.345105,17.802267],[106.348717,17.800425],[106.343242,17.79355],[106.336879,17.790303],[106.335664,17.786747],[106.348349,17.781076],[106.347855,17.777627],[106.351009,17.775969],[106.359388,17.773444],[106.365295,17.774078],[106.37201,17.77044],[106.374848,17.771124],[106.37808,17.774666],[106.380663,17.773379],[106.381763,17.769253]]]}},{"type":"Feature","properties":{"code":"19462","name":"Xã Tân Lập","type":"Xã"},"geometry":{"type":"Polygon","coordinates":[[[106.722353,16.588769],[106.742009,16.574809],[106.740293,16.569337],[106.751066,16.538535],[106.749838,16.527614],[106.746652,16.524592],[106.742305,16.52678],[106.736182,16.525234],[106.733076,16.52302],[106.732464,16.520377],[106.728623,16.518858],[106.726073,16.513599],[106.717568,16.50757],[106.701824,16.512013],[106.682934,16.52133],[106.686865,16.537436],[106.684572,16.544865],[106.69179,16.559186],[106.687285,16.571797],[106.681961,16.576216],[106.681548,16.581937],[106.673671,16.580461],[106.675425,16.582732],[106.673503,16.584111],[106.671558,16.582781],[106.66983,16.588336],[106.671939,16.588939],[106.671278,16.593416],[106.673595,16.596606],[106.679465,16.59617],[106.672836,16.603014],[106.668355,16.612764],[106.668461,16.618372],[106.675185,16.623452],[106.678678,16.636723],[106.673582,16.643485],[106.688735,16.64733],[106.697736,16.641494],[106.705344,16.64047],[106.708423,16.64373],[106.714729,16.639582],[106.719225,16.639527],[106.721792,16.636135],[106.724111,16.63584],[106.730126,16.627583],[106.721102,16.625427],[106.718134,16.620493],[106.720717,16.614359],[106.723247,16.612353],[106.722625,16.610593],[106.725067,16.608431],[106.726335,16.610575],[106.729815,16.608277],[106.728331,16.599262],[106.722353,16.588769]]]}},{"type":"Feature","properties":{"code":"19291","name":"Xã Tân Mỹ","type":"Xã"},"geometry":{"type":"Polygon","coordinates":[[[106.823832,17.2277],[106.830239,17.224741],[106.843937,17.212025],[106.842709,17.209683],[106.845855,17.205251],[106.849474,17.207588],[106.854921,17.206063],[106.861417,17.201958],[106.860944,17.198986],[106.871072,17.194995],[106.878258,17.187478],[106.878534,17.180692],[106.884977,17.176639],[106.882006,17.172257],[106.884391,17.169843],[106.882221,17.167983],[106.882215,17.162228],[106.878998,17.1604],[106.888839,17.156688],[106.897837,17.140393],[106.897639,17.137954],[106.893814,17.135907],[106.8884,17.127163],[106.892149,17.121954],[106.890335,17.116126],[106.892047,17.109132],[106.88733,17.100226],[106.890011,17.09983],[106.894246,17.09581],[106.891868,17.090854],[106.888354,17.089899],[106.883009,17.082442],[106.867741,17.081208],[106.861092,17.077089],[106.850853,17.080682],[106.829891,17.106565],[106.826972,17.114016],[106.828722,17.115512],[106.827626,17.118672],[106.831337,17.122951],[106.830539,17.127112],[106.833861,17.129594],[106.834737,17.136546],[106.831222,17.143611],[106.823231,17.145894],[106.824077,17.148791],[106.820616,17.150977],[106.819526,17.153949],[106.816356,17.155084],[106.810104,17.161568],[106.804129,17.161126],[106.796697,17.168983],[106.798946,17.181729],[106.797395,17.18952],[106.80423,17.198468],[106.812241,17.202726],[106.8126,17.205661],[106.809153,17.208023],[106.809188,17.210066],[106.813442,17.215352],[106.817462,17.215186],[106.817934,17.219827],[106.816397,17.219769],[106.821207,17.226115],[106.823832,17.2277]]]}},{"type":"Feature","properties":{"code":"18919","name":"Xã Tân Thành","type":"Xã"},"geometry":{"type":"Polygon","coordinates":[[[105.876477,17.957565],[105.879649,17.946453],[105.881383,17.946407],[105.880462,17.945148],[105.882148,17.942654],[105.887116,17.939757],[105.889421,17.936073],[105.885919,17.932766],[105.888252,17.928978],[105.885207,17.925659],[105.884654,17.922428],[105.886106,17.918691],[105.888275,17.919052],[105.889586,17.916881],[105.888444,17.908597],[105.891998,17.8992],[105.892292,17.891132],[105.887072,17.882992],[105.88255,17.881284],[105.875914,17.883443],[105.880268,17.871547],[105.874408,17.869077],[105.868724,17.872513],[105.869522,17.867297],[105.871597,17.86477],[105.870847,17.862539],[105.857029,17.859909],[105.857983,17.853189],[105.859133,17.851246],[105.862524,17.850274],[105.86027,17.846774],[105.862812,17.843206],[105.860655,17.835551],[105.864091,17.831357],[105.852569,17.827914],[105.848983,17.83312],[105.84704,17.831776],[105.845586,17.832672],[105.845734,17.830321],[105.843066,17.827457],[105.835792,17.822338],[105.833802,17.827461],[105.835167,17.833838],[105.831806,17.840551],[105.818357,17.852377],[105.818172,17.863793],[105.814968,17.87096],[105.805872,17.868348],[105.798666,17.870249],[105.794187,17.869519],[105.793289,17.871549],[105.796323,17.876076],[105.794971,17.879312],[105.797698,17.883126],[105.791812,17.883766],[105.792291,17.886136],[105.789075,17.8857],[105.787,17.887666],[105.779334,17.888877],[105.773934,17.88889],[105.7691,17.885103],[105.764505,17.890986],[105.771233,17.894862],[105.778916,17.895036],[105.782644,17.897491],[105.783002,17.908282],[105.787876,17.916658],[105.79467,17.920238],[105.804821,17.919836],[105.80952,17.921549],[105.815194,17.918672],[105.819457,17.921084],[105.824297,17.918323],[105.828868,17.918808],[105.834141,17.908973],[105.839147,17.905375],[105.842946,17.906295],[105.844547,17.91076],[105.851424,17.914853],[105.848022,17.918887],[105.844556,17.920119],[105.844045,17.926236],[105.841522,17.930275],[105.837318,17.931528],[105.839058,17.9406],[105.840809,17.939455],[105.854812,17.939441],[105.854635,17.947902],[105.85635,17.950077],[105.859654,17.951769],[105.86761,17.95183],[105.869712,17.954425],[105.876477,17.957565]]]}},{"type":"Feature","properties":{"code":"19372","name":"Xã Vĩnh Hoàng","type":"Xã"},"geometry":{"type":"Polygon","coordinates":[[[106.997055,17.074932],[106.97943,17.098962],[106.988098,17.108802],[106.98863,17.115212],[106.985555,17.125411],[106.977594,17.131003],[106.971971,17.137227],[106.969003,17.13786],[106.971358,17.143534],[106.984454,17.155513],[106.991164,17.165421],[107.050108,17.12399],[107.045679,17.125828],[107.046301,17.124856],[107.049267,17.123379],[107.050091,17.123556],[107.050253,17.124264],[107.048629,17.125232],[107.050247,17.124827],[107.080036,17.106815],[107.077297,17.103055],[107.077082,17.094521],[107.074899,17.089115],[107.07131,17.088236],[107.073391,17.084332],[107.070988,17.081304],[107.069752,17.072188],[107.071146,17.067944],[107.069713,17.066006],[107.07127,17.063101],[107.069218,17.060375],[107.071171,17.059033],[107.06044,17.048028],[107.06022,17.040797],[107.054818,17.043125],[107.053834,17.02964],[107.051273,17.023455],[107.045067,17.025832],[107.043248,17.023427],[107.039554,17.02729],[107.03674,17.023139],[107.032038,17.026397],[107.025611,17.03646],[107.030292,17.051046],[107.032001,17.051504],[107.03377,17.055929],[107.036334,17.055989],[107.035813,17.057405],[107.032803,17.057724],[107.030687,17.054768],[107.022648,17.065095],[107.024706,17.066257],[107.024365,17.069938],[107.019353,17.076556],[107.014983,17.075594],[107.016515,17.080922],[107.012767,17.081555],[107.011659,17.080309],[107.002344,17.083141],[106.997244,17.080281],[106.998768,17.076071],[106.997055,17.074932]]]}},{"type":"Feature","properties":{"code":"19363","name":"Xã Vĩnh Linh","type":"Xã"},"geometry":{"type":"Polygon","coordinates":[[[106.906819,17.044769],[106.913447,17.052866],[106.918119,17.051631],[106.926842,17.054969],[106.927626,17.060479],[106.919717,17.057204],[106.91992,17.060303],[106.918251,17.062258],[106.897473,17.066839],[106.895538,17.07241],[106.892881,17.073517],[106.892237,17.072016],[106.888609,17.071644],[106.885917,17.074396],[106.876394,17.076016],[106.872492,17.079605],[106.867741,17.081208],[106.883009,17.082442],[106.888354,17.089899],[106.891171,17.09124],[106.894016,17.089416],[106.901167,17.09543],[106.90474,17.094813],[106.923899,17.108479],[106.927176,17.108464],[106.94901,17.119775],[106.953683,17.119889],[106.953879,17.123857],[106.969003,17.13786],[106.971971,17.137227],[106.977594,17.131003],[106.985555,17.125411],[106.98863,17.115212],[106.988098,17.108802],[106.97943,17.098962],[106.997055,17.074932],[106.998768,17.076071],[106.997244,17.080281],[107.002344,17.083141],[107.011659,17.080309],[107.012767,17.081555],[107.016515,17.080922],[107.014983,17.075594],[107.019353,17.076556],[107.024365,17.069938],[107.024706,17.066257],[107.022648,17.065095],[107.030687,17.054768],[107.032803,17.057724],[107.035813,17.057405],[107.036334,17.055989],[107.03377,17.055929],[107.032001,17.051504],[107.030292,17.051046],[107.025611,17.03646],[107.010242,17.045093],[107.002823,17.043509],[106.994788,17.046792],[106.986787,17.04391],[106.976086,17.049405],[106.970432,17.054135],[106.964588,17.050329],[106.957315,17.051689],[106.951623,17.047567],[106.943165,17.045],[106.934891,17.046105],[106.928924,17.040971],[106.925723,17.035488],[106.920236,17.03569],[106.915879,17.032856],[106.914086,17.033971],[106.912038,17.030641],[106.907023,17.030443],[106.899959,17.038404],[106.906819,17.044769]]]}},{"type":"Feature","properties":{"code":"19405","name":"Xã Vĩnh Thủy","type":"Xã"},"geometry":{"type":"Polygon","coordinates":[[[106.948861,16.961977],[106.950405,16.953568],[106.947884,16.957468],[106.945061,16.951721],[106.940618,16.953009],[106.934303,16.95124],[106.931483,16.95439],[106.928942,16.961619],[106.924371,16.964589],[106.924747,16.96723],[106.919684,16.968373],[106.918122,16.970442],[106.918126,16.972283],[106.92038,16.973521],[106.92037,16.97647],[106.922252,16.976203],[106.922041,16.980371],[106.923707,16.981193],[106.924176,16.979984],[106.93113,16.985931],[106.929598,16.993282],[106.934891,16.999258],[106.933067,17.002241],[106.930965,17.002714],[106.933209,17.003873],[106.931633,17.005521],[106.936778,17.005193],[106.936305,17.006993],[106.938313,17.007767],[106.935072,17.008112],[106.934197,17.006695],[106.934521,17.008155],[106.93247,17.007726],[106.932355,17.008871],[106.936567,17.009613],[106.937148,17.011467],[106.934724,17.011276],[106.939109,17.013942],[106.940792,17.017229],[106.938247,17.01465],[106.936022,17.015106],[106.935932,17.013017],[106.935094,17.014366],[106.933471,17.013511],[106.934156,17.011087],[106.931627,17.013101],[106.92934,17.008546],[106.929628,17.010103],[106.928364,17.010025],[106.926789,17.006222],[106.926079,17.007682],[106.923222,17.006641],[106.923631,17.004302],[106.922048,17.004039],[106.922295,17.006669],[106.925399,17.008909],[106.923499,17.013896],[106.924629,17.018511],[106.929408,17.025211],[106.931651,17.033055],[106.939476,17.03861],[106.942701,17.044943],[106.951623,17.047567],[106.957315,17.051689],[106.965125,17.050457],[106.970432,17.054135],[106.976086,17.049405],[106.986994,17.043845],[106.994788,17.046792],[107.002823,17.043509],[107.010807,17.044976],[107.025871,17.036271],[107.032739,17.025612],[107.047531,17.016799],[107.04305,17.01079],[107.042506,17.007282],[107.045067,17.004738],[107.050901,17.003346],[107.049375,16.994288],[107.054224,16.988708],[107.05505,16.984945],[107.054034,16.980543],[107.049496,16.976835],[107.04327,16.974096],[107.031352,16.97241],[107.012577,16.979659],[107.008497,16.979688],[106.997451,16.975593],[106.993322,16.971802],[106.989149,16.97185],[106.982228,16.967063],[106.978902,16.966851],[106.976982,16.962739],[106.973299,16.96261],[106.971983,16.959729],[106.970194,16.964325],[106.967445,16.96509],[106.967853,16.967733],[106.964563,16.968152],[106.964362,16.964517],[106.962036,16.963772],[106.960497,16.964856],[106.961032,16.968013],[106.959061,16.969216],[106.948861,16.961977]]]}},{"type":"Feature","properties":{"code":"19699","name":"Xã Vĩnh Định","type":"Xã"},"geometry":{"type":"Polygon","coordinates":[[[107.32993,16.746188],[107.305937,16.715036],[107.296963,16.721765],[107.292998,16.722993],[107.294221,16.728161],[107.29146,16.731481],[107.292601,16.733821],[107.290305,16.734101],[107.290335,16.736137],[107.288068,16.737567],[107.288121,16.740335],[107.267254,16.730725],[107.258949,16.734437],[107.259147,16.728701],[107.252671,16.727816],[107.252975,16.725557],[107.249409,16.726185],[107.246753,16.72193],[107.228754,16.743078],[107.225542,16.743409],[107.226197,16.74465],[107.222247,16.748163],[107.218131,16.747063],[107.21543,16.748069],[107.214732,16.751938],[107.21214,16.755025],[107.210974,16.755095],[107.210565,16.746309],[107.203247,16.746023],[107.201413,16.747916],[107.198694,16.747839],[107.197815,16.751906],[107.203928,16.756418],[107.202905,16.758603],[107.199149,16.759967],[107.193674,16.757422],[107.200191,16.762238],[107.207233,16.760533],[107.209086,16.764673],[107.211041,16.764718],[107.214307,16.769188],[107.21615,16.769071],[107.219411,16.764758],[107.224728,16.766694],[107.226291,16.762929],[107.229523,16.761672],[107.234318,16.763284],[107.239451,16.763044],[107.241685,16.761202],[107.245776,16.763862],[107.252645,16.762265],[107.250213,16.766721],[107.263065,16.770992],[107.26825,16.77564],[107.265724,16.778787],[107.273696,16.783526],[107.2745,16.786619],[107.281708,16.793186],[107.290937,16.794797],[107.293864,16.793795],[107.306091,16.781715],[107.308951,16.781569],[107.317208,16.767865],[107.340719,16.75988],[107.345384,16.756284],[107.343879,16.75288],[107.32993,16.746188]]]}},{"type":"Feature","properties":{"code":"19669","name":"Xã Ái Tử","type":"Xã"},"geometry":{"type":"Polygon","coordinates":[[[107.012992,16.738422],[107.014594,16.746525],[107.012126,16.750528],[107.023613,16.749997],[107.029916,16.751771],[107.032214,16.745635],[107.034072,16.748031],[107.03626,16.745145],[107.041116,16.743797],[107.044338,16.745493],[107.045818,16.743561],[107.049137,16.7465],[107.052934,16.746869],[107.054957,16.752067],[107.058883,16.751494],[107.060401,16.752958],[107.062187,16.751017],[107.062913,16.758869],[107.065177,16.759494],[107.063278,16.762079],[107.066515,16.764858],[107.06885,16.763731],[107.06911,16.765728],[107.073355,16.763692],[107.072053,16.766224],[107.073236,16.770219],[107.07124,16.770751],[107.071496,16.771917],[107.078715,16.774528],[107.080478,16.773836],[107.081895,16.777722],[107.086342,16.779746],[107.089016,16.77864],[107.092812,16.781283],[107.093507,16.77817],[107.097046,16.777761],[107.097657,16.77289],[107.099162,16.773206],[107.099011,16.775954],[107.100716,16.776956],[107.105716,16.776937],[107.108185,16.772578],[107.120317,16.777859],[107.123888,16.78162],[107.127244,16.791038],[107.133585,16.798079],[107.139111,16.799346],[107.143566,16.80295],[107.148312,16.80347],[107.14672,16.806873],[107.151831,16.80798],[107.156882,16.811725],[107.165965,16.81301],[107.165166,16.808974],[107.171756,16.806922],[107.17146,16.804888],[107.176703,16.808152],[107.175437,16.811151],[107.181969,16.812968],[107.180859,16.808285],[107.184997,16.811158],[107.18909,16.807693],[107.191292,16.803176],[107.191434,16.801243],[107.186909,16.801403],[107.180041,16.806524],[107.178013,16.798409],[107.181407,16.793103],[107.178914,16.792719],[107.178807,16.785881],[107.181221,16.782384],[107.185665,16.78206],[107.188581,16.785414],[107.186766,16.787613],[107.189402,16.788388],[107.191436,16.782745],[107.196927,16.783265],[107.197391,16.77933],[107.185823,16.777132],[107.185928,16.773728],[107.184718,16.773349],[107.180248,16.776068],[107.176467,16.775912],[107.17396,16.770939],[107.164072,16.781466],[107.162181,16.778923],[107.160298,16.780841],[107.15647,16.778705],[107.153343,16.775641],[107.160862,16.76378],[107.15861,16.762598],[107.159809,16.761034],[107.154847,16.756897],[107.156252,16.754888],[107.155274,16.752301],[107.1447,16.746815],[107.143022,16.739234],[107.139359,16.733451],[107.12945,16.734012],[107.128594,16.731249],[107.125925,16.730728],[107.126692,16.727968],[107.124193,16.72714],[107.122962,16.724346],[107.121524,16.723341],[107.119125,16.724347],[107.119176,16.721091],[107.115415,16.72161],[107.111274,16.717942],[107.092524,16.718527],[107.092453,16.715439],[107.090465,16.71523],[107.091363,16.713397],[107.084425,16.710583],[107.085166,16.706884],[107.082045,16.702655],[107.078546,16.702404],[107.076119,16.704049],[107.074285,16.701971],[107.072563,16.702164],[107.072333,16.703739],[107.065849,16.702146],[107.066429,16.700469],[107.061941,16.697608],[107.063551,16.696892],[107.061674,16.69198],[107.059193,16.691098],[107.057779,16.692208],[107.055041,16.690451],[107.058317,16.687992],[107.058889,16.686159],[107.057544,16.685327],[107.047326,16.689439],[107.04205,16.688593],[107.035434,16.684303],[107.023688,16.686457],[107.019531,16.688009],[107.015294,16.693654],[107.010081,16.694497],[107.005929,16.697173],[107.003381,16.695943],[107.000494,16.698043],[107.000415,16.699238],[107.005379,16.70133],[107.005125,16.707368],[107.006537,16.710172],[107.002842,16.716407],[107.005451,16.719647],[107.002624,16.722351],[107.004584,16.72762],[107.002428,16.72901],[107.002614,16.7353],[107.012992,16.738422]]]}},{"type":"Feature","properties":{"code":"19564","name":"Xã Đakrông","type":"Xã"},"geometry":{"type":"Polygon","coordinates":[[[106.813603,16.557345],[106.826064,16.560097],[106.821307,16.574226],[106.823339,16.586669],[106.820771,16.592359],[106.818969,16.603751],[106.810994,16.60757],[106.804758,16.608317],[106.799609,16.614795],[106.796273,16.616097],[106.79746,16.61819],[106.787448,16.624168],[106.784968,16.624629],[106.769225,16.61971],[106.783265,16.644801],[106.770147,16.673133],[106.776122,16.671584],[106.801509,16.676325],[106.801506,16.693744],[106.80575,16.707137],[106.811357,16.705394],[106.817704,16.706271],[106.839554,16.698071],[106.840867,16.695158],[106.844821,16.693709],[106.846979,16.691045],[106.856635,16.693003],[106.865761,16.687481],[106.867564,16.689375],[106.87078,16.688395],[106.876145,16.679418],[106.8841,16.674012],[106.888118,16.653093],[106.889547,16.649885],[106.893161,16.648543],[106.893529,16.644562],[106.889724,16.638195],[106.890038,16.635054],[106.88733,16.6331],[106.890651,16.629287],[106.897764,16.627852],[106.905241,16.621904],[106.909409,16.621611],[106.915436,16.612525],[106.91528,16.609921],[106.918185,16.60768],[106.929861,16.604146],[106.932054,16.60571],[106.934574,16.604189],[106.938703,16.604681],[106.943879,16.607386],[106.955587,16.606161],[106.960096,16.610726],[106.961397,16.615616],[106.967601,16.617304],[106.97242,16.613647],[106.97858,16.612462],[106.979835,16.610034],[106.984759,16.609138],[106.986658,16.606945],[106.991952,16.60689],[106.996869,16.600108],[107.005271,16.596889],[107.009216,16.592442],[107.010079,16.588524],[107.015758,16.586913],[107.015903,16.583644],[107.019039,16.580095],[107.018095,16.575508],[107.019354,16.574333],[107.023971,16.573439],[107.029456,16.569741],[107.038464,16.576887],[107.042182,16.573755],[107.04804,16.575806],[107.052523,16.573765],[107.056872,16.568071],[107.055813,16.566403],[107.058107,16.561688],[107.057629,16.55638],[107.060392,16.552791],[107.058655,16.549097],[107.061221,16.545784],[107.060165,16.542068],[107.062365,16.536898],[107.056741,16.525271],[107.052858,16.52363],[107.0449,16.531159],[107.042809,16.530964],[107.038035,16.534403],[107.033184,16.533953],[107.026173,16.538069],[107.024848,16.540393],[107.019921,16.540993],[107.016984,16.543537],[107.009141,16.539851],[107.00163,16.544114],[106.995203,16.545165],[106.991746,16.544164],[106.992745,16.540411],[106.990867,16.536257],[106.980944,16.532316],[106.978761,16.525008],[106.974757,16.52283],[106.974344,16.519805],[106.96914,16.51545],[106.969891,16.506092],[106.960482,16.490832],[106.961437,16.484502],[106.957666,16.474495],[106.959511,16.470341],[106.954737,16.465695],[106.950551,16.454636],[106.944042,16.452811],[106.94156,16.450416],[106.932318,16.454163],[106.927528,16.460429],[106.920358,16.460882],[106.909754,16.467312],[106.907778,16.466613],[106.903514,16.469199],[106.8845,16.46776],[106.876651,16.469811],[106.876657,16.475818],[106.878981,16.477919],[106.877963,16.482975],[106.886481,16.490859],[106.886999,16.496988],[106.889691,16.502099],[106.887508,16.504279],[106.887114,16.508657],[106.890816,16.511173],[106.886965,16.521358],[106.883179,16.52271],[106.883588,16.524469],[106.878818,16.524843],[106.874759,16.532599],[106.868313,16.533094],[106.864534,16.536312],[106.863008,16.541362],[106.859009,16.540267],[106.844268,16.547355],[106.830571,16.548881],[106.813603,16.557345]]]}},{"type":"Feature","properties":{"code":"19159","name":"Xã Đông Trạch","type":"Xã"},"geometry":{"type":"Polygon","coordinates":[[[106.513672,17.658795],[106.512585,17.65569],[106.51447,17.654209],[106.519143,17.654952],[106.535777,17.628801],[106.541152,17.622504],[106.545402,17.622103],[106.549111,17.614174],[106.538428,17.613917],[106.538195,17.608966],[106.524908,17.60341],[106.513853,17.611145],[106.513021,17.621692],[106.503838,17.619509],[106.500915,17.622173],[106.50114,17.62747],[106.483567,17.624443],[106.478048,17.626431],[106.473212,17.623688],[106.463979,17.629614],[106.457943,17.628997],[106.458843,17.633697],[106.455137,17.635729],[106.452197,17.635106],[106.452015,17.631387],[106.450579,17.630745],[106.448108,17.635095],[106.446041,17.633886],[106.445605,17.630952],[106.440677,17.628126],[106.432093,17.633556],[106.434236,17.637533],[106.434107,17.649621],[106.436513,17.653957],[106.43566,17.657523],[106.442099,17.658191],[106.443313,17.653661],[106.445889,17.652705],[106.452328,17.654134],[106.46912,17.65145],[106.474921,17.652123],[106.477605,17.650684],[106.481365,17.652013],[106.485092,17.64908],[106.49374,17.649015],[106.498265,17.64705],[106.50417,17.649202],[106.504267,17.651841],[106.507715,17.653094],[106.510373,17.657367],[106.513672,17.658795]]]}},{"type":"Feature","properties":{"code":"18949","name":"Xã Đồng Lê","type":"Xã"},"geometry":{"type":"Polygon","coordinates":[[[105.997532,18.050259],[106.015795,18.034359],[106.01655,18.02861],[106.021741,18.024409],[106.028591,18.0225],[106.039744,18.027238],[106.049153,18.025941],[106.049298,18.020743],[106.053123,18.019652],[106.059577,18.00799],[106.071289,17.995165],[106.067675,17.991585],[106.066835,17.987239],[106.062046,17.984842],[106.05874,17.974638],[106.0475,17.96433],[106.04936,17.962097],[106.047972,17.959776],[106.049448,17.958214],[106.045568,17.946505],[106.054531,17.943913],[106.059409,17.939335],[106.064573,17.937584],[106.061861,17.930558],[106.057834,17.925337],[106.061253,17.916869],[106.058156,17.908686],[106.063664,17.907848],[106.069055,17.904701],[106.069,17.899998],[106.065743,17.89131],[106.059602,17.885106],[106.062671,17.878516],[106.06162,17.870064],[106.070326,17.864632],[106.071676,17.85727],[106.075906,17.850568],[106.075394,17.846113],[106.06762,17.840556],[106.065723,17.841435],[106.064415,17.838172],[106.062306,17.838498],[106.059995,17.832037],[106.060682,17.829727],[106.056601,17.828883],[106.05534,17.826437],[106.051836,17.82473],[106.053123,17.822348],[106.058902,17.819459],[106.054884,17.812847],[106.044357,17.813578],[106.032944,17.821808],[106.030115,17.826805],[106.022527,17.830214],[106.018806,17.833953],[106.018015,17.838359],[106.023447,17.847916],[106.007639,17.86115],[106.005663,17.861369],[106.003548,17.864551],[106.001552,17.864661],[105.999522,17.870038],[105.993275,17.873723],[105.990759,17.87984],[105.983313,17.886105],[105.983543,17.890134],[105.978493,17.893033],[105.97606,17.897056],[105.973699,17.89474],[105.962688,17.898532],[105.964758,17.895209],[105.961309,17.893058],[105.952709,17.894837],[105.944373,17.894498],[105.925764,17.908021],[105.925032,17.91232],[105.929239,17.914304],[105.93031,17.917465],[105.927192,17.925126],[105.921476,17.926179],[105.916567,17.932136],[105.909575,17.93219],[105.906161,17.935497],[105.900154,17.93612],[105.898574,17.937807],[105.899423,17.947578],[105.894059,17.944977],[105.892494,17.938433],[105.889421,17.936073],[105.887116,17.939757],[105.88341,17.94106],[105.880462,17.945148],[105.881383,17.946407],[105.879803,17.946294],[105.877965,17.94954],[105.876477,17.957565],[105.881215,17.961556],[105.881497,17.964811],[105.8852,17.968047],[105.88461,17.972463],[105.888062,17.979881],[105.890153,17.979834],[105.89086,17.981833],[105.893203,17.980838],[105.896491,17.98403],[105.899801,17.993717],[105.898421,17.994769],[105.895206,17.993788],[105.889767,17.987368],[105.887711,17.993135],[105.892711,17.998142],[105.897559,18.007077],[105.901225,18.002974],[105.909226,17.998134],[105.913694,18.006025],[105.911472,18.015906],[105.915075,18.017802],[105.920689,18.024658],[105.921564,18.028752],[105.928192,18.031006],[105.934721,18.025797],[105.944526,18.022663],[105.951258,18.015349],[105.952821,18.017647],[105.95817,18.011676],[105.963538,18.010503],[105.965697,18.011579],[105.970462,18.022067],[105.97297,18.022086],[105.981703,18.027626],[105.98574,18.026583],[105.989364,18.034695],[105.993465,18.038705],[105.991675,18.050065],[105.997532,18.050259]]]}},{"type":"Feature","properties":{"code":"19742","name":"Đặc khu Cồn Cỏ","type":"Đặc khu"},"geometry":{"type":"Polygon","coordinates":[[[107.348175,17.15678],[107.343086,17.150625],[107.340182,17.152188],[107.337361,17.151358],[107.333239,17.155213],[107.331838,17.161299],[107.33521,17.165846],[107.341211,17.165981],[107.345932,17.161815],[107.348175,17.15678]]]}}]}