{"type":"FeatureCollection","features":[{"type":"Feature","properties":{"code":"20275","name":"Phường An Hải","type":"Phường"},"geometry":{"type":"Polygon","coordinates":[[[108.239868,16.086094],[108.240826,16.086812],[108.239622,16.083607],[108.242133,16.082826],[108.242603,16.084487],[108.244306,16.084162],[108.245955,16.083208],[108.244851,16.080414],[108.247557,16.079963],[108.246428,16.068879],[108.247897,16.056709],[108.23779,16.053799],[108.234347,16.051223],[108.228837,16.05106],[108.22685,16.054025],[108.226433,16.078728],[108.229562,16.078763],[108.22956,16.083907],[108.232596,16.084655],[108.236778,16.088931],[108.239868,16.086094]]]}},{"type":"Feature","properties":{"code":"20305","name":"Phường An Khê","type":"Phường"},"geometry":{"type":"Polygon","coordinates":[[[108.183375,16.065238],[108.1964,16.035669],[108.189051,16.032052],[108.192781,16.023142],[108.195077,16.021303],[108.198425,16.022722],[108.198791,16.021303],[108.194907,16.019137],[108.192915,16.014228],[108.190298,16.018717],[108.188241,16.019399],[108.182603,16.016041],[108.176643,16.019768],[108.170647,16.015728],[108.166508,16.018621],[108.164218,16.02304],[108.159918,16.023688],[108.164642,16.028045],[108.162285,16.035869],[108.171825,16.045861],[108.170398,16.053989],[108.17331,16.058243],[108.183375,16.065238]]]}},{"type":"Feature","properties":{"code":"20575","name":"Phường An Thắng","type":"Phường"},"geometry":{"type":"Polygon","coordinates":[[[108.21382,15.938926],[108.219872,15.93868],[108.222934,15.93635],[108.222718,15.934988],[108.226732,15.934494],[108.227099,15.929192],[108.231281,15.929063],[108.234147,15.931842],[108.235477,15.929225],[108.235614,15.930821],[108.239055,15.930596],[108.239662,15.927403],[108.246925,15.929736],[108.246634,15.92675],[108.242242,15.925611],[108.243545,15.921319],[108.23682,15.918015],[108.238546,15.913391],[108.246509,15.914107],[108.246617,15.912275],[108.238867,15.912528],[108.237072,15.909188],[108.238247,15.906737],[108.247511,15.906822],[108.248637,15.897312],[108.243852,15.897257],[108.242466,15.895039],[108.238887,15.895048],[108.238925,15.892448],[108.242224,15.891697],[108.24252,15.889372],[108.23283,15.877976],[108.228922,15.875805],[108.227964,15.872765],[108.218181,15.875767],[108.220702,15.877389],[108.225982,15.876699],[108.225767,15.883587],[108.220409,15.882411],[108.219396,15.879053],[108.212825,15.881008],[108.214068,15.884859],[108.213023,15.886314],[108.221086,15.889454],[108.222259,15.892235],[108.221623,15.898277],[108.220881,15.900015],[108.210952,15.898464],[108.212814,15.901119],[108.217423,15.902667],[108.215609,15.903769],[108.21394,15.909651],[108.211057,15.909825],[108.21556,15.913301],[108.206653,15.914545],[108.204107,15.917211],[108.203905,15.920576],[108.202214,15.92053],[108.202748,15.932036],[108.207414,15.932896],[108.207724,15.936247],[108.21382,15.938926]]]}},{"type":"Feature","properties":{"code":"20335","name":"Phường Bàn Thạch","type":"Phường"},"geometry":{"type":"Polygon","coordinates":[[[108.516577,15.633401],[108.520908,15.621829],[108.524216,15.617086],[108.516452,15.611005],[108.507673,15.62252],[108.5,15.617457],[108.497078,15.611092],[108.489473,15.604705],[108.48295,15.606855],[108.475394,15.603683],[108.471528,15.590854],[108.475805,15.590173],[108.478817,15.587064],[108.485618,15.587641],[108.492948,15.583702],[108.491433,15.580643],[108.492895,15.573129],[108.488987,15.571144],[108.486088,15.57355],[108.484394,15.572117],[108.482372,15.573632],[108.474098,15.572555],[108.468478,15.56538],[108.473208,15.562772],[108.472113,15.561584],[108.468865,15.56121],[108.469362,15.558967],[108.463781,15.558233],[108.459632,15.554726],[108.456855,15.555323],[108.460258,15.550199],[108.458173,15.550087],[108.454978,15.553949],[108.450462,15.550394],[108.446881,15.551917],[108.445045,15.555541],[108.447842,15.558159],[108.449431,15.56272],[108.448447,15.570237],[108.450083,15.571292],[108.450499,15.574512],[108.454376,15.576189],[108.455337,15.583995],[108.456942,15.584503],[108.461629,15.5947],[108.466392,15.598839],[108.463553,15.600823],[108.464183,15.602687],[108.459248,15.604034],[108.453771,15.609469],[108.452749,15.613946],[108.442411,15.628834],[108.444154,15.630112],[108.441788,15.631573],[108.44356,15.633619],[108.445752,15.630594],[108.450469,15.630129],[108.454277,15.631954],[108.455793,15.630006],[108.463147,15.62999],[108.475719,15.632334],[108.48482,15.635936],[108.48986,15.630328],[108.500736,15.639708],[108.506129,15.642379],[108.508863,15.637692],[108.516577,15.633401]]]}},{"type":"Feature","properties":{"code":"20260","name":"Phường Cẩm Lệ","type":"Phường"},"geometry":{"type":"Polygon","coordinates":[[[108.218144,16.024391],[108.220713,16.021636],[108.208524,16.009547],[108.199205,16.002581],[108.188494,15.997953],[108.18366,15.998042],[108.183957,15.996129],[108.186382,15.995137],[108.184781,15.993866],[108.17084,15.995095],[108.16828,15.993409],[108.160243,15.994932],[108.158003,15.993918],[108.157454,15.999231],[108.160003,16.009211],[108.166485,16.011928],[108.177954,16.019998],[108.181746,16.0161],[108.184924,16.016762],[108.187236,16.019364],[108.19025,16.018741],[108.192915,16.014228],[108.194907,16.019137],[108.198791,16.021303],[108.198425,16.022722],[108.208332,16.02524],[108.207794,16.037939],[108.214297,16.035906],[108.214894,16.030987],[108.218144,16.024391]]]}},{"type":"Feature","properties":{"code":"20257","name":"Phường Hòa Cường","type":"Phường"},"geometry":{"type":"Polygon","coordinates":[[[108.205185,16.055982],[108.20929,16.055943],[108.210502,16.052441],[108.212668,16.055891],[108.215791,16.057161],[108.226865,16.056776],[108.22685,16.054025],[108.232197,16.04746],[108.234829,16.040844],[108.235743,16.034453],[108.234001,16.02922],[108.227058,16.027466],[108.221464,16.02255],[108.217954,16.024691],[108.214297,16.035906],[108.207794,16.037939],[108.208332,16.02524],[108.194001,16.021918],[108.191403,16.025102],[108.189114,16.032693],[108.1964,16.035669],[108.188831,16.052802],[108.190683,16.053547],[108.189503,16.056299],[108.193319,16.064234],[108.201939,16.064675],[108.20632,16.056636],[108.205185,16.055982]]]}},{"type":"Feature","properties":{"code":"20200","name":"Phường Hòa Khánh","type":"Phường"},"geometry":{"type":"Polygon","coordinates":[[[108.166543,16.076709],[108.168911,16.076568],[108.174902,16.072861],[108.174677,16.067953],[108.176242,16.06372],[108.178813,16.062031],[108.17122,16.05605],[108.170367,16.052137],[108.171867,16.050737],[108.171825,16.045861],[108.160585,16.033229],[108.152293,16.035454],[108.144932,16.035117],[108.124153,16.029425],[108.120703,16.023766],[108.118822,16.025916],[108.116295,16.024867],[108.11204,16.02658],[108.110723,16.022946],[108.105841,16.021135],[108.09949,16.02878],[108.093318,16.03282],[108.084146,16.035273],[108.08495,16.045241],[108.087668,16.04976],[108.092462,16.053375],[108.090063,16.060303],[108.092281,16.065726],[108.090678,16.070702],[108.097506,16.07182],[108.100879,16.074584],[108.101081,16.077081],[108.105427,16.079144],[108.105326,16.080797],[108.109617,16.078176],[108.113486,16.081756],[108.117426,16.077225],[108.117566,16.067839],[108.127742,16.066305],[108.13123,16.063264],[108.145213,16.065184],[108.146917,16.068036],[108.155801,16.071334],[108.150196,16.083827],[108.154394,16.089471],[108.16903,16.080457],[108.166543,16.076709]]]}},{"type":"Feature","properties":{"code":"20314","name":"Phường Hòa Xuân","type":"Phường"},"geometry":{"type":"Polygon","coordinates":[[[108.229797,15.997749],[108.227715,15.99107],[108.22105,15.986415],[108.222584,15.980537],[108.216954,15.971554],[108.219349,15.96477],[108.224851,15.959881],[108.221994,15.950277],[108.222564,15.947543],[108.219427,15.946102],[108.21786,15.949431],[108.216073,15.949278],[108.216388,15.946052],[108.21075,15.942763],[108.204787,15.948538],[108.205512,15.954696],[108.203105,15.95697],[108.20507,15.960369],[108.204179,15.962965],[108.197811,15.962958],[108.197372,15.964479],[108.188416,15.96178],[108.186469,15.962189],[108.186376,15.965544],[108.181634,15.965255],[108.186154,15.983959],[108.183863,15.985957],[108.184742,15.988265],[108.183033,15.991265],[108.186382,15.995137],[108.183418,15.997758],[108.188494,15.997953],[108.199205,16.002581],[108.208524,16.009547],[108.2238,16.02531],[108.232405,16.028638],[108.238372,16.023087],[108.239076,16.020619],[108.233199,16.012301],[108.232375,16.005797],[108.229171,16.001197],[108.229797,15.997749]]]}},{"type":"Feature","properties":{"code":"20350","name":"Phường Hương Trà","type":"Phường"},"geometry":{"type":"Polygon","coordinates":[[[108.524439,15.569449],[108.524638,15.561194],[108.520373,15.555268],[108.514337,15.552907],[108.504164,15.554785],[108.502603,15.553691],[108.501811,15.546302],[108.495556,15.538381],[108.498796,15.529074],[108.491393,15.524626],[108.484915,15.523273],[108.483206,15.507961],[108.480466,15.5067],[108.480388,15.508919],[108.472297,15.513555],[108.473144,15.517028],[108.476525,15.519101],[108.477042,15.52247],[108.47115,15.530706],[108.472477,15.531819],[108.470088,15.541396],[108.479822,15.542755],[108.48265,15.546563],[108.492582,15.549646],[108.486454,15.555745],[108.494068,15.565474],[108.497001,15.56341],[108.497974,15.566193],[108.510105,15.566717],[108.512272,15.570284],[108.518628,15.573247],[108.524439,15.569449]]]}},{"type":"Feature","properties":{"code":"20242","name":"Phường Hải Châu","type":"Phường"},"geometry":{"type":"Polygon","coordinates":[[[108.217623,16.093742],[108.22185,16.095873],[108.225601,16.084854],[108.226865,16.056776],[108.222573,16.05772],[108.222297,16.056371],[108.220208,16.057405],[108.212668,16.055891],[108.21459,16.065456],[108.212281,16.076201],[108.209892,16.07428],[108.209971,16.075696],[108.205265,16.078979],[108.207293,16.083989],[108.207069,16.088884],[108.213015,16.091301],[108.214851,16.096269],[108.217623,16.093742]]]}},{"type":"Feature","properties":{"code":"20194","name":"Phường Hải Vân","type":"Phường"},"geometry":{"type":"Polygon","coordinates":[[[108.065371,16.112598],[108.063602,16.105666],[108.058892,16.108275],[108.042297,16.105696],[108.038865,16.10724],[108.021759,16.093686],[108.016461,16.091085],[108.011666,16.092613],[108.008451,16.091449],[108.005466,16.088063],[108.007065,16.084421],[108.006206,16.074642],[108.001282,16.070659],[107.992205,16.067712],[107.989905,16.069032],[107.980705,16.067643],[107.973076,16.064749],[107.958228,16.064618],[107.948362,16.061308],[107.916269,16.04539],[107.901526,16.033449],[107.896845,16.039574],[107.893103,16.040141],[107.89232,16.047622],[107.886372,16.047204],[107.880947,16.051501],[107.875633,16.051729],[107.871764,16.05401],[107.867685,16.059374],[107.865307,16.05898],[107.862735,16.061915],[107.856216,16.060399],[107.852536,16.061403],[107.850097,16.058833],[107.847189,16.060611],[107.839929,16.060396],[107.831825,16.054492],[107.82345,16.055981],[107.816735,16.05524],[107.818761,16.057387],[107.820134,16.065108],[107.824779,16.070114],[107.821649,16.07782],[107.822454,16.083021],[107.825597,16.084953],[107.826884,16.09004],[107.832289,16.09297],[107.832575,16.096284],[107.837101,16.101134],[107.845483,16.104645],[107.856183,16.114428],[107.85595,16.120333],[107.854325,16.123107],[107.860198,16.135182],[107.857599,16.138673],[107.860468,16.1473],[107.858731,16.153124],[107.865987,16.157405],[107.873479,16.157919],[107.875729,16.163504],[107.876117,16.170279],[107.872336,16.177813],[107.867433,16.182939],[107.877346,16.189037],[107.874811,16.195939],[107.882925,16.19991],[107.888129,16.200347],[107.889968,16.206252],[107.895503,16.205239],[107.903776,16.210501],[107.905172,16.214018],[107.910108,16.215509],[107.913658,16.214392],[107.917906,16.2083],[107.927966,16.2006],[107.929704,16.197417],[107.934535,16.195362],[107.943773,16.194664],[107.949818,16.190693],[107.955985,16.189182],[107.96967,16.194158],[107.972058,16.199035],[107.976694,16.200857],[107.979371,16.203409],[107.980831,16.208161],[107.988269,16.214219],[107.993863,16.209576],[108.005641,16.205247],[108.015178,16.194055],[108.028236,16.193305],[108.033106,16.190806],[108.03655,16.191523],[108.058788,16.179222],[108.064194,16.184146],[108.070676,16.182137],[108.075457,16.183551],[108.084373,16.18158],[108.085971,16.182637],[108.092442,16.18023],[108.094587,16.183423],[108.10051,16.187129],[108.107788,16.185055],[108.111365,16.181967],[108.116145,16.182784],[108.1206,16.181598],[108.125176,16.183284],[108.138351,16.193689],[108.154526,16.188256],[108.152713,16.180807],[108.153977,16.172196],[108.15101,16.167912],[108.153671,16.164818],[108.15349,16.161505],[108.149806,16.160489],[108.147391,16.161614],[108.146038,16.164636],[108.140934,16.164112],[108.136799,16.157503],[108.139254,16.144686],[108.136187,16.141095],[108.130137,16.140806],[108.126481,16.142485],[108.124249,16.139584],[108.122787,16.139825],[108.123243,16.130929],[108.12542,16.125144],[108.123289,16.123413],[108.124236,16.122059],[108.126833,16.123341],[108.130167,16.119087],[108.134594,16.117732],[108.131877,16.117199],[108.131662,16.112921],[108.14746,16.095004],[108.144006,16.091137],[108.145277,16.090013],[108.140328,16.087629],[108.141196,16.08646],[108.137988,16.088207],[108.131957,16.083957],[108.116699,16.095266],[108.118479,16.097839],[108.116303,16.100279],[108.114633,16.098449],[108.112524,16.100104],[108.118139,16.105183],[108.115954,16.108402],[108.119412,16.110725],[108.119494,16.115052],[108.11332,16.112854],[108.109732,16.10777],[108.102462,16.105133],[108.09872,16.113008],[108.095497,16.108058],[108.09253,16.106448],[108.083662,16.109929],[108.069778,16.110727],[108.065371,16.112598]]]}},{"type":"Feature","properties":{"code":"20410","name":"Phường Hội An","type":"Phường"},"geometry":{"type":"Polygon","coordinates":[[[108.328968,15.883119],[108.331107,15.885527],[108.335411,15.882814],[108.336191,15.884688],[108.339114,15.88388],[108.339393,15.878207],[108.337906,15.876505],[108.343369,15.874533],[108.354638,15.873621],[108.354021,15.871156],[108.361196,15.867946],[108.360165,15.865181],[108.357951,15.861858],[108.350999,15.863769],[108.341411,15.859804],[108.326304,15.860747],[108.319954,15.857905],[108.321131,15.856415],[108.319804,15.854582],[108.308473,15.860371],[108.30376,15.859257],[108.305847,15.867877],[108.30987,15.868223],[108.313186,15.875204],[108.31824,15.876027],[108.316853,15.883261],[108.321212,15.886089],[108.328968,15.883119]]]}},{"type":"Feature","properties":{"code":"20401","name":"Phường Hội An Tây","type":"Phường"},"geometry":{"type":"Polygon","coordinates":[[[108.329461,15.922078],[108.362898,15.900191],[108.360849,15.895939],[108.346585,15.903177],[108.341958,15.90118],[108.340871,15.896454],[108.334096,15.895171],[108.329672,15.891467],[108.328563,15.889232],[108.331107,15.885527],[108.32976,15.882894],[108.321212,15.886089],[108.316853,15.883261],[108.317935,15.875748],[108.313186,15.875204],[108.309106,15.872457],[108.303094,15.873092],[108.304419,15.875454],[108.303465,15.876088],[108.296477,15.876117],[108.296524,15.880576],[108.28959,15.886394],[108.292354,15.890146],[108.292908,15.898799],[108.294601,15.9009],[108.303035,15.904954],[108.313218,15.913362],[108.320015,15.906983],[108.325195,15.90781],[108.325014,15.911905],[108.328737,15.911153],[108.329867,15.912704],[108.327337,15.91382],[108.329461,15.922078]]]}},{"type":"Feature","properties":{"code":"20413","name":"Phường Hội An Đông","type":"Phường"},"geometry":{"type":"MultiPolygon","coordinates":[[[[108.390179,15.875775],[108.390443,15.875904],[108.391562,15.874949],[108.390466,15.873896],[108.390179,15.875775]]],[[[108.362898,15.900191],[108.376329,15.893052],[108.390279,15.880708],[108.389191,15.871729],[108.376814,15.865529],[108.374051,15.861459],[108.366289,15.858662],[108.357951,15.861858],[108.361196,15.867946],[108.354021,15.871156],[108.354638,15.873621],[108.343369,15.874533],[108.337906,15.876505],[108.339814,15.883283],[108.336191,15.884688],[108.335411,15.882814],[108.330251,15.885824],[108.330534,15.888065],[108.328563,15.889232],[108.334096,15.895171],[108.340871,15.896454],[108.341958,15.90118],[108.346585,15.903177],[108.360849,15.895939],[108.362898,15.900191]]]]}},{"type":"Feature","properties":{"code":"20197","name":"Phường Liên Chiểu","type":"Phường"},"geometry":{"type":"Polygon","coordinates":[[[108.065371,16.112598],[108.069778,16.110727],[108.083662,16.109929],[108.09253,16.106448],[108.095497,16.108058],[108.09872,16.113008],[108.102462,16.105133],[108.109732,16.10777],[108.11332,16.112854],[108.119494,16.115052],[108.119412,16.110725],[108.115954,16.108402],[108.118139,16.105183],[108.112524,16.100104],[108.114633,16.098449],[108.116303,16.100279],[108.118479,16.097839],[108.116699,16.095266],[108.131957,16.083957],[108.137988,16.088207],[108.140805,16.086177],[108.141874,16.087135],[108.140328,16.087629],[108.145277,16.090013],[108.144006,16.091137],[108.14746,16.095004],[108.154394,16.089471],[108.150196,16.083827],[108.155801,16.071334],[108.146917,16.068036],[108.145213,16.065184],[108.13123,16.063264],[108.127742,16.066305],[108.117566,16.067839],[108.117426,16.077225],[108.113486,16.081756],[108.109617,16.078176],[108.105326,16.080797],[108.105427,16.079144],[108.101081,16.077081],[108.100879,16.074584],[108.097506,16.07182],[108.090678,16.070702],[108.092281,16.065726],[108.091338,16.062146],[108.077827,16.061933],[108.074463,16.066819],[108.074154,16.070978],[108.075551,16.072951],[108.059474,16.073659],[108.054603,16.078862],[108.047499,16.083193],[108.047641,16.086104],[108.04335,16.091658],[108.043066,16.09696],[108.038865,16.10724],[108.042297,16.105696],[108.058892,16.108275],[108.063602,16.105666],[108.065371,16.112598]]]}},{"type":"Feature","properties":{"code":"20285","name":"Phường Ngũ Hành Sơn","type":"Phường"},"geometry":{"type":"Polygon","coordinates":[[[108.280083,15.983629],[108.291309,15.964172],[108.279174,15.961526],[108.268739,15.962405],[108.267611,15.965098],[108.261522,15.962764],[108.259299,15.9674],[108.260166,15.971039],[108.254747,15.972781],[108.24454,15.968967],[108.242664,15.965885],[108.231418,15.962395],[108.22927,15.960687],[108.230236,15.957834],[108.22883,15.956581],[108.224514,15.956457],[108.22444,15.961013],[108.219934,15.963908],[108.217012,15.97186],[108.222584,15.980537],[108.22105,15.986415],[108.228868,15.992729],[108.230069,15.995937],[108.229171,16.001197],[108.232375,16.005797],[108.233153,16.012178],[108.239076,16.020619],[108.238372,16.023087],[108.232405,16.028638],[108.234518,16.030194],[108.23575,16.036758],[108.232951,16.046104],[108.228837,16.05106],[108.234347,16.051223],[108.23779,16.053799],[108.2479,16.05671],[108.25816,16.028381],[108.280083,15.983629]]]}},{"type":"Feature","properties":{"code":"20356","name":"Phường Quảng Phú","type":"Phường"},"geometry":{"type":"Polygon","coordinates":[[[108.514398,15.645785],[108.556727,15.587041],[108.551587,15.583465],[108.547874,15.587626],[108.542512,15.58354],[108.541799,15.58276],[108.54672,15.576313],[108.538341,15.569779],[108.536072,15.564857],[108.53245,15.569012],[108.523462,15.569758],[108.519404,15.573192],[108.514697,15.571996],[108.508969,15.566495],[108.502181,15.567048],[108.495838,15.570613],[108.491691,15.569098],[108.488987,15.571144],[108.493022,15.57344],[108.491433,15.580643],[108.493248,15.583419],[108.485618,15.587641],[108.478817,15.587064],[108.475805,15.590173],[108.471528,15.590854],[108.475394,15.603683],[108.48295,15.606855],[108.489473,15.604705],[108.497078,15.611092],[108.5,15.617457],[108.507673,15.62252],[108.516452,15.611005],[108.524216,15.617086],[108.520908,15.621829],[108.517622,15.632552],[108.508863,15.637692],[108.506129,15.642379],[108.514398,15.645785]]]}},{"type":"Feature","properties":{"code":"20263","name":"Phường Sơn Trà","type":"Phường"},"geometry":{"type":"Polygon","coordinates":[[[108.249406,16.155462],[108.259022,16.152667],[108.265541,16.141962],[108.269705,16.139985],[108.268846,16.138708],[108.27144,16.134737],[108.275023,16.133215],[108.283686,16.137954],[108.287776,16.136946],[108.293066,16.133996],[108.300087,16.125081],[108.305368,16.123124],[108.310397,16.125047],[108.309581,16.129466],[108.312719,16.135777],[108.312479,16.141412],[108.317615,16.144496],[108.324127,16.140651],[108.331292,16.127531],[108.337985,16.121079],[108.33845,16.117871],[108.33209,16.118388],[108.326523,16.115352],[108.320782,16.116696],[108.316314,16.112854],[108.311755,16.112447],[108.3093,16.106523],[108.310001,16.098336],[108.306269,16.095829],[108.300641,16.098854],[108.299917,16.103888],[108.295162,16.105721],[108.286479,16.10393],[108.280251,16.097347],[108.273721,16.098804],[108.267654,16.094973],[108.263813,16.1021],[108.259465,16.101543],[108.253156,16.096084],[108.247557,16.079963],[108.244851,16.080414],[108.245955,16.083208],[108.244306,16.084162],[108.242603,16.084487],[108.242133,16.082826],[108.239622,16.083607],[108.240826,16.086812],[108.240007,16.085957],[108.236778,16.088931],[108.232596,16.084655],[108.22956,16.083907],[108.229562,16.078763],[108.226433,16.078728],[108.219966,16.108742],[108.217907,16.110136],[108.213714,16.122898],[108.215217,16.125085],[108.220546,16.124565],[108.221718,16.131026],[108.22476,16.134778],[108.227046,16.134114],[108.228455,16.135586],[108.229537,16.141213],[108.231855,16.14282],[108.230498,16.14978],[108.234606,16.147496],[108.237743,16.150052],[108.24021,16.149399],[108.245534,16.154891],[108.249406,16.155462]]]}},{"type":"Feature","properties":{"code":"20341","name":"Phường Tam Kỳ","type":"Phường"},"geometry":{"type":"Polygon","coordinates":[[[108.484393,15.572117],[108.486508,15.573496],[108.491691,15.569098],[108.495838,15.570613],[108.502181,15.567048],[108.497974,15.566193],[108.497001,15.56341],[108.494065,15.565472],[108.486639,15.556363],[108.492264,15.549338],[108.48265,15.546563],[108.479822,15.542755],[108.470088,15.541396],[108.469433,15.545903],[108.467201,15.545948],[108.46775,15.547732],[108.463889,15.550578],[108.459818,15.550886],[108.456684,15.555046],[108.458487,15.555987],[108.459632,15.554726],[108.463781,15.558233],[108.469362,15.558967],[108.468865,15.56121],[108.472113,15.561584],[108.473208,15.562772],[108.468478,15.56538],[108.474098,15.572555],[108.482372,15.573632],[108.484393,15.572117]]]}},{"type":"Feature","properties":{"code":"20209","name":"Phường Thanh Khê","type":"Phường"},"geometry":{"type":"Polygon","coordinates":[[[108.178143,16.076526],[108.194414,16.073092],[108.201343,16.074038],[108.205265,16.078979],[108.209971,16.075696],[108.209892,16.07428],[108.212281,16.076201],[108.21459,16.065456],[108.212849,16.056396],[108.210502,16.052441],[108.20929,16.055943],[108.205185,16.055982],[108.20632,16.056636],[108.201939,16.064675],[108.193319,16.064234],[108.189503,16.056299],[108.190683,16.053547],[108.188831,16.052802],[108.183375,16.065238],[108.178813,16.062031],[108.176242,16.06372],[108.174388,16.069141],[108.175464,16.070739],[108.173862,16.071312],[108.174902,16.072861],[108.166543,16.076709],[108.16903,16.080457],[108.178143,16.076526]]]}},{"type":"Feature","properties":{"code":"20551","name":"Phường Điện Bàn","type":"Phường"},"geometry":{"type":"Polygon","coordinates":[[[108.258846,15.904908],[108.259695,15.902524],[108.258348,15.901159],[108.261115,15.900287],[108.260493,15.898482],[108.264524,15.893729],[108.263757,15.892619],[108.267591,15.891177],[108.269539,15.887583],[108.277146,15.888895],[108.277182,15.890325],[108.284723,15.889287],[108.295328,15.882064],[108.296477,15.876117],[108.303934,15.875935],[108.303094,15.873092],[108.305408,15.872626],[108.309779,15.872468],[108.313186,15.875204],[108.311184,15.869908],[108.309435,15.867964],[108.281563,15.867452],[108.271891,15.862257],[108.262879,15.86015],[108.251201,15.867347],[108.24976,15.866949],[108.248345,15.869436],[108.239252,15.866386],[108.238223,15.868565],[108.23936,15.872282],[108.24263,15.873551],[108.243503,15.875764],[108.241348,15.879579],[108.236905,15.880054],[108.235896,15.881511],[108.24252,15.889372],[108.242224,15.891697],[108.238925,15.892448],[108.238887,15.895048],[108.242466,15.895039],[108.24407,15.897301],[108.248492,15.896931],[108.250677,15.903052],[108.254865,15.903567],[108.256011,15.902349],[108.258846,15.904908]]]}},{"type":"Feature","properties":{"code":"20557","name":"Phường Điện Bàn Bắc","type":"Phường"},"geometry":{"type":"Polygon","coordinates":[[[108.186406,15.965523],[108.186469,15.962189],[108.188416,15.96178],[108.197372,15.964479],[108.197811,15.962958],[108.20274,15.963906],[108.204353,15.962825],[108.20507,15.960369],[108.203105,15.95697],[108.205512,15.954696],[108.204787,15.948538],[108.21075,15.942763],[108.216388,15.946052],[108.216172,15.949316],[108.21786,15.949431],[108.219427,15.946102],[108.229687,15.949708],[108.233628,15.948512],[108.234221,15.943075],[108.237964,15.937006],[108.235448,15.933645],[108.235803,15.929423],[108.234147,15.931842],[108.231281,15.929063],[108.227099,15.929192],[108.226732,15.934494],[108.222718,15.934988],[108.222934,15.93635],[108.219872,15.93868],[108.213582,15.93923],[108.207724,15.936247],[108.207414,15.932896],[108.202748,15.932036],[108.202214,15.92053],[108.203905,15.920576],[108.204107,15.917211],[108.206653,15.914545],[108.21556,15.913301],[108.211057,15.909825],[108.21394,15.909651],[108.215609,15.903769],[108.217451,15.902874],[108.208433,15.898821],[108.207999,15.902969],[108.199066,15.900682],[108.198607,15.904789],[108.187929,15.902407],[108.189443,15.907062],[108.184575,15.910455],[108.185546,15.920018],[108.182451,15.924016],[108.184029,15.928101],[108.18311,15.928412],[108.182909,15.927061],[108.176174,15.926632],[108.17464,15.92465],[108.165491,15.921783],[108.163455,15.919089],[108.169461,15.915507],[108.167552,15.912718],[108.167931,15.910138],[108.155934,15.906099],[108.153655,15.902578],[108.147554,15.89932],[108.147193,15.89593],[108.145236,15.8953],[108.1344,15.90942],[108.133277,15.914367],[108.140367,15.918793],[108.148214,15.921077],[108.152124,15.926236],[108.151569,15.931919],[108.14847,15.93151],[108.14703,15.933072],[108.150978,15.950132],[108.153734,15.95284],[108.160988,15.950133],[108.16454,15.951807],[108.164535,15.948607],[108.167052,15.946351],[108.168559,15.941576],[108.171948,15.9397],[108.179115,15.939613],[108.181357,15.946786],[108.179182,15.951204],[108.184542,15.959437],[108.184643,15.965506],[108.186406,15.965523]]]}},{"type":"Feature","properties":{"code":"20579","name":"Phường Điện Bàn Đông","type":"Phường"},"geometry":{"type":"Polygon","coordinates":[[[108.268739,15.962405],[108.279174,15.961526],[108.291309,15.964172],[108.308082,15.941718],[108.329461,15.922078],[108.327337,15.91382],[108.329867,15.912704],[108.329033,15.911214],[108.325014,15.911905],[108.325195,15.90781],[108.320952,15.906872],[108.3169,15.908756],[108.315189,15.912842],[108.312628,15.913153],[108.303035,15.904954],[108.293465,15.899928],[108.292354,15.890146],[108.28959,15.886394],[108.284723,15.889287],[108.278099,15.890282],[108.277146,15.888895],[108.269539,15.887583],[108.267591,15.891177],[108.263757,15.892619],[108.264524,15.893729],[108.260493,15.898482],[108.261115,15.900287],[108.258348,15.901159],[108.259695,15.902524],[108.258971,15.904894],[108.256011,15.902349],[108.254865,15.903567],[108.250677,15.903052],[108.248645,15.899341],[108.247511,15.906822],[108.238247,15.906737],[108.237072,15.909188],[108.238867,15.912528],[108.246617,15.912275],[108.246509,15.914107],[108.238546,15.913391],[108.23682,15.918015],[108.243545,15.921319],[108.242242,15.925611],[108.246634,15.92675],[108.246925,15.929736],[108.239818,15.927388],[108.239055,15.930596],[108.235612,15.93082],[108.236319,15.936368],[108.237964,15.937006],[108.234221,15.943075],[108.233628,15.948512],[108.229687,15.949708],[108.223384,15.947132],[108.222009,15.948876],[108.224514,15.956457],[108.230236,15.957834],[108.22927,15.960687],[108.242664,15.965885],[108.242591,15.967656],[108.250224,15.971667],[108.254747,15.972781],[108.260166,15.971039],[108.259299,15.9674],[108.261522,15.962764],[108.267611,15.965098],[108.268739,15.962405]]]}},{"type":"Feature","properties":{"code":"20458","name":"Xã Avương","type":"Xã"},"geometry":{"type":"Polygon","coordinates":[[[107.61973,16.064055],[107.624863,16.055635],[107.626108,16.049282],[107.620019,16.038629],[107.621287,16.032062],[107.632306,16.03101],[107.647582,16.02345],[107.650709,16.019215],[107.656281,16.01948],[107.654931,16.016148],[107.656461,16.013018],[107.654464,16.00996],[107.649657,16.008472],[107.647431,16.003618],[107.648485,16.002028],[107.646336,15.998952],[107.63862,15.994727],[107.636472,15.995411],[107.633452,15.993701],[107.630491,15.988319],[107.626432,15.98669],[107.628468,15.980669],[107.627161,15.978418],[107.625035,15.978369],[107.621821,15.971172],[107.615027,15.964473],[107.614061,15.956703],[107.609909,15.950434],[107.614605,15.939771],[107.612066,15.93518],[107.616587,15.932349],[107.61436,15.928526],[107.607062,15.922674],[107.607387,15.920305],[107.613525,15.919744],[107.6102,15.915578],[107.611363,15.904433],[107.592723,15.893153],[107.588634,15.884958],[107.584108,15.880467],[107.584123,15.8776],[107.581883,15.877208],[107.571445,15.876504],[107.565649,15.877747],[107.564013,15.882744],[107.557166,15.888288],[107.553379,15.898071],[107.545214,15.894482],[107.534551,15.898308],[107.534287,15.896733],[107.529761,15.894815],[107.522465,15.894941],[107.52231,15.899355],[107.519759,15.903813],[107.512462,15.905842],[107.51408,15.911124],[107.510873,15.917887],[107.513183,15.923896],[107.509583,15.928187],[107.512352,15.931485],[107.50886,15.936509],[107.510042,15.945489],[107.504284,15.951169],[107.497313,15.951156],[107.491332,15.957309],[107.492693,15.960566],[107.489855,15.963548],[107.490383,15.975777],[107.488304,15.981552],[107.489175,15.984236],[107.494698,15.989219],[107.493977,15.993228],[107.489599,15.995272],[107.487711,15.998816],[107.479851,15.999922],[107.466358,16.011925],[107.464177,16.015124],[107.465607,16.023118],[107.47337,16.033018],[107.478885,16.03582],[107.481572,16.034644],[107.484288,16.035484],[107.486583,16.040857],[107.488644,16.041105],[107.496154,16.039149],[107.498051,16.034518],[107.501181,16.034293],[107.505137,16.029574],[107.506331,16.021971],[107.512826,16.016063],[107.518638,16.014814],[107.525192,16.016498],[107.544394,16.010658],[107.549769,16.011337],[107.550696,16.014975],[107.55399,16.014597],[107.560439,16.021904],[107.558392,16.025373],[107.560207,16.031432],[107.557291,16.032804],[107.555878,16.037399],[107.552249,16.041789],[107.552936,16.044404],[107.557249,16.045103],[107.561054,16.050272],[107.57185,16.055676],[107.574615,16.054318],[107.586691,16.056797],[107.595752,16.056232],[107.61973,16.064055]]]}},{"type":"Feature","properties":{"code":"20308","name":"Xã Bà Nà","type":"Xã"},"geometry":{"type":"Polygon","coordinates":[[[108.044501,16.090955],[108.047641,16.086104],[108.047499,16.083193],[108.054603,16.078862],[108.059474,16.073659],[108.075551,16.072951],[108.074154,16.070978],[108.074463,16.066819],[108.077827,16.061933],[108.091338,16.062146],[108.090063,16.060303],[108.092462,16.053375],[108.087668,16.04976],[108.08495,16.045241],[108.084146,16.035273],[108.086502,16.033627],[108.090678,16.034306],[108.09949,16.02878],[108.104831,16.021302],[108.110723,16.022946],[108.113236,16.026786],[108.116295,16.024867],[108.118822,16.025916],[108.120703,16.023766],[108.124153,16.029425],[108.144932,16.035117],[108.152293,16.035454],[108.159303,16.03304],[108.162205,16.034965],[108.164642,16.028045],[108.159918,16.023688],[108.164218,16.02304],[108.166508,16.018621],[108.170647,16.015728],[108.166485,16.011928],[108.160003,16.009211],[108.157454,15.999231],[108.158003,15.993918],[108.151867,15.994693],[108.142261,15.993164],[108.140528,16.000795],[108.138584,16.001318],[108.137597,15.998527],[108.135836,15.998432],[108.134702,16.003455],[108.129556,16.004227],[108.12251,16.000466],[108.116339,16.001846],[108.108966,15.999116],[108.103348,16.001042],[108.093995,15.99703],[108.087965,15.997437],[108.085312,16.000567],[108.087077,16.002174],[108.086172,16.003315],[108.07616,15.998884],[108.074294,16.00231],[108.074866,16.005195],[108.070734,16.006903],[108.070727,16.008907],[108.074023,16.01148],[108.075177,16.01868],[108.071184,16.01859],[108.069049,16.022662],[108.051329,16.012293],[108.051451,16.00951],[108.048987,16.007343],[108.044371,16.007484],[108.040428,16.003724],[108.036663,16.003089],[108.032765,15.997237],[108.019219,15.995408],[108.001816,15.995978],[107.998162,15.994182],[107.993787,15.995869],[107.990721,15.994305],[107.986136,15.997837],[107.981795,15.996696],[107.981298,16.005911],[107.983598,16.011903],[107.977598,16.014008],[107.970488,16.019638],[107.968448,16.028053],[107.961468,16.032022],[107.958063,16.036913],[107.958463,16.048285],[107.961563,16.059979],[107.960944,16.064157],[107.97346,16.064803],[107.988272,16.068934],[107.992205,16.067712],[108.001282,16.070659],[108.006206,16.074642],[108.006178,16.089544],[108.011205,16.092545],[108.016139,16.091037],[108.021759,16.093686],[108.038865,16.10724],[108.044501,16.090955]]]}},{"type":"Feature","properties":{"code":"20710","name":"Xã Bến Giằng","type":"Xã"},"geometry":{"type":"Polygon","coordinates":[[[107.57974,15.777267],[107.588251,15.769114],[107.598498,15.768822],[107.620555,15.760224],[107.628642,15.759453],[107.630988,15.757387],[107.643203,15.760587],[107.648483,15.759109],[107.65284,15.761466],[107.652974,15.753284],[107.651314,15.751768],[107.653024,15.731027],[107.664364,15.723136],[107.672715,15.723416],[107.681265,15.727398],[107.691592,15.741184],[107.695753,15.750124],[107.697084,15.750369],[107.702288,15.747589],[107.704161,15.742174],[107.710555,15.736507],[107.714323,15.73712],[107.719105,15.733746],[107.717388,15.727814],[107.721287,15.725319],[107.721767,15.722423],[107.720083,15.71035],[107.718065,15.707854],[107.72471,15.710606],[107.728084,15.710285],[107.732364,15.713328],[107.744726,15.715011],[107.752682,15.717902],[107.756244,15.724877],[107.761463,15.725413],[107.768746,15.734492],[107.783728,15.743257],[107.786954,15.742253],[107.790371,15.744223],[107.796072,15.741677],[107.799272,15.743614],[107.799099,15.745128],[107.802781,15.744993],[107.8075,15.740192],[107.812042,15.738861],[107.810967,15.732829],[107.812458,15.732204],[107.813126,15.726354],[107.819278,15.72549],[107.81863,15.71634],[107.820976,15.708474],[107.81661,15.702532],[107.817338,15.698398],[107.82013,15.696999],[107.819791,15.694626],[107.821667,15.692534],[107.828564,15.688823],[107.830578,15.685651],[107.84248,15.679647],[107.851221,15.669651],[107.855315,15.660616],[107.861942,15.657815],[107.866973,15.649496],[107.874926,15.649039],[107.873462,15.644082],[107.878694,15.640952],[107.877357,15.635747],[107.882355,15.631294],[107.885263,15.623979],[107.882829,15.616829],[107.875101,15.608818],[107.873011,15.609204],[107.87086,15.607365],[107.869976,15.598817],[107.866826,15.597749],[107.864891,15.594668],[107.864819,15.592105],[107.867243,15.590695],[107.867677,15.579488],[107.861439,15.580915],[107.857341,15.57822],[107.85459,15.578543],[107.852383,15.575306],[107.854287,15.567542],[107.85352,15.564207],[107.859801,15.55784],[107.845335,15.560445],[107.842791,15.565142],[107.836489,15.567984],[107.835411,15.570582],[107.828897,15.569655],[107.827468,15.572734],[107.825717,15.571723],[107.82324,15.573473],[107.824159,15.578187],[107.822877,15.579914],[107.820595,15.578935],[107.817596,15.580999],[107.817265,15.579346],[107.808727,15.580507],[107.803944,15.578868],[107.798017,15.580807],[107.792786,15.579503],[107.790774,15.580433],[107.789428,15.578898],[107.787214,15.580139],[107.785496,15.577295],[107.784246,15.579599],[107.779686,15.580967],[107.779424,15.57661],[107.775909,15.576384],[107.769007,15.572689],[107.762145,15.571462],[107.754166,15.575947],[107.743687,15.568602],[107.732705,15.568361],[107.731232,15.564458],[107.724186,15.561096],[107.71476,15.560917],[107.707757,15.556634],[107.697209,15.562188],[107.693374,15.558152],[107.691103,15.559297],[107.691498,15.557016],[107.688346,15.558255],[107.689899,15.560608],[107.68676,15.562168],[107.681283,15.573981],[107.676222,15.579494],[107.676967,15.581598],[107.675092,15.582407],[107.673859,15.586473],[107.668157,15.590082],[107.667023,15.599247],[107.663917,15.606689],[107.655223,15.613781],[107.653362,15.613877],[107.651978,15.609641],[107.645407,15.606028],[107.643299,15.603214],[107.639438,15.604385],[107.635795,15.601828],[107.625373,15.604327],[107.619073,15.60853],[107.615277,15.606483],[107.606184,15.607782],[107.601177,15.612536],[107.594261,15.613003],[107.588627,15.616868],[107.590684,15.622457],[107.589376,15.627201],[107.591932,15.626532],[107.59656,15.630737],[107.594291,15.633638],[107.592545,15.633593],[107.594434,15.635716],[107.59297,15.637932],[107.595922,15.637831],[107.595035,15.640333],[107.597875,15.641166],[107.597066,15.644278],[107.599552,15.646251],[107.600134,15.650727],[107.602428,15.651804],[107.6029,15.654336],[107.610952,15.654634],[107.616515,15.650416],[107.620599,15.651586],[107.616206,15.66547],[107.613757,15.668482],[107.609779,15.669835],[107.605449,15.678533],[107.598156,15.680011],[107.594849,15.678329],[107.588678,15.679607],[107.584826,15.67819],[107.578105,15.683947],[107.570405,15.686663],[107.566329,15.687415],[107.554173,15.681779],[107.545215,15.681485],[107.539788,15.691036],[107.542964,15.694116],[107.545907,15.702478],[107.553753,15.708597],[107.551921,15.71358],[107.544284,15.722493],[107.538996,15.725452],[107.532041,15.724586],[107.528038,15.729145],[107.524801,15.747662],[107.527926,15.753052],[107.527419,15.756716],[107.530531,15.759961],[107.533116,15.759971],[107.533834,15.762542],[107.53631,15.762898],[107.535733,15.764888],[107.539697,15.767725],[107.539865,15.771545],[107.543029,15.776365],[107.546164,15.770012],[107.548703,15.768465],[107.562647,15.769296],[107.566057,15.774466],[107.570971,15.773739],[107.57974,15.777267]]]}},{"type":"Feature","properties":{"code":"20494","name":"Xã Bến Hiên","type":"Xã"},"geometry":{"type":"Polygon","coordinates":[[[107.839819,15.937967],[107.849515,15.935363],[107.847263,15.932258],[107.846611,15.916109],[107.835687,15.906799],[107.83808,15.886356],[107.834663,15.870123],[107.831834,15.867736],[107.830322,15.863398],[107.830757,15.860087],[107.817729,15.853598],[107.808724,15.854195],[107.810905,15.852077],[107.810796,15.848742],[107.815173,15.844541],[107.810965,15.83879],[107.807833,15.838153],[107.803708,15.834004],[107.80101,15.827645],[107.790566,15.827346],[107.787792,15.82382],[107.777338,15.817403],[107.766999,15.817025],[107.759396,15.814851],[107.751815,15.808323],[107.741864,15.806624],[107.738499,15.808545],[107.732962,15.795243],[107.728725,15.793376],[107.726508,15.786207],[107.72222,15.78378],[107.716976,15.777568],[107.71158,15.776954],[107.709062,15.779747],[107.693643,15.777947],[107.687482,15.774533],[107.683669,15.774959],[107.682297,15.773087],[107.680049,15.77577],[107.665235,15.777878],[107.662052,15.775354],[107.659598,15.766372],[107.651333,15.760061],[107.646706,15.759089],[107.641476,15.760363],[107.631419,15.757394],[107.628642,15.759453],[107.622581,15.759674],[107.611956,15.762963],[107.598498,15.768822],[107.588251,15.769114],[107.592299,15.773796],[107.606192,15.783659],[107.592483,15.793712],[107.603256,15.798724],[107.61182,15.7994],[107.605909,15.81341],[107.608176,15.814834],[107.606113,15.817797],[107.607698,15.831282],[107.613182,15.836507],[107.611812,15.840867],[107.620862,15.846437],[107.62388,15.846168],[107.631745,15.853036],[107.637902,15.866032],[107.645774,15.869597],[107.645742,15.874276],[107.65173,15.871759],[107.653638,15.861082],[107.66355,15.860039],[107.669791,15.863696],[107.673246,15.862839],[107.674499,15.867376],[107.671821,15.871167],[107.671802,15.874769],[107.675281,15.882798],[107.679244,15.881913],[107.679975,15.882968],[107.689396,15.878525],[107.696129,15.880228],[107.696617,15.886207],[107.707843,15.897444],[107.721975,15.905769],[107.72891,15.906897],[107.747092,15.898422],[107.747299,15.894462],[107.7522,15.886691],[107.756472,15.887225],[107.758605,15.889348],[107.761492,15.88815],[107.771513,15.897816],[107.778637,15.899141],[107.784035,15.90289],[107.790717,15.902757],[107.794306,15.909036],[107.800584,15.907739],[107.807872,15.915498],[107.817409,15.919131],[107.82338,15.932839],[107.830919,15.935651],[107.836297,15.935366],[107.839819,15.937967]]]}},{"type":"Feature","properties":{"code":"20364","name":"Xã Chiên Đàn","type":"Xã"},"geometry":{"type":"Polygon","coordinates":[[[108.463478,15.601243],[108.466392,15.598839],[108.461629,15.5947],[108.456942,15.584503],[108.455337,15.583995],[108.454376,15.576189],[108.450426,15.5744],[108.450083,15.571292],[108.44844,15.570172],[108.449431,15.56272],[108.445043,15.555385],[108.447566,15.551327],[108.450462,15.550394],[108.454978,15.553949],[108.458358,15.549994],[108.463849,15.550589],[108.46775,15.547732],[108.467201,15.545948],[108.469433,15.545903],[108.469968,15.538083],[108.472477,15.531819],[108.469396,15.531144],[108.464253,15.534309],[108.462165,15.532454],[108.454993,15.531913],[108.454983,15.52917],[108.452338,15.525997],[108.453792,15.524025],[108.449307,15.525209],[108.440987,15.519215],[108.438859,15.519896],[108.431293,15.525191],[108.438259,15.535366],[108.436903,15.538811],[108.435714,15.541219],[108.432723,15.541239],[108.427661,15.544217],[108.428212,15.546204],[108.426046,15.547343],[108.424441,15.551531],[108.420194,15.548302],[108.420827,15.542811],[108.413823,15.533684],[108.4079,15.530946],[108.39475,15.53267],[108.394283,15.527304],[108.39084,15.526591],[108.388719,15.52279],[108.381644,15.519098],[108.379174,15.521063],[108.370373,15.522014],[108.368423,15.525429],[108.373738,15.532982],[108.372349,15.536206],[108.368373,15.538386],[108.368377,15.542231],[108.373031,15.543458],[108.368392,15.549383],[108.370882,15.553119],[108.37399,15.553739],[108.376812,15.556646],[108.381974,15.554332],[108.384441,15.554811],[108.383227,15.559757],[108.381385,15.561249],[108.383465,15.563248],[108.383045,15.567399],[108.387324,15.567908],[108.388948,15.566221],[108.394796,15.567639],[108.400327,15.561376],[108.402464,15.562184],[108.405587,15.560512],[108.410159,15.562501],[108.413552,15.561858],[108.418506,15.582845],[108.431576,15.586374],[108.430947,15.589504],[108.434746,15.590382],[108.436597,15.59277],[108.442026,15.591474],[108.447736,15.599506],[108.449186,15.605565],[108.451889,15.607891],[108.454377,15.60857],[108.459248,15.604034],[108.464183,15.602687],[108.463478,15.601243]]]}},{"type":"Feature","properties":{"code":"20635","name":"Xã Duy Nghĩa","type":"Xã"},"geometry":{"type":"Polygon","coordinates":[[[108.389393,15.868404],[108.396323,15.871155],[108.405574,15.866582],[108.403948,15.860589],[108.404607,15.851307],[108.412523,15.819753],[108.405281,15.815772],[108.40001,15.809893],[108.396446,15.819083],[108.393606,15.822369],[108.394155,15.826644],[108.393128,15.828031],[108.390724,15.827094],[108.388614,15.830588],[108.385585,15.831923],[108.381634,15.829603],[108.382496,15.825686],[108.377785,15.822899],[108.36914,15.828491],[108.358411,15.825665],[108.357154,15.826875],[108.34999,15.825513],[108.346713,15.826966],[108.345892,15.829389],[108.340572,15.829356],[108.337062,15.826755],[108.336167,15.823868],[108.332908,15.824854],[108.333002,15.820486],[108.330812,15.81839],[108.330381,15.815201],[108.325937,15.81412],[108.325008,15.811975],[108.321131,15.814476],[108.31989,15.820045],[108.314544,15.820937],[108.312408,15.81473],[108.312365,15.819896],[108.304098,15.824473],[108.300212,15.824692],[108.298876,15.82865],[108.291503,15.828366],[108.290119,15.830849],[108.29348,15.831809],[108.294005,15.833646],[108.308059,15.837661],[108.311062,15.835148],[108.319813,15.832513],[108.32408,15.835134],[108.328964,15.833748],[108.329555,15.836582],[108.335806,15.84312],[108.33799,15.838597],[108.350715,15.839195],[108.356669,15.85446],[108.370557,15.859594],[108.374051,15.861459],[108.376814,15.865529],[108.389191,15.871729],[108.389393,15.868404]]]}},{"type":"Feature","properties":{"code":"20623","name":"Xã Duy Xuyên","type":"Xã"},"geometry":{"type":"Polygon","coordinates":[[[108.236752,15.849164],[108.238822,15.848266],[108.237682,15.847265],[108.24788,15.842392],[108.248363,15.840975],[108.240191,15.834868],[108.242191,15.829627],[108.24287,15.830765],[108.245236,15.829964],[108.244738,15.831699],[108.246648,15.830794],[108.24814,15.828474],[108.246943,15.825911],[108.252726,15.824068],[108.255188,15.819775],[108.254348,15.816193],[108.256685,15.813471],[108.264351,15.813125],[108.272421,15.818841],[108.274558,15.816309],[108.272638,15.81561],[108.273008,15.81049],[108.271432,15.810404],[108.272506,15.802978],[108.267917,15.799565],[108.2666,15.795795],[108.264521,15.796483],[108.261343,15.792094],[108.262635,15.790233],[108.261708,15.786814],[108.266683,15.78285],[108.267985,15.769453],[108.261403,15.767536],[108.260384,15.763411],[108.255791,15.761576],[108.251813,15.756083],[108.243793,15.754695],[108.223366,15.739864],[108.211175,15.738294],[108.203159,15.746301],[108.194925,15.74675],[108.192657,15.74445],[108.192935,15.738363],[108.188934,15.734562],[108.183603,15.73381],[108.182222,15.736248],[108.175117,15.731389],[108.16792,15.714585],[108.159206,15.720891],[108.154311,15.720311],[108.14996,15.722312],[108.148187,15.72602],[108.146789,15.725446],[108.141972,15.728333],[108.139316,15.734992],[108.135123,15.736107],[108.137474,15.74755],[108.135179,15.751699],[108.138494,15.754278],[108.138843,15.756417],[108.13571,15.760812],[108.136279,15.767288],[108.134724,15.770892],[108.142523,15.780621],[108.142198,15.785403],[108.143841,15.78913],[108.166047,15.802867],[108.164669,15.805952],[108.166894,15.808352],[108.168972,15.808554],[108.177074,15.817895],[108.182165,15.819888],[108.190344,15.826285],[108.19137,15.834704],[108.203495,15.836104],[108.209632,15.834879],[108.210417,15.838784],[108.213372,15.840026],[108.214268,15.837137],[108.223352,15.840173],[108.225011,15.842446],[108.231325,15.841517],[108.233065,15.846517],[108.236752,15.849164]]]}},{"type":"Feature","properties":{"code":"20587","name":"Xã Gò Nổi","type":"Xã"},"geometry":{"type":"Polygon","coordinates":[[[108.237018,15.88002],[108.241348,15.879579],[108.243503,15.875764],[108.24263,15.873551],[108.23936,15.872282],[108.238223,15.868565],[108.239252,15.866386],[108.248345,15.869436],[108.24976,15.866949],[108.251201,15.867347],[108.262879,15.86015],[108.258244,15.856524],[108.253347,15.841021],[108.246751,15.835107],[108.247831,15.829722],[108.244738,15.831699],[108.245236,15.829964],[108.24287,15.830765],[108.242191,15.829627],[108.240191,15.834868],[108.248363,15.840975],[108.24788,15.842392],[108.237682,15.847265],[108.238822,15.848266],[108.236752,15.849164],[108.233065,15.846517],[108.231325,15.841517],[108.225011,15.842446],[108.223352,15.840173],[108.214268,15.837137],[108.213372,15.840026],[108.210417,15.838784],[108.209868,15.834928],[108.203495,15.836104],[108.173454,15.831135],[108.167922,15.833988],[108.166011,15.839621],[108.157139,15.849502],[108.152043,15.852371],[108.147555,15.850642],[108.149284,15.857759],[108.154535,15.863333],[108.161642,15.867178],[108.174852,15.869326],[108.17831,15.867777],[108.181707,15.862958],[108.182494,15.860551],[108.179779,15.858531],[108.189613,15.84987],[108.191122,15.85599],[108.196286,15.858975],[108.203808,15.868931],[108.213292,15.870965],[108.219215,15.868957],[108.225448,15.869003],[108.228922,15.875805],[108.23283,15.877976],[108.233519,15.880217],[108.235896,15.881511],[108.237018,15.88002]]]}},{"type":"Feature","properties":{"code":"20779","name":"Xã Hiệp Đức","type":"Xã"},"geometry":{"type":"Polygon","coordinates":[[[108.101073,15.63882],[108.105583,15.635678],[108.106727,15.63219],[108.100306,15.609028],[108.104894,15.607171],[108.106079,15.600565],[108.112048,15.596479],[108.11208,15.59164],[108.115526,15.591127],[108.116063,15.589194],[108.124848,15.59525],[108.126539,15.592716],[108.126124,15.587087],[108.128532,15.586432],[108.128035,15.582615],[108.135976,15.580409],[108.132009,15.5779],[108.131413,15.569349],[108.12134,15.568354],[108.12029,15.550911],[108.127933,15.538162],[108.130249,15.538211],[108.133377,15.541261],[108.14504,15.542667],[108.149157,15.539913],[108.153438,15.53994],[108.154499,15.536951],[108.154816,15.534371],[108.152336,15.530121],[108.146346,15.524811],[108.129203,15.520405],[108.125846,15.516665],[108.125506,15.512816],[108.130387,15.507967],[108.13296,15.501534],[108.117698,15.498186],[108.113757,15.501457],[108.1032,15.502308],[108.085464,15.517456],[108.079736,15.518618],[108.067012,15.525119],[108.066597,15.528689],[108.06453,15.528693],[108.065267,15.530353],[108.061289,15.53517],[108.064442,15.540384],[108.061443,15.540364],[108.062539,15.543598],[108.060124,15.543155],[108.059215,15.544648],[108.059051,15.542351],[108.057654,15.542204],[108.057584,15.545219],[108.052017,15.549454],[108.053186,15.551796],[108.050288,15.553165],[108.051019,15.554773],[108.04843,15.555442],[108.051498,15.556844],[108.049634,15.558792],[108.045574,15.558056],[108.045535,15.554352],[108.042372,15.554424],[108.036696,15.550491],[108.037362,15.548151],[108.035939,15.546641],[108.030668,15.546434],[108.030713,15.542705],[108.02452,15.542265],[108.023788,15.5484],[108.013678,15.545758],[108.0117,15.552823],[108.000436,15.548097],[107.991401,15.547169],[107.99133,15.551664],[107.984985,15.554018],[107.984989,15.557891],[107.987374,15.562608],[107.995919,15.56889],[107.994328,15.574887],[107.98581,15.571728],[107.981342,15.567718],[107.976166,15.566618],[107.972154,15.560772],[107.972332,15.558762],[107.967014,15.553444],[107.952121,15.556684],[107.948242,15.562908],[107.953554,15.564538],[107.959863,15.563539],[107.9672,15.568133],[107.974209,15.573883],[107.981199,15.58681],[107.993849,15.593241],[107.9983,15.598911],[108.004727,15.603553],[108.005792,15.606257],[108.014004,15.608493],[108.016632,15.607859],[108.022956,15.611309],[108.026,15.616839],[108.032236,15.615461],[108.038649,15.619837],[108.04502,15.621489],[108.050839,15.620944],[108.054942,15.626245],[108.060927,15.626212],[108.068582,15.629282],[108.070777,15.628586],[108.071813,15.631137],[108.076558,15.632469],[108.079882,15.635643],[108.086013,15.634594],[108.086342,15.636241],[108.094602,15.639874],[108.096528,15.642828],[108.10147,15.643211],[108.10008,15.64207],[108.101073,15.63882]]]}},{"type":"Feature","properties":{"code":"20515","name":"Xã Hà Nha","type":"Xã"},"geometry":{"type":"Polygon","coordinates":[[[108.040801,15.934101],[108.032958,15.919954],[108.033387,15.918056],[108.039743,15.913292],[108.047125,15.915624],[108.051549,15.914501],[108.057775,15.907581],[108.065379,15.903403],[108.071435,15.895722],[108.075518,15.895117],[108.077197,15.89333],[108.077368,15.889787],[108.082632,15.886515],[108.077166,15.876679],[108.081912,15.87194],[108.076988,15.86817],[108.077657,15.871928],[108.06977,15.87497],[108.068185,15.873477],[108.066282,15.874682],[108.060688,15.871727],[108.061059,15.869269],[108.05935,15.867483],[108.051403,15.865025],[108.049298,15.865898],[108.047089,15.862044],[108.051956,15.857003],[108.051004,15.856405],[108.045955,15.855583],[108.035517,15.857802],[108.036414,15.852853],[108.033673,15.850412],[108.029545,15.851424],[108.027801,15.855353],[108.025912,15.854807],[108.021159,15.850728],[108.014159,15.848193],[108.012965,15.844394],[108.014408,15.842082],[107.990304,15.815974],[107.977984,15.815361],[107.959581,15.800717],[107.953431,15.797185],[107.945899,15.795824],[107.941268,15.791802],[107.940094,15.794681],[107.935037,15.793116],[107.932782,15.794874],[107.926511,15.791912],[107.92533,15.789214],[107.920804,15.788549],[107.917697,15.7843],[107.912856,15.786262],[107.901945,15.800028],[107.89673,15.802818],[107.899506,15.8083],[107.901975,15.809335],[107.901554,15.811435],[107.910376,15.824919],[107.920311,15.830032],[107.92907,15.832362],[107.940877,15.840708],[107.944698,15.846796],[107.951367,15.850552],[107.959335,15.851877],[107.967712,15.85048],[107.967806,15.856646],[107.970703,15.85816],[107.967232,15.859051],[107.968735,15.861041],[107.966684,15.869183],[107.967904,15.870084],[107.962866,15.875082],[107.961987,15.881996],[107.966167,15.895394],[107.971055,15.901196],[107.96744,15.905442],[107.962919,15.906386],[107.959954,15.913983],[107.955793,15.917433],[107.956113,15.921923],[107.960631,15.921958],[107.96749,15.926101],[107.976389,15.919057],[107.980933,15.918192],[107.989982,15.919904],[107.992973,15.918041],[107.995668,15.921223],[108.005853,15.921348],[108.019624,15.930033],[108.024405,15.928772],[108.034488,15.933294],[108.040801,15.934101]]]}},{"type":"Feature","properties":{"code":"20332","name":"Xã Hòa Tiến","type":"Xã"},"geometry":{"type":"Polygon","coordinates":[[[108.164362,15.993767],[108.18421,15.993723],[108.183033,15.991265],[108.184742,15.988265],[108.183863,15.985957],[108.186146,15.984033],[108.181634,15.965255],[108.184632,15.965592],[108.184691,15.959878],[108.179182,15.951204],[108.181357,15.946786],[108.179115,15.939613],[108.171948,15.9397],[108.168559,15.941576],[108.167052,15.946351],[108.164535,15.948607],[108.16454,15.951807],[108.160988,15.950133],[108.153734,15.95284],[108.150628,15.949492],[108.14703,15.933072],[108.142099,15.93294],[108.141405,15.931334],[108.137632,15.930522],[108.126566,15.935713],[108.12457,15.938534],[108.116702,15.941931],[108.114373,15.945321],[108.109422,15.948048],[108.100995,15.941007],[108.097414,15.941131],[108.093292,15.936265],[108.088336,15.934807],[108.086815,15.92776],[108.080953,15.925576],[108.068613,15.926123],[108.061929,15.929302],[108.060614,15.933882],[108.051012,15.93201],[108.04158,15.934734],[108.024405,15.928772],[108.019624,15.930033],[108.013147,15.926647],[108.013248,15.946873],[108.031884,15.954997],[108.04198,15.955542],[108.043771,15.957709],[108.052405,15.960004],[108.061414,15.959334],[108.065594,15.96228],[108.075498,15.958343],[108.095078,15.965334],[108.097382,15.970439],[108.103238,15.971904],[108.103232,15.97304],[108.115679,15.972328],[108.126043,15.975396],[108.129763,15.974248],[108.129638,15.972359],[108.135187,15.973114],[108.135919,15.97127],[108.139395,15.970551],[108.139411,15.972682],[108.143255,15.974474],[108.142784,15.97646],[108.155022,15.979716],[108.158814,15.985948],[108.162929,15.988491],[108.164362,15.993767]]]}},{"type":"Feature","properties":{"code":"20320","name":"Xã Hòa Vang","type":"Xã"},"geometry":{"type":"Polygon","coordinates":[[[108.070227,16.021772],[108.07133,16.018496],[108.075177,16.01868],[108.074023,16.01148],[108.070727,16.008907],[108.070734,16.006903],[108.074866,16.005195],[108.074294,16.00231],[108.07616,15.998884],[108.086172,16.003315],[108.087077,16.002174],[108.085312,16.000567],[108.087965,15.997437],[108.093995,15.99703],[108.103348,16.001042],[108.109868,15.999179],[108.116339,16.001846],[108.121573,16.000297],[108.127749,16.004038],[108.133551,16.003861],[108.135162,16.002863],[108.135517,15.998567],[108.137597,15.998527],[108.138847,16.001434],[108.140877,16.00045],[108.142261,15.993164],[108.160716,15.99486],[108.164362,15.993767],[108.163194,15.988974],[108.158814,15.985948],[108.15298,15.97829],[108.142784,15.97646],[108.143255,15.974474],[108.139411,15.972682],[108.139395,15.970551],[108.135919,15.97127],[108.135187,15.973114],[108.129638,15.972359],[108.129763,15.974248],[108.126043,15.975396],[108.115679,15.972328],[108.103232,15.97304],[108.103238,15.971904],[108.097382,15.970439],[108.095078,15.965334],[108.075498,15.958343],[108.065594,15.96228],[108.061414,15.959334],[108.052405,15.960004],[108.043771,15.957709],[108.04198,15.955542],[108.031884,15.954997],[108.013248,15.946873],[108.013147,15.926647],[108.011744,15.924769],[108.005509,15.921242],[107.995668,15.921223],[107.992973,15.918041],[107.990308,15.91987],[107.986291,15.918683],[107.981669,15.919952],[107.963175,15.934295],[107.959365,15.939752],[107.949414,15.948691],[107.952886,15.957608],[107.955802,15.958452],[107.956404,15.963956],[107.955075,15.965719],[107.95652,15.96857],[107.971532,15.97874],[107.97583,15.985049],[107.980307,15.987785],[107.981873,15.996674],[107.986136,15.997837],[107.990721,15.994305],[107.993787,15.995869],[107.998162,15.994182],[108.001816,15.995978],[108.019219,15.995408],[108.032765,15.997237],[108.036663,16.003089],[108.040428,16.003724],[108.044371,16.007484],[108.048987,16.007343],[108.051451,16.00951],[108.051329,16.012293],[108.066781,16.021833],[108.070227,16.021772]]]}},{"type":"Feature","properties":{"code":"20443","name":"Xã Hùng Sơn","type":"Xã"},"geometry":{"type":"Polygon","coordinates":[[[107.371128,15.897989],[107.377536,15.892092],[107.379294,15.892055],[107.380314,15.88877],[107.384653,15.887351],[107.380281,15.882029],[107.379981,15.878813],[107.377786,15.877785],[107.377968,15.873438],[107.383224,15.867316],[107.38674,15.865547],[107.388344,15.862307],[107.387646,15.855085],[107.382562,15.845539],[107.38172,15.834718],[107.376916,15.831116],[107.378274,15.82688],[107.381792,15.823082],[107.378211,15.820308],[107.384831,15.811955],[107.390356,15.810756],[107.392007,15.804705],[107.398088,15.795452],[107.396352,15.789005],[107.397064,15.784468],[107.399627,15.782263],[107.397593,15.779031],[107.398797,15.776543],[107.395897,15.768711],[107.399897,15.759381],[107.397475,15.7559],[107.401107,15.748614],[107.400323,15.746286],[107.402234,15.744716],[107.40219,15.742023],[107.390629,15.737521],[107.380236,15.727468],[107.378951,15.729353],[107.3774,15.727222],[107.367981,15.725036],[107.359073,15.737553],[107.348966,15.728013],[107.344955,15.737659],[107.34805,15.739054],[107.347725,15.742972],[107.342568,15.741776],[107.33837,15.745928],[107.337249,15.749363],[107.33084,15.74835],[107.325182,15.751151],[107.317326,15.749092],[107.314568,15.751504],[107.313864,15.749587],[107.310054,15.750717],[107.308509,15.748614],[107.310381,15.743933],[107.307348,15.741981],[107.303428,15.735372],[107.294027,15.735954],[107.28766,15.734276],[107.280503,15.736909],[107.276164,15.734282],[107.274321,15.736773],[107.266899,15.739095],[107.262462,15.734918],[107.261165,15.730425],[107.257038,15.728591],[107.254308,15.730568],[107.251365,15.730228],[107.250801,15.732237],[107.253603,15.734968],[107.254425,15.738301],[107.24817,15.74485],[107.223134,15.74287],[107.217842,15.739158],[107.216139,15.740572],[107.213551,15.738665],[107.211519,15.756785],[107.217334,15.760318],[107.219708,15.772787],[107.219109,15.776781],[107.225898,15.782897],[107.229868,15.783421],[107.225817,15.800569],[107.22895,15.804443],[107.226129,15.805694],[107.221761,15.811319],[107.216377,15.822586],[107.210762,15.826725],[107.215993,15.829821],[107.217684,15.828644],[107.220326,15.82977],[107.221341,15.835616],[107.2266,15.83616],[107.229528,15.838515],[107.232021,15.837843],[107.2336,15.843575],[107.248414,15.838642],[107.257493,15.848699],[107.269856,15.851246],[107.27168,15.853988],[107.270986,15.858828],[107.275673,15.861594],[107.278222,15.858256],[107.283013,15.857734],[107.288527,15.861595],[107.289854,15.865653],[107.294835,15.866048],[107.298428,15.869303],[107.302854,15.865939],[107.312139,15.873265],[107.312166,15.876506],[107.315737,15.880388],[107.315539,15.884219],[107.318958,15.884244],[107.320854,15.886924],[107.328814,15.890095],[107.333522,15.887816],[107.338676,15.890849],[107.342964,15.890493],[107.348154,15.893992],[107.352511,15.89217],[107.360159,15.892983],[107.362161,15.891599],[107.364664,15.892802],[107.364556,15.896247],[107.371128,15.897989]]]}},{"type":"Feature","properties":{"code":"20722","name":"Xã Khâm Đức","type":"Xã"},"geometry":{"type":"Polygon","coordinates":[[[107.817515,15.580993],[107.820595,15.578935],[107.823025,15.579788],[107.824159,15.578187],[107.82324,15.573473],[107.825717,15.571723],[107.827468,15.572734],[107.828897,15.569655],[107.824526,15.568884],[107.822063,15.564342],[107.822888,15.559761],[107.828891,15.554192],[107.822536,15.535486],[107.823152,15.533171],[107.819167,15.526742],[107.817505,15.517608],[107.812964,15.5135],[107.818309,15.507902],[107.817374,15.498241],[107.84366,15.480654],[107.842874,15.471481],[107.836764,15.46177],[107.829468,15.461748],[107.829378,15.455832],[107.83227,15.452828],[107.831635,15.446962],[107.834242,15.444774],[107.833515,15.442235],[107.831401,15.439767],[107.820483,15.435123],[107.816136,15.426008],[107.812525,15.427337],[107.809662,15.425481],[107.802747,15.430051],[107.790017,15.424539],[107.788161,15.421234],[107.784895,15.420814],[107.781076,15.422474],[107.780902,15.424935],[107.778261,15.427658],[107.776961,15.433304],[107.780833,15.444484],[107.779823,15.450352],[107.774639,15.453149],[107.772529,15.452788],[107.765634,15.471707],[107.768442,15.473632],[107.766648,15.479191],[107.761923,15.478839],[107.758109,15.480722],[107.748906,15.489103],[107.744228,15.487906],[107.740919,15.489857],[107.737528,15.487433],[107.732217,15.487188],[107.730943,15.489903],[107.720291,15.497122],[107.71528,15.505591],[107.706282,15.50729],[107.704535,15.510508],[107.706961,15.514594],[107.702919,15.516947],[107.703593,15.520935],[107.699968,15.525105],[107.700687,15.529507],[107.704975,15.529511],[107.702468,15.531501],[107.701211,15.537617],[107.698446,15.539676],[107.698754,15.545844],[107.694802,15.545689],[107.695699,15.549853],[107.698424,15.551649],[107.69489,15.559981],[107.697253,15.562192],[107.709042,15.556755],[107.714493,15.560835],[107.723889,15.561023],[107.731232,15.564458],[107.731151,15.566863],[107.733412,15.568657],[107.743687,15.568602],[107.754166,15.575947],[107.762145,15.571462],[107.769007,15.572689],[107.775909,15.576384],[107.779424,15.57661],[107.779686,15.580967],[107.784246,15.579599],[107.785496,15.577295],[107.787264,15.580157],[107.789428,15.578898],[107.7907,15.580427],[107.792786,15.579503],[107.798017,15.580807],[107.804181,15.578865],[107.808727,15.580507],[107.81418,15.579161],[107.817412,15.579425],[107.817515,15.580993]]]}},{"type":"Feature","properties":{"code":"20704","name":"Xã La Dêê","type":"Xã"},"geometry":{"type":"Polygon","coordinates":[[[107.439801,15.624978],[107.454502,15.625214],[107.467988,15.620356],[107.472632,15.615347],[107.475015,15.615822],[107.481692,15.613042],[107.485062,15.609416],[107.485165,15.604211],[107.480812,15.601844],[107.481519,15.594452],[107.479239,15.589004],[107.4733,15.590671],[107.469733,15.585701],[107.462988,15.584587],[107.460733,15.581618],[107.462711,15.570266],[107.470336,15.571948],[107.493361,15.589798],[107.494487,15.595441],[107.49848,15.596137],[107.498597,15.598448],[107.503804,15.60523],[107.517998,15.602501],[107.534522,15.605193],[107.535352,15.601014],[107.540319,15.599953],[107.540435,15.598388],[107.537423,15.595966],[107.532824,15.594353],[107.532601,15.591853],[107.529592,15.591124],[107.527649,15.586611],[107.525251,15.584853],[107.522153,15.585471],[107.519574,15.582001],[107.521153,15.576447],[107.51949,15.576019],[107.519591,15.574557],[107.521392,15.569534],[107.523556,15.567891],[107.520056,15.564707],[107.521959,15.562705],[107.520112,15.561793],[107.521254,15.55825],[107.515276,15.550924],[107.515325,15.548047],[107.512781,15.547423],[107.51163,15.543777],[107.509025,15.544168],[107.508259,15.54042],[107.506536,15.539908],[107.50645,15.526232],[107.500805,15.523063],[107.494948,15.522599],[107.493403,15.520571],[107.494172,15.515632],[107.49025,15.509516],[107.49204,15.507307],[107.490727,15.504715],[107.491582,15.501243],[107.494805,15.498624],[107.494223,15.496126],[107.496274,15.494741],[107.496098,15.492335],[107.500236,15.486542],[107.504968,15.483303],[107.507358,15.474639],[107.497957,15.475571],[107.495449,15.478582],[107.492568,15.479198],[107.481167,15.477011],[107.478135,15.477851],[107.47758,15.48146],[107.481374,15.483173],[107.482571,15.486791],[107.480924,15.491434],[107.477735,15.4913],[107.470918,15.496756],[107.470411,15.498874],[107.463002,15.500066],[107.460885,15.498017],[107.453957,15.503584],[107.446495,15.503762],[107.445054,15.501942],[107.438501,15.503718],[107.433596,15.502897],[107.430198,15.499483],[107.431864,15.497249],[107.431892,15.492248],[107.42951,15.490137],[107.425984,15.490588],[107.422134,15.49357],[107.419229,15.49097],[107.415694,15.490677],[107.414949,15.495267],[107.409633,15.491496],[107.40774,15.494225],[107.399135,15.492485],[107.395325,15.494964],[107.392767,15.49428],[107.392631,15.495877],[107.388945,15.495741],[107.38601,15.492876],[107.381729,15.493725],[107.382259,15.498041],[107.378516,15.501412],[107.380627,15.504636],[107.380134,15.509698],[107.377481,15.51253],[107.378357,15.517474],[107.374541,15.521968],[107.374474,15.531195],[107.372367,15.537695],[107.364498,15.547893],[107.366021,15.55013],[107.364015,15.551514],[107.364778,15.555121],[107.362946,15.558118],[107.36614,15.560325],[107.364857,15.569942],[107.361085,15.571076],[107.35986,15.573992],[107.365727,15.573951],[107.367358,15.568424],[107.371014,15.567611],[107.375493,15.570062],[107.382281,15.570196],[107.39363,15.575056],[107.396531,15.577169],[107.394944,15.583732],[107.40524,15.590312],[107.403298,15.595017],[107.397029,15.596343],[107.395719,15.600164],[107.400683,15.599483],[107.401433,15.603754],[107.406004,15.604039],[107.409831,15.608185],[107.408998,15.611215],[107.413432,15.615654],[107.413529,15.61861],[107.416012,15.61993],[107.417384,15.623318],[107.42478,15.62088],[107.425291,15.623663],[107.427723,15.624462],[107.426258,15.626525],[107.427761,15.631455],[107.431861,15.632363],[107.435493,15.627208],[107.439801,15.624978]]]}},{"type":"Feature","properties":{"code":"20698","name":"Xã La Êê","type":"Xã"},"geometry":{"type":"Polygon","coordinates":[[[107.317053,15.749767],[107.325182,15.751151],[107.33084,15.74835],[107.337249,15.749363],[107.33837,15.745928],[107.342568,15.741776],[107.34798,15.742646],[107.34805,15.739054],[107.344955,15.737659],[107.348966,15.728013],[107.359073,15.737553],[107.367981,15.725036],[107.3774,15.727222],[107.378951,15.729353],[107.380236,15.727468],[107.386292,15.734185],[107.396865,15.740583],[107.40219,15.742023],[107.408548,15.739645],[107.410223,15.738194],[107.408804,15.735642],[107.409906,15.728779],[107.40799,15.726008],[107.41157,15.715608],[107.410404,15.711777],[107.414322,15.706602],[107.412443,15.703516],[107.414097,15.70263],[107.413528,15.699058],[107.414919,15.697714],[107.413646,15.692918],[107.415556,15.690901],[107.414953,15.6877],[107.418533,15.684845],[107.419205,15.671509],[107.423944,15.669808],[107.428763,15.665687],[107.43766,15.666451],[107.442282,15.656918],[107.442137,15.651493],[107.447803,15.644832],[107.443523,15.64232],[107.442429,15.639887],[107.436215,15.639648],[107.435567,15.636443],[107.431861,15.632363],[107.427519,15.631308],[107.426258,15.626525],[107.427723,15.624462],[107.425291,15.623663],[107.424665,15.620785],[107.417384,15.623318],[107.416012,15.61993],[107.413529,15.61861],[107.413432,15.615654],[107.408998,15.611215],[107.409831,15.608185],[107.406004,15.604039],[107.401433,15.603754],[107.400683,15.599483],[107.395719,15.600164],[107.397029,15.596343],[107.403298,15.595017],[107.40524,15.590312],[107.394944,15.583732],[107.39629,15.576837],[107.382281,15.570196],[107.375493,15.570062],[107.371014,15.567611],[107.367358,15.568424],[107.366912,15.573182],[107.363122,15.574615],[107.360301,15.574346],[107.357277,15.570196],[107.353083,15.568962],[107.350847,15.57342],[107.344956,15.57264],[107.342559,15.577578],[107.346613,15.579017],[107.344688,15.580454],[107.345865,15.584218],[107.353016,15.58825],[107.353559,15.591876],[107.348465,15.601893],[107.341749,15.603362],[107.34329,15.614185],[107.338876,15.615858],[107.334609,15.622183],[107.326979,15.624258],[107.324201,15.623148],[107.318583,15.626029],[107.303406,15.625453],[107.300447,15.623656],[107.292057,15.623162],[107.287759,15.624823],[107.282989,15.630197],[107.275689,15.634803],[107.276517,15.641643],[107.274484,15.644049],[107.277847,15.648137],[107.27771,15.652429],[107.264828,15.65435],[107.26409,15.658463],[107.268212,15.669207],[107.26719,15.670484],[107.271054,15.672411],[107.276297,15.681882],[107.276344,15.683937],[107.272998,15.688083],[107.277341,15.696446],[107.276322,15.699744],[107.272052,15.70182],[107.276351,15.704524],[107.276673,15.706905],[107.274118,15.70793],[107.271562,15.706606],[107.268897,15.709926],[107.265511,15.711175],[107.266992,15.718426],[107.265977,15.720971],[107.263353,15.719683],[107.258328,15.722215],[107.252008,15.722018],[107.249409,15.725489],[107.250731,15.727352],[107.249718,15.731767],[107.250801,15.732237],[107.251815,15.729897],[107.254308,15.730568],[107.257899,15.728781],[107.261165,15.730425],[107.262462,15.734918],[107.266899,15.739095],[107.274321,15.736773],[107.276164,15.734282],[107.280503,15.736909],[107.28766,15.734276],[107.294027,15.735954],[107.303215,15.735312],[107.307348,15.741981],[107.310381,15.743933],[107.308509,15.748614],[107.309906,15.750598],[107.313864,15.749587],[107.314568,15.751504],[107.317053,15.749767]]]}},{"type":"Feature","properties":{"code":"20875","name":"Xã Lãnh Ngọc","type":"Xã"},"geometry":{"type":"Polygon","coordinates":[[[108.17092,15.50843],[108.187941,15.499921],[108.191841,15.50076],[108.205503,15.496534],[108.212955,15.491516],[108.221212,15.495722],[108.227888,15.492461],[108.233366,15.493151],[108.240556,15.487172],[108.241216,15.483462],[108.243982,15.484074],[108.247052,15.481362],[108.249113,15.47653],[108.260822,15.470829],[108.262452,15.46739],[108.26184,15.462013],[108.266578,15.457557],[108.266648,15.453762],[108.264835,15.452975],[108.267058,15.449428],[108.262814,15.442509],[108.265215,15.443721],[108.268633,15.44189],[108.271867,15.43747],[108.275883,15.43659],[108.277484,15.427036],[108.280907,15.425374],[108.281461,15.422364],[108.27796,15.41628],[108.282595,15.415247],[108.283484,15.414452],[108.281826,15.413865],[108.283037,15.413421],[108.288793,15.412715],[108.286535,15.409115],[108.28795,15.406265],[108.286563,15.401393],[108.278119,15.399686],[108.272681,15.396729],[108.268864,15.397998],[108.25815,15.397108],[108.253635,15.394699],[108.249271,15.395411],[108.246628,15.397749],[108.240398,15.397584],[108.235048,15.389386],[108.227889,15.385972],[108.220067,15.388259],[108.217491,15.386865],[108.207487,15.388789],[108.205014,15.386806],[108.19587,15.390075],[108.186104,15.37943],[108.180309,15.380991],[108.174542,15.380109],[108.168139,15.382424],[108.166084,15.385088],[108.162267,15.386458],[108.156662,15.393098],[108.150846,15.396493],[108.147911,15.408339],[108.14136,15.417859],[108.144827,15.429116],[108.14057,15.432401],[108.135528,15.433612],[108.133518,15.437859],[108.14842,15.449046],[108.148154,15.464395],[108.151221,15.474068],[108.136612,15.486229],[108.129395,15.484286],[108.126512,15.489342],[108.132136,15.49649],[108.134572,15.503672],[108.140009,15.506913],[108.147334,15.506378],[108.149304,15.503009],[108.157003,15.501746],[108.163754,15.497122],[108.170866,15.500612],[108.17092,15.50843]]]}},{"type":"Feature","properties":{"code":"20707","name":"Xã Nam Giang","type":"Xã"},"geometry":{"type":"Polygon","coordinates":[[[107.543029,15.776365],[107.539865,15.771545],[107.539697,15.767725],[107.535733,15.764888],[107.53631,15.762898],[107.533834,15.762542],[107.533116,15.759971],[107.530531,15.759961],[107.527419,15.756716],[107.527926,15.753052],[107.524801,15.747662],[107.528038,15.729145],[107.532041,15.724586],[107.538996,15.725452],[107.544284,15.722493],[107.551921,15.71358],[107.553753,15.708597],[107.545907,15.702478],[107.542964,15.694116],[107.539788,15.691036],[107.543521,15.683259],[107.546017,15.681146],[107.554173,15.681779],[107.566655,15.687447],[107.576929,15.684621],[107.584826,15.67819],[107.588678,15.679607],[107.594849,15.678329],[107.598156,15.680011],[107.605449,15.678533],[107.609779,15.669835],[107.613757,15.668482],[107.616206,15.66547],[107.620599,15.651586],[107.616515,15.650416],[107.610952,15.654634],[107.6029,15.654336],[107.602428,15.651804],[107.600134,15.650727],[107.599552,15.646251],[107.597066,15.644278],[107.597875,15.641166],[107.595035,15.640333],[107.595922,15.637831],[107.592912,15.637723],[107.594441,15.635793],[107.592545,15.633593],[107.594291,15.633638],[107.59656,15.630737],[107.592174,15.626655],[107.589975,15.627792],[107.589095,15.626404],[107.590684,15.622457],[107.588627,15.616868],[107.594261,15.613003],[107.588136,15.608806],[107.584718,15.608912],[107.570561,15.59913],[107.560026,15.601218],[107.558949,15.605321],[107.554953,15.606448],[107.552291,15.604574],[107.547412,15.604897],[107.542981,15.603231],[107.540435,15.598388],[107.54002,15.600243],[107.534791,15.601613],[107.534522,15.605193],[107.515835,15.602528],[107.504859,15.605576],[107.500999,15.602176],[107.49848,15.596137],[107.494487,15.595441],[107.493361,15.589798],[107.470336,15.571948],[107.462711,15.570266],[107.460733,15.581618],[107.462988,15.584587],[107.469733,15.585701],[107.4733,15.590671],[107.479239,15.589004],[107.481519,15.594452],[107.480812,15.601844],[107.485165,15.604211],[107.485062,15.609416],[107.481692,15.613042],[107.475015,15.615822],[107.472632,15.615347],[107.467988,15.620356],[107.454502,15.625214],[107.439682,15.625011],[107.435493,15.627208],[107.431861,15.632363],[107.435567,15.636443],[107.436215,15.639648],[107.442429,15.639887],[107.443523,15.64232],[107.447803,15.644832],[107.442137,15.651493],[107.442282,15.656918],[107.43766,15.666451],[107.428763,15.665687],[107.423944,15.669808],[107.419205,15.671509],[107.418533,15.684845],[107.414953,15.6877],[107.415556,15.690901],[107.413646,15.692918],[107.414919,15.697714],[107.413528,15.699058],[107.414097,15.70263],[107.412443,15.703516],[107.414322,15.706602],[107.410404,15.711777],[107.41157,15.715608],[107.40799,15.726008],[107.409906,15.728779],[107.409003,15.737025],[107.410223,15.738194],[107.412025,15.736643],[107.422103,15.736538],[107.428079,15.740572],[107.436771,15.741641],[107.440867,15.745771],[107.452485,15.747593],[107.455667,15.751205],[107.454543,15.757318],[107.456411,15.759958],[107.458921,15.759821],[107.46238,15.762888],[107.46295,15.768639],[107.464843,15.767248],[107.469406,15.768565],[107.472654,15.765926],[107.479233,15.766281],[107.488901,15.762471],[107.499996,15.762738],[107.504836,15.764125],[107.508291,15.767594],[107.517172,15.765083],[107.517901,15.768131],[107.522632,15.771782],[107.522019,15.773966],[107.524999,15.773342],[107.532965,15.776879],[107.539366,15.776235],[107.541296,15.778041],[107.543029,15.776365]]]}},{"type":"Feature","properties":{"code":"20599","name":"Xã Nam Phước","type":"Xã"},"geometry":{"type":"Polygon","coordinates":[[[108.305847,15.867877],[108.30376,15.859257],[108.308473,15.860371],[108.319804,15.854582],[108.321131,15.856415],[108.319954,15.857905],[108.326304,15.860747],[108.341411,15.859804],[108.350999,15.863769],[108.366289,15.858662],[108.356253,15.854095],[108.350715,15.839195],[108.33799,15.838597],[108.335806,15.84312],[108.329555,15.836582],[108.328964,15.833748],[108.32408,15.835134],[108.319987,15.832501],[108.306034,15.837414],[108.290289,15.831331],[108.291503,15.828366],[108.289366,15.824418],[108.283469,15.828731],[108.283685,15.824873],[108.279181,15.824117],[108.279314,15.822498],[108.274803,15.821174],[108.266679,15.814185],[108.260822,15.813764],[108.260654,15.812332],[108.256685,15.813471],[108.254348,15.816193],[108.255188,15.819775],[108.252726,15.824068],[108.246943,15.825911],[108.24814,15.828474],[108.246751,15.835107],[108.254161,15.842286],[108.254935,15.849311],[108.258244,15.856524],[108.262879,15.86015],[108.271891,15.862257],[108.281563,15.867452],[108.305847,15.867877]]]}},{"type":"Feature","properties":{"code":"20944","name":"Xã Nam Trà My","type":"Xã"},"geometry":{"type":"Polygon","coordinates":[[[108.20486,15.186339],[108.210893,15.193041],[108.211123,15.195718],[108.212649,15.195328],[108.211732,15.190328],[108.215735,15.181536],[108.22101,15.17989],[108.222708,15.176652],[108.217326,15.169527],[108.216924,15.149045],[108.213609,15.138981],[108.197624,15.124544],[108.190128,15.132021],[108.185341,15.125491],[108.179141,15.124085],[108.174622,15.119573],[108.152544,15.123447],[108.145399,15.113986],[108.147061,15.107256],[108.149858,15.109085],[108.152528,15.10803],[108.164014,15.098553],[108.169168,15.101132],[108.171936,15.100244],[108.172722,15.096345],[108.179249,15.08696],[108.178116,15.083713],[108.17904,15.081734],[108.170983,15.072247],[108.167174,15.065191],[108.159292,15.059566],[108.15683,15.054164],[108.149685,15.050784],[108.149019,15.046633],[108.146281,15.045721],[108.146275,15.043593],[108.151839,15.037298],[108.14966,15.033562],[108.153022,15.027671],[108.148982,15.022523],[108.152092,15.009262],[108.15141,15.003323],[108.150365,15.002483],[108.129532,15.007652],[108.123882,15.012833],[108.117806,15.026792],[108.106952,15.034994],[108.104525,15.044268],[108.100876,15.044588],[108.098506,15.046582],[108.094988,15.046262],[108.09258,15.04867],[108.090492,15.047259],[108.088987,15.048219],[108.091376,15.057361],[108.089034,15.061439],[108.092532,15.065965],[108.093801,15.079151],[108.097008,15.084294],[108.096356,15.088427],[108.099031,15.090758],[108.097488,15.092799],[108.097985,15.095611],[108.100934,15.096108],[108.103558,15.101509],[108.107433,15.103121],[108.110399,15.111179],[108.116674,15.116357],[108.115474,15.121141],[108.119248,15.126281],[108.116224,15.127792],[108.112092,15.133432],[108.106314,15.134386],[108.110561,15.139625],[108.108132,15.143757],[108.108582,15.150521],[108.110774,15.152587],[108.108205,15.156655],[108.112223,15.160417],[108.112365,15.172536],[108.115671,15.187433],[108.114196,15.19315],[108.099891,15.205535],[108.093713,15.218588],[108.094541,15.226381],[108.092802,15.229116],[108.094309,15.232347],[108.094918,15.245771],[108.097442,15.248648],[108.114519,15.247578],[108.116572,15.229542],[108.120919,15.224418],[108.119318,15.22243],[108.119901,15.220246],[108.123379,15.221972],[108.129388,15.216548],[108.131804,15.217822],[108.143325,15.214947],[108.145239,15.210383],[108.147609,15.21125],[108.150699,15.206791],[108.160282,15.202465],[108.15945,15.200096],[108.163666,15.198816],[108.169946,15.193258],[108.169141,15.188171],[108.177335,15.18617],[108.179173,15.182877],[108.188927,15.175424],[108.189189,15.172756],[108.194609,15.177636],[108.195467,15.181405],[108.198464,15.184491],[108.20486,15.186339]]]}},{"type":"Feature","properties":{"code":"20656","name":"Xã Nông Sơn","type":"Xã"},"geometry":{"type":"Polygon","coordinates":[[[108.04644,15.764751],[108.064379,15.763789],[108.068841,15.761231],[108.072366,15.753513],[108.069928,15.750671],[108.073459,15.748725],[108.07689,15.74131],[108.076351,15.736717],[108.077789,15.735964],[108.082012,15.736337],[108.09018,15.731839],[108.094834,15.732757],[108.096347,15.731474],[108.10593,15.73314],[108.112879,15.738023],[108.117474,15.739268],[108.126813,15.736145],[108.129975,15.739631],[108.13378,15.740021],[108.134067,15.736806],[108.139316,15.734992],[108.141972,15.728333],[108.146789,15.725446],[108.148187,15.72602],[108.149754,15.72246],[108.154311,15.720311],[108.159206,15.720891],[108.16792,15.714585],[108.167197,15.702463],[108.161255,15.695271],[108.158227,15.686128],[108.153178,15.685017],[108.145107,15.66986],[108.141972,15.666866],[108.137883,15.665761],[108.133982,15.659739],[108.130806,15.658795],[108.126719,15.654735],[108.121875,15.649619],[108.119598,15.644128],[108.109872,15.639845],[108.103227,15.644371],[108.095661,15.642301],[108.093702,15.643353],[108.093235,15.648684],[108.09808,15.655224],[108.097451,15.658653],[108.099737,15.661518],[108.098135,15.6658],[108.086216,15.67449],[108.078277,15.683496],[108.072094,15.685339],[108.067915,15.692938],[108.059617,15.693272],[108.049917,15.701193],[108.046881,15.701992],[108.024684,15.702328],[108.014333,15.723293],[108.006457,15.730793],[108.019535,15.745368],[108.021959,15.746083],[108.028061,15.74348],[108.03503,15.752093],[108.039386,15.754269],[108.04644,15.764751]]]}},{"type":"Feature","properties":{"code":"20965","name":"Xã Núi Thành","type":"Xã"},"geometry":{"type":"MultiPolygon","coordinates":[[[[108.692268,15.482532],[108.694187,15.473567],[108.694926,15.475846],[108.694333,15.472073],[108.696369,15.47164],[108.701662,15.458217],[108.698706,15.455855],[108.697405,15.452047],[108.697869,15.447864],[108.695866,15.443781],[108.697199,15.440151],[108.710965,15.424558],[108.736701,15.400677],[108.735328,15.401066],[108.734686,15.400994],[108.739287,15.398639],[108.720965,15.373856],[108.710158,15.370833],[108.701291,15.373175],[108.698527,15.369709],[108.695176,15.370184],[108.6919,15.368025],[108.68697,15.369198],[108.680264,15.366865],[108.679749,15.369575],[108.676487,15.369206],[108.671598,15.363825],[108.665382,15.366088],[108.661884,15.369948],[108.65956,15.366079],[108.655861,15.366399],[108.654849,15.37397],[108.658655,15.382216],[108.658111,15.384653],[108.654771,15.384656],[108.655582,15.388295],[108.658998,15.39065],[108.658911,15.394177],[108.654274,15.395801],[108.652142,15.403581],[108.652674,15.404818],[108.658426,15.40463],[108.660346,15.415879],[108.656794,15.416854],[108.6547,15.4211],[108.651549,15.421785],[108.648054,15.418027],[108.645424,15.41743],[108.643505,15.420403],[108.638497,15.420977],[108.638297,15.423988],[108.63425,15.424055],[108.62973,15.421095],[108.628948,15.422659],[108.625338,15.417526],[108.620686,15.41887],[108.622882,15.421113],[108.622392,15.42244],[108.617627,15.423273],[108.612482,15.427472],[108.606631,15.424062],[108.605594,15.419323],[108.596039,15.422842],[108.587679,15.419172],[108.592639,15.410468],[108.588386,15.404499],[108.581301,15.401401],[108.577467,15.397128],[108.571423,15.394863],[108.567756,15.397897],[108.562635,15.397317],[108.56126,15.398524],[108.560446,15.402297],[108.562328,15.409626],[108.566133,15.410404],[108.56644,15.414623],[108.57184,15.417561],[108.578645,15.417246],[108.577018,15.425194],[108.575563,15.426653],[108.571378,15.4265],[108.574843,15.427892],[108.572941,15.429944],[108.571536,15.429047],[108.569817,15.432495],[108.573278,15.43264],[108.573005,15.434347],[108.576001,15.432425],[108.576661,15.434841],[108.582847,15.432779],[108.585364,15.442229],[108.587854,15.444381],[108.587154,15.446281],[108.590731,15.448483],[108.594543,15.454355],[108.593894,15.455857],[108.59612,15.456189],[108.596841,15.45464],[108.596135,15.458146],[108.598391,15.459132],[108.600351,15.457729],[108.598225,15.457449],[108.598983,15.455873],[108.60148,15.455954],[108.601511,15.459804],[108.598454,15.460266],[108.597993,15.462094],[108.601445,15.467304],[108.605584,15.468819],[108.605048,15.471382],[108.601523,15.473756],[108.608772,15.483662],[108.613452,15.483471],[108.618038,15.478711],[108.627844,15.479459],[108.645997,15.475303],[108.661062,15.479335],[108.676846,15.472436],[108.682938,15.47484],[108.683762,15.478847],[108.680588,15.482054],[108.687956,15.486019],[108.692268,15.482532]]],[[[108.702825,15.459112],[108.703781,15.459897],[108.704383,15.458359],[108.702825,15.459112]]]]}},{"type":"Feature","properties":{"code":"20392","name":"Xã Phú Ninh","type":"Xã"},"geometry":{"type":"Polygon","coordinates":[[[108.426091,15.5473],[108.428212,15.546204],[108.428225,15.543652],[108.435714,15.541219],[108.43816,15.535754],[108.431527,15.527186],[108.431293,15.525191],[108.434749,15.521868],[108.440987,15.519215],[108.449307,15.525209],[108.453381,15.523762],[108.452393,15.526284],[108.454227,15.527492],[108.454993,15.531913],[108.465705,15.533766],[108.466407,15.532186],[108.472412,15.530402],[108.473808,15.525753],[108.475826,15.525832],[108.477033,15.522549],[108.476525,15.519101],[108.473144,15.517028],[108.47244,15.513345],[108.480388,15.508919],[108.480466,15.5067],[108.486428,15.507925],[108.487122,15.504865],[108.495937,15.501462],[108.497451,15.503731],[108.499499,15.503747],[108.499157,15.501947],[108.501218,15.502453],[108.500059,15.498404],[108.502047,15.502666],[108.503044,15.501248],[108.505826,15.50189],[108.505408,15.499217],[108.500303,15.497111],[108.504401,15.492841],[108.506489,15.493442],[108.506711,15.491146],[108.509358,15.490994],[108.510643,15.487031],[108.508369,15.488429],[108.504863,15.483972],[108.501634,15.487707],[108.497281,15.48977],[108.50079,15.487377],[108.498513,15.482863],[108.494633,15.484297],[108.484477,15.476257],[108.475674,15.479936],[108.470272,15.479754],[108.474208,15.477845],[108.472094,15.475885],[108.470881,15.476869],[108.46837,15.475551],[108.470563,15.475151],[108.470352,15.473212],[108.472509,15.473195],[108.471671,15.471656],[108.474047,15.470315],[108.473602,15.468888],[108.471081,15.469994],[108.469697,15.467786],[108.471849,15.467685],[108.469745,15.466388],[108.473071,15.465984],[108.470257,15.464303],[108.470538,15.462997],[108.472508,15.463127],[108.476812,15.459027],[108.476624,15.448321],[108.471072,15.452512],[108.469427,15.451024],[108.468095,15.456679],[108.464274,15.458846],[108.453776,15.457292],[108.434237,15.458412],[108.429835,15.455679],[108.427727,15.456393],[108.422507,15.454605],[108.42395,15.447953],[108.421746,15.442679],[108.423468,15.439093],[108.423226,15.432946],[108.432545,15.424587],[108.439513,15.414033],[108.443152,15.413481],[108.449353,15.416305],[108.455276,15.414243],[108.455166,15.411626],[108.460449,15.402745],[108.466286,15.399845],[108.456273,15.39524],[108.448041,15.396325],[108.444433,15.393424],[108.429568,15.393985],[108.423911,15.392235],[108.421701,15.394187],[108.418003,15.394345],[108.411778,15.39173],[108.407652,15.393581],[108.40226,15.391718],[108.39826,15.393434],[108.38688,15.392368],[108.381355,15.39443],[108.377697,15.401917],[108.377417,15.406341],[108.371274,15.414576],[108.374188,15.419992],[108.380278,15.42216],[108.375315,15.42549],[108.380972,15.429913],[108.380531,15.432662],[108.37455,15.434622],[108.376599,15.437096],[108.376842,15.440449],[108.380891,15.443556],[108.383998,15.449343],[108.386149,15.44987],[108.385761,15.45251],[108.38787,15.456949],[108.391528,15.461041],[108.392629,15.477978],[108.390133,15.482029],[108.390268,15.484953],[108.383109,15.490825],[108.383054,15.497914],[108.380285,15.499883],[108.381003,15.503945],[108.376907,15.505677],[108.37841,15.507638],[108.375976,15.50836],[108.378931,15.513152],[108.378706,15.518251],[108.388719,15.52279],[108.39084,15.526591],[108.394283,15.527304],[108.39475,15.53267],[108.408915,15.531168],[108.414508,15.534099],[108.419713,15.54061],[108.421062,15.543795],[108.420486,15.548678],[108.424441,15.551531],[108.426091,15.5473]]]}},{"type":"Feature","properties":{"code":"20542","name":"Xã Phú Thuận","type":"Xã"},"geometry":{"type":"Polygon","coordinates":[[[108.048891,15.845229],[108.050805,15.842812],[108.056091,15.84182],[108.05541,15.83904],[108.061009,15.838656],[108.072095,15.841729],[108.072825,15.840361],[108.081123,15.84073],[108.082134,15.833997],[108.089263,15.838924],[108.094135,15.836562],[108.099418,15.836435],[108.100857,15.833725],[108.105165,15.833882],[108.094516,15.825],[108.084881,15.824112],[108.074097,15.817981],[108.071531,15.815354],[108.067228,15.803226],[108.059862,15.792442],[108.042698,15.781489],[108.039946,15.773937],[108.046637,15.764927],[108.03776,15.752611],[108.03503,15.752093],[108.028061,15.74348],[108.021959,15.746083],[108.019535,15.745368],[108.006457,15.730793],[108.002834,15.733088],[107.998126,15.731674],[107.993998,15.727716],[107.989066,15.72825],[107.988032,15.725409],[107.969668,15.72508],[107.966968,15.720881],[107.963582,15.719921],[107.960742,15.724907],[107.957803,15.725848],[107.954878,15.730141],[107.947113,15.725233],[107.928645,15.730245],[107.930921,15.732647],[107.928365,15.735844],[107.931156,15.73997],[107.930545,15.741975],[107.933277,15.74325],[107.934161,15.74579],[107.936602,15.746234],[107.936337,15.748642],[107.933787,15.750904],[107.93545,15.751569],[107.935199,15.75491],[107.936654,15.75522],[107.935303,15.758378],[107.936444,15.760543],[107.935423,15.767054],[107.937399,15.775458],[107.941848,15.778566],[107.943135,15.782407],[107.943091,15.786899],[107.94045,15.791826],[107.945899,15.795824],[107.953431,15.797185],[107.959581,15.800717],[107.977984,15.815361],[107.990304,15.815974],[108.014408,15.842082],[108.016052,15.84105],[108.020437,15.842321],[108.025475,15.837979],[108.030665,15.837045],[108.039121,15.841312],[108.039409,15.845267],[108.042206,15.844622],[108.042613,15.84652],[108.048891,15.845229]]]}},{"type":"Feature","properties":{"code":"20740","name":"Xã Phước Chánh","type":"Xã"},"geometry":{"type":"Polygon","coordinates":[[[107.819851,15.426424],[107.827214,15.401643],[107.835076,15.395628],[107.837456,15.391333],[107.833631,15.384428],[107.835932,15.373135],[107.852474,15.358002],[107.850555,15.353523],[107.843674,15.35344],[107.842303,15.348989],[107.836396,15.349141],[107.833741,15.347029],[107.830385,15.340744],[107.836375,15.335154],[107.833884,15.332356],[107.834104,15.326299],[107.830892,15.320801],[107.826098,15.321123],[107.825163,15.318371],[107.822338,15.319271],[107.8185,15.316951],[107.816933,15.313492],[107.819374,15.296555],[107.810784,15.289251],[107.811059,15.284011],[107.808808,15.281516],[107.803434,15.284122],[107.800216,15.28324],[107.799786,15.271811],[107.796356,15.267726],[107.797095,15.262521],[107.801256,15.253211],[107.804106,15.251759],[107.804262,15.246785],[107.808809,15.242589],[107.811158,15.233025],[107.816806,15.227267],[107.815194,15.224123],[107.816088,15.219925],[107.821361,15.217097],[107.820923,15.215328],[107.818139,15.216122],[107.815215,15.213187],[107.812208,15.213569],[107.808961,15.211807],[107.788699,15.219171],[107.780657,15.219062],[107.774475,15.223397],[107.771534,15.230029],[107.774306,15.235878],[107.772018,15.246212],[107.768242,15.25027],[107.764981,15.250595],[107.764867,15.252479],[107.761625,15.253662],[107.759606,15.257436],[107.764738,15.271172],[107.761479,15.276713],[107.761955,15.278711],[107.763905,15.281632],[107.76864,15.28272],[107.771951,15.297408],[107.774865,15.302943],[107.779502,15.306143],[107.779969,15.311743],[107.775008,15.324617],[107.777765,15.330086],[107.776943,15.33726],[107.77941,15.340544],[107.782386,15.339947],[107.789657,15.347267],[107.788318,15.351403],[107.790512,15.353581],[107.790223,15.357685],[107.794163,15.365057],[107.790424,15.374241],[107.791484,15.381761],[107.784815,15.389852],[107.786004,15.392843],[107.792141,15.396366],[107.790103,15.398655],[107.792841,15.406398],[107.787883,15.411047],[107.791574,15.411131],[107.795308,15.413919],[107.792864,15.417093],[107.789199,15.417634],[107.788442,15.422792],[107.802747,15.430051],[107.809662,15.425481],[107.813102,15.427358],[107.815381,15.425494],[107.819658,15.431839],[107.819851,15.426424]]]}},{"type":"Feature","properties":{"code":"20728","name":"Xã Phước Hiệp","type":"Xã"},"geometry":{"type":"Polygon","coordinates":[[[107.835392,15.56992],[107.836489,15.567984],[107.842791,15.565142],[107.845335,15.560445],[107.859801,15.55784],[107.85644,15.555478],[107.854228,15.549163],[107.861958,15.544916],[107.861908,15.540885],[107.864482,15.538453],[107.872045,15.538182],[107.873232,15.541383],[107.878459,15.542764],[107.878667,15.545783],[107.88718,15.548652],[107.889403,15.547317],[107.894488,15.547869],[107.900877,15.545111],[107.905711,15.540436],[107.905037,15.536671],[107.911641,15.542237],[107.915428,15.541788],[107.918317,15.546352],[107.916317,15.551044],[107.919584,15.551993],[107.920056,15.55537],[107.932212,15.56232],[107.939144,15.561663],[107.94432,15.563735],[107.948598,15.562798],[107.952121,15.556684],[107.966397,15.553506],[107.975553,15.538682],[107.978112,15.538504],[107.983121,15.533621],[107.991253,15.532517],[107.993553,15.528063],[107.990882,15.517915],[107.993095,15.513362],[107.994447,15.513824],[107.995288,15.508571],[108.00169,15.505119],[108.003436,15.500499],[108.00218,15.497612],[108.00399,15.496382],[108.003102,15.494086],[107.995798,15.492237],[107.992665,15.486992],[107.988694,15.485956],[107.992178,15.47518],[107.991315,15.470295],[107.995791,15.467756],[107.999099,15.461327],[108.006353,15.455099],[108.005022,15.452442],[108.008253,15.444452],[108.015232,15.43871],[108.015868,15.427143],[108.022939,15.423046],[108.022187,15.418996],[108.018812,15.41832],[108.01742,15.416423],[108.018063,15.407149],[108.021445,15.397955],[108.017875,15.392352],[108.011637,15.391473],[108.013969,15.38336],[108.019334,15.379602],[108.018072,15.373976],[108.005189,15.372699],[108.000027,15.370328],[107.996525,15.370853],[107.991879,15.367725],[107.987244,15.367009],[107.965362,15.368528],[107.952586,15.367055],[107.949913,15.368188],[107.946307,15.374473],[107.93961,15.377119],[107.940104,15.386871],[107.938703,15.388891],[107.934617,15.389346],[107.931854,15.387926],[107.926506,15.390376],[107.918583,15.385553],[107.910645,15.386616],[107.903983,15.393569],[107.899634,15.394942],[107.899017,15.396967],[107.889688,15.398813],[107.881386,15.398448],[107.874878,15.405214],[107.866434,15.4096],[107.859886,15.407521],[107.851383,15.409438],[107.846064,15.413174],[107.844438,15.416237],[107.840142,15.416951],[107.838687,15.419178],[107.83155,15.421901],[107.825885,15.42973],[107.819916,15.434193],[107.823014,15.436978],[107.831401,15.439767],[107.833515,15.442235],[107.834342,15.444482],[107.831635,15.446962],[107.83227,15.452828],[107.829434,15.455612],[107.829324,15.461262],[107.836764,15.46177],[107.842874,15.471481],[107.843913,15.478225],[107.843515,15.480835],[107.817374,15.498241],[107.818309,15.507902],[107.812964,15.5135],[107.817505,15.517608],[107.819167,15.526742],[107.823152,15.533171],[107.822536,15.535486],[107.828891,15.554192],[107.822888,15.559761],[107.82253,15.566788],[107.824658,15.568985],[107.835392,15.56992]]]}},{"type":"Feature","properties":{"code":"20734","name":"Xã Phước Năng","type":"Xã"},"geometry":{"type":"Polygon","coordinates":[[[107.706062,15.508149],[107.711337,15.505551],[107.71528,15.505591],[107.720291,15.497122],[107.730943,15.489903],[107.732217,15.487188],[107.737528,15.487433],[107.740919,15.489857],[107.744228,15.487906],[107.748906,15.489103],[107.758109,15.480722],[107.761923,15.478839],[107.766648,15.479191],[107.768442,15.473632],[107.765634,15.471707],[107.772529,15.452788],[107.774639,15.453149],[107.779823,15.450352],[107.780833,15.444484],[107.776961,15.433304],[107.778325,15.427499],[107.780902,15.424935],[107.781076,15.422474],[107.788161,15.421234],[107.789578,15.417242],[107.792864,15.417093],[107.795308,15.414075],[107.791574,15.411131],[107.787883,15.411047],[107.792841,15.406398],[107.790103,15.398655],[107.792141,15.396366],[107.786004,15.392843],[107.784799,15.390209],[107.791484,15.381761],[107.790424,15.374241],[107.794163,15.365057],[107.790223,15.357685],[107.790512,15.353581],[107.788318,15.351403],[107.789657,15.347267],[107.782386,15.339947],[107.77941,15.340544],[107.776723,15.336487],[107.777765,15.330086],[107.775008,15.324617],[107.779969,15.311743],[107.779372,15.305722],[107.774865,15.302943],[107.771951,15.297408],[107.768671,15.282769],[107.763905,15.281632],[107.761475,15.276746],[107.764738,15.271172],[107.759611,15.257292],[107.761625,15.253662],[107.764867,15.252479],[107.764981,15.250595],[107.768242,15.25027],[107.772018,15.246212],[107.774306,15.235878],[107.771822,15.230826],[107.76834,15.233262],[107.755346,15.236763],[107.747194,15.229827],[107.738006,15.229032],[107.73374,15.231745],[107.733865,15.234747],[107.735193,15.235473],[107.736618,15.233376],[107.739117,15.237424],[107.737159,15.237735],[107.735295,15.241427],[107.734951,15.250225],[107.734139,15.252969],[107.732189,15.253671],[107.732073,15.261434],[107.729805,15.262743],[107.729212,15.267128],[107.726969,15.268064],[107.73027,15.27049],[107.728586,15.286474],[107.727057,15.288586],[107.730037,15.295853],[107.727766,15.302983],[107.731261,15.305158],[107.730875,15.307342],[107.723972,15.307951],[107.720467,15.305528],[107.713993,15.305571],[107.707896,15.30298],[107.701339,15.311773],[107.692884,15.317494],[107.691639,15.324796],[107.686543,15.326681],[107.6791,15.334542],[107.679222,15.339951],[107.676816,15.344021],[107.674313,15.343122],[107.66892,15.345538],[107.668652,15.34835],[107.662831,15.35466],[107.664047,15.365633],[107.659459,15.372963],[107.661402,15.37876],[107.661843,15.390347],[107.668526,15.398677],[107.66913,15.40525],[107.667759,15.407282],[107.670456,15.407548],[107.676516,15.415968],[107.678348,15.416221],[107.677338,15.418435],[107.679567,15.421439],[107.677385,15.428492],[107.678509,15.432012],[107.676986,15.433137],[107.681559,15.443229],[107.681762,15.453538],[107.690959,15.463541],[107.694408,15.461954],[107.695906,15.46528],[107.693608,15.467888],[107.69899,15.470805],[107.699638,15.473755],[107.701874,15.473863],[107.704039,15.479094],[107.706728,15.480302],[107.705479,15.483511],[107.702035,15.483423],[107.696066,15.488438],[107.697863,15.491583],[107.703116,15.493692],[107.701455,15.498447],[107.702399,15.501249],[107.705234,15.502902],[107.702931,15.506548],[107.704535,15.510508],[107.706062,15.508149]]]}},{"type":"Feature","properties":{"code":"20752","name":"Xã Phước Thành","type":"Xã"},"geometry":{"type":"Polygon","coordinates":[[[107.83155,15.421901],[107.844438,15.416237],[107.846064,15.413174],[107.851626,15.409345],[107.859886,15.407521],[107.866434,15.4096],[107.874878,15.405214],[107.881386,15.398448],[107.889688,15.398813],[107.899017,15.396967],[107.899634,15.394942],[107.903983,15.393569],[107.906888,15.389536],[107.913255,15.385794],[107.919196,15.385715],[107.926506,15.390376],[107.931854,15.387926],[107.934617,15.389346],[107.938703,15.388891],[107.940104,15.386871],[107.93961,15.377119],[107.946419,15.374386],[107.950061,15.368075],[107.954749,15.366984],[107.952188,15.353013],[107.955544,15.348033],[107.952955,15.34217],[107.963477,15.328712],[107.964584,15.323458],[107.959423,15.319885],[107.957216,15.315269],[107.944994,15.308097],[107.948174,15.298134],[107.940507,15.291871],[107.938429,15.287433],[107.942266,15.281935],[107.941559,15.276593],[107.943247,15.276217],[107.946835,15.268772],[107.947696,15.257255],[107.941241,15.255362],[107.940899,15.246456],[107.934408,15.241784],[107.935408,15.23827],[107.934306,15.233697],[107.93688,15.231962],[107.927008,15.218131],[107.928872,15.213544],[107.928081,15.209769],[107.91443,15.211948],[107.911325,15.206825],[107.899499,15.204941],[107.892782,15.194924],[107.889833,15.193787],[107.880078,15.197145],[107.878622,15.202814],[107.872257,15.210289],[107.861571,15.210591],[107.857335,15.20906],[107.854716,15.210284],[107.847729,15.206774],[107.84036,15.208874],[107.837524,15.207154],[107.829961,15.208532],[107.822068,15.213994],[107.820768,15.217869],[107.816088,15.219925],[107.815194,15.224123],[107.816806,15.227267],[107.811158,15.233025],[107.808809,15.242589],[107.804262,15.246785],[107.804106,15.251759],[107.801256,15.253211],[107.797016,15.262791],[107.796356,15.267726],[107.799786,15.271811],[107.800436,15.283794],[107.803434,15.284122],[107.808808,15.281516],[107.811059,15.284011],[107.810784,15.289251],[107.819374,15.296555],[107.816853,15.312417],[107.818237,15.3166],[107.822576,15.319364],[107.825294,15.318446],[107.826098,15.321123],[107.830892,15.320801],[107.834222,15.326545],[107.833884,15.332356],[107.836375,15.335154],[107.830696,15.339493],[107.830763,15.342194],[107.835671,15.348876],[107.84216,15.348912],[107.843674,15.35344],[107.850555,15.353523],[107.852413,15.357681],[107.835932,15.373135],[107.833631,15.384428],[107.837456,15.391333],[107.835076,15.395628],[107.828812,15.399615],[107.826784,15.402652],[107.820126,15.425132],[107.819916,15.434193],[107.825885,15.42973],[107.83155,15.421901]]]}},{"type":"Feature","properties":{"code":"20770","name":"Xã Phước Trà","type":"Xã"},"geometry":{"type":"Polygon","coordinates":[[[107.995494,15.568175],[107.987504,15.562745],[107.984989,15.557891],[107.984985,15.554018],[107.99133,15.551664],[107.991401,15.547169],[108.000436,15.548097],[108.0117,15.552823],[108.013484,15.545834],[108.023378,15.548617],[108.02452,15.542265],[108.030232,15.542498],[108.030668,15.546434],[108.035939,15.546641],[108.037362,15.548151],[108.036696,15.550491],[108.042372,15.554424],[108.045535,15.554352],[108.045574,15.558056],[108.049998,15.55864],[108.051498,15.556844],[108.04843,15.555442],[108.051019,15.554773],[108.050288,15.553165],[108.053186,15.551796],[108.052017,15.549454],[108.057584,15.545219],[108.057654,15.542204],[108.059051,15.542351],[108.059215,15.544648],[108.060124,15.543155],[108.062539,15.543598],[108.061443,15.540364],[108.064442,15.540384],[108.061289,15.53517],[108.065267,15.530353],[108.06453,15.528693],[108.066597,15.528689],[108.067012,15.525119],[108.079736,15.518618],[108.085464,15.517456],[108.1032,15.502308],[108.113757,15.501457],[108.117698,15.498186],[108.13296,15.501534],[108.132136,15.49649],[108.127253,15.490889],[108.126811,15.487732],[108.12982,15.484163],[108.136612,15.486229],[108.151077,15.474525],[108.147962,15.462557],[108.14842,15.449046],[108.139036,15.441286],[108.134412,15.439697],[108.134652,15.434299],[108.124693,15.429669],[108.123598,15.427447],[108.115466,15.434176],[108.107848,15.432093],[108.102544,15.425426],[108.10316,15.423194],[108.101201,15.419214],[108.09667,15.418265],[108.095709,15.41603],[108.094941,15.410514],[108.099123,15.402106],[108.086506,15.392139],[108.071592,15.395373],[108.063576,15.403764],[108.057786,15.407015],[108.052326,15.404284],[108.044946,15.404362],[108.037762,15.410039],[108.033036,15.410765],[108.029789,15.416441],[108.025669,15.416596],[108.022663,15.423423],[108.015868,15.427143],[108.015232,15.43871],[108.008253,15.444452],[108.005022,15.452442],[108.006353,15.455099],[107.999099,15.461327],[107.995791,15.467756],[107.991329,15.47025],[107.992178,15.47518],[107.988694,15.485956],[107.992665,15.486992],[107.995798,15.492237],[108.003102,15.494086],[108.00399,15.496382],[108.00216,15.497731],[108.003436,15.500499],[108.001567,15.505305],[107.995288,15.508571],[107.994447,15.513824],[107.993095,15.513362],[107.990882,15.517915],[107.993553,15.528063],[107.991253,15.532517],[107.983121,15.533621],[107.978112,15.538504],[107.975553,15.538682],[107.966397,15.553506],[107.972332,15.558762],[107.975706,15.566204],[107.981342,15.567718],[107.98581,15.571728],[107.994328,15.574887],[107.995494,15.568175]]]}},{"type":"Feature","properties":{"code":"20669","name":"Xã Quế Phước","type":"Xã"},"geometry":{"type":"Polygon","coordinates":[[[107.896698,15.745903],[107.909226,15.74055],[107.920297,15.7414],[107.920723,15.739727],[107.922196,15.74006],[107.930888,15.732963],[107.928645,15.730245],[107.941119,15.72594],[107.947489,15.725265],[107.954878,15.730141],[107.957803,15.725848],[107.960742,15.724907],[107.963582,15.719921],[107.966968,15.720881],[107.969668,15.72508],[107.988032,15.725409],[107.989066,15.72825],[107.993998,15.727716],[107.998126,15.731674],[108.002941,15.733084],[108.014333,15.723293],[108.024684,15.702328],[108.046881,15.701992],[108.049917,15.701193],[108.059617,15.693272],[108.067915,15.692938],[108.072094,15.685339],[108.078277,15.683496],[108.086216,15.67449],[108.098135,15.6658],[108.099737,15.661518],[108.097451,15.658653],[108.098241,15.655606],[108.093211,15.64854],[108.092876,15.644489],[108.095661,15.642301],[108.094926,15.64024],[108.086342,15.636241],[108.086013,15.634594],[108.079882,15.635643],[108.076558,15.632469],[108.071908,15.63121],[108.070559,15.628508],[108.068582,15.629282],[108.060927,15.626212],[108.054942,15.626245],[108.050839,15.620944],[108.04502,15.621489],[108.038649,15.619837],[108.032236,15.615461],[108.026,15.616839],[108.023795,15.611982],[108.016632,15.607859],[108.014004,15.608493],[108.005792,15.606257],[108.004727,15.603553],[107.9983,15.598911],[107.993849,15.593241],[107.981199,15.58681],[107.974209,15.573883],[107.9672,15.568133],[107.959863,15.563539],[107.953554,15.564538],[107.947756,15.562714],[107.943856,15.563731],[107.939144,15.561663],[107.932212,15.56232],[107.919637,15.555041],[107.919424,15.551842],[107.916967,15.552009],[107.918282,15.54603],[107.915428,15.541788],[107.911641,15.542237],[107.905037,15.536671],[107.905711,15.540436],[107.900877,15.545111],[107.894488,15.547869],[107.889403,15.547317],[107.88718,15.548652],[107.878667,15.545783],[107.878459,15.542764],[107.873232,15.541383],[107.871782,15.538066],[107.864237,15.538547],[107.861908,15.540885],[107.861958,15.544916],[107.854228,15.549163],[107.85644,15.555478],[107.859801,15.55784],[107.853574,15.564081],[107.854287,15.567542],[107.852344,15.575199],[107.85459,15.578543],[107.857341,15.57822],[107.861439,15.580915],[107.867677,15.579488],[107.867243,15.590695],[107.864819,15.592105],[107.864891,15.594668],[107.866826,15.597749],[107.869976,15.598817],[107.87086,15.607365],[107.873011,15.609204],[107.875101,15.608818],[107.882829,15.616829],[107.885263,15.623979],[107.882355,15.631294],[107.877357,15.635747],[107.878694,15.640952],[107.873462,15.644082],[107.874926,15.649039],[107.867246,15.649265],[107.861942,15.657815],[107.85545,15.660462],[107.848232,15.673587],[107.837404,15.682671],[107.837929,15.687462],[107.85341,15.689358],[107.855223,15.692505],[107.861105,15.69646],[107.86557,15.695384],[107.866435,15.69788],[107.869405,15.698193],[107.871812,15.702627],[107.878621,15.703288],[107.879671,15.704794],[107.878568,15.711615],[107.883748,15.714507],[107.883225,15.718582],[107.885059,15.723211],[107.883909,15.725921],[107.887967,15.732386],[107.885729,15.739344],[107.89613,15.743252],[107.896698,15.745903]]]}},{"type":"Feature","properties":{"code":"20641","name":"Xã Quế Sơn","type":"Xã"},"geometry":{"type":"Polygon","coordinates":[[[108.16783,15.714447],[108.174628,15.712303],[108.178277,15.713364],[108.180954,15.711203],[108.191684,15.708524],[108.194974,15.705829],[108.197368,15.699768],[108.202629,15.697386],[108.213259,15.702683],[108.216326,15.700435],[108.223131,15.699066],[108.233086,15.700442],[108.234178,15.702637],[108.238185,15.700314],[108.238146,15.689753],[108.240489,15.687074],[108.23623,15.681831],[108.23738,15.678847],[108.238974,15.680047],[108.241955,15.679019],[108.239966,15.675067],[108.239894,15.671727],[108.241346,15.671561],[108.240071,15.66832],[108.246112,15.6649],[108.249856,15.648507],[108.248185,15.645942],[108.239911,15.644882],[108.239566,15.641881],[108.242328,15.639404],[108.236182,15.63935],[108.233852,15.635121],[108.228528,15.632693],[108.227036,15.624888],[108.224473,15.62666],[108.220109,15.62288],[108.209044,15.620739],[108.191873,15.6238],[108.183482,15.620445],[108.178945,15.621712],[108.177155,15.619878],[108.173508,15.62043],[108.170288,15.623278],[108.163905,15.62322],[108.161603,15.62259],[108.159977,15.619303],[108.155578,15.619683],[108.15327,15.623011],[108.147908,15.626193],[108.14595,15.625243],[108.143523,15.627997],[108.141138,15.628213],[108.139028,15.631769],[108.13113,15.636844],[108.130561,15.64051],[108.127155,15.643103],[108.122263,15.642476],[108.119598,15.644128],[108.121875,15.649619],[108.126719,15.654735],[108.130806,15.658795],[108.133982,15.659739],[108.137883,15.665761],[108.141972,15.666866],[108.145107,15.66986],[108.153178,15.685017],[108.158227,15.686128],[108.161255,15.695271],[108.167197,15.702463],[108.16783,15.714447]]]}},{"type":"Feature","properties":{"code":"20662","name":"Xã Quế Sơn Trung","type":"Xã"},"geometry":{"type":"Polygon","coordinates":[[[108.265217,15.662298],[108.260309,15.659512],[108.261692,15.656814],[108.2605,15.654908],[108.249652,15.649178],[108.246112,15.6649],[108.240071,15.66832],[108.241346,15.671561],[108.239894,15.671727],[108.239966,15.675067],[108.241955,15.679019],[108.238974,15.680047],[108.23738,15.678847],[108.23623,15.681831],[108.240489,15.687074],[108.238146,15.689753],[108.238185,15.700314],[108.234178,15.702637],[108.233086,15.700442],[108.223131,15.699066],[108.216326,15.700435],[108.213372,15.702691],[108.208792,15.699582],[108.206678,15.700386],[108.201348,15.69779],[108.197368,15.699768],[108.194974,15.705829],[108.191684,15.708524],[108.180954,15.711203],[108.178382,15.713338],[108.174628,15.712303],[108.16792,15.714585],[108.16926,15.71961],[108.171641,15.722109],[108.172162,15.726907],[108.180354,15.735758],[108.182741,15.736026],[108.183729,15.73378],[108.188934,15.734562],[108.192935,15.738363],[108.192657,15.74445],[108.194925,15.74675],[108.203159,15.746301],[108.211004,15.738345],[108.219333,15.738663],[108.228678,15.743298],[108.243793,15.754695],[108.251813,15.756083],[108.255791,15.761576],[108.260384,15.763411],[108.261029,15.76583],[108.268086,15.758026],[108.269481,15.753895],[108.273536,15.752674],[108.280879,15.755108],[108.289053,15.754959],[108.291585,15.757197],[108.289764,15.759348],[108.30736,15.76739],[108.312125,15.766135],[108.318698,15.768202],[108.318629,15.766927],[108.325786,15.773123],[108.331993,15.77301],[108.335958,15.766491],[108.336374,15.759856],[108.330231,15.748566],[108.331037,15.745181],[108.328798,15.738603],[108.326331,15.736896],[108.323135,15.730396],[108.324253,15.71625],[108.319929,15.71108],[108.317768,15.699875],[108.312101,15.699294],[108.307172,15.693757],[108.298174,15.698213],[108.29893,15.699863],[108.297655,15.704092],[108.296662,15.700964],[108.286992,15.702557],[108.27534,15.697476],[108.275853,15.690474],[108.279395,15.689022],[108.27963,15.684824],[108.28396,15.684102],[108.287161,15.686167],[108.288458,15.681948],[108.283619,15.676997],[108.276775,15.673755],[108.26857,15.667243],[108.265217,15.662298]]]}},{"type":"Feature","properties":{"code":"20476","name":"Xã Sông Kôn","type":"Xã"},"geometry":{"type":"Polygon","coordinates":[[[107.793416,16.063254],[107.801353,16.060604],[107.808849,16.052999],[107.816267,16.054037],[107.818753,16.047018],[107.819284,16.038948],[107.827722,16.038772],[107.828252,16.03183],[107.831318,16.022977],[107.837093,16.019922],[107.846627,16.008472],[107.854049,16.00811],[107.854052,15.99964],[107.860195,15.993368],[107.858265,15.984567],[107.854885,15.980458],[107.858842,15.974904],[107.855864,15.970324],[107.855953,15.965861],[107.858129,15.962999],[107.855234,15.958136],[107.859287,15.9582],[107.861617,15.953673],[107.863766,15.953018],[107.865564,15.944061],[107.867824,15.941686],[107.867666,15.935891],[107.865087,15.934541],[107.859356,15.937393],[107.852236,15.934172],[107.839819,15.937967],[107.836297,15.935366],[107.831089,15.93568],[107.824579,15.933435],[107.818181,15.91987],[107.807872,15.915498],[107.800667,15.907788],[107.794653,15.909236],[107.790717,15.902757],[107.781591,15.902186],[107.778637,15.899141],[107.771438,15.897771],[107.761492,15.88815],[107.758605,15.889348],[107.756472,15.887225],[107.7522,15.886691],[107.747299,15.894462],[107.747092,15.898422],[107.741111,15.901602],[107.73387,15.903532],[107.73279,15.905574],[107.72891,15.906897],[107.718536,15.90451],[107.715442,15.917506],[107.719044,15.924269],[107.711809,15.930395],[107.710315,15.937394],[107.712233,15.941679],[107.708817,15.953421],[107.713193,15.962187],[107.717505,15.965139],[107.719675,15.969599],[107.716859,15.974616],[107.726157,15.978223],[107.729144,15.984847],[107.732868,15.986383],[107.735396,15.985409],[107.738936,15.990036],[107.737057,15.993991],[107.727691,15.998532],[107.724591,16.008164],[107.728188,16.018705],[107.725657,16.027862],[107.726667,16.030559],[107.729969,16.031622],[107.738751,16.0393],[107.741137,16.038897],[107.747764,16.04267],[107.757291,16.043407],[107.761471,16.049494],[107.769864,16.051408],[107.770661,16.055608],[107.775171,16.060066],[107.7739,16.066911],[107.781553,16.06237],[107.788164,16.068156],[107.793416,16.063254]]]}},{"type":"Feature","properties":{"code":"20485","name":"Xã Sông Vàng","type":"Xã"},"geometry":{"type":"Polygon","coordinates":[[[107.959974,16.064684],[107.961563,16.059979],[107.958463,16.048285],[107.958063,16.036913],[107.961468,16.032022],[107.968448,16.028053],[107.970488,16.019638],[107.977598,16.014008],[107.983613,16.011876],[107.981298,16.005911],[107.9823,16.00301],[107.980771,15.999977],[107.981873,15.996674],[107.980534,15.993512],[107.981041,15.988691],[107.97583,15.985049],[107.971532,15.97874],[107.95652,15.96857],[107.955075,15.965719],[107.956404,15.963956],[107.955802,15.958452],[107.952886,15.957608],[107.949139,15.949655],[107.963175,15.934295],[107.984074,15.9193],[107.980933,15.918192],[107.976389,15.919057],[107.96749,15.926101],[107.960631,15.921958],[107.95362,15.922526],[107.940214,15.91797],[107.931711,15.922825],[107.932455,15.916482],[107.930899,15.915819],[107.930499,15.913019],[107.925479,15.911462],[107.921235,15.912756],[107.913725,15.910674],[107.896499,15.918503],[107.889396,15.927851],[107.885113,15.930751],[107.880426,15.930417],[107.879404,15.931841],[107.875909,15.930557],[107.86801,15.932525],[107.867824,15.941686],[107.865564,15.944061],[107.863766,15.953018],[107.861617,15.953673],[107.859287,15.9582],[107.855234,15.958136],[107.858129,15.962999],[107.855953,15.965861],[107.855864,15.970324],[107.858842,15.974904],[107.854885,15.980458],[107.858265,15.984567],[107.860052,15.994399],[107.854052,15.99964],[107.854049,16.00811],[107.846627,16.008472],[107.837093,16.019922],[107.831318,16.022977],[107.828252,16.03183],[107.827722,16.038772],[107.819284,16.038948],[107.816735,16.05524],[107.82345,16.055981],[107.831825,16.054492],[107.839929,16.060396],[107.847189,16.060611],[107.850097,16.058833],[107.852536,16.061403],[107.856216,16.060399],[107.862735,16.061915],[107.865307,16.05898],[107.867685,16.059374],[107.871764,16.05401],[107.875633,16.051729],[107.880947,16.051501],[107.886372,16.047204],[107.89232,16.047622],[107.893103,16.040141],[107.896845,16.039574],[107.901526,16.033449],[107.917564,16.046111],[107.943554,16.059447],[107.959974,16.064684]]]}},{"type":"Feature","properties":{"code":"20857","name":"Xã Sơn Cẩm Hà","type":"Xã"},"geometry":{"type":"Polygon","coordinates":[[[108.294783,15.602386],[108.296128,15.593913],[108.295028,15.58801],[108.296354,15.585944],[108.301313,15.583343],[108.309447,15.588739],[108.312395,15.588582],[108.315083,15.585959],[108.324282,15.585047],[108.32495,15.582165],[108.328017,15.581459],[108.330413,15.576784],[108.32096,15.567073],[108.317637,15.566636],[108.322753,15.562674],[108.323054,15.552811],[108.319872,15.549225],[108.320803,15.546341],[108.309091,15.54084],[108.307065,15.537048],[108.302574,15.533601],[108.303136,15.529188],[108.304833,15.528256],[108.302015,15.524472],[108.303355,15.520672],[108.301418,15.517699],[108.302423,15.513306],[108.307556,15.508923],[108.306758,15.505185],[108.301933,15.506378],[108.295665,15.504299],[108.292356,15.504781],[108.290999,15.496304],[108.287954,15.497149],[108.286551,15.496328],[108.286864,15.494176],[108.281781,15.495825],[108.272561,15.490927],[108.274997,15.487445],[108.277029,15.477808],[108.267604,15.476699],[108.259394,15.471964],[108.249113,15.47653],[108.245499,15.482787],[108.243982,15.484074],[108.241216,15.483462],[108.240556,15.487172],[108.237854,15.490397],[108.231435,15.493717],[108.227645,15.492531],[108.217276,15.49876],[108.218771,15.502136],[108.214746,15.507162],[108.216958,15.510129],[108.212596,15.526268],[108.210548,15.527532],[108.209321,15.526011],[108.208396,15.530681],[108.205067,15.528947],[108.201237,15.533644],[108.203714,15.535841],[108.201665,15.54348],[108.205607,15.544818],[108.206096,15.547673],[108.20465,15.549236],[108.207077,15.551327],[108.204331,15.554193],[108.204509,15.555955],[108.211864,15.557924],[108.21646,15.561483],[108.221314,15.56173],[108.21966,15.565362],[108.216731,15.565592],[108.217693,15.573096],[108.223637,15.572149],[108.232761,15.578228],[108.236196,15.577422],[108.236512,15.581235],[108.245541,15.587997],[108.261062,15.590938],[108.273072,15.598103],[108.277328,15.598667],[108.278902,15.601485],[108.292337,15.603774],[108.294783,15.602386]]]}},{"type":"Feature","properties":{"code":"20984","name":"Xã Tam Anh","type":"Xã"},"geometry":{"type":"Polygon","coordinates":[[[108.571846,15.532423],[108.588767,15.522399],[108.590262,15.518398],[108.593532,15.517023],[108.597688,15.522116],[108.596275,15.524451],[108.604166,15.529967],[108.618856,15.514074],[108.639745,15.501954],[108.634035,15.486892],[108.630997,15.487419],[108.627898,15.482388],[108.627844,15.479459],[108.618038,15.478711],[108.611428,15.484321],[108.606508,15.481779],[108.604704,15.476536],[108.601523,15.473756],[108.605048,15.471382],[108.605656,15.468969],[108.601131,15.467022],[108.597912,15.461707],[108.598618,15.460162],[108.601511,15.459804],[108.601562,15.456104],[108.598983,15.455873],[108.598225,15.457449],[108.600351,15.457729],[108.598391,15.459132],[108.596135,15.458146],[108.596841,15.45464],[108.59612,15.456189],[108.593894,15.455857],[108.594543,15.454355],[108.590731,15.448483],[108.587154,15.446281],[108.587854,15.444381],[108.585407,15.442326],[108.582932,15.434578],[108.581731,15.43677],[108.58047,15.435809],[108.581777,15.433832],[108.571842,15.444518],[108.56795,15.445485],[108.561633,15.454807],[108.550088,15.467317],[108.542867,15.472435],[108.537922,15.472835],[108.536174,15.475685],[108.538182,15.480357],[108.532726,15.48341],[108.535843,15.490995],[108.535376,15.493691],[108.539192,15.497203],[108.537534,15.497813],[108.539062,15.501147],[108.536565,15.502615],[108.538099,15.503419],[108.536141,15.507718],[108.539082,15.509696],[108.537846,15.511495],[108.54016,15.514356],[108.542008,15.513719],[108.543564,15.51553],[108.542979,15.524201],[108.553009,15.523953],[108.55915,15.527905],[108.568347,15.529073],[108.571846,15.532423]]]}},{"type":"Feature","properties":{"code":"20992","name":"Xã Tam Hải","type":"Xã"},"geometry":{"type":"MultiPolygon","coordinates":[[[[108.679116,15.51151],[108.682398,15.506003],[108.681645,15.504951],[108.679029,15.505968],[108.677485,15.504255],[108.673352,15.491595],[108.677397,15.481426],[108.680588,15.482054],[108.683762,15.478847],[108.681912,15.474041],[108.676846,15.472436],[108.661062,15.479335],[108.645997,15.475303],[108.627844,15.479459],[108.627898,15.482388],[108.630997,15.487419],[108.634035,15.486892],[108.639745,15.501954],[108.657446,15.498061],[108.660102,15.49603],[108.672073,15.503701],[108.675078,15.508899],[108.672987,15.513615],[108.674109,15.515204],[108.679116,15.51151]]],[[[108.687596,15.498023],[108.687309,15.500076],[108.691916,15.499294],[108.687596,15.498023]]],[[[108.68652,15.506137],[108.687179,15.504614],[108.685606,15.505414],[108.68652,15.506137]]]]}},{"type":"Feature","properties":{"code":"21004","name":"Xã Tam Mỹ","type":"Xã"},"geometry":{"type":"Polygon","coordinates":[[[108.617866,15.42322],[108.622392,15.42244],[108.622882,15.421113],[108.620686,15.41887],[108.623359,15.417675],[108.626991,15.418212],[108.628948,15.422659],[108.62973,15.421095],[108.63425,15.424055],[108.638134,15.424005],[108.638497,15.420977],[108.643505,15.420403],[108.645424,15.41743],[108.648054,15.418027],[108.651549,15.421785],[108.6547,15.4211],[108.656794,15.416854],[108.660346,15.415879],[108.658426,15.40463],[108.652674,15.404818],[108.652142,15.403581],[108.654274,15.395801],[108.658911,15.394177],[108.658998,15.39065],[108.655582,15.388295],[108.654771,15.384656],[108.658111,15.384653],[108.658655,15.382216],[108.654849,15.37397],[108.655062,15.368816],[108.649981,15.366047],[108.641978,15.367941],[108.640307,15.364302],[108.634608,15.363124],[108.628172,15.356142],[108.622761,15.357602],[108.615114,15.353114],[108.602919,15.352582],[108.601771,15.350109],[108.602885,15.346086],[108.601153,15.345157],[108.596552,15.343952],[108.592031,15.347158],[108.587436,15.341901],[108.586257,15.343523],[108.579796,15.345275],[108.560158,15.334429],[108.556424,15.334446],[108.552517,15.336593],[108.54413,15.334597],[108.543172,15.332632],[108.537811,15.330484],[108.533241,15.331623],[108.53322,15.32755],[108.526691,15.320135],[108.519597,15.322806],[108.515477,15.321727],[108.507647,15.326181],[108.502506,15.325206],[108.497763,15.322284],[108.494906,15.314956],[108.484232,15.308021],[108.478455,15.309409],[108.477535,15.312451],[108.475032,15.310068],[108.450621,15.30995],[108.447402,15.312374],[108.437437,15.313379],[108.434131,15.32586],[108.430547,15.325564],[108.428132,15.322233],[108.428299,15.325122],[108.433147,15.328641],[108.436242,15.328131],[108.43924,15.331537],[108.453238,15.336907],[108.45625,15.339943],[108.455219,15.343514],[108.456301,15.346196],[108.45887,15.348797],[108.463077,15.349371],[108.464346,15.355174],[108.467497,15.356209],[108.467908,15.366748],[108.46952,15.370194],[108.465934,15.378843],[108.467696,15.379408],[108.468509,15.385101],[108.46416,15.395128],[108.466634,15.398373],[108.465905,15.403536],[108.467208,15.406375],[108.478012,15.403884],[108.480596,15.405768],[108.485308,15.405692],[108.494375,15.403959],[108.49701,15.402048],[108.49909,15.402788],[108.49913,15.406617],[108.504536,15.407448],[108.508149,15.410584],[108.512248,15.406314],[108.514061,15.407576],[108.517198,15.405541],[108.52326,15.408401],[108.526446,15.406149],[108.533459,15.407002],[108.538491,15.400678],[108.548026,15.400917],[108.556645,15.395412],[108.558091,15.396905],[108.566807,15.398145],[108.571423,15.394863],[108.577467,15.397128],[108.581301,15.401401],[108.588386,15.404499],[108.592584,15.409538],[108.58783,15.419336],[108.596039,15.422842],[108.605594,15.419323],[108.606631,15.424062],[108.611909,15.427463],[108.617866,15.42322]]]}},{"type":"Feature","properties":{"code":"20971","name":"Xã Tam Xuân","type":"Xã"},"geometry":{"type":"Polygon","coordinates":[[[108.551525,15.583482],[108.556875,15.586897],[108.578692,15.558602],[108.604166,15.529967],[108.596275,15.524451],[108.597688,15.522116],[108.593532,15.517023],[108.590262,15.518398],[108.588767,15.522399],[108.586115,15.524466],[108.571846,15.532423],[108.568347,15.529073],[108.55915,15.527905],[108.553009,15.523953],[108.542979,15.524201],[108.543564,15.51553],[108.542008,15.513719],[108.54016,15.514356],[108.537846,15.511495],[108.539082,15.509696],[108.536141,15.507718],[108.538099,15.503419],[108.536565,15.502615],[108.539062,15.501147],[108.537534,15.497813],[108.53916,15.49708],[108.535376,15.493691],[108.535843,15.490995],[108.533033,15.486212],[108.532695,15.482269],[108.529883,15.48116],[108.52757,15.483338],[108.523326,15.484151],[108.520167,15.487568],[108.515809,15.487535],[108.512753,15.490696],[108.509154,15.489864],[108.509358,15.490994],[108.506537,15.491268],[108.506489,15.493442],[108.505442,15.494033],[108.505126,15.492466],[108.501921,15.494584],[108.50033,15.497279],[108.505408,15.499217],[108.505826,15.50189],[108.503044,15.501248],[108.502047,15.502666],[108.500059,15.498404],[108.501218,15.502453],[108.499157,15.501947],[108.499499,15.503747],[108.497451,15.503731],[108.495937,15.501462],[108.487122,15.504865],[108.487156,15.50764],[108.482926,15.506942],[108.484555,15.522426],[108.498796,15.529074],[108.495556,15.538381],[108.501811,15.546302],[108.503119,15.554325],[108.513099,15.552809],[108.520373,15.555268],[108.524638,15.561194],[108.524504,15.569532],[108.53245,15.569012],[108.536072,15.564857],[108.538341,15.569779],[108.54672,15.576313],[108.541799,15.58276],[108.547874,15.587626],[108.551525,15.583482]]]}},{"type":"Feature","properties":{"code":"20611","name":"Xã Thu Bồn","type":"Xã"},"geometry":{"type":"Polygon","coordinates":[[[108.046637,15.764927],[108.039946,15.773937],[108.040488,15.778034],[108.043354,15.782165],[108.059862,15.792442],[108.067228,15.803226],[108.072137,15.816139],[108.084881,15.824112],[108.094516,15.825],[108.102777,15.831468],[108.108564,15.838545],[108.117864,15.84458],[108.141987,15.848099],[108.152043,15.852371],[108.15823,15.848539],[108.166011,15.839621],[108.167922,15.833988],[108.172542,15.831391],[108.19137,15.834704],[108.190344,15.826285],[108.182165,15.819888],[108.177074,15.817895],[108.168972,15.808554],[108.166894,15.808352],[108.164669,15.805952],[108.166047,15.802867],[108.143841,15.78913],[108.142198,15.785403],[108.142523,15.780621],[108.134724,15.770892],[108.136279,15.767288],[108.13571,15.760812],[108.138843,15.756417],[108.138494,15.754278],[108.135179,15.751699],[108.137474,15.74755],[108.135123,15.736107],[108.13378,15.740021],[108.129975,15.739631],[108.126813,15.736145],[108.117543,15.739276],[108.112879,15.738023],[108.10593,15.73314],[108.09018,15.731839],[108.082012,15.736337],[108.076351,15.736717],[108.076828,15.741456],[108.073445,15.748747],[108.069928,15.750671],[108.072366,15.753513],[108.068841,15.761231],[108.064379,15.763789],[108.046637,15.764927]]]}},{"type":"Feature","properties":{"code":"20794","name":"Xã Thăng An","type":"Xã"},"geometry":{"type":"Polygon","coordinates":[[[108.385585,15.831923],[108.388614,15.830588],[108.390724,15.827094],[108.393128,15.828031],[108.394155,15.826644],[108.393606,15.822369],[108.396446,15.819083],[108.40001,15.809893],[108.405281,15.815772],[108.412523,15.819753],[108.414219,15.814578],[108.413854,15.81487],[108.413797,15.814429],[108.4139,15.813962],[108.413444,15.814721],[108.412876,15.814785],[108.426183,15.78738],[108.456659,15.736095],[108.448881,15.729349],[108.443001,15.728805],[108.438061,15.725916],[108.429561,15.729467],[108.428709,15.737208],[108.421979,15.738814],[108.420714,15.733432],[108.422921,15.729897],[108.418625,15.724645],[108.416261,15.718112],[108.40861,15.712341],[108.403351,15.716465],[108.404993,15.718073],[108.395058,15.737037],[108.38742,15.747967],[108.382328,15.764176],[108.374644,15.767459],[108.368997,15.776993],[108.366486,15.775661],[108.361319,15.784076],[108.352571,15.776405],[108.339112,15.803927],[108.330192,15.815793],[108.333002,15.820486],[108.332908,15.824854],[108.336167,15.823868],[108.337062,15.826755],[108.340572,15.829356],[108.345892,15.829389],[108.346713,15.826966],[108.34999,15.825513],[108.357154,15.826875],[108.358411,15.825665],[108.36914,15.828491],[108.377785,15.822899],[108.382496,15.825686],[108.381634,15.829603],[108.385585,15.831923]]]}},{"type":"Feature","properties":{"code":"20791","name":"Xã Thăng Bình","type":"Xã"},"geometry":{"type":"Polygon","coordinates":[[[108.361305,15.784068],[108.366486,15.775661],[108.368997,15.776993],[108.374644,15.767459],[108.382328,15.764176],[108.38742,15.747967],[108.401742,15.724093],[108.39614,15.717902],[108.392665,15.716797],[108.393903,15.715258],[108.385376,15.708707],[108.384533,15.709795],[108.381822,15.707998],[108.380805,15.709384],[108.376117,15.706648],[108.377234,15.705125],[108.372227,15.70208],[108.369479,15.702198],[108.371358,15.685532],[108.36886,15.686255],[108.367522,15.684572],[108.366002,15.686841],[108.361518,15.684733],[108.358582,15.685824],[108.360313,15.679312],[108.355479,15.677075],[108.352796,15.679208],[108.350686,15.678665],[108.349341,15.673668],[108.345727,15.671917],[108.345653,15.66924],[108.343203,15.669038],[108.340407,15.662148],[108.334951,15.666499],[108.331944,15.665906],[108.33179,15.669118],[108.3284,15.673721],[108.319674,15.677412],[108.31642,15.675396],[108.314998,15.680605],[108.311594,15.681397],[108.313584,15.686036],[108.318501,15.690807],[108.310885,15.694549],[108.312504,15.697049],[108.310515,15.698186],[108.317768,15.699875],[108.319929,15.71108],[108.324253,15.71625],[108.3231,15.730264],[108.326331,15.736896],[108.328798,15.738603],[108.331037,15.745181],[108.330231,15.748566],[108.336327,15.759664],[108.336125,15.765626],[108.345408,15.7698],[108.347963,15.767556],[108.352656,15.773022],[108.352571,15.776405],[108.361305,15.784068]]]}},{"type":"Feature","properties":{"code":"20827","name":"Xã Thăng Phú","type":"Xã"},"geometry":{"type":"Polygon","coordinates":[[[108.371291,15.690941],[108.375689,15.68424],[108.381991,15.685035],[108.384096,15.681607],[108.384603,15.673829],[108.387851,15.672557],[108.38294,15.671264],[108.383941,15.670213],[108.381355,15.6697],[108.381461,15.66789],[108.380149,15.669067],[108.379749,15.665859],[108.377714,15.66613],[108.377704,15.663672],[108.384379,15.655161],[108.382187,15.653797],[108.382201,15.65074],[108.379562,15.647011],[108.380152,15.644392],[108.38247,15.645157],[108.381187,15.640112],[108.392667,15.636131],[108.391518,15.634375],[108.389223,15.63443],[108.390906,15.618221],[108.388766,15.612031],[108.383397,15.608467],[108.377586,15.607591],[108.374771,15.611195],[108.370789,15.611495],[108.362463,15.608064],[108.359753,15.604545],[108.356004,15.60673],[108.345777,15.603232],[108.335836,15.60257],[108.325318,15.592896],[108.322436,15.585625],[108.316209,15.585638],[108.310459,15.588823],[108.301313,15.583343],[108.296354,15.585944],[108.295028,15.58801],[108.296072,15.596104],[108.293678,15.603759],[108.304774,15.616406],[108.313024,15.620462],[108.318325,15.626813],[108.321118,15.627953],[108.321162,15.631644],[108.316994,15.633752],[108.317577,15.641632],[108.320643,15.641141],[108.322724,15.643535],[108.325095,15.642504],[108.326702,15.644635],[108.329376,15.644509],[108.332303,15.649156],[108.335603,15.650653],[108.3354,15.654423],[108.339711,15.656396],[108.339773,15.660527],[108.341281,15.661386],[108.340059,15.663427],[108.343316,15.669175],[108.345909,15.669497],[108.345727,15.671917],[108.349341,15.673668],[108.349546,15.677392],[108.352796,15.679208],[108.355668,15.677106],[108.360362,15.679379],[108.358582,15.685824],[108.361518,15.684733],[108.366002,15.686841],[108.367522,15.684572],[108.36886,15.686255],[108.370922,15.685168],[108.371291,15.690941]]]}},{"type":"Feature","properties":{"code":"20836","name":"Xã Thăng Trường","type":"Xã"},"geometry":{"type":"Polygon","coordinates":[[[108.421144,15.737624],[108.428709,15.737208],[108.429561,15.729467],[108.438061,15.725916],[108.443001,15.728805],[108.448881,15.729349],[108.457008,15.735754],[108.514398,15.645785],[108.502924,15.641128],[108.48986,15.630328],[108.48482,15.635936],[108.475719,15.632334],[108.463147,15.62999],[108.455793,15.630006],[108.454277,15.631954],[108.450469,15.630129],[108.445528,15.630763],[108.44356,15.633619],[108.44594,15.634625],[108.445747,15.653586],[108.447886,15.656334],[108.453653,15.657025],[108.457991,15.660319],[108.4581,15.666464],[108.455147,15.673838],[108.44624,15.683184],[108.421202,15.697525],[108.40861,15.712341],[108.416261,15.718112],[108.418625,15.724645],[108.422921,15.729897],[108.420685,15.734158],[108.421144,15.737624]]]}},{"type":"Feature","properties":{"code":"20848","name":"Xã Thăng Điền","type":"Xã"},"geometry":{"type":"Polygon","coordinates":[[[108.403351,15.716465],[108.421202,15.697525],[108.44624,15.683184],[108.455147,15.673838],[108.4581,15.666464],[108.457991,15.660319],[108.453653,15.657025],[108.447886,15.656334],[108.445747,15.653586],[108.44594,15.634625],[108.441788,15.631573],[108.444053,15.629848],[108.435537,15.625578],[108.437132,15.62344],[108.430989,15.619338],[108.426588,15.619306],[108.420078,15.62319],[108.415806,15.623596],[108.414833,15.625615],[108.416341,15.627026],[108.41644,15.631556],[108.407619,15.628882],[108.402237,15.631831],[108.400421,15.629154],[108.397466,15.629171],[108.393827,15.625931],[108.390738,15.625608],[108.389203,15.628336],[108.389223,15.63443],[108.391518,15.634375],[108.392667,15.636131],[108.381187,15.640112],[108.38247,15.645157],[108.379634,15.645196],[108.382187,15.653797],[108.384379,15.655161],[108.377704,15.663672],[108.377714,15.66613],[108.379555,15.665664],[108.379966,15.668861],[108.381636,15.667999],[108.381355,15.6697],[108.383941,15.670213],[108.383246,15.671462],[108.387851,15.672557],[108.384603,15.673829],[108.384096,15.681607],[108.381991,15.685035],[108.375689,15.68424],[108.371481,15.689041],[108.369297,15.70195],[108.377234,15.705125],[108.376117,15.706648],[108.380805,15.709384],[108.381822,15.707998],[108.384533,15.709795],[108.385376,15.708707],[108.393903,15.715258],[108.392665,15.716797],[108.39614,15.717902],[108.401742,15.724093],[108.404993,15.718073],[108.403351,15.716465]]]}},{"type":"Feature","properties":{"code":"20506","name":"Xã Thượng Đức","type":"Xã"},"geometry":{"type":"Polygon","coordinates":[[[107.86001,15.937216],[107.865087,15.934541],[107.867359,15.935267],[107.869191,15.931889],[107.885113,15.930751],[107.889396,15.927851],[107.896499,15.918503],[107.913725,15.910674],[107.921235,15.912756],[107.925479,15.911462],[107.930499,15.913019],[107.930899,15.915819],[107.932455,15.916482],[107.931711,15.922825],[107.940214,15.91797],[107.951999,15.922167],[107.955643,15.922081],[107.95679,15.920487],[107.955793,15.917433],[107.959954,15.913983],[107.962919,15.906386],[107.96744,15.905442],[107.971055,15.901196],[107.966167,15.895394],[107.961987,15.881996],[107.962866,15.875082],[107.967904,15.870084],[107.966684,15.869183],[107.968735,15.861041],[107.967232,15.859051],[107.970683,15.858304],[107.967806,15.856646],[107.967712,15.85048],[107.959335,15.851877],[107.951367,15.850552],[107.944698,15.846796],[107.940877,15.840708],[107.92907,15.832362],[107.911216,15.825653],[107.901554,15.811435],[107.901975,15.809335],[107.89957,15.808375],[107.896813,15.803494],[107.898287,15.801033],[107.901945,15.800028],[107.90721,15.792693],[107.910262,15.790812],[107.910768,15.788207],[107.917209,15.784288],[107.920804,15.788549],[107.925484,15.789298],[107.926511,15.791912],[107.930282,15.794005],[107.933775,15.794954],[107.935037,15.793116],[107.940375,15.794437],[107.943135,15.782407],[107.941848,15.778566],[107.937399,15.775458],[107.935423,15.767054],[107.936444,15.760543],[107.935303,15.758378],[107.936654,15.75522],[107.935199,15.75491],[107.93545,15.751569],[107.933787,15.750904],[107.936337,15.748642],[107.936602,15.746234],[107.934161,15.74579],[107.933277,15.74325],[107.930597,15.742079],[107.931156,15.73997],[107.928365,15.735844],[107.920723,15.739727],[107.920297,15.7414],[107.908876,15.740615],[107.897386,15.745933],[107.89613,15.743252],[107.885729,15.739344],[107.88004,15.74179],[107.877589,15.7448],[107.877304,15.759583],[107.87501,15.762137],[107.870902,15.762265],[107.869883,15.76383],[107.867316,15.772387],[107.867151,15.780101],[107.861921,15.780574],[107.861631,15.783883],[107.854119,15.792545],[107.854242,15.794144],[107.849988,15.797139],[107.848006,15.801666],[107.838854,15.795898],[107.83414,15.800352],[107.833307,15.804335],[107.828069,15.80413],[107.832827,15.810835],[107.835178,15.820836],[107.826128,15.819624],[107.819925,15.824318],[107.811877,15.823329],[107.80947,15.827511],[107.806049,15.828903],[107.80101,15.827645],[107.803708,15.834004],[107.807833,15.838153],[107.810965,15.83879],[107.815173,15.844541],[107.810796,15.848742],[107.810905,15.852077],[107.808724,15.854195],[107.817729,15.853598],[107.830666,15.859873],[107.830322,15.863398],[107.831834,15.867736],[107.834663,15.870123],[107.83808,15.886356],[107.835687,15.906799],[107.846611,15.916109],[107.847953,15.934056],[107.849515,15.935363],[107.852391,15.934181],[107.86001,15.937216]]]}},{"type":"Feature","properties":{"code":"20878","name":"Xã Thạnh Bình","type":"Xã"},"geometry":{"type":"Polygon","coordinates":[[[108.286551,15.496328],[108.290999,15.496304],[108.296664,15.490002],[108.300485,15.490106],[108.303902,15.487446],[108.311295,15.478483],[108.316034,15.475886],[108.320826,15.469244],[108.322179,15.47221],[108.330918,15.470237],[108.336488,15.472492],[108.338163,15.471618],[108.337838,15.475472],[108.341646,15.478187],[108.34404,15.477546],[108.344354,15.475835],[108.34884,15.476185],[108.349213,15.478366],[108.357461,15.475418],[108.357995,15.476872],[108.360607,15.477098],[108.362753,15.470814],[108.360816,15.466052],[108.362139,15.459021],[108.365406,15.457718],[108.36462,15.453034],[108.370787,15.450325],[108.376213,15.450607],[108.382218,15.446838],[108.380891,15.443556],[108.376696,15.440241],[108.376599,15.437096],[108.37455,15.434622],[108.380531,15.432662],[108.380972,15.429913],[108.375315,15.42549],[108.380278,15.42216],[108.374188,15.419992],[108.371274,15.414576],[108.377354,15.406457],[108.377697,15.401917],[108.380935,15.397181],[108.381355,15.39443],[108.378663,15.388795],[108.369241,15.382562],[108.364112,15.381879],[108.360773,15.38427],[108.358392,15.382641],[108.348658,15.38984],[108.34764,15.395537],[108.344371,15.395782],[108.3391,15.399362],[108.332726,15.39998],[108.330956,15.397875],[108.326147,15.396473],[108.324608,15.39333],[108.322217,15.395887],[108.319541,15.395371],[108.314666,15.401238],[108.311373,15.400116],[108.305749,15.402551],[108.295556,15.401802],[108.293194,15.403978],[108.291144,15.401037],[108.286563,15.401393],[108.28795,15.406265],[108.286535,15.409115],[108.288793,15.412715],[108.283037,15.413421],[108.281826,15.413865],[108.283484,15.414452],[108.282595,15.415247],[108.27796,15.41628],[108.281461,15.422364],[108.280907,15.425374],[108.277484,15.427036],[108.275883,15.43659],[108.271867,15.43747],[108.268633,15.44189],[108.265215,15.443721],[108.262814,15.442509],[108.267058,15.449428],[108.264835,15.452975],[108.266648,15.453762],[108.266578,15.457557],[108.26184,15.462013],[108.262452,15.46739],[108.259394,15.471964],[108.267604,15.476699],[108.277029,15.477808],[108.274997,15.487445],[108.272561,15.490927],[108.281781,15.495825],[108.287021,15.494211],[108.286551,15.496328]]]}},{"type":"Feature","properties":{"code":"20695","name":"Xã Thạnh Mỹ","type":"Xã"},"geometry":{"type":"Polygon","coordinates":[[[107.80947,15.827511],[107.811719,15.823403],[107.819925,15.824318],[107.826128,15.819624],[107.835178,15.820836],[107.832827,15.810835],[107.828069,15.80413],[107.833307,15.804335],[107.83414,15.800352],[107.838854,15.795898],[107.848006,15.801666],[107.849988,15.797139],[107.854242,15.794144],[107.854119,15.792545],[107.861631,15.783883],[107.861921,15.780574],[107.865014,15.781133],[107.867351,15.779755],[107.867316,15.772387],[107.869883,15.76383],[107.870902,15.762265],[107.87501,15.762137],[107.877356,15.759426],[107.877589,15.7448],[107.88004,15.74179],[107.885729,15.739344],[107.887967,15.732386],[107.883909,15.725921],[107.885059,15.723211],[107.883225,15.718582],[107.883748,15.714507],[107.878568,15.711615],[107.879671,15.704794],[107.878621,15.703288],[107.871812,15.702627],[107.869405,15.698193],[107.866435,15.69788],[107.86557,15.695384],[107.861105,15.69646],[107.855223,15.692505],[107.85341,15.689358],[107.838309,15.688062],[107.837404,15.682671],[107.830774,15.685533],[107.828162,15.689133],[107.821667,15.692534],[107.819791,15.694626],[107.82013,15.696999],[107.817047,15.698959],[107.816729,15.702835],[107.820976,15.708474],[107.81863,15.71634],[107.819278,15.72549],[107.813485,15.725862],[107.811813,15.729717],[107.812458,15.732204],[107.810967,15.732829],[107.812639,15.738301],[107.8075,15.740192],[107.802781,15.744993],[107.799099,15.745128],[107.799272,15.743614],[107.796072,15.741677],[107.790371,15.744223],[107.786954,15.742253],[107.783728,15.743257],[107.768746,15.734492],[107.761463,15.725413],[107.756244,15.724877],[107.752682,15.717902],[107.744726,15.715011],[107.732364,15.713328],[107.728084,15.710285],[107.72471,15.710606],[107.718065,15.707854],[107.720083,15.71035],[107.721767,15.722423],[107.721287,15.725319],[107.717388,15.727814],[107.719105,15.733746],[107.714323,15.73712],[107.710555,15.736507],[107.704161,15.742174],[107.702288,15.747589],[107.697084,15.750369],[107.684563,15.730696],[107.681132,15.727298],[107.672715,15.723416],[107.663012,15.723532],[107.653077,15.730856],[107.651314,15.751768],[107.652974,15.753284],[107.65284,15.761466],[107.660816,15.767965],[107.661686,15.774441],[107.664678,15.777621],[107.680049,15.77577],[107.682297,15.773087],[107.683669,15.774959],[107.687482,15.774533],[107.693643,15.777947],[107.709062,15.779747],[107.71158,15.776954],[107.716976,15.777568],[107.72222,15.78378],[107.726508,15.786207],[107.728725,15.793376],[107.732962,15.795243],[107.738499,15.808545],[107.741864,15.806624],[107.751815,15.808323],[107.759396,15.814851],[107.766999,15.817025],[107.776574,15.817088],[107.787792,15.82382],[107.790913,15.827475],[107.803866,15.827416],[107.805871,15.82891],[107.80947,15.827511]]]}},{"type":"Feature","properties":{"code":"20854","name":"Xã Tiên Phước","type":"Xã"},"geometry":{"type":"Polygon","coordinates":[[[108.328893,15.554076],[108.339607,15.549596],[108.345056,15.550505],[108.351455,15.54597],[108.35717,15.547707],[108.362546,15.545876],[108.368392,15.549383],[108.372723,15.544579],[108.371601,15.54252],[108.368377,15.542231],[108.368373,15.538386],[108.372349,15.536206],[108.373747,15.532817],[108.368392,15.525118],[108.370373,15.522014],[108.379174,15.521063],[108.380728,15.51954],[108.378706,15.518251],[108.378931,15.513152],[108.375976,15.50836],[108.37841,15.507638],[108.376907,15.505677],[108.381003,15.503945],[108.380285,15.499883],[108.383054,15.497914],[108.383109,15.490825],[108.390268,15.484953],[108.390133,15.482029],[108.392629,15.477978],[108.392102,15.462654],[108.385788,15.452592],[108.386149,15.44987],[108.382117,15.44702],[108.376213,15.450607],[108.370787,15.450325],[108.36462,15.453034],[108.365406,15.457718],[108.362139,15.459021],[108.360816,15.466052],[108.362753,15.470814],[108.360607,15.477098],[108.357995,15.476872],[108.357461,15.475418],[108.349213,15.478366],[108.34884,15.476185],[108.344354,15.475835],[108.34404,15.477546],[108.341646,15.478187],[108.337838,15.475472],[108.338163,15.471618],[108.336488,15.472492],[108.330918,15.470237],[108.322179,15.47221],[108.320826,15.469244],[108.316034,15.475886],[108.311295,15.478483],[108.304037,15.487328],[108.300485,15.490106],[108.296664,15.490002],[108.291563,15.495037],[108.290593,15.499776],[108.292356,15.504781],[108.295665,15.504299],[108.301933,15.506378],[108.306758,15.505185],[108.307556,15.508923],[108.302423,15.513306],[108.301418,15.517699],[108.303355,15.520672],[108.302015,15.524472],[108.304833,15.528256],[108.303136,15.529188],[108.302603,15.533685],[108.305551,15.535374],[108.309091,15.54084],[108.320803,15.546341],[108.319872,15.549225],[108.323054,15.552811],[108.328893,15.554076]]]}},{"type":"Feature","properties":{"code":"20929","name":"Xã Trà Giáp","type":"Xã"},"geometry":{"type":"Polygon","coordinates":[[[108.216843,15.149087],[108.218243,15.165502],[108.217326,15.169527],[108.222708,15.176652],[108.22101,15.17989],[108.215735,15.181536],[108.211732,15.190328],[108.212649,15.195328],[108.207391,15.195803],[108.205894,15.199443],[108.207702,15.206037],[108.205771,15.208307],[108.206751,15.212345],[108.205004,15.216773],[108.208135,15.229197],[108.213882,15.232934],[108.220931,15.233448],[108.226686,15.237228],[108.231289,15.237901],[108.237556,15.249717],[108.243441,15.247607],[108.246031,15.2499],[108.249766,15.250011],[108.249643,15.25325],[108.25295,15.255192],[108.25978,15.257438],[108.266134,15.257526],[108.276665,15.262773],[108.280583,15.268704],[108.280903,15.273156],[108.282735,15.275713],[108.282057,15.279738],[108.284908,15.278406],[108.297362,15.27903],[108.303629,15.277681],[108.306282,15.268272],[108.303053,15.258529],[108.293002,15.252831],[108.290495,15.246408],[108.280967,15.243665],[108.284465,15.235714],[108.289381,15.234065],[108.289528,15.23224],[108.285798,15.228687],[108.286003,15.22669],[108.292351,15.228211],[108.299378,15.225944],[108.304768,15.227395],[108.307861,15.224559],[108.308423,15.221176],[108.304502,15.209801],[108.296802,15.20352],[108.292631,15.202397],[108.291097,15.198632],[108.293243,15.195153],[108.302177,15.193064],[108.303313,15.188201],[108.299957,15.185601],[108.299635,15.182047],[108.306102,15.174511],[108.304708,15.171176],[108.297446,15.170242],[108.294923,15.168383],[108.288851,15.160545],[108.289646,15.157752],[108.286636,15.156584],[108.28587,15.153503],[108.282835,15.153174],[108.28387,15.149634],[108.281074,15.146328],[108.281162,15.144081],[108.277565,15.14415],[108.276326,15.142455],[108.279121,15.139971],[108.277996,15.137013],[108.274388,15.136714],[108.275593,15.135048],[108.274992,15.130755],[108.263228,15.124092],[108.260864,15.118401],[108.249478,15.119636],[108.246418,15.123973],[108.24221,15.125259],[108.237215,15.130046],[108.228938,15.13101],[108.228778,15.133749],[108.225041,15.13476],[108.224134,15.138539],[108.216843,15.149087]]]}},{"type":"Feature","properties":{"code":"20938","name":"Xã Trà Leng","type":"Xã"},"geometry":{"type":"Polygon","coordinates":[[[108.069724,15.307344],[108.076458,15.308656],[108.078917,15.30769],[108.078243,15.304079],[108.082545,15.292916],[108.089934,15.287111],[108.094272,15.279241],[108.092724,15.277358],[108.09326,15.274895],[108.100701,15.263148],[108.103175,15.261503],[108.103908,15.258177],[108.108325,15.256972],[108.109073,15.253935],[108.112585,15.252376],[108.110326,15.248303],[108.096058,15.247867],[108.094302,15.243773],[108.094309,15.232347],[108.092802,15.229116],[108.093791,15.227167],[108.085689,15.232057],[108.081569,15.237767],[108.073565,15.236924],[108.072365,15.234665],[108.069216,15.234636],[108.069885,15.232931],[108.067212,15.231408],[108.063233,15.224464],[108.059252,15.222243],[108.057567,15.214856],[108.055052,15.214288],[108.051158,15.209562],[108.045382,15.207563],[108.04224,15.208718],[108.040906,15.206996],[108.036722,15.189699],[108.042649,15.178555],[108.033067,15.17349],[108.03084,15.170776],[108.025888,15.162195],[108.026893,15.154163],[108.020101,15.148849],[108.008943,15.146484],[108.004333,15.142559],[107.999564,15.150854],[107.999339,15.156685],[107.99185,15.156823],[107.986131,15.159479],[107.981535,15.16659],[107.970822,15.167806],[107.96056,15.173026],[107.950366,15.175121],[107.949832,15.183309],[107.947983,15.186943],[107.93707,15.190645],[107.933524,15.195318],[107.933919,15.200352],[107.931108,15.203064],[107.931039,15.207429],[107.928081,15.209769],[107.928872,15.213544],[107.926857,15.217279],[107.93688,15.231962],[107.934306,15.233697],[107.935408,15.23827],[107.934295,15.241441],[107.940899,15.246456],[107.941112,15.255163],[107.947497,15.257072],[107.948287,15.259279],[107.946674,15.269195],[107.943247,15.276217],[107.941559,15.276593],[107.942266,15.281935],[107.938332,15.286521],[107.940507,15.291871],[107.948174,15.298134],[107.949992,15.296429],[107.955505,15.296048],[107.96906,15.298462],[107.972808,15.300662],[107.981634,15.301428],[107.983753,15.30031],[107.989208,15.303736],[107.994401,15.303925],[107.994706,15.305555],[108.001808,15.309939],[108.006652,15.306637],[108.008556,15.311241],[108.012132,15.312026],[108.018836,15.310728],[108.01961,15.308352],[108.025578,15.309586],[108.03065,15.301448],[108.034446,15.30015],[108.043146,15.303127],[108.044707,15.308912],[108.055268,15.314036],[108.061169,15.313596],[108.064308,15.30949],[108.069724,15.307344]]]}},{"type":"Feature","properties":{"code":"20950","name":"Xã Trà Linh","type":"Xã"},"geometry":{"type":"Polygon","coordinates":[[[107.989229,15.093941],[107.995289,15.091954],[108.000895,15.078665],[108.009178,15.074759],[108.009202,15.070975],[108.003656,15.066177],[108.011205,15.061967],[108.01929,15.061266],[108.023314,15.058031],[108.026155,15.058781],[108.032806,15.050476],[108.035564,15.043387],[108.051307,15.042924],[108.061031,15.049015],[108.066292,15.048223],[108.068511,15.045206],[108.071793,15.045597],[108.072684,15.047816],[108.075919,15.047629],[108.077795,15.051567],[108.082765,15.05313],[108.085422,15.056866],[108.087532,15.0571],[108.087188,15.059226],[108.088892,15.060663],[108.091376,15.057361],[108.089363,15.047579],[108.09258,15.04867],[108.094988,15.046262],[108.098506,15.046582],[108.100876,15.044588],[108.104525,15.044268],[108.106952,15.034994],[108.117806,15.026792],[108.123882,15.012833],[108.127891,15.008653],[108.150365,15.002483],[108.152674,15.000216],[108.154338,14.99462],[108.157912,14.991465],[108.159309,14.97935],[108.16292,14.97448],[108.157793,14.971244],[108.148709,14.961174],[108.140971,14.959149],[108.135817,14.962006],[108.133385,14.959285],[108.130927,14.959073],[108.125112,14.961093],[108.125,14.959795],[108.117183,14.959112],[108.10965,14.954857],[108.106684,14.951402],[108.092472,14.952367],[108.084463,14.95754],[108.081283,14.966271],[108.077013,14.969123],[108.060417,14.972128],[108.060621,14.974003],[108.054951,14.981006],[108.048696,14.986525],[108.049789,14.989926],[108.047529,14.992295],[108.022413,14.998602],[108.019023,14.999805],[108.017099,15.002584],[108.008489,14.997124],[108.007693,14.999891],[108.003574,15.002252],[107.99178,14.999051],[107.987296,15.001174],[107.983238,15.006713],[107.982949,15.010344],[107.972071,15.012048],[107.972265,15.013995],[107.965149,15.021851],[107.962937,15.02906],[107.95679,15.037107],[107.958637,15.038138],[107.959645,15.043293],[107.949997,15.052838],[107.960674,15.063322],[107.97619,15.069326],[107.975338,15.073882],[107.978762,15.07927],[107.978088,15.082195],[107.979612,15.085718],[107.983447,15.089442],[107.983384,15.092183],[107.98882,15.09581],[107.989229,15.093941]]]}},{"type":"Feature","properties":{"code":"20908","name":"Xã Trà Liên","type":"Xã"},"geometry":{"type":"Polygon","coordinates":[[[108.46416,15.395128],[108.468466,15.385383],[108.467696,15.379408],[108.465934,15.378843],[108.469527,15.369984],[108.467908,15.366748],[108.467497,15.356209],[108.464346,15.355174],[108.463261,15.349612],[108.45887,15.348797],[108.456301,15.346196],[108.455219,15.343514],[108.45625,15.339943],[108.453238,15.336907],[108.449505,15.336462],[108.44713,15.33405],[108.43924,15.331537],[108.436359,15.328183],[108.433147,15.328641],[108.428299,15.325122],[108.426706,15.31574],[108.416037,15.306697],[108.406594,15.310698],[108.403236,15.308979],[108.402686,15.300278],[108.39277,15.298379],[108.387439,15.302008],[108.378765,15.303414],[108.365897,15.297641],[108.364261,15.294395],[108.355155,15.296769],[108.351475,15.295721],[108.342385,15.298535],[108.336158,15.296658],[108.321866,15.30185],[108.314175,15.298244],[108.311482,15.292246],[108.30395,15.286589],[108.299379,15.278897],[108.30045,15.290875],[108.296102,15.300242],[108.292517,15.301836],[108.289842,15.301109],[108.291464,15.307222],[108.289274,15.307624],[108.288992,15.309987],[108.285081,15.313208],[108.281419,15.311582],[108.2761,15.312824],[108.274335,15.308403],[108.271054,15.311645],[108.265621,15.309941],[108.266561,15.314636],[108.274559,15.317367],[108.285419,15.32542],[108.285443,15.329331],[108.290442,15.336149],[108.290916,15.340676],[108.288332,15.345298],[108.292514,15.350753],[108.283799,15.353844],[108.278615,15.362498],[108.28267,15.36354],[108.291887,15.362147],[108.291975,15.368967],[108.302219,15.373249],[108.303613,15.37849],[108.306969,15.381564],[108.308258,15.386872],[108.309583,15.386552],[108.310028,15.397986],[108.313768,15.401174],[108.319541,15.395371],[108.322217,15.395887],[108.324608,15.39333],[108.326147,15.396473],[108.330956,15.397875],[108.332726,15.39998],[108.3391,15.399362],[108.344371,15.395782],[108.34764,15.395537],[108.348614,15.389897],[108.356042,15.383777],[108.358429,15.382636],[108.360902,15.384256],[108.364312,15.381863],[108.369241,15.382562],[108.378663,15.388795],[108.379828,15.393396],[108.381868,15.394723],[108.38688,15.392368],[108.39826,15.393434],[108.401804,15.39173],[108.407652,15.393581],[108.411778,15.39173],[108.418003,15.394345],[108.421701,15.394187],[108.422624,15.39228],[108.429568,15.393985],[108.436302,15.392754],[108.444433,15.393424],[108.448041,15.396325],[108.456816,15.395362],[108.466286,15.399845],[108.46416,15.395128]]]}},{"type":"Feature","properties":{"code":"20900","name":"Xã Trà My","type":"Xã"},"geometry":{"type":"Polygon","coordinates":[[[108.295556,15.401802],[108.305749,15.402551],[108.311068,15.400636],[108.309583,15.386552],[108.308258,15.386872],[108.306969,15.381564],[108.303613,15.37849],[108.302219,15.373249],[108.291391,15.368235],[108.291887,15.362147],[108.28267,15.36354],[108.278615,15.362498],[108.283799,15.353844],[108.292514,15.350753],[108.288332,15.345298],[108.290916,15.340676],[108.290442,15.336149],[108.285972,15.330305],[108.285719,15.325825],[108.282824,15.322701],[108.274559,15.317367],[108.265956,15.314129],[108.261872,15.295711],[108.258311,15.296022],[108.254706,15.293032],[108.24342,15.290857],[108.238583,15.288286],[108.227727,15.294245],[108.223337,15.293403],[108.219339,15.289659],[108.2162,15.295049],[108.208828,15.297395],[108.205713,15.293537],[108.20081,15.291182],[108.198047,15.292012],[108.183341,15.287722],[108.18608,15.295063],[108.189872,15.296767],[108.191293,15.299392],[108.18818,15.302627],[108.189489,15.304543],[108.186442,15.30807],[108.188137,15.309425],[108.185716,15.311182],[108.186986,15.314864],[108.185144,15.318536],[108.188647,15.322803],[108.182619,15.32847],[108.17868,15.338197],[108.180122,15.343463],[108.174749,15.351867],[108.175405,15.35804],[108.161772,15.366272],[108.16151,15.375873],[108.154203,15.379569],[108.151227,15.383507],[108.151151,15.385969],[108.15376,15.389503],[108.157787,15.391792],[108.168139,15.382424],[108.174542,15.380109],[108.180309,15.380991],[108.186104,15.37943],[108.19587,15.390075],[108.205014,15.386806],[108.207487,15.388789],[108.217491,15.386865],[108.220067,15.388259],[108.227889,15.385972],[108.235048,15.389386],[108.240398,15.397584],[108.246628,15.397749],[108.249271,15.395411],[108.253635,15.394699],[108.25815,15.397108],[108.268864,15.397998],[108.272681,15.396729],[108.285294,15.401857],[108.291144,15.401037],[108.293123,15.403971],[108.295556,15.401802]]]}},{"type":"Feature","properties":{"code":"20923","name":"Xã Trà Tân","type":"Xã"},"geometry":{"type":"Polygon","coordinates":[[[108.210893,15.193041],[108.20486,15.186339],[108.198464,15.184491],[108.195467,15.181405],[108.194609,15.177636],[108.189189,15.172756],[108.188927,15.175424],[108.179173,15.182877],[108.177335,15.18617],[108.169141,15.188171],[108.169946,15.193258],[108.163666,15.198816],[108.15945,15.200096],[108.160282,15.202465],[108.150699,15.206791],[108.147609,15.21125],[108.145239,15.210383],[108.143325,15.214947],[108.131804,15.217822],[108.129388,15.216548],[108.123379,15.221972],[108.119821,15.220339],[108.119318,15.22243],[108.120919,15.224418],[108.116572,15.229542],[108.114519,15.247578],[108.110327,15.24822],[108.112585,15.252376],[108.109073,15.253935],[108.108325,15.256972],[108.103908,15.258177],[108.103175,15.261503],[108.100152,15.263898],[108.096723,15.27035],[108.099889,15.274011],[108.10849,15.27877],[108.10944,15.290342],[108.127574,15.285766],[108.123277,15.313774],[108.12356,15.32244],[108.137972,15.327329],[108.138899,15.330498],[108.150577,15.331334],[108.154072,15.333421],[108.162412,15.332865],[108.174103,15.336321],[108.178579,15.340124],[108.18201,15.329485],[108.188647,15.322803],[108.185144,15.318536],[108.186986,15.314864],[108.185716,15.311182],[108.188137,15.309425],[108.18639,15.308284],[108.189489,15.304543],[108.18818,15.302627],[108.191297,15.299758],[108.189908,15.296799],[108.18608,15.295063],[108.183797,15.287604],[108.198047,15.292012],[108.20081,15.291182],[108.205713,15.293537],[108.208828,15.297395],[108.2162,15.295049],[108.219339,15.289659],[108.223337,15.293403],[108.227727,15.294245],[108.233411,15.290026],[108.239446,15.288328],[108.24342,15.290857],[108.254706,15.293032],[108.258311,15.296022],[108.261872,15.295711],[108.264694,15.309348],[108.271054,15.311645],[108.27446,15.308431],[108.276189,15.312851],[108.281419,15.311582],[108.285308,15.313124],[108.289247,15.309739],[108.289274,15.307624],[108.291445,15.307325],[108.289842,15.301109],[108.292517,15.301836],[108.296202,15.300136],[108.300492,15.290691],[108.299182,15.28758],[108.300454,15.28444],[108.299379,15.278897],[108.2851,15.278394],[108.282057,15.279738],[108.282735,15.275713],[108.280903,15.273156],[108.280583,15.268704],[108.276665,15.262773],[108.266134,15.257526],[108.25978,15.257438],[108.25295,15.255192],[108.249643,15.25325],[108.249766,15.250011],[108.246031,15.2499],[108.243441,15.247607],[108.237556,15.249717],[108.231289,15.237901],[108.226686,15.237228],[108.220931,15.233448],[108.213882,15.232934],[108.208135,15.229197],[108.205004,15.216773],[108.206751,15.212345],[108.205771,15.208307],[108.207702,15.206037],[108.205894,15.199443],[108.207239,15.195898],[108.211123,15.195718],[108.210893,15.193041]]]}},{"type":"Feature","properties":{"code":"20941","name":"Xã Trà Tập","type":"Xã"},"geometry":{"type":"Polygon","coordinates":[[[108.080508,15.237987],[108.085689,15.232057],[108.094421,15.226686],[108.093669,15.218745],[108.09779,15.208927],[108.101864,15.203021],[108.107313,15.200179],[108.115136,15.191106],[108.115702,15.185606],[108.112365,15.172536],[108.112223,15.160417],[108.108205,15.156655],[108.110774,15.152587],[108.108582,15.150521],[108.108132,15.143757],[108.110561,15.139625],[108.106314,15.134386],[108.112092,15.133432],[108.116224,15.127792],[108.119248,15.126281],[108.115474,15.121141],[108.116674,15.116357],[108.110399,15.111179],[108.107433,15.103121],[108.103558,15.101509],[108.100934,15.096108],[108.097985,15.095611],[108.097488,15.092799],[108.099031,15.090758],[108.096356,15.088427],[108.097008,15.084294],[108.093801,15.079151],[108.092532,15.065965],[108.087391,15.059648],[108.087751,15.057303],[108.085422,15.056866],[108.082765,15.05313],[108.077795,15.051567],[108.075919,15.047629],[108.072684,15.047816],[108.071793,15.045597],[108.068511,15.045206],[108.066292,15.048223],[108.061031,15.049015],[108.051307,15.042924],[108.035564,15.043387],[108.032806,15.050476],[108.026155,15.058781],[108.023314,15.058031],[108.01929,15.061266],[108.011205,15.061967],[108.003656,15.066177],[108.009202,15.070975],[108.009178,15.074759],[108.000895,15.078665],[107.995289,15.091954],[107.989108,15.093993],[107.988566,15.098753],[107.992168,15.105185],[107.993042,15.110664],[107.997577,15.11661],[108.002155,15.118831],[108.002464,15.122046],[107.999417,15.123976],[107.998348,15.127781],[108.000822,15.130057],[108.000655,15.134375],[108.004485,15.142909],[108.007257,15.14573],[108.020101,15.148849],[108.024961,15.152347],[108.026893,15.154163],[108.026021,15.162668],[108.03084,15.170776],[108.033067,15.17349],[108.038396,15.175473],[108.039733,15.177846],[108.042605,15.178458],[108.036722,15.189699],[108.041901,15.208504],[108.045382,15.207563],[108.051491,15.209749],[108.055052,15.214288],[108.057567,15.214856],[108.059252,15.222243],[108.063233,15.224464],[108.067212,15.231408],[108.069885,15.232931],[108.069216,15.234636],[108.080508,15.237987]]]}},{"type":"Feature","properties":{"code":"20959","name":"Xã Trà Vân","type":"Xã"},"geometry":{"type":"Polygon","coordinates":[[[108.216924,15.149045],[108.225041,15.13476],[108.228778,15.133749],[108.228938,15.13101],[108.237215,15.130046],[108.24221,15.125259],[108.246418,15.123973],[108.249478,15.119636],[108.260256,15.118278],[108.257077,15.115088],[108.257286,15.107721],[108.259542,15.105859],[108.259651,15.102689],[108.258263,15.099667],[108.259064,15.09731],[108.256226,15.093313],[108.257402,15.090828],[108.251046,15.084284],[108.245155,15.083267],[108.241828,15.08049],[108.234965,15.078292],[108.241988,15.064921],[108.237943,15.049326],[108.238434,15.046704],[108.242951,15.042074],[108.240783,15.033382],[108.23691,15.031833],[108.230093,15.03255],[108.224507,15.029354],[108.222885,15.030872],[108.220292,15.029533],[108.216853,15.032355],[108.21079,15.032738],[108.208265,15.037493],[108.199689,15.043921],[108.194399,15.040297],[108.191824,15.048862],[108.177142,15.060177],[108.170231,15.061925],[108.166075,15.059429],[108.162434,15.061128],[108.167174,15.065191],[108.170983,15.072247],[108.17904,15.081734],[108.178116,15.083713],[108.179283,15.086858],[108.172722,15.096345],[108.171936,15.100244],[108.169168,15.101132],[108.163482,15.098768],[108.152528,15.10803],[108.149858,15.109085],[108.147061,15.107256],[108.145246,15.113074],[108.152544,15.123447],[108.174622,15.119573],[108.179141,15.124085],[108.185341,15.125491],[108.190128,15.132021],[108.197624,15.124544],[108.213609,15.138981],[108.216924,15.149045]]]}},{"type":"Feature","properties":{"code":"20920","name":"Xã Trà Đốc","type":"Xã"},"geometry":{"type":"Polygon","coordinates":[[[108.143969,15.430237],[108.145008,15.427756],[108.141488,15.420399],[108.141885,15.416203],[108.147911,15.408339],[108.150494,15.396972],[108.156829,15.392551],[108.151542,15.38676],[108.151227,15.383507],[108.154203,15.379569],[108.16151,15.375873],[108.161772,15.366272],[108.175405,15.35804],[108.174749,15.351867],[108.180126,15.343382],[108.179275,15.340701],[108.173875,15.336232],[108.161911,15.332769],[108.154072,15.333421],[108.150577,15.331334],[108.138899,15.330498],[108.137972,15.327329],[108.12356,15.32244],[108.123277,15.313774],[108.127574,15.285766],[108.10944,15.290342],[108.10849,15.27877],[108.099889,15.274011],[108.096723,15.27035],[108.092839,15.275791],[108.094272,15.279241],[108.089934,15.287111],[108.082545,15.292916],[108.078243,15.304079],[108.078917,15.30769],[108.076458,15.308656],[108.069724,15.307344],[108.064308,15.30949],[108.063216,15.312171],[108.058927,15.314308],[108.051074,15.312588],[108.044707,15.308912],[108.043146,15.303127],[108.038546,15.300631],[108.030881,15.301207],[108.025578,15.309586],[108.01961,15.308352],[108.018836,15.310728],[108.012132,15.312026],[108.008556,15.311241],[108.006652,15.306637],[108.001808,15.309939],[107.994706,15.305555],[107.994401,15.303925],[107.989208,15.303736],[107.983753,15.30031],[107.981634,15.301428],[107.972808,15.300662],[107.96906,15.298462],[107.955505,15.296048],[107.949992,15.296429],[107.948174,15.298134],[107.944994,15.308097],[107.957216,15.315269],[107.959423,15.319885],[107.964561,15.323177],[107.963477,15.328712],[107.952955,15.34217],[107.955544,15.348033],[107.952188,15.353013],[107.954128,15.366598],[107.962946,15.368524],[107.987244,15.367009],[107.991879,15.367725],[107.996525,15.370853],[108.000027,15.370328],[108.005189,15.372699],[108.018072,15.373976],[108.019334,15.379602],[108.013969,15.38336],[108.011637,15.391473],[108.017875,15.392352],[108.021445,15.397955],[108.018007,15.407414],[108.01742,15.416423],[108.018812,15.41832],[108.023034,15.420286],[108.025844,15.416485],[108.030676,15.415761],[108.033036,15.410765],[108.037762,15.410039],[108.045252,15.40427],[108.052326,15.404284],[108.056192,15.407105],[108.058275,15.406842],[108.063576,15.403764],[108.071592,15.395373],[108.086334,15.392113],[108.099123,15.402106],[108.094941,15.410514],[108.095709,15.41603],[108.09667,15.418265],[108.101201,15.419214],[108.10316,15.423194],[108.102544,15.425426],[108.108156,15.432319],[108.115466,15.434176],[108.123432,15.427403],[108.124693,15.429669],[108.134652,15.434299],[108.143969,15.430237]]]}},{"type":"Feature","properties":{"code":"20434","name":"Xã Tân Hiệp","type":"Xã"},"geometry":{"type":"MultiPolygon","coordinates":[[[[108.698406,15.813344],[108.697596,15.811624],[108.690205,15.811804],[108.691982,15.817996],[108.698406,15.813344]]],[[[108.53202,15.904617],[108.53509,15.909761],[108.542081,15.91412],[108.543228,15.91224],[108.540861,15.908507],[108.542456,15.903076],[108.539823,15.903799],[108.5358,15.902041],[108.53202,15.904617]]],[[[108.47603,15.931427],[108.472686,15.931151],[108.472239,15.933876],[108.476509,15.9322],[108.47603,15.931427]]],[[[108.484598,15.948528],[108.482744,15.941665],[108.478838,15.938468],[108.477086,15.944774],[108.480069,15.947691],[108.484598,15.948528]]],[[[108.51222,15.96506],[108.538604,15.956495],[108.536622,15.945528],[108.540159,15.936621],[108.537112,15.929533],[108.53979,15.922976],[108.534631,15.922139],[108.528791,15.931019],[108.524003,15.93265],[108.518974,15.938687],[108.513805,15.938653],[108.511984,15.942963],[108.507549,15.944208],[108.508811,15.946168],[108.507602,15.955639],[108.506223,15.957762],[108.503194,15.957947],[108.504233,15.960553],[108.502213,15.959285],[108.498116,15.96],[108.49336,15.955944],[108.489436,15.962201],[108.483937,15.964892],[108.485206,15.967409],[108.490204,15.9683],[108.493391,15.973774],[108.499149,15.975947],[108.502223,15.979775],[108.510506,15.973754],[108.509621,15.969491],[108.51222,15.96506]]],[[[108.418127,15.972202],[108.416878,15.972922],[108.418265,15.972732],[108.418127,15.972202]]],[[[108.422897,15.973525],[108.423544,15.972365],[108.420557,15.973186],[108.420501,15.973586],[108.422897,15.973525]]],[[[108.452044,15.977656],[108.452113,15.974848],[108.446955,15.967611],[108.442838,15.972094],[108.450001,15.97983],[108.452044,15.977656]]]]}},{"type":"Feature","properties":{"code":"20455","name":"Xã Tây Giang","type":"Xã"},"geometry":{"type":"Polygon","coordinates":[[[107.464177,16.015124],[107.479851,15.999922],[107.488008,15.998672],[107.489599,15.995272],[107.493977,15.993228],[107.494698,15.989219],[107.489175,15.984236],[107.488304,15.981552],[107.490383,15.975777],[107.489855,15.963548],[107.492693,15.960566],[107.491332,15.957309],[107.497313,15.951156],[107.504284,15.951169],[107.510042,15.945489],[107.50886,15.936509],[107.512352,15.931485],[107.509583,15.928187],[107.513183,15.923896],[107.510873,15.917887],[107.51408,15.911124],[107.512462,15.905842],[107.519759,15.903813],[107.522439,15.898919],[107.522172,15.895163],[107.529761,15.894815],[107.534287,15.896733],[107.534551,15.898308],[107.545214,15.894482],[107.553379,15.898071],[107.557166,15.888288],[107.564013,15.882744],[107.565649,15.877747],[107.571445,15.876504],[107.583998,15.877505],[107.584108,15.880467],[107.587547,15.884282],[107.593509,15.881627],[107.598811,15.876393],[107.598133,15.868516],[107.593653,15.866216],[107.598888,15.855838],[107.60248,15.855116],[107.605225,15.852135],[107.606464,15.847328],[107.611251,15.842954],[107.613191,15.837983],[107.613068,15.836254],[107.607698,15.831282],[107.606113,15.817797],[107.608176,15.814834],[107.605911,15.813558],[107.61182,15.7994],[107.603256,15.798724],[107.592483,15.793712],[107.606192,15.783659],[107.592299,15.773796],[107.588251,15.769114],[107.587164,15.771972],[107.57974,15.777267],[107.570971,15.773739],[107.566057,15.774466],[107.562647,15.769296],[107.548408,15.768512],[107.541333,15.778044],[107.539366,15.776235],[107.532965,15.776879],[107.524999,15.773342],[107.522019,15.773966],[107.522632,15.771782],[107.517901,15.768131],[107.517028,15.765023],[107.508291,15.767594],[107.504836,15.764125],[107.499996,15.762738],[107.488901,15.762471],[107.479233,15.766281],[107.472654,15.765926],[107.469406,15.768565],[107.464843,15.767248],[107.46295,15.768639],[107.46238,15.762888],[107.458921,15.759821],[107.456411,15.759958],[107.454543,15.757318],[107.455667,15.751205],[107.452485,15.747593],[107.440867,15.745771],[107.436771,15.741641],[107.428079,15.740572],[107.422103,15.736538],[107.411489,15.736722],[107.408548,15.739645],[107.402315,15.741598],[107.402234,15.744716],[107.400323,15.746286],[107.401107,15.748614],[107.397475,15.7559],[107.399926,15.759202],[107.395897,15.768711],[107.398797,15.776543],[107.397593,15.779031],[107.399627,15.782263],[107.396992,15.784628],[107.397151,15.798139],[107.392007,15.804705],[107.390356,15.810756],[107.384831,15.811955],[107.378211,15.820308],[107.381792,15.823082],[107.378274,15.82688],[107.376916,15.831116],[107.38172,15.834718],[107.382562,15.845539],[107.388454,15.859],[107.387293,15.864837],[107.378018,15.873334],[107.377786,15.877785],[107.379981,15.878813],[107.380281,15.882029],[107.386083,15.889094],[107.388698,15.890598],[107.387493,15.892339],[107.398573,15.893807],[107.401643,15.899265],[107.40671,15.901109],[107.406053,15.903175],[107.409263,15.909815],[107.41617,15.913656],[107.419663,15.926436],[107.422831,15.926338],[107.428193,15.930387],[107.428805,15.933714],[107.426806,15.936409],[107.431287,15.946685],[107.432547,15.956733],[107.434336,15.956991],[107.435187,15.961211],[107.438952,15.964771],[107.439936,15.970686],[107.447201,15.982137],[107.443296,15.990487],[107.44832,15.989952],[107.450818,15.991377],[107.455605,15.999113],[107.456187,16.005481],[107.464177,16.015124]]]}},{"type":"Feature","properties":{"code":"20380","name":"Xã Tây Hồ","type":"Xã"},"geometry":{"type":"Polygon","coordinates":[[[108.402237,15.631831],[108.407619,15.628882],[108.41644,15.631556],[108.416341,15.627026],[108.414833,15.625615],[108.415806,15.623596],[108.420078,15.62319],[108.428448,15.619166],[108.432654,15.619833],[108.434093,15.62252],[108.437132,15.62344],[108.435537,15.625578],[108.442411,15.628834],[108.452749,15.613946],[108.454377,15.60857],[108.449186,15.605565],[108.447736,15.599506],[108.442026,15.591474],[108.436597,15.59277],[108.434746,15.590382],[108.430947,15.589504],[108.431576,15.586374],[108.418438,15.582782],[108.414034,15.562148],[108.409977,15.562466],[108.405587,15.560512],[108.402464,15.562184],[108.400327,15.561376],[108.394796,15.567639],[108.388948,15.566221],[108.387324,15.567908],[108.383266,15.567509],[108.383465,15.563248],[108.381385,15.561249],[108.383227,15.559757],[108.384441,15.554811],[108.382162,15.554287],[108.376694,15.556606],[108.362546,15.545876],[108.35717,15.547707],[108.351455,15.54597],[108.345056,15.550505],[108.339607,15.549596],[108.329165,15.554044],[108.323054,15.552811],[108.322753,15.562674],[108.317637,15.566636],[108.32096,15.567073],[108.330413,15.576784],[108.328017,15.581459],[108.324464,15.582858],[108.322853,15.588648],[108.333315,15.601376],[108.345777,15.603232],[108.356004,15.60673],[108.359753,15.604545],[108.362463,15.608064],[108.370789,15.611495],[108.374771,15.611195],[108.377586,15.607591],[108.383397,15.608467],[108.388766,15.612031],[108.390906,15.618221],[108.390738,15.625608],[108.393827,15.625931],[108.397466,15.629171],[108.400421,15.629154],[108.402237,15.631831]]]}},{"type":"Feature","properties":{"code":"20767","name":"Xã Việt An","type":"Xã"},"geometry":{"type":"Polygon","coordinates":[[[108.11917,15.644136],[108.122263,15.642476],[108.127155,15.643103],[108.130561,15.64051],[108.13113,15.636844],[108.139028,15.631769],[108.141138,15.628213],[108.143523,15.627997],[108.14595,15.625243],[108.147908,15.626193],[108.15327,15.623011],[108.155578,15.619683],[108.159977,15.619303],[108.162178,15.62292],[108.169147,15.623385],[108.177155,15.619878],[108.178945,15.621712],[108.183482,15.620445],[108.191873,15.6238],[108.206332,15.620819],[108.217619,15.622677],[108.222017,15.619346],[108.229676,15.621476],[108.23295,15.619226],[108.229356,15.616311],[108.229623,15.614487],[108.234507,15.613983],[108.238421,15.611454],[108.238185,15.608834],[108.241749,15.606944],[108.24526,15.608027],[108.251812,15.606912],[108.257877,15.600108],[108.252957,15.590291],[108.245541,15.587997],[108.237385,15.582075],[108.236196,15.577422],[108.232761,15.578228],[108.223637,15.572149],[108.217693,15.573096],[108.216731,15.565592],[108.21966,15.565362],[108.221314,15.56173],[108.21646,15.561483],[108.211864,15.557924],[108.204509,15.555955],[108.204331,15.554193],[108.207077,15.551327],[108.20465,15.549236],[108.206096,15.547673],[108.205607,15.544818],[108.201665,15.54348],[108.203714,15.535841],[108.201237,15.533644],[108.205067,15.528947],[108.208396,15.530681],[108.209321,15.526011],[108.210548,15.527532],[108.212596,15.526268],[108.216958,15.510129],[108.214746,15.507162],[108.218771,15.502136],[108.217276,15.49876],[108.221212,15.495722],[108.212955,15.491516],[108.205503,15.496534],[108.191841,15.50076],[108.187941,15.499921],[108.17092,15.50843],[108.170866,15.500612],[108.16388,15.497142],[108.157003,15.501746],[108.149806,15.502783],[108.147334,15.506378],[108.142895,15.507298],[108.135593,15.504507],[108.13296,15.501534],[108.130387,15.507967],[108.125506,15.512816],[108.125846,15.516665],[108.129203,15.520405],[108.146346,15.524811],[108.151827,15.529469],[108.154823,15.534765],[108.153515,15.539884],[108.149157,15.539913],[108.14504,15.542667],[108.133377,15.541261],[108.129709,15.538004],[108.126813,15.539363],[108.120094,15.551549],[108.12134,15.568354],[108.131413,15.569349],[108.132009,15.5779],[108.135976,15.580409],[108.128035,15.582615],[108.128532,15.586432],[108.126124,15.587087],[108.126539,15.592716],[108.124848,15.59525],[108.116063,15.589194],[108.115526,15.591127],[108.11208,15.59164],[108.112048,15.596479],[108.106079,15.600565],[108.104894,15.607171],[108.10026,15.609117],[108.106727,15.63219],[108.105583,15.635678],[108.100903,15.639018],[108.100125,15.642293],[108.103435,15.644324],[108.110153,15.639863],[108.11917,15.644136]]]}},{"type":"Feature","properties":{"code":"20539","name":"Xã Vu Gia","type":"Xã"},"geometry":{"type":"Polygon","coordinates":[[[108.066282,15.874682],[108.077657,15.871928],[108.076988,15.86817],[108.080912,15.864006],[108.091424,15.864495],[108.098213,15.871028],[108.103312,15.870787],[108.105298,15.86551],[108.101491,15.864234],[108.103508,15.86373],[108.102591,15.859791],[108.098564,15.858958],[108.099117,15.850887],[108.101079,15.848744],[108.108973,15.84723],[108.114925,15.84274],[108.108564,15.838545],[108.105165,15.833882],[108.101846,15.833602],[108.099706,15.834421],[108.099418,15.836435],[108.094135,15.836562],[108.089263,15.838924],[108.082134,15.833997],[108.081123,15.84073],[108.072825,15.840361],[108.072095,15.841729],[108.061009,15.838656],[108.05541,15.83904],[108.056091,15.84182],[108.042613,15.84652],[108.042206,15.844622],[108.039409,15.845267],[108.039121,15.841312],[108.030754,15.837057],[108.025475,15.837979],[108.020437,15.842321],[108.014281,15.841096],[108.012965,15.844394],[108.014159,15.848193],[108.021159,15.850728],[108.027801,15.855353],[108.029545,15.851424],[108.033784,15.85042],[108.036414,15.852853],[108.035517,15.857802],[108.045955,15.855583],[108.051004,15.856405],[108.051956,15.857003],[108.047089,15.862044],[108.049298,15.865898],[108.051403,15.865025],[108.05935,15.867483],[108.061059,15.869269],[108.060688,15.871727],[108.066282,15.874682]]]}},{"type":"Feature","properties":{"code":"20650","name":"Xã Xuân Phú","type":"Xã"},"geometry":{"type":"Polygon","coordinates":[[[108.298082,15.828932],[108.300119,15.827125],[108.300212,15.824692],[108.304098,15.824473],[108.312613,15.819691],[108.311431,15.818035],[108.312408,15.81473],[108.313128,15.819771],[108.31559,15.821556],[108.31989,15.820045],[108.321131,15.814476],[108.324757,15.811978],[108.325937,15.81412],[108.331239,15.81515],[108.339112,15.803927],[108.352571,15.776405],[108.352656,15.773022],[108.347963,15.767556],[108.345408,15.7698],[108.336125,15.765626],[108.331993,15.77301],[108.325786,15.773123],[108.319476,15.767227],[108.318698,15.768202],[108.312125,15.766135],[108.30736,15.76739],[108.290173,15.759577],[108.291585,15.757197],[108.289053,15.754959],[108.280879,15.755108],[108.279845,15.753795],[108.272154,15.75284],[108.269481,15.753895],[108.268086,15.758026],[108.261024,15.765834],[108.261403,15.767536],[108.267897,15.769377],[108.268696,15.772067],[108.266683,15.78285],[108.261708,15.786814],[108.262635,15.790233],[108.261352,15.792157],[108.264521,15.796483],[108.2666,15.795795],[108.267917,15.799565],[108.272506,15.802978],[108.271432,15.810404],[108.273008,15.81049],[108.272638,15.81561],[108.274607,15.815686],[108.272421,15.818841],[108.279314,15.822498],[108.279181,15.824117],[108.283685,15.824873],[108.283469,15.828731],[108.289366,15.824418],[108.291863,15.828714],[108.298082,15.828932]]]}},{"type":"Feature","properties":{"code":"20569","name":"Xã Điện Bàn Tây","type":"Xã"},"geometry":{"type":"Polygon","coordinates":[[[108.184029,15.928101],[108.182451,15.924016],[108.185546,15.920018],[108.184575,15.910455],[108.189443,15.907062],[108.187929,15.902407],[108.198607,15.904789],[108.199066,15.900682],[108.206647,15.903318],[108.207999,15.902969],[108.207909,15.898935],[108.212814,15.901119],[108.210952,15.898464],[108.221095,15.899988],[108.222259,15.892235],[108.221086,15.889454],[108.213023,15.886314],[108.214068,15.884859],[108.212825,15.881008],[108.219396,15.879053],[108.220409,15.882411],[108.225767,15.883587],[108.225982,15.876699],[108.220702,15.877389],[108.218181,15.875767],[108.227964,15.872765],[108.225448,15.869003],[108.219215,15.868957],[108.213292,15.870965],[108.203808,15.868931],[108.196286,15.858975],[108.191122,15.85599],[108.189613,15.84987],[108.179779,15.858531],[108.182174,15.861702],[108.175895,15.869282],[108.160129,15.866723],[108.153077,15.862152],[108.148466,15.856032],[108.145909,15.856609],[108.145381,15.862455],[108.147376,15.863159],[108.147546,15.865656],[108.14006,15.866188],[108.13369,15.868636],[108.133568,15.872586],[108.137099,15.875474],[108.134111,15.882588],[108.13615,15.883222],[108.135578,15.885546],[108.132744,15.8859],[108.132131,15.890102],[108.130002,15.889863],[108.130436,15.893473],[108.13335,15.894792],[108.138204,15.892629],[108.137709,15.900166],[108.140431,15.900916],[108.145236,15.8953],[108.146667,15.89544],[108.147554,15.89932],[108.153655,15.902578],[108.155934,15.906099],[108.167931,15.910138],[108.167552,15.912718],[108.169461,15.915507],[108.163455,15.919089],[108.165491,15.921783],[108.17464,15.92465],[108.176174,15.926632],[108.184029,15.928101]]]}},{"type":"Feature","properties":{"code":"20467","name":"Xã Đông Giang","type":"Xã"},"geometry":{"type":"Polygon","coordinates":[[[107.656131,16.019323],[107.664091,16.018655],[107.668607,16.013435],[107.672185,16.011851],[107.672848,16.006455],[107.676506,16.004289],[107.677033,15.999098],[107.694978,15.994875],[107.7052,15.994698],[107.724591,16.008164],[107.727724,15.998458],[107.737057,15.993991],[107.738955,15.990411],[107.735396,15.985409],[107.732868,15.986383],[107.729144,15.984847],[107.726157,15.978223],[107.716859,15.974616],[107.719675,15.969599],[107.717505,15.965139],[107.713193,15.962187],[107.708817,15.953421],[107.709623,15.947766],[107.711901,15.944892],[107.712248,15.940986],[107.710315,15.937394],[107.711809,15.930395],[107.719044,15.924269],[107.715442,15.917506],[107.719152,15.903812],[107.712749,15.901402],[107.700413,15.89082],[107.695815,15.884728],[107.696129,15.880228],[107.689396,15.878525],[107.679975,15.882968],[107.679244,15.881913],[107.675281,15.882798],[107.671802,15.874769],[107.671821,15.871167],[107.674499,15.867376],[107.673246,15.862839],[107.669791,15.863696],[107.66355,15.860039],[107.653638,15.861082],[107.65173,15.871759],[107.645742,15.874276],[107.645774,15.869597],[107.637902,15.866032],[107.631745,15.853036],[107.62388,15.846168],[107.620862,15.846437],[107.611812,15.840867],[107.606464,15.847328],[107.605225,15.852135],[107.60248,15.855116],[107.598888,15.855838],[107.593653,15.866216],[107.598133,15.868516],[107.598811,15.876393],[107.593509,15.881627],[107.587509,15.884423],[107.592723,15.893153],[107.611363,15.904433],[107.6102,15.915578],[107.613525,15.919744],[107.607387,15.920305],[107.607073,15.922764],[107.61436,15.928526],[107.616622,15.932557],[107.612066,15.93518],[107.614605,15.939771],[107.609946,15.950784],[107.614061,15.956703],[107.615027,15.964473],[107.621821,15.971172],[107.625035,15.978369],[107.627161,15.978418],[107.628468,15.980669],[107.626432,15.98669],[107.630491,15.988319],[107.633452,15.993701],[107.636472,15.995411],[107.63862,15.994727],[107.646336,15.998952],[107.648485,16.002028],[107.647431,16.003618],[107.649657,16.008472],[107.655036,16.010343],[107.65648,16.013358],[107.65499,16.016396],[107.656131,16.019323]]]}},{"type":"Feature","properties":{"code":"20500","name":"Xã Đại Lộc","type":"Xã"},"geometry":{"type":"Polygon","coordinates":[[[108.116702,15.941931],[108.137632,15.930522],[108.144199,15.933342],[108.14847,15.93151],[108.150746,15.932612],[108.152531,15.927599],[108.148214,15.921077],[108.133392,15.914762],[108.1344,15.90942],[108.137873,15.906082],[108.140146,15.900831],[108.137709,15.900166],[108.138594,15.892943],[108.132273,15.894746],[108.129449,15.891546],[108.130002,15.889863],[108.132131,15.890102],[108.132744,15.8859],[108.135884,15.884945],[108.13615,15.883222],[108.1342,15.881874],[108.137099,15.875474],[108.133568,15.872586],[108.13369,15.868636],[108.14006,15.866188],[108.147546,15.865656],[108.145358,15.860765],[108.145909,15.856609],[108.148466,15.856032],[108.147932,15.851278],[108.145342,15.848958],[108.119251,15.845041],[108.114925,15.84274],[108.108973,15.84723],[108.101079,15.848744],[108.099117,15.850887],[108.098564,15.858958],[108.102591,15.859791],[108.103508,15.86373],[108.101491,15.864234],[108.105298,15.86551],[108.103312,15.870787],[108.098213,15.871028],[108.091424,15.864495],[108.080912,15.864006],[108.076988,15.86817],[108.081912,15.87194],[108.077166,15.876679],[108.082277,15.884802],[108.082099,15.887678],[108.078301,15.888855],[108.075518,15.895117],[108.071435,15.895722],[108.065379,15.903403],[108.057775,15.907581],[108.051549,15.914501],[108.047125,15.915624],[108.039495,15.91336],[108.033927,15.917251],[108.032946,15.919749],[108.04132,15.934731],[108.051012,15.93201],[108.060614,15.933882],[108.061929,15.929302],[108.068613,15.926123],[108.080455,15.925469],[108.086815,15.92776],[108.088336,15.934807],[108.093292,15.936265],[108.097414,15.941131],[108.100995,15.941007],[108.109261,15.948004],[108.114373,15.945321],[108.116702,15.941931]]]}},{"type":"Feature","properties":{"code":"20716","name":"Xã Đắc Pring","type":"Xã"},"geometry":{"type":"Polygon","coordinates":[[[107.65439,15.613957],[107.665019,15.604943],[107.668157,15.590082],[107.673594,15.586735],[107.675092,15.582407],[107.676791,15.581884],[107.676222,15.579494],[107.681283,15.573981],[107.68676,15.562168],[107.689899,15.560608],[107.688425,15.558129],[107.691702,15.557061],[107.691103,15.559297],[107.693374,15.558152],[107.695141,15.560477],[107.698424,15.551649],[107.695699,15.549853],[107.694802,15.545689],[107.698754,15.545844],[107.698446,15.539676],[107.701211,15.537617],[107.702468,15.531501],[107.704975,15.529511],[107.700687,15.529507],[107.699998,15.524671],[107.703593,15.520935],[107.702919,15.516947],[107.707013,15.514106],[107.702978,15.506912],[107.705234,15.502902],[107.702399,15.501249],[107.701455,15.498447],[107.703116,15.493692],[107.697863,15.491583],[107.696066,15.488438],[107.702035,15.483423],[107.705479,15.483511],[107.706728,15.480302],[107.704039,15.479094],[107.701874,15.473863],[107.699638,15.473755],[107.69899,15.470805],[107.693608,15.467888],[107.695906,15.46528],[107.694408,15.461954],[107.690959,15.463541],[107.681762,15.453538],[107.681559,15.443229],[107.676986,15.433137],[107.678509,15.432012],[107.677385,15.428492],[107.679567,15.421439],[107.677338,15.418435],[107.678348,15.416221],[107.676516,15.415968],[107.670456,15.407548],[107.667759,15.407282],[107.669075,15.400376],[107.661859,15.390397],[107.661281,15.385931],[107.655569,15.39334],[107.654677,15.397518],[107.642457,15.405967],[107.638144,15.41556],[107.632254,15.417458],[107.624008,15.414534],[107.62094,15.417684],[107.61094,15.41734],[107.60877,15.420448],[107.603517,15.421414],[107.599923,15.414687],[107.595316,15.412849],[107.589748,15.413019],[107.575202,15.400556],[107.573884,15.397728],[107.57127,15.398171],[107.564153,15.394552],[107.560923,15.39443],[107.555067,15.39733],[107.54638,15.405337],[107.530884,15.40518],[107.526892,15.410482],[107.523382,15.411734],[107.518376,15.4166],[107.519283,15.425193],[107.522722,15.427509],[107.523387,15.433029],[107.527231,15.437698],[107.527232,15.442277],[107.522225,15.446413],[107.522528,15.457097],[107.518238,15.460864],[107.515851,15.460353],[107.517814,15.464253],[107.51527,15.465465],[107.51383,15.473013],[107.507358,15.474639],[107.504968,15.483303],[107.500236,15.486542],[107.496098,15.492335],[107.496274,15.494741],[107.494223,15.496126],[107.494805,15.498624],[107.491582,15.501243],[107.490727,15.504715],[107.49204,15.507307],[107.490226,15.509323],[107.49222,15.514414],[107.494172,15.515632],[107.493403,15.520571],[107.494948,15.522599],[107.500805,15.523063],[107.50645,15.526232],[107.506536,15.539908],[107.508259,15.54042],[107.509025,15.544168],[107.51163,15.543777],[107.512781,15.547423],[107.515325,15.548047],[107.515276,15.550924],[107.521254,15.55825],[107.520112,15.561793],[107.521959,15.562705],[107.520056,15.564707],[107.523556,15.567891],[107.521392,15.569534],[107.519591,15.574557],[107.51949,15.576019],[107.521153,15.576447],[107.519574,15.582001],[107.522153,15.585471],[107.525251,15.584853],[107.527649,15.586611],[107.529592,15.591124],[107.532601,15.591853],[107.532824,15.594353],[107.540853,15.598497],[107.542981,15.603231],[107.547023,15.604832],[107.552291,15.604574],[107.554795,15.606447],[107.558613,15.60559],[107.560026,15.601218],[107.570561,15.59913],[107.584718,15.608912],[107.588136,15.608806],[107.594261,15.613003],[107.601177,15.612536],[107.606393,15.60772],[107.615277,15.606483],[107.619073,15.60853],[107.625373,15.604327],[107.635795,15.601828],[107.639438,15.604385],[107.643299,15.603214],[107.645407,15.606028],[107.651978,15.609641],[107.65439,15.613957]]]}},{"type":"Feature","properties":{"code":"20818","name":"Xã Đồng Dương","type":"Xã"},"geometry":{"type":"Polygon","coordinates":[[[108.249652,15.649178],[108.2605,15.654908],[108.261692,15.656814],[108.260495,15.65984],[108.288392,15.681787],[108.287161,15.686167],[108.28396,15.684102],[108.27963,15.684824],[108.279395,15.689022],[108.275853,15.690474],[108.27534,15.697476],[108.286992,15.702557],[108.296662,15.700964],[108.297655,15.704092],[108.298174,15.698213],[108.307172,15.693757],[108.310515,15.698186],[108.312504,15.697049],[108.310885,15.694549],[108.318501,15.690807],[108.313584,15.686036],[108.311594,15.681397],[108.314998,15.680605],[108.31642,15.675396],[108.319674,15.677412],[108.3284,15.673721],[108.33179,15.669118],[108.331944,15.665906],[108.334951,15.666499],[108.336976,15.663607],[108.341277,15.661537],[108.339773,15.660527],[108.339463,15.655908],[108.335505,15.654556],[108.335603,15.650653],[108.332303,15.649156],[108.329376,15.644509],[108.326702,15.644635],[108.325095,15.642504],[108.322724,15.643535],[108.320643,15.641141],[108.317577,15.641632],[108.316994,15.633752],[108.321162,15.631644],[108.321223,15.628478],[108.314445,15.621551],[108.304774,15.616406],[108.29364,15.603657],[108.278902,15.601485],[108.277328,15.598667],[108.273072,15.598103],[108.260827,15.590868],[108.252957,15.590291],[108.257951,15.599883],[108.251812,15.606912],[108.24526,15.608027],[108.241749,15.606944],[108.238185,15.608834],[108.238421,15.611454],[108.234507,15.613983],[108.229623,15.614487],[108.229356,15.616311],[108.232924,15.619064],[108.231773,15.620844],[108.229325,15.621504],[108.222017,15.619346],[108.217619,15.622677],[108.220109,15.62288],[108.224473,15.62666],[108.227192,15.624995],[108.228528,15.632693],[108.233852,15.635121],[108.236182,15.63935],[108.242328,15.639404],[108.239566,15.641881],[108.239911,15.644882],[108.248185,15.645942],[108.249652,15.649178]]]}},{"type":"Feature","properties":{"code":"20977","name":"Xã Đức Phú","type":"Xã"},"geometry":{"type":"Polygon","coordinates":[[[108.513769,15.490196],[108.51564,15.487614],[108.520167,15.487568],[108.523326,15.484151],[108.52757,15.483338],[108.529883,15.48116],[108.532726,15.48341],[108.537285,15.481978],[108.538199,15.480192],[108.536182,15.475348],[108.537922,15.472835],[108.542867,15.472435],[108.550088,15.467317],[108.561633,15.454807],[108.56795,15.445485],[108.571842,15.444518],[108.579262,15.435445],[108.581777,15.433832],[108.58047,15.435809],[108.581649,15.436801],[108.582932,15.434578],[108.582847,15.432779],[108.576661,15.434841],[108.576001,15.432425],[108.573005,15.434347],[108.573278,15.43264],[108.569787,15.432441],[108.571536,15.429047],[108.572941,15.429944],[108.574843,15.427892],[108.571378,15.4265],[108.575563,15.426653],[108.577018,15.425194],[108.578645,15.417246],[108.572037,15.417587],[108.568093,15.416043],[108.566369,15.414482],[108.566133,15.410404],[108.562328,15.409626],[108.560446,15.402297],[108.562635,15.397317],[108.556645,15.395412],[108.548026,15.400917],[108.538279,15.400773],[108.533459,15.407002],[108.526446,15.406149],[108.52326,15.408401],[108.517198,15.405541],[108.514061,15.407576],[108.512248,15.406314],[108.508149,15.410584],[108.504536,15.407448],[108.49913,15.406617],[108.49909,15.402788],[108.49701,15.402048],[108.494375,15.403959],[108.485308,15.405692],[108.480596,15.405768],[108.478012,15.403884],[108.467422,15.40645],[108.465905,15.403536],[108.466286,15.399845],[108.460449,15.402745],[108.455166,15.411626],[108.455276,15.414243],[108.449353,15.416305],[108.443152,15.413481],[108.439513,15.414033],[108.432545,15.424587],[108.423226,15.432946],[108.423468,15.439093],[108.421746,15.442679],[108.42395,15.447953],[108.422558,15.454684],[108.429835,15.455679],[108.434237,15.458412],[108.453776,15.457292],[108.464274,15.458846],[108.468095,15.456679],[108.469427,15.451024],[108.471072,15.452512],[108.476624,15.448321],[108.476812,15.459027],[108.472508,15.463127],[108.470538,15.462997],[108.470257,15.464303],[108.473071,15.465984],[108.469745,15.466388],[108.471849,15.467685],[108.469697,15.467786],[108.471081,15.469994],[108.473602,15.468888],[108.474047,15.470315],[108.471671,15.471656],[108.472509,15.473195],[108.470352,15.473212],[108.470563,15.475151],[108.46837,15.475551],[108.470881,15.476869],[108.472094,15.475885],[108.474208,15.477845],[108.470272,15.479754],[108.475674,15.479936],[108.484477,15.476257],[108.494633,15.484297],[108.498513,15.482863],[108.50079,15.487377],[108.498824,15.487723],[108.497281,15.48977],[108.501634,15.487707],[108.504863,15.483972],[108.508369,15.488429],[108.510604,15.486954],[108.509154,15.489864],[108.513769,15.490196]]]}},{"type":"Feature","properties":{"code":"20333","name":"Đặc khu Hoàng Sa","type":"Đặc khu"},"geometry":{"type":"MultiPolygon","coordinates":[[[[111.185277,15.781742],[111.189409,15.783119],[111.202491,15.781052],[111.210066,15.783117],[111.215918,15.782428],[111.220738,15.779674],[111.220049,15.774854],[111.216262,15.771411],[111.215229,15.768313],[111.211441,15.766592],[111.20731,15.767969],[111.198344,15.766722],[111.18803,15.768659],[111.185277,15.776234],[111.185277,15.781742]]],[[[111.208689,15.790347],[111.205481,15.79263],[111.205247,15.797578],[111.211789,15.802053],[111.217986,15.802052],[111.224182,15.794822],[111.223149,15.79069],[111.208689,15.790347]]],[[[111.765231,16.032455],[111.766929,16.052799],[111.772017,16.071448],[111.797448,16.078228],[111.846614,16.073137],[111.851699,16.057878],[111.848306,16.040924],[111.782185,16.030758],[111.765231,16.032455]]],[[[111.669697,16.183567],[111.628999,16.164788],[111.621172,16.159571],[111.612825,16.161659],[111.592476,16.159052],[111.589868,16.16427],[111.580998,16.162705],[111.551781,16.165316],[111.540825,16.171578],[111.539484,16.183295],[111.537175,16.189318],[111.537697,16.195057],[111.543959,16.202361],[111.567961,16.223229],[111.575788,16.237315],[111.587267,16.23888],[111.594573,16.253488],[111.602921,16.254531],[111.6127,16.262835],[111.621495,16.262834],[111.629533,16.260154],[111.634559,16.2461],[111.572364,16.205674],[111.564324,16.187811],[111.576827,16.178878],[111.606302,16.179769],[111.651856,16.198522],[111.678653,16.205665],[111.717476,16.200294],[111.717951,16.193157],[111.712406,16.181672],[111.691088,16.186174],[111.680131,16.182001],[111.669697,16.183567]]],[[[111.824658,16.222684],[111.823092,16.21851],[111.816831,16.208076],[111.805351,16.196077],[111.79596,16.196078],[111.776654,16.185644],[111.771959,16.188254],[111.744481,16.182039],[111.736708,16.191369],[111.738389,16.19557],[111.741174,16.194941],[111.759932,16.201192],[111.783155,16.212801],[111.796554,16.221732],[111.799235,16.236022],[111.787625,16.245849],[111.766189,16.252103],[111.727783,16.257465],[111.70724,16.262826],[111.675482,16.259049],[111.670621,16.273548],[111.671494,16.284022],[111.68275,16.28635],[111.698924,16.286349],[111.712489,16.279565],[111.752663,16.281648],[111.773533,16.280081],[111.785533,16.276949],[111.800661,16.25973],[111.805879,16.258165],[111.816835,16.250859],[111.822573,16.244076],[111.82205,16.230511],[111.824658,16.222684]]],[[[111.516383,16.430157],[111.506029,16.431614],[111.501661,16.43485],[111.501014,16.440837],[111.528518,16.434848],[111.544211,16.429022],[111.541299,16.424168],[111.537901,16.423198],[111.530621,16.428052],[111.52609,16.425626],[111.521236,16.425303],[111.518324,16.425788],[111.516383,16.430157]]],[[[111.53224,16.444555],[111.525607,16.44763],[111.502309,16.452],[111.500809,16.453377],[111.502633,16.456854],[111.505869,16.458795],[111.512988,16.458471],[111.516709,16.454264],[111.525284,16.456529],[111.528682,16.455881],[111.532726,16.452645],[111.539845,16.455233],[111.544861,16.450864],[111.546478,16.444716],[111.545022,16.44326],[111.53224,16.444555]]],[[[111.571881,16.459922],[111.570102,16.475293],[111.572206,16.475939],[111.575927,16.473998],[111.581427,16.467364],[111.592914,16.461214],[111.619931,16.441473],[111.618151,16.438723],[111.612928,16.438906],[111.601811,16.447138],[111.584499,16.446654],[111.581911,16.448919],[111.58094,16.453773],[111.574307,16.456362],[111.571881,16.459922]]],[[[111.612977,16.476745],[111.61864,16.474964],[111.620581,16.468816],[111.620095,16.459432],[111.61702,16.458462],[111.612815,16.465257],[111.596799,16.482571],[111.597123,16.48613],[111.603433,16.488233],[111.609904,16.48532],[111.612977,16.476745]]],[[[111.596638,16.493411],[111.595829,16.491631],[111.589357,16.491794],[111.58871,16.494706],[111.592917,16.495676],[111.596638,16.493411]]],[[[111.761147,16.467672],[111.750092,16.453395],[111.744105,16.452475],[111.738577,16.442343],[111.731669,16.438659],[111.72476,16.438199],[111.722919,16.445568],[111.749173,16.477805],[111.751477,16.484253],[111.751478,16.492082],[111.740427,16.516493],[111.739967,16.523862],[111.730758,16.545969],[111.730754,16.553169],[111.735825,16.556101],[111.742733,16.55564],[111.748259,16.550573],[111.755628,16.547349],[111.766221,16.547348],[111.772668,16.542281],[111.774509,16.529846],[111.778193,16.526161],[111.770823,16.511884],[111.7699,16.495765],[111.766675,16.485633],[111.76299,16.480567],[111.764832,16.475501],[111.761147,16.467672]]],[[[111.649877,16.576547],[111.654871,16.585035],[111.663359,16.58753],[111.668602,16.585782],[111.667851,16.568806],[111.664221,16.557291],[111.655867,16.553578],[111.65312,16.554078],[111.648877,16.561818],[111.645382,16.561818],[111.641887,16.564315],[111.641139,16.570806],[111.649877,16.576547]]],[[[111.709043,16.562062],[111.705797,16.560065],[111.697469,16.558732],[111.699309,16.58553],[111.700058,16.589275],[111.702804,16.589774],[111.710792,16.58478],[111.711291,16.581035],[111.708794,16.575793],[111.71129,16.568802],[111.71079,16.565557],[111.709043,16.562062]]],[[[111.529295,17.085635],[111.522252,17.077831],[111.513877,17.081829],[111.539385,17.09458],[111.539574,17.086586],[111.534815,17.083731],[111.529295,17.085635]]],[[[111.462103,17.09573],[111.468386,17.104295],[111.477142,17.108292],[111.482091,17.10772],[111.485137,17.111527],[111.487231,17.112098],[111.495987,17.10848],[111.495796,17.101247],[111.494082,17.098772],[111.457532,17.065274],[111.448205,17.067369],[111.446683,17.071176],[111.44973,17.088688],[111.451824,17.091924],[111.462103,17.09573]]],[[[111.533677,17.119707],[111.537293,17.114187],[111.536531,17.112854],[111.504172,17.110383],[111.505124,17.112286],[111.515403,17.117044],[111.520542,17.115901],[111.526253,17.120279],[111.533677,17.119707]]],[[[112.224073,15.700428],[112.225911,15.715118],[112.245194,15.733479],[112.260803,15.738987],[112.269984,15.739904],[112.277329,15.734395],[112.278246,15.722459],[112.270899,15.707769],[112.252535,15.695834],[112.231418,15.693082],[112.224073,15.700428]]],[[[112.44526,16.029474],[112.445368,16.026006],[112.442148,16.026985],[112.437376,16.031965],[112.43468,16.044622],[112.436755,16.044414],[112.438829,16.040472],[112.438621,16.036737],[112.44526,16.029474]]],[[[112.412461,16.286231],[112.413247,16.290026],[112.416257,16.28767],[112.422015,16.288193],[112.423324,16.286492],[112.415863,16.28309],[112.409319,16.276677],[112.400026,16.277725],[112.391388,16.271836],[112.384059,16.278773],[112.409581,16.284792],[112.412461,16.286231]]],[[[112.351733,16.293566],[112.356052,16.294482],[112.36024,16.290947],[112.361811,16.291602],[112.364691,16.2988],[112.36757,16.300239],[112.37647,16.297359],[112.379218,16.294741],[112.376338,16.291862],[112.360894,16.28545],[112.357098,16.281786],[112.344402,16.278515],[112.337465,16.274458],[112.333278,16.280348],[112.332493,16.286369],[112.342833,16.288724],[112.347021,16.286499],[112.351733,16.293566]]],[[[112.061808,16.362325],[112.070003,16.362103],[112.072218,16.360331],[112.073989,16.353465],[112.079969,16.351028],[112.084841,16.346819],[112.084619,16.34394],[112.062026,16.324451],[112.056046,16.324231],[112.050067,16.328439],[112.039435,16.323568],[112.035227,16.324897],[112.033234,16.331099],[112.031241,16.332206],[112.028805,16.331763],[112.022603,16.323569],[112.018394,16.323127],[112.011086,16.328221],[112.000455,16.324014],[111.99514,16.328666],[111.985837,16.324901],[111.980522,16.329996],[111.977864,16.329553],[111.976535,16.326453],[111.970333,16.322466],[111.961253,16.324682],[111.959105,16.327512],[111.958969,16.333886],[111.964942,16.355446],[111.978753,16.360561],[111.986506,16.369641],[111.992707,16.37119],[111.998244,16.36676],[112.001788,16.371633],[112.00799,16.37429],[112.012641,16.374068],[112.022164,16.369194],[112.02748,16.373624],[112.043869,16.366313],[112.04697,16.369192],[112.055165,16.370077],[112.058708,16.364097],[112.061808,16.362325]]],[[[112.498334,16.378779],[112.500706,16.379337],[112.510053,16.378918],[112.514238,16.368453],[112.497216,16.362595],[112.481311,16.359527],[112.479498,16.360923],[112.480754,16.367898],[112.486196,16.374037],[112.494009,16.374036],[112.498334,16.378779]]],[[[112.226849,16.737769],[112.215376,16.73777],[112.212266,16.746132],[112.200599,16.748272],[112.199627,16.750605],[112.200795,16.758772],[112.204684,16.762661],[112.227627,16.739714],[112.226849,16.737769]]],[[[112.281107,16.776543],[112.283778,16.767457],[112.281907,16.760242],[112.278165,16.754096],[112.270148,16.750622],[112.261329,16.750089],[112.247701,16.756504],[112.228462,16.769333],[112.223919,16.773876],[112.223386,16.784833],[112.228998,16.792315],[112.234343,16.794452],[112.244765,16.794184],[112.281107,16.776543]]],[[[112.329677,16.864623],[112.331294,16.853028],[112.32563,16.844669],[112.319967,16.840085],[112.311276,16.819626],[112.304864,16.812042],[112.297044,16.812852],[112.293808,16.816897],[112.292191,16.827414],[112.294888,16.831189],[112.290845,16.843594],[112.310532,16.8684],[112.319431,16.871096],[112.329677,16.864623]]],[[[112.350552,16.86558],[112.350096,16.879982],[112.351925,16.879525],[112.355582,16.874038],[112.357181,16.861236],[112.362439,16.855291],[112.365409,16.843632],[112.369524,16.841117],[112.370438,16.838373],[112.370209,16.834487],[112.367694,16.830372],[112.364493,16.826258],[112.360378,16.824429],[112.357864,16.828544],[112.358779,16.837689],[112.354665,16.843862],[112.354208,16.852091],[112.350551,16.856207],[112.34918,16.861008],[112.350552,16.86558]]],[[[112.184877,16.911287],[112.188383,16.912635],[112.20537,16.901847],[112.21292,16.89915],[112.23723,16.881132],[112.233681,16.876227],[112.228827,16.875149],[112.21912,16.876498],[112.209952,16.884589],[112.197548,16.881894],[112.194043,16.891062],[112.185685,16.895108],[112.181371,16.899423],[112.184877,16.911287]]],[[[112.309187,16.902107],[112.308379,16.907501],[112.301907,16.909389],[112.298009,16.913984],[112.297055,16.922603],[112.298673,16.925569],[112.324288,16.905072],[112.324827,16.902376],[112.309187,16.902107]]],[[[112.335346,16.925565],[112.335615,16.92206],[112.337772,16.919902],[112.335884,16.911813],[112.332154,16.90816],[112.325907,16.915589],[112.325908,16.924218],[112.320246,16.937431],[112.327258,16.940397],[112.331842,16.940666],[112.336695,16.938778],[112.335346,16.925565]]],[[[112.206992,16.93879],[112.23908,16.930698],[112.239349,16.928001],[112.237461,16.925574],[112.218316,16.927194],[112.208609,16.930431],[112.206992,16.93879]]],[[[112.27117,16.946065],[112.277103,16.954694],[112.281688,16.956041],[112.285191,16.938783],[112.281955,16.93366],[112.274405,16.937166],[112.271233,16.942736],[112.27117,16.946065]]],[[[112.271595,16.973166],[112.272329,16.969128],[112.266088,16.966192],[112.259113,16.966192],[112.255441,16.961053],[112.242959,16.958851],[112.24149,16.95518],[112.229008,16.95665],[112.219829,16.949675],[112.196374,16.953126],[112.182961,16.957256],[112.174551,16.964616],[112.174551,16.970925],[112.179283,16.975655],[112.18454,16.977758],[112.190324,16.990374],[112.200312,16.993527],[112.20557,16.997206],[112.216083,16.996154],[112.229012,16.998502],[112.232683,16.997767],[112.237088,16.992994],[112.241126,16.992994],[112.247001,16.996298],[112.261318,16.995195],[112.26609,16.99189],[112.266457,16.988586],[112.259848,16.981611],[112.259114,16.977573],[112.271595,16.973166]]],[[[112.540019,16.001869],[112.489157,16.000178],[112.468813,16.008657],[112.467119,16.023915],[112.478988,16.037478],[112.494247,16.045953],[112.577323,16.064595],[112.60784,16.069679],[112.621403,16.067982],[112.63666,16.054418],[112.633267,16.034073],[112.601053,16.012036],[112.540019,16.001869]]],[[[112.483086,16.278291],[112.479189,16.287073],[112.479825,16.290041],[112.485973,16.29322],[112.494029,16.295339],[112.501449,16.300214],[112.521588,16.307632],[112.523496,16.305512],[112.523919,16.295124],[112.521162,16.290461],[112.517983,16.292793],[112.515863,16.291309],[112.516498,16.284102],[112.512258,16.280286],[112.504415,16.283467],[112.498267,16.277744],[112.493815,16.275836],[112.487879,16.276261],[112.483086,16.278291]]],[[[112.517584,16.349479],[112.516189,16.347665],[112.507399,16.345852],[112.503911,16.340969],[112.497733,16.33991],[112.486751,16.345017],[112.489541,16.347807],[112.503354,16.352689],[112.509354,16.357711],[112.518004,16.358966],[112.517584,16.349479]]],[[[112.65397,16.402524],[112.650548,16.364917],[112.638682,16.359086],[112.633051,16.365723],[112.634259,16.371153],[112.629634,16.378594],[112.627021,16.389655],[112.629837,16.39589],[112.63074,16.404065],[112.638284,16.406346],[112.652764,16.404937],[112.65397,16.402524]]],[[[112.65779,16.390256],[112.657187,16.393273],[112.664025,16.394076],[112.665834,16.392065],[112.666638,16.380602],[112.666235,16.375976],[112.664626,16.375172],[112.65779,16.390256]]],[[[112.532503,16.413596],[112.528078,16.413395],[112.520034,16.416815],[112.51561,16.422044],[112.519633,16.42687],[112.542761,16.437326],[112.550605,16.443157],[112.557041,16.444363],[112.55865,16.446374],[112.561063,16.445972],[112.561666,16.443357],[112.558849,16.432498],[112.556235,16.431895],[112.552816,16.434107],[112.549396,16.423046],[112.545173,16.420432],[112.541151,16.420634],[112.539341,16.422846],[112.532503,16.413596]]],[[[112.651159,16.444757],[112.647137,16.448176],[112.646953,16.451312],[112.653171,16.454611],[112.663025,16.452599],[112.665236,16.443147],[112.661615,16.434298],[112.653571,16.43812],[112.651159,16.444757]]],[[[112.578965,16.477142],[112.575546,16.476137],[112.570317,16.475333],[112.566496,16.477948],[112.563279,16.486797],[112.565894,16.490215],[112.585805,16.503085],[112.591838,16.501073],[112.594049,16.496648],[112.591635,16.487599],[112.582786,16.482773],[112.578965,16.477142]]],[[[112.518231,16.488209],[112.515416,16.488812],[112.505562,16.493036],[112.503752,16.496455],[112.507172,16.505505],[112.509988,16.505304],[112.515416,16.494443],[112.519237,16.49022],[112.518231,16.488209]]],[[[112.536736,16.514552],[112.542768,16.510127],[112.540756,16.499871],[112.536734,16.496855],[112.534924,16.497458],[112.53231,16.499671],[112.525473,16.512341],[112.517631,16.521191],[112.517631,16.523001],[112.524268,16.526821],[112.535329,16.524206],[112.537139,16.522194],[112.536736,16.514552]]],[[[112.698691,16.595676],[112.693034,16.602422],[112.692817,16.605903],[112.694776,16.611343],[112.704132,16.615041],[112.708701,16.614823],[112.711746,16.604596],[112.710657,16.591106],[112.713702,16.579139],[112.711308,16.568695],[112.712395,16.559774],[112.710001,16.558469],[112.701298,16.56021],[112.69847,16.562604],[112.695207,16.573918],[112.697166,16.577835],[112.700865,16.578922],[112.701518,16.581098],[112.695643,16.583274],[112.693903,16.586321],[112.694121,16.59002],[112.698691,16.595676]]],[[[112.686946,16.641805],[112.678896,16.645287],[112.678897,16.655513],[112.679985,16.656601],[112.682813,16.655513],[112.694344,16.650072],[112.702394,16.643979],[112.708486,16.642456],[112.718059,16.637233],[112.726762,16.631575],[112.727197,16.629617],[112.724803,16.627441],[112.717406,16.626571],[112.70805,16.63484],[112.700653,16.635711],[112.694996,16.641587],[112.686946,16.641805]]],[[[112.714776,16.674643],[112.71626,16.666035],[112.714781,16.65744],[112.705893,16.656041],[112.697,16.664678],[112.694033,16.674726],[112.708849,16.678968],[112.714776,16.674643]]],[[[112.717194,16.687929],[112.723068,16.681184],[112.729595,16.680531],[112.733511,16.676179],[112.736122,16.668563],[112.734381,16.66791],[112.686298,16.694677],[112.693261,16.698158],[112.70414,16.697504],[112.710232,16.688583],[112.717194,16.687929]]]]}}]}