{"type":"FeatureCollection","features":[{"type":"Feature","properties":{"code":"21025","name":"Phường Cẩm Thành","type":"Phường"},"geometry":{"type":"Polygon","coordinates":[[[108.817634,15.129301],[108.823484,15.125384],[108.820271,15.119513],[108.822668,15.119704],[108.823984,15.117205],[108.822481,15.112499],[108.825482,15.112153],[108.825107,15.105522],[108.822433,15.100967],[108.818226,15.102387],[108.818264,15.097941],[108.813218,15.09454],[108.803256,15.100301],[108.803238,15.106795],[108.799756,15.109132],[108.800488,15.11994],[108.797742,15.120706],[108.79836,15.12382],[108.796848,15.125369],[108.798157,15.127179],[108.799082,15.125984],[108.809834,15.128233],[108.811347,15.125414],[108.810393,15.128291],[108.81247,15.131368],[108.817634,15.129301]]]}},{"type":"Feature","properties":{"code":"23293","name":"Phường Kon Tum","type":"Phường"},"geometry":{"type":"Polygon","coordinates":[[[108.009568,14.381375],[108.022677,14.382958],[108.022121,14.381033],[108.023937,14.37883],[108.027547,14.378387],[108.029594,14.375913],[108.028153,14.367973],[108.029412,14.365639],[108.026995,14.362579],[108.02835,14.358654],[108.032251,14.355888],[108.041619,14.356269],[108.043411,14.353115],[108.025601,14.340695],[108.018841,14.338973],[108.01806,14.335166],[108.021781,14.329923],[108.019833,14.32768],[108.009021,14.326122],[108.005467,14.330086],[108.001245,14.344106],[107.996999,14.34485],[107.990642,14.341949],[107.987885,14.343734],[107.986799,14.349826],[107.990139,14.355479],[107.987917,14.361315],[107.988623,14.367287],[107.990802,14.371165],[107.999825,14.362215],[108.009551,14.362343],[108.009568,14.381375]]]}},{"type":"Feature","properties":{"code":"21028","name":"Phường Nghĩa Lộ","type":"Phường"},"geometry":{"type":"Polygon","coordinates":[[[108.81247,15.131368],[108.810393,15.128291],[108.811347,15.125414],[108.809834,15.128233],[108.799082,15.125984],[108.798157,15.127179],[108.796848,15.125369],[108.79836,15.12382],[108.797742,15.120706],[108.800488,15.11994],[108.799756,15.109132],[108.803238,15.106795],[108.803256,15.100301],[108.805085,15.098974],[108.803785,15.096131],[108.798262,15.094318],[108.792416,15.102287],[108.787416,15.105048],[108.780832,15.102131],[108.7813,15.098892],[108.770901,15.10195],[108.767875,15.100718],[108.762693,15.104904],[108.758671,15.104681],[108.758761,15.107049],[108.760947,15.107989],[108.762439,15.116956],[108.759789,15.118344],[108.760682,15.124287],[108.781653,15.134562],[108.787746,15.140029],[108.79379,15.141285],[108.799631,15.139739],[108.81247,15.131368]]]}},{"type":"Feature","properties":{"code":"21478","name":"Phường Sa Huỳnh","type":"Phường"},"geometry":{"type":"Polygon","coordinates":[[[109.067604,14.716161],[109.073331,14.710478],[109.07374,14.707313],[109.076673,14.705524],[109.077963,14.702019],[109.077646,14.697201],[109.074735,14.696024],[109.074442,14.692561],[109.079873,14.67988],[109.082647,14.678987],[109.082302,14.676547],[109.083747,14.675259],[109.082334,14.667225],[109.076104,14.664799],[109.071642,14.666301],[109.067592,14.663692],[109.065372,14.651576],[109.067756,14.636581],[109.070602,14.633089],[109.068647,14.629506],[109.074016,14.618492],[109.071448,14.618236],[109.070291,14.615975],[109.073395,14.606428],[109.071607,14.602528],[109.080331,14.582361],[109.082054,14.581372],[109.081946,14.578423],[109.079354,14.581029],[109.071732,14.583688],[109.066678,14.59048],[109.061884,14.591992],[109.059794,14.591057],[109.054164,14.602861],[109.048191,14.603855],[109.048465,14.608322],[109.045061,14.609203],[109.044111,14.611337],[109.046623,14.617548],[109.042383,14.623033],[109.042523,14.624837],[109.045249,14.625553],[109.045921,14.62731],[109.043005,14.635992],[109.039511,14.639916],[109.035856,14.641317],[109.038946,14.64125],[109.034688,14.648139],[109.031677,14.648825],[109.03081,14.646437],[109.026989,14.647435],[109.027593,14.650846],[109.024501,14.652403],[109.023102,14.657137],[109.020292,14.657417],[109.017651,14.660296],[109.016584,14.664432],[109.019634,14.673342],[109.025979,14.673398],[109.029981,14.684743],[109.038771,14.684422],[109.041233,14.68965],[109.047543,14.691391],[109.04753,14.69563],[109.044884,14.69588],[109.044057,14.699949],[109.047996,14.702937],[109.048915,14.705598],[109.052585,14.706245],[109.059283,14.712455],[109.064291,14.712265],[109.067604,14.716161]]]}},{"type":"Feature","properties":{"code":"21451","name":"Phường Trà Câu","type":"Phường"},"geometry":{"type":"Polygon","coordinates":[[[108.996782,14.829085],[108.999163,14.830615],[109.000286,14.826055],[108.986958,14.826155],[108.977936,14.834189],[108.971722,14.834091],[108.970195,14.837752],[108.968316,14.836535],[108.967639,14.831536],[108.965041,14.829503],[108.959594,14.837786],[108.956927,14.838359],[108.952926,14.835862],[108.938345,14.844241],[108.928357,14.842004],[108.91884,14.832535],[108.915586,14.834258],[108.909426,14.834198],[108.906683,14.84048],[108.907877,14.84093],[108.908312,14.845971],[108.906223,14.859109],[108.907704,14.863347],[108.906631,14.871834],[108.912292,14.87603],[108.913455,14.878852],[108.920457,14.88049],[108.923197,14.88352],[108.926165,14.8842],[108.926412,14.88592],[108.938097,14.883994],[108.939337,14.887644],[108.93652,14.897755],[108.930218,14.906334],[108.929762,14.910535],[108.938388,14.913055],[108.939723,14.91042],[108.943726,14.910662],[108.956454,14.918235],[108.975644,14.876458],[108.998032,14.833174],[108.99633,14.83167],[108.996782,14.829085]]]}},{"type":"Feature","properties":{"code":"21172","name":"Phường Trương Quang Trọng","type":"Phường"},"geometry":{"type":"Polygon","coordinates":[[[108.818492,15.190347],[108.819636,15.187025],[108.824879,15.184632],[108.826626,15.178921],[108.8297,15.175028],[108.828448,15.161581],[108.826417,15.160127],[108.829051,15.158387],[108.833398,15.161977],[108.836614,15.160886],[108.841525,15.15511],[108.841905,15.152376],[108.84445,15.153939],[108.846664,15.150169],[108.849033,15.150107],[108.849513,15.145509],[108.845188,15.143216],[108.841429,15.136682],[108.833408,15.129165],[108.825914,15.125294],[108.821403,15.125685],[108.805072,15.137234],[108.79379,15.141285],[108.787746,15.140029],[108.782693,15.135419],[108.780087,15.139947],[108.78248,15.145995],[108.780674,15.14403],[108.779188,15.145645],[108.780315,15.149125],[108.7754,15.147628],[108.772432,15.153429],[108.776083,15.157162],[108.776788,15.160643],[108.771306,15.178987],[108.771391,15.18363],[108.774853,15.184741],[108.774538,15.186326],[108.779211,15.18579],[108.778774,15.181885],[108.783429,15.178073],[108.786257,15.178012],[108.787927,15.181628],[108.792333,15.182333],[108.791544,15.176088],[108.798554,15.174536],[108.798048,15.172473],[108.806873,15.16959],[108.808113,15.170603],[108.806938,15.181095],[108.800563,15.183769],[108.80108,15.187389],[108.798816,15.189732],[108.802619,15.192204],[108.804398,15.190659],[108.803384,15.189423],[108.806316,15.187417],[108.809354,15.18991],[108.818492,15.190347]]]}},{"type":"Feature","properties":{"code":"23302","name":"Phường Đăk Bla","type":"Phường"},"geometry":{"type":"Polygon","coordinates":[[[107.98931,14.356487],[107.986771,14.349654],[107.988661,14.342558],[107.991046,14.341979],[107.995654,14.344538],[107.999773,14.344775],[108.001987,14.343346],[108.003128,14.3378],[108.000351,14.332462],[107.99967,14.322505],[107.996243,14.319042],[107.997529,14.316982],[107.993174,14.317614],[107.992576,14.316432],[107.997108,14.309948],[107.998958,14.301728],[107.997391,14.291164],[107.99249,14.289838],[107.986927,14.291819],[107.981078,14.291345],[107.976843,14.294516],[107.9779,14.301327],[107.976891,14.302763],[107.979739,14.305834],[107.979907,14.309565],[107.981912,14.310825],[107.978224,14.3193],[107.976748,14.319623],[107.977361,14.325345],[107.976301,14.325805],[107.980705,14.329907],[107.981005,14.33255],[107.978356,14.334095],[107.979421,14.338529],[107.974043,14.340994],[107.975462,14.343992],[107.970856,14.346149],[107.969824,14.34994],[107.970314,14.353483],[107.979517,14.3534],[107.98931,14.356487]]]}},{"type":"Feature","properties":{"code":"23284","name":"Phường Đăk Cấm","type":"Phường"},"geometry":{"type":"Polygon","coordinates":[[[107.959755,14.391337],[107.968282,14.394974],[107.97453,14.39183],[107.978722,14.391777],[107.981771,14.384586],[107.986036,14.389982],[107.987215,14.399844],[107.991893,14.410002],[107.986181,14.427104],[107.983381,14.426799],[107.978394,14.432474],[107.982818,14.434247],[107.983995,14.437914],[107.993673,14.437385],[107.996431,14.435886],[107.993464,14.441955],[107.994651,14.445233],[107.992543,14.446844],[107.995511,14.446454],[107.996089,14.447942],[107.998662,14.446236],[108.004576,14.448339],[108.00651,14.447233],[108.005126,14.453274],[108.007659,14.450559],[108.011662,14.449571],[108.014226,14.452202],[108.017895,14.452021],[108.018726,14.453738],[108.032028,14.435029],[108.04421,14.435248],[108.056188,14.430118],[108.063545,14.419215],[108.068852,14.415943],[108.081275,14.422586],[108.079502,14.404769],[108.082732,14.402607],[108.081883,14.396896],[108.072685,14.398209],[108.068102,14.403732],[108.056814,14.408456],[108.053215,14.40612],[108.051251,14.406895],[108.047711,14.405305],[108.036237,14.405715],[108.035999,14.404146],[108.032247,14.40404],[108.02919,14.405254],[108.0184,14.397532],[108.019496,14.394998],[108.017524,14.387962],[108.01994,14.382704],[108.009568,14.381375],[108.009551,14.362343],[107.999825,14.362215],[107.990802,14.371165],[107.98883,14.367607],[107.975323,14.371622],[107.972734,14.369599],[107.969599,14.370927],[107.969314,14.368769],[107.96601,14.366933],[107.963021,14.367286],[107.959755,14.391337]]]}},{"type":"Feature","properties":{"code":"21439","name":"Phường Đức Phổ","type":"Phường"},"geometry":{"type":"Polygon","coordinates":[[[108.909262,14.779746],[108.916652,14.788949],[108.916101,14.792384],[108.917581,14.795873],[108.919882,14.797592],[108.921035,14.816429],[108.923586,14.821452],[108.919637,14.825689],[108.913958,14.827798],[108.913802,14.83337],[108.915586,14.834258],[108.91884,14.832535],[108.928357,14.842004],[108.938033,14.844239],[108.952926,14.835862],[108.956927,14.838359],[108.959594,14.837786],[108.965041,14.829503],[108.967639,14.831536],[108.968405,14.836728],[108.970424,14.837745],[108.971722,14.834091],[108.977936,14.834189],[108.986958,14.826155],[109.000286,14.826055],[109.003621,14.817676],[109.022637,14.786098],[109.022005,14.787084],[109.012987,14.78289],[109.007638,14.782224],[109.005008,14.78667],[109.001162,14.7873],[108.999133,14.784882],[108.999951,14.781154],[108.993704,14.778911],[108.991539,14.779204],[108.988423,14.787962],[108.987327,14.783874],[108.9831,14.783557],[108.982836,14.785863],[108.974556,14.783806],[108.973688,14.780505],[108.969212,14.779764],[108.962208,14.766009],[108.954591,14.759471],[108.955118,14.752536],[108.953319,14.748603],[108.954914,14.747268],[108.953563,14.74386],[108.94693,14.742443],[108.943691,14.746092],[108.936997,14.749708],[108.932688,14.7551],[108.93732,14.766368],[108.934813,14.770269],[108.934507,14.776296],[108.923839,14.779236],[108.919059,14.77773],[108.909262,14.779746]]]}},{"type":"Feature","properties":{"code":"21034","name":"Xã An Phú","type":"Xã"},"geometry":{"type":"Polygon","coordinates":[[[108.879518,15.146699],[108.881828,15.147437],[108.888896,15.142823],[108.897353,15.144007],[108.897565,15.128829],[108.90399,15.096487],[108.90321,15.094756],[108.89967,15.096003],[108.898735,15.10145],[108.894532,15.106323],[108.896579,15.111138],[108.890426,15.116379],[108.888182,15.107563],[108.885975,15.106],[108.882581,15.107642],[108.881126,15.103145],[108.878436,15.101972],[108.879295,15.10399],[108.870714,15.106304],[108.867466,15.105465],[108.867055,15.106982],[108.862945,15.104352],[108.861464,15.105289],[108.862914,15.106245],[108.861787,15.107399],[108.859598,15.105339],[108.858844,15.100867],[108.856686,15.10194],[108.857198,15.099961],[108.850496,15.097303],[108.847713,15.100941],[108.843634,15.101837],[108.842978,15.098754],[108.840965,15.100267],[108.837296,15.096841],[108.833101,15.100135],[108.830177,15.098913],[108.828329,15.101554],[108.822433,15.100967],[108.825107,15.105522],[108.825482,15.112153],[108.822481,15.112499],[108.823984,15.117205],[108.822668,15.119704],[108.820271,15.119513],[108.823484,15.125384],[108.829619,15.12684],[108.838859,15.133997],[108.845188,15.143216],[108.849513,15.145509],[108.859873,15.142015],[108.882534,15.14292],[108.879518,15.146699]]]}},{"type":"Feature","properties":{"code":"21499","name":"Xã Ba Dinh","type":"Xã"},"geometry":{"type":"Polygon","coordinates":[[[108.655699,14.741244],[108.652262,14.742234],[108.652601,14.744016],[108.648891,14.746264],[108.636838,14.764024],[108.619595,14.765295],[108.613863,14.767357],[108.611708,14.771068],[108.61023,14.766524],[108.603722,14.761262],[108.601647,14.761154],[108.600374,14.763399],[108.600254,14.77183],[108.598126,14.775347],[108.59934,14.77838],[108.59835,14.779825],[108.600275,14.78223],[108.59629,14.791162],[108.596381,14.798],[108.598303,14.80309],[108.596257,14.806796],[108.597529,14.809035],[108.595291,14.809757],[108.59329,14.813491],[108.594004,14.815862],[108.585526,14.831928],[108.586068,14.835689],[108.583484,14.837139],[108.601576,14.85005],[108.606203,14.849077],[108.605978,14.842615],[108.618026,14.838271],[108.622123,14.829306],[108.631122,14.821414],[108.644455,14.818838],[108.648173,14.820645],[108.650072,14.819117],[108.65244,14.814973],[108.651478,14.809495],[108.653968,14.798627],[108.655925,14.796395],[108.660157,14.795343],[108.663789,14.797733],[108.672012,14.790801],[108.678367,14.788499],[108.678506,14.785505],[108.682968,14.783374],[108.684494,14.779433],[108.684054,14.771597],[108.685019,14.767425],[108.68677,14.766366],[108.687489,14.756759],[108.690435,14.756016],[108.692013,14.75262],[108.696881,14.751723],[108.707552,14.752984],[108.70797,14.751851],[108.705961,14.746392],[108.702165,14.743215],[108.695947,14.733379],[108.697224,14.724047],[108.698841,14.722641],[108.691729,14.715886],[108.6866,14.716185],[108.680325,14.712189],[108.676166,14.714192],[108.669246,14.708967],[108.666518,14.70633],[108.664716,14.700966],[108.665963,14.695472],[108.664197,14.691989],[108.657671,14.688161],[108.656295,14.692538],[108.652247,14.696325],[108.651941,14.699127],[108.653283,14.699812],[108.651197,14.700721],[108.650791,14.708957],[108.646611,14.710427],[108.651948,14.712051],[108.649885,14.71377],[108.650887,14.717285],[108.647313,14.718569],[108.648108,14.722466],[108.650228,14.723332],[108.650388,14.725932],[108.654264,14.724326],[108.65692,14.728506],[108.655699,14.741244]]]}},{"type":"Feature","properties":{"code":"21205","name":"Xã Ba Gia","type":"Xã"},"geometry":{"type":"Polygon","coordinates":[[[108.705265,15.257702],[108.705313,15.255173],[108.707939,15.255965],[108.70952,15.254368],[108.713374,15.254306],[108.722066,15.248761],[108.728392,15.247505],[108.740324,15.248127],[108.737713,15.244965],[108.727093,15.241559],[108.724279,15.238698],[108.723006,15.235537],[108.724052,15.233465],[108.722543,15.232578],[108.724296,15.229668],[108.719966,15.227729],[108.720134,15.224824],[108.716732,15.223815],[108.708214,15.22547],[108.70466,15.221578],[108.702213,15.226478],[108.700461,15.226071],[108.700919,15.223637],[108.696198,15.22232],[108.69648,15.217435],[108.691847,15.212042],[108.696305,15.205953],[108.69686,15.201155],[108.694871,15.196644],[108.687317,15.196599],[108.688212,15.194791],[108.691271,15.195894],[108.693815,15.19447],[108.691277,15.189558],[108.69178,15.187138],[108.694967,15.18593],[108.690363,15.181061],[108.689621,15.169676],[108.678096,15.170843],[108.678617,15.172826],[108.676312,15.172208],[108.676045,15.169183],[108.6749,15.169597],[108.671763,15.1653],[108.669781,15.16516],[108.666562,15.169173],[108.661454,15.170761],[108.661702,15.173615],[108.663028,15.173668],[108.662577,15.179503],[108.658006,15.179241],[108.655941,15.181727],[108.64438,15.184455],[108.645767,15.186003],[108.643502,15.186474],[108.641136,15.190737],[108.642769,15.198687],[108.638923,15.198433],[108.636768,15.201417],[108.626426,15.199144],[108.621019,15.202313],[108.62021,15.207274],[108.617229,15.209873],[108.617172,15.212076],[108.610929,15.212146],[108.615589,15.217645],[108.613365,15.225012],[108.617171,15.231462],[108.615236,15.237286],[108.616053,15.238938],[108.630654,15.242597],[108.639595,15.236045],[108.640659,15.240736],[108.654618,15.240083],[108.656264,15.242552],[108.662337,15.245442],[108.664065,15.244514],[108.665453,15.24582],[108.667832,15.24395],[108.670759,15.244943],[108.674326,15.242169],[108.679,15.24253],[108.682134,15.245873],[108.68658,15.244131],[108.690177,15.247543],[108.689255,15.248565],[108.693582,15.250425],[108.695009,15.256146],[108.705265,15.257702]]]}},{"type":"Feature","properties":{"code":"21523","name":"Xã Ba Tô","type":"Xã"},"geometry":{"type":"Polygon","coordinates":[[[108.655699,14.741244],[108.65692,14.728506],[108.654264,14.724326],[108.650388,14.725932],[108.650228,14.723332],[108.648108,14.722466],[108.647313,14.718569],[108.650887,14.717285],[108.649885,14.71377],[108.651948,14.712051],[108.646611,14.710427],[108.650817,14.708903],[108.651197,14.700721],[108.653283,14.699812],[108.651941,14.699127],[108.652247,14.696325],[108.656736,14.691769],[108.656947,14.687144],[108.658918,14.68399],[108.671317,14.682163],[108.678963,14.686879],[108.697649,14.68884],[108.711845,14.687247],[108.716091,14.682673],[108.719287,14.685774],[108.7236,14.686347],[108.728438,14.689824],[108.733343,14.688304],[108.739508,14.689006],[108.742557,14.685747],[108.745849,14.686179],[108.746695,14.68883],[108.749063,14.689627],[108.752888,14.687962],[108.761317,14.691305],[108.766979,14.688656],[108.766004,14.680912],[108.763114,14.676792],[108.763173,14.671894],[108.759377,14.666674],[108.764444,14.651645],[108.763767,14.646117],[108.765516,14.642185],[108.764315,14.637569],[108.76661,14.62775],[108.765693,14.622574],[108.761696,14.620178],[108.760968,14.615906],[108.763474,14.599755],[108.759223,14.59817],[108.756986,14.593116],[108.748395,14.591938],[108.74116,14.595167],[108.740554,14.590991],[108.738274,14.588911],[108.73406,14.589433],[108.725939,14.596393],[108.723932,14.595329],[108.718052,14.598396],[108.716444,14.601855],[108.708774,14.605029],[108.705883,14.609705],[108.70788,14.613542],[108.705179,14.614945],[108.701626,14.61391],[108.702788,14.606009],[108.699084,14.60145],[108.698093,14.596659],[108.687795,14.591767],[108.680151,14.596862],[108.675162,14.590518],[108.677276,14.584645],[108.674111,14.581542],[108.659845,14.576816],[108.653724,14.570048],[108.645058,14.568028],[108.640354,14.564798],[108.644554,14.55861],[108.642123,14.554129],[108.643196,14.550191],[108.641534,14.547588],[108.63258,14.552414],[108.629195,14.551899],[108.627147,14.54792],[108.628503,14.545131],[108.621572,14.542091],[108.61857,14.543516],[108.617323,14.541764],[108.61787,14.53649],[108.613123,14.532354],[108.611531,14.534921],[108.608359,14.53359],[108.604837,14.535754],[108.596133,14.546698],[108.59755,14.556505],[108.595766,14.556612],[108.594468,14.559779],[108.596601,14.562434],[108.594067,14.565049],[108.57409,14.572528],[108.572242,14.577855],[108.566394,14.579879],[108.560164,14.586081],[108.550815,14.585425],[108.547172,14.589414],[108.557144,14.594077],[108.568851,14.593987],[108.57191,14.592582],[108.571938,14.590015],[108.574721,14.587352],[108.578878,14.586665],[108.580873,14.59106],[108.583836,14.589501],[108.588108,14.59328],[108.589728,14.592203],[108.593683,14.595895],[108.59626,14.595318],[108.601231,14.598148],[108.598801,14.603197],[108.605663,14.609895],[108.601137,14.622643],[108.605229,14.627317],[108.610829,14.628721],[108.612686,14.633819],[108.609312,14.642294],[108.613089,14.647318],[108.613697,14.654282],[108.605688,14.662571],[108.607206,14.670622],[108.604616,14.680078],[108.604981,14.685098],[108.600796,14.689474],[108.597792,14.688205],[108.59513,14.689102],[108.594207,14.693663],[108.589217,14.69946],[108.586584,14.705681],[108.582885,14.705546],[108.574643,14.70095],[108.570151,14.705588],[108.572257,14.714211],[108.57452,14.714508],[108.576635,14.719245],[108.581929,14.724303],[108.583922,14.73073],[108.588321,14.732807],[108.594786,14.740709],[108.59477,14.74439],[108.600305,14.752336],[108.598903,14.762954],[108.600305,14.763587],[108.603346,14.76102],[108.61023,14.766524],[108.611589,14.771044],[108.613863,14.767357],[108.619595,14.765295],[108.637158,14.763885],[108.648891,14.746264],[108.652601,14.744016],[108.652262,14.742234],[108.655699,14.741244]]]}},{"type":"Feature","properties":{"code":"21484","name":"Xã Ba Tơ","type":"Xã"},"geometry":{"type":"Polygon","coordinates":[[[108.707321,14.749947],[108.707552,14.752984],[108.696881,14.751723],[108.692013,14.75262],[108.690435,14.756016],[108.687489,14.756759],[108.68677,14.766366],[108.685019,14.767425],[108.684054,14.771597],[108.684494,14.779433],[108.682968,14.783374],[108.678506,14.785505],[108.678367,14.788499],[108.682524,14.789985],[108.687763,14.798333],[108.691367,14.799018],[108.698671,14.790524],[108.704754,14.792376],[108.709186,14.788683],[108.714796,14.786814],[108.721755,14.788746],[108.720829,14.794371],[108.727393,14.80376],[108.734801,14.803917],[108.739327,14.801618],[108.74363,14.801556],[108.749062,14.797788],[108.753024,14.792674],[108.752076,14.787365],[108.754027,14.786164],[108.762796,14.788098],[108.772281,14.792561],[108.774273,14.797015],[108.778695,14.796539],[108.782067,14.798975],[108.789388,14.788252],[108.785624,14.775057],[108.79515,14.771544],[108.801438,14.760718],[108.793663,14.75783],[108.791866,14.755008],[108.78961,14.754605],[108.787384,14.75192],[108.786841,14.747594],[108.781824,14.746807],[108.781165,14.736844],[108.786864,14.735515],[108.789923,14.732244],[108.789148,14.727275],[108.790695,14.722321],[108.787717,14.714724],[108.776636,14.708877],[108.777003,14.704721],[108.773288,14.702372],[108.771846,14.696677],[108.767632,14.694829],[108.765964,14.689506],[108.761508,14.691316],[108.752888,14.687962],[108.749343,14.689694],[108.746695,14.68883],[108.745849,14.686179],[108.742557,14.685747],[108.739508,14.689006],[108.733343,14.688304],[108.728438,14.689824],[108.7236,14.686347],[108.719287,14.685774],[108.716342,14.682684],[108.711845,14.687247],[108.697649,14.68884],[108.678963,14.686879],[108.671317,14.682163],[108.658918,14.68399],[108.656989,14.688172],[108.664197,14.691989],[108.665963,14.695472],[108.664716,14.700966],[108.667332,14.707336],[108.676166,14.714192],[108.680325,14.712189],[108.6866,14.716185],[108.691729,14.715886],[108.698841,14.722641],[108.697224,14.724047],[108.695947,14.733379],[108.707321,14.749947]]]}},{"type":"Feature","properties":{"code":"21490","name":"Xã Ba Vinh","type":"Xã"},"geometry":{"type":"Polygon","coordinates":[[[108.663613,14.899129],[108.668388,14.897119],[108.672018,14.891416],[108.682505,14.885944],[108.682503,14.882767],[108.687562,14.882528],[108.690786,14.885832],[108.697677,14.886633],[108.699613,14.88133],[108.706062,14.884594],[108.70674,14.887212],[108.708909,14.885473],[108.71273,14.886257],[108.716421,14.889265],[108.734575,14.885893],[108.738136,14.887652],[108.737326,14.879387],[108.733395,14.875161],[108.735929,14.869807],[108.728672,14.866297],[108.729303,14.864846],[108.726218,14.860862],[108.728043,14.855892],[108.727586,14.849087],[108.720894,14.840918],[108.721571,14.838351],[108.731665,14.830076],[108.734526,14.823359],[108.735307,14.816263],[108.728863,14.807376],[108.730082,14.804216],[108.727222,14.803591],[108.720829,14.794371],[108.721714,14.788719],[108.714206,14.786835],[108.704754,14.792376],[108.698671,14.790524],[108.690789,14.799336],[108.686661,14.797759],[108.682454,14.789916],[108.678367,14.788499],[108.672012,14.790801],[108.663789,14.797733],[108.660157,14.795343],[108.656629,14.795926],[108.653968,14.798627],[108.651478,14.809495],[108.65244,14.814973],[108.650072,14.819117],[108.648173,14.820645],[108.644455,14.818838],[108.631122,14.821414],[108.622123,14.829306],[108.618026,14.838271],[108.605978,14.842615],[108.606941,14.847409],[108.605895,14.849395],[108.603511,14.84953],[108.609272,14.856359],[108.618127,14.859419],[108.620904,14.866786],[108.623838,14.867582],[108.627723,14.871764],[108.628288,14.875058],[108.630831,14.875087],[108.632093,14.880568],[108.638469,14.887692],[108.65501,14.897483],[108.663613,14.899129]]]}},{"type":"Feature","properties":{"code":"21529","name":"Xã Ba Vì","type":"Xã"},"geometry":{"type":"Polygon","coordinates":[[[108.574643,14.70095],[108.582885,14.705546],[108.586584,14.705681],[108.589217,14.69946],[108.594207,14.693663],[108.59513,14.689102],[108.597792,14.688205],[108.600796,14.689474],[108.604716,14.685544],[108.605407,14.675709],[108.59699,14.670337],[108.587087,14.668773],[108.585262,14.667093],[108.583951,14.668413],[108.580607,14.667719],[108.573808,14.670155],[108.568251,14.677916],[108.56431,14.679911],[108.559203,14.686416],[108.551546,14.68551],[108.550032,14.690576],[108.543047,14.683419],[108.532308,14.681667],[108.507175,14.690239],[108.503995,14.689969],[108.502158,14.69494],[108.496572,14.698151],[108.496698,14.701386],[108.501556,14.703271],[108.503099,14.708273],[108.512242,14.712504],[108.513415,14.71758],[108.518133,14.721446],[108.516996,14.72458],[108.519389,14.726855],[108.518501,14.72966],[108.52239,14.736938],[108.521669,14.738572],[108.527711,14.745004],[108.524975,14.750987],[108.524799,14.756927],[108.521846,14.758979],[108.516228,14.77413],[108.502935,14.778819],[108.500234,14.784726],[108.5017,14.788147],[108.50013,14.791817],[108.494368,14.795822],[108.496291,14.797243],[108.493787,14.801152],[108.498442,14.805914],[108.501804,14.804583],[108.502852,14.807741],[108.505843,14.804441],[108.507286,14.807424],[108.510312,14.808903],[108.517721,14.807724],[108.538768,14.810013],[108.543951,14.815876],[108.553104,14.811209],[108.557642,14.803925],[108.561005,14.805254],[108.565905,14.803193],[108.578538,14.808222],[108.597492,14.809149],[108.596257,14.806796],[108.598303,14.80309],[108.596381,14.798],[108.59629,14.791162],[108.598445,14.788757],[108.600292,14.782095],[108.59835,14.779825],[108.59934,14.77838],[108.598126,14.775347],[108.600514,14.770349],[108.600305,14.763587],[108.598707,14.762517],[108.600305,14.752336],[108.59477,14.74439],[108.593416,14.738537],[108.587822,14.732371],[108.583922,14.73073],[108.581929,14.724303],[108.576635,14.719245],[108.57452,14.714508],[108.572257,14.714211],[108.570151,14.705588],[108.574643,14.70095]]]}},{"type":"Feature","properties":{"code":"21538","name":"Xã Ba Xa","type":"Xã"},"geometry":{"type":"Polygon","coordinates":[[[108.550032,14.690576],[108.552503,14.685113],[108.556324,14.686966],[108.559203,14.686416],[108.56431,14.679911],[108.568251,14.677916],[108.573808,14.670155],[108.580607,14.667719],[108.583951,14.668413],[108.585262,14.667093],[108.587087,14.668773],[108.59699,14.670337],[108.605407,14.675709],[108.607206,14.670622],[108.605688,14.662571],[108.61344,14.655381],[108.613401,14.648211],[108.609312,14.642294],[108.612686,14.633819],[108.611162,14.629191],[108.605229,14.627317],[108.601137,14.622643],[108.605663,14.609895],[108.598801,14.603197],[108.601546,14.598522],[108.59626,14.595318],[108.593683,14.595895],[108.589728,14.592203],[108.588108,14.59328],[108.583836,14.589501],[108.580873,14.59106],[108.579233,14.586728],[108.574721,14.587352],[108.571938,14.590015],[108.57191,14.592582],[108.568851,14.593987],[108.557144,14.594077],[108.547172,14.589414],[108.534241,14.603584],[108.532101,14.611449],[108.528265,14.616956],[108.528611,14.622966],[108.51923,14.623048],[108.50664,14.620004],[108.502739,14.625472],[108.493884,14.620504],[108.489036,14.621318],[108.488294,14.624128],[108.484703,14.623457],[108.480947,14.628031],[108.480733,14.634064],[108.48431,14.64431],[108.488314,14.645281],[108.49046,14.643918],[108.491598,14.645799],[108.490273,14.648928],[108.492711,14.650685],[108.495752,14.657642],[108.498561,14.659566],[108.501311,14.666325],[108.506559,14.666854],[108.50604,14.673044],[108.512067,14.682526],[108.511859,14.687746],[108.532308,14.681667],[108.543047,14.683419],[108.550032,14.690576]]]}},{"type":"Feature","properties":{"code":"21496","name":"Xã Ba Động","type":"Xã"},"geometry":{"type":"Polygon","coordinates":[[[108.816439,14.850372],[108.820409,14.843631],[108.827025,14.839894],[108.82845,14.837442],[108.828475,14.829802],[108.832127,14.824331],[108.824985,14.814033],[108.826044,14.811023],[108.835522,14.807055],[108.838192,14.807501],[108.843597,14.80213],[108.847012,14.792595],[108.839911,14.780492],[108.840273,14.777724],[108.834318,14.769674],[108.832306,14.761715],[108.82863,14.760902],[108.827366,14.758076],[108.819428,14.759934],[108.814656,14.759245],[108.807154,14.764603],[108.803495,14.76345],[108.801438,14.760718],[108.79515,14.771544],[108.786503,14.774181],[108.785478,14.776846],[108.789388,14.788252],[108.782067,14.798975],[108.778695,14.796539],[108.774273,14.797015],[108.772281,14.792561],[108.762796,14.788098],[108.75384,14.786182],[108.752076,14.787365],[108.753024,14.792674],[108.748092,14.798641],[108.743425,14.80163],[108.730082,14.804216],[108.728863,14.807376],[108.735191,14.815558],[108.734526,14.823359],[108.731665,14.830076],[108.721571,14.838351],[108.720894,14.840918],[108.727586,14.849087],[108.728043,14.855892],[108.726218,14.860862],[108.729303,14.864846],[108.728672,14.866297],[108.735929,14.869807],[108.733395,14.875161],[108.737326,14.879387],[108.738136,14.887652],[108.744089,14.88199],[108.749357,14.887036],[108.758583,14.88174],[108.763399,14.874558],[108.764062,14.86824],[108.773743,14.869497],[108.780279,14.866469],[108.787267,14.860728],[108.783629,14.855759],[108.785379,14.853371],[108.790443,14.853065],[108.795486,14.854958],[108.803031,14.847412],[108.805585,14.848616],[108.807787,14.847357],[108.811844,14.848101],[108.816439,14.850372]]]}},{"type":"Feature","properties":{"code":"21100","name":"Xã Bình Chương","type":"Xã"},"geometry":{"type":"Polygon","coordinates":[[[108.633846,15.244715],[108.63132,15.248718],[108.634459,15.253137],[108.633833,15.255385],[108.636873,15.255999],[108.639159,15.259193],[108.646037,15.260093],[108.652957,15.263478],[108.656839,15.262075],[108.666511,15.264449],[108.670962,15.263802],[108.676457,15.267923],[108.685206,15.269462],[108.689645,15.272019],[108.694331,15.271781],[108.698847,15.26685],[108.705101,15.266434],[108.714733,15.271945],[108.718565,15.277907],[108.731655,15.288468],[108.735992,15.28957],[108.742429,15.288196],[108.746633,15.291077],[108.746453,15.289155],[108.748091,15.288438],[108.751426,15.275572],[108.748493,15.272989],[108.749506,15.276874],[108.747187,15.276765],[108.746331,15.274801],[108.747583,15.270502],[108.745798,15.266241],[108.746438,15.263633],[108.741601,15.262618],[108.740495,15.260566],[108.740263,15.248681],[108.726854,15.247701],[108.721834,15.248835],[108.713374,15.254306],[108.70952,15.254368],[108.707939,15.255965],[108.705313,15.255173],[108.705265,15.257702],[108.697821,15.257148],[108.694788,15.255991],[108.693582,15.250425],[108.689255,15.248565],[108.690177,15.247543],[108.686488,15.244091],[108.682134,15.245873],[108.679098,15.24256],[108.676165,15.2433],[108.67498,15.242105],[108.670759,15.244943],[108.667832,15.24395],[108.665453,15.24582],[108.664065,15.244514],[108.662337,15.245442],[108.656264,15.242552],[108.654618,15.240083],[108.640659,15.240736],[108.639595,15.236045],[108.631038,15.242443],[108.633846,15.244715]]]}},{"type":"Feature","properties":{"code":"21085","name":"Xã Bình Minh","type":"Xã"},"geometry":{"type":"Polygon","coordinates":[[[108.694923,15.368595],[108.699931,15.361191],[108.700247,15.352911],[108.698196,15.349409],[108.691397,15.348982],[108.686406,15.346385],[108.688618,15.341826],[108.690863,15.341861],[108.690595,15.340064],[108.6968,15.338555],[108.69817,15.335579],[108.702216,15.334174],[108.702614,15.330183],[108.706322,15.326746],[108.708056,15.322724],[108.706746,15.311913],[108.709268,15.309657],[108.70506,15.304636],[108.705997,15.302668],[108.715411,15.29476],[108.716252,15.290797],[108.720137,15.290148],[108.719924,15.28824],[108.723621,15.287351],[108.727002,15.283855],[108.718565,15.277907],[108.714733,15.271945],[108.705101,15.266434],[108.698847,15.26685],[108.694331,15.271781],[108.690324,15.272084],[108.684494,15.269244],[108.676457,15.267923],[108.670588,15.263721],[108.666511,15.264449],[108.656839,15.262075],[108.652957,15.263478],[108.644099,15.259838],[108.6367,15.262261],[108.632864,15.259562],[108.62338,15.260247],[108.623308,15.266073],[108.621741,15.266853],[108.620218,15.273505],[108.617914,15.273647],[108.614673,15.277905],[108.605457,15.293715],[108.600043,15.296729],[108.592976,15.297045],[108.588284,15.299231],[108.586609,15.304531],[108.583017,15.307033],[108.583376,15.310737],[108.579706,15.316727],[108.579509,15.321254],[108.57681,15.324233],[108.579985,15.335244],[108.582733,15.335488],[108.592031,15.347158],[108.59695,15.344006],[108.602735,15.345717],[108.601775,15.350392],[108.602919,15.352582],[108.615114,15.353114],[108.622761,15.357602],[108.629356,15.356585],[108.634422,15.362998],[108.640307,15.364302],[108.641978,15.367941],[108.649981,15.366047],[108.655062,15.368816],[108.655861,15.366399],[108.65956,15.366079],[108.661884,15.369948],[108.665382,15.366088],[108.671598,15.363825],[108.676487,15.369206],[108.679749,15.369575],[108.680264,15.366865],[108.68697,15.369198],[108.694923,15.368595]]]}},{"type":"Feature","properties":{"code":"21040","name":"Xã Bình Sơn","type":"Xã"},"geometry":{"type":"MultiPolygon","coordinates":[[[[108.761733,15.388252],[108.771436,15.388693],[108.773865,15.384444],[108.775558,15.385637],[108.776176,15.382043],[108.774429,15.378764],[108.778196,15.369714],[108.78005,15.358678],[108.78019,15.344752],[108.77768,15.341793],[108.783519,15.33761],[108.789918,15.337123],[108.78869,15.33406],[108.784668,15.331736],[108.779841,15.323411],[108.781167,15.321732],[108.785306,15.321981],[108.784328,15.319831],[108.779668,15.317284],[108.780382,15.315839],[108.78408,15.315478],[108.782516,15.309507],[108.778015,15.311385],[108.774437,15.311101],[108.77382,15.309763],[108.783508,15.306912],[108.777407,15.297327],[108.779569,15.295513],[108.781911,15.296584],[108.784084,15.291574],[108.789883,15.287009],[108.788344,15.284195],[108.788593,15.279008],[108.791374,15.27646],[108.786843,15.269829],[108.78872,15.267944],[108.787596,15.265171],[108.785415,15.266602],[108.779518,15.265564],[108.77836,15.267256],[108.777054,15.264085],[108.774767,15.264964],[108.772278,15.262726],[108.770882,15.263714],[108.771313,15.266288],[108.766032,15.26554],[108.765581,15.268109],[108.751872,15.266267],[108.750843,15.270422],[108.747411,15.26843],[108.747065,15.269507],[108.747187,15.276765],[108.74978,15.276361],[108.748415,15.272983],[108.751426,15.275572],[108.746633,15.291077],[108.742429,15.288196],[108.735992,15.28957],[108.731655,15.288468],[108.727002,15.283855],[108.723621,15.287351],[108.719924,15.28824],[108.720137,15.290148],[108.716252,15.290797],[108.715411,15.29476],[108.709027,15.298879],[108.70506,15.304636],[108.709268,15.309657],[108.706746,15.311913],[108.708056,15.322724],[108.702614,15.330183],[108.703019,15.333118],[108.701118,15.335243],[108.69817,15.335579],[108.6968,15.338555],[108.690595,15.340064],[108.690863,15.341861],[108.688618,15.341826],[108.686406,15.346385],[108.691397,15.348982],[108.698196,15.349409],[108.700247,15.352911],[108.699931,15.361191],[108.696352,15.365249],[108.695176,15.370184],[108.698527,15.369709],[108.701291,15.373175],[108.710158,15.370833],[108.720965,15.373856],[108.739287,15.398639],[108.754071,15.390075],[108.761733,15.388252]]],[[[108.770842,15.391966],[108.772722,15.392521],[108.771843,15.391602],[108.770842,15.391966]]]]}},{"type":"Feature","properties":{"code":"23377","name":"Xã Bờ Y","type":"Xã"},"geometry":{"type":"Polygon","coordinates":[[[107.528446,14.796061],[107.533396,14.791083],[107.536485,14.790878],[107.536662,14.788842],[107.539472,14.788882],[107.540967,14.785744],[107.539086,14.781995],[107.539838,14.778987],[107.542662,14.779072],[107.548454,14.783431],[107.547917,14.786279],[107.554669,14.783868],[107.556506,14.785081],[107.559017,14.784182],[107.558685,14.782167],[107.563048,14.781695],[107.563063,14.77957],[107.566954,14.779662],[107.569856,14.777216],[107.57117,14.778281],[107.577647,14.77388],[107.581842,14.772673],[107.583685,14.774729],[107.588825,14.772777],[107.592205,14.769739],[107.591498,14.768437],[107.595885,14.762652],[107.636961,14.78707],[107.668971,14.760089],[107.670579,14.756288],[107.667649,14.74727],[107.66563,14.746219],[107.661798,14.73882],[107.671355,14.732897],[107.671553,14.731068],[107.677802,14.743278],[107.686913,14.741365],[107.695214,14.737836],[107.701069,14.732812],[107.702025,14.729413],[107.705969,14.728573],[107.707766,14.721644],[107.711224,14.717984],[107.709687,14.713048],[107.713245,14.706876],[107.711255,14.703805],[107.715902,14.70234],[107.716673,14.699153],[107.721218,14.698394],[107.721939,14.69516],[107.725058,14.693283],[107.730785,14.685457],[107.731864,14.681348],[107.737744,14.675891],[107.737751,14.672501],[107.74023,14.669451],[107.72293,14.675434],[107.720562,14.679324],[107.717238,14.681114],[107.716576,14.683792],[107.706009,14.676763],[107.706153,14.67927],[107.703594,14.680836],[107.703047,14.684345],[107.700433,14.68459],[107.69977,14.686761],[107.697459,14.68602],[107.697968,14.688545],[107.696627,14.687234],[107.695531,14.690249],[107.693386,14.690241],[107.694205,14.691443],[107.690518,14.693047],[107.689697,14.691417],[107.685116,14.690802],[107.684255,14.686798],[107.677254,14.679041],[107.677858,14.677939],[107.673521,14.675512],[107.672741,14.676656],[107.670682,14.675744],[107.669103,14.677909],[107.663385,14.672495],[107.661898,14.674018],[107.660964,14.672665],[107.658007,14.673624],[107.653117,14.672298],[107.641783,14.676318],[107.641416,14.671614],[107.639069,14.671284],[107.633644,14.662678],[107.629336,14.659455],[107.625067,14.650946],[107.622147,14.64912],[107.614187,14.632759],[107.608919,14.629724],[107.607564,14.624533],[107.603121,14.623481],[107.605049,14.620355],[107.603536,14.618753],[107.601811,14.620257],[107.600273,14.617223],[107.597012,14.616119],[107.591635,14.622535],[107.590169,14.620663],[107.582407,14.619303],[107.583365,14.612371],[107.578805,14.607033],[107.573069,14.607447],[107.572954,14.606257],[107.554357,14.603977],[107.552724,14.605783],[107.547342,14.606581],[107.543602,14.614298],[107.543838,14.616816],[107.537996,14.620087],[107.541389,14.625981],[107.541283,14.629194],[107.537607,14.634376],[107.542352,14.634826],[107.543516,14.637541],[107.542321,14.639801],[107.544632,14.643857],[107.551418,14.647123],[107.551651,14.649987],[107.548119,14.658642],[107.550548,14.660335],[107.551261,14.663235],[107.554453,14.664339],[107.554602,14.667335],[107.550315,14.670938],[107.549199,14.677339],[107.555588,14.683782],[107.560023,14.694295],[107.559609,14.704632],[107.555459,14.710703],[107.556817,14.718881],[107.556132,14.721331],[107.545511,14.721087],[107.535401,14.724995],[107.532451,14.723234],[107.527379,14.723708],[107.523737,14.722209],[107.521403,14.728146],[107.525817,14.732364],[107.525867,14.734816],[107.532786,14.736777],[107.537886,14.741053],[107.537622,14.74387],[107.542093,14.750408],[107.533957,14.759842],[107.533607,14.764909],[107.530669,14.765889],[107.530611,14.771626],[107.528194,14.772004],[107.525752,14.77607],[107.52031,14.776075],[107.517496,14.778097],[107.514995,14.785672],[107.509932,14.783557],[107.505424,14.785656],[107.507825,14.787342],[107.513857,14.787936],[107.518206,14.791829],[107.523527,14.793156],[107.523744,14.794733],[107.528446,14.796061]]]}},{"type":"Feature","properties":{"code":"21136","name":"Xã Cà Đam","type":"Xã"},"geometry":{"type":"Polygon","coordinates":[[[108.472272,15.130128],[108.466572,15.133611],[108.464665,15.145294],[108.470142,15.152168],[108.469441,15.157377],[108.467845,15.158966],[108.469414,15.161012],[108.473245,15.163663],[108.479896,15.165041],[108.480615,15.170083],[108.479084,15.175661],[108.483175,15.185346],[108.480771,15.190682],[108.487789,15.202461],[108.500498,15.204121],[108.502894,15.207397],[108.505954,15.207315],[108.516402,15.21212],[108.517015,15.217657],[108.522482,15.221529],[108.523111,15.225863],[108.534017,15.226412],[108.537827,15.223293],[108.544686,15.223493],[108.547658,15.216121],[108.55486,15.220042],[108.557521,15.219436],[108.560751,15.215865],[108.571077,15.213174],[108.589039,15.21551],[108.593418,15.221065],[108.596668,15.220139],[108.605223,15.212953],[108.600208,15.2084],[108.598606,15.199938],[108.595085,15.200034],[108.593605,15.194656],[108.597115,15.189189],[108.59772,15.185279],[108.60003,15.184949],[108.599684,15.175971],[108.601806,15.173045],[108.601574,15.170318],[108.593168,15.167914],[108.586507,15.161814],[108.582982,15.161166],[108.578366,15.157354],[108.569296,15.160895],[108.565415,15.159741],[108.550552,15.141915],[108.541006,15.13816],[108.535545,15.131814],[108.527008,15.127731],[108.523191,15.127808],[108.521388,15.116592],[108.514544,15.117711],[108.506663,15.115918],[108.503133,15.11732],[108.499054,15.108327],[108.493767,15.105621],[108.485632,15.106372],[108.478412,15.1113],[108.475228,15.10962],[108.473871,15.106349],[108.468437,15.103601],[108.467006,15.105991],[108.468477,15.110467],[108.467248,15.115234],[108.472272,15.130128]]]}},{"type":"Feature","properties":{"code":"23383","name":"Xã Dục Nông","type":"Xã"},"geometry":{"type":"Polygon","coordinates":[[[107.764782,14.970316],[107.76927,14.966147],[107.771611,14.972565],[107.776445,14.974752],[107.778745,14.97246],[107.78153,14.973377],[107.783781,14.9686],[107.777143,14.946098],[107.782342,14.937537],[107.780817,14.930592],[107.787758,14.925086],[107.788878,14.917426],[107.793862,14.907349],[107.789192,14.902109],[107.789041,14.898],[107.785855,14.895858],[107.784018,14.889573],[107.785504,14.885923],[107.789298,14.882875],[107.79116,14.884189],[107.793305,14.881288],[107.793074,14.875922],[107.786098,14.86755],[107.780061,14.868563],[107.778343,14.866758],[107.781079,14.86628],[107.782963,14.862224],[107.780012,14.854407],[107.780368,14.85165],[107.776208,14.846506],[107.777855,14.840767],[107.777031,14.838823],[107.76776,14.834482],[107.764305,14.829347],[107.758673,14.828756],[107.755375,14.826327],[107.753707,14.82292],[107.754321,14.818671],[107.748749,14.819035],[107.737486,14.813732],[107.734284,14.810616],[107.735967,14.808331],[107.735257,14.801981],[107.736835,14.796552],[107.740228,14.794012],[107.739206,14.790859],[107.736196,14.787299],[107.734564,14.788323],[107.732169,14.782689],[107.727946,14.778727],[107.724262,14.767349],[107.721524,14.764138],[107.70884,14.758722],[107.699969,14.752691],[107.704539,14.748397],[107.703042,14.741921],[107.704565,14.738589],[107.701069,14.732812],[107.694933,14.737985],[107.677802,14.743278],[107.671553,14.731068],[107.671355,14.732897],[107.661798,14.73882],[107.66563,14.746219],[107.667649,14.74727],[107.670579,14.756288],[107.668971,14.760089],[107.636961,14.78707],[107.595885,14.762652],[107.591498,14.768437],[107.592205,14.769739],[107.588825,14.772777],[107.583685,14.774729],[107.581842,14.772673],[107.577647,14.77388],[107.57117,14.778281],[107.569856,14.777216],[107.566954,14.779662],[107.563063,14.77957],[107.563048,14.781695],[107.558685,14.782167],[107.559017,14.784182],[107.556506,14.785081],[107.554669,14.783868],[107.547917,14.786279],[107.548454,14.783431],[107.542662,14.779072],[107.539838,14.778987],[107.539086,14.781995],[107.540967,14.785744],[107.539472,14.788882],[107.536662,14.788842],[107.536485,14.790878],[107.533396,14.791083],[107.528446,14.796061],[107.523744,14.794733],[107.521183,14.791913],[107.518206,14.791829],[107.513857,14.787936],[107.505382,14.78571],[107.508022,14.789375],[107.507392,14.792702],[107.510294,14.796288],[107.515184,14.799587],[107.516238,14.802207],[107.520099,14.802396],[107.523747,14.805139],[107.522224,14.813571],[107.528219,14.814091],[107.53522,14.818348],[107.539684,14.818863],[107.541167,14.827329],[107.561997,14.83932],[107.562347,14.841611],[107.565716,14.844385],[107.56606,14.848975],[107.569848,14.852375],[107.57903,14.85461],[107.580225,14.858029],[107.58391,14.861446],[107.591221,14.865479],[107.596389,14.865453],[107.601271,14.867578],[107.603963,14.870564],[107.614833,14.870266],[107.623425,14.862549],[107.629358,14.865482],[107.631725,14.862707],[107.639068,14.863075],[107.643899,14.866156],[107.65141,14.866159],[107.654418,14.863631],[107.657082,14.857567],[107.660545,14.856795],[107.667629,14.864015],[107.670791,14.863773],[107.673102,14.861437],[107.678702,14.860861],[107.680741,14.862462],[107.686925,14.860327],[107.692992,14.867479],[107.700987,14.865648],[107.705057,14.867011],[107.705487,14.86415],[107.707797,14.865313],[107.70983,14.869569],[107.704512,14.871372],[107.703326,14.874173],[107.709758,14.876154],[107.708728,14.879067],[107.712918,14.896125],[107.712428,14.901959],[107.717125,14.911093],[107.718389,14.920315],[107.721782,14.924736],[107.719218,14.92568],[107.71865,14.928886],[107.724557,14.932554],[107.720677,14.936537],[107.722912,14.938948],[107.718679,14.944225],[107.717794,14.949151],[107.727859,14.950486],[107.740605,14.946926],[107.742279,14.949938],[107.739043,14.950932],[107.739757,14.953446],[107.738373,14.956456],[107.744682,14.952558],[107.748079,14.954209],[107.748872,14.952069],[107.7503,14.95515],[107.753075,14.95429],[107.756619,14.959285],[107.756341,14.962118],[107.76021,14.963266],[107.76033,14.968063],[107.757972,14.968943],[107.760513,14.973535],[107.765236,14.974976],[107.764782,14.970316]]]}},{"type":"Feature","properties":{"code":"21472","name":"Xã Khánh Cường","type":"Xã"},"geometry":{"type":"Polygon","coordinates":[[[108.998503,14.831071],[108.999367,14.830813],[109.000538,14.829569],[109.003286,14.820006],[109.01525,14.798982],[109.069471,14.714285],[109.067604,14.716161],[109.064291,14.712265],[109.059283,14.712455],[109.052585,14.706245],[109.048915,14.705598],[109.047996,14.702937],[109.044057,14.699949],[109.044884,14.69588],[109.04753,14.69563],[109.047543,14.691391],[109.041233,14.68965],[109.038771,14.684422],[109.029981,14.684743],[109.025979,14.673398],[109.019634,14.673342],[109.016746,14.666337],[109.00837,14.670415],[109.004184,14.668275],[109.000683,14.668676],[108.996381,14.670812],[108.994085,14.674258],[108.978014,14.670617],[108.973192,14.672891],[108.973822,14.683872],[108.975613,14.685677],[108.975853,14.689287],[108.979495,14.692636],[108.977033,14.696602],[108.977025,14.700098],[108.970903,14.704194],[108.968943,14.715393],[108.970858,14.728043],[108.953433,14.742985],[108.954914,14.747268],[108.953319,14.748603],[108.955118,14.752536],[108.954591,14.759471],[108.962208,14.766009],[108.969212,14.779764],[108.973688,14.780505],[108.974556,14.783806],[108.982836,14.785863],[108.9831,14.783557],[108.987327,14.783874],[108.988423,14.787962],[108.991539,14.779204],[108.993704,14.778911],[108.999951,14.781154],[108.999133,14.784882],[109.001162,14.7873],[109.005008,14.78667],[109.007638,14.782224],[109.012987,14.78289],[109.022005,14.787084],[109.022637,14.786098],[109.003621,14.817676],[108.99979,14.827252],[109.000378,14.82945],[108.99811,14.83086],[108.996782,14.829085],[108.997188,14.830426],[108.998503,14.831071]]]}},{"type":"Feature","properties":{"code":"23497","name":"Xã Kon Braih","type":"Xã"},"geometry":{"type":"Polygon","coordinates":[[[108.22479,14.525963],[108.230304,14.524657],[108.233443,14.519257],[108.232641,14.514804],[108.23464,14.512077],[108.233671,14.5037],[108.232238,14.502168],[108.233495,14.500393],[108.239285,14.495707],[108.244671,14.498089],[108.256664,14.496155],[108.25872,14.491996],[108.266466,14.487159],[108.26772,14.481767],[108.268545,14.463991],[108.265709,14.463576],[108.263176,14.459042],[108.257164,14.453716],[108.256152,14.449406],[108.25234,14.445123],[108.252412,14.440284],[108.250334,14.439013],[108.249827,14.434474],[108.252319,14.430137],[108.251634,14.421749],[108.246682,14.420574],[108.244131,14.41702],[108.238724,14.416006],[108.23921,14.413462],[108.237925,14.412933],[108.236395,14.414445],[108.232608,14.413361],[108.229122,14.415286],[108.229641,14.417357],[108.226826,14.417417],[108.224848,14.420361],[108.222709,14.420571],[108.2211,14.418006],[108.219194,14.41788],[108.219956,14.416875],[108.216668,14.416046],[108.205899,14.406178],[108.208212,14.405569],[108.206874,14.404027],[108.209369,14.404032],[108.208987,14.402591],[108.210573,14.402828],[108.209933,14.401666],[108.211169,14.401207],[108.204171,14.398908],[108.206323,14.397858],[108.206297,14.393106],[108.208579,14.392889],[108.205266,14.38807],[108.202882,14.388274],[108.206791,14.38594],[108.207146,14.383805],[108.204371,14.380459],[108.204899,14.377697],[108.202833,14.376722],[108.203518,14.374734],[108.198422,14.376848],[108.198808,14.372849],[108.192647,14.373823],[108.189965,14.368923],[108.187784,14.368073],[108.182278,14.369337],[108.176188,14.366481],[108.169939,14.368114],[108.166238,14.364417],[108.163638,14.364385],[108.163166,14.362168],[108.160474,14.362867],[108.15641,14.353818],[108.151743,14.353572],[108.151291,14.351437],[108.154208,14.350515],[108.154192,14.348903],[108.145982,14.347724],[108.142046,14.353325],[108.146215,14.356215],[108.148105,14.355679],[108.149401,14.360341],[108.139615,14.36017],[108.139497,14.356913],[108.13505,14.355203],[108.127006,14.356623],[108.118407,14.362984],[108.115594,14.363498],[108.108572,14.353342],[108.112354,14.345912],[108.104587,14.343492],[108.104477,14.337612],[108.100411,14.335122],[108.081832,14.334264],[108.08283,14.338401],[108.086274,14.340688],[108.086657,14.37108],[108.083623,14.376444],[108.084518,14.38355],[108.08,14.385947],[108.07745,14.390333],[108.081681,14.396386],[108.082744,14.400765],[108.082732,14.402607],[108.079502,14.404769],[108.081459,14.414796],[108.080228,14.417599],[108.081,14.427455],[108.083409,14.430782],[108.083942,14.43861],[108.089576,14.444924],[108.085145,14.451994],[108.086681,14.457593],[108.084265,14.46296],[108.087248,14.465068],[108.08835,14.468726],[108.086469,14.473661],[108.082789,14.477455],[108.083519,14.4806],[108.091094,14.482616],[108.093919,14.486025],[108.096656,14.485749],[108.104492,14.495413],[108.109357,14.497647],[108.12351,14.482796],[108.134903,14.481453],[108.135979,14.478787],[108.138041,14.479178],[108.143071,14.48652],[108.144992,14.486751],[108.145356,14.489071],[108.143894,14.489452],[108.143409,14.492077],[108.14666,14.491645],[108.153662,14.49486],[108.158242,14.49385],[108.164396,14.496605],[108.171625,14.493278],[108.175246,14.494867],[108.176954,14.493669],[108.176351,14.490883],[108.18165,14.487334],[108.181943,14.484591],[108.184126,14.484304],[108.184244,14.489098],[108.194888,14.493685],[108.202383,14.509848],[108.217604,14.509827],[108.221657,14.507373],[108.224119,14.508408],[108.223147,14.513875],[108.227891,14.516518],[108.228766,14.518841],[108.224933,14.521505],[108.225934,14.525078],[108.22479,14.525963]]]}},{"type":"Feature","properties":{"code":"23476","name":"Xã Kon Plông","type":"Xã"},"geometry":{"type":"Polygon","coordinates":[[[108.322518,14.912109],[108.338437,14.908057],[108.344016,14.901021],[108.344422,14.898378],[108.349019,14.897807],[108.350949,14.894567],[108.349835,14.882592],[108.352568,14.879154],[108.355553,14.878486],[108.361219,14.882907],[108.363794,14.882273],[108.369023,14.87105],[108.367633,14.867225],[108.370616,14.865398],[108.369764,14.862369],[108.37231,14.856591],[108.374611,14.855106],[108.376804,14.845721],[108.381469,14.844028],[108.384657,14.83581],[108.389351,14.834041],[108.39746,14.824439],[108.402626,14.823187],[108.405374,14.819942],[108.413304,14.816172],[108.423778,14.818223],[108.430209,14.816088],[108.430291,14.811181],[108.435153,14.808701],[108.435471,14.805702],[108.441036,14.802864],[108.44382,14.803658],[108.452829,14.801146],[108.456739,14.79037],[108.47164,14.792891],[108.493787,14.801152],[108.496291,14.797243],[108.494368,14.795822],[108.50013,14.791817],[108.5017,14.788147],[108.500234,14.784726],[108.502352,14.779475],[108.505486,14.777101],[108.509876,14.777217],[108.516228,14.77413],[108.521846,14.758979],[108.524799,14.756927],[108.524975,14.750987],[108.527675,14.744804],[108.525214,14.743698],[108.525542,14.741281],[108.521669,14.738572],[108.52239,14.736938],[108.518501,14.72966],[108.519389,14.726855],[108.516996,14.72458],[108.518133,14.721446],[108.513415,14.71758],[108.512242,14.712504],[108.503099,14.708273],[108.501675,14.7034],[108.496587,14.70114],[108.496572,14.698151],[108.502158,14.69494],[108.50343,14.69047],[108.510894,14.688765],[108.512558,14.684738],[108.50947,14.677092],[108.50604,14.673044],[108.506559,14.666854],[108.501311,14.666325],[108.498561,14.659566],[108.495752,14.657642],[108.492711,14.650685],[108.490273,14.648928],[108.491598,14.645799],[108.49046,14.643918],[108.488314,14.645281],[108.48431,14.64431],[108.480733,14.634064],[108.480661,14.629299],[108.481968,14.625642],[108.483864,14.625523],[108.484703,14.623457],[108.488294,14.624128],[108.489036,14.621318],[108.493884,14.620504],[108.502739,14.625472],[108.50664,14.620004],[108.51923,14.623048],[108.528611,14.622966],[108.528265,14.616956],[108.532101,14.611449],[108.534241,14.603584],[108.547172,14.589414],[108.542984,14.587494],[108.538554,14.582602],[108.535784,14.582583],[108.531701,14.578049],[108.530864,14.566116],[108.52921,14.562521],[108.530524,14.56025],[108.528757,14.558661],[108.528893,14.556355],[108.524193,14.556106],[108.522388,14.552425],[108.517954,14.550315],[108.512131,14.551092],[108.511595,14.546061],[108.507723,14.544785],[108.504149,14.546831],[108.495649,14.54272],[108.493413,14.544893],[108.484413,14.54759],[108.482158,14.550668],[108.470582,14.549614],[108.461224,14.553806],[108.458644,14.55169],[108.452408,14.556158],[108.445089,14.55685],[108.441302,14.554959],[108.436341,14.558684],[108.425551,14.560594],[108.42361,14.567441],[108.419039,14.568272],[108.416932,14.571253],[108.415094,14.571177],[108.414488,14.574655],[108.4127,14.575842],[108.413929,14.576666],[108.412368,14.579277],[108.413121,14.58445],[108.41058,14.587354],[108.409566,14.592206],[108.405961,14.592099],[108.403338,14.595303],[108.403049,14.598276],[108.399621,14.59948],[108.39714,14.603519],[108.394419,14.603085],[108.393773,14.612435],[108.394937,14.616672],[108.392875,14.617427],[108.388765,14.627751],[108.382394,14.629626],[108.382506,14.632378],[108.379128,14.631654],[108.378027,14.63607],[108.374007,14.639798],[108.378302,14.64419],[108.380589,14.651932],[108.382445,14.653001],[108.383,14.658347],[108.381157,14.672598],[108.378036,14.678323],[108.377332,14.684538],[108.37845,14.686895],[108.373104,14.698148],[108.362842,14.708146],[108.353352,14.713097],[108.340146,14.7172],[108.335066,14.717095],[108.32917,14.724249],[108.325001,14.725247],[108.322945,14.729379],[108.317739,14.73093],[108.313381,14.737384],[108.306609,14.741337],[108.304389,14.74555],[108.297309,14.750113],[108.292781,14.75664],[108.290019,14.756172],[108.285817,14.761682],[108.285254,14.764768],[108.290416,14.771108],[108.289316,14.772479],[108.290551,14.775853],[108.289015,14.777333],[108.291399,14.78378],[108.288508,14.784426],[108.287932,14.787752],[108.291478,14.789328],[108.298132,14.798209],[108.297816,14.80651],[108.299741,14.808113],[108.293473,14.814927],[108.28622,14.815391],[108.284261,14.818605],[108.284796,14.823213],[108.283578,14.825],[108.285298,14.826776],[108.286348,14.848474],[108.289982,14.857698],[108.293284,14.861223],[108.291826,14.871471],[108.297232,14.877678],[108.303762,14.879953],[108.307713,14.886637],[108.313598,14.886335],[108.325222,14.894175],[108.325928,14.901052],[108.321619,14.907249],[108.322518,14.912109]]]}},{"type":"Feature","properties":{"code":"23430","name":"Xã Kon Đào","type":"Xã"},"geometry":{"type":"Polygon","coordinates":[[[107.940772,14.738975],[107.912925,14.728395],[107.906314,14.717396],[107.907662,14.710554],[107.900498,14.70721],[107.898237,14.702766],[107.893306,14.700178],[107.892061,14.695818],[107.893109,14.691556],[107.887137,14.682267],[107.873448,14.681833],[107.856373,14.685958],[107.855064,14.689016],[107.840666,14.686714],[107.836985,14.68514],[107.837537,14.684061],[107.835391,14.68232],[107.831782,14.681476],[107.816186,14.681264],[107.813008,14.685936],[107.811083,14.686316],[107.804803,14.682798],[107.80558,14.689706],[107.820691,14.707438],[107.826096,14.711318],[107.826305,14.714436],[107.829386,14.714637],[107.829821,14.717275],[107.827754,14.719477],[107.833745,14.729211],[107.831887,14.733612],[107.826286,14.738015],[107.828612,14.749715],[107.819058,14.754299],[107.814382,14.754447],[107.814142,14.755879],[107.80542,14.760521],[107.804732,14.767941],[107.799603,14.774004],[107.797427,14.788352],[107.7984,14.793318],[107.799594,14.795443],[107.803877,14.797171],[107.809138,14.807009],[107.811605,14.807532],[107.812756,14.805214],[107.835027,14.790575],[107.853017,14.789688],[107.852424,14.783933],[107.853566,14.78315],[107.857228,14.785262],[107.863821,14.781527],[107.86963,14.784527],[107.869626,14.78894],[107.876806,14.792768],[107.879996,14.798673],[107.890343,14.807396],[107.892068,14.811085],[107.897218,14.812787],[107.89951,14.811291],[107.901397,14.81193],[107.906967,14.816559],[107.91413,14.814319],[107.911863,14.806997],[107.911794,14.797738],[107.909504,14.79521],[107.911835,14.781178],[107.902171,14.766802],[107.916976,14.766012],[107.922379,14.760882],[107.929176,14.748983],[107.937155,14.744098],[107.940772,14.738975]]]}},{"type":"Feature","properties":{"code":"21409","name":"Xã Long Phụng","type":"Xã"},"geometry":{"type":"Polygon","coordinates":[[[108.89967,15.096003],[108.902208,15.094563],[108.904053,15.09562],[108.902866,15.085936],[108.903967,15.077293],[108.917711,15.024228],[108.901127,15.022809],[108.90055,15.029198],[108.898056,15.029618],[108.898039,15.028365],[108.889484,15.030655],[108.884874,15.030433],[108.880057,15.027868],[108.878699,15.029028],[108.876535,15.026216],[108.872951,15.026359],[108.870087,15.019168],[108.858347,15.00926],[108.86258,15.003752],[108.859887,14.999874],[108.863049,14.999872],[108.861771,14.996934],[108.86364,14.992851],[108.866095,14.991614],[108.86659,14.988026],[108.855993,14.987802],[108.854483,14.984165],[108.848584,14.987871],[108.843933,14.988777],[108.841728,14.99378],[108.843185,14.99567],[108.839455,14.999013],[108.84179,15.002035],[108.841882,15.005794],[108.840303,15.00872],[108.835288,15.012091],[108.83459,15.015443],[108.84254,15.018602],[108.848907,15.019069],[108.852421,15.027785],[108.849337,15.036956],[108.855216,15.04535],[108.872566,15.046221],[108.880855,15.059785],[108.890441,15.062564],[108.891141,15.065756],[108.886635,15.07621],[108.893662,15.084318],[108.892791,15.086391],[108.889366,15.086718],[108.886721,15.0907],[108.887118,15.094372],[108.896486,15.093952],[108.89967,15.096003]]]}},{"type":"Feature","properties":{"code":"21433","name":"Xã Lân Phong","type":"Xã"},"geometry":{"type":"Polygon","coordinates":[[[108.939111,14.960903],[108.956454,14.918235],[108.943726,14.910662],[108.939723,14.91042],[108.938388,14.913055],[108.929762,14.910535],[108.930218,14.906334],[108.936415,14.89796],[108.938186,14.892547],[108.939337,14.887644],[108.938097,14.883994],[108.926412,14.88592],[108.926165,14.8842],[108.923197,14.88352],[108.92094,14.880785],[108.916805,14.879818],[108.911418,14.883501],[108.909101,14.882684],[108.907567,14.885435],[108.902121,14.882026],[108.899859,14.883185],[108.891107,14.881997],[108.889001,14.887382],[108.883575,14.889367],[108.876259,14.889335],[108.873457,14.886571],[108.85461,14.892828],[108.832297,14.893607],[108.833882,14.890663],[108.831877,14.88765],[108.82517,14.886069],[108.822102,14.883169],[108.83054,14.897809],[108.857872,14.906138],[108.868155,14.910654],[108.868643,14.912277],[108.878275,14.917375],[108.877953,14.918441],[108.880034,14.918713],[108.880341,14.916779],[108.884069,14.91787],[108.884128,14.920005],[108.887201,14.922395],[108.887365,14.925307],[108.895474,14.925717],[108.900016,14.927727],[108.897552,14.934389],[108.904787,14.939815],[108.901071,14.946559],[108.899118,14.945759],[108.894574,14.958496],[108.903424,14.95894],[108.904115,14.957793],[108.914565,14.961197],[108.918996,14.953499],[108.920985,14.954472],[108.922891,14.952917],[108.924982,14.954425],[108.925242,14.951166],[108.939111,14.960903]]]}},{"type":"Feature","properties":{"code":"21361","name":"Xã Minh Long","type":"Xã"},"geometry":{"type":"Polygon","coordinates":[[[108.589944,14.868294],[108.593478,14.884484],[108.590114,14.888808],[108.586024,14.888928],[108.583002,14.897515],[108.577881,14.901441],[108.577033,14.907106],[108.607244,14.924137],[108.605684,14.928827],[108.613679,14.933569],[108.614164,14.938199],[108.609195,14.94299],[108.609308,14.957584],[108.611291,14.962576],[108.61915,14.966406],[108.620398,14.968394],[108.626391,14.966288],[108.629416,14.962516],[108.624841,14.957599],[108.625662,14.955404],[108.629374,14.953503],[108.633094,14.95811],[108.640669,14.957124],[108.640928,14.963718],[108.646411,14.964405],[108.64648,14.968962],[108.650706,14.973859],[108.650826,14.970871],[108.656199,14.968695],[108.662955,14.961058],[108.664602,14.960183],[108.670101,14.961784],[108.677574,14.953869],[108.683681,14.950045],[108.685455,14.947615],[108.684715,14.942694],[108.691985,14.935848],[108.696226,14.934805],[108.695608,14.93241],[108.697988,14.930829],[108.703179,14.939472],[108.712295,14.944707],[108.72124,14.944249],[108.72287,14.947026],[108.724929,14.947003],[108.740888,14.943506],[108.72628,14.932087],[108.729299,14.918239],[108.723254,14.905239],[108.723934,14.901574],[108.721589,14.897532],[108.722245,14.895495],[108.717755,14.892926],[108.714573,14.886719],[108.708909,14.885473],[108.707332,14.887465],[108.706062,14.884594],[108.69947,14.881303],[108.697677,14.886633],[108.690786,14.885832],[108.687562,14.882528],[108.682503,14.882767],[108.682505,14.885944],[108.672018,14.891416],[108.668054,14.897361],[108.663794,14.899128],[108.655494,14.897655],[108.638469,14.887692],[108.632093,14.880568],[108.630831,14.875087],[108.628288,14.875058],[108.627723,14.871764],[108.623838,14.867582],[108.620904,14.866786],[108.618127,14.859419],[108.609272,14.856359],[108.603511,14.84953],[108.602035,14.852849],[108.593867,14.860929],[108.593148,14.864868],[108.589944,14.868294]]]}},{"type":"Feature","properties":{"code":"23536","name":"Xã Mô Rai","type":"Xã"},"geometry":{"type":"Polygon","coordinates":[[[107.438209,14.359039],[107.439337,14.363907],[107.432847,14.366722],[107.424124,14.373739],[107.43339,14.381026],[107.433305,14.386967],[107.428078,14.393234],[107.42806,14.399813],[107.423889,14.400467],[107.426915,14.411807],[107.432689,14.415883],[107.435501,14.415778],[107.439123,14.421488],[107.448397,14.426117],[107.451926,14.422374],[107.457288,14.419979],[107.455983,14.416692],[107.460124,14.406321],[107.466925,14.404687],[107.471408,14.408271],[107.473777,14.408223],[107.476107,14.407335],[107.475947,14.405568],[107.484174,14.403715],[107.488666,14.40663],[107.490634,14.414232],[107.488782,14.415907],[107.490803,14.422333],[107.489724,14.429866],[107.492519,14.433897],[107.496517,14.435939],[107.499504,14.44792],[107.50163,14.450059],[107.501803,14.455672],[107.506019,14.45965],[107.522644,14.459011],[107.527142,14.461996],[107.536784,14.457826],[107.541836,14.460901],[107.545347,14.458675],[107.552537,14.457589],[107.560495,14.451502],[107.56656,14.451583],[107.569331,14.453369],[107.582955,14.443603],[107.59286,14.441791],[107.595898,14.445881],[107.600518,14.446709],[107.606857,14.440959],[107.61,14.442888],[107.619715,14.44416],[107.625556,14.451956],[107.625089,14.454404],[107.626904,14.457429],[107.629217,14.458976],[107.63447,14.459618],[107.635739,14.457498],[107.64489,14.456698],[107.650239,14.459568],[107.651404,14.461191],[107.65043,14.464036],[107.652335,14.465769],[107.657303,14.466721],[107.663704,14.463882],[107.669826,14.466746],[107.672531,14.470424],[107.678382,14.471532],[107.680429,14.475067],[107.695402,14.465308],[107.702781,14.453677],[107.700724,14.444],[107.697442,14.441756],[107.703093,14.438461],[107.706179,14.433291],[107.703281,14.426774],[107.696142,14.423444],[107.696165,14.421401],[107.703945,14.41824],[107.710485,14.409421],[107.718378,14.404324],[107.719321,14.391082],[107.722735,14.383328],[107.721166,14.380949],[107.721923,14.379459],[107.723477,14.378223],[107.73314,14.378132],[107.735495,14.370474],[107.739808,14.366035],[107.732111,14.352721],[107.730922,14.347433],[107.727961,14.344675],[107.72798,14.341473],[107.721207,14.339698],[107.719199,14.337389],[107.719656,14.32598],[107.710724,14.329248],[107.703985,14.327094],[107.701181,14.328233],[107.697244,14.327266],[107.693938,14.324058],[107.689219,14.323288],[107.683527,14.317746],[107.684377,14.313787],[107.682127,14.311543],[107.683944,14.307688],[107.679544,14.28588],[107.683898,14.283436],[107.683796,14.280146],[107.687814,14.278687],[107.689691,14.274899],[107.691502,14.266306],[107.689011,14.253721],[107.691546,14.25155],[107.694595,14.244664],[107.692555,14.237751],[107.693356,14.227037],[107.687919,14.222299],[107.683285,14.227409],[107.680926,14.234946],[107.675243,14.234912],[107.670699,14.240986],[107.660526,14.242741],[107.651546,14.241487],[107.646947,14.244459],[107.645468,14.248008],[107.64169,14.249415],[107.640003,14.249281],[107.638923,14.245911],[107.633867,14.24528],[107.63051,14.245792],[107.6281,14.248117],[107.626961,14.245336],[107.622029,14.244557],[107.610453,14.245008],[107.606403,14.247095],[107.605032,14.244297],[107.598055,14.239656],[107.594531,14.245353],[107.590699,14.248044],[107.587026,14.248031],[107.581322,14.251359],[107.575979,14.249897],[107.568088,14.255735],[107.566206,14.257793],[107.569818,14.257216],[107.572438,14.262804],[107.570597,14.264961],[107.567096,14.26191],[107.559396,14.260264],[107.55256,14.260649],[107.548532,14.259072],[107.543935,14.261434],[107.536202,14.256454],[107.533081,14.250189],[107.535308,14.245439],[107.530371,14.24348],[107.520696,14.255983],[107.518772,14.26393],[107.521873,14.278017],[107.520463,14.281866],[107.514878,14.28355],[107.515206,14.288511],[107.511697,14.295581],[107.513008,14.307839],[107.51721,14.311141],[107.518615,14.31531],[107.515479,14.320651],[107.513383,14.320961],[107.503784,14.316389],[107.501549,14.3184],[107.492148,14.315058],[107.49127,14.310822],[107.488047,14.309945],[107.487615,14.306149],[107.48092,14.307832],[107.479493,14.304448],[107.481773,14.301135],[107.478581,14.300121],[107.477732,14.301206],[107.476682,14.298627],[107.474767,14.299343],[107.472115,14.305004],[107.468267,14.304784],[107.468669,14.307533],[107.463429,14.310023],[107.458566,14.318015],[107.45377,14.319553],[107.447079,14.324474],[107.445595,14.328681],[107.449344,14.339681],[107.447974,14.342791],[107.439988,14.346292],[107.434344,14.352986],[107.438209,14.359039]]]}},{"type":"Feature","properties":{"code":"23455","name":"Xã Măng Bút","type":"Xã"},"geometry":{"type":"Polygon","coordinates":[[[108.139134,14.904218],[108.15848,14.910707],[108.15838,14.914843],[108.154449,14.918301],[108.156149,14.92529],[108.148932,14.93509],[108.141244,14.938647],[108.139167,14.943492],[108.134737,14.946422],[108.124653,14.960863],[108.132512,14.959185],[108.135817,14.962006],[108.137946,14.959823],[108.141618,14.959136],[108.148709,14.961174],[108.157793,14.971244],[108.16292,14.97448],[108.159309,14.97935],[108.157717,14.991947],[108.154338,14.99462],[108.152847,14.999939],[108.150337,15.002121],[108.152092,15.009262],[108.148982,15.022523],[108.153022,15.027671],[108.14966,15.033562],[108.151839,15.037298],[108.146058,15.044363],[108.146809,15.046316],[108.149019,15.046633],[108.149685,15.050784],[108.15683,15.054164],[108.159542,15.059778],[108.162434,15.061128],[108.166197,15.059423],[108.170445,15.061915],[108.177237,15.060125],[108.189728,15.051002],[108.191824,15.048862],[108.194399,15.040297],[108.199689,15.043921],[108.208265,15.037493],[108.211068,15.032584],[108.216853,15.032355],[108.220009,15.029619],[108.222885,15.030872],[108.224507,15.029354],[108.230093,15.03255],[108.238526,15.032069],[108.245434,15.029817],[108.250093,15.026232],[108.248443,15.021898],[108.251805,15.022002],[108.25408,15.019283],[108.250888,15.015371],[108.254192,15.006249],[108.259094,15.004056],[108.26309,14.998106],[108.264425,14.989078],[108.268638,14.982079],[108.272639,14.982987],[108.275628,14.977856],[108.281745,14.976826],[108.283566,14.973675],[108.282648,14.967207],[108.283889,14.963816],[108.298048,14.957635],[108.303348,14.951085],[108.312749,14.945935],[108.315765,14.939328],[108.314099,14.934959],[108.320264,14.927408],[108.319838,14.924129],[108.321474,14.920969],[108.319051,14.918404],[108.321448,14.916074],[108.321646,14.907076],[108.324603,14.904613],[108.323926,14.90269],[108.325928,14.901052],[108.324887,14.898573],[108.326323,14.895928],[108.313598,14.886335],[108.307713,14.886637],[108.303762,14.879953],[108.297232,14.877678],[108.291826,14.871471],[108.293284,14.861223],[108.289982,14.857698],[108.286348,14.848474],[108.285298,14.826776],[108.283578,14.825],[108.284796,14.823213],[108.284261,14.818605],[108.28622,14.815391],[108.293473,14.814927],[108.299741,14.808113],[108.297816,14.80651],[108.298132,14.798209],[108.291478,14.789328],[108.288026,14.787912],[108.287788,14.785007],[108.27218,14.778427],[108.270257,14.778818],[108.267006,14.784971],[108.263129,14.787655],[108.257221,14.788093],[108.25687,14.786488],[108.25204,14.785043],[108.242842,14.786731],[108.240988,14.789966],[108.24202,14.792587],[108.23924,14.794788],[108.24082,14.798103],[108.230781,14.800444],[108.22828,14.799062],[108.225734,14.800036],[108.22576,14.805361],[108.220956,14.80639],[108.21608,14.81126],[108.217947,14.816958],[108.216366,14.819463],[108.211656,14.818339],[108.208974,14.821035],[108.205135,14.821568],[108.201649,14.831849],[108.196723,14.832154],[108.191769,14.829772],[108.187102,14.817769],[108.185054,14.818013],[108.180771,14.81479],[108.180802,14.804082],[108.178571,14.80132],[108.172008,14.801952],[108.164854,14.797949],[108.160019,14.797815],[108.156596,14.798478],[108.152665,14.804803],[108.149574,14.801656],[108.139364,14.801929],[108.137976,14.803537],[108.138152,14.810243],[108.142361,14.816412],[108.143677,14.825103],[108.149135,14.836903],[108.145413,14.838],[108.139123,14.843517],[108.136784,14.853336],[108.139069,14.858304],[108.13731,14.866576],[108.139305,14.870184],[108.136883,14.872328],[108.138999,14.873957],[108.130847,14.877229],[108.127287,14.883964],[108.127733,14.887602],[108.139134,14.904218]]]}},{"type":"Feature","properties":{"code":"23446","name":"Xã Măng Ri","type":"Xã"},"geometry":{"type":"Polygon","coordinates":[[[108.15848,14.910707],[108.139134,14.904218],[108.127733,14.887602],[108.127287,14.883964],[108.130847,14.877229],[108.138999,14.873957],[108.136883,14.872328],[108.139305,14.870184],[108.13731,14.866576],[108.139069,14.858304],[108.136784,14.853336],[108.139123,14.843517],[108.145413,14.838],[108.149135,14.836903],[108.143677,14.825103],[108.142361,14.816412],[108.138152,14.810243],[108.137976,14.803537],[108.140575,14.800355],[108.141508,14.794838],[108.128695,14.800444],[108.123432,14.801014],[108.117539,14.800059],[108.114079,14.796953],[108.105526,14.798519],[108.106614,14.802615],[108.105331,14.806458],[108.103015,14.808802],[108.100945,14.816642],[108.097923,14.817536],[108.097766,14.82271],[108.09607,14.82418],[108.088451,14.822286],[108.084634,14.819278],[108.079141,14.819594],[108.064068,14.811719],[108.058862,14.812814],[108.055792,14.816736],[108.052736,14.817285],[108.050691,14.820899],[108.051697,14.82262],[108.047542,14.828106],[108.041858,14.829649],[108.037978,14.828594],[108.033416,14.82456],[108.035075,14.817422],[108.027423,14.8138],[108.025088,14.815306],[108.022254,14.814585],[108.015749,14.808896],[108.014538,14.806007],[108.013811,14.810114],[108.016439,14.811944],[108.015096,14.814565],[108.021943,14.819694],[108.024776,14.820081],[108.028391,14.824438],[108.027635,14.828716],[108.030009,14.834932],[108.027676,14.837524],[108.023459,14.837852],[108.020334,14.840475],[108.021634,14.852715],[108.020083,14.857793],[108.021574,14.86249],[108.017754,14.865044],[108.010227,14.862302],[108.001813,14.862447],[107.997657,14.864088],[107.9981,14.866727],[107.992478,14.873977],[107.988509,14.875079],[107.987707,14.880801],[107.985285,14.882719],[107.985268,14.886369],[107.981789,14.89335],[107.985619,14.901137],[107.982489,14.90245],[107.982737,14.905807],[107.980266,14.908432],[107.976802,14.90448],[107.969808,14.906165],[107.956739,14.900782],[107.952157,14.893371],[107.946886,14.890131],[107.931654,14.889986],[107.92604,14.892682],[107.920804,14.88967],[107.919315,14.895632],[107.906804,14.908586],[107.897541,14.924816],[107.894734,14.940193],[107.887416,14.952264],[107.886425,14.972296],[107.888085,14.975936],[107.896282,14.983597],[107.899474,14.990181],[107.904146,14.993041],[107.906299,14.998213],[107.912397,14.998983],[107.922683,15.004689],[107.943347,15.005722],[107.948152,15.017664],[107.944073,15.021425],[107.944571,15.023321],[107.946454,15.02366],[107.945786,15.027253],[107.949052,15.033757],[107.95679,15.03731],[107.962937,15.02906],[107.965149,15.021851],[107.972265,15.013995],[107.972071,15.012048],[107.982949,15.010344],[107.983238,15.006713],[107.990122,14.999359],[108.003574,15.002252],[108.007693,14.999891],[108.008489,14.997124],[108.017099,15.002584],[108.019023,14.999805],[108.022413,14.998602],[108.047529,14.992295],[108.049789,14.989926],[108.048696,14.986525],[108.054951,14.981006],[108.060621,14.974003],[108.060417,14.972128],[108.077013,14.969123],[108.081283,14.966271],[108.084463,14.95754],[108.0923,14.952398],[108.106423,14.951334],[108.117476,14.959248],[108.124983,14.95981],[108.134737,14.946422],[108.139167,14.943492],[108.141244,14.938647],[108.148932,14.93509],[108.156149,14.92529],[108.154449,14.918301],[108.15838,14.914843],[108.15848,14.910707]]]}},{"type":"Feature","properties":{"code":"23473","name":"Xã Măng Đen","type":"Xã"},"geometry":{"type":"Polygon","coordinates":[[[108.191889,14.8299],[108.201649,14.831849],[108.205135,14.821568],[108.208974,14.821035],[108.211656,14.818339],[108.216239,14.819608],[108.217947,14.816958],[108.21608,14.81126],[108.220956,14.80639],[108.22576,14.805361],[108.225734,14.800036],[108.22828,14.799062],[108.230781,14.800444],[108.24082,14.798103],[108.23924,14.794788],[108.24202,14.792587],[108.240988,14.789966],[108.242842,14.786731],[108.25204,14.785043],[108.25687,14.786488],[108.257221,14.788093],[108.263129,14.787655],[108.267006,14.784971],[108.270257,14.778818],[108.27205,14.778433],[108.288163,14.785449],[108.291383,14.783801],[108.289015,14.777333],[108.290551,14.775853],[108.289316,14.772479],[108.290365,14.770763],[108.285254,14.764768],[108.285817,14.761682],[108.290019,14.756172],[108.292781,14.75664],[108.297309,14.750113],[108.305016,14.744914],[108.306609,14.741337],[108.313381,14.737384],[108.317739,14.73093],[108.322945,14.729379],[108.325129,14.725124],[108.32917,14.724249],[108.335066,14.717095],[108.340146,14.7172],[108.353352,14.713097],[108.362842,14.708146],[108.373104,14.698148],[108.37845,14.686895],[108.377332,14.684538],[108.378036,14.678323],[108.381157,14.672598],[108.383,14.658347],[108.382445,14.653001],[108.380589,14.651932],[108.378302,14.64419],[108.374007,14.639798],[108.378027,14.63607],[108.379128,14.631654],[108.382506,14.632378],[108.382255,14.629754],[108.38578,14.627645],[108.388648,14.627841],[108.391253,14.623489],[108.392875,14.617427],[108.394937,14.616672],[108.393773,14.612435],[108.395276,14.600858],[108.392572,14.600151],[108.388883,14.601896],[108.387424,14.598391],[108.384347,14.597039],[108.37547,14.600565],[108.375085,14.59855],[108.371293,14.596087],[108.371672,14.594227],[108.369897,14.593683],[108.366957,14.584269],[108.358363,14.58107],[108.356853,14.578729],[108.357061,14.570255],[108.35953,14.566026],[108.35283,14.564314],[108.347156,14.564996],[108.343535,14.562486],[108.335852,14.563162],[108.33539,14.560741],[108.333222,14.560671],[108.332097,14.557949],[108.326483,14.558618],[108.322473,14.557174],[108.31693,14.55941],[108.310628,14.55558],[108.304514,14.556176],[108.301853,14.554591],[108.293594,14.555496],[108.289017,14.558269],[108.284394,14.558639],[108.280989,14.56237],[108.270477,14.564169],[108.269467,14.567554],[108.262471,14.568965],[108.258822,14.567473],[108.249681,14.572761],[108.245058,14.570886],[108.240345,14.571974],[108.242957,14.568769],[108.236207,14.569322],[108.237985,14.564568],[108.233903,14.564591],[108.23294,14.562702],[108.229566,14.563279],[108.229603,14.560504],[108.227905,14.559184],[108.223717,14.558393],[108.216894,14.560221],[108.212172,14.563465],[108.210972,14.569845],[108.217098,14.575103],[108.220196,14.579119],[108.220292,14.582415],[108.2255,14.587307],[108.224717,14.591765],[108.22672,14.600585],[108.22958,14.600933],[108.231381,14.604097],[108.234329,14.603621],[108.23478,14.607624],[108.239753,14.607099],[108.240665,14.609324],[108.237432,14.616604],[108.241501,14.623219],[108.237729,14.626267],[108.242317,14.635216],[108.2402,14.640213],[108.242929,14.64697],[108.229902,14.685208],[108.230387,14.693435],[108.228897,14.695257],[108.230842,14.701091],[108.234674,14.702275],[108.235567,14.705584],[108.23456,14.712648],[108.232362,14.71405],[108.234822,14.715991],[108.233565,14.719643],[108.228394,14.722282],[108.229628,14.729083],[108.226049,14.73451],[108.222339,14.734465],[108.221323,14.737478],[108.215034,14.740466],[108.213379,14.745695],[108.210683,14.744446],[108.20764,14.745621],[108.208245,14.747725],[108.200681,14.749079],[108.200966,14.750815],[108.197592,14.752676],[108.194982,14.751482],[108.19096,14.752245],[108.19033,14.749815],[108.187734,14.750269],[108.187191,14.752967],[108.182782,14.754825],[108.173822,14.748071],[108.173176,14.745514],[108.17044,14.745111],[108.168671,14.748203],[108.165939,14.74558],[108.150731,14.752836],[108.146311,14.751536],[108.146224,14.755413],[108.142976,14.757153],[108.143263,14.759946],[108.126147,14.765244],[108.127385,14.775539],[108.125917,14.779711],[108.13184,14.789662],[108.137781,14.790094],[108.138147,14.792525],[108.141508,14.794838],[108.139364,14.801929],[108.149574,14.801656],[108.152665,14.804803],[108.156596,14.798478],[108.160019,14.797815],[108.164854,14.797949],[108.172008,14.801952],[108.178571,14.80132],[108.180802,14.804082],[108.180843,14.814915],[108.185054,14.818013],[108.187102,14.817769],[108.191889,14.8299]]]}},{"type":"Feature","properties":{"code":"21421","name":"Xã Mỏ Cày","type":"Xã"},"geometry":{"type":"Polygon","coordinates":[[[108.917711,15.024228],[108.939111,14.960903],[108.925242,14.951166],[108.924982,14.954425],[108.922891,14.952917],[108.920985,14.954472],[108.918996,14.953499],[108.914565,14.961197],[108.904115,14.957793],[108.903424,14.95894],[108.898481,14.958131],[108.892957,14.959559],[108.890683,14.965099],[108.891914,14.970871],[108.886893,14.96992],[108.887426,14.972272],[108.883523,14.974551],[108.883603,14.978221],[108.885808,14.980997],[108.872814,14.980563],[108.875282,14.986344],[108.87505,14.990308],[108.86659,14.988026],[108.866095,14.991614],[108.86364,14.992851],[108.861771,14.996934],[108.863049,14.999872],[108.859887,14.999874],[108.86258,15.003752],[108.858347,15.00926],[108.870087,15.019168],[108.871945,15.025869],[108.876535,15.026216],[108.878699,15.029028],[108.880057,15.027868],[108.884874,15.030433],[108.889257,15.030659],[108.898039,15.028365],[108.898056,15.029618],[108.90055,15.029198],[108.901127,15.022809],[108.917711,15.024228]]]}},{"type":"Feature","properties":{"code":"21400","name":"Xã Mộ Đức","type":"Xã"},"geometry":{"type":"Polygon","coordinates":[[[108.833119,14.961253],[108.836593,14.962399],[108.846244,14.960108],[108.847449,14.973491],[108.849294,14.973671],[108.853097,14.979114],[108.855993,14.987802],[108.866449,14.987913],[108.87505,14.990308],[108.875282,14.986344],[108.872814,14.980563],[108.885808,14.980997],[108.883603,14.978221],[108.883523,14.974551],[108.887426,14.972272],[108.886893,14.96992],[108.891914,14.970871],[108.890683,14.965099],[108.892806,14.962495],[108.892842,14.959699],[108.897004,14.954348],[108.896575,14.95157],[108.899118,14.945759],[108.901071,14.946559],[108.904787,14.939815],[108.897552,14.934389],[108.900016,14.927727],[108.895474,14.925717],[108.887365,14.925307],[108.887201,14.922395],[108.884128,14.920005],[108.884069,14.91787],[108.880341,14.916779],[108.880034,14.918713],[108.877953,14.918441],[108.878275,14.917375],[108.868643,14.912277],[108.868155,14.910654],[108.857872,14.906138],[108.83054,14.897809],[108.82155,14.88312],[108.820989,14.885061],[108.824217,14.888692],[108.8228,14.893347],[108.806323,14.896829],[108.801014,14.907574],[108.794507,14.908515],[108.794498,14.921183],[108.791511,14.925725],[108.796043,14.933244],[108.793903,14.938567],[108.794825,14.943225],[108.799305,14.945761],[108.804201,14.952693],[108.818269,14.957328],[108.824589,14.96465],[108.831069,14.964533],[108.833119,14.961253]]]}},{"type":"Feature","properties":{"code":"21250","name":"Xã Nghĩa Giang","type":"Xã"},"geometry":{"type":"Polygon","coordinates":[[[108.756213,15.078244],[108.751805,15.075869],[108.741195,15.076354],[108.738716,15.074185],[108.730864,15.08106],[108.732235,15.086768],[108.724791,15.087826],[108.719432,15.085069],[108.714776,15.07971],[108.70954,15.078325],[108.708018,15.083061],[108.709147,15.086216],[108.704891,15.092108],[108.699479,15.092952],[108.6996,15.105507],[108.708809,15.116482],[108.713546,15.130323],[108.717231,15.129793],[108.723053,15.143142],[108.710604,15.149701],[108.710809,15.153998],[108.729352,15.147531],[108.750316,15.146536],[108.753657,15.145183],[108.758606,15.141056],[108.765593,15.129578],[108.768272,15.128635],[108.760682,15.124287],[108.759789,15.118344],[108.762439,15.116956],[108.760947,15.107989],[108.758761,15.107049],[108.758671,15.104681],[108.762693,15.104904],[108.767875,15.100718],[108.770901,15.10195],[108.7813,15.098892],[108.780832,15.102131],[108.787416,15.105048],[108.792416,15.102287],[108.798262,15.094318],[108.797198,15.091972],[108.795472,15.091802],[108.79401,15.087449],[108.79016,15.088047],[108.78871,15.084917],[108.780493,15.085739],[108.781544,15.088139],[108.779736,15.08984],[108.771375,15.088568],[108.769959,15.087064],[108.765975,15.087568],[108.765421,15.086256],[108.767464,15.086842],[108.77086,15.082369],[108.765924,15.084002],[108.76596,15.080556],[108.760851,15.082529],[108.757601,15.081744],[108.756213,15.078244]]]}},{"type":"Feature","properties":{"code":"21364","name":"Xã Nghĩa Hành","type":"Xã"},"geometry":{"type":"Polygon","coordinates":[[[108.754948,15.073764],[108.757601,15.081744],[108.760851,15.082529],[108.76596,15.080556],[108.765924,15.084002],[108.77086,15.082369],[108.767464,15.086842],[108.765421,15.086256],[108.765975,15.087568],[108.769959,15.087064],[108.771375,15.088568],[108.779736,15.08984],[108.781544,15.088139],[108.780493,15.085739],[108.78871,15.084917],[108.79016,15.088047],[108.79401,15.087449],[108.795664,15.089404],[108.796364,15.087059],[108.793575,15.085658],[108.79222,15.078553],[108.789031,15.078027],[108.78786,15.07433],[108.786611,15.0747],[108.788607,15.072569],[108.788909,15.069179],[108.790351,15.06915],[108.78955,15.065002],[108.792678,15.064413],[108.793109,15.061997],[108.794436,15.063928],[108.796308,15.062518],[108.797579,15.063917],[108.803453,15.064464],[108.809511,15.057605],[108.811716,15.059786],[108.816493,15.057585],[108.817892,15.059643],[108.819829,15.058418],[108.825935,15.035618],[108.818788,15.034804],[108.815536,15.031913],[108.808831,15.033977],[108.805597,15.03291],[108.798785,15.038027],[108.797429,15.039734],[108.798872,15.041645],[108.795319,15.044682],[108.795681,15.049587],[108.799935,15.054036],[108.793772,15.052345],[108.789777,15.054503],[108.787986,15.04969],[108.78559,15.048242],[108.784067,15.050948],[108.780494,15.051926],[108.780864,15.03877],[108.775396,15.039153],[108.775647,15.037881],[108.773129,15.037203],[108.770585,15.03826],[108.768081,15.048993],[108.763648,15.04831],[108.762117,15.051558],[108.75807,15.054602],[108.759127,15.062245],[108.763041,15.068457],[108.754948,15.073764]]]}},{"type":"Feature","properties":{"code":"21457","name":"Xã Nguyễn Nghiêm","type":"Xã"},"geometry":{"type":"Polygon","coordinates":[[[108.876802,14.79368],[108.85427,14.809598],[108.849694,14.805665],[108.846613,14.798156],[108.838192,14.807501],[108.835522,14.807055],[108.826044,14.811023],[108.824985,14.814033],[108.832127,14.824331],[108.828475,14.829802],[108.82845,14.837442],[108.827025,14.839894],[108.820409,14.843631],[108.816439,14.850372],[108.816275,14.856956],[108.82989,14.862773],[108.828489,14.868699],[108.829848,14.876047],[108.822102,14.883169],[108.82517,14.886069],[108.831877,14.88765],[108.833882,14.890663],[108.832297,14.893607],[108.85461,14.892828],[108.873457,14.886571],[108.876259,14.889335],[108.883575,14.889367],[108.889001,14.887382],[108.890134,14.882161],[108.89806,14.881971],[108.899859,14.883185],[108.902121,14.882026],[108.907567,14.885435],[108.909101,14.882684],[108.911418,14.883501],[108.916805,14.879818],[108.913455,14.878852],[108.912292,14.87603],[108.906631,14.871834],[108.907704,14.863347],[108.906223,14.859109],[108.908312,14.845971],[108.907877,14.84093],[108.906683,14.84048],[108.908919,14.835041],[108.914496,14.834174],[108.913958,14.827798],[108.919637,14.825689],[108.923586,14.821452],[108.921035,14.816429],[108.919882,14.797592],[108.916123,14.792461],[108.916652,14.788949],[108.909262,14.779746],[108.900461,14.781673],[108.876802,14.79368]]]}},{"type":"Feature","properties":{"code":"23365","name":"Xã Ngọc Linh","type":"Xã"},"geometry":{"type":"Polygon","coordinates":[[[107.91443,15.211948],[107.931039,15.207429],[107.931108,15.203064],[107.934024,15.199956],[107.933524,15.195318],[107.93707,15.190645],[107.948285,15.186557],[107.950366,15.175121],[107.96056,15.173026],[107.970822,15.167806],[107.981535,15.16659],[107.986131,15.159479],[107.99185,15.156823],[107.999339,15.156685],[107.999564,15.150854],[108.004662,15.141716],[108.000655,15.134375],[108.000822,15.130057],[107.998405,15.128342],[107.999417,15.123976],[108.002678,15.121504],[108.002155,15.118831],[107.997577,15.11661],[107.993042,15.110664],[107.992168,15.105185],[107.988675,15.099138],[107.98882,15.09581],[107.983384,15.092183],[107.983447,15.089442],[107.979612,15.085718],[107.978088,15.082195],[107.978762,15.07927],[107.975338,15.073882],[107.97619,15.069326],[107.960674,15.063322],[107.950108,15.053315],[107.959727,15.042862],[107.958637,15.038138],[107.949052,15.033757],[107.945786,15.027253],[107.946454,15.02366],[107.944571,15.023321],[107.944073,15.021425],[107.948152,15.017664],[107.943347,15.005722],[107.922683,15.004689],[107.912397,14.998983],[107.906299,14.998213],[107.907633,15.000346],[107.906902,15.004081],[107.909543,15.006099],[107.909042,15.010033],[107.90533,15.016948],[107.901774,15.016842],[107.895341,15.029362],[107.897124,15.041546],[107.895139,15.049319],[107.897176,15.057946],[107.894635,15.063908],[107.895221,15.066319],[107.889779,15.072643],[107.886213,15.080359],[107.890432,15.097099],[107.889345,15.103421],[107.890627,15.106647],[107.888072,15.108564],[107.888396,15.112713],[107.892717,15.112103],[107.894414,15.114805],[107.90098,15.11656],[107.894273,15.123487],[107.884225,15.125858],[107.882608,15.128652],[107.883789,15.132558],[107.882601,15.136131],[107.883948,15.141813],[107.888754,15.143686],[107.893512,15.151319],[107.903537,15.156258],[107.907591,15.155883],[107.907354,15.161413],[107.910175,15.165869],[107.907025,15.171589],[107.905996,15.179691],[107.899278,15.185558],[107.894463,15.186699],[107.889833,15.193787],[107.892782,15.194924],[107.899499,15.204941],[107.911325,15.206825],[107.91443,15.211948]]]}},{"type":"Feature","properties":{"code":"23317","name":"Xã Ngọk Bay","type":"Xã"},"geometry":{"type":"Polygon","coordinates":[[[107.957388,14.409635],[107.968021,14.422836],[107.968563,14.426404],[107.978032,14.432342],[107.983381,14.426799],[107.986181,14.427104],[107.991893,14.410002],[107.987215,14.399844],[107.986036,14.389982],[107.981771,14.384586],[107.978722,14.391777],[107.97453,14.39183],[107.968282,14.394974],[107.959596,14.391274],[107.959595,14.38687],[107.962537,14.37602],[107.963021,14.367286],[107.96601,14.366933],[107.969314,14.368769],[107.969599,14.370927],[107.972734,14.369599],[107.975323,14.371622],[107.98883,14.367607],[107.987868,14.361767],[107.989205,14.356482],[107.97939,14.353381],[107.968549,14.353723],[107.965489,14.355742],[107.964958,14.362429],[107.961433,14.364184],[107.95657,14.362987],[107.955289,14.356741],[107.953898,14.355915],[107.949753,14.365823],[107.936159,14.374223],[107.93161,14.370037],[107.926799,14.3571],[107.92441,14.354893],[107.909658,14.361016],[107.90615,14.369755],[107.901924,14.371459],[107.895925,14.369854],[107.891198,14.366494],[107.889088,14.366804],[107.887328,14.370673],[107.88558,14.37065],[107.878668,14.364927],[107.870147,14.380391],[107.871223,14.39111],[107.86171,14.396991],[107.864198,14.413211],[107.868045,14.423621],[107.874385,14.424457],[107.879411,14.436702],[107.881686,14.435388],[107.881505,14.425278],[107.892947,14.428625],[107.900019,14.426497],[107.90582,14.427603],[107.91436,14.424705],[107.915345,14.418257],[107.919932,14.414468],[107.9241,14.414007],[107.924567,14.404686],[107.928127,14.403776],[107.931437,14.400141],[107.948637,14.397374],[107.948508,14.401905],[107.957388,14.409635]]]}},{"type":"Feature","properties":{"code":"23515","name":"Xã Ngọk Réo","type":"Xã"},"geometry":{"type":"Polygon","coordinates":[[[107.968929,14.511256],[107.978148,14.521969],[107.994044,14.523906],[107.994306,14.539116],[107.996752,14.54938],[107.995221,14.555374],[107.998357,14.555958],[107.998305,14.554174],[108.003452,14.553503],[108.008433,14.556126],[108.010907,14.55371],[108.013821,14.553503],[108.022723,14.560659],[108.024878,14.564688],[108.033528,14.561078],[108.040845,14.55044],[108.04441,14.551344],[108.048108,14.556335],[108.053503,14.559484],[108.056153,14.564155],[108.059211,14.564064],[108.0635,14.558934],[108.068101,14.559226],[108.068733,14.556703],[108.07627,14.554488],[108.080202,14.550698],[108.084399,14.548697],[108.087704,14.5494],[108.095069,14.537111],[108.102453,14.537745],[108.111188,14.533165],[108.108952,14.530746],[108.110808,14.526581],[108.109472,14.515168],[108.106307,14.508765],[108.109433,14.501106],[108.109337,14.497581],[108.104492,14.495413],[108.096656,14.485749],[108.093919,14.486025],[108.091094,14.482616],[108.083519,14.4806],[108.082789,14.477455],[108.086469,14.473661],[108.08835,14.468726],[108.087248,14.465068],[108.084265,14.46296],[108.086681,14.457593],[108.085145,14.451994],[108.089576,14.444924],[108.086604,14.44275],[108.083038,14.436441],[108.083702,14.432328],[108.081042,14.427618],[108.08064,14.423253],[108.069337,14.415961],[108.063545,14.419215],[108.056188,14.430118],[108.04421,14.435248],[108.032028,14.435029],[108.018726,14.453738],[108.017895,14.452021],[108.014226,14.452202],[108.011662,14.449571],[108.007659,14.450559],[108.005091,14.453264],[108.006493,14.447226],[108.00396,14.448306],[107.998577,14.446232],[107.996089,14.447942],[107.995433,14.446437],[107.992912,14.44742],[107.994794,14.444749],[107.99346,14.441982],[107.995219,14.440395],[107.994237,14.439691],[107.99574,14.435584],[107.993673,14.437385],[107.984047,14.437893],[107.978732,14.441732],[107.978322,14.445955],[107.973756,14.451005],[107.972622,14.456095],[107.976145,14.45746],[107.973071,14.460845],[107.972853,14.464371],[107.963742,14.469479],[107.963757,14.473369],[107.966394,14.473562],[107.967293,14.475621],[107.965334,14.476898],[107.96806,14.481676],[107.968128,14.487992],[107.965402,14.491163],[107.964247,14.496517],[107.96965,14.506112],[107.968929,14.511256]]]}},{"type":"Feature","properties":{"code":"23428","name":"Xã Ngọk Tụ","type":"Xã"},"geometry":{"type":"Polygon","coordinates":[[[107.792629,14.84652],[107.796469,14.846102],[107.800444,14.841121],[107.802859,14.843393],[107.803707,14.841158],[107.806541,14.840703],[107.807435,14.830827],[107.812226,14.811909],[107.812441,14.807331],[107.809138,14.807009],[107.803877,14.797171],[107.799594,14.795443],[107.798196,14.792765],[107.797427,14.788352],[107.799603,14.774004],[107.804732,14.767941],[107.8055,14.760427],[107.814142,14.755879],[107.814382,14.754447],[107.819361,14.754195],[107.828798,14.749378],[107.826286,14.738015],[107.831887,14.733612],[107.833745,14.729211],[107.827754,14.719477],[107.829821,14.717275],[107.829386,14.714637],[107.826305,14.714436],[107.826096,14.711318],[107.820691,14.707438],[107.80558,14.689706],[107.804803,14.682798],[107.802624,14.688968],[107.798168,14.692399],[107.790696,14.69473],[107.787004,14.690874],[107.783327,14.690449],[107.782641,14.688336],[107.779995,14.686883],[107.777981,14.68762],[107.77767,14.685786],[107.773047,14.686582],[107.763569,14.682104],[107.757772,14.684111],[107.748079,14.681457],[107.744251,14.686018],[107.742572,14.683929],[107.740275,14.685545],[107.736167,14.684687],[107.731808,14.681427],[107.730785,14.685457],[107.725058,14.693283],[107.721939,14.69516],[107.721218,14.698394],[107.716673,14.699153],[107.715902,14.70234],[107.711255,14.703805],[107.713245,14.706876],[107.709687,14.713048],[107.711164,14.718188],[107.707766,14.721644],[107.706201,14.728293],[107.702025,14.729413],[107.701097,14.731412],[107.701578,14.735335],[107.704565,14.738589],[107.703042,14.741921],[107.704539,14.748397],[107.699799,14.752404],[107.70884,14.758722],[107.721524,14.764138],[107.724262,14.767349],[107.727946,14.778727],[107.732169,14.782689],[107.734564,14.788323],[107.736196,14.787299],[107.739206,14.790859],[107.740228,14.794012],[107.736835,14.796552],[107.735257,14.801981],[107.735967,14.808331],[107.734284,14.810616],[107.737486,14.813732],[107.748749,14.819035],[107.754321,14.818671],[107.754828,14.825702],[107.758673,14.828756],[107.764305,14.829347],[107.76776,14.834482],[107.775201,14.837689],[107.780309,14.838001],[107.77972,14.841299],[107.781669,14.839239],[107.792629,14.84652]]]}},{"type":"Feature","properties":{"code":"21370","name":"Xã Phước Giang","type":"Xã"},"geometry":{"type":"Polygon","coordinates":[[[108.744042,15.076931],[108.751805,15.075869],[108.753292,15.078561],[108.756213,15.078244],[108.754948,15.073764],[108.763041,15.068457],[108.759127,15.062245],[108.758093,15.054516],[108.762117,15.051558],[108.763648,15.04831],[108.768081,15.048993],[108.770585,15.03826],[108.773129,15.037203],[108.775647,15.037881],[108.775396,15.039153],[108.779867,15.039206],[108.784035,15.036907],[108.783898,15.034769],[108.785843,15.034614],[108.786834,15.027972],[108.784671,15.026654],[108.78613,15.018066],[108.784751,15.018214],[108.78313,15.015111],[108.780255,15.012381],[108.777206,15.015085],[108.76888,15.013348],[108.76888,15.001378],[108.764068,14.999978],[108.759349,15.000797],[108.756794,14.996076],[108.752193,14.99405],[108.753093,14.998155],[108.746028,15.017072],[108.739817,15.013429],[108.73372,15.012695],[108.729971,15.015742],[108.727288,15.012703],[108.722484,15.012275],[108.715757,15.018376],[108.711439,15.030523],[108.709485,15.028883],[108.706334,15.029747],[108.703457,15.039272],[108.696461,15.042209],[108.693069,15.051038],[108.689875,15.053274],[108.687534,15.057979],[108.6937,15.061506],[108.694539,15.065416],[108.706403,15.077187],[108.714776,15.07971],[108.719432,15.085069],[108.724563,15.087788],[108.732235,15.086768],[108.730864,15.08106],[108.738716,15.074185],[108.744042,15.076931]]]}},{"type":"Feature","properties":{"code":"23530","name":"Xã Rờ Kơi","type":"Xã"},"geometry":{"type":"Polygon","coordinates":[[[107.762086,14.61335],[107.776576,14.604394],[107.777262,14.602608],[107.775505,14.598654],[107.771291,14.592596],[107.773676,14.590216],[107.776286,14.581933],[107.775106,14.578176],[107.777527,14.57657],[107.778514,14.572137],[107.777328,14.568507],[107.779623,14.566651],[107.782508,14.566784],[107.791483,14.551326],[107.799978,14.53142],[107.79812,14.526424],[107.80178,14.52335],[107.797746,14.517796],[107.802088,14.517401],[107.803489,14.515677],[107.802029,14.514266],[107.804296,14.511556],[107.780611,14.501176],[107.773048,14.50223],[107.770281,14.499493],[107.766378,14.499047],[107.765358,14.496296],[107.768059,14.495319],[107.76,14.48456],[107.755372,14.481904],[107.752149,14.483055],[107.748601,14.477781],[107.745089,14.479528],[107.740021,14.476541],[107.735958,14.476115],[107.735213,14.465055],[107.738386,14.458376],[107.734897,14.461842],[107.732592,14.461393],[107.726009,14.451302],[107.721672,14.451308],[107.717169,14.459834],[107.697338,14.46196],[107.692906,14.467468],[107.681016,14.475072],[107.678382,14.471532],[107.672531,14.470424],[107.669826,14.466746],[107.663704,14.463882],[107.657303,14.466721],[107.652335,14.465769],[107.65043,14.464036],[107.651404,14.461191],[107.650239,14.459568],[107.64489,14.456698],[107.635739,14.457498],[107.63447,14.459618],[107.629217,14.458976],[107.626904,14.457429],[107.625089,14.454404],[107.625556,14.451956],[107.619715,14.44416],[107.61,14.442888],[107.606857,14.440959],[107.600518,14.446709],[107.595898,14.445881],[107.59286,14.441791],[107.582955,14.443603],[107.569331,14.453369],[107.56656,14.451583],[107.560495,14.451502],[107.552537,14.457589],[107.545347,14.458675],[107.541836,14.460901],[107.536784,14.457826],[107.527142,14.461996],[107.522644,14.459011],[107.506019,14.45965],[107.503684,14.457974],[107.503703,14.460239],[107.499685,14.46402],[107.499636,14.466269],[107.502852,14.469888],[107.503311,14.482548],[107.505113,14.486954],[107.508253,14.488989],[107.508197,14.495759],[107.512369,14.497747],[107.511644,14.502487],[107.509794,14.502961],[107.506727,14.508814],[107.510861,14.511677],[107.514824,14.512033],[107.518203,14.506753],[107.522241,14.506454],[107.523313,14.505043],[107.521971,14.502135],[107.542697,14.509685],[107.544082,14.507021],[107.554189,14.505623],[107.557916,14.512165],[107.562042,14.510921],[107.584932,14.514581],[107.587337,14.519231],[107.598997,14.520492],[107.609443,14.529242],[107.651491,14.531901],[107.654857,14.533822],[107.654855,14.535657],[107.659438,14.540313],[107.659442,14.54546],[107.662235,14.552434],[107.660044,14.555235],[107.664272,14.560713],[107.663474,14.565338],[107.665845,14.565841],[107.667804,14.56913],[107.671483,14.569677],[107.670664,14.572476],[107.673777,14.576361],[107.673222,14.580293],[107.675105,14.585077],[107.678152,14.582994],[107.679809,14.585471],[107.68866,14.584469],[107.697573,14.589235],[107.701207,14.589366],[107.713541,14.582998],[107.717043,14.58287],[107.723867,14.586351],[107.7245,14.584862],[107.726291,14.585247],[107.7297,14.588297],[107.733656,14.589113],[107.738016,14.596203],[107.742921,14.595348],[107.746972,14.59708],[107.753099,14.611817],[107.762086,14.61335]]]}},{"type":"Feature","properties":{"code":"23534","name":"Xã Sa Bình","type":"Xã"},"geometry":{"type":"Polygon","coordinates":[[[107.863938,14.500669],[107.868158,14.49727],[107.869496,14.492186],[107.883002,14.489811],[107.885563,14.486942],[107.884817,14.483856],[107.88766,14.470308],[107.88266,14.464243],[107.879411,14.436702],[107.874385,14.424457],[107.868045,14.423621],[107.864198,14.413211],[107.86171,14.396991],[107.871223,14.39111],[107.870147,14.380391],[107.875123,14.370213],[107.880073,14.363059],[107.883194,14.361065],[107.883453,14.358862],[107.879463,14.350872],[107.878503,14.344223],[107.874067,14.336735],[107.866607,14.331128],[107.857972,14.321418],[107.847069,14.328773],[107.837915,14.330092],[107.835472,14.336324],[107.836012,14.347654],[107.830067,14.347956],[107.83068,14.352188],[107.833891,14.355812],[107.834188,14.3601],[107.837854,14.365321],[107.836351,14.375305],[107.823094,14.387856],[107.820801,14.387433],[107.818678,14.389728],[107.816767,14.388883],[107.817944,14.392179],[107.815885,14.391289],[107.814964,14.393709],[107.810841,14.394247],[107.810345,14.395919],[107.813014,14.398808],[107.811871,14.401143],[107.806339,14.401862],[107.806976,14.404014],[107.803156,14.406116],[107.795743,14.418642],[107.795457,14.426104],[107.799486,14.427572],[107.802614,14.434087],[107.808479,14.436419],[107.819559,14.445096],[107.813393,14.450681],[107.814704,14.452255],[107.812484,14.458011],[107.813155,14.46805],[107.817596,14.472859],[107.814961,14.476858],[107.813398,14.485911],[107.810144,14.492992],[107.805831,14.496529],[107.806883,14.501483],[107.805465,14.502253],[107.807409,14.504854],[107.802029,14.514266],[107.803486,14.515792],[107.802088,14.517401],[107.797746,14.517796],[107.80178,14.52335],[107.79812,14.526424],[107.799978,14.53142],[107.794738,14.541294],[107.806458,14.545585],[107.815928,14.546854],[107.819327,14.542127],[107.822876,14.541336],[107.82582,14.538564],[107.829051,14.542325],[107.832099,14.541947],[107.833958,14.53869],[107.84037,14.537634],[107.841708,14.532506],[107.843166,14.53343],[107.849782,14.529619],[107.850366,14.52466],[107.861721,14.520247],[107.861309,14.506078],[107.863938,14.500669]]]}},{"type":"Feature","properties":{"code":"23392","name":"Xã Sa Loong","type":"Xã"},"geometry":{"type":"Polygon","coordinates":[[[107.690927,14.692798],[107.694205,14.691443],[107.693386,14.690241],[107.695531,14.690249],[107.696627,14.687234],[107.697968,14.688545],[107.697459,14.68602],[107.69977,14.686761],[107.700433,14.68459],[107.703047,14.684345],[107.703594,14.680836],[107.706153,14.67927],[107.706009,14.676763],[107.716576,14.683792],[107.717238,14.681114],[107.720562,14.679324],[107.72293,14.675434],[107.74023,14.669451],[107.743702,14.665472],[107.743357,14.659607],[107.748492,14.657455],[107.744663,14.647498],[107.737374,14.642379],[107.739827,14.636777],[107.73803,14.635112],[107.747091,14.630635],[107.749711,14.620544],[107.756548,14.61664],[107.759028,14.613176],[107.752603,14.6112],[107.746972,14.59708],[107.742921,14.595348],[107.738016,14.596203],[107.733656,14.589113],[107.7297,14.588297],[107.726291,14.585247],[107.7245,14.584862],[107.723867,14.586351],[107.719784,14.583781],[107.718516,14.584703],[107.716777,14.582815],[107.709188,14.584216],[107.701462,14.589353],[107.697573,14.589235],[107.68866,14.584469],[107.679809,14.585471],[107.678152,14.582994],[107.675105,14.585077],[107.673222,14.580293],[107.673777,14.576361],[107.670664,14.572476],[107.671483,14.569677],[107.667804,14.56913],[107.665845,14.565841],[107.663474,14.565338],[107.664272,14.560713],[107.660044,14.555235],[107.662235,14.552434],[107.659442,14.54546],[107.659438,14.540313],[107.654855,14.535657],[107.654857,14.533822],[107.651491,14.531901],[107.609443,14.529242],[107.598997,14.520492],[107.587337,14.519231],[107.584932,14.514581],[107.562042,14.510921],[107.557916,14.512165],[107.554189,14.505623],[107.544082,14.507021],[107.543267,14.509711],[107.541272,14.509426],[107.521971,14.502135],[107.523305,14.505125],[107.518203,14.506753],[107.514824,14.512033],[107.51708,14.513199],[107.518866,14.518212],[107.520846,14.518785],[107.523736,14.523563],[107.521857,14.529168],[107.525351,14.53222],[107.524967,14.535122],[107.527312,14.536854],[107.526287,14.544979],[107.530054,14.546432],[107.52906,14.549748],[107.532047,14.555341],[107.528858,14.560076],[107.524229,14.560759],[107.52548,14.562794],[107.522691,14.565738],[107.523029,14.577428],[107.521506,14.581237],[107.516344,14.585326],[107.522223,14.589379],[107.521225,14.591968],[107.525036,14.598675],[107.52875,14.598016],[107.530754,14.599897],[107.535297,14.600095],[107.540141,14.605396],[107.542055,14.604884],[107.544929,14.611268],[107.547294,14.606618],[107.552724,14.605783],[107.554357,14.603977],[107.572954,14.606257],[107.573069,14.607447],[107.578984,14.607091],[107.582819,14.610927],[107.582407,14.619303],[107.590169,14.620663],[107.591635,14.622535],[107.597012,14.616119],[107.600273,14.617223],[107.601811,14.620257],[107.603536,14.618753],[107.605049,14.620355],[107.603121,14.623481],[107.607564,14.624533],[107.608919,14.629724],[107.614187,14.632759],[107.622147,14.64912],[107.625067,14.650946],[107.629336,14.659455],[107.633644,14.662678],[107.639069,14.671284],[107.641416,14.671614],[107.641783,14.676318],[107.653117,14.672298],[107.658007,14.673624],[107.660964,14.672665],[107.661898,14.674018],[107.663385,14.672495],[107.669103,14.677909],[107.670682,14.675744],[107.672741,14.676656],[107.673521,14.675512],[107.677858,14.677939],[107.677254,14.679041],[107.684255,14.686798],[107.685116,14.690802],[107.690927,14.692798]]]}},{"type":"Feature","properties":{"code":"23527","name":"Xã Sa Thầy","type":"Xã"},"geometry":{"type":"Polygon","coordinates":[[[107.818002,14.392118],[107.815018,14.382379],[107.810758,14.382892],[107.806728,14.381211],[107.805348,14.375743],[107.802442,14.376501],[107.794392,14.368327],[107.781636,14.370845],[107.781178,14.373172],[107.768208,14.369692],[107.75721,14.371761],[107.746821,14.370293],[107.739808,14.366035],[107.735495,14.370474],[107.73314,14.378132],[107.723477,14.378223],[107.721923,14.379459],[107.721166,14.380949],[107.722735,14.383328],[107.719321,14.391082],[107.718378,14.404324],[107.710485,14.409421],[107.703945,14.41824],[107.696165,14.421401],[107.696142,14.423444],[107.703281,14.426774],[107.706187,14.433502],[107.703093,14.438461],[107.697442,14.441756],[107.700724,14.444],[107.702781,14.453677],[107.700366,14.459252],[107.697338,14.46196],[107.717169,14.459834],[107.721672,14.451308],[107.726009,14.451302],[107.732592,14.461393],[107.734897,14.461842],[107.738386,14.458376],[107.735213,14.465055],[107.735958,14.476115],[107.740021,14.476541],[107.745089,14.479528],[107.748601,14.477781],[107.752149,14.483055],[107.755372,14.481904],[107.76,14.48456],[107.768059,14.495319],[107.765358,14.496296],[107.766378,14.499047],[107.770281,14.499493],[107.773048,14.50223],[107.780611,14.501176],[107.804296,14.511556],[107.807409,14.504854],[107.805465,14.502253],[107.806883,14.501483],[107.805831,14.496529],[107.810144,14.492992],[107.813398,14.485911],[107.814961,14.476858],[107.817596,14.472859],[107.812967,14.467468],[107.812484,14.458011],[107.814704,14.452255],[107.813393,14.450681],[107.819559,14.445096],[107.808479,14.436419],[107.802882,14.434363],[107.799486,14.427572],[107.795457,14.426104],[107.795121,14.421387],[107.803156,14.406116],[107.806976,14.404014],[107.806339,14.401862],[107.811871,14.401143],[107.813014,14.398808],[107.810577,14.394564],[107.814964,14.393709],[107.815885,14.391289],[107.818002,14.392118]]]}},{"type":"Feature","properties":{"code":"21289","name":"Xã Sơn Hà","type":"Xã"},"geometry":{"type":"Polygon","coordinates":[[[108.470097,14.976426],[108.46785,14.967139],[108.469599,14.966338],[108.471434,14.959616],[108.475535,14.958788],[108.476336,14.956738],[108.473741,14.952654],[108.47622,14.948942],[108.47094,14.941372],[108.465224,14.944191],[108.464772,14.940554],[108.455907,14.940809],[108.447836,14.955972],[108.444762,14.958949],[108.442984,14.958776],[108.442701,14.95611],[108.431531,14.950215],[108.433179,14.953364],[108.430875,14.958166],[108.432117,14.961689],[108.431308,14.966039],[108.42784,14.967821],[108.424744,14.979182],[108.419783,14.980917],[108.418869,14.988343],[108.413305,15.000068],[108.414297,15.004377],[108.412818,15.008408],[108.417135,15.017567],[108.412634,15.019082],[108.400066,15.031158],[108.395173,15.031568],[108.389169,15.038448],[108.387025,15.043329],[108.381682,15.046899],[108.376014,15.046704],[108.366724,15.053801],[108.362449,15.055392],[108.36032,15.053993],[108.357024,15.054781],[108.349274,15.049841],[108.344196,15.04912],[108.334391,15.053597],[108.333573,15.057058],[108.331989,15.056769],[108.326868,15.064088],[108.32309,15.065202],[108.323188,15.071445],[108.319913,15.074043],[108.323355,15.074345],[108.326436,15.077015],[108.331636,15.076336],[108.339108,15.084374],[108.347116,15.082869],[108.35092,15.085941],[108.353687,15.08368],[108.357209,15.084439],[108.358149,15.08952],[108.355748,15.092186],[108.356079,15.094266],[108.362768,15.100418],[108.368118,15.098853],[108.370352,15.099741],[108.374211,15.095765],[108.380675,15.094063],[108.382526,15.091007],[108.386219,15.09079],[108.39459,15.085134],[108.399366,15.084886],[108.404841,15.081652],[108.40886,15.08513],[108.411906,15.084297],[108.413075,15.08598],[108.415331,15.085539],[108.418138,15.089493],[108.422002,15.089318],[108.427105,15.092884],[108.433289,15.104093],[108.44768,15.104094],[108.454541,15.109108],[108.461178,15.108484],[108.463802,15.104449],[108.467801,15.103318],[108.473871,15.106349],[108.475228,15.10962],[108.478412,15.1113],[108.485632,15.106372],[108.493767,15.105621],[108.500352,15.110324],[108.501323,15.108121],[108.499689,15.103481],[108.505217,15.097821],[108.505674,15.092903],[108.50996,15.087873],[108.504548,15.082676],[108.503166,15.074959],[108.499909,15.071153],[108.502452,15.067662],[108.501075,15.063301],[108.497228,15.059752],[108.499247,15.053679],[108.4978,15.048049],[108.503209,15.043156],[108.504149,15.031672],[108.500473,15.03503],[108.49542,15.03297],[108.487196,15.034094],[108.483789,15.028883],[108.473084,15.035549],[108.470087,15.033349],[108.470247,15.030188],[108.467438,15.030176],[108.465105,15.027557],[108.469364,15.025377],[108.467342,15.022945],[108.465864,15.011858],[108.476542,15.00193],[108.47766,14.982653],[108.470097,14.976426]]]}},{"type":"Feature","properties":{"code":"21292","name":"Xã Sơn Hạ","type":"Xã"},"geometry":{"type":"Polygon","coordinates":[[[108.578386,15.157361],[108.576435,15.155653],[108.57645,15.150165],[108.583556,15.146614],[108.589261,15.137799],[108.589429,15.134329],[108.597228,15.129851],[108.61316,15.126911],[108.62328,15.126802],[108.62882,15.121456],[108.634376,15.119467],[108.639132,15.11551],[108.642164,15.110022],[108.641048,15.102432],[108.642622,15.101598],[108.643564,15.097453],[108.648278,15.096517],[108.649492,15.084759],[108.654292,15.081648],[108.656446,15.073779],[108.658956,15.071689],[108.655822,15.065397],[108.650556,15.062732],[108.649547,15.051179],[108.64164,15.046912],[108.640274,15.04239],[108.645798,15.039722],[108.645992,15.029725],[108.640723,15.023577],[108.641139,15.017245],[108.635504,15.013821],[108.626739,15.014866],[108.611458,15.036472],[108.609302,15.036607],[108.608709,15.03824],[108.605787,15.037349],[108.590405,15.047747],[108.589995,15.06064],[108.585814,15.063284],[108.577164,15.061316],[108.571957,15.06517],[108.567928,15.065806],[108.566568,15.070039],[108.562764,15.071069],[108.562083,15.069959],[108.563042,15.074443],[108.558153,15.069345],[108.55295,15.067367],[108.550532,15.061576],[108.54122,15.060194],[108.539856,15.057779],[108.540502,15.054116],[108.533259,15.047114],[108.532857,15.043256],[108.529671,15.040866],[108.527747,15.042569],[108.524758,15.041088],[108.519163,15.035803],[108.519221,15.033373],[108.515531,15.029202],[108.511051,15.029524],[108.506364,15.027508],[108.504296,15.031065],[108.503209,15.043156],[108.4978,15.048049],[108.499247,15.053679],[108.497228,15.059752],[108.501075,15.063301],[108.502452,15.067662],[108.499909,15.071153],[108.503166,15.074959],[108.504548,15.082676],[108.50996,15.087873],[108.505674,15.092903],[108.505217,15.097821],[108.499689,15.103481],[108.501323,15.108121],[108.499615,15.111157],[108.502582,15.116837],[108.506829,15.115916],[108.514544,15.117711],[108.521267,15.116523],[108.523191,15.127808],[108.527008,15.127731],[108.535545,15.131814],[108.541006,15.13816],[108.550552,15.141915],[108.558879,15.150356],[108.565215,15.159602],[108.569296,15.160895],[108.578386,15.157361]]]}},{"type":"Feature","properties":{"code":"21325","name":"Xã Sơn Kỳ","type":"Xã"},"geometry":{"type":"Polygon","coordinates":[[[108.571507,14.916896],[108.568604,14.925585],[108.570746,14.930027],[108.57001,14.931452],[108.574178,14.930956],[108.579381,14.933275],[108.589403,14.931959],[108.592286,14.925903],[108.595292,14.923824],[108.595448,14.917848],[108.577033,14.907106],[108.577881,14.901441],[108.583002,14.897515],[108.586024,14.888928],[108.590114,14.888808],[108.593478,14.884484],[108.589944,14.868294],[108.593148,14.864868],[108.594066,14.860634],[108.603783,14.850266],[108.594592,14.846127],[108.583484,14.837139],[108.586068,14.835689],[108.585526,14.831928],[108.594004,14.815862],[108.59329,14.813491],[108.595291,14.809757],[108.597492,14.809149],[108.578538,14.808222],[108.565905,14.803193],[108.561005,14.805254],[108.557642,14.803925],[108.553104,14.811209],[108.543951,14.815876],[108.538768,14.810013],[108.517721,14.807724],[108.510312,14.808903],[108.507286,14.807424],[108.505843,14.804441],[108.502504,14.807708],[108.501804,14.804583],[108.498585,14.806012],[108.49557,14.801584],[108.459867,14.790109],[108.456739,14.79037],[108.455448,14.792124],[108.452519,14.801414],[108.44382,14.803658],[108.441036,14.802864],[108.435433,14.805735],[108.435153,14.808701],[108.430291,14.811181],[108.430209,14.816088],[108.423778,14.818223],[108.413304,14.816172],[108.405374,14.819942],[108.402955,14.82295],[108.406619,14.822051],[108.405128,14.829356],[108.415215,14.833179],[108.418867,14.836834],[108.420467,14.844625],[108.424514,14.845463],[108.4271,14.850358],[108.444329,14.85382],[108.445621,14.855976],[108.445187,14.861115],[108.44955,14.866259],[108.449662,14.872697],[108.455034,14.874904],[108.455987,14.880588],[108.454149,14.884589],[108.463265,14.887594],[108.472104,14.885221],[108.472332,14.888854],[108.469247,14.893878],[108.476909,14.903947],[108.474544,14.905956],[108.472449,14.913044],[108.473443,14.914976],[108.481016,14.915539],[108.484491,14.90917],[108.495324,14.909787],[108.503284,14.902911],[108.504678,14.899794],[108.51102,14.905283],[108.516954,14.905956],[108.523591,14.900035],[108.527132,14.904246],[108.525949,14.910746],[108.528617,14.910397],[108.534644,14.902234],[108.538569,14.902614],[108.542958,14.911134],[108.546813,14.910713],[108.553052,14.916775],[108.559679,14.911351],[108.564391,14.912021],[108.571507,14.916896]]]}},{"type":"Feature","properties":{"code":"21307","name":"Xã Sơn Linh","type":"Xã"},"geometry":{"type":"Polygon","coordinates":[[[108.624221,15.017167],[108.633893,15.013272],[108.640928,15.01696],[108.640723,15.023577],[108.64254,15.027111],[108.644701,15.02762],[108.645198,15.024866],[108.649517,15.021089],[108.649372,15.016449],[108.65337,15.013345],[108.655867,14.995025],[108.644005,14.997698],[108.623033,14.97714],[108.619408,14.966624],[108.611291,14.962576],[108.609308,14.957584],[108.609195,14.94299],[108.614164,14.938199],[108.613679,14.933569],[108.605684,14.928827],[108.607244,14.924137],[108.595448,14.917848],[108.595292,14.923824],[108.592286,14.925903],[108.589403,14.931959],[108.57846,14.933236],[108.574546,14.931039],[108.57001,14.931452],[108.560561,14.928343],[108.555048,14.929464],[108.547451,14.936491],[108.548128,14.944613],[108.544895,14.952164],[108.535565,14.957115],[108.534576,14.961301],[108.529776,14.965957],[108.528228,14.975977],[108.528982,14.986731],[108.526898,14.988648],[108.528161,15.000261],[108.520741,15.008387],[108.516804,15.015965],[108.510119,15.02019],[108.507882,15.027731],[108.511429,15.029588],[108.515008,15.028839],[108.519221,15.033373],[108.519163,15.035803],[108.524758,15.041088],[108.527747,15.042569],[108.529671,15.040866],[108.532857,15.043256],[108.533259,15.047114],[108.540502,15.054116],[108.539856,15.057779],[108.54122,15.060194],[108.550532,15.061576],[108.55295,15.067367],[108.558153,15.069345],[108.563042,15.074443],[108.562083,15.069959],[108.562764,15.071069],[108.566568,15.070039],[108.567928,15.065806],[108.571957,15.06517],[108.577164,15.061316],[108.585814,15.063284],[108.589995,15.06064],[108.590405,15.047747],[108.605787,15.037349],[108.608709,15.03824],[108.609302,15.036607],[108.611458,15.036472],[108.615485,15.029147],[108.620046,15.025996],[108.624221,15.017167]]]}},{"type":"Feature","properties":{"code":"21349","name":"Xã Sơn Mai","type":"Xã"},"geometry":{"type":"Polygon","coordinates":[[[108.630307,14.983199],[108.638063,14.993229],[108.644005,14.997698],[108.655867,14.995025],[108.65337,15.013345],[108.649372,15.016449],[108.649517,15.021089],[108.645198,15.024866],[108.644701,15.02762],[108.654813,15.020295],[108.661843,15.02326],[108.667065,15.022965],[108.671194,15.032133],[108.678698,15.036635],[108.685436,15.03621],[108.690953,15.043919],[108.694501,15.04549],[108.697185,15.041421],[108.703457,15.039272],[108.706334,15.029747],[108.709485,15.028883],[108.711439,15.030523],[108.715757,15.018376],[108.723179,15.011834],[108.728183,15.01315],[108.729971,15.015742],[108.73394,15.012667],[108.740623,15.013719],[108.746028,15.017072],[108.753093,14.998155],[108.752661,14.994801],[108.749355,14.991362],[108.755799,14.992068],[108.763245,14.990456],[108.770349,14.985594],[108.772089,14.982453],[108.770268,14.978418],[108.762397,14.979142],[108.756822,14.981591],[108.751312,14.978188],[108.747978,14.978459],[108.746483,14.973647],[108.747867,14.970115],[108.757831,14.964065],[108.758457,14.961059],[108.753594,14.95271],[108.754253,14.950563],[108.749568,14.951864],[108.743829,14.948868],[108.740888,14.943505],[108.724929,14.947003],[108.72287,14.947026],[108.72124,14.944249],[108.711964,14.944601],[108.709131,14.941789],[108.703179,14.939472],[108.697988,14.930829],[108.695608,14.93241],[108.696226,14.934805],[108.691985,14.935848],[108.684715,14.942694],[108.685455,14.947615],[108.683681,14.950045],[108.677574,14.953869],[108.670101,14.961784],[108.664602,14.960183],[108.662955,14.961058],[108.656199,14.968695],[108.650826,14.970871],[108.650706,14.973859],[108.64648,14.968962],[108.646411,14.964405],[108.640928,14.963718],[108.640554,14.957039],[108.633094,14.95811],[108.629374,14.953503],[108.625662,14.955404],[108.625089,14.958522],[108.629416,14.962516],[108.626391,14.966288],[108.620398,14.968394],[108.623033,14.97714],[108.630307,14.983199]]]}},{"type":"Feature","properties":{"code":"21319","name":"Xã Sơn Thủy","type":"Xã"},"geometry":{"type":"Polygon","coordinates":[[[108.466022,15.011645],[108.465969,15.017426],[108.469364,15.025377],[108.464983,15.027304],[108.467438,15.030176],[108.470247,15.030188],[108.470087,15.033349],[108.472135,15.035035],[108.479701,15.0323],[108.481613,15.031119],[108.481594,15.02916],[108.483789,15.028883],[108.48676,15.034025],[108.49542,15.03297],[108.499578,15.035133],[108.503311,15.032614],[108.505625,15.027978],[108.509,15.026034],[108.510119,15.02019],[108.516804,15.015965],[108.520741,15.008387],[108.528161,15.000261],[108.526898,14.988648],[108.528982,14.986731],[108.528228,14.975977],[108.530056,14.965308],[108.534576,14.961301],[108.535565,14.957115],[108.544895,14.952164],[108.548128,14.944613],[108.547387,14.936681],[108.550922,14.932259],[108.555394,14.929296],[108.560561,14.928343],[108.57001,14.931452],[108.570746,14.930027],[108.568604,14.925585],[108.571764,14.91708],[108.564391,14.912021],[108.559679,14.911351],[108.553052,14.916775],[108.546813,14.910713],[108.542958,14.911134],[108.538569,14.902614],[108.534644,14.902234],[108.528617,14.910397],[108.525949,14.910746],[108.527132,14.904246],[108.523591,14.900035],[108.516954,14.905956],[108.51102,14.905283],[108.504678,14.899794],[108.503284,14.902911],[108.495324,14.909787],[108.484491,14.90917],[108.483615,14.912522],[108.479225,14.916142],[108.481882,14.919475],[108.477553,14.920187],[108.472311,14.929883],[108.476912,14.93341],[108.478336,14.938614],[108.481699,14.941669],[108.477107,14.945992],[108.473754,14.952314],[108.476045,14.958219],[108.471434,14.959616],[108.469599,14.966338],[108.46785,14.967139],[108.470212,14.972145],[108.470097,14.976426],[108.47766,14.982653],[108.476542,15.00193],[108.466022,15.011645]]]}},{"type":"Feature","properties":{"code":"21340","name":"Xã Sơn Tây","type":"Xã"},"geometry":{"type":"Polygon","coordinates":[[[108.368202,14.873633],[108.36555,14.876768],[108.3662,14.879056],[108.362683,14.882891],[108.354586,14.878224],[108.351646,14.879949],[108.349573,14.886351],[108.350901,14.894854],[108.349019,14.897807],[108.344422,14.898378],[108.344016,14.901021],[108.338437,14.908057],[108.336164,14.907717],[108.330885,14.910511],[108.325773,14.910197],[108.321011,14.913232],[108.321448,14.916074],[108.319033,14.918684],[108.321474,14.920969],[108.319838,14.924129],[108.320264,14.927408],[108.314099,14.934959],[108.315765,14.939328],[108.312749,14.945935],[108.303348,14.951085],[108.297914,14.957724],[108.285899,14.962385],[108.290871,14.966515],[108.295416,14.967968],[108.296731,14.970918],[108.301014,14.973989],[108.302536,14.97995],[108.307081,14.985106],[108.311005,14.98605],[108.311414,14.988115],[108.308777,14.992063],[108.312598,15.000754],[108.321093,15.005413],[108.327113,15.006205],[108.327831,15.008976],[108.332899,15.012707],[108.355498,15.006829],[108.360623,15.00913],[108.364643,15.015541],[108.374446,15.018169],[108.364238,15.02729],[108.354893,15.02788],[108.353806,15.044407],[108.350025,15.050966],[108.355584,15.052796],[108.357024,15.054781],[108.36032,15.053993],[108.362292,15.055387],[108.372135,15.050536],[108.376014,15.046704],[108.381682,15.046899],[108.387025,15.043329],[108.389169,15.038448],[108.395173,15.031568],[108.400066,15.031158],[108.412634,15.019082],[108.417219,15.017331],[108.412818,15.008408],[108.414297,15.004377],[108.413305,15.000068],[108.416014,14.996459],[108.416792,14.991757],[108.407017,14.993178],[108.403566,14.990353],[108.398421,14.990447],[108.39057,14.987048],[108.389009,14.984145],[108.382555,14.984585],[108.382103,14.982199],[108.378907,14.980136],[108.374599,14.981239],[108.372375,14.979665],[108.371862,14.976382],[108.367452,14.973819],[108.371192,14.969614],[108.374728,14.960376],[108.37101,14.949928],[108.37084,14.944162],[108.371765,14.939637],[108.373647,14.938238],[108.372938,14.925844],[108.374959,14.918903],[108.377598,14.918333],[108.380697,14.912438],[108.386132,14.907659],[108.387152,14.905486],[108.385815,14.902831],[108.392711,14.89751],[108.400722,14.896262],[108.404744,14.888447],[108.396633,14.889557],[108.389261,14.886464],[108.383023,14.886489],[108.377775,14.884637],[108.378729,14.882287],[108.370067,14.877887],[108.368202,14.873633]]]}},{"type":"Feature","properties":{"code":"21343","name":"Xã Sơn Tây Hạ","type":"Xã"},"geometry":{"type":"Polygon","coordinates":[[[108.444129,14.958852],[108.447836,14.955972],[108.455907,14.940809],[108.464772,14.940554],[108.465224,14.944191],[108.47094,14.941372],[108.47622,14.948942],[108.477107,14.945992],[108.481699,14.941669],[108.478336,14.938614],[108.476912,14.93341],[108.472311,14.929883],[108.477553,14.920187],[108.481882,14.919475],[108.478689,14.914636],[108.473722,14.915068],[108.472431,14.913542],[108.474674,14.905596],[108.476909,14.903947],[108.469247,14.893878],[108.472459,14.886083],[108.471501,14.885044],[108.463265,14.887594],[108.454149,14.884589],[108.455987,14.880588],[108.455034,14.874904],[108.449662,14.872697],[108.44955,14.866259],[108.445187,14.861115],[108.445621,14.855976],[108.444329,14.85382],[108.4271,14.850358],[108.424514,14.845463],[108.420467,14.844625],[108.418867,14.836834],[108.415215,14.833179],[108.405128,14.829356],[108.406619,14.822051],[108.40185,14.822935],[108.394461,14.826785],[108.391315,14.832287],[108.384657,14.83581],[108.381469,14.844028],[108.377047,14.845365],[108.374611,14.855106],[108.37231,14.856591],[108.369764,14.862369],[108.370616,14.865398],[108.367596,14.867335],[108.370067,14.877887],[108.378729,14.882287],[108.377775,14.884637],[108.383023,14.886489],[108.389261,14.886464],[108.396633,14.889557],[108.404744,14.888447],[108.400722,14.896262],[108.392711,14.89751],[108.385815,14.902831],[108.387152,14.905486],[108.386132,14.907659],[108.380697,14.912438],[108.377598,14.918333],[108.374959,14.918903],[108.372938,14.925844],[108.373647,14.938238],[108.371765,14.939637],[108.37084,14.944162],[108.37101,14.949928],[108.374728,14.960376],[108.371192,14.969614],[108.367452,14.973819],[108.371862,14.976382],[108.372375,14.979665],[108.374599,14.981239],[108.378907,14.980136],[108.382103,14.982199],[108.382555,14.984585],[108.389009,14.984145],[108.39057,14.987048],[108.398421,14.990447],[108.403566,14.990353],[108.407017,14.993178],[108.413083,14.993235],[108.416953,14.991584],[108.418869,14.988343],[108.419783,14.980917],[108.424744,14.979182],[108.42784,14.967821],[108.431308,14.966039],[108.432117,14.961689],[108.430875,14.958166],[108.433179,14.953364],[108.431531,14.950215],[108.442701,14.95611],[108.444129,14.958852]]]}},{"type":"Feature","properties":{"code":"21334","name":"Xã Sơn Tây Thượng","type":"Xã"},"geometry":{"type":"Polygon","coordinates":[[[108.271776,15.110162],[108.275953,15.10911],[108.281305,15.111129],[108.285143,15.107561],[108.287985,15.107995],[108.295288,15.096895],[108.298959,15.094493],[108.299444,15.091797],[108.304788,15.091178],[108.308903,15.079586],[108.313928,15.07575],[108.31944,15.075105],[108.323188,15.071445],[108.32309,15.065202],[108.326868,15.064088],[108.331989,15.056769],[108.333573,15.057058],[108.334391,15.053597],[108.344115,15.049129],[108.350472,15.050632],[108.353806,15.044407],[108.355226,15.027277],[108.360121,15.028487],[108.364238,15.02729],[108.374469,15.018307],[108.364643,15.015541],[108.360623,15.00913],[108.355498,15.006829],[108.332899,15.012707],[108.327831,15.008976],[108.327113,15.006205],[108.321093,15.005413],[108.312598,15.000754],[108.308777,14.992063],[108.311414,14.988115],[108.311005,14.98605],[108.307081,14.985106],[108.302536,14.97995],[108.301014,14.973989],[108.296731,14.970918],[108.295416,14.967968],[108.290871,14.966515],[108.285899,14.962385],[108.282696,14.965863],[108.283566,14.973675],[108.28225,14.976312],[108.275628,14.977856],[108.272639,14.982987],[108.268793,14.981907],[108.264425,14.989078],[108.26309,14.998106],[108.259094,15.004056],[108.254492,15.005694],[108.250888,15.015371],[108.254048,15.019414],[108.251805,15.022002],[108.248414,15.021982],[108.250146,15.026158],[108.245434,15.029817],[108.238526,15.032069],[108.240783,15.033382],[108.242935,15.040726],[108.237943,15.049326],[108.241988,15.064921],[108.234965,15.078292],[108.241828,15.08049],[108.245155,15.083267],[108.251046,15.084284],[108.257402,15.090828],[108.256226,15.093313],[108.259064,15.09731],[108.258263,15.099667],[108.259651,15.102689],[108.259542,15.105859],[108.257286,15.107721],[108.257077,15.115088],[108.258946,15.117916],[108.262734,15.116997],[108.271776,15.110162]]]}},{"type":"Feature","properties":{"code":"21220","name":"Xã Sơn Tịnh","type":"Xã"},"geometry":{"type":"Polygon","coordinates":[[[108.725317,15.233063],[108.729519,15.224134],[108.727508,15.220279],[108.731561,15.218071],[108.730944,15.214478],[108.734452,15.212228],[108.731094,15.2108],[108.731893,15.205853],[108.735077,15.205096],[108.735632,15.202083],[108.740989,15.196762],[108.737762,15.191824],[108.738496,15.190249],[108.740272,15.190613],[108.741049,15.183536],[108.744847,15.185771],[108.754104,15.187576],[108.761737,15.182006],[108.764378,15.1766],[108.76769,15.181654],[108.771261,15.18001],[108.776788,15.160643],[108.776083,15.157162],[108.772432,15.153429],[108.7754,15.147628],[108.780315,15.149125],[108.779188,15.145645],[108.780674,15.14403],[108.78248,15.145995],[108.780087,15.139947],[108.782693,15.135419],[108.771624,15.129204],[108.766189,15.129058],[108.758606,15.141056],[108.751174,15.146387],[108.729352,15.147531],[108.71199,15.154053],[108.700548,15.153851],[108.691986,15.149791],[108.686383,15.156911],[108.688437,15.15785],[108.68716,15.160181],[108.684351,15.162229],[108.677438,15.162594],[108.67884,15.165942],[108.676098,15.168579],[108.676252,15.17213],[108.678617,15.172826],[108.678096,15.170843],[108.689621,15.169676],[108.690363,15.181061],[108.694967,15.18593],[108.69178,15.187138],[108.691277,15.189558],[108.693815,15.19447],[108.691271,15.195894],[108.688212,15.194791],[108.687317,15.196599],[108.694871,15.196644],[108.69686,15.201155],[108.696305,15.205953],[108.691847,15.212042],[108.69648,15.217435],[108.696198,15.22232],[108.700919,15.223637],[108.700461,15.226071],[108.702213,15.226478],[108.70466,15.221578],[108.708214,15.22547],[108.716732,15.223815],[108.720134,15.224824],[108.719966,15.227729],[108.724296,15.229668],[108.722543,15.232578],[108.725317,15.233063]]]}},{"type":"Feature","properties":{"code":"21124","name":"Xã Thanh Bồng","type":"Xã"},"geometry":{"type":"Polygon","coordinates":[[[108.425613,15.311367],[108.427583,15.302428],[108.431795,15.302021],[108.432185,15.298636],[108.436196,15.295518],[108.438539,15.287179],[108.436147,15.28395],[108.437827,15.281971],[108.435961,15.276317],[108.435838,15.265801],[108.451796,15.265957],[108.457912,15.26262],[108.45582,15.262025],[108.455112,15.258546],[108.458202,15.254101],[108.453223,15.24934],[108.460267,15.236045],[108.460547,15.232377],[108.464498,15.228735],[108.464677,15.220625],[108.459495,15.22182],[108.463066,15.214731],[108.463704,15.209782],[108.467328,15.205171],[108.465805,15.201341],[108.463254,15.200672],[108.446712,15.21155],[108.440041,15.209525],[108.433906,15.211915],[108.426332,15.210494],[108.423934,15.216414],[108.420091,15.210507],[108.412579,15.213015],[108.410553,15.216191],[108.40818,15.216961],[108.402652,15.213569],[108.387217,15.232417],[108.387907,15.23952],[108.375538,15.240583],[108.365746,15.245464],[108.367363,15.238972],[108.360911,15.238053],[108.354474,15.232357],[108.340876,15.236194],[108.338319,15.233357],[108.334237,15.233471],[108.328226,15.241697],[108.315806,15.247096],[108.307823,15.23943],[108.308971,15.236923],[108.30325,15.230049],[108.299804,15.228497],[108.30014,15.225949],[108.292351,15.228211],[108.286003,15.22669],[108.285798,15.228687],[108.289528,15.23224],[108.289381,15.234065],[108.284465,15.235714],[108.280967,15.243665],[108.290495,15.246408],[108.293002,15.252831],[108.303053,15.258529],[108.306265,15.268104],[108.305498,15.274138],[108.303629,15.277681],[108.299379,15.278897],[108.30395,15.286589],[108.311482,15.292246],[108.314175,15.298244],[108.318635,15.30107],[108.321974,15.301851],[108.329743,15.300027],[108.337382,15.296452],[108.342385,15.298535],[108.351475,15.295721],[108.355155,15.296769],[108.364261,15.294395],[108.365897,15.297641],[108.378765,15.303414],[108.387439,15.302008],[108.39277,15.298379],[108.402686,15.300278],[108.402928,15.308598],[108.406594,15.310698],[108.415665,15.306482],[108.421709,15.31147],[108.425613,15.311367]]]}},{"type":"Feature","properties":{"code":"21388","name":"Xã Thiện Tín","type":"Xã"},"geometry":{"type":"Polygon","coordinates":[[[108.758944,15.00055],[108.768692,14.998849],[108.775394,14.991887],[108.785416,14.994436],[108.788598,14.993023],[108.796398,14.99797],[108.795389,14.991995],[108.791916,14.99025],[108.793271,14.985183],[108.789909,14.979823],[108.788863,14.970296],[108.802583,14.963128],[108.803614,14.959074],[108.802558,14.955335],[108.804379,14.952805],[108.799968,14.946443],[108.794417,14.942223],[108.794096,14.937217],[108.796043,14.933244],[108.791511,14.925725],[108.794498,14.921183],[108.793813,14.909986],[108.794789,14.908281],[108.801014,14.907574],[108.806323,14.896829],[108.8228,14.893347],[108.824126,14.88798],[108.821116,14.883507],[108.829958,14.875422],[108.828489,14.868699],[108.829693,14.862397],[108.816574,14.857264],[108.816996,14.850932],[108.812421,14.848244],[108.803031,14.847412],[108.795367,14.85499],[108.790443,14.853065],[108.78514,14.853511],[108.783744,14.856192],[108.787267,14.860728],[108.774768,14.869301],[108.764062,14.86824],[108.761378,14.87887],[108.749357,14.887036],[108.744089,14.88199],[108.738136,14.887652],[108.734575,14.885893],[108.716421,14.889265],[108.717843,14.893023],[108.722245,14.895495],[108.721589,14.897532],[108.723934,14.901574],[108.723254,14.905239],[108.729299,14.918239],[108.72628,14.932087],[108.741279,14.943819],[108.743748,14.948824],[108.749568,14.951864],[108.754253,14.950563],[108.753594,14.95271],[108.758457,14.961059],[108.757715,14.964293],[108.747548,14.970617],[108.746483,14.973647],[108.747978,14.978459],[108.751312,14.978188],[108.756822,14.981591],[108.762397,14.979142],[108.770034,14.978386],[108.771909,14.979669],[108.770808,14.984904],[108.766117,14.989123],[108.755998,14.992049],[108.749355,14.991362],[108.756794,14.996076],[108.758944,15.00055]]]}},{"type":"Feature","properties":{"code":"21181","name":"Xã Thọ Phong","type":"Xã"},"geometry":{"type":"Polygon","coordinates":[[[108.751399,15.269576],[108.752719,15.262056],[108.759202,15.256904],[108.760821,15.252004],[108.761802,15.251287],[108.762837,15.254547],[108.767427,15.254705],[108.768566,15.253095],[108.767625,15.251653],[108.769257,15.251215],[108.767512,15.25063],[108.768108,15.247995],[108.772025,15.246436],[108.768111,15.238903],[108.765867,15.237712],[108.769785,15.22237],[108.774044,15.220374],[108.779935,15.219358],[108.778092,15.223569],[108.780229,15.223841],[108.780933,15.228031],[108.786307,15.230364],[108.789055,15.22972],[108.793951,15.234073],[108.79969,15.234998],[108.802845,15.239721],[108.80555,15.241002],[108.815043,15.240295],[108.820462,15.242775],[108.834348,15.241856],[108.83426,15.238807],[108.828498,15.235931],[108.826686,15.231536],[108.829319,15.223912],[108.828816,15.220543],[108.824222,15.215259],[108.82036,15.213397],[108.816986,15.207827],[108.817942,15.202461],[108.823824,15.197543],[108.822619,15.192653],[108.825355,15.188868],[108.821592,15.188353],[108.816522,15.190791],[108.809037,15.189828],[108.806087,15.187422],[108.803384,15.189423],[108.804398,15.190659],[108.802619,15.192204],[108.798506,15.189077],[108.80108,15.187389],[108.800563,15.183769],[108.806938,15.181095],[108.808113,15.170603],[108.806873,15.16959],[108.798048,15.172473],[108.798554,15.174536],[108.791544,15.176088],[108.792333,15.182333],[108.787927,15.181628],[108.786257,15.178012],[108.783429,15.178073],[108.779152,15.181253],[108.779211,15.18579],[108.777839,15.186248],[108.772307,15.184963],[108.771261,15.18001],[108.76769,15.181654],[108.765124,15.179019],[108.765004,15.176503],[108.762941,15.178111],[108.763058,15.180583],[108.761443,15.180454],[108.761737,15.182006],[108.755261,15.187337],[108.744847,15.185771],[108.741049,15.183536],[108.740272,15.190613],[108.738496,15.190249],[108.737762,15.191824],[108.740836,15.197214],[108.735632,15.202083],[108.735077,15.205096],[108.731893,15.205853],[108.731094,15.2108],[108.734452,15.212228],[108.730944,15.214478],[108.731561,15.218071],[108.727508,15.220279],[108.729519,15.224134],[108.728132,15.224849],[108.728796,15.226456],[108.725872,15.233003],[108.723006,15.235537],[108.727093,15.241559],[108.739979,15.246964],[108.740861,15.261334],[108.746339,15.263499],[108.746544,15.267859],[108.751399,15.269576]]]}},{"type":"Feature","properties":{"code":"21115","name":"Xã Trà Bồng","type":"Xã"},"geometry":{"type":"Polygon","coordinates":[[[108.55841,15.268383],[108.558533,15.259894],[108.556232,15.260058],[108.554023,15.257929],[108.551117,15.250004],[108.569127,15.250282],[108.570776,15.244484],[108.575684,15.241313],[108.574701,15.213479],[108.566981,15.213722],[108.554799,15.220048],[108.547658,15.216121],[108.544686,15.223493],[108.538179,15.223204],[108.534017,15.226412],[108.528653,15.226833],[108.525964,15.225113],[108.523111,15.225863],[108.522482,15.221529],[108.517015,15.217657],[108.516402,15.21212],[108.505954,15.207315],[108.502894,15.207397],[108.500498,15.204121],[108.487789,15.202461],[108.481589,15.207684],[108.470931,15.209906],[108.467528,15.203162],[108.459495,15.22182],[108.464677,15.220625],[108.464482,15.228789],[108.460547,15.232377],[108.460267,15.236045],[108.453223,15.24934],[108.458202,15.254101],[108.455112,15.258546],[108.45582,15.262025],[108.457912,15.26262],[108.451796,15.265957],[108.435838,15.265801],[108.435961,15.276317],[108.437827,15.281971],[108.436147,15.28395],[108.438618,15.286438],[108.43639,15.295011],[108.432185,15.298636],[108.431628,15.302215],[108.427583,15.302428],[108.425929,15.311256],[108.421709,15.31147],[108.426706,15.31574],[108.430247,15.325224],[108.434131,15.32586],[108.437437,15.313379],[108.447402,15.312374],[108.450621,15.30995],[108.46106,15.309449],[108.466137,15.31069],[108.475032,15.310068],[108.477535,15.312451],[108.478455,15.309409],[108.484232,15.308021],[108.494906,15.314956],[108.499331,15.323862],[108.507647,15.326181],[108.515477,15.321727],[108.519597,15.322806],[108.526691,15.320135],[108.53322,15.32755],[108.533241,15.331623],[108.537451,15.322564],[108.536298,15.315305],[108.542905,15.30898],[108.548273,15.300016],[108.545001,15.297694],[108.553189,15.289613],[108.553016,15.283197],[108.556317,15.278759],[108.563544,15.274272],[108.563829,15.269623],[108.566844,15.26621],[108.561558,15.264891],[108.55841,15.268383]]]}},{"type":"Feature","properties":{"code":"21244","name":"Xã Trà Giang","type":"Xã"},"geometry":{"type":"Polygon","coordinates":[[[108.684618,15.146746],[108.700548,15.153851],[108.710809,15.153998],[108.710604,15.149701],[108.723053,15.143142],[108.717231,15.129793],[108.713546,15.130323],[108.708944,15.116723],[108.699322,15.104816],[108.699389,15.093142],[108.704891,15.092108],[108.709147,15.086216],[108.708018,15.083061],[108.70954,15.078325],[108.69803,15.069711],[108.69354,15.064077],[108.6937,15.061506],[108.687544,15.058026],[108.689875,15.053274],[108.693069,15.051038],[108.694501,15.04549],[108.690953,15.043919],[108.685436,15.03621],[108.678698,15.036635],[108.671194,15.032133],[108.667282,15.023075],[108.661843,15.02326],[108.654813,15.020295],[108.644551,15.027659],[108.645992,15.029725],[108.645854,15.039551],[108.640278,15.042452],[108.641737,15.047075],[108.649653,15.051335],[108.650556,15.062732],[108.655822,15.065397],[108.658956,15.071689],[108.656446,15.073779],[108.654292,15.081648],[108.649492,15.084759],[108.648278,15.096517],[108.643564,15.097453],[108.642622,15.101598],[108.641048,15.102432],[108.642164,15.110022],[108.639132,15.11551],[108.634376,15.119467],[108.62882,15.121456],[108.623399,15.126755],[108.615127,15.126724],[108.612599,15.140993],[108.61687,15.149414],[108.625263,15.157958],[108.632689,15.162457],[108.641982,15.164691],[108.645831,15.162523],[108.661236,15.139434],[108.666262,15.136216],[108.675381,15.136712],[108.684618,15.146746]]]}},{"type":"Feature","properties":{"code":"21196","name":"Xã Trường Giang","type":"Xã"},"geometry":{"type":"Polygon","coordinates":[[[108.608579,15.210992],[108.617172,15.212076],[108.617229,15.209873],[108.62021,15.207274],[108.621019,15.202313],[108.626426,15.199144],[108.636768,15.201417],[108.638923,15.198433],[108.642769,15.198687],[108.641136,15.190737],[108.643502,15.186474],[108.645767,15.186003],[108.64438,15.184455],[108.655941,15.181727],[108.658006,15.179241],[108.662577,15.179503],[108.663028,15.173668],[108.661702,15.173615],[108.661454,15.170761],[108.666562,15.169173],[108.670681,15.164928],[108.6749,15.169597],[108.676045,15.169183],[108.67884,15.165942],[108.677438,15.162594],[108.684351,15.162229],[108.68716,15.160181],[108.688437,15.15785],[108.686383,15.156911],[108.691986,15.149791],[108.684618,15.146746],[108.675381,15.136712],[108.666262,15.136216],[108.660562,15.140288],[108.645831,15.162523],[108.641496,15.164629],[108.631808,15.162017],[108.621568,15.154888],[108.61687,15.149414],[108.61256,15.140622],[108.615127,15.126724],[108.597228,15.129851],[108.589429,15.134329],[108.589261,15.137799],[108.583556,15.146614],[108.57645,15.150165],[108.576435,15.155653],[108.593168,15.167914],[108.601647,15.170414],[108.601806,15.173045],[108.599684,15.175971],[108.60003,15.184949],[108.59772,15.185279],[108.597115,15.189189],[108.593612,15.194587],[108.594346,15.198344],[108.595173,15.200098],[108.598606,15.199938],[108.600208,15.2084],[108.604929,15.212828],[108.608579,15.210992]]]}},{"type":"Feature","properties":{"code":"23425","name":"Xã Tu Mơ Rông","type":"Xã"},"geometry":{"type":"Polygon","coordinates":[[[107.937352,14.74391],[107.929176,14.748983],[107.922379,14.760882],[107.916976,14.766012],[107.902171,14.766802],[107.911847,14.781297],[107.909504,14.79521],[107.911794,14.797738],[107.911863,14.806997],[107.91413,14.814319],[107.906967,14.816559],[107.914919,14.823672],[107.918861,14.831226],[107.925555,14.836617],[107.925098,14.841664],[107.930533,14.849653],[107.933926,14.850272],[107.938215,14.857585],[107.940742,14.869935],[107.939593,14.874563],[107.940535,14.876518],[107.937974,14.877175],[107.936284,14.880071],[107.932765,14.878659],[107.925373,14.889228],[107.920804,14.88967],[107.92604,14.892682],[107.931654,14.889986],[107.946886,14.890131],[107.952157,14.893371],[107.956739,14.900782],[107.969808,14.906165],[107.976802,14.90448],[107.980266,14.908432],[107.982737,14.905807],[107.982489,14.90245],[107.985619,14.901137],[107.981789,14.89335],[107.985268,14.886369],[107.985285,14.882719],[107.987707,14.880801],[107.988509,14.875079],[107.992478,14.873977],[107.9981,14.866727],[107.997657,14.864088],[108.001813,14.862447],[108.010227,14.862302],[108.017754,14.865044],[108.021665,14.862368],[108.020083,14.857793],[108.021362,14.847455],[108.019777,14.843014],[108.022927,14.838102],[108.026736,14.837984],[108.029792,14.835944],[108.027575,14.828232],[108.02864,14.82489],[108.024776,14.820081],[108.021943,14.819694],[108.015096,14.814565],[108.016374,14.811619],[108.013609,14.808362],[108.015263,14.802353],[108.00925,14.798175],[107.999709,14.795804],[107.997427,14.792156],[107.998872,14.788203],[108.001516,14.787597],[107.998622,14.783957],[108.002478,14.782812],[108.005288,14.778764],[108.001225,14.771344],[108.003679,14.767099],[108.002087,14.765022],[108.003666,14.760928],[107.999898,14.754654],[107.985138,14.750774],[107.978476,14.75433],[107.977414,14.748632],[107.974551,14.749108],[107.970888,14.746889],[107.967149,14.751796],[107.960964,14.747977],[107.947711,14.74788],[107.945137,14.740253],[107.940772,14.738975],[107.937352,14.74391]]]}},{"type":"Feature","properties":{"code":"21154","name":"Xã Tây Trà","type":"Xã"},"geometry":{"type":"Polygon","coordinates":[[[108.387217,15.232417],[108.404177,15.210969],[108.403162,15.206355],[108.404677,15.199009],[108.402487,15.19511],[108.388325,15.186366],[108.386522,15.175308],[108.382799,15.168427],[108.385986,15.164889],[108.388642,15.165394],[108.389144,15.164066],[108.383519,15.145365],[108.380129,15.141684],[108.370507,15.142106],[108.366421,15.139163],[108.377637,15.125685],[108.378371,15.122806],[108.371903,15.115276],[108.374282,15.108754],[108.370372,15.106972],[108.370322,15.105196],[108.356079,15.094266],[108.355748,15.092186],[108.358149,15.08952],[108.357209,15.084439],[108.353687,15.08368],[108.35092,15.085941],[108.347116,15.082869],[108.339108,15.084374],[108.331636,15.076336],[108.326436,15.077015],[108.323355,15.074345],[108.319913,15.074043],[108.313928,15.07575],[108.308062,15.080781],[108.304788,15.091178],[108.299444,15.091797],[108.298959,15.094493],[108.295288,15.096895],[108.287985,15.107995],[108.285143,15.107561],[108.281305,15.111129],[108.273326,15.109267],[108.260256,15.118278],[108.262172,15.119144],[108.263228,15.124092],[108.274992,15.130755],[108.275593,15.135048],[108.274388,15.136714],[108.277996,15.137013],[108.279121,15.139971],[108.276326,15.142455],[108.277565,15.14415],[108.281162,15.144081],[108.281074,15.146328],[108.28387,15.149634],[108.282835,15.153174],[108.28587,15.153503],[108.286636,15.156584],[108.289646,15.157752],[108.288851,15.160545],[108.294923,15.168383],[108.297446,15.170242],[108.304708,15.171176],[108.306102,15.174511],[108.299635,15.182047],[108.299957,15.185601],[108.303313,15.188201],[108.302177,15.193064],[108.293243,15.195153],[108.291097,15.198632],[108.292631,15.202397],[108.296802,15.20352],[108.304502,15.209801],[108.308423,15.221176],[108.308017,15.22406],[108.304768,15.227395],[108.30014,15.225949],[108.29965,15.228266],[108.306763,15.234067],[108.308971,15.236923],[108.307823,15.23943],[108.315806,15.247096],[108.328226,15.241697],[108.334237,15.233471],[108.338319,15.233357],[108.340876,15.236194],[108.354474,15.232357],[108.360911,15.238053],[108.367363,15.238972],[108.365746,15.245464],[108.375538,15.240583],[108.387907,15.23952],[108.387217,15.232417]]]}},{"type":"Feature","properties":{"code":"21157","name":"Xã Tây Trà Bồng","type":"Xã"},"geometry":{"type":"Polygon","coordinates":[[[108.470142,15.152168],[108.464665,15.145294],[108.466572,15.133611],[108.472272,15.130128],[108.467248,15.115234],[108.468477,15.110467],[108.467006,15.105991],[108.468264,15.103488],[108.463802,15.104449],[108.461178,15.108484],[108.454541,15.109108],[108.44768,15.104094],[108.433289,15.104093],[108.427105,15.092884],[108.422002,15.089318],[108.418138,15.089493],[108.415331,15.085539],[108.413075,15.08598],[108.411906,15.084297],[108.40886,15.08513],[108.404841,15.081652],[108.399366,15.084886],[108.39459,15.085134],[108.386219,15.09079],[108.382526,15.091007],[108.380675,15.094063],[108.374211,15.095765],[108.370352,15.099741],[108.368118,15.098853],[108.362768,15.100418],[108.374282,15.108754],[108.371903,15.115276],[108.377617,15.120769],[108.378544,15.123973],[108.366421,15.139163],[108.370507,15.142106],[108.380129,15.141684],[108.383519,15.145365],[108.389146,15.163765],[108.388769,15.165328],[108.385986,15.164889],[108.382799,15.168427],[108.386522,15.175308],[108.388325,15.186366],[108.40276,15.195403],[108.405146,15.20135],[108.402652,15.213569],[108.407796,15.216992],[108.418632,15.210422],[108.420333,15.210606],[108.423934,15.216414],[108.426332,15.210494],[108.433906,15.211915],[108.440041,15.209525],[108.446712,15.21155],[108.463747,15.200517],[108.467331,15.202491],[108.470931,15.209906],[108.481589,15.207684],[108.487809,15.202662],[108.480749,15.190605],[108.483175,15.185346],[108.479084,15.175661],[108.480615,15.170083],[108.479896,15.165041],[108.473245,15.163663],[108.469414,15.161012],[108.467845,15.158966],[108.469441,15.157377],[108.470142,15.152168]]]}},{"type":"Feature","properties":{"code":"21235","name":"Xã Tư Nghĩa","type":"Xã"},"geometry":{"type":"Polygon","coordinates":[[[108.89967,15.096003],[108.896486,15.093952],[108.887171,15.094515],[108.886721,15.0907],[108.8886,15.087903],[108.885342,15.085727],[108.884414,15.080716],[108.880079,15.080672],[108.879567,15.0754],[108.875238,15.073025],[108.874828,15.070464],[108.878297,15.071028],[108.876247,15.067278],[108.871954,15.06795],[108.871152,15.07149],[108.869009,15.072666],[108.866795,15.071139],[108.859088,15.071874],[108.853014,15.06818],[108.850152,15.070193],[108.847495,15.067213],[108.84321,15.066647],[108.845981,15.063345],[108.839504,15.059448],[108.836585,15.062503],[108.833531,15.059536],[108.825225,15.057711],[108.823024,15.054941],[108.819902,15.054667],[108.820308,15.057437],[108.818144,15.059687],[108.816843,15.0576],[108.811716,15.059786],[108.809511,15.057605],[108.803453,15.064464],[108.797579,15.063917],[108.796308,15.062518],[108.794436,15.063928],[108.793016,15.062026],[108.792678,15.064413],[108.78955,15.065002],[108.790351,15.06915],[108.788909,15.069179],[108.788607,15.072569],[108.786706,15.074154],[108.78786,15.07433],[108.787581,15.076348],[108.789103,15.076189],[108.789031,15.078027],[108.79222,15.078553],[108.793575,15.085658],[108.796364,15.087059],[108.795424,15.091692],[108.798262,15.094318],[108.803968,15.096252],[108.805229,15.098991],[108.81395,15.094662],[108.818888,15.099015],[108.818351,15.102446],[108.82177,15.100879],[108.828329,15.101554],[108.830177,15.098913],[108.833101,15.100135],[108.837296,15.096841],[108.840965,15.100267],[108.842978,15.098754],[108.843634,15.101837],[108.847713,15.100941],[108.850259,15.097294],[108.857015,15.099828],[108.856545,15.101879],[108.858844,15.100867],[108.859598,15.105339],[108.861787,15.107399],[108.862914,15.106245],[108.861464,15.105289],[108.862945,15.104352],[108.867055,15.106982],[108.867466,15.105465],[108.870714,15.106304],[108.879295,15.10399],[108.878436,15.101972],[108.881126,15.103145],[108.882581,15.107642],[108.885975,15.106],[108.888182,15.107563],[108.890426,15.116379],[108.896579,15.111138],[108.894505,15.106404],[108.898735,15.10145],[108.89967,15.096003]]]}},{"type":"Feature","properties":{"code":"21211","name":"Xã Tịnh Khê","type":"Xã"},"geometry":{"type":"MultiPolygon","coordinates":[[[[108.888896,15.142823],[108.880002,15.147839],[108.879729,15.145296],[108.882534,15.14292],[108.858238,15.142159],[108.850011,15.144962],[108.849033,15.150107],[108.846664,15.150169],[108.84445,15.153939],[108.841905,15.152376],[108.841525,15.15511],[108.834915,15.161951],[108.827719,15.158655],[108.826417,15.160127],[108.828448,15.161581],[108.8297,15.175028],[108.826626,15.178921],[108.824879,15.184632],[108.819636,15.187025],[108.818492,15.190347],[108.821592,15.188353],[108.825355,15.188868],[108.822438,15.195164],[108.825712,15.201917],[108.831814,15.20063],[108.830292,15.205289],[108.843845,15.1987],[108.851954,15.208651],[108.860032,15.202846],[108.863726,15.205762],[108.865013,15.20228],[108.860068,15.199606],[108.859711,15.194863],[108.857815,15.194565],[108.857536,15.188618],[108.865758,15.184953],[108.87476,15.192223],[108.882963,15.186708],[108.884538,15.189197],[108.882196,15.194542],[108.884141,15.199098],[108.880505,15.201751],[108.88231,15.205402],[108.900586,15.208754],[108.9046,15.215111],[108.912192,15.217375],[108.918323,15.205746],[108.921201,15.205824],[108.922442,15.20357],[108.917239,15.200605],[108.915444,15.205329],[108.907805,15.205144],[108.9009,15.200633],[108.896969,15.194851],[108.894567,15.177178],[108.897885,15.151946],[108.897353,15.144007],[108.888896,15.142823]]],[[[108.952391,15.193783],[108.954106,15.193274],[108.954047,15.193093],[108.952658,15.192381],[108.952391,15.193783]]]]}},{"type":"Feature","properties":{"code":"21061","name":"Xã Vạn Tường","type":"Xã"},"geometry":{"type":"MultiPolygon","coordinates":[[[[108.798832,15.421127],[108.804733,15.415213],[108.8103,15.412189],[108.814517,15.412255],[108.819983,15.418513],[108.824224,15.419458],[108.828011,15.417132],[108.825808,15.412989],[108.821854,15.411628],[108.822159,15.406388],[108.824482,15.404773],[108.823723,15.402375],[108.827651,15.397919],[108.830212,15.397654],[108.831342,15.399521],[108.831789,15.398436],[108.832236,15.391513],[108.827308,15.381731],[108.827055,15.379008],[108.829383,15.374945],[108.840461,15.35888],[108.851032,15.348327],[108.854506,15.348834],[108.855373,15.346745],[108.860539,15.345734],[108.861598,15.349427],[108.86566,15.353327],[108.86724,15.350894],[108.870788,15.351795],[108.870202,15.348538],[108.864162,15.344081],[108.863746,15.339583],[108.86548,15.335054],[108.87019,15.330451],[108.883192,15.327924],[108.884064,15.324982],[108.880108,15.324505],[108.880658,15.318573],[108.876144,15.314803],[108.869674,15.302043],[108.871213,15.296478],[108.870127,15.296995],[108.869736,15.296743],[108.869762,15.294715],[108.867542,15.295148],[108.869591,15.294475],[108.870266,15.294975],[108.870094,15.296653],[108.871371,15.296391],[108.873733,15.291554],[108.868062,15.282173],[108.868909,15.280723],[108.862676,15.276126],[108.866013,15.271407],[108.862732,15.267358],[108.860183,15.270076],[108.851295,15.268821],[108.848523,15.276333],[108.844096,15.275934],[108.831543,15.281296],[108.829243,15.281688],[108.827312,15.279166],[108.824418,15.280176],[108.823695,15.277518],[108.822883,15.27859],[108.820489,15.277715],[108.820824,15.279708],[108.817871,15.27981],[108.818714,15.285324],[108.812916,15.291324],[108.813549,15.295909],[108.810183,15.297094],[108.808086,15.294661],[108.805306,15.29545],[108.803767,15.293007],[108.803813,15.286641],[108.801851,15.28578],[108.801565,15.283004],[108.800666,15.286216],[108.79923,15.286171],[108.798197,15.280113],[108.790376,15.273946],[108.791374,15.27646],[108.788757,15.27803],[108.788332,15.283963],[108.789883,15.287009],[108.784084,15.291574],[108.781911,15.296584],[108.779569,15.295513],[108.777407,15.297327],[108.783508,15.306912],[108.773875,15.310296],[108.778015,15.311385],[108.782516,15.309507],[108.78408,15.315478],[108.780382,15.315839],[108.779668,15.317284],[108.784328,15.319831],[108.785306,15.321981],[108.781167,15.321732],[108.779841,15.323411],[108.784668,15.331736],[108.78869,15.33406],[108.789965,15.336851],[108.783519,15.33761],[108.77768,15.341793],[108.78019,15.344752],[108.78005,15.358678],[108.778196,15.369714],[108.774399,15.379552],[108.776176,15.382043],[108.775503,15.385703],[108.777421,15.387176],[108.776626,15.38897],[108.777945,15.391559],[108.780147,15.388862],[108.780991,15.392302],[108.788317,15.392041],[108.788651,15.394251],[108.790085,15.394256],[108.790297,15.399847],[108.790735,15.394253],[108.794914,15.394237],[108.794949,15.399868],[108.799153,15.40138],[108.802865,15.396808],[108.806762,15.401279],[108.808008,15.407516],[108.802755,15.408547],[108.802285,15.411833],[108.79785,15.412002],[108.797829,15.414047],[108.795695,15.41552],[108.796885,15.42218],[108.795311,15.423155],[108.798666,15.424813],[108.798832,15.421127]]],[[[108.776437,15.386528],[108.775374,15.386501],[108.775064,15.387559],[108.776437,15.386528]]]]}},{"type":"Feature","properties":{"code":"21238","name":"Xã Vệ Giang","type":"Xã"},"geometry":{"type":"Polygon","coordinates":[[[108.843953,15.018807],[108.841117,15.022447],[108.844429,15.024788],[108.84452,15.026754],[108.842585,15.026936],[108.839737,15.030424],[108.831489,15.023584],[108.824984,15.022752],[108.823729,15.021299],[108.821632,15.02557],[108.816459,15.022905],[108.814691,15.025044],[108.813651,15.028099],[108.816498,15.029761],[108.81563,15.032383],[108.818241,15.033001],[108.818788,15.034804],[108.825935,15.035618],[108.826213,15.038133],[108.824113,15.040452],[108.819902,15.054667],[108.824363,15.05548],[108.826087,15.058179],[108.833531,15.059536],[108.836585,15.062503],[108.839504,15.059448],[108.845981,15.063345],[108.84321,15.066647],[108.847495,15.067213],[108.850152,15.070193],[108.853014,15.06818],[108.859088,15.071874],[108.866795,15.071139],[108.869009,15.072666],[108.871152,15.07149],[108.871954,15.06795],[108.876247,15.067278],[108.878297,15.071028],[108.874828,15.070464],[108.875238,15.073025],[108.879567,15.0754],[108.880008,15.080597],[108.884199,15.080505],[108.885342,15.085727],[108.8886,15.087903],[108.89306,15.086217],[108.893662,15.084318],[108.889074,15.080354],[108.886536,15.075419],[108.891141,15.065756],[108.890441,15.062564],[108.880855,15.059785],[108.872566,15.046221],[108.854729,15.044924],[108.849337,15.036956],[108.852414,15.028436],[108.850337,15.021645],[108.848662,15.018923],[108.843953,15.018807]]]}},{"type":"Feature","properties":{"code":"23356","name":"Xã Xốp","type":"Xã"},"geometry":{"type":"Polygon","coordinates":[[[107.780657,15.219062],[107.788699,15.219171],[107.808961,15.211807],[107.812208,15.213569],[107.815215,15.213187],[107.819307,15.2162],[107.829961,15.208532],[107.837524,15.207154],[107.84036,15.208874],[107.847729,15.206774],[107.854716,15.210284],[107.857335,15.20906],[107.861571,15.210591],[107.872257,15.210289],[107.878622,15.202814],[107.880078,15.197145],[107.889833,15.193787],[107.894463,15.186699],[107.899278,15.185558],[107.905996,15.179691],[107.907025,15.171589],[107.91015,15.16694],[107.907354,15.161413],[107.907591,15.155883],[107.903537,15.156258],[107.893512,15.151319],[107.888754,15.143686],[107.883948,15.141813],[107.882601,15.136131],[107.883789,15.132558],[107.882608,15.128652],[107.884225,15.125858],[107.894273,15.123487],[107.90098,15.11656],[107.894414,15.114805],[107.892717,15.112103],[107.888396,15.112713],[107.888072,15.108564],[107.890627,15.106647],[107.889345,15.103421],[107.890432,15.097099],[107.886213,15.080359],[107.889779,15.072643],[107.895381,15.065887],[107.894635,15.063908],[107.897176,15.057946],[107.895139,15.049319],[107.8965,15.047229],[107.895771,15.035637],[107.896904,15.03346],[107.895341,15.029362],[107.892901,15.028325],[107.89389,15.026241],[107.889633,15.022135],[107.88666,15.022602],[107.884816,15.016002],[107.882799,15.014116],[107.880034,15.016457],[107.878351,15.014238],[107.875089,15.015303],[107.872082,15.019046],[107.868202,15.02023],[107.862047,15.016611],[107.846962,15.018389],[107.836994,15.007707],[107.835067,15.009239],[107.831317,15.004476],[107.823684,15.003223],[107.818246,15.004242],[107.811085,15.008397],[107.806365,15.007382],[107.804707,15.013273],[107.802127,15.014722],[107.801476,15.024123],[107.794054,15.041427],[107.797737,15.047764],[107.796379,15.053015],[107.787345,15.063714],[107.786663,15.066415],[107.788554,15.071888],[107.78484,15.080107],[107.786173,15.085675],[107.784559,15.093116],[107.787173,15.103397],[107.788658,15.10439],[107.788344,15.11179],[107.779871,15.120922],[107.777356,15.128193],[107.770724,15.137257],[107.770441,15.142888],[107.767463,15.146145],[107.76898,15.150207],[107.766394,15.153851],[107.766326,15.156905],[107.764373,15.157919],[107.765857,15.160846],[107.761679,15.171],[107.763513,15.172956],[107.764817,15.18188],[107.766863,15.18501],[107.765899,15.18841],[107.770886,15.195338],[107.769491,15.204394],[107.772275,15.21592],[107.7718,15.220042],[107.774458,15.223423],[107.780657,15.219062]]]}},{"type":"Feature","properties":{"code":"23548","name":"Xã Ya Ly","type":"Xã"},"geometry":{"type":"Polygon","coordinates":[[[107.853366,14.28261],[107.838374,14.265255],[107.840676,14.255468],[107.836341,14.233093],[107.834556,14.231891],[107.828703,14.233141],[107.826562,14.227211],[107.823536,14.224255],[107.821315,14.224478],[107.820046,14.221354],[107.820962,14.21816],[107.81757,14.213678],[107.806822,14.21263],[107.799077,14.219726],[107.79449,14.221771],[107.788596,14.221309],[107.786897,14.224579],[107.784117,14.225639],[107.778266,14.215956],[107.77372,14.218853],[107.770829,14.214848],[107.76336,14.21307],[107.763122,14.203537],[107.760064,14.201828],[107.739814,14.208419],[107.729149,14.214338],[107.72172,14.215397],[107.713955,14.213671],[107.707075,14.216967],[107.697639,14.215884],[107.69129,14.220593],[107.687694,14.221006],[107.693356,14.227037],[107.692555,14.237751],[107.694595,14.244664],[107.691546,14.25155],[107.689011,14.253721],[107.691502,14.266306],[107.689691,14.274899],[107.687814,14.278687],[107.683796,14.280146],[107.683898,14.283436],[107.679544,14.28588],[107.683944,14.307688],[107.682127,14.311543],[107.684377,14.313787],[107.683527,14.317746],[107.689219,14.323288],[107.693938,14.324058],[107.697244,14.327266],[107.701181,14.328233],[107.703985,14.327094],[107.710724,14.329248],[107.719656,14.32598],[107.719199,14.337389],[107.721207,14.339698],[107.72798,14.341473],[107.727961,14.344675],[107.730922,14.347433],[107.732111,14.352721],[107.739808,14.366035],[107.745971,14.370069],[107.75721,14.371761],[107.768208,14.369692],[107.781178,14.373172],[107.781636,14.370845],[107.794392,14.368327],[107.802442,14.376501],[107.805348,14.375743],[107.806728,14.381211],[107.810758,14.382892],[107.815018,14.382379],[107.816767,14.388883],[107.818678,14.389728],[107.820801,14.387433],[107.823094,14.387856],[107.836573,14.374808],[107.837854,14.365321],[107.834188,14.3601],[107.833891,14.355812],[107.83068,14.352188],[107.830067,14.347956],[107.836012,14.347654],[107.835472,14.336324],[107.837769,14.330343],[107.847069,14.328773],[107.857972,14.321418],[107.856009,14.316435],[107.851069,14.311816],[107.857129,14.302602],[107.853366,14.28261]]]}},{"type":"Feature","properties":{"code":"23326","name":"Xã la Chim","type":"Xã"},"geometry":{"type":"Polygon","coordinates":[[[107.878615,14.274955],[107.876652,14.28295],[107.87297,14.275691],[107.867793,14.277012],[107.860832,14.273268],[107.852798,14.275772],[107.850437,14.27216],[107.845311,14.271296],[107.853366,14.28261],[107.854853,14.295298],[107.856944,14.299593],[107.856603,14.304652],[107.851069,14.311816],[107.856009,14.316435],[107.860629,14.324918],[107.873686,14.336192],[107.878503,14.344223],[107.879463,14.350872],[107.883453,14.358862],[107.883194,14.361065],[107.878668,14.364927],[107.88099,14.367746],[107.886609,14.370812],[107.889088,14.366804],[107.89138,14.366513],[107.897366,14.370448],[107.903925,14.370897],[107.906423,14.369343],[107.90957,14.361082],[107.92441,14.354893],[107.926799,14.3571],[107.929751,14.366879],[107.934952,14.374155],[107.937612,14.373816],[107.949753,14.365823],[107.953822,14.355941],[107.955196,14.356521],[107.957306,14.363595],[107.962523,14.364128],[107.964818,14.362591],[107.96572,14.355285],[107.970314,14.353483],[107.970453,14.346667],[107.975437,14.344039],[107.974159,14.340873],[107.979434,14.338505],[107.978333,14.334221],[107.980925,14.332792],[107.980789,14.330072],[107.977885,14.326331],[107.968227,14.322357],[107.967893,14.319475],[107.956984,14.311433],[107.949918,14.311557],[107.951727,14.311007],[107.955332,14.305108],[107.954057,14.299195],[107.954945,14.292227],[107.948297,14.2853],[107.948693,14.278284],[107.93956,14.278263],[107.9395,14.273849],[107.935223,14.270176],[107.939263,14.267902],[107.936692,14.263977],[107.941927,14.260258],[107.936536,14.25373],[107.93149,14.241907],[107.926806,14.249706],[107.920696,14.257321],[107.917648,14.258027],[107.915757,14.261676],[107.904709,14.262979],[107.904747,14.264825],[107.89489,14.273675],[107.891153,14.274223],[107.887109,14.271752],[107.878615,14.274955]]]}},{"type":"Feature","properties":{"code":"23538","name":"Xã la Tơi","type":"Xã"},"geometry":{"type":"Polygon","coordinates":[[[107.57226,14.262479],[107.569766,14.257167],[107.56623,14.257846],[107.568088,14.255735],[107.575979,14.249897],[107.581322,14.251359],[107.587026,14.248031],[107.590699,14.248044],[107.594531,14.245353],[107.598055,14.239656],[107.605032,14.244297],[107.606403,14.247095],[107.610453,14.245008],[107.622029,14.244557],[107.626961,14.245336],[107.6281,14.248117],[107.63051,14.245792],[107.633867,14.24528],[107.638923,14.245911],[107.640003,14.249281],[107.64169,14.249415],[107.645468,14.248008],[107.646947,14.244459],[107.651546,14.241487],[107.660526,14.242741],[107.670699,14.240986],[107.675243,14.234912],[107.680926,14.234946],[107.683285,14.227409],[107.687919,14.222299],[107.683563,14.206695],[107.678314,14.200872],[107.678648,14.191762],[107.677243,14.187641],[107.67052,14.176735],[107.662444,14.17114],[107.658054,14.165247],[107.659928,14.158126],[107.659605,14.149539],[107.665094,14.137401],[107.66145,14.131832],[107.65773,14.103398],[107.649821,14.101406],[107.648192,14.098125],[107.656665,14.087587],[107.657431,14.083946],[107.650745,14.075391],[107.650081,14.066603],[107.641733,14.062488],[107.634538,14.054201],[107.625832,14.055629],[107.617553,14.063515],[107.614346,14.06355],[107.611853,14.053156],[107.604861,14.049766],[107.601421,14.045865],[107.600235,14.030282],[107.595755,14.026476],[107.576366,14.019363],[107.570477,14.02034],[107.558913,14.025855],[107.552301,14.025685],[107.54718,14.022638],[107.544764,14.014769],[107.542597,14.012449],[107.530567,14.013757],[107.523835,14.011639],[107.522193,14.008532],[107.522321,14.00275],[107.525839,13.98274],[107.511799,13.983869],[107.502531,13.971179],[107.498114,13.969734],[107.488055,13.961736],[107.477237,13.959152],[107.46948,13.953555],[107.470244,13.935435],[107.468819,13.93341],[107.462938,13.931318],[107.461063,13.925996],[107.457788,13.92365],[107.458093,13.926736],[107.453196,13.930957],[107.453333,13.948998],[107.455389,13.962267],[107.454331,13.970945],[107.455814,13.979924],[107.452631,13.980632],[107.44565,13.987757],[107.44284,13.997877],[107.436571,13.996944],[107.430987,13.993368],[107.42698,13.999335],[107.421237,13.993978],[107.419591,13.995225],[107.415581,13.993042],[107.410297,13.994179],[107.408094,13.990298],[107.405211,13.990979],[107.403437,13.988781],[107.395716,13.992954],[107.391899,13.989951],[107.387674,13.990849],[107.384733,13.989],[107.366666,14.011918],[107.356898,14.017771],[107.358035,14.021578],[107.356572,14.027184],[107.363982,14.031866],[107.365825,14.035479],[107.365555,14.044176],[107.363484,14.050295],[107.366153,14.055994],[107.364907,14.063525],[107.369232,14.066569],[107.37795,14.064207],[107.380968,14.066223],[107.383366,14.073577],[107.381766,14.079883],[107.385326,14.086743],[107.414109,14.09503],[107.414027,14.091711],[107.422346,14.084209],[107.424403,14.084824],[107.436809,14.077557],[107.438175,14.081154],[107.437497,14.104892],[107.441564,14.108964],[107.438453,14.114588],[107.442506,14.118195],[107.439902,14.120968],[107.441271,14.12714],[107.442598,14.128158],[107.446565,14.126048],[107.448324,14.126814],[107.450472,14.132435],[107.448528,14.138562],[107.451844,14.143722],[107.45179,14.147635],[107.45614,14.146824],[107.457101,14.148015],[107.456734,14.153118],[107.45458,14.154782],[107.454671,14.162636],[107.457514,14.165001],[107.456473,14.17014],[107.45746,14.175494],[107.454855,14.182196],[107.459102,14.18494],[107.454032,14.18663],[107.467116,14.195616],[107.467387,14.197387],[107.471278,14.200014],[107.472028,14.204776],[107.474443,14.202026],[107.48045,14.208437],[107.478031,14.210847],[107.480877,14.215588],[107.483448,14.227145],[107.497797,14.229721],[107.509439,14.240161],[107.529688,14.239266],[107.532505,14.24128],[107.532662,14.244757],[107.535308,14.245439],[107.533081,14.250189],[107.536202,14.256454],[107.543935,14.261434],[107.548798,14.25907],[107.566985,14.261868],[107.570597,14.264961],[107.57226,14.262479]]]}},{"type":"Feature","properties":{"code":"23535","name":"Xã la Đal","type":"Xã"},"geometry":{"type":"Polygon","coordinates":[[[107.438175,14.081154],[107.436809,14.077557],[107.424403,14.084824],[107.422346,14.084209],[107.414027,14.091711],[107.414109,14.09503],[107.385326,14.086743],[107.381766,14.079883],[107.363997,14.085804],[107.360493,14.083902],[107.355482,14.090918],[107.348602,14.091248],[107.345264,14.096714],[107.343452,14.095374],[107.340217,14.095929],[107.332211,14.10453],[107.334544,14.106674],[107.336105,14.111722],[107.334147,14.115007],[107.33755,14.120475],[107.337568,14.126521],[107.34036,14.132955],[107.344973,14.136399],[107.347645,14.143049],[107.353936,14.149565],[107.352498,14.154218],[107.357827,14.155954],[107.361606,14.159958],[107.362279,14.163538],[107.35804,14.169666],[107.368452,14.18047],[107.37494,14.178727],[107.377457,14.18007],[107.379427,14.18387],[107.378786,14.185755],[107.381506,14.187684],[107.381531,14.192938],[107.3857,14.200234],[107.388252,14.209537],[107.392565,14.20939],[107.395453,14.217739],[107.395377,14.2227],[107.40293,14.232342],[107.406163,14.23368],[107.406145,14.23761],[107.399331,14.249318],[107.404939,14.260071],[107.408195,14.261291],[107.409442,14.264474],[107.408529,14.268073],[107.409777,14.27045],[107.40797,14.273566],[107.409631,14.276553],[107.405401,14.288333],[107.407178,14.297494],[107.404661,14.302869],[107.401013,14.303227],[107.400119,14.305832],[107.396804,14.307456],[107.397164,14.31256],[107.390882,14.316016],[107.391421,14.323746],[107.389006,14.326261],[107.396223,14.32915],[107.399691,14.332742],[107.401581,14.341726],[107.408503,14.346539],[107.408514,14.35157],[107.410589,14.35635],[107.408424,14.363707],[107.411747,14.361337],[107.416037,14.363137],[107.424124,14.373739],[107.432847,14.366722],[107.439337,14.363907],[107.437697,14.362163],[107.438209,14.359039],[107.43428,14.353162],[107.439988,14.346292],[107.446545,14.343914],[107.449194,14.340157],[107.445595,14.328681],[107.447079,14.324474],[107.45377,14.319553],[107.458566,14.318015],[107.463429,14.310023],[107.468669,14.307533],[107.468267,14.304784],[107.472115,14.305004],[107.474767,14.299343],[107.476682,14.298627],[107.477732,14.301206],[107.478581,14.300121],[107.481773,14.301135],[107.479493,14.304448],[107.48092,14.307832],[107.487615,14.306149],[107.488047,14.309945],[107.49127,14.310822],[107.492148,14.315058],[107.501549,14.3184],[107.503784,14.316389],[107.513383,14.320961],[107.515479,14.320651],[107.518615,14.31531],[107.51721,14.311141],[107.513008,14.307839],[107.511665,14.295775],[107.515206,14.288511],[107.514878,14.28355],[107.520463,14.281866],[107.521873,14.278017],[107.518745,14.262478],[107.521128,14.255005],[107.527127,14.246763],[107.530893,14.243243],[107.532508,14.244514],[107.532505,14.24128],[107.529688,14.239266],[107.509439,14.240161],[107.497797,14.229721],[107.483448,14.227145],[107.480877,14.215588],[107.478031,14.210847],[107.48045,14.208437],[107.474443,14.202026],[107.472028,14.204776],[107.471278,14.200014],[107.467387,14.197387],[107.467116,14.195616],[107.454136,14.186955],[107.45459,14.185655],[107.459102,14.18494],[107.454855,14.182196],[107.45746,14.175494],[107.456473,14.17014],[107.457514,14.165001],[107.454671,14.162636],[107.45458,14.154782],[107.456734,14.153118],[107.457101,14.148015],[107.45614,14.146824],[107.45179,14.147635],[107.451844,14.143722],[107.448528,14.138562],[107.450472,14.132435],[107.448324,14.126814],[107.446565,14.126048],[107.441948,14.128109],[107.440364,14.123981],[107.439952,14.120752],[107.442506,14.118195],[107.438453,14.114588],[107.441566,14.109143],[107.437497,14.104892],[107.438175,14.081154]]]}},{"type":"Feature","properties":{"code":"21385","name":"Xã Đình Cương","type":"Xã"},"geometry":{"type":"Polygon","coordinates":[[[108.833119,14.961253],[108.831069,14.964533],[108.824589,14.96465],[108.818269,14.957328],[108.804379,14.952805],[108.802558,14.955335],[108.803614,14.959074],[108.802583,14.963128],[108.788863,14.970296],[108.789909,14.979823],[108.793271,14.985183],[108.791916,14.99025],[108.795389,14.991995],[108.796398,14.99797],[108.788598,14.993023],[108.785416,14.994436],[108.775394,14.991887],[108.765631,15.000515],[108.768986,15.001599],[108.76888,15.013348],[108.777206,15.015085],[108.780255,15.012381],[108.784751,15.018214],[108.78613,15.018066],[108.784701,15.022489],[108.784671,15.026654],[108.786823,15.027829],[108.785843,15.034614],[108.783898,15.034769],[108.784035,15.036907],[108.780864,15.03877],[108.779837,15.041793],[108.780494,15.051926],[108.784067,15.050948],[108.78559,15.048242],[108.787986,15.04969],[108.789777,15.054503],[108.793772,15.052345],[108.80031,15.053846],[108.795681,15.049587],[108.795319,15.044682],[108.798872,15.041645],[108.797429,15.039734],[108.805597,15.03291],[108.808831,15.033977],[108.815536,15.031913],[108.816382,15.029512],[108.813651,15.028099],[108.816459,15.022905],[108.82102,15.02576],[108.823729,15.021299],[108.824984,15.022752],[108.831489,15.023584],[108.839737,15.030424],[108.842585,15.026936],[108.84452,15.026754],[108.844429,15.024788],[108.841117,15.022447],[108.843953,15.018807],[108.835991,15.016843],[108.834374,15.013696],[108.841882,15.005794],[108.84179,15.002035],[108.839455,14.999013],[108.843185,14.99567],[108.841728,14.99378],[108.843691,14.988972],[108.848584,14.987871],[108.854932,14.983112],[108.849294,14.973671],[108.847449,14.973491],[108.846244,14.960108],[108.836593,14.962399],[108.833119,14.961253]]]}},{"type":"Feature","properties":{"code":"21109","name":"Xã Đông Sơn","type":"Xã"},"geometry":{"type":"MultiPolygon","coordinates":[[[[108.813549,15.295909],[108.812916,15.291324],[108.818714,15.285324],[108.817871,15.27981],[108.820824,15.279708],[108.820489,15.277715],[108.822883,15.27859],[108.823695,15.277518],[108.824418,15.280176],[108.827312,15.279166],[108.829243,15.281688],[108.831543,15.281296],[108.844096,15.275934],[108.848523,15.276333],[108.851295,15.268821],[108.860183,15.270076],[108.862732,15.267358],[108.866013,15.271407],[108.862676,15.276126],[108.868909,15.280723],[108.868062,15.282173],[108.873733,15.291554],[108.893399,15.264141],[108.905965,15.251622],[108.914388,15.246182],[108.920323,15.24438],[108.924255,15.2457],[108.926295,15.248904],[108.933263,15.245918],[108.936408,15.247301],[108.937023,15.244681],[108.940636,15.242423],[108.941307,15.235023],[108.944016,15.235196],[108.940745,15.230386],[108.941482,15.226818],[108.936768,15.224175],[108.938706,15.221725],[108.935508,15.218463],[108.935658,15.216307],[108.927827,15.210261],[108.921041,15.214495],[108.91514,15.211826],[108.912192,15.217375],[108.910032,15.217062],[108.9046,15.215111],[108.900586,15.208754],[108.894384,15.208488],[108.892334,15.206415],[108.883475,15.206106],[108.880505,15.201751],[108.884141,15.199098],[108.882178,15.193861],[108.884114,15.187305],[108.881003,15.186988],[108.876805,15.191598],[108.874154,15.192174],[108.865758,15.184953],[108.857536,15.188618],[108.857815,15.194565],[108.859711,15.194863],[108.860174,15.199744],[108.865013,15.20228],[108.864319,15.20557],[108.860032,15.202846],[108.851954,15.208651],[108.843845,15.1987],[108.830292,15.205289],[108.831814,15.20063],[108.826136,15.20225],[108.823203,15.197964],[108.817362,15.203347],[108.816986,15.207827],[108.82016,15.213174],[108.824222,15.215259],[108.828816,15.220543],[108.829319,15.223912],[108.826686,15.231536],[108.828498,15.235931],[108.83426,15.238807],[108.834348,15.241856],[108.820462,15.242775],[108.815043,15.240295],[108.807086,15.241502],[108.802845,15.239721],[108.79969,15.234998],[108.793951,15.234073],[108.789055,15.22972],[108.786307,15.230364],[108.780933,15.228031],[108.780229,15.223841],[108.778092,15.223569],[108.779749,15.21926],[108.769785,15.22237],[108.765867,15.237712],[108.768111,15.238903],[108.772025,15.246436],[108.768108,15.247995],[108.767512,15.25063],[108.769257,15.251215],[108.767625,15.251653],[108.768566,15.253095],[108.767427,15.254705],[108.762837,15.254547],[108.761802,15.251287],[108.760821,15.252004],[108.759202,15.256904],[108.752719,15.262056],[108.751872,15.266267],[108.765581,15.268109],[108.766032,15.26554],[108.771313,15.266288],[108.770882,15.263714],[108.772278,15.262726],[108.774767,15.264964],[108.777054,15.264085],[108.77836,15.267256],[108.779518,15.265564],[108.785415,15.266602],[108.787596,15.265171],[108.78872,15.267944],[108.786843,15.269829],[108.78766,15.271385],[108.795825,15.27761],[108.795757,15.279443],[108.798197,15.280113],[108.79923,15.286171],[108.800666,15.286216],[108.801565,15.283004],[108.801851,15.28578],[108.803813,15.286641],[108.803767,15.293007],[108.805306,15.29545],[108.808086,15.294661],[108.810183,15.297094],[108.813549,15.295909]]],[[[108.931174,15.253335],[108.931481,15.254088],[108.933229,15.253237],[108.931174,15.253335]]]]}},{"type":"Feature","properties":{"code":"21127","name":"Xã Đông Trà Bồng","type":"Xã"},"geometry":{"type":"Polygon","coordinates":[[[108.631018,15.24247],[108.615927,15.238771],[108.617171,15.231462],[108.613365,15.225012],[108.615589,15.217645],[108.609484,15.211235],[108.593418,15.221065],[108.589039,15.21551],[108.575117,15.214472],[108.575684,15.241313],[108.570776,15.244484],[108.569127,15.250282],[108.551117,15.250004],[108.554023,15.257929],[108.556232,15.260058],[108.558533,15.259894],[108.55841,15.268383],[108.561558,15.264891],[108.566844,15.26621],[108.563829,15.269623],[108.563544,15.274272],[108.556317,15.278759],[108.553016,15.283197],[108.553189,15.289613],[108.545001,15.297694],[108.548273,15.300016],[108.542905,15.30898],[108.536298,15.315305],[108.537451,15.322564],[108.533241,15.331623],[108.537811,15.330484],[108.543172,15.332632],[108.54413,15.334597],[108.552517,15.336593],[108.556424,15.334446],[108.560158,15.334429],[108.579796,15.345275],[108.586693,15.343251],[108.58729,15.341272],[108.583223,15.336013],[108.57973,15.334805],[108.57681,15.324233],[108.579509,15.321254],[108.579706,15.316727],[108.583376,15.310737],[108.582884,15.307279],[108.586609,15.304531],[108.588284,15.299231],[108.592976,15.297045],[108.600043,15.296729],[108.605457,15.293715],[108.614673,15.277905],[108.617914,15.273647],[108.620218,15.273505],[108.621741,15.266853],[108.623308,15.266073],[108.62338,15.260247],[108.632864,15.259562],[108.6367,15.262261],[108.642288,15.260159],[108.633833,15.255385],[108.634459,15.253137],[108.63132,15.248718],[108.633846,15.244715],[108.631018,15.24247]]]}},{"type":"Feature","properties":{"code":"23500","name":"Xã Đăk Hà","type":"Xã"},"geometry":{"type":"Polygon","coordinates":[[[107.879411,14.436702],[107.88266,14.464243],[107.88766,14.470308],[107.884796,14.485366],[107.888614,14.490258],[107.888837,14.493706],[107.884668,14.503688],[107.88914,14.508615],[107.895143,14.504017],[107.898339,14.504794],[107.899167,14.507545],[107.896952,14.511658],[107.898183,14.514612],[107.899785,14.514236],[107.909658,14.520306],[107.911236,14.525965],[107.917411,14.530468],[107.921832,14.53554],[107.921839,14.537461],[107.930805,14.542962],[107.930224,14.536497],[107.932532,14.533734],[107.931263,14.533726],[107.940954,14.505583],[107.940318,14.503284],[107.945241,14.501943],[107.947358,14.503514],[107.952939,14.503115],[107.954984,14.501761],[107.958682,14.503386],[107.964439,14.496251],[107.965402,14.491163],[107.968128,14.487992],[107.96806,14.481676],[107.965334,14.476898],[107.967292,14.475805],[107.966507,14.473726],[107.96374,14.473326],[107.963759,14.469415],[107.972853,14.464371],[107.973071,14.460845],[107.976145,14.45746],[107.972622,14.456095],[107.973756,14.451005],[107.978322,14.445955],[107.978563,14.441945],[107.983995,14.437914],[107.982818,14.434247],[107.968563,14.426404],[107.968021,14.422836],[107.962736,14.417651],[107.960695,14.413153],[107.948508,14.401905],[107.948637,14.397374],[107.931437,14.400141],[107.928127,14.403776],[107.924567,14.404686],[107.9241,14.414007],[107.919932,14.414468],[107.915345,14.418257],[107.91436,14.424705],[107.90582,14.427603],[107.900019,14.426497],[107.892947,14.428625],[107.881505,14.425278],[107.881686,14.435388],[107.879411,14.436702]]]}},{"type":"Feature","properties":{"code":"23485","name":"Xã Đăk Kôi","type":"Xã"},"geometry":{"type":"Polygon","coordinates":[[[108.126147,14.765244],[108.143263,14.759946],[108.142976,14.757153],[108.146224,14.755413],[108.146311,14.751536],[108.150731,14.752836],[108.165939,14.74558],[108.168671,14.748203],[108.17044,14.745111],[108.173176,14.745514],[108.173822,14.748071],[108.183369,14.754868],[108.187248,14.752913],[108.187806,14.750242],[108.190397,14.749816],[108.19096,14.752245],[108.194982,14.751482],[108.197481,14.752697],[108.200966,14.750815],[108.200681,14.749079],[108.208245,14.747725],[108.20764,14.745621],[108.210683,14.744446],[108.213379,14.745695],[108.215034,14.740466],[108.221323,14.737478],[108.222339,14.734465],[108.22566,14.734713],[108.227909,14.732566],[108.229672,14.728719],[108.228394,14.722282],[108.233153,14.720118],[108.234817,14.716281],[108.232345,14.714186],[108.234583,14.712558],[108.234718,14.702361],[108.230842,14.701091],[108.228859,14.694945],[108.230387,14.693435],[108.229948,14.685047],[108.242929,14.64697],[108.2402,14.640213],[108.242317,14.635216],[108.237729,14.626267],[108.241501,14.623219],[108.237432,14.616604],[108.240658,14.60928],[108.239753,14.607099],[108.23478,14.607624],[108.234329,14.603621],[108.231381,14.604097],[108.22958,14.600933],[108.226745,14.600624],[108.224717,14.591765],[108.225427,14.587152],[108.220292,14.582415],[108.220196,14.579119],[108.217098,14.575103],[108.210972,14.569845],[108.212083,14.563138],[108.208369,14.562782],[108.205405,14.55869],[108.209531,14.553855],[108.206221,14.548351],[108.214154,14.542199],[108.213445,14.538163],[108.215942,14.534987],[108.215667,14.530385],[108.225731,14.525447],[108.224525,14.522313],[108.228649,14.518234],[108.223147,14.513875],[108.224317,14.50882],[108.222031,14.507436],[108.217197,14.509879],[108.202218,14.509738],[108.194888,14.493685],[108.184244,14.489098],[108.184126,14.484304],[108.181943,14.484591],[108.18165,14.487334],[108.176351,14.490883],[108.176954,14.493669],[108.175246,14.494867],[108.171625,14.493278],[108.164396,14.496605],[108.158242,14.49385],[108.153662,14.49486],[108.14666,14.491645],[108.143409,14.492077],[108.143894,14.489452],[108.145356,14.489071],[108.144992,14.486751],[108.143071,14.48652],[108.141901,14.483692],[108.140524,14.484088],[108.137789,14.478988],[108.135862,14.478824],[108.134973,14.481427],[108.13181,14.482335],[108.123671,14.482689],[108.109357,14.497647],[108.106319,14.50859],[108.109472,14.515168],[108.110808,14.526581],[108.108952,14.530746],[108.111188,14.533165],[108.102453,14.537745],[108.095069,14.537111],[108.087704,14.5494],[108.084399,14.548697],[108.080202,14.550698],[108.07627,14.554488],[108.068733,14.556703],[108.068101,14.559226],[108.0635,14.558934],[108.059211,14.564064],[108.058912,14.567269],[108.062191,14.568621],[108.065899,14.575379],[108.06585,14.580994],[108.068464,14.589162],[108.065347,14.592834],[108.069951,14.598976],[108.068966,14.604643],[108.066523,14.607523],[108.067522,14.609797],[108.065734,14.613484],[108.06608,14.619376],[108.064469,14.621065],[108.064778,14.623982],[108.062482,14.625753],[108.064538,14.630313],[108.071927,14.632067],[108.075093,14.635912],[108.074779,14.639474],[108.076229,14.641203],[108.074895,14.644317],[108.076212,14.648178],[108.07245,14.657598],[108.073738,14.663249],[108.069702,14.668547],[108.062235,14.673055],[108.061226,14.679849],[108.062305,14.681827],[108.068855,14.682913],[108.072333,14.687938],[108.070812,14.693384],[108.073995,14.696261],[108.075392,14.701862],[108.072543,14.704211],[108.074023,14.713979],[108.08088,14.718978],[108.089117,14.719718],[108.088338,14.72521],[108.092374,14.728026],[108.093049,14.731259],[108.103922,14.739523],[108.106718,14.746201],[108.109922,14.749074],[108.113054,14.749497],[108.119799,14.763901],[108.126147,14.765244]]]}},{"type":"Feature","properties":{"code":"23368","name":"Xã Đăk Long","type":"Xã"},"geometry":{"type":"Polygon","coordinates":[[[107.621292,15.050933],[107.622732,15.04484],[107.628515,15.039083],[107.631425,15.032068],[107.63079,15.028763],[107.63512,15.022029],[107.642032,15.018552],[107.646478,15.018584],[107.649725,15.014119],[107.652809,15.000859],[107.654109,15.000328],[107.657122,14.982705],[107.659482,14.979586],[107.655452,14.977191],[107.653579,14.968378],[107.646316,14.961307],[107.643481,14.951055],[107.639517,14.949824],[107.634108,14.942907],[107.633665,14.934906],[107.637002,14.933109],[107.639022,14.925643],[107.643846,14.918142],[107.643778,14.915024],[107.649939,14.908256],[107.654615,14.898305],[107.656412,14.897318],[107.654712,14.893029],[107.655909,14.888134],[107.66063,14.882102],[107.661263,14.877007],[107.663371,14.87581],[107.656393,14.868332],[107.652234,14.869422],[107.649009,14.866512],[107.643557,14.866066],[107.638618,14.863001],[107.631725,14.862707],[107.629358,14.865482],[107.622645,14.862688],[107.615121,14.870111],[107.609449,14.870924],[107.603963,14.870564],[107.596389,14.865453],[107.590083,14.864888],[107.589098,14.870219],[107.591555,14.874083],[107.587416,14.876383],[107.588526,14.8794],[107.585245,14.88353],[107.585602,14.891203],[107.582239,14.893118],[107.576397,14.893285],[107.573603,14.891133],[107.568946,14.897],[107.561463,14.902753],[107.553927,14.901],[107.550497,14.904576],[107.547599,14.904196],[107.539228,14.908598],[107.536104,14.914884],[107.530682,14.918834],[107.529812,14.928241],[107.514807,14.9312],[107.505124,14.928812],[107.502941,14.934239],[107.498689,14.936689],[107.50047,14.938061],[107.499562,14.942773],[107.490034,14.943544],[107.478732,14.957269],[107.478418,14.961381],[107.482014,14.970398],[107.478297,14.974151],[107.473126,14.976019],[107.470921,14.982643],[107.466819,14.984831],[107.467894,14.987233],[107.478006,14.986743],[107.476463,14.989158],[107.478202,14.992537],[107.471731,14.994862],[107.467569,15.007579],[107.472588,15.019602],[107.47862,15.022155],[107.492817,15.024407],[107.495884,15.019942],[107.501141,15.021571],[107.504993,15.025318],[107.515488,15.030036],[107.515849,15.032506],[107.519882,15.035055],[107.519213,15.038534],[107.52441,15.038828],[107.528119,15.04134],[107.530648,15.040585],[107.534838,15.046361],[107.539646,15.049454],[107.552607,15.044852],[107.565607,15.035047],[107.571606,15.035011],[107.578924,15.028328],[107.583913,15.028117],[107.58813,15.029484],[107.587267,15.035151],[107.589469,15.036966],[107.589402,15.039703],[107.59229,15.044443],[107.594655,15.04603],[107.592713,15.049126],[107.594015,15.051353],[107.597885,15.049067],[107.601396,15.049075],[107.605524,15.045622],[107.611539,15.047795],[107.615362,15.045696],[107.621292,15.050933]]]}},{"type":"Feature","properties":{"code":"23512","name":"Xã Đăk Mar","type":"Xã"},"geometry":{"type":"Polygon","coordinates":[[[107.965749,14.640695],[107.973286,14.651856],[107.993347,14.654598],[107.996957,14.651848],[107.991059,14.643294],[107.992289,14.641723],[107.990521,14.636757],[107.992244,14.634046],[107.988319,14.630183],[107.987307,14.621769],[107.985186,14.619227],[107.987957,14.614232],[107.98829,14.604716],[107.987229,14.60294],[107.982951,14.602662],[107.97743,14.598866],[107.97685,14.592479],[107.97181,14.587728],[107.973445,14.583652],[107.968963,14.568859],[107.961859,14.565812],[107.958685,14.561721],[107.951403,14.556982],[107.936837,14.54974],[107.931904,14.542971],[107.921839,14.537461],[107.921832,14.53554],[107.917411,14.530468],[107.911236,14.525965],[107.909658,14.520306],[107.899785,14.514236],[107.898183,14.514612],[107.896952,14.511658],[107.899167,14.507545],[107.898339,14.504794],[107.895143,14.504017],[107.88928,14.508605],[107.886322,14.50668],[107.884478,14.502474],[107.888268,14.496934],[107.888834,14.491633],[107.885563,14.486942],[107.883002,14.489811],[107.869496,14.492186],[107.868158,14.49727],[107.864919,14.499312],[107.861309,14.506078],[107.860819,14.516853],[107.863521,14.529875],[107.862357,14.54722],[107.865314,14.549108],[107.86872,14.548156],[107.869749,14.556232],[107.871644,14.559595],[107.879895,14.563255],[107.874476,14.571455],[107.87507,14.577014],[107.881173,14.578222],[107.882467,14.585047],[107.886957,14.588313],[107.890458,14.588275],[107.897313,14.585012],[107.904523,14.592987],[107.90928,14.60025],[107.910323,14.614723],[107.911915,14.618681],[107.910631,14.623676],[107.914047,14.624939],[107.914813,14.629253],[107.926014,14.611701],[107.929574,14.613127],[107.934337,14.618297],[107.947821,14.620776],[107.952308,14.629702],[107.95095,14.63572],[107.952172,14.637125],[107.948254,14.642467],[107.950211,14.645914],[107.965749,14.640695]]]}},{"type":"Feature","properties":{"code":"23374","name":"Xã Đăk Môn","type":"Xã"},"geometry":{"type":"Polygon","coordinates":[[[107.687897,15.034756],[107.697294,15.034963],[107.697358,15.032771],[107.70165,15.033243],[107.701685,15.031255],[107.704169,15.030539],[107.712577,15.021718],[107.712597,15.019604],[107.728224,15.013296],[107.730359,15.014617],[107.732935,15.009686],[107.744384,14.999926],[107.74782,14.993384],[107.752329,14.988868],[107.748511,14.972358],[107.75054,14.967697],[107.74972,14.965801],[107.751919,14.963388],[107.748638,14.954346],[107.74636,14.95288],[107.744259,14.952671],[107.738318,14.956378],[107.739757,14.953446],[107.739101,14.950836],[107.742279,14.949938],[107.740605,14.946926],[107.727859,14.950486],[107.717794,14.949151],[107.718679,14.944225],[107.722912,14.938948],[107.720677,14.936537],[107.724557,14.932554],[107.71865,14.928886],[107.719218,14.92568],[107.721782,14.924736],[107.718389,14.920315],[107.717125,14.911093],[107.712428,14.901959],[107.712918,14.896125],[107.708728,14.879067],[107.709758,14.876154],[107.703326,14.874173],[107.704512,14.871372],[107.70983,14.869569],[107.70803,14.865535],[107.705487,14.86415],[107.705057,14.867011],[107.700987,14.865648],[107.692992,14.867479],[107.686925,14.860327],[107.680741,14.862462],[107.678702,14.860861],[107.673102,14.861437],[107.670791,14.863773],[107.667629,14.864015],[107.660545,14.856795],[107.65821,14.857099],[107.653644,14.864468],[107.649009,14.866512],[107.652234,14.869422],[107.656774,14.868547],[107.663371,14.87581],[107.661263,14.877007],[107.66063,14.882102],[107.655909,14.888134],[107.654712,14.893029],[107.656412,14.897318],[107.654615,14.898305],[107.649939,14.908256],[107.643778,14.915024],[107.643846,14.918142],[107.639022,14.925643],[107.637002,14.933109],[107.633665,14.934906],[107.634108,14.942907],[107.639517,14.949824],[107.643481,14.951055],[107.646316,14.961307],[107.653579,14.968378],[107.655452,14.977191],[107.659482,14.979586],[107.657122,14.982705],[107.654109,15.000328],[107.652809,15.000859],[107.649725,15.014119],[107.646478,15.018584],[107.648569,15.02098],[107.653274,15.022444],[107.662319,15.018653],[107.668176,15.020864],[107.672924,15.018637],[107.674949,15.021472],[107.674586,15.024373],[107.680384,15.027467],[107.682702,15.030835],[107.687862,15.032559],[107.687897,15.034756]]]}},{"type":"Feature","properties":{"code":"23344","name":"Xã Đăk Plô","type":"Xã"},"geometry":{"type":"Polygon","coordinates":[[[107.661191,15.385832],[107.661402,15.37876],[107.659459,15.372963],[107.664047,15.365633],[107.662909,15.354401],[107.668652,15.34835],[107.66892,15.345538],[107.674313,15.343122],[107.676816,15.344021],[107.679222,15.339951],[107.6791,15.334542],[107.686543,15.326681],[107.691639,15.324796],[107.692884,15.317494],[107.701339,15.311773],[107.707896,15.30298],[107.713993,15.305571],[107.720467,15.305528],[107.723972,15.307951],[107.730875,15.307342],[107.731261,15.305158],[107.727766,15.302983],[107.730037,15.295853],[107.727057,15.288586],[107.728586,15.286474],[107.73027,15.27049],[107.726969,15.268064],[107.729212,15.267128],[107.729805,15.262743],[107.732073,15.261434],[107.732189,15.253671],[107.734139,15.252969],[107.734951,15.250225],[107.735295,15.241427],[107.737159,15.237735],[107.739117,15.237424],[107.736618,15.233376],[107.735193,15.235473],[107.733865,15.234747],[107.73374,15.231745],[107.738006,15.229032],[107.747194,15.229827],[107.755346,15.236763],[107.76834,15.233262],[107.771822,15.230826],[107.771909,15.227092],[107.774515,15.222554],[107.771634,15.21956],[107.772275,15.21592],[107.769566,15.205403],[107.770886,15.195338],[107.765899,15.18841],[107.766863,15.18501],[107.764817,15.18188],[107.763513,15.172956],[107.761679,15.171],[107.765857,15.160846],[107.764373,15.157919],[107.766326,15.156905],[107.766394,15.153851],[107.76898,15.150207],[107.767812,15.144599],[107.770441,15.142888],[107.770724,15.137257],[107.77697,15.128549],[107.752729,15.140761],[107.746876,15.136898],[107.74316,15.139402],[107.738528,15.151011],[107.738696,15.155789],[107.732709,15.157575],[107.728311,15.154886],[107.729718,15.151611],[107.728243,15.150531],[107.72319,15.152579],[107.715368,15.1523],[107.714814,15.154903],[107.710529,15.157427],[107.706874,15.155768],[107.705256,15.147845],[107.702719,15.145734],[107.698784,15.145822],[107.692633,15.139285],[107.686872,15.137203],[107.686153,15.131903],[107.683045,15.129556],[107.682555,15.125368],[107.67982,15.124493],[107.68106,15.119069],[107.676053,15.112876],[107.677419,15.109298],[107.681555,15.107178],[107.680812,15.103982],[107.683258,15.096412],[107.686076,15.089456],[107.688036,15.088938],[107.684567,15.077376],[107.685619,15.07177],[107.683952,15.070141],[107.687527,15.065003],[107.690009,15.056202],[107.687403,15.047881],[107.690114,15.046387],[107.686471,15.042337],[107.688917,15.036359],[107.688004,15.032739],[107.682702,15.030835],[107.680384,15.027467],[107.674586,15.024373],[107.674949,15.021472],[107.672739,15.018575],[107.668176,15.020864],[107.662319,15.018653],[107.653274,15.022444],[107.648569,15.02098],[107.64655,15.018606],[107.642308,15.018501],[107.636765,15.020479],[107.633023,15.025225],[107.630733,15.028921],[107.631425,15.032068],[107.628515,15.039083],[107.621428,15.047723],[107.621354,15.051004],[107.615328,15.061698],[107.614948,15.066323],[107.610756,15.066732],[107.597784,15.08819],[107.617111,15.104237],[107.62262,15.104929],[107.622851,15.110117],[107.618987,15.11519],[107.618891,15.118929],[107.615966,15.122711],[107.610934,15.125635],[107.607838,15.132766],[107.618191,15.132476],[107.622463,15.135314],[107.625639,15.141107],[107.623321,15.143344],[107.623566,15.146555],[107.62691,15.149509],[107.616586,15.154739],[107.615819,15.159052],[107.611753,15.165029],[107.61109,15.170674],[107.606647,15.175063],[107.6012,15.186196],[107.599913,15.184549],[107.598274,15.185405],[107.598062,15.188658],[107.593784,15.190494],[107.588089,15.196791],[107.582972,15.196032],[107.584696,15.199334],[107.582779,15.200431],[107.58595,15.202742],[107.587645,15.201255],[107.591315,15.205108],[107.593259,15.203857],[107.594467,15.204814],[107.592861,15.208781],[107.594536,15.211091],[107.602434,15.204268],[107.611623,15.212055],[107.617164,15.213311],[107.61983,15.212143],[107.621883,15.214379],[107.618873,15.220716],[107.620585,15.226687],[107.623279,15.225357],[107.630454,15.22777],[107.633579,15.230921],[107.62588,15.23106],[107.62339,15.235448],[107.624004,15.239856],[107.619591,15.245767],[107.621198,15.248759],[107.619259,15.255746],[107.620882,15.263096],[107.618527,15.270939],[107.615664,15.271101],[107.616824,15.281179],[107.615412,15.288092],[107.618793,15.294299],[107.6224,15.295241],[107.620326,15.301078],[107.624456,15.311182],[107.630219,15.310451],[107.633728,15.312982],[107.635039,15.319319],[107.633568,15.319373],[107.631429,15.324849],[107.626723,15.327323],[107.626893,15.332403],[107.622385,15.332871],[107.621296,15.329981],[107.616825,15.33028],[107.615143,15.333397],[107.610447,15.334432],[107.609767,15.341017],[107.606268,15.345908],[107.604907,15.35431],[107.606628,15.358166],[107.605803,15.36314],[107.609256,15.367324],[107.603971,15.371424],[107.602411,15.375919],[107.600995,15.375381],[107.598167,15.377723],[107.596403,15.38306],[107.606083,15.388453],[107.608759,15.393373],[107.613867,15.393602],[107.614889,15.40339],[107.621039,15.409169],[107.624008,15.414534],[107.62966,15.415507],[107.631292,15.4175],[107.638144,15.41556],[107.642457,15.405967],[107.655166,15.396997],[107.655569,15.39334],[107.661191,15.385832]]]}},{"type":"Feature","properties":{"code":"23504","name":"Xã Đăk Pxi","type":"Xã"},"geometry":{"type":"Polygon","coordinates":[[[108.126805,14.800539],[108.141508,14.794838],[108.138147,14.792525],[108.137781,14.790094],[108.131708,14.789514],[108.125847,14.779437],[108.127385,14.775539],[108.126147,14.765244],[108.119799,14.763901],[108.113054,14.749497],[108.109922,14.749074],[108.106718,14.746201],[108.103922,14.739523],[108.093049,14.731259],[108.092374,14.728026],[108.088338,14.72521],[108.089159,14.719766],[108.08088,14.718978],[108.074023,14.713979],[108.072543,14.704211],[108.075392,14.701862],[108.073995,14.696261],[108.070812,14.693384],[108.072333,14.687938],[108.068855,14.682913],[108.061629,14.681011],[108.062552,14.665316],[108.055721,14.651984],[108.051256,14.652971],[108.041286,14.647967],[108.037501,14.6504],[108.029069,14.644333],[108.027347,14.646317],[108.022402,14.644975],[108.020404,14.648617],[108.016222,14.650831],[108.012617,14.650403],[108.00927,14.653515],[108.002528,14.654717],[107.996957,14.651848],[107.993347,14.654598],[107.973286,14.651856],[107.965749,14.640695],[107.950267,14.64594],[107.948254,14.642467],[107.952172,14.637125],[107.95095,14.63572],[107.952308,14.629702],[107.947821,14.620776],[107.934337,14.618297],[107.929574,14.613127],[107.926014,14.611701],[107.92421,14.612907],[107.924062,14.616428],[107.922652,14.616661],[107.920529,14.621998],[107.917586,14.623428],[107.915357,14.629181],[107.901634,14.632001],[107.897057,14.630326],[107.898149,14.623608],[107.896039,14.619469],[107.892063,14.618642],[107.889333,14.62105],[107.88717,14.626878],[107.887533,14.642407],[107.8834,14.646874],[107.884045,14.651373],[107.880603,14.653344],[107.882768,14.659327],[107.877082,14.665499],[107.87772,14.667805],[107.873448,14.681833],[107.887137,14.682267],[107.893109,14.691556],[107.892061,14.695818],[107.893306,14.700178],[107.898237,14.702766],[107.900498,14.70721],[107.907662,14.710554],[107.906314,14.717396],[107.91305,14.728531],[107.945137,14.740253],[107.947711,14.74788],[107.960964,14.747977],[107.967149,14.751796],[107.970888,14.746889],[107.974551,14.749108],[107.977414,14.748632],[107.978476,14.75433],[107.985138,14.750774],[107.999898,14.754654],[108.003666,14.760928],[108.002087,14.765022],[108.003679,14.767099],[108.001225,14.771344],[108.005288,14.778764],[108.002478,14.782812],[107.998622,14.783957],[108.001516,14.787597],[107.998872,14.788203],[107.997427,14.792156],[107.999709,14.795804],[108.00925,14.798175],[108.015263,14.802353],[108.015663,14.808756],[108.022254,14.814585],[108.025088,14.815306],[108.027423,14.8138],[108.035075,14.817422],[108.033416,14.82456],[108.037978,14.828594],[108.041858,14.829649],[108.047393,14.828241],[108.051697,14.82262],[108.050691,14.820899],[108.052736,14.817285],[108.055792,14.816736],[108.058862,14.812814],[108.064068,14.811719],[108.079141,14.819594],[108.084634,14.819278],[108.088451,14.822286],[108.09607,14.82418],[108.097766,14.82271],[108.097923,14.817536],[108.100945,14.816642],[108.103015,14.808802],[108.105331,14.806458],[108.106614,14.802615],[108.105526,14.798519],[108.114079,14.796953],[108.117985,14.800243],[108.126805,14.800539]]]}},{"type":"Feature","properties":{"code":"23341","name":"Xã Đăk Pék","type":"Xã"},"geometry":{"type":"Polygon","coordinates":[[[107.77697,15.128549],[107.779871,15.120922],[107.788344,15.11179],[107.788658,15.10439],[107.787173,15.103397],[107.784559,15.093116],[107.786173,15.085675],[107.78484,15.080107],[107.788554,15.071888],[107.786663,15.066415],[107.787345,15.063714],[107.796379,15.053015],[107.797737,15.047764],[107.794054,15.041427],[107.801476,15.024123],[107.801809,15.015549],[107.804707,15.013273],[107.806545,15.007905],[107.802209,14.997482],[107.802213,14.990983],[107.794142,14.985785],[107.788166,14.985418],[107.784695,14.981479],[107.78153,14.973377],[107.778745,14.97246],[107.776445,14.974752],[107.772898,14.973714],[107.769153,14.966088],[107.76493,14.969741],[107.765236,14.974976],[107.760513,14.973535],[107.757972,14.968943],[107.76033,14.968063],[107.76021,14.963266],[107.756341,14.962118],[107.756619,14.959285],[107.753075,14.95429],[107.7503,14.95515],[107.748731,14.952071],[107.751961,14.963913],[107.74972,14.965801],[107.75054,14.967697],[107.748511,14.972358],[107.752329,14.988868],[107.751069,14.991352],[107.74782,14.993384],[107.744384,14.999926],[107.732935,15.009686],[107.730237,15.014702],[107.728224,15.013296],[107.712597,15.019604],[107.712577,15.021718],[107.704169,15.030539],[107.701685,15.031255],[107.701518,15.033323],[107.697358,15.032771],[107.697294,15.034963],[107.694347,15.036014],[107.687961,15.034793],[107.688917,15.036359],[107.686471,15.042337],[107.690114,15.046387],[107.687403,15.047881],[107.690009,15.056202],[107.687527,15.065003],[107.683952,15.070141],[107.685619,15.07177],[107.684567,15.077376],[107.688036,15.088938],[107.686076,15.089456],[107.683258,15.096412],[107.680812,15.103982],[107.681555,15.107178],[107.677419,15.109298],[107.676053,15.112876],[107.68106,15.119069],[107.67982,15.124493],[107.682555,15.125368],[107.683045,15.129556],[107.686153,15.131903],[107.686872,15.137203],[107.692633,15.139285],[107.698784,15.145822],[107.702719,15.145734],[107.705256,15.147845],[107.706664,15.155556],[107.710529,15.157427],[107.714814,15.154903],[107.715368,15.1523],[107.72319,15.152579],[107.727948,15.150535],[107.729718,15.151611],[107.728311,15.154886],[107.732709,15.157575],[107.738696,15.155789],[107.738528,15.151011],[107.74316,15.139402],[107.746876,15.136898],[107.752729,15.140761],[107.77697,15.128549]]]}},{"type":"Feature","properties":{"code":"23479","name":"Xã Đăk Rve","type":"Xã"},"geometry":{"type":"Polygon","coordinates":[[[108.251372,14.572274],[108.258822,14.567473],[108.262471,14.568965],[108.269467,14.567554],[108.270477,14.564169],[108.280989,14.56237],[108.284394,14.558639],[108.289017,14.558269],[108.293594,14.555496],[108.301853,14.554591],[108.304514,14.556176],[108.310628,14.55558],[108.31693,14.55941],[108.322473,14.557174],[108.326483,14.558618],[108.332097,14.557949],[108.333222,14.560671],[108.33539,14.560741],[108.335852,14.563162],[108.343535,14.562486],[108.347156,14.564996],[108.35283,14.564314],[108.35953,14.566026],[108.359313,14.563408],[108.367793,14.558244],[108.374625,14.547548],[108.374507,14.540868],[108.371259,14.538508],[108.371783,14.535835],[108.369709,14.532987],[108.383322,14.526489],[108.382541,14.515603],[108.381256,14.511428],[108.376431,14.510847],[108.365822,14.500765],[108.363394,14.494249],[108.3592,14.494856],[108.356063,14.491513],[108.353187,14.494485],[108.348765,14.492864],[108.343365,14.481133],[108.338507,14.477147],[108.335617,14.471152],[108.331703,14.467491],[108.331599,14.461378],[108.328666,14.458489],[108.326522,14.458518],[108.324248,14.454652],[108.322125,14.444735],[108.323124,14.442329],[108.316493,14.434825],[108.312248,14.432601],[108.307566,14.42325],[108.302792,14.420107],[108.300173,14.421174],[108.298514,14.419848],[108.291588,14.407281],[108.291938,14.404598],[108.296349,14.39925],[108.296525,14.391871],[108.289812,14.389336],[108.280807,14.389379],[108.274551,14.386379],[108.270186,14.388492],[108.264493,14.38748],[108.26019,14.390529],[108.251815,14.390884],[108.244091,14.39792],[108.243792,14.396037],[108.233967,14.390315],[108.232487,14.38982],[108.229345,14.392376],[108.221047,14.39158],[108.213699,14.387186],[108.209581,14.3874],[108.207126,14.383635],[108.206791,14.38594],[108.202882,14.388274],[108.205266,14.38807],[108.208579,14.392889],[108.206297,14.393106],[108.206323,14.397858],[108.204185,14.398941],[108.211093,14.400804],[108.210573,14.402828],[108.208987,14.402591],[108.209369,14.404032],[108.206874,14.404027],[108.208263,14.405374],[108.205942,14.405906],[108.208029,14.406872],[108.207082,14.408467],[108.21028,14.4094],[108.210724,14.4114],[108.219956,14.416875],[108.219194,14.41788],[108.2211,14.418006],[108.222841,14.420627],[108.225098,14.420169],[108.226826,14.417417],[108.229641,14.417357],[108.229122,14.415286],[108.232608,14.413361],[108.236395,14.414445],[108.237925,14.412933],[108.23921,14.413462],[108.238724,14.416006],[108.244131,14.41702],[108.246682,14.420574],[108.251634,14.421749],[108.252279,14.430437],[108.249824,14.434665],[108.250334,14.439013],[108.252412,14.440284],[108.25234,14.445123],[108.256152,14.449406],[108.257164,14.453716],[108.263176,14.459042],[108.264776,14.46266],[108.268545,14.463991],[108.266466,14.487159],[108.263746,14.489852],[108.260919,14.489978],[108.25786,14.495253],[108.253589,14.497506],[108.250643,14.496183],[108.244092,14.498039],[108.239285,14.495707],[108.233495,14.500393],[108.232238,14.502168],[108.233671,14.5037],[108.23464,14.512077],[108.232641,14.514804],[108.23386,14.516792],[108.231865,14.522694],[108.229135,14.525974],[108.22479,14.525963],[108.2158,14.530178],[108.215942,14.534987],[108.213445,14.538163],[108.214154,14.542199],[108.206221,14.548351],[108.209531,14.553855],[108.205432,14.558826],[108.208369,14.562782],[108.212172,14.563465],[108.216894,14.560221],[108.223717,14.558393],[108.227905,14.559184],[108.229603,14.560504],[108.229566,14.563279],[108.23294,14.562702],[108.233903,14.564591],[108.237985,14.564568],[108.236207,14.569322],[108.242957,14.568769],[108.240398,14.572004],[108.244939,14.570881],[108.251372,14.572274]]]}},{"type":"Feature","properties":{"code":"23332","name":"Xã Đăk Rơ Wa","type":"Xã"},"geometry":{"type":"Polygon","coordinates":[[[108.016681,14.249406],[108.015144,14.240656],[108.009989,14.239584],[108.007197,14.239893],[108.000373,14.244908],[107.982084,14.244794],[107.977939,14.241425],[107.977818,14.239394],[107.970419,14.23576],[107.961276,14.227418],[107.955088,14.230928],[107.949267,14.242571],[107.946376,14.242667],[107.943132,14.239183],[107.931374,14.241214],[107.936536,14.25373],[107.941927,14.260258],[107.936692,14.263977],[107.939263,14.267902],[107.935223,14.270176],[107.9395,14.273849],[107.93956,14.278263],[107.948693,14.278284],[107.948297,14.2853],[107.954945,14.292227],[107.954057,14.299195],[107.955332,14.305108],[107.951727,14.311007],[107.949918,14.311557],[107.956508,14.311152],[107.967893,14.319475],[107.968227,14.322357],[107.976739,14.326569],[107.976748,14.319623],[107.978224,14.3193],[107.981912,14.310825],[107.979907,14.309565],[107.979739,14.305834],[107.976891,14.302763],[107.977569,14.293058],[107.99245,14.289838],[107.997391,14.291164],[107.998673,14.305709],[107.99543,14.313473],[107.992576,14.316432],[107.993174,14.317614],[107.995598,14.317701],[107.995966,14.316868],[107.997529,14.316982],[107.996243,14.319042],[107.99967,14.322505],[108.000351,14.332462],[108.003128,14.3378],[108.007733,14.326672],[108.019252,14.327309],[108.021793,14.329742],[108.01806,14.335166],[108.018841,14.338973],[108.025601,14.340695],[108.043411,14.353115],[108.041619,14.356269],[108.032251,14.355888],[108.028015,14.359162],[108.027,14.362647],[108.029412,14.365639],[108.028153,14.367973],[108.029599,14.375895],[108.027547,14.378387],[108.023937,14.37883],[108.022121,14.381033],[108.022677,14.382958],[108.019979,14.383088],[108.018651,14.385588],[108.017524,14.387962],[108.019496,14.394998],[108.018386,14.397506],[108.02919,14.405254],[108.032247,14.40404],[108.035999,14.404146],[108.036237,14.405715],[108.047711,14.405305],[108.057747,14.408394],[108.068102,14.403732],[108.072685,14.398209],[108.081883,14.396896],[108.07745,14.390333],[108.08,14.385947],[108.084518,14.38355],[108.083623,14.376444],[108.086661,14.371016],[108.086274,14.340688],[108.082875,14.338462],[108.08224,14.334826],[108.077996,14.330804],[108.079944,14.327589],[108.087697,14.32397],[108.088202,14.315183],[108.084757,14.313284],[108.080991,14.313649],[108.081465,14.310192],[108.073658,14.306563],[108.072241,14.303818],[108.07342,14.300887],[108.070367,14.298562],[108.072128,14.294611],[108.06703,14.28715],[108.068511,14.283819],[108.065985,14.28119],[108.06659,14.277656],[108.062553,14.275211],[108.062615,14.272912],[108.058759,14.268661],[108.060329,14.26541],[108.05515,14.266292],[108.049425,14.273152],[108.045585,14.273135],[108.043292,14.276902],[108.040146,14.277411],[108.034758,14.274069],[108.03334,14.26732],[108.030751,14.266354],[108.031145,14.265027],[108.024601,14.256225],[108.016681,14.249406]]]}},{"type":"Feature","properties":{"code":"23416","name":"Xã Đăk Sao","type":"Xã"},"geometry":{"type":"Polygon","coordinates":[[[107.907633,15.000346],[107.904146,14.993041],[107.899851,14.990611],[107.896268,14.983578],[107.888085,14.975936],[107.886099,14.970813],[107.887482,14.951989],[107.894734,14.940193],[107.896653,14.927431],[107.889628,14.925689],[107.886443,14.923189],[107.876492,14.914302],[107.871938,14.905203],[107.853942,14.889819],[107.853622,14.887876],[107.850136,14.887214],[107.847925,14.884529],[107.848454,14.882682],[107.844344,14.883453],[107.84163,14.875894],[107.837029,14.874116],[107.834179,14.867164],[107.829976,14.866341],[107.82614,14.863478],[107.824553,14.857399],[107.814329,14.861686],[107.809786,14.855467],[107.811109,14.849355],[107.808583,14.840459],[107.803707,14.841158],[107.802859,14.843393],[107.800444,14.841121],[107.796469,14.846102],[107.792746,14.84656],[107.784762,14.840426],[107.781618,14.839235],[107.77972,14.841299],[107.780309,14.838001],[107.775328,14.837558],[107.777827,14.840505],[107.776362,14.846983],[107.779449,14.849592],[107.782857,14.860817],[107.781079,14.86628],[107.778343,14.866758],[107.780061,14.868563],[107.784201,14.867368],[107.787817,14.868706],[107.792914,14.875536],[107.79396,14.88009],[107.79116,14.884189],[107.789298,14.882875],[107.784214,14.888023],[107.785063,14.894408],[107.789041,14.898],[107.789192,14.902109],[107.793911,14.907097],[107.791167,14.915038],[107.788878,14.917426],[107.787758,14.925086],[107.780817,14.930592],[107.782342,14.937537],[107.777143,14.946098],[107.783765,14.968062],[107.78153,14.973377],[107.784975,14.981947],[107.788476,14.985619],[107.794142,14.985785],[107.802213,14.990983],[107.802209,14.997482],[107.806771,15.007689],[107.811085,15.008397],[107.81869,15.00406],[107.826497,15.003443],[107.831751,15.004749],[107.835067,15.009239],[107.837359,15.007965],[107.84098,15.012858],[107.844989,15.015123],[107.846354,15.01826],[107.862047,15.016611],[107.868202,15.02023],[107.872082,15.019046],[107.875089,15.015303],[107.878351,15.014238],[107.880034,15.016457],[107.882533,15.014018],[107.884816,15.016002],[107.886817,15.022808],[107.889804,15.022226],[107.89389,15.026241],[107.892901,15.028325],[107.895275,15.029363],[107.901774,15.016842],[107.90533,15.016948],[107.909042,15.010033],[107.909543,15.006099],[107.906902,15.004081],[107.907633,15.000346]]]}},{"type":"Feature","properties":{"code":"23401","name":"Xã Đăk Tô","type":"Xã"},"geometry":{"type":"Polygon","coordinates":[[[107.879895,14.563255],[107.87001,14.557046],[107.868876,14.548332],[107.865314,14.549108],[107.862357,14.54722],[107.863521,14.529875],[107.861721,14.520247],[107.850366,14.52466],[107.849782,14.529619],[107.843166,14.53343],[107.841708,14.532506],[107.840469,14.53755],[107.833901,14.538718],[107.831981,14.542018],[107.828921,14.542292],[107.826247,14.538429],[107.819327,14.542127],[107.815878,14.546855],[107.806458,14.545585],[107.794738,14.541294],[107.794674,14.544264],[107.784976,14.563027],[107.78235,14.566918],[107.779623,14.566651],[107.777328,14.568507],[107.778514,14.572137],[107.777527,14.57657],[107.775106,14.578176],[107.776286,14.581933],[107.773676,14.590216],[107.771291,14.592596],[107.777202,14.602448],[107.776528,14.604476],[107.763554,14.613207],[107.759028,14.613176],[107.756548,14.61664],[107.74982,14.620429],[107.747091,14.630635],[107.73803,14.635112],[107.739827,14.636777],[107.737374,14.642379],[107.744663,14.647498],[107.748492,14.657455],[107.743357,14.659607],[107.743487,14.665965],[107.737918,14.672172],[107.737744,14.675891],[107.731808,14.681427],[107.736167,14.684687],[107.740275,14.685545],[107.742572,14.683929],[107.744251,14.686018],[107.748079,14.681457],[107.757772,14.684111],[107.763569,14.682104],[107.773047,14.686582],[107.77767,14.685786],[107.777981,14.68762],[107.779995,14.686883],[107.782641,14.688336],[107.783327,14.690449],[107.787004,14.690874],[107.790696,14.69473],[107.798168,14.692399],[107.802624,14.688968],[107.805037,14.68276],[107.811083,14.686316],[107.813008,14.685936],[107.816186,14.681264],[107.831782,14.681476],[107.835391,14.68232],[107.837537,14.684061],[107.836985,14.68514],[107.840666,14.686714],[107.855064,14.689016],[107.856373,14.685958],[107.873448,14.681833],[107.87772,14.667805],[107.877082,14.665499],[107.882768,14.659327],[107.880603,14.653344],[107.884045,14.651373],[107.8834,14.646874],[107.887533,14.642407],[107.88717,14.626878],[107.889333,14.62105],[107.892063,14.618642],[107.896039,14.619469],[107.898149,14.623608],[107.897057,14.630326],[107.901634,14.632001],[107.914814,14.628442],[107.914047,14.624939],[107.910631,14.623676],[107.911915,14.618681],[107.908927,14.59956],[107.897313,14.585012],[107.887291,14.58849],[107.882467,14.585047],[107.881173,14.578222],[107.875205,14.577199],[107.874476,14.571455],[107.879895,14.563255]]]}},{"type":"Feature","properties":{"code":"23419","name":"Xã Đăk Tờ Kan","type":"Xã"},"geometry":{"type":"Polygon","coordinates":[[[107.838859,14.790367],[107.83126,14.792576],[107.812756,14.805214],[107.806405,14.839299],[107.806437,14.840872],[107.809225,14.841192],[107.810714,14.846342],[107.809786,14.855467],[107.814329,14.861686],[107.824553,14.857399],[107.82614,14.863478],[107.829976,14.866341],[107.834179,14.867164],[107.837029,14.874116],[107.84163,14.875894],[107.844344,14.883453],[107.848454,14.882682],[107.847925,14.884529],[107.850136,14.887214],[107.853622,14.887876],[107.853942,14.889819],[107.871938,14.905203],[107.876492,14.914302],[107.886443,14.923189],[107.889628,14.925689],[107.896596,14.927403],[107.901495,14.916046],[107.919315,14.895632],[107.920804,14.88967],[107.925373,14.889228],[107.932765,14.878659],[107.936284,14.880071],[107.937974,14.877175],[107.940535,14.876518],[107.939593,14.874563],[107.940742,14.869935],[107.938215,14.857585],[107.933926,14.850272],[107.930673,14.849747],[107.928932,14.847647],[107.924767,14.840978],[107.925555,14.836617],[107.91862,14.83094],[107.914919,14.823672],[107.901736,14.812084],[107.89951,14.811291],[107.897218,14.812787],[107.89205,14.811071],[107.890343,14.807396],[107.879996,14.798673],[107.876806,14.792768],[107.869626,14.78894],[107.869422,14.784332],[107.863577,14.781494],[107.857228,14.785262],[107.853566,14.78315],[107.852424,14.783933],[107.853017,14.789688],[107.838859,14.790367]]]}},{"type":"Feature","properties":{"code":"23510","name":"Xã Đăk Ui","type":"Xã"},"geometry":{"type":"Polygon","coordinates":[[[107.940386,14.507232],[107.931263,14.533726],[107.932532,14.533734],[107.930224,14.536497],[107.930805,14.542962],[107.936837,14.54974],[107.951403,14.556982],[107.958685,14.561721],[107.961859,14.565812],[107.969386,14.569536],[107.973445,14.583652],[107.97181,14.587728],[107.97685,14.592479],[107.97743,14.598866],[107.982951,14.602662],[107.987229,14.60294],[107.98829,14.604716],[107.987957,14.614232],[107.985186,14.619227],[107.987307,14.621769],[107.988319,14.630183],[107.992244,14.634046],[107.990521,14.636757],[107.992289,14.641723],[107.991059,14.643294],[107.997083,14.652045],[108.002528,14.654717],[108.00927,14.653515],[108.012617,14.650403],[108.016222,14.650831],[108.020404,14.648617],[108.022402,14.644975],[108.027347,14.646317],[108.030456,14.644412],[108.033066,14.648011],[108.037501,14.6504],[108.041286,14.647967],[108.051256,14.652971],[108.055721,14.651984],[108.062516,14.665167],[108.062235,14.673055],[108.069702,14.668547],[108.073738,14.663249],[108.07245,14.657598],[108.076212,14.648178],[108.074895,14.644317],[108.076227,14.641178],[108.074779,14.639474],[108.075093,14.635912],[108.071927,14.632067],[108.064538,14.630313],[108.062482,14.625753],[108.064778,14.623982],[108.064469,14.621065],[108.06608,14.619376],[108.065734,14.613484],[108.067522,14.609797],[108.066523,14.607523],[108.068966,14.604643],[108.069951,14.598976],[108.065347,14.592834],[108.068464,14.589162],[108.06585,14.580994],[108.065899,14.575379],[108.062191,14.568621],[108.058912,14.567269],[108.059546,14.5644],[108.056153,14.564155],[108.053503,14.559484],[108.048108,14.556335],[108.04441,14.551344],[108.040845,14.55044],[108.033528,14.561078],[108.025744,14.564753],[108.013821,14.553503],[108.010907,14.55371],[108.008433,14.556126],[108.003452,14.553503],[107.998305,14.554174],[107.998357,14.555958],[107.995221,14.555374],[107.996752,14.54938],[107.994306,14.539116],[107.994044,14.523906],[107.978148,14.521969],[107.968929,14.511256],[107.96965,14.506112],[107.964247,14.496517],[107.958682,14.503386],[107.954984,14.501761],[107.947358,14.503514],[107.945241,14.501943],[107.940318,14.503284],[107.940386,14.507232]]]}},{"type":"Feature","properties":{"code":"21520","name":"Xã Đặng Thùy Trâm","type":"Xã"},"geometry":{"type":"Polygon","coordinates":[[[108.900461,14.781673],[108.919059,14.77773],[108.923839,14.779236],[108.934358,14.776426],[108.934813,14.770269],[108.93732,14.766368],[108.932688,14.7551],[108.936997,14.749708],[108.943691,14.746092],[108.946607,14.742552],[108.953563,14.74386],[108.954306,14.74126],[108.957946,14.740162],[108.962296,14.734086],[108.970858,14.728043],[108.968943,14.715393],[108.970903,14.704194],[108.977025,14.700098],[108.977033,14.696602],[108.979495,14.692636],[108.975853,14.689287],[108.975613,14.685677],[108.973822,14.683872],[108.973192,14.672891],[108.973228,14.676114],[108.960931,14.685979],[108.959275,14.68658],[108.958242,14.683495],[108.954655,14.680967],[108.954684,14.683555],[108.949887,14.685096],[108.949763,14.688153],[108.94682,14.687445],[108.945598,14.689479],[108.944451,14.688471],[108.942533,14.689515],[108.939816,14.695322],[108.931101,14.697863],[108.929215,14.697083],[108.928498,14.703128],[108.924957,14.697996],[108.921443,14.698147],[108.91656,14.694364],[108.906791,14.691311],[108.904785,14.686967],[108.892232,14.686202],[108.889177,14.682227],[108.887923,14.683905],[108.874323,14.687466],[108.873375,14.690522],[108.870023,14.690721],[108.863402,14.695269],[108.860009,14.692452],[108.852974,14.691341],[108.850536,14.685993],[108.851713,14.683404],[108.846686,14.681987],[108.846204,14.68686],[108.842685,14.692185],[108.838778,14.694448],[108.835179,14.691233],[108.827764,14.677419],[108.825458,14.675811],[108.822326,14.676689],[108.813094,14.670373],[108.809926,14.671158],[108.806759,14.669177],[108.801825,14.670798],[108.798705,14.668725],[108.788479,14.669483],[108.786808,14.670902],[108.781831,14.670357],[108.771528,14.678045],[108.768676,14.677831],[108.767279,14.674628],[108.763944,14.6748],[108.763114,14.676792],[108.766022,14.680973],[108.767071,14.688302],[108.765947,14.689971],[108.767632,14.694829],[108.771846,14.696677],[108.773288,14.702372],[108.777003,14.704721],[108.776636,14.708877],[108.787717,14.714724],[108.790695,14.722321],[108.789148,14.727275],[108.789923,14.732244],[108.786864,14.735515],[108.781165,14.736844],[108.781824,14.746807],[108.786841,14.747594],[108.787384,14.75192],[108.78961,14.754605],[108.80646,14.764528],[108.81415,14.760791],[108.814656,14.759245],[108.819428,14.759934],[108.82541,14.757804],[108.827366,14.758076],[108.828742,14.760967],[108.831934,14.761218],[108.834318,14.769674],[108.840273,14.777724],[108.839911,14.780492],[108.846431,14.790262],[108.844898,14.799187],[108.847246,14.798583],[108.849694,14.805665],[108.852899,14.808559],[108.85427,14.809598],[108.876906,14.793607],[108.900461,14.781673]]]}},{"type":"Feature","properties":{"code":"21548","name":"Đặc khu Lý Sơn","type":"Đặc khu"},"geometry":{"type":"MultiPolygon","coordinates":[[[[109.121936,15.389743],[109.128402,15.390901],[109.136183,15.388128],[109.141616,15.388607],[109.147362,15.379724],[109.145655,15.379713],[109.142459,15.384721],[109.139658,15.382003],[109.140723,15.377666],[109.134792,15.377904],[109.12534,15.370665],[109.119409,15.36916],[109.115953,15.370272],[109.11443,15.372497],[109.100201,15.375656],[109.097084,15.374799],[109.093842,15.384192],[109.096364,15.385156],[109.099046,15.389611],[109.115584,15.39152],[109.121936,15.389743]]],[[[109.087138,15.431743],[109.085761,15.427803],[109.08257,15.426504],[109.077466,15.427153],[109.078572,15.432],[109.08444,15.432942],[109.087138,15.431743]]]]}}]}