{"type":"FeatureCollection","features":[{"type":"Feature","properties":{"code":"26882","name":"Phường An Hội Tây","type":"Phường"},"geometry":{"type":"Polygon","coordinates":[[[106.657057,10.85765],[106.656119,10.851439],[106.640122,10.844337],[106.647164,10.839295],[106.642592,10.828241],[106.632377,10.833035],[106.632167,10.840165],[106.633638,10.841229],[106.633855,10.844875],[106.64621,10.854271],[106.647173,10.858091],[106.652708,10.860731],[106.657057,10.85765]]]}},{"type":"Feature","properties":{"code":"26878","name":"Phường An Hội Đông","type":"Phường"},"geometry":{"type":"Polygon","coordinates":[[[106.67269,10.860665],[106.67693,10.848697],[106.671062,10.841396],[106.670518,10.838602],[106.665241,10.838655],[106.664778,10.844976],[106.656891,10.847685],[106.655717,10.855175],[106.658363,10.857945],[106.661747,10.855642],[106.667049,10.855964],[106.67269,10.860665]]]}},{"type":"Feature","properties":{"code":"27094","name":"Phường An Khánh","type":"Phường"},"geometry":{"type":"Polygon","coordinates":[[[106.752551,10.784166],[106.743393,10.776651],[106.740193,10.777564],[106.735949,10.775806],[106.733723,10.76393],[106.730301,10.759961],[106.721523,10.75938],[106.713126,10.763273],[106.709212,10.767689],[106.708161,10.773498],[106.71027,10.781561],[106.714139,10.785009],[106.723169,10.788068],[106.726517,10.792875],[106.7271,10.800215],[106.722144,10.809911],[106.724768,10.815804],[106.729184,10.819115],[106.734094,10.818541],[106.737616,10.810869],[106.742271,10.808574],[106.747478,10.809215],[106.751162,10.812976],[106.756977,10.813189],[106.754299,10.805809],[106.751238,10.803639],[106.736527,10.800686],[106.738651,10.795994],[106.735962,10.792655],[106.737481,10.789337],[106.751464,10.79231],[106.749537,10.787521],[106.752551,10.784166]]]}},{"type":"Feature","properties":{"code":"27460","name":"Phường An Lạc","type":"Phường"},"geometry":{"type":"Polygon","coordinates":[[[106.618948,10.714966],[106.603773,10.710993],[106.604085,10.717284],[106.600076,10.717936],[106.602744,10.734475],[106.597542,10.743589],[106.6041,10.745437],[106.604063,10.751937],[106.605811,10.752189],[106.606983,10.75812],[106.624425,10.75598],[106.618948,10.714966]]]}},{"type":"Feature","properties":{"code":"26876","name":"Phường An Nhơn","type":"Phường"},"geometry":{"type":"Polygon","coordinates":[[[106.684399,10.850784],[106.683,10.847668],[106.688341,10.845794],[106.688779,10.839469],[106.692396,10.830487],[106.699866,10.830161],[106.701063,10.827091],[106.698648,10.823367],[106.689036,10.820902],[106.686521,10.824159],[106.69061,10.827556],[106.684388,10.834489],[106.682124,10.833514],[106.68009,10.838558],[106.676598,10.841956],[106.678816,10.850967],[106.684399,10.850784]]]}},{"type":"Feature","properties":{"code":"25975","name":"Phường An Phú","type":"Phường"},"geometry":{"type":"Polygon","coordinates":[[[106.729824,10.988146],[106.742396,10.986638],[106.741047,10.978076],[106.749957,10.977165],[106.74895,10.970864],[106.751513,10.967138],[106.753926,10.967575],[106.745307,10.953686],[106.75072,10.937214],[106.745141,10.932489],[106.742116,10.932133],[106.741755,10.926786],[106.728302,10.927811],[106.728323,10.93511],[106.723454,10.935134],[106.724996,10.939831],[106.723532,10.939843],[106.723536,10.94242],[106.726769,10.945945],[106.725129,10.964643],[106.72739,10.967004],[106.725158,10.970411],[106.716067,10.97376],[106.72222,10.983981],[106.723165,10.992173],[106.729824,10.988146]]]}},{"type":"Feature","properties":{"code":"26767","name":"Phường An Phú Đông","type":"Phường"},"geometry":{"type":"Polygon","coordinates":[[[106.693822,10.874944],[106.70174,10.867302],[106.714191,10.865089],[106.716943,10.861932],[106.718214,10.857255],[106.717088,10.854102],[106.713641,10.851389],[106.704436,10.851703],[106.699096,10.850076],[106.698216,10.843128],[106.702824,10.839104],[106.700021,10.834854],[106.693399,10.82999],[106.688964,10.838798],[106.688211,10.846022],[106.683,10.847668],[106.684136,10.85144],[106.679281,10.850845],[106.675763,10.853016],[106.678802,10.867654],[106.677032,10.87036],[106.676935,10.875724],[106.688165,10.894001],[106.689092,10.897332],[106.687987,10.901276],[106.692669,10.904268],[106.694299,10.8948],[106.688866,10.883329],[106.693822,10.874944]]]}},{"type":"Feature","properties":{"code":"27316","name":"Phường An Đông","type":"Phường"},"geometry":{"type":"Polygon","coordinates":[[[106.677298,10.751495],[106.674914,10.748767],[106.667029,10.750053],[106.665558,10.759237],[106.67503,10.761281],[106.677298,10.751495]]]}},{"type":"Feature","properties":{"code":"26560","name":"Phường Bà Rịa","type":"Phường"},"geometry":{"type":"Polygon","coordinates":[[[107.184351,10.526382],[107.189628,10.515696],[107.181445,10.508955],[107.204839,10.496984],[107.204445,10.494751],[107.196635,10.486072],[107.200496,10.484534],[107.195549,10.480048],[107.190629,10.478907],[107.190502,10.468818],[107.183762,10.472344],[107.179303,10.472219],[107.176965,10.471021],[107.177663,10.466024],[107.174909,10.462849],[107.167425,10.464263],[107.166463,10.471898],[107.164037,10.473948],[107.169817,10.47699],[107.171722,10.483332],[107.165816,10.491485],[107.165236,10.495752],[107.166643,10.500414],[107.168831,10.502042],[107.169234,10.505794],[107.170743,10.505253],[107.170878,10.507673],[107.173209,10.50956],[107.170721,10.513165],[107.171283,10.514867],[107.178798,10.520896],[107.179918,10.525313],[107.182625,10.527111],[107.184351,10.526382]]]}},{"type":"Feature","properties":{"code":"27154","name":"Phường Bàn Cờ","type":"Phường"},"geometry":{"type":"Polygon","coordinates":[[[106.674404,10.767685],[106.683714,10.776722],[106.68941,10.773624],[106.681653,10.76543],[106.674404,10.767685]]]}},{"type":"Feature","properties":{"code":"25915","name":"Phường Bình Cơ","type":"Phường"},"geometry":{"type":"Polygon","coordinates":[[[106.82778,11.209933],[106.831148,11.209149],[106.835821,11.211792],[106.835275,11.210128],[106.837217,11.209801],[106.835838,11.205526],[106.837715,11.204711],[106.83663,11.203146],[106.838009,11.201507],[106.835074,11.194998],[106.831218,11.193113],[106.824893,11.196273],[106.821586,11.196121],[106.811065,11.180911],[106.811647,11.178745],[106.809561,11.173946],[106.807048,11.172989],[106.801052,11.165054],[106.791858,11.162319],[106.787349,11.16306],[106.782374,11.160652],[106.778256,11.154831],[106.773514,11.154739],[106.773813,11.14075],[106.779939,11.140739],[106.779392,11.133817],[106.783555,11.136952],[106.784619,11.13496],[106.783286,11.113721],[106.778884,11.113799],[106.778831,11.095442],[106.774441,11.095466],[106.77139,11.089669],[106.763962,11.092559],[106.757476,11.087706],[106.75694,11.091356],[106.752388,11.091579],[106.752568,11.096026],[106.748031,11.096472],[106.748192,11.10095],[106.742962,11.103856],[106.743936,11.110014],[106.741918,11.11081],[106.737324,11.109116],[106.73807,11.114974],[106.735371,11.11698],[106.737596,11.120196],[106.73393,11.120726],[106.736638,11.124779],[106.735591,11.128703],[106.73708,11.128421],[106.735605,11.134731],[106.732678,11.133536],[106.732352,11.136362],[106.7279,11.135985],[106.727481,11.138369],[106.724129,11.136809],[106.719151,11.139812],[106.719027,11.141816],[106.71615,11.140727],[106.713162,11.136876],[106.712583,11.148903],[106.72512,11.180349],[106.753265,11.181822],[106.754709,11.185188],[106.759993,11.188902],[106.761575,11.188491],[106.762641,11.190437],[106.764272,11.188374],[106.793695,11.189139],[106.794072,11.201852],[106.803759,11.19391],[106.813592,11.205542],[106.8164,11.206315],[106.819001,11.210456],[106.820653,11.210008],[106.819778,11.215331],[106.821671,11.217699],[106.823712,11.21768],[106.823588,11.213619],[106.82778,11.209933]]]}},{"type":"Feature","properties":{"code":"25760","name":"Phường Bình Dương","type":"Phường"},"geometry":{"type":"Polygon","coordinates":[[[106.663263,11.070776],[106.666972,11.076867],[106.669206,11.076007],[106.670182,11.078566],[106.667914,11.07941],[106.670776,11.087166],[106.6669,11.092964],[106.668123,11.09528],[106.667246,11.107262],[106.688199,11.112669],[106.690127,11.102018],[106.692889,11.102746],[106.694707,11.101441],[106.700765,11.092335],[106.710066,11.08455],[106.713696,11.079994],[106.718139,11.068275],[106.722825,11.062773],[106.710433,11.058999],[106.708599,11.060555],[106.709084,11.057392],[106.71355,11.056199],[106.719244,11.041267],[106.713348,11.04046],[106.714135,11.036724],[106.711876,11.03607],[106.710402,11.032047],[106.704588,11.030019],[106.70813,11.017951],[106.705082,11.007988],[106.707788,11.007802],[106.706845,11.00647],[106.70927,11.003358],[106.70353,11.003772],[106.702717,11.002629],[106.695703,11.007941],[106.692477,11.00398],[106.689043,11.005067],[106.687612,11.003755],[106.683764,10.99656],[106.668998,11.007487],[106.666837,11.00558],[106.658924,11.011622],[106.6635,11.015616],[106.65956,11.023155],[106.664069,11.025141],[106.656221,11.033407],[106.653216,11.040715],[106.657492,11.042034],[106.656655,11.043584],[106.661992,11.049206],[106.66452,11.056661],[106.663263,11.070776]]]}},{"type":"Feature","properties":{"code":"25987","name":"Phường Bình Hòa","type":"Phường"},"geometry":{"type":"Polygon","coordinates":[[[106.716111,10.877251],[106.721395,10.876395],[106.723542,10.872095],[106.714917,10.872503],[106.71553,10.868415],[106.713282,10.865677],[106.701824,10.867265],[106.694945,10.873507],[106.703047,10.877259],[106.7017,10.88375],[106.70684,10.883913],[106.708774,10.891271],[106.705066,10.892816],[106.712566,10.903846],[106.713466,10.921355],[106.711838,10.928061],[106.714196,10.928447],[106.715578,10.930985],[106.719013,10.931113],[106.718801,10.935142],[106.728323,10.93511],[106.728302,10.927811],[106.741755,10.926786],[106.739727,10.890422],[106.736692,10.884583],[106.731039,10.885883],[106.731506,10.887114],[106.728739,10.887466],[106.72745,10.890207],[106.717604,10.896423],[106.713056,10.889467],[106.71447,10.886781],[106.717538,10.887768],[106.716575,10.884714],[106.717975,10.880811],[106.715178,10.87977],[106.716111,10.877251]]]}},{"type":"Feature","properties":{"code":"27439","name":"Phường Bình Hưng Hòa","type":"Phường"},"geometry":{"type":"Polygon","coordinates":[[[106.603302,10.826287],[106.616223,10.819014],[106.607902,10.81288],[106.607356,10.807934],[106.615376,10.793186],[106.620135,10.780514],[106.612159,10.780831],[106.611578,10.778679],[106.607096,10.77975],[106.606704,10.776305],[106.59309,10.77844],[106.603302,10.826287]]]}},{"type":"Feature","properties":{"code":"26905","name":"Phường Bình Lợi Trung","type":"Phường"},"geometry":{"type":"Polygon","coordinates":[[[106.690423,10.815497],[106.693495,10.817669],[106.69346,10.822166],[106.698648,10.823367],[106.701042,10.827008],[106.699677,10.830351],[106.695202,10.830912],[106.695896,10.832674],[106.700099,10.834931],[106.701317,10.838061],[106.703875,10.838576],[106.708142,10.833949],[106.709823,10.823843],[106.713556,10.82101],[106.710447,10.817084],[106.708412,10.819557],[106.704896,10.816421],[106.702985,10.818199],[106.700952,10.817189],[106.698687,10.818342],[106.695231,10.815606],[106.695089,10.808328],[106.691035,10.811197],[106.687051,10.805253],[106.684443,10.806434],[106.684766,10.813636],[106.688594,10.816543],[106.690423,10.815497]]]}},{"type":"Feature","properties":{"code":"27364","name":"Phường Bình Phú","type":"Phường"},"geometry":{"type":"Polygon","coordinates":[[[106.640015,10.746434],[106.634318,10.740678],[106.634358,10.73352],[106.620219,10.726609],[106.623115,10.745141],[106.639774,10.749233],[106.640015,10.746434]]]}},{"type":"Feature","properties":{"code":"26911","name":"Phường Bình Quới","type":"Phường"},"geometry":{"type":"Polygon","coordinates":[[[106.740954,10.835585],[106.747793,10.833258],[106.751382,10.828464],[106.7515,10.815464],[106.749967,10.811296],[106.745896,10.808621],[106.740071,10.809223],[106.737616,10.810869],[106.73429,10.818326],[106.731566,10.819771],[106.72611,10.81722],[106.722166,10.80977],[106.720873,10.810117],[106.713922,10.820782],[106.720535,10.820487],[106.72863,10.823488],[106.737769,10.834521],[106.740954,10.835585]]]}},{"type":"Feature","properties":{"code":"26929","name":"Phường Bình Thạnh","type":"Phường"},"geometry":{"type":"Polygon","coordinates":[[[106.713922,10.820782],[106.71753,10.814321],[106.712111,10.809368],[106.711394,10.802825],[106.701567,10.803843],[106.694911,10.802834],[106.695231,10.815606],[106.698687,10.818342],[106.700952,10.817189],[106.702985,10.818199],[106.704896,10.816421],[106.708412,10.819557],[106.710447,10.817084],[106.713922,10.820782]]]}},{"type":"Feature","properties":{"code":"27232","name":"Phường Bình Thới","type":"Phường"},"geometry":{"type":"Polygon","coordinates":[[[106.651226,10.762788],[106.649268,10.758034],[106.641371,10.758976],[106.635334,10.757779],[106.634179,10.758989],[106.63573,10.762841],[106.63559,10.769558],[106.651226,10.762788]]]}},{"type":"Feature","properties":{"code":"27373","name":"Phường Bình Tiên","type":"Phường"},"geometry":{"type":"Polygon","coordinates":[[[106.655038,10.746119],[106.646241,10.741029],[106.634358,10.73352],[106.634318,10.740678],[106.640015,10.746434],[106.653853,10.748595],[106.655038,10.746119]]]}},{"type":"Feature","properties":{"code":"27097","name":"Phường Bình Trưng","type":"Phường"},"geometry":{"type":"Polygon","coordinates":[[[106.743996,10.776262],[106.745055,10.779472],[106.752551,10.784166],[106.749537,10.787521],[106.751464,10.79231],[106.737481,10.789337],[106.735962,10.792655],[106.738651,10.795994],[106.736527,10.800686],[106.751238,10.803639],[106.754299,10.805809],[106.756977,10.813189],[106.760891,10.814516],[106.763643,10.813456],[106.764674,10.809837],[106.766788,10.808312],[106.773116,10.807558],[106.776775,10.808993],[106.781606,10.790407],[106.786755,10.790678],[106.787143,10.784894],[106.783765,10.782007],[106.789909,10.778542],[106.789613,10.775313],[106.786962,10.776645],[106.785421,10.774732],[106.772995,10.776075],[106.771245,10.782084],[106.76391,10.781584],[106.757957,10.783394],[106.754376,10.782264],[106.747535,10.773561],[106.743996,10.776262]]]}},{"type":"Feature","properties":{"code":"27448","name":"Phường Bình Trị Đông","type":"Phường"},"geometry":{"type":"Polygon","coordinates":[[[106.620135,10.780514],[106.624519,10.755964],[106.603942,10.758488],[106.603297,10.761805],[106.598709,10.762776],[106.596146,10.761676],[106.590487,10.765208],[106.59309,10.77844],[106.606704,10.776305],[106.607096,10.77975],[106.611578,10.778679],[106.612159,10.780831],[106.620135,10.780514]]]}},{"type":"Feature","properties":{"code":"27442","name":"Phường Bình Tân","type":"Phường"},"geometry":{"type":"Polygon","coordinates":[[[106.57002,10.768376],[106.575532,10.768826],[106.58086,10.77491],[106.586013,10.775402],[106.588754,10.779216],[106.58915,10.787305],[106.584446,10.790753],[106.585471,10.795726],[106.582893,10.797309],[106.583469,10.806354],[106.585939,10.81281],[106.581829,10.815571],[106.593578,10.827501],[106.603301,10.826288],[106.59074,10.767073],[106.592003,10.756401],[106.575384,10.759602],[106.567713,10.7629],[106.57002,10.768376]]]}},{"type":"Feature","properties":{"code":"27367","name":"Phường Bình Tây","type":"Phường"},"geometry":{"type":"Polygon","coordinates":[[[106.636799,10.75448],[106.650735,10.753406],[106.650502,10.751435],[106.653288,10.751627],[106.653853,10.748595],[106.640015,10.746434],[106.636799,10.75448]]]}},{"type":"Feature","properties":{"code":"27424","name":"Phường Bình Đông","type":"Phường"},"geometry":{"type":"Polygon","coordinates":[[[106.594529,10.689789],[106.597317,10.701577],[106.626781,10.712467],[106.631595,10.717116],[106.636888,10.728439],[106.641117,10.732998],[106.65595,10.741651],[106.661657,10.74291],[106.663356,10.741176],[106.665683,10.734196],[106.64223,10.727713],[106.627688,10.698973],[106.594529,10.689789]]]}},{"type":"Feature","properties":{"code":"26983","name":"Phường Bảy Hiền","type":"Phường"},"geometry":{"type":"Polygon","coordinates":[[[106.655468,10.798761],[106.651762,10.793749],[106.653347,10.792912],[106.648035,10.774777],[106.641624,10.785971],[106.64342,10.786685],[106.642839,10.789155],[106.645836,10.796922],[106.646974,10.796528],[106.647998,10.809269],[106.653251,10.80891],[106.652552,10.801482],[106.653922,10.801362],[106.653741,10.79895],[106.655468,10.798761]]]}},{"type":"Feature","properties":{"code":"25813","name":"Phường Bến Cát","type":"Phường"},"geometry":{"type":"Polygon","coordinates":[[[106.586303,11.15991],[106.5866,11.166986],[106.591023,11.173103],[106.590323,11.176158],[106.588032,11.176614],[106.586264,11.179182],[106.589747,11.185642],[106.58958,11.188414],[106.587627,11.198083],[106.584176,11.202393],[106.585056,11.206407],[106.582028,11.212908],[106.57948,11.224753],[106.594305,11.22813],[106.59763,11.227108],[106.598417,11.22876],[106.586619,11.239646],[106.585278,11.243761],[106.619902,11.250724],[106.618549,11.233879],[106.620537,11.230565],[106.630371,11.229803],[106.63011,11.228351],[106.631557,11.228092],[106.63181,11.229498],[106.635034,11.228877],[106.630581,11.212765],[106.635944,11.21433],[106.640694,11.218723],[106.643109,11.227106],[106.641052,11.230759],[106.641927,11.255206],[106.637854,11.26836],[106.640889,11.278495],[106.63939,11.2838],[106.664884,11.284466],[106.664779,11.282113],[106.66871,11.281962],[106.668826,11.286521],[106.67358,11.286498],[106.673412,11.281781],[106.682829,11.281505],[106.681807,11.248909],[106.679451,11.248591],[106.680696,11.232843],[106.683444,11.229098],[106.67105,11.214169],[106.66158,11.213497],[106.660467,11.211761],[106.652279,11.211831],[106.652254,11.207485],[106.64607,11.207304],[106.646406,11.196354],[106.651515,11.188582],[106.648873,11.188391],[106.640057,11.182443],[106.624896,11.168979],[106.621489,11.16804],[106.623368,11.162203],[106.622606,11.159111],[106.625801,11.158662],[106.625525,11.156822],[106.628997,11.154496],[106.63254,11.153448],[106.634038,11.155412],[106.637287,11.151991],[106.629183,11.14225],[106.630389,11.127618],[106.621243,11.126898],[106.619563,11.124131],[106.614679,11.12203],[106.61166,11.128401],[106.610538,11.126887],[106.592059,11.124587],[106.591555,11.128925],[106.588905,11.12863],[106.59073,11.130421],[106.592623,11.142797],[106.587817,11.151098],[106.59033,11.153226],[106.586303,11.15991]]]}},{"type":"Feature","properties":{"code":"26743","name":"Phường Bến Thành","type":"Phường"},"geometry":{"type":"Polygon","coordinates":[[[106.699083,10.775793],[106.702652,10.767229],[106.698242,10.763416],[106.695495,10.768004],[106.69078,10.764176],[106.684494,10.768391],[106.694971,10.779586],[106.699083,10.775793]]]}},{"type":"Feature","properties":{"code":"25771","name":"Phường Chánh Hiệp","type":"Phường"},"geometry":{"type":"Polygon","coordinates":[[[106.634805,10.990168],[106.629773,10.982386],[106.630584,10.97868],[106.625685,10.98048],[106.616603,10.98871],[106.616106,10.992397],[106.621213,11.002864],[106.61955,11.008935],[106.615941,11.011459],[106.617419,11.016446],[106.621819,11.018336],[106.620295,11.021009],[106.632381,11.023191],[106.635422,11.020022],[106.639999,11.021891],[106.639653,11.024158],[106.644642,11.023193],[106.647694,11.025988],[106.640072,11.034183],[106.646943,11.045786],[106.65325,11.052532],[106.653608,11.058109],[106.664581,11.056908],[106.661992,11.049206],[106.656655,11.043584],[106.657492,11.042034],[106.653216,11.040715],[106.656221,11.033407],[106.663491,11.0266],[106.664069,11.025141],[106.65956,11.023155],[106.6635,11.015616],[106.658837,11.01235],[106.65683,11.00882],[106.64562,11.005147],[106.647216,10.998981],[106.649743,10.996653],[106.64893,10.994739],[106.64414,10.993529],[106.6442,10.989984],[106.634805,10.990168]]]}},{"type":"Feature","properties":{"code":"27418","name":"Phường Chánh Hưng","type":"Phường"},"geometry":{"type":"Polygon","coordinates":[[[106.69028,10.752017],[106.692798,10.745803],[106.692127,10.741416],[106.682992,10.739381],[106.681955,10.734551],[106.676659,10.7351],[106.673855,10.737514],[106.665968,10.732411],[106.663753,10.740635],[106.66151,10.741903],[106.662875,10.746874],[106.669753,10.749477],[106.674914,10.748767],[106.677772,10.751676],[106.69028,10.752017]]]}},{"type":"Feature","properties":{"code":"25837","name":"Phường Chánh Phú Hòa","type":"Phường"},"geometry":{"type":"Polygon","coordinates":[[[106.716533,11.256997],[106.721043,11.258692],[106.721016,11.252087],[106.719543,11.252077],[106.711221,11.240898],[106.70624,11.239156],[106.706361,11.237068],[106.704321,11.236403],[106.708254,11.224708],[106.710299,11.224881],[106.712029,11.210826],[106.721715,11.202812],[106.703814,11.200612],[106.699343,11.196718],[106.696758,11.196726],[106.695846,11.194125],[106.683624,11.18262],[106.67901,11.157779],[106.682647,11.153486],[106.683324,11.141029],[106.688485,11.128749],[106.684226,11.127525],[106.678652,11.128924],[106.679128,11.127642],[106.676755,11.127278],[106.673239,11.129477],[106.669773,11.129102],[106.669309,11.130587],[106.664577,11.130308],[106.664351,11.132924],[106.640067,11.133454],[106.639018,11.121567],[106.636107,11.117616],[106.630735,11.118352],[106.629183,11.14225],[106.637287,11.151991],[106.634038,11.155412],[106.63254,11.153448],[106.628997,11.154496],[106.625525,11.156822],[106.625801,11.158662],[106.622606,11.159111],[106.623368,11.162203],[106.621489,11.16804],[106.624896,11.168979],[106.640057,11.182443],[106.648873,11.188391],[106.651515,11.188582],[106.646406,11.196354],[106.64607,11.207304],[106.652254,11.207485],[106.652279,11.211831],[106.660467,11.211761],[106.66158,11.213497],[106.67105,11.214169],[106.683444,11.229098],[106.680696,11.232843],[106.679451,11.248591],[106.707057,11.251962],[106.707032,11.253748],[106.71241,11.259201],[106.716533,11.256997]]]}},{"type":"Feature","properties":{"code":"27343","name":"Phường Chợ Lớn","type":"Phường"},"geometry":{"type":"Polygon","coordinates":[[[106.665558,10.759237],[106.667029,10.750053],[106.655038,10.746119],[106.653288,10.751627],[106.650502,10.751435],[106.65108,10.75632],[106.665558,10.759237]]]}},{"type":"Feature","properties":{"code":"27301","name":"Phường Chợ Quán","type":"Phường"},"geometry":{"type":"Polygon","coordinates":[[[106.681653,10.76543],[106.687036,10.753334],[106.685771,10.751383],[106.677298,10.751495],[106.67503,10.761281],[106.681653,10.76543]]]}},{"type":"Feature","properties":{"code":"27112","name":"Phường Cát Lái","type":"Phường"},"geometry":{"type":"Polygon","coordinates":[[[106.758508,10.782999],[106.76535,10.78147],[106.771245,10.782084],[106.772995,10.776075],[106.785421,10.774732],[106.786916,10.776639],[106.789613,10.775313],[106.789909,10.778542],[106.796527,10.778822],[106.798726,10.77604],[106.810012,10.774685],[106.80569,10.770076],[106.803773,10.76357],[106.799113,10.758869],[106.778082,10.750093],[106.769662,10.744218],[106.758816,10.744463],[106.7492,10.741796],[106.745937,10.743281],[106.744239,10.747519],[106.753008,10.764076],[106.751781,10.769424],[106.747535,10.773561],[106.754376,10.782264],[106.758508,10.782999]]]}},{"type":"Feature","properties":{"code":"27058","name":"Phường Cầu Kiệu","type":"Phường"},"geometry":{"type":"Polygon","coordinates":[[[106.685468,10.80395],[106.692211,10.802439],[106.691594,10.79553],[106.687298,10.79485],[106.685224,10.796844],[106.686137,10.792526],[106.68196,10.795823],[106.680005,10.792958],[106.677869,10.794216],[106.677595,10.799344],[106.68049,10.799319],[106.685468,10.80395]]]}},{"type":"Feature","properties":{"code":"26758","name":"Phường Cầu Ông Lãnh","type":"Phường"},"geometry":{"type":"Polygon","coordinates":[[[106.69078,10.764176],[106.695495,10.768004],[106.698242,10.763416],[106.687036,10.753334],[106.681653,10.76543],[106.684494,10.768391],[106.69078,10.764176]]]}},{"type":"Feature","properties":{"code":"27169","name":"Phường Diên Hồng","type":"Phường"},"geometry":{"type":"Polygon","coordinates":[[[106.658831,10.780733],[106.663589,10.776418],[106.66893,10.759907],[106.661517,10.758415],[106.655978,10.778177],[106.658831,10.780733]]]}},{"type":"Feature","properties":{"code":"25942","name":"Phường Dĩ An","type":"Phường"},"geometry":{"type":"Polygon","coordinates":[[[106.743685,10.880805],[106.739645,10.881029],[106.738407,10.879425],[106.734175,10.880525],[106.739727,10.890422],[106.742116,10.932133],[106.745141,10.932489],[106.75072,10.937214],[106.756219,10.929414],[106.765213,10.924994],[106.76871,10.915854],[106.794628,10.906492],[106.790379,10.904327],[106.789097,10.901653],[106.782392,10.904565],[106.773257,10.905104],[106.772291,10.901796],[106.770728,10.902349],[106.769043,10.900584],[106.768413,10.892333],[106.767256,10.892574],[106.764544,10.884877],[106.760526,10.881257],[106.761973,10.878719],[106.760388,10.872384],[106.763407,10.869876],[106.762337,10.867275],[106.749789,10.866058],[106.745071,10.87344],[106.748663,10.874605],[106.743685,10.880805]]]}},{"type":"Feature","properties":{"code":"26944","name":"Phường Gia Định","type":"Phường"},"geometry":{"type":"Polygon","coordinates":[[[106.690739,10.803361],[106.687903,10.803722],[106.688486,10.805643],[106.687046,10.806211],[106.691035,10.811197],[106.695089,10.808328],[106.694911,10.802834],[106.701567,10.803843],[106.711394,10.802825],[106.710803,10.797606],[106.706348,10.791645],[106.694854,10.793464],[106.691594,10.79553],[106.692457,10.800476],[106.690739,10.803361]]]}},{"type":"Feature","properties":{"code":"26884","name":"Phường Gò Vấp","type":"Phường"},"geometry":{"type":"Polygon","coordinates":[[[106.675857,10.852039],[106.678816,10.850967],[106.678521,10.847506],[106.676598,10.841956],[106.68009,10.838558],[106.682124,10.833514],[106.677572,10.830864],[106.680186,10.826372],[106.674341,10.826195],[106.673183,10.82794],[106.666145,10.828439],[106.66358,10.830718],[106.665241,10.838655],[106.670518,10.838602],[106.671062,10.841396],[106.67693,10.848697],[106.675857,10.852039]]]}},{"type":"Feature","properties":{"code":"26809","name":"Phường Hiệp Bình","type":"Phường"},"geometry":{"type":"Polygon","coordinates":[[[106.727055,10.869113],[106.726928,10.861608],[106.729429,10.860848],[106.731104,10.855576],[106.734765,10.854741],[106.734391,10.849157],[106.739311,10.845146],[106.740993,10.846753],[106.74347,10.859976],[106.751271,10.859271],[106.751758,10.854454],[106.745181,10.842687],[106.738889,10.839797],[106.739923,10.83557],[106.729662,10.824148],[106.721491,10.820673],[106.713803,10.820801],[106.709767,10.823958],[106.707212,10.835766],[106.69828,10.842982],[106.698244,10.848505],[106.701235,10.851119],[106.713567,10.851364],[106.717456,10.854617],[106.717243,10.86116],[106.713282,10.865677],[106.71553,10.868415],[106.714917,10.872503],[106.724598,10.871431],[106.727055,10.869113]]]}},{"type":"Feature","properties":{"code":"27211","name":"Phường Hòa Bình","type":"Phường"},"geometry":{"type":"Polygon","coordinates":[[[106.637575,10.76899],[106.64439,10.775039],[106.647693,10.775241],[106.652079,10.768959],[106.646448,10.765327],[106.637575,10.76899]]]}},{"type":"Feature","properties":{"code":"27163","name":"Phường Hòa Hưng","type":"Phường"},"geometry":{"type":"Polygon","coordinates":[[[106.658862,10.780767],[106.664621,10.786913],[106.681651,10.77784],[106.679573,10.774948],[106.667124,10.767689],[106.663589,10.776418],[106.658862,10.780767]]]}},{"type":"Feature","properties":{"code":"25849","name":"Phường Hòa Lợi","type":"Phường"},"geometry":{"type":"Polygon","coordinates":[[[106.630197,11.042811],[106.625352,11.044454],[106.624187,11.053804],[106.615638,11.051145],[106.614314,11.055422],[106.616623,11.057936],[106.616113,11.059632],[106.61349,11.063271],[106.606454,11.066806],[106.60651,11.070514],[106.604408,11.072486],[106.608974,11.078109],[106.613598,11.078484],[106.615493,11.083109],[106.619071,11.080111],[106.626764,11.079236],[106.627879,11.076189],[106.658565,11.091588],[106.658615,11.096176],[106.656547,11.097061],[106.656627,11.107662],[106.658888,11.122339],[106.655418,11.123621],[106.655504,11.133031],[106.664351,11.132924],[106.664577,11.130308],[106.669309,11.130587],[106.669773,11.129102],[106.673239,11.129477],[106.676755,11.127278],[106.679128,11.127642],[106.678652,11.128924],[106.684226,11.127525],[106.688485,11.128749],[106.693535,11.118496],[106.694155,11.113876],[106.69249,11.107125],[106.693653,11.103555],[106.690127,11.102018],[106.688792,11.111761],[106.68679,11.112901],[106.667246,11.107262],[106.668123,11.09528],[106.6669,11.092964],[106.670776,11.087166],[106.667914,11.07941],[106.670182,11.078566],[106.669206,11.076007],[106.666972,11.076867],[106.663263,11.070776],[106.664452,11.063793],[106.663596,11.057],[106.653608,11.058109],[106.65325,11.052532],[106.646943,11.045786],[106.640072,11.034183],[106.63415,11.044954],[106.630197,11.042811]]]}},{"type":"Feature","properties":{"code":"26890","name":"Phường Hạnh Thông","type":"Phường"},"geometry":{"type":"Polygon","coordinates":[[[106.690423,10.815497],[106.688594,10.816543],[106.685012,10.81391],[106.683977,10.809992],[106.680387,10.811946],[106.676003,10.811203],[106.672768,10.814149],[106.676121,10.815123],[106.673223,10.822314],[106.678258,10.825143],[106.677945,10.827167],[106.680186,10.826372],[106.677572,10.830864],[106.684388,10.834489],[106.69061,10.827556],[106.686521,10.824159],[106.689036,10.820902],[106.693502,10.822004],[106.693495,10.817669],[106.690423,10.815497]]]}},{"type":"Feature","properties":{"code":"27265","name":"Phường Khánh Hội","type":"Phường"},"geometry":{"type":"Polygon","coordinates":[[[106.706723,10.752424],[106.705098,10.752392],[106.70605,10.756161],[106.701194,10.756053],[106.696941,10.761706],[106.701192,10.765324],[106.711148,10.758831],[106.706723,10.752424]]]}},{"type":"Feature","properties":{"code":"26800","name":"Phường Linh Xuân","type":"Phường"},"geometry":{"type":"Polygon","coordinates":[[[106.751844,10.855012],[106.75228,10.866258],[106.762982,10.868322],[106.763407,10.869876],[106.760388,10.872384],[106.761973,10.878719],[106.760526,10.881257],[106.764544,10.884877],[106.767256,10.892574],[106.769548,10.893853],[106.781055,10.880195],[106.781907,10.874291],[106.779964,10.868404],[106.788854,10.867163],[106.787773,10.867972],[106.788933,10.871949],[106.79491,10.873535],[106.798684,10.872051],[106.805296,10.875117],[106.808589,10.873037],[106.80358,10.867335],[106.774015,10.849109],[106.772935,10.854497],[106.767988,10.854872],[106.760933,10.860978],[106.755356,10.855087],[106.753084,10.848673],[106.750958,10.848971],[106.750065,10.851406],[106.751844,10.855012]]]}},{"type":"Feature","properties":{"code":"26833","name":"Phường Long Bình","type":"Phường"},"geometry":{"type":"Polygon","coordinates":[[[106.807619,10.871707],[106.825947,10.896286],[106.839431,10.901601],[106.844097,10.883476],[106.851213,10.875875],[106.846679,10.8651],[106.857459,10.84151],[106.855097,10.840303],[106.853159,10.836059],[106.844588,10.830812],[106.837471,10.832229],[106.835756,10.826759],[106.829372,10.827444],[106.826064,10.825961],[106.820288,10.838729],[106.816472,10.840234],[106.81696,10.841309],[106.808685,10.848992],[106.813699,10.850179],[106.814033,10.870082],[106.807619,10.871707]]]}},{"type":"Feature","properties":{"code":"26566","name":"Phường Long Hương","type":"Phường"},"geometry":{"type":"Polygon","coordinates":[[[107.171576,10.559383],[107.174624,10.5567],[107.174932,10.551978],[107.176336,10.552743],[107.178511,10.546597],[107.184566,10.541977],[107.184844,10.53941],[107.183446,10.537091],[107.184762,10.535612],[107.184614,10.530978],[107.183193,10.531271],[107.184147,10.529507],[107.181982,10.525735],[107.179749,10.525149],[107.178798,10.520896],[107.171283,10.514867],[107.170721,10.513165],[107.173209,10.50956],[107.170878,10.507673],[107.170743,10.505253],[107.169234,10.505794],[107.168831,10.502042],[107.166643,10.500414],[107.165236,10.495752],[107.165816,10.491485],[107.171556,10.483871],[107.170892,10.478717],[107.164037,10.473948],[107.159635,10.473332],[107.156764,10.466871],[107.153952,10.464499],[107.142753,10.467374],[107.142374,10.457256],[107.140714,10.454703],[107.136741,10.456031],[107.13281,10.463442],[107.131261,10.462993],[107.129804,10.457014],[107.118868,10.458735],[107.118486,10.464417],[107.114706,10.46999],[107.11311,10.477158],[107.116113,10.477591],[107.12017,10.475204],[107.122556,10.477866],[107.120719,10.480816],[107.123109,10.483869],[107.121647,10.486535],[107.124346,10.49019],[107.126742,10.490614],[107.126692,10.493082],[107.123708,10.495681],[107.124422,10.508522],[107.130532,10.508531],[107.133285,10.510442],[107.140854,10.526532],[107.148073,10.535702],[107.15205,10.535865],[107.157366,10.532203],[107.165681,10.536558],[107.171144,10.534929],[107.171542,10.541266],[107.168363,10.559409],[107.171576,10.559383]]]}},{"type":"Feature","properties":{"code":"25840","name":"Phường Long Nguyên","type":"Phường"},"geometry":{"type":"Polygon","coordinates":[[[106.586303,11.15991],[106.59033,11.153226],[106.587817,11.151098],[106.591561,11.146439],[106.592181,11.138121],[106.59073,11.130421],[106.582226,11.123299],[106.580811,11.120448],[106.584232,11.114439],[106.591416,11.109483],[106.597051,11.099427],[106.594872,11.088195],[106.590848,11.083017],[106.593782,11.076079],[106.590581,11.073026],[106.587487,11.077267],[106.585236,11.085467],[106.573412,11.079254],[106.567967,11.08577],[106.568014,11.100811],[106.561893,11.10073],[106.562144,11.126077],[106.554393,11.126016],[106.554358,11.133186],[106.551545,11.133175],[106.550979,11.136691],[106.549439,11.136251],[106.548569,11.137709],[106.542096,11.159147],[106.544448,11.159839],[106.543939,11.166522],[106.538688,11.166957],[106.53409,11.169682],[106.531667,11.173537],[106.532242,11.177772],[106.529907,11.177551],[106.523955,11.185369],[106.521534,11.192898],[106.521857,11.198847],[106.519605,11.200494],[106.52166,11.203827],[106.521637,11.207946],[106.520335,11.212166],[106.517728,11.214379],[106.518206,11.217863],[106.511185,11.224285],[106.506503,11.224354],[106.500408,11.226997],[106.497507,11.233032],[106.506198,11.227245],[106.510374,11.227585],[106.51157,11.231444],[106.509928,11.234341],[106.514549,11.238539],[106.518606,11.238403],[106.520537,11.240481],[106.517877,11.246703],[106.521243,11.249094],[106.527865,11.249752],[106.530415,11.252655],[106.534427,11.2521],[106.537856,11.257825],[106.541458,11.258534],[106.545664,11.254386],[106.555922,11.25937],[106.557582,11.254766],[106.575013,11.261465],[106.588313,11.262924],[106.589859,11.250467],[106.585038,11.242017],[106.598417,11.228646],[106.59763,11.227108],[106.594305,11.22813],[106.57948,11.224753],[106.582028,11.212908],[106.585056,11.206407],[106.584176,11.202393],[106.587627,11.198083],[106.58958,11.188414],[106.589747,11.185642],[106.586264,11.179182],[106.588032,11.176614],[106.590323,11.176158],[106.591023,11.173103],[106.5866,11.166986],[106.586303,11.15991]]]}},{"type":"Feature","properties":{"code":"26857","name":"Phường Long Phước","type":"Phường"},"geometry":{"type":"Polygon","coordinates":[[[106.857459,10.84151],[106.877515,10.819626],[106.882043,10.810084],[106.879576,10.802309],[106.865577,10.789403],[106.865501,10.784811],[106.870737,10.778124],[106.871584,10.772775],[106.870326,10.767083],[106.865159,10.764746],[106.862185,10.765776],[106.854067,10.773939],[106.846438,10.774997],[106.841171,10.77304],[106.83473,10.778664],[106.833057,10.781709],[106.835191,10.784649],[106.842992,10.780588],[106.845293,10.781963],[106.843533,10.782708],[106.840974,10.789718],[106.837377,10.793411],[106.838336,10.802376],[106.835766,10.806259],[106.832046,10.807986],[106.817166,10.80548],[106.806399,10.827064],[106.815495,10.830736],[106.824938,10.825618],[106.829372,10.827444],[106.835756,10.826759],[106.837471,10.832229],[106.845228,10.831073],[106.853159,10.836059],[106.855097,10.840303],[106.857459,10.84151]]]}},{"type":"Feature","properties":{"code":"26860","name":"Phường Long Trường","type":"Phường"},"geometry":{"type":"Polygon","coordinates":[[[106.806399,10.827064],[106.817166,10.80548],[106.831691,10.807984],[106.835945,10.806083],[106.838703,10.800428],[106.837377,10.793411],[106.840974,10.789718],[106.843533,10.782708],[106.845293,10.781963],[106.843359,10.780491],[106.836987,10.784558],[106.833648,10.783498],[106.833612,10.779912],[106.841171,10.77304],[106.835114,10.768723],[106.827759,10.759848],[106.824418,10.759816],[106.822975,10.761942],[106.826219,10.774181],[106.822878,10.780229],[106.816784,10.780018],[106.810012,10.774685],[106.804282,10.776159],[106.802557,10.774901],[106.798726,10.77604],[106.797404,10.778666],[106.789684,10.778589],[106.783765,10.782007],[106.787143,10.784894],[106.786755,10.790678],[106.781606,10.790407],[106.781925,10.798653],[106.788483,10.801357],[106.789811,10.80469],[106.793287,10.805284],[106.793434,10.807894],[106.78988,10.814966],[106.798974,10.821058],[106.802878,10.820607],[106.803068,10.823238],[106.806399,10.827064]]]}},{"type":"Feature","properties":{"code":"25966","name":"Phường Lái Thiêu","type":"Phường"},"geometry":{"type":"Polygon","coordinates":[[[106.701028,10.882591],[106.703047,10.877259],[106.694945,10.873507],[106.689407,10.881005],[106.689183,10.885506],[106.694167,10.894282],[106.69412,10.898801],[106.687701,10.916215],[106.680271,10.924965],[106.682029,10.929967],[106.683735,10.928954],[106.692185,10.939175],[106.70289,10.936986],[106.706218,10.932877],[106.708116,10.934621],[106.708168,10.932722],[106.710797,10.932158],[106.713327,10.922493],[106.712457,10.903203],[106.705066,10.892816],[106.708774,10.891271],[106.70684,10.883913],[106.701028,10.882591]]]}},{"type":"Feature","properties":{"code":"27238","name":"Phường Minh Phụng","type":"Phường"},"geometry":{"type":"Polygon","coordinates":[[[106.661517,10.758415],[106.65108,10.75632],[106.650735,10.753406],[106.637612,10.754733],[106.635334,10.757779],[106.641371,10.758976],[106.649268,10.758034],[106.659992,10.763833],[106.661517,10.758415]]]}},{"type":"Feature","properties":{"code":"27142","name":"Phường Nhiêu Lộc","type":"Phường"},"geometry":{"type":"Polygon","coordinates":[[[106.681288,10.791256],[106.681561,10.788906],[106.683538,10.787884],[106.681327,10.785922],[106.684474,10.78437],[106.681651,10.77784],[106.664279,10.787097],[106.664883,10.790123],[106.670637,10.787959],[106.672159,10.789776],[106.681288,10.791256]]]}},{"type":"Feature","properties":{"code":"25768","name":"Phường Phú An","type":"Phường"},"geometry":{"type":"Polygon","coordinates":[[[106.639999,11.021891],[106.634077,11.02001],[106.632381,11.023191],[106.620295,11.021009],[106.621819,11.018336],[106.617419,11.016446],[106.615941,11.011459],[106.608312,11.011762],[106.599894,11.014337],[106.597604,11.016672],[106.595079,11.025667],[106.595916,11.030669],[106.603368,11.039729],[106.6001,11.044796],[106.597042,11.04577],[106.593622,11.044122],[106.590519,11.036589],[106.583983,11.037258],[106.581404,11.040489],[106.579777,11.047461],[106.572303,11.054433],[106.569033,11.05089],[106.567486,11.045309],[106.558749,11.045501],[106.560579,11.052782],[106.555828,11.057418],[106.561399,11.064236],[106.566312,11.07374],[106.567294,11.07335],[106.568262,11.075256],[106.567054,11.076011],[106.585236,11.085467],[106.587487,11.077267],[106.590581,11.073026],[106.593782,11.076079],[106.605933,11.071309],[106.606402,11.066864],[106.613519,11.063249],[106.616247,11.059373],[106.614319,11.055493],[106.615638,11.051145],[106.624187,11.053804],[106.625475,11.044274],[106.630197,11.042811],[106.63415,11.044954],[106.64072,11.032867],[106.647694,11.025988],[106.643822,11.02297],[106.639653,11.024158],[106.639999,11.021891]]]}},{"type":"Feature","properties":{"code":"27349","name":"Phường Phú Lâm","type":"Phường"},"geometry":{"type":"Polygon","coordinates":[[[106.624341,10.761111],[106.634179,10.758989],[106.637426,10.755355],[106.639774,10.749233],[106.623115,10.745141],[106.625255,10.757484],[106.624341,10.761111]]]}},{"type":"Feature","properties":{"code":"25750","name":"Phường Phú Lợi","type":"Phường"},"geometry":{"type":"Polygon","coordinates":[[[106.666704,11.005716],[106.668998,11.007487],[106.683764,10.99656],[106.687612,11.003755],[106.689043,11.005067],[106.692477,11.00398],[106.695703,11.007941],[106.702717,11.002629],[106.70716,10.996671],[106.697123,10.989969],[106.696213,10.987457],[106.701305,10.977997],[106.702261,10.9727],[106.700714,10.970705],[106.689268,10.963582],[106.671518,10.972651],[106.662959,10.991151],[106.656165,10.99277],[106.648772,10.997292],[106.64562,11.005147],[106.656535,11.008657],[106.659056,11.011645],[106.666704,11.005716]]]}},{"type":"Feature","properties":{"code":"26704","name":"Phường Phú Mỹ","type":"Phường"},"geometry":{"type":"Polygon","coordinates":[[[107.051777,10.658082],[107.06428,10.657012],[107.066767,10.653491],[107.090977,10.653198],[107.085081,10.648818],[107.078294,10.64901],[107.073512,10.643521],[107.077195,10.634472],[107.079525,10.631314],[107.081488,10.631165],[107.082663,10.627825],[107.077687,10.623759],[107.081073,10.620732],[107.081281,10.617337],[107.08435,10.616141],[107.081884,10.60887],[107.078007,10.609609],[107.076904,10.605173],[107.086966,10.601697],[107.092745,10.590247],[107.08976,10.581855],[107.078441,10.582291],[107.061532,10.575725],[107.061088,10.57755],[107.05309,10.577647],[107.048106,10.574831],[107.04725,10.577799],[107.040545,10.578024],[107.043322,10.572777],[107.040398,10.571348],[107.03528,10.572449],[107.032185,10.565996],[107.029859,10.565058],[107.03189,10.563318],[107.032321,10.559038],[107.035892,10.555746],[107.030989,10.552474],[107.031423,10.546793],[107.024949,10.545527],[107.014838,10.548151],[107.011613,10.551337],[107.010973,10.557627],[107.025895,10.581531],[107.026879,10.588195],[107.020299,10.598999],[107.017908,10.606026],[106.999296,10.62016],[106.996654,10.624801],[106.996743,10.630295],[106.99965,10.634622],[107.005367,10.637691],[107.008233,10.637111],[107.01324,10.632195],[107.015974,10.632184],[107.016946,10.633411],[107.0134,10.643656],[107.038274,10.655735],[107.051777,10.658082]]]}},{"type":"Feature","properties":{"code":"27073","name":"Phường Phú Nhuận","type":"Phường"},"geometry":{"type":"Polygon","coordinates":[[[106.677542,10.799349],[106.677869,10.794216],[106.681595,10.791135],[106.672159,10.789776],[106.670637,10.787959],[106.666792,10.789496],[106.665915,10.790965],[106.669889,10.798911],[106.667709,10.800183],[106.677542,10.799349]]]}},{"type":"Feature","properties":{"code":"27484","name":"Phường Phú Thuận","type":"Phường"},"geometry":{"type":"Polygon","coordinates":[[[106.7492,10.741796],[106.758816,10.744463],[106.769662,10.744218],[106.758134,10.729029],[106.751781,10.716668],[106.752164,10.705046],[106.74445,10.70317],[106.737825,10.703597],[106.736566,10.720609],[106.730459,10.737508],[106.744746,10.745133],[106.7492,10.741796]]]}},{"type":"Feature","properties":{"code":"27028","name":"Phường Phú Thạnh","type":"Phường"},"geometry":{"type":"Polygon","coordinates":[[[106.624757,10.760721],[106.621471,10.776541],[106.618751,10.784572],[106.634269,10.780654],[106.636026,10.781713],[106.631821,10.770275],[106.633729,10.758207],[106.624757,10.760721]]]}},{"type":"Feature","properties":{"code":"27226","name":"Phường Phú Thọ","type":"Phường"},"geometry":{"type":"Polygon","coordinates":[[[106.655905,10.778435],[106.659992,10.763833],[106.650816,10.758877],[106.651226,10.762788],[106.646448,10.765327],[106.652389,10.768938],[106.653289,10.775672],[106.655905,10.778435]]]}},{"type":"Feature","properties":{"code":"27022","name":"Phường Phú Thọ Hòa","type":"Phường"},"geometry":{"type":"Polygon","coordinates":[[[106.627285,10.795773],[106.637835,10.793131],[106.636026,10.781713],[106.634269,10.780654],[106.618751,10.784572],[106.614152,10.795712],[106.627285,10.795773]]]}},{"type":"Feature","properties":{"code":"27427","name":"Phường Phú Định","type":"Phường"},"geometry":{"type":"Polygon","coordinates":[[[106.603792,10.711026],[106.618948,10.714966],[106.620219,10.726609],[106.656932,10.747279],[106.665238,10.750158],[106.669753,10.749477],[106.662875,10.746874],[106.661657,10.74291],[106.65461,10.741127],[106.641117,10.732998],[106.636888,10.728439],[106.631595,10.717116],[106.626781,10.712467],[106.608767,10.70628],[106.603792,10.711026]]]}},{"type":"Feature","properties":{"code":"26848","name":"Phường Phước Long","type":"Phường"},"geometry":{"type":"Polygon","coordinates":[[[106.769057,10.841045],[106.771065,10.835112],[106.781683,10.827707],[106.787624,10.82123],[106.788487,10.816527],[106.787432,10.814672],[106.78988,10.814966],[106.793434,10.807894],[106.793287,10.805284],[106.789811,10.80469],[106.788483,10.801357],[106.782665,10.799562],[106.781129,10.794414],[106.776775,10.808993],[106.773116,10.807558],[106.7671,10.808225],[106.762348,10.814462],[106.756976,10.813189],[106.759487,10.82413],[106.769057,10.841045]]]}},{"type":"Feature","properties":{"code":"26542","name":"Phường Phước Thắng","type":"Phường"},"geometry":{"type":"MultiPolygon","coordinates":[[[[107.168919,10.399427],[107.168401,10.399928],[107.169296,10.399387],[107.16932,10.397282],[107.168919,10.399427]]],[[[107.183081,10.457365],[107.185495,10.457014],[107.18729,10.451143],[107.196536,10.446679],[107.198271,10.44265],[107.209859,10.43805],[107.210918,10.434193],[107.206963,10.428289],[107.211616,10.423523],[107.211814,10.420771],[107.204502,10.418406],[107.201363,10.421967],[107.194276,10.420772],[107.191477,10.428133],[107.188608,10.42887],[107.181286,10.411631],[107.172831,10.40455],[107.171332,10.401542],[107.165802,10.401829],[107.165674,10.399664],[107.154059,10.386966],[107.146493,10.384519],[107.132143,10.376505],[107.120976,10.38916],[107.123,10.394674],[107.118827,10.393946],[107.118815,10.396317],[107.12161,10.397556],[107.120835,10.39927],[107.122394,10.400131],[107.120099,10.404663],[107.121569,10.409258],[107.120203,10.414454],[107.140745,10.41693],[107.146645,10.421256],[107.150178,10.444154],[107.153663,10.44853],[107.151614,10.452705],[107.155164,10.456077],[107.15175,10.461983],[107.156764,10.466871],[107.159635,10.473332],[107.163168,10.474049],[107.165792,10.472716],[107.167425,10.464263],[107.179096,10.460955],[107.18072,10.454822],[107.183081,10.457365]]]]}},{"type":"Feature","properties":{"code":"26536","name":"Phường Rạch Dừa","type":"Phường"},"geometry":{"type":"MultiPolygon","coordinates":[[[[107.122394,10.400131],[107.120835,10.39927],[107.12161,10.397556],[107.118815,10.396317],[107.118827,10.393946],[107.123,10.394674],[107.120976,10.38916],[107.132143,10.376505],[107.120093,10.367692],[107.110524,10.380841],[107.099593,10.373461],[107.101117,10.379867],[107.097287,10.38303],[107.096157,10.388061],[107.091735,10.378679],[107.072263,10.386385],[107.077653,10.392477],[107.078963,10.391049],[107.077539,10.388033],[107.07885,10.387508],[107.080799,10.391984],[107.092451,10.387819],[107.093848,10.390405],[107.102766,10.39399],[107.104727,10.396696],[107.105271,10.404121],[107.108679,10.408482],[107.117368,10.411439],[107.118049,10.414422],[107.120203,10.414454],[107.121496,10.408861],[107.120099,10.404663],[107.122394,10.400131]]],[[[107.097978,10.402312],[107.09838,10.397268],[107.09594,10.394576],[107.094938,10.396254],[107.097978,10.402312]]],[[[107.098711,10.406097],[107.099672,10.405408],[107.098441,10.405181],[107.098711,10.406097]]],[[[107.09976,10.409746],[107.104073,10.412852],[107.102108,10.407864],[107.09976,10.409746]]]]}},{"type":"Feature","properties":{"code":"26740","name":"Phường Sài Gòn","type":"Phường"},"geometry":{"type":"Polygon","coordinates":[[[106.702652,10.767229],[106.699083,10.775793],[106.694971,10.779586],[106.698077,10.782886],[106.696021,10.78462],[106.703427,10.792731],[106.706614,10.791436],[106.708794,10.7877],[106.712392,10.787822],[106.715264,10.785246],[106.71027,10.781561],[106.708454,10.769486],[106.702652,10.767229]]]}},{"type":"Feature","properties":{"code":"26803","name":"Phường Tam Bình","type":"Phường"},"geometry":{"type":"Polygon","coordinates":[[[106.743685,10.880805],[106.748663,10.874605],[106.745071,10.87344],[106.747887,10.868205],[106.749789,10.866058],[106.751915,10.866085],[106.75166,10.858897],[106.74347,10.859976],[106.740993,10.846753],[106.739311,10.845146],[106.734357,10.849216],[106.734497,10.855172],[106.731187,10.85549],[106.729429,10.860848],[106.72694,10.861584],[106.726975,10.869315],[106.723452,10.871744],[106.721395,10.876395],[106.716111,10.877251],[106.715178,10.87977],[106.717975,10.880811],[106.716575,10.884714],[106.717538,10.887768],[106.71447,10.886781],[106.713117,10.889887],[106.717604,10.896423],[106.72745,10.890207],[106.728739,10.887466],[106.731506,10.887114],[106.731039,10.885883],[106.736692,10.884583],[106.734186,10.880517],[106.738407,10.879425],[106.739645,10.881029],[106.743685,10.880805]]]}},{"type":"Feature","properties":{"code":"26572","name":"Phường Tam Long","type":"Phường"},"geometry":{"type":"Polygon","coordinates":[[[107.228803,10.561387],[107.226666,10.55251],[107.234036,10.5496],[107.242453,10.538492],[107.246434,10.540267],[107.246543,10.537834],[107.245325,10.537943],[107.247087,10.528882],[107.243453,10.526031],[107.243993,10.523445],[107.239989,10.509867],[107.237048,10.509454],[107.2361,10.506766],[107.2279,10.505595],[107.227747,10.503951],[107.224656,10.503663],[107.224098,10.501498],[107.222591,10.501573],[107.221947,10.497967],[107.219546,10.499656],[107.214293,10.494688],[107.196916,10.499962],[107.181445,10.508955],[107.189628,10.515696],[107.185965,10.524951],[107.182625,10.527111],[107.184195,10.529669],[107.183211,10.531338],[107.184659,10.531186],[107.183446,10.537091],[107.184858,10.542153],[107.189734,10.540345],[107.193193,10.543861],[107.196451,10.544154],[107.196679,10.551099],[107.200002,10.550488],[107.200237,10.552399],[107.203491,10.554625],[107.209576,10.55352],[107.211542,10.550576],[107.213124,10.551199],[107.214147,10.554306],[107.217807,10.554002],[107.220224,10.563216],[107.228803,10.561387]]]}},{"type":"Feature","properties":{"code":"26526","name":"Phường Tam Thắng","type":"Phường"},"geometry":{"type":"Polygon","coordinates":[[[107.101042,10.378873],[107.099593,10.373461],[107.110524,10.380841],[107.119056,10.367486],[107.110935,10.360765],[107.101337,10.349537],[107.098352,10.350767],[107.09277,10.348959],[107.075505,10.361894],[107.076682,10.37022],[107.084341,10.369136],[107.079942,10.376235],[107.081575,10.378595],[107.080209,10.381349],[107.082016,10.383027],[107.091735,10.378679],[107.096157,10.388061],[107.097287,10.38303],[107.101042,10.378873]]]}},{"type":"Feature","properties":{"code":"25978","name":"Phường Thuận An","type":"Phường"},"geometry":{"type":"Polygon","coordinates":[[[106.667538,10.950001],[106.669431,10.954787],[106.668467,10.956634],[106.680017,10.961462],[106.681742,10.957304],[106.689268,10.963582],[106.699193,10.958071],[106.701654,10.955665],[106.699863,10.95403],[106.699937,10.951514],[106.706099,10.950643],[106.707286,10.947013],[106.705974,10.941278],[106.70289,10.936986],[106.692185,10.939175],[106.683735,10.928954],[106.682029,10.929967],[106.680818,10.923435],[106.668418,10.920785],[106.654396,10.928068],[106.649964,10.936323],[106.651337,10.942224],[106.657659,10.939831],[106.660994,10.946224],[106.663466,10.946762],[106.665179,10.943547],[106.667806,10.943352],[106.670086,10.946894],[106.667538,10.950001]]]}},{"type":"Feature","properties":{"code":"25969","name":"Phường Thuận Giao","type":"Phường"},"geometry":{"type":"Polygon","coordinates":[[[106.712057,10.993389],[106.717861,10.993191],[106.722909,10.990016],[106.72222,10.983981],[106.716067,10.97376],[106.725158,10.970411],[106.72739,10.967004],[106.725129,10.964643],[106.726769,10.945945],[106.723536,10.94242],[106.723532,10.939843],[106.724996,10.939831],[106.723454,10.935134],[106.718801,10.935142],[106.719013,10.931113],[106.715578,10.930985],[106.714196,10.928447],[106.711838,10.928061],[106.710797,10.932158],[106.708168,10.932722],[106.707763,10.934822],[106.70527,10.933226],[106.70289,10.936986],[106.706389,10.942886],[106.707286,10.947013],[106.706099,10.950643],[106.699937,10.951514],[106.699863,10.95403],[106.701654,10.955665],[106.696602,10.960088],[106.689268,10.963582],[106.702261,10.9727],[106.698161,10.985912],[106.696213,10.987457],[106.696615,10.989403],[106.708679,10.997529],[106.707672,10.991704],[106.710719,10.991717],[106.712057,10.993389]]]}},{"type":"Feature","properties":{"code":"26898","name":"Phường Thông Tây Hội","type":"Phường"},"geometry":{"type":"Polygon","coordinates":[[[106.664778,10.844976],[106.663418,10.83074],[106.655589,10.836014],[106.64674,10.836696],[106.647164,10.839295],[106.640122,10.844337],[106.656119,10.851439],[106.656891,10.847685],[106.664778,10.844976]]]}},{"type":"Feature","properties":{"code":"26956","name":"Phường Thạnh Mỹ Tây","type":"Phường"},"geometry":{"type":"Polygon","coordinates":[[[106.722166,10.80977],[106.7271,10.800215],[106.726251,10.792256],[106.723169,10.788068],[106.717538,10.785594],[106.708794,10.7877],[106.706348,10.791645],[106.710687,10.797249],[106.712111,10.809368],[106.71753,10.814321],[106.722166,10.80977]]]}},{"type":"Feature","properties":{"code":"26773","name":"Phường Thới An","type":"Phường"},"geometry":{"type":"Polygon","coordinates":[[[106.679528,10.903542],[106.681578,10.898457],[106.687987,10.901276],[106.689086,10.896271],[106.676935,10.875724],[106.677032,10.87036],[106.678802,10.867654],[106.675763,10.853017],[106.672872,10.860652],[106.667049,10.855964],[106.662899,10.855481],[106.652708,10.860731],[106.650866,10.859842],[106.646887,10.894783],[106.652288,10.894894],[106.65328,10.891748],[106.66278,10.893002],[106.668861,10.891582],[106.670682,10.901173],[106.679528,10.903542]]]}},{"type":"Feature","properties":{"code":"25846","name":"Phường Thới Hòa","type":"Phường"},"geometry":{"type":"Polygon","coordinates":[[[106.639504,11.133101],[106.655501,11.133293],[106.655418,11.123621],[106.658888,11.122339],[106.656627,11.107662],[106.656547,11.097061],[106.658615,11.096176],[106.658565,11.091588],[106.627879,11.076189],[106.626764,11.079236],[106.619071,11.080111],[106.615493,11.083109],[106.613598,11.078484],[106.608974,11.078109],[106.604156,11.072058],[106.593782,11.076079],[106.590848,11.083017],[106.59489,11.088244],[106.59693,11.100272],[106.591351,11.109557],[106.583749,11.115113],[106.580811,11.120448],[106.582226,11.123299],[106.588905,11.12863],[106.591555,11.128925],[106.592059,11.124587],[106.610538,11.126887],[106.61166,11.128401],[106.614679,11.12203],[106.619563,11.124131],[106.621243,11.126898],[106.630389,11.127618],[106.630735,11.118352],[106.634569,11.117147],[106.639115,11.12179],[106.639504,11.133101]]]}},{"type":"Feature","properties":{"code":"25747","name":"Phường Thủ Dầu Một","type":"Phường"},"geometry":{"type":"Polygon","coordinates":[[[106.668467,10.956634],[106.669431,10.954787],[106.667538,10.950001],[106.670086,10.946894],[106.667806,10.943352],[106.665179,10.943547],[106.663423,10.946776],[106.660858,10.946132],[106.657659,10.939831],[106.651337,10.942224],[106.652197,10.952707],[106.648896,10.9638],[106.650293,10.973879],[106.648751,10.979802],[106.645248,10.981219],[106.636913,10.977536],[106.630584,10.97868],[106.629773,10.982386],[106.634667,10.990088],[106.6442,10.989984],[106.64414,10.993529],[106.64893,10.994739],[106.649743,10.996653],[106.656165,10.99277],[106.661886,10.991923],[106.671119,10.973012],[106.689268,10.963582],[106.681742,10.957304],[106.680017,10.961462],[106.668467,10.956634]]]}},{"type":"Feature","properties":{"code":"26824","name":"Phường Thủ Đức","type":"Phường"},"geometry":{"type":"Polygon","coordinates":[[[106.744095,10.841484],[106.750065,10.851406],[106.750958,10.848971],[106.753084,10.848673],[106.755356,10.855087],[106.760933,10.860978],[106.767988,10.854872],[106.772935,10.854497],[106.774377,10.851753],[106.759249,10.823617],[106.756976,10.813189],[106.751162,10.812976],[106.751382,10.828464],[106.747533,10.833421],[106.739923,10.83557],[106.738889,10.839797],[106.744095,10.841484]]]}},{"type":"Feature","properties":{"code":"26785","name":"Phường Trung Mỹ Tây","type":"Phường"},"geometry":{"type":"Polygon","coordinates":[[[106.607246,10.855305],[106.624817,10.877153],[106.636817,10.870435],[106.630942,10.860064],[106.637595,10.855617],[106.620519,10.847066],[106.615336,10.842707],[106.607246,10.855305]]]}},{"type":"Feature","properties":{"code":"27004","name":"Phường Tân Bình","type":"Phường"},"geometry":{"type":"Polygon","coordinates":[[[106.647667,10.809192],[106.646974,10.796528],[106.645836,10.796922],[106.642839,10.789155],[106.64342,10.786685],[106.641624,10.785971],[106.634658,10.807464],[106.636167,10.806258],[106.644367,10.810989],[106.647667,10.809192]]]}},{"type":"Feature","properties":{"code":"25920","name":"Phường Tân Hiệp","type":"Phường"},"geometry":{"type":"Polygon","coordinates":[[[106.711801,11.055647],[106.708599,11.060555],[106.710433,11.058999],[106.722836,11.062653],[106.721144,11.068729],[106.724689,11.074366],[106.727473,11.07575],[106.728407,11.079562],[106.727306,11.081968],[106.728786,11.087062],[106.726072,11.093354],[106.726802,11.098242],[106.737882,11.108918],[106.741918,11.11081],[106.743936,11.110014],[106.742962,11.103856],[106.748192,11.10095],[106.748031,11.096472],[106.752568,11.096026],[106.752388,11.091579],[106.75694,11.091356],[106.757476,11.087706],[106.763962,11.092559],[106.77139,11.089669],[106.760356,11.067881],[106.767226,11.067808],[106.767708,11.058077],[106.772689,11.052282],[106.780093,11.047693],[106.780179,11.044405],[106.783208,11.043793],[106.782742,11.039666],[106.779104,11.035467],[106.780502,11.029613],[106.779567,11.02284],[106.781426,11.020037],[106.77958,11.015393],[106.778007,11.013613],[106.774891,11.015353],[106.774287,11.017972],[106.764536,11.025407],[106.759828,11.020833],[106.757534,11.015881],[106.753579,11.012785],[106.750627,11.013085],[106.75112,11.014647],[106.746547,11.016836],[106.746483,11.019247],[106.741422,11.021185],[106.736676,11.031117],[106.719389,11.034015],[106.710342,11.031823],[106.711876,11.03607],[106.714135,11.036724],[106.713187,11.040288],[106.715966,11.04002],[106.71921,11.042111],[106.71355,11.056199],[106.711801,11.055647]]]}},{"type":"Feature","properties":{"code":"26995","name":"Phường Tân Hòa","type":"Phường"},"geometry":{"type":"Polygon","coordinates":[[[106.654024,10.785069],[106.65694,10.784625],[106.660749,10.788973],[106.664621,10.786913],[106.653347,10.775783],[106.652342,10.768905],[106.648035,10.774777],[106.649763,10.777154],[106.65248,10.790272],[106.654024,10.785069]]]}},{"type":"Feature","properties":{"code":"27475","name":"Phường Tân Hưng","type":"Phường"},"geometry":{"type":"Polygon","coordinates":[[[106.715833,10.752484],[106.715928,10.738346],[106.712364,10.733992],[106.720875,10.722243],[106.718804,10.719443],[106.708477,10.719834],[106.707289,10.723862],[106.704834,10.725309],[106.698355,10.724245],[106.690193,10.725467],[106.690382,10.730468],[106.694992,10.736112],[106.691902,10.741932],[106.692852,10.745487],[106.69028,10.752017],[106.715833,10.752484]]]}},{"type":"Feature","properties":{"code":"26710","name":"Phường Tân Hải","type":"Phường"},"geometry":{"type":"Polygon","coordinates":[[[107.132738,10.556892],[107.146479,10.542672],[107.148073,10.535702],[107.140854,10.526532],[107.133285,10.510442],[107.130532,10.508531],[107.124422,10.508522],[107.123708,10.495681],[107.126692,10.493082],[107.126742,10.490614],[107.122054,10.487713],[107.121551,10.485301],[107.123109,10.483869],[107.120719,10.480816],[107.122648,10.478582],[107.120907,10.475542],[107.114926,10.477774],[107.101504,10.475053],[107.089182,10.482428],[107.075833,10.477828],[107.068831,10.484279],[107.060489,10.477369],[107.049517,10.478109],[107.044867,10.472065],[107.047252,10.483508],[107.058051,10.494171],[107.059014,10.499251],[107.062416,10.502556],[107.06222,10.505946],[107.066004,10.504985],[107.068552,10.509751],[107.074514,10.510399],[107.075462,10.513165],[107.077829,10.510486],[107.078132,10.513793],[107.08074,10.516893],[107.078739,10.519814],[107.078602,10.526129],[107.083776,10.527428],[107.085437,10.526017],[107.087898,10.528266],[107.089454,10.526344],[107.095282,10.528976],[107.095939,10.531402],[107.097567,10.530983],[107.09869,10.535241],[107.102204,10.533632],[107.103466,10.535628],[107.09895,10.540214],[107.101923,10.541751],[107.106159,10.549963],[107.110332,10.551474],[107.113861,10.556572],[107.118078,10.556373],[107.121391,10.553172],[107.132738,10.556892]]]}},{"type":"Feature","properties":{"code":"25891","name":"Phường Tân Khánh","type":"Phường"},"geometry":{"type":"Polygon","coordinates":[[[106.765479,10.975273],[106.741047,10.978076],[106.742396,10.986638],[106.730093,10.987863],[106.724705,10.991943],[106.723165,10.992173],[106.722071,10.990109],[106.717861,10.993191],[106.712474,10.993944],[106.710719,10.991717],[106.707672,10.991704],[106.708679,10.997529],[106.70716,10.996671],[106.702472,11.00222],[106.70353,11.003772],[106.70975,11.003782],[106.70741,11.005233],[106.707788,11.007802],[106.705082,11.007988],[106.70813,11.017951],[106.704588,11.030019],[106.718714,11.034012],[106.736676,11.031117],[106.741422,11.021185],[106.746483,11.019247],[106.746547,11.016836],[106.75112,11.014647],[106.750648,11.013082],[106.753579,11.012785],[106.757534,11.015881],[106.759828,11.020833],[106.764536,11.025407],[106.767905,11.023365],[106.778007,11.013613],[106.774623,11.004195],[106.781931,10.986989],[106.795499,10.974882],[106.796276,10.972357],[106.783408,10.965419],[106.779069,10.974834],[106.772193,10.976843],[106.768869,10.980497],[106.767217,10.980812],[106.765279,10.978336],[106.765479,10.975273]]]}},{"type":"Feature","properties":{"code":"27487","name":"Phường Tân Mỹ","type":"Phường"},"geometry":{"type":"Polygon","coordinates":[[[106.715928,10.738346],[106.730459,10.737508],[106.736566,10.720609],[106.737866,10.704907],[106.73291,10.697988],[106.72634,10.699727],[106.724845,10.705158],[106.725648,10.71022],[106.723169,10.714826],[106.724959,10.720286],[106.718939,10.723906],[106.712364,10.733992],[106.715928,10.738346]]]}},{"type":"Feature","properties":{"code":"27031","name":"Phường Tân Phú","type":"Phường"},"geometry":{"type":"Polygon","coordinates":[[[106.631821,10.770275],[106.638283,10.795784],[106.64311,10.781798],[106.647693,10.775241],[106.644011,10.774828],[106.637575,10.76899],[106.63559,10.769558],[106.63573,10.762841],[106.634179,10.758989],[106.632596,10.760531],[106.631821,10.770275]]]}},{"type":"Feature","properties":{"code":"26713","name":"Phường Tân Phước","type":"Phường"},"geometry":{"type":"MultiPolygon","coordinates":[[[[107.017066,10.483106],[107.010467,10.485426],[107.005545,10.489227],[107.010703,10.491716],[107.012083,10.48996],[107.011077,10.491544],[107.0115,10.492292],[107.012497,10.490107],[107.011814,10.492229],[107.013213,10.492892],[107.015155,10.492132],[107.017066,10.483106]]],[[[107.098609,10.579859],[107.102761,10.579543],[107.108622,10.563088],[107.114433,10.557556],[107.112501,10.553427],[107.106304,10.550116],[107.101923,10.541751],[107.09895,10.540214],[107.103466,10.535628],[107.102204,10.533632],[107.09869,10.535241],[107.097567,10.530983],[107.095939,10.531402],[107.095282,10.528976],[107.089454,10.526344],[107.087898,10.528266],[107.085437,10.526017],[107.083776,10.527428],[107.078602,10.526129],[107.078739,10.519814],[107.08074,10.516893],[107.078132,10.513793],[107.077829,10.510486],[107.075462,10.513165],[107.074514,10.510399],[107.068552,10.509751],[107.066004,10.504985],[107.06222,10.505946],[107.062416,10.502556],[107.059014,10.499251],[107.058051,10.494171],[107.047252,10.483508],[107.044867,10.472065],[107.039623,10.469159],[107.025983,10.475353],[107.02528,10.469782],[107.026422,10.468485],[107.025964,10.466133],[107.024746,10.466204],[107.025198,10.469387],[107.019437,10.474324],[107.022125,10.482877],[107.018849,10.486553],[107.017607,10.493242],[107.014811,10.494749],[107.007739,10.493258],[107.003226,10.495877],[107.001702,10.498978],[106.998486,10.498979],[106.997193,10.502155],[106.999239,10.50638],[107.00726,10.511318],[107.014936,10.52437],[107.027069,10.537535],[107.027452,10.541771],[107.024949,10.545527],[107.031423,10.546793],[107.030989,10.552474],[107.035892,10.555746],[107.032043,10.559483],[107.031936,10.563204],[107.029996,10.565353],[107.032185,10.565996],[107.03528,10.572449],[107.040398,10.571348],[107.043322,10.572777],[107.040545,10.578024],[107.04725,10.577799],[107.048106,10.574831],[107.05309,10.577647],[107.061088,10.57755],[107.061532,10.575725],[107.078441,10.582291],[107.08976,10.581855],[107.092745,10.590247],[107.095456,10.586169],[107.100062,10.584559],[107.098609,10.579859]]]]}},{"type":"Feature","properties":{"code":"27007","name":"Phường Tân Sơn","type":"Phường"},"geometry":{"type":"Polygon","coordinates":[[[106.653251,10.80891],[106.644367,10.810989],[106.636167,10.806258],[106.634658,10.807464],[106.630055,10.822331],[106.627901,10.82467],[106.632377,10.833035],[106.642592,10.828241],[106.646298,10.837364],[106.652204,10.836623],[106.657243,10.835323],[106.666145,10.828439],[106.678582,10.826145],[106.673223,10.822314],[106.674188,10.817973],[106.66754,10.81612],[106.666336,10.819586],[106.660605,10.81743],[106.661582,10.809759],[106.664747,10.809403],[106.664599,10.807767],[106.66159,10.808054],[106.660946,10.80394],[106.658797,10.805313],[106.657491,10.801057],[106.652552,10.801482],[106.653251,10.80891]]]}},{"type":"Feature","properties":{"code":"26977","name":"Phường Tân Sơn Hòa","type":"Phường"},"geometry":{"type":"Polygon","coordinates":[[[106.667434,10.816453],[106.674188,10.817973],[106.676121,10.815123],[106.672665,10.814078],[106.672409,10.810693],[106.670705,10.809845],[106.667537,10.800288],[106.669889,10.798911],[106.665808,10.790783],[106.659266,10.793347],[106.661057,10.796258],[106.659367,10.798849],[106.663644,10.802784],[106.664747,10.809403],[106.661582,10.809759],[106.660605,10.81743],[106.666336,10.819586],[106.667434,10.816453]]]}},{"type":"Feature","properties":{"code":"27019","name":"Phường Tân Sơn Nhì","type":"Phường"},"geometry":{"type":"Polygon","coordinates":[[[106.635778,10.803832],[106.637835,10.793131],[106.627285,10.795773],[106.614152,10.795712],[106.609858,10.80324],[106.615009,10.809295],[106.63062,10.805551],[106.632795,10.803498],[106.635778,10.803832]]]}},{"type":"Feature","properties":{"code":"26968","name":"Phường Tân Sơn Nhất","type":"Phường"},"geometry":{"type":"Polygon","coordinates":[[[106.660946,10.80394],[106.66159,10.808054],[106.664599,10.807767],[106.66357,10.802651],[106.659367,10.798849],[106.661057,10.796258],[106.659266,10.793347],[106.666735,10.789577],[106.664773,10.790089],[106.664279,10.787097],[106.660749,10.788973],[106.65694,10.784625],[106.654193,10.784475],[106.65248,10.790272],[106.653347,10.792913],[106.651762,10.793749],[106.655468,10.798761],[106.653741,10.79895],[106.653922,10.801354],[106.657491,10.801057],[106.65726,10.803458],[106.65861,10.803401],[106.658797,10.805313],[106.660946,10.80394]]]}},{"type":"Feature","properties":{"code":"27478","name":"Phường Tân Thuận","type":"Phường"},"geometry":{"type":"Polygon","coordinates":[[[106.743996,10.776262],[106.751781,10.769424],[106.753008,10.764076],[106.751781,10.759933],[106.745282,10.751163],[106.744746,10.745133],[106.730459,10.737508],[106.715928,10.738346],[106.715833,10.752484],[106.719431,10.753993],[106.722084,10.759279],[106.731783,10.760803],[106.73627,10.776109],[106.740395,10.777574],[106.743996,10.776262]]]}},{"type":"Feature","properties":{"code":"26725","name":"Phường Tân Thành","type":"Phường"},"geometry":{"type":"Polygon","coordinates":[[[107.16372,10.710365],[107.166486,10.707135],[107.164742,10.700138],[107.16658,10.687479],[107.165312,10.684181],[107.159783,10.68049],[107.159498,10.677546],[107.166739,10.666343],[107.165078,10.657117],[107.167422,10.655249],[107.166147,10.649498],[107.168104,10.64796],[107.164205,10.641319],[107.164324,10.634982],[107.166033,10.632699],[107.166587,10.62703],[107.168989,10.624284],[107.166745,10.619475],[107.160019,10.619979],[107.157827,10.615202],[107.15364,10.618876],[107.144866,10.614771],[107.144225,10.616829],[107.138133,10.616795],[107.139349,10.619585],[107.142597,10.621604],[107.131308,10.619886],[107.130577,10.621688],[107.12729,10.622579],[107.125734,10.620372],[107.121487,10.620676],[107.121377,10.618334],[107.111405,10.61972],[107.112604,10.627507],[107.100775,10.626298],[107.094066,10.629327],[107.082665,10.627754],[107.081488,10.631165],[107.079525,10.631314],[107.077195,10.634472],[107.073512,10.643521],[107.075321,10.646542],[107.078652,10.649103],[107.086619,10.649446],[107.090977,10.653198],[107.096525,10.651956],[107.101861,10.663267],[107.107111,10.665063],[107.110996,10.669665],[107.116584,10.670357],[107.121332,10.673162],[107.122646,10.679337],[107.125066,10.682453],[107.13384,10.685122],[107.134199,10.694928],[107.139746,10.70959],[107.159833,10.710417],[107.165579,10.716473],[107.16372,10.710365]]]}},{"type":"Feature","properties":{"code":"26782","name":"Phường Tân Thới Hiệp","type":"Phường"},"geometry":{"type":"Polygon","coordinates":[[[106.646915,10.894511],[106.650866,10.859842],[106.647173,10.858091],[106.646408,10.854529],[106.64296,10.852165],[106.638536,10.85434],[106.639335,10.856556],[106.637595,10.855617],[106.630942,10.860064],[106.636817,10.870435],[106.624817,10.877153],[106.62787,10.881178],[106.625252,10.883341],[106.629086,10.886241],[106.631799,10.891741],[106.640272,10.891924],[106.646915,10.894511]]]}},{"type":"Feature","properties":{"code":"27457","name":"Phường Tân Tạo","type":"Phường"},"geometry":{"type":"Polygon","coordinates":[[[106.575476,10.732488],[106.558786,10.736424],[106.559132,10.748179],[106.573391,10.760395],[106.592003,10.756401],[106.590648,10.765236],[106.596163,10.76167],[106.598709,10.762776],[106.603297,10.761805],[106.603031,10.758831],[106.606598,10.75796],[106.605811,10.752189],[106.604063,10.751937],[106.6041,10.745437],[106.597542,10.743589],[106.602689,10.734881],[106.600819,10.722061],[106.593302,10.725892],[106.577478,10.730423],[106.578155,10.733696],[106.575476,10.732488]]]}},{"type":"Feature","properties":{"code":"25888","name":"Phường Tân Uyên","type":"Phường"},"geometry":{"type":"Polygon","coordinates":[[[106.809561,11.173946],[106.811114,11.167852],[106.823934,11.166067],[106.824846,11.155243],[106.828592,11.153707],[106.828584,11.149651],[106.826117,11.14918],[106.826421,11.13743],[106.822199,11.137147],[106.82373,11.119055],[106.822206,11.1189],[106.821299,11.112911],[106.823928,11.10178],[106.823056,11.09587],[106.825488,11.091675],[106.828455,11.088781],[106.836421,11.086802],[106.858001,11.094471],[106.875699,11.093305],[106.866459,11.077866],[106.867891,11.074987],[106.861845,11.062032],[106.853988,11.0582],[106.849482,11.052401],[106.850709,11.049808],[106.848439,11.050662],[106.837034,11.045619],[106.829666,11.062353],[106.825906,11.065179],[106.821782,11.065239],[106.799915,11.058139],[106.799372,11.053463],[106.807713,11.047147],[106.811301,11.041838],[106.813186,11.034899],[106.812477,11.030526],[106.809012,11.026291],[106.792661,11.022639],[106.784881,11.017749],[106.782984,11.012926],[106.777173,11.008883],[106.777281,11.012143],[106.781419,11.019591],[106.779567,11.02284],[106.780502,11.029613],[106.779104,11.035467],[106.782742,11.039666],[106.783208,11.043793],[106.780179,11.044405],[106.780093,11.047693],[106.772689,11.052282],[106.767708,11.058077],[106.767226,11.067808],[106.760356,11.067881],[106.774312,11.095322],[106.778831,11.095442],[106.778884,11.113799],[106.783286,11.113721],[106.784619,11.13496],[106.783555,11.136952],[106.779392,11.133817],[106.779939,11.140739],[106.773813,11.14075],[106.773514,11.154739],[106.778256,11.154831],[106.782374,11.160652],[106.787349,11.16306],[106.791858,11.162319],[106.800779,11.164835],[106.807048,11.172989],[106.809561,11.173946]]]}},{"type":"Feature","properties":{"code":"25945","name":"Phường Tân Đông Hiệp","type":"Phường"},"geometry":{"type":"Polygon","coordinates":[[[106.802032,10.919861],[106.794628,10.906492],[106.782986,10.910052],[106.778327,10.913032],[106.76871,10.915854],[106.765213,10.924994],[106.755921,10.929713],[106.749481,10.939516],[106.74535,10.953106],[106.753926,10.967575],[106.751513,10.967138],[106.74895,10.970864],[106.749966,10.977174],[106.765479,10.975273],[106.765036,10.977922],[106.767217,10.980812],[106.772193,10.976843],[106.780154,10.973694],[106.782696,10.964317],[106.773616,10.959212],[106.771297,10.965282],[106.766614,10.963505],[106.763629,10.964799],[106.762001,10.961943],[106.765154,10.958547],[106.762671,10.953271],[106.766193,10.951732],[106.770236,10.952511],[106.771117,10.95127],[106.76927,10.947665],[106.770693,10.942873],[106.776494,10.938437],[106.778302,10.9391],[106.777584,10.937583],[106.779118,10.936856],[106.782,10.938263],[106.784049,10.932603],[106.79072,10.931894],[106.791785,10.926702],[106.788147,10.922148],[106.794415,10.923689],[106.798854,10.9219],[106.802032,10.919861]]]}},{"type":"Feature","properties":{"code":"26737","name":"Phường Tân Định","type":"Phường"},"geometry":{"type":"Polygon","coordinates":[[[106.696021,10.78462],[106.686139,10.792528],[106.68508,10.796744],[106.687298,10.79485],[106.690956,10.795785],[106.694882,10.793456],[106.703427,10.792731],[106.696021,10.78462]]]}},{"type":"Feature","properties":{"code":"25843","name":"Phường Tây Nam","type":"Phường"},"geometry":{"type":"Polygon","coordinates":[[[106.573363,11.079229],[106.567054,11.076011],[106.568262,11.075256],[106.567294,11.07335],[106.566312,11.07374],[106.561399,11.064236],[106.555828,11.057418],[106.560579,11.052782],[106.558749,11.045501],[106.550087,11.046179],[106.545869,11.052263],[106.534406,11.057568],[106.529334,11.066038],[106.525291,11.069508],[106.523883,11.073837],[106.526802,11.080871],[106.533432,11.087918],[106.533635,11.090596],[106.530024,11.092376],[106.522844,11.089947],[106.516211,11.100382],[106.526176,11.105634],[106.52783,11.114671],[106.526617,11.121191],[106.521264,11.121934],[106.516042,11.125546],[106.507553,11.141884],[106.501486,11.140271],[106.489526,11.14465],[106.482378,11.142357],[106.472011,11.143397],[106.467408,11.148105],[106.470967,11.154448],[106.463433,11.159968],[106.458945,11.158565],[106.455887,11.160231],[106.45195,11.156638],[106.451844,11.151807],[106.456712,11.15337],[106.458184,11.150852],[106.456184,11.140947],[106.452395,11.137048],[106.444085,11.136098],[106.436722,11.140454],[106.429852,11.148855],[106.433004,11.151001],[106.43685,11.157883],[106.433134,11.165472],[106.431573,11.173227],[106.428991,11.17432],[106.433759,11.179438],[106.431886,11.188356],[106.463144,11.195184],[106.479218,11.204887],[106.47811104760483,11.209051820965902],[106.516924,11.219411],[106.518226,11.217792],[106.51774,11.214345],[106.521172,11.210472],[106.52166,11.203827],[106.519605,11.200494],[106.522278,11.197358],[106.521525,11.192958],[106.523282,11.190684],[106.523301,11.186699],[106.528637,11.178792],[106.532256,11.17775],[106.531667,11.173537],[106.53409,11.169682],[106.538688,11.166957],[106.543926,11.166548],[106.544448,11.159839],[106.542096,11.159147],[106.548569,11.137709],[106.549439,11.136251],[106.550979,11.136691],[106.551545,11.133175],[106.554358,11.133186],[106.554393,11.126016],[106.562144,11.126077],[106.561893,11.10073],[106.568014,11.100811],[106.567967,11.08577],[106.573363,11.079229]]]}},{"type":"Feature","properties":{"code":"27013","name":"Phường Tây Thạnh","type":"Phường"},"geometry":{"type":"Polygon","coordinates":[[[106.621287,10.81835],[106.627901,10.82467],[106.629549,10.82316],[106.635778,10.803832],[106.632795,10.803498],[106.63062,10.805551],[106.615009,10.809295],[106.609858,10.80324],[106.607356,10.807934],[106.607902,10.81288],[106.616223,10.819014],[106.621287,10.81835]]]}},{"type":"Feature","properties":{"code":"26842","name":"Phường Tăng Nhơn Phú","type":"Phường"},"geometry":{"type":"Polygon","coordinates":[[[106.814033,10.870082],[106.813699,10.850179],[106.808685,10.848992],[106.81696,10.841309],[106.816472,10.840234],[106.820288,10.838729],[106.826064,10.825961],[106.815576,10.830724],[106.811674,10.83026],[106.804268,10.82537],[106.802878,10.820607],[106.799026,10.82108],[106.787432,10.814672],[106.788487,10.816527],[106.787364,10.821568],[106.773728,10.834371],[106.771065,10.835112],[106.771265,10.83942],[106.769057,10.841045],[106.771772,10.845826],[106.775902,10.85083],[106.80358,10.867335],[106.807619,10.871707],[106.814033,10.870082]]]}},{"type":"Feature","properties":{"code":"27286","name":"Phường Vĩnh Hội","type":"Phường"},"geometry":{"type":"Polygon","coordinates":[[[106.70106,10.756217],[106.70605,10.756161],[106.705098,10.752392],[106.686631,10.751925],[106.696941,10.761706],[106.70106,10.756217]]]}},{"type":"Feature","properties":{"code":"25912","name":"Phường Vĩnh Tân","type":"Phường"},"geometry":{"type":"Polygon","coordinates":[[[106.729142,11.190314],[106.730407,11.192395],[106.732392,11.192418],[106.73226,11.197057],[106.734578,11.19977],[106.746722,11.20007],[106.752222,11.209324],[106.758102,11.210537],[106.75856,11.190844],[106.762517,11.190387],[106.761575,11.188491],[106.759993,11.188902],[106.754709,11.185188],[106.753265,11.181822],[106.72512,11.180349],[106.712583,11.148903],[106.713162,11.136876],[106.71615,11.140727],[106.71919,11.141781],[106.719151,11.139812],[106.724129,11.136809],[106.727481,11.138369],[106.7279,11.135985],[106.732352,11.136362],[106.732678,11.133536],[106.735605,11.134731],[106.737189,11.130679],[106.73708,11.128421],[106.735591,11.128703],[106.736638,11.124779],[106.73393,11.120726],[106.737596,11.120196],[106.735371,11.116952],[106.73807,11.114974],[106.737772,11.108716],[106.726802,11.098242],[106.726072,11.093354],[106.728793,11.086961],[106.727306,11.081968],[106.728152,11.077576],[106.722492,11.071214],[106.721047,11.065319],[106.718139,11.068275],[106.713657,11.080047],[106.706788,11.088111],[106.700765,11.092335],[106.695679,11.10053],[106.692847,11.102301],[106.693535,11.118496],[106.683324,11.141029],[106.682127,11.155052],[106.680108,11.155269],[106.680411,11.157559],[106.67901,11.157779],[106.683624,11.18262],[106.695846,11.194125],[106.696922,11.19684],[106.699343,11.196718],[106.703814,11.200612],[106.707747,11.201753],[106.721715,11.202812],[106.724678,11.18957],[106.729142,11.190314]]]}},{"type":"Feature","properties":{"code":"26506","name":"Phường Vũng Tàu","type":"Phường"},"geometry":{"type":"Polygon","coordinates":[[[107.06299,10.386936],[107.068222,10.381008],[107.07248,10.383153],[107.07705,10.383041],[107.077683,10.384564],[107.082016,10.383027],[107.080209,10.381349],[107.081575,10.378595],[107.079942,10.376235],[107.084341,10.369136],[107.076682,10.37022],[107.075505,10.361894],[107.09277,10.348959],[107.098352,10.350767],[107.101337,10.349537],[107.094005,10.339994],[107.08368,10.320285],[107.080726,10.327439],[107.073899,10.330861],[107.071532,10.334679],[107.070793,10.339335],[107.073926,10.341721],[107.073477,10.3459],[107.069842,10.349431],[107.065976,10.350407],[107.059934,10.357354],[107.062573,10.367404],[107.055519,10.373862],[107.054852,10.377863],[107.05829,10.386378],[107.06299,10.386936]]]}},{"type":"Feature","properties":{"code":"27190","name":"Phường Vườn Lài","type":"Phường"},"geometry":{"type":"Polygon","coordinates":[[[106.682762,10.775901],[106.674404,10.767685],[106.681653,10.76543],[106.674704,10.761086],[106.66893,10.759907],[106.667124,10.767689],[106.679573,10.774948],[106.681651,10.77784],[106.682762,10.775901]]]}},{"type":"Feature","properties":{"code":"27139","name":"Phường Xuân Hòa","type":"Phường"},"geometry":{"type":"Polygon","coordinates":[[[106.68196,10.795823],[106.698077,10.782886],[106.68941,10.773624],[106.683714,10.776722],[106.682762,10.775901],[106.681651,10.77784],[106.684474,10.78437],[106.681327,10.785922],[106.68353,10.787951],[106.681578,10.788881],[106.681968,10.791563],[106.680005,10.792958],[106.68196,10.795823]]]}},{"type":"Feature","properties":{"code":"27259","name":"Phường Xóm Chiếu","type":"Phường"},"geometry":{"type":"Polygon","coordinates":[[[106.707416,10.752437],[106.711148,10.758831],[106.701192,10.765324],[106.70347,10.767896],[106.708454,10.769486],[106.713068,10.763316],[106.722084,10.759279],[106.717453,10.752766],[106.707416,10.752437]]]}},{"type":"Feature","properties":{"code":"25951","name":"Phường Đông Hòa","type":"Phường"},"geometry":{"type":"Polygon","coordinates":[[[106.825947,10.896286],[106.808589,10.873037],[106.805296,10.875117],[106.798684,10.872051],[106.79491,10.873535],[106.788933,10.871949],[106.787773,10.867972],[106.788854,10.867163],[106.779964,10.868404],[106.781907,10.874291],[106.781294,10.87952],[106.768575,10.894042],[106.769043,10.900584],[106.770728,10.902349],[106.772291,10.901796],[106.773257,10.905104],[106.782392,10.904565],[106.789097,10.901653],[106.790958,10.904776],[106.794359,10.905596],[106.796451,10.911882],[106.802032,10.919861],[106.805281,10.920739],[106.81204,10.917576],[106.811484,10.915326],[106.815074,10.910406],[106.814755,10.904321],[106.816394,10.902938],[106.823942,10.902896],[106.832253,10.906828],[106.834549,10.90366],[106.838914,10.903363],[106.83943,10.901602],[106.825947,10.896286]]]}},{"type":"Feature","properties":{"code":"26791","name":"Phường Đông Hưng Thuận","type":"Phường"},"geometry":{"type":"Polygon","coordinates":[[[106.629031,10.826105],[106.623445,10.819204],[106.619396,10.818084],[106.603302,10.826287],[106.608063,10.836009],[106.619197,10.846129],[106.639335,10.856556],[106.638536,10.85434],[106.641114,10.853863],[106.642866,10.85112],[106.633855,10.844875],[106.633638,10.841229],[106.632167,10.840165],[106.632674,10.834015],[106.629031,10.826105]]]}},{"type":"Feature","properties":{"code":"27043","name":"Phường Đức Nhuận","type":"Phường"},"geometry":{"type":"Polygon","coordinates":[[[106.675925,10.811281],[106.680387,10.811946],[106.683977,10.809992],[106.683894,10.807017],[106.688486,10.805643],[106.687903,10.803722],[106.685194,10.803849],[106.680266,10.799192],[106.667537,10.800288],[106.672665,10.814078],[106.675925,10.811281]]]}},{"type":"Feature","properties":{"code":"25867","name":"Xã An Long","type":"Xã"},"geometry":{"type":"Polygon","coordinates":[[[106.700834,11.398205],[106.710243,11.392279],[106.714661,11.384296],[106.718152,11.382261],[106.718319,11.383912],[106.719896,11.384009],[106.723431,11.379866],[106.727681,11.381337],[106.729176,11.376375],[106.733809,11.37343],[106.732073,11.367268],[106.734784,11.352159],[106.731187,11.345409],[106.735005,11.340798],[106.735416,11.332036],[106.737431,11.330573],[106.729325,11.327865],[106.731638,11.319402],[106.723956,11.312008],[106.725315,11.306761],[106.728053,11.305925],[106.733906,11.299114],[106.731559,11.287599],[106.739614,11.281094],[106.740509,11.278506],[106.737988,11.272178],[106.735582,11.272842],[106.73262,11.270944],[106.730086,11.272657],[106.730839,11.277287],[106.726639,11.279917],[106.721911,11.280007],[106.726662,11.270934],[106.727806,11.264024],[106.730248,11.262908],[106.72909,11.2599],[106.726006,11.260327],[106.717233,11.256946],[106.71241,11.259201],[106.707032,11.253748],[106.707057,11.251962],[106.681807,11.248909],[106.683517,11.305933],[106.678434,11.316551],[106.670681,11.312456],[106.662746,11.319142],[106.658106,11.318967],[106.649961,11.326079],[106.646319,11.330313],[106.646022,11.338071],[106.643715,11.341355],[106.659104,11.356015],[106.665524,11.354057],[106.674125,11.35472],[106.677471,11.36412],[106.677502,11.372858],[106.678954,11.375545],[106.677871,11.380174],[106.675691,11.382224],[106.67904,11.385025],[106.673316,11.401206],[106.675816,11.401805],[106.677442,11.397933],[106.683916,11.398495],[106.686393,11.395482],[106.69299,11.39948],[106.693062,11.40177],[106.697366,11.402999],[106.700834,11.398205]]]}},{"type":"Feature","properties":{"code":"27508","name":"Xã An Nhơn Tây","type":"Xã"},"geometry":{"type":"Polygon","coordinates":[[[106.456304,11.160236],[106.458945,11.158565],[106.463696,11.159894],[106.470509,11.155085],[106.470959,11.153268],[106.467423,11.147985],[106.472453,11.143168],[106.482378,11.142357],[106.489526,11.14465],[106.501486,11.140271],[106.507761,11.14175],[106.516042,11.125546],[106.521173,11.121972],[106.526862,11.120633],[106.52783,11.114671],[106.526176,11.105634],[106.51652,11.101595],[106.516582,11.099054],[106.522844,11.089947],[106.530361,11.09239],[106.533834,11.089882],[106.525839,11.079335],[106.523883,11.073837],[106.520899,11.074454],[106.513965,11.07203],[106.513234,11.068478],[106.509917,11.065068],[106.498032,11.06346],[106.488206,11.059552],[106.475911,11.050285],[106.476138,11.048747],[106.470735,11.043454],[106.468256,11.046104],[106.461838,11.048416],[106.455942,11.056],[106.452265,11.072068],[106.451766,11.082358],[106.445252,11.097086],[106.447006,11.099258],[106.444774,11.104371],[106.437129,11.110241],[106.442549,11.116026],[106.444795,11.126578],[106.448415,11.130804],[106.447762,11.136002],[106.4528,11.137401],[106.457886,11.145107],[106.45763,11.152772],[106.453084,11.151532],[106.451521,11.15289],[106.452474,11.157705],[106.456304,11.160236]]]}},{"type":"Feature","properties":{"code":"27673","name":"Xã An Thới Đông","type":"Xã"},"geometry":{"type":"Polygon","coordinates":[[[106.81913,10.601727],[106.825726,10.584169],[106.834579,10.581528],[106.838076,10.570385],[106.838564,10.558464],[106.849649,10.550772],[106.850128,10.547102],[106.848245,10.542715],[106.849438,10.539665],[106.863678,10.533332],[106.872653,10.523268],[106.87065,10.513756],[106.866825,10.508969],[106.872668,10.504839],[106.873257,10.502351],[106.870999,10.49898],[106.865943,10.497117],[106.863803,10.49465],[106.867075,10.48834],[106.861912,10.47567],[106.863885,10.470145],[106.87251,10.463852],[106.87303,10.459878],[106.865624,10.450206],[106.858077,10.429456],[106.864325,10.407091],[106.85087,10.404989],[106.83383,10.395977],[106.829375,10.397169],[106.807813,10.395847],[106.805358,10.407808],[106.780754,10.429772],[106.762866,10.451099],[106.751779,10.467732],[106.743254,10.487656],[106.742368,10.493243],[106.748357,10.525201],[106.74181,10.56375],[106.741947,10.568906],[106.744713,10.574319],[106.749791,10.579532],[106.753912,10.58092],[106.759987,10.58058],[106.772628,10.576382],[106.780396,10.578956],[106.783613,10.585541],[106.783635,10.592184],[106.778166,10.604851],[106.787356,10.618115],[106.791363,10.617595],[106.793184,10.615787],[106.790267,10.609717],[106.792226,10.606918],[106.802966,10.615191],[106.809275,10.615768],[106.810987,10.612034],[106.805845,10.608252],[106.805642,10.606049],[106.81173,10.604669],[106.814861,10.609176],[106.817378,10.609669],[106.818384,10.608065],[106.816634,10.603158],[106.81913,10.601727]]]}},{"type":"Feature","properties":{"code":"27592","name":"Xã Bà Điểm","type":"Xã"},"geometry":{"type":"Polygon","coordinates":[[[106.610751,10.876894],[106.615514,10.867354],[106.607246,10.855305],[106.615336,10.842707],[106.607921,10.835817],[106.603302,10.826287],[106.593578,10.827501],[106.595165,10.829798],[106.593002,10.829398],[106.59049,10.832003],[106.581998,10.832784],[106.576522,10.838368],[106.575772,10.842593],[106.569251,10.842802],[106.56455,10.840772],[106.562378,10.844724],[106.555825,10.843065],[106.54522,10.844759],[106.544805,10.843089],[106.528684,10.847498],[106.53486,10.871886],[106.557936,10.868277],[106.567021,10.871802],[106.575563,10.867058],[106.577027,10.865436],[106.577407,10.859755],[106.580438,10.857784],[106.588968,10.859194],[106.595468,10.863443],[106.597972,10.858083],[106.604226,10.855526],[106.606187,10.856882],[106.601279,10.863804],[106.604908,10.865307],[106.60467,10.867661],[106.607264,10.871037],[106.606094,10.872026],[106.606893,10.874987],[106.608728,10.874554],[106.610751,10.876894]]]}},{"type":"Feature","properties":{"code":"25822","name":"Xã Bàu Bàng","type":"Xã"},"geometry":{"type":"Polygon","coordinates":[[[106.646427,11.330162],[106.658106,11.318967],[106.662746,11.319142],[106.670681,11.312456],[106.678434,11.316551],[106.683734,11.304447],[106.68285,11.281596],[106.673412,11.281781],[106.67358,11.286498],[106.668826,11.286521],[106.66871,11.281962],[106.664779,11.282113],[106.664884,11.284466],[106.63939,11.2838],[106.640889,11.278495],[106.637854,11.26836],[106.641927,11.255206],[106.641052,11.230759],[106.643109,11.227106],[106.639869,11.217556],[106.631036,11.212643],[106.635034,11.228877],[106.63181,11.229498],[106.631557,11.228092],[106.63011,11.228351],[106.630371,11.229803],[106.620537,11.230565],[106.618427,11.234184],[106.619902,11.250724],[106.586187,11.244513],[106.589859,11.250467],[106.588313,11.262924],[106.576492,11.261679],[106.574605,11.26597],[106.573614,11.265631],[106.567392,11.292419],[106.576641,11.294834],[106.581373,11.293324],[106.586346,11.293928],[106.58625,11.322769],[106.584292,11.324892],[106.586758,11.327492],[106.586787,11.333261],[106.590878,11.334237],[106.595071,11.331528],[106.602944,11.332422],[106.610115,11.326003],[106.617598,11.331285],[106.622983,11.3326],[106.641569,11.327513],[106.646427,11.330162]]]}},{"type":"Feature","properties":{"code":"26638","name":"Xã Bàu Lâm","type":"Xã"},"geometry":{"type":"Polygon","coordinates":[[[107.445564,10.804518],[107.453744,10.802998],[107.45776,10.796191],[107.457544,10.791305],[107.471821,10.793753],[107.474948,10.788678],[107.476669,10.781298],[107.48505,10.768356],[107.495831,10.767443],[107.504871,10.771404],[107.496688,10.760778],[107.476295,10.756274],[107.476102,10.753522],[107.471938,10.749165],[107.47224,10.745261],[107.470541,10.741872],[107.463287,10.741221],[107.462136,10.73707],[107.455841,10.731588],[107.443394,10.729366],[107.447965,10.687864],[107.453367,10.687581],[107.453739,10.678279],[107.405809,10.678732],[107.40589,10.669427],[107.396933,10.669528],[107.394994,10.672586],[107.390865,10.67463],[107.386527,10.675501],[107.386002,10.672908],[107.382962,10.673186],[107.372152,10.677866],[107.367664,10.674233],[107.355926,10.671914],[107.350734,10.68434],[107.352853,10.697055],[107.349392,10.70652],[107.35138,10.710548],[107.356352,10.712917],[107.359855,10.719764],[107.360841,10.72786],[107.363583,10.731069],[107.366115,10.730536],[107.3683,10.733235],[107.371592,10.731589],[107.370955,10.734321],[107.376341,10.737626],[107.378285,10.742151],[107.37984,10.741163],[107.380443,10.747554],[107.383174,10.747889],[107.383057,10.751163],[107.389242,10.756673],[107.391549,10.755486],[107.393914,10.762749],[107.397343,10.763076],[107.400793,10.769029],[107.404566,10.769612],[107.408215,10.774196],[107.410549,10.774917],[107.418471,10.772432],[107.41909,10.771038],[107.419444,10.775016],[107.421587,10.776754],[107.420564,10.777697],[107.422296,10.778066],[107.426237,10.78446],[107.426243,10.787773],[107.430714,10.788212],[107.434403,10.793211],[107.435728,10.792835],[107.434881,10.794092],[107.438224,10.800174],[107.44235,10.801416],[107.445564,10.804518]]]}},{"type":"Feature","properties":{"code":"27637","name":"Xã Bình Chánh","type":"Xã"},"geometry":{"type":"Polygon","coordinates":[[[106.623718,10.692983],[106.621984,10.692163],[106.601536,10.651125],[106.595221,10.653771],[106.595714,10.651104],[106.591737,10.650083],[106.590421,10.653113],[106.584055,10.653654],[106.583271,10.655385],[106.579711,10.65612],[106.577888,10.653301],[106.579553,10.651869],[106.579111,10.649799],[106.575421,10.6491],[106.57335,10.649828],[106.573505,10.654183],[106.566244,10.656453],[106.5653,10.652296],[106.559017,10.651881],[106.557867,10.648551],[106.555575,10.650902],[106.555872,10.656954],[106.54892,10.657458],[106.55319,10.665697],[106.553557,10.668684],[106.552058,10.670579],[106.554349,10.675963],[106.558323,10.675725],[106.561325,10.673427],[106.562779,10.674104],[106.562227,10.677426],[106.569464,10.679809],[106.56994,10.673057],[106.57454,10.672006],[106.57683,10.673443],[106.577862,10.671334],[106.59202,10.684247],[106.594529,10.689789],[106.621872,10.697453],[106.623718,10.692983]]]}},{"type":"Feature","properties":{"code":"26656","name":"Xã Bình Châu","type":"Xã"},"geometry":{"type":"Polygon","coordinates":[[[107.550589,10.651409],[107.556244,10.64513],[107.555521,10.641763],[107.556936,10.639115],[107.562479,10.633525],[107.562249,10.627864],[107.568233,10.619024],[107.5676,10.615848],[107.563436,10.615218],[107.565082,10.613814],[107.564386,10.608307],[107.565931,10.605381],[107.571928,10.6002],[107.567716,10.585564],[107.569636,10.579676],[107.570291,10.568076],[107.563268,10.564365],[107.564798,10.564798],[107.555323,10.555096],[107.548241,10.542559],[107.547616,10.544461],[107.541878,10.539674],[107.535788,10.530748],[107.528251,10.52342],[107.515411,10.503182],[107.512515,10.500924],[107.508138,10.500514],[107.509921,10.542932],[107.50858,10.55274],[107.518565,10.560035],[107.517018,10.563355],[107.513196,10.565134],[107.511744,10.569261],[107.511891,10.581756],[107.509311,10.589372],[107.506191,10.590319],[107.502855,10.595368],[107.504592,10.600452],[107.50016,10.60671],[107.490957,10.644723],[107.502108,10.649272],[107.506751,10.648988],[107.511064,10.645784],[107.517143,10.648109],[107.522249,10.646844],[107.526959,10.64808],[107.53236,10.644412],[107.549837,10.656362],[107.551339,10.653696],[107.550589,10.651409]]]}},{"type":"Feature","properties":{"code":"26590","name":"Xã Bình Giã","type":"Xã"},"geometry":{"type":"Polygon","coordinates":[[[107.301738,10.745697],[107.30287,10.732488],[107.305341,10.728478],[107.302981,10.728316],[107.304567,10.727599],[107.300887,10.719022],[107.305419,10.713096],[107.299869,10.703958],[107.300871,10.701813],[107.305554,10.699193],[107.307754,10.694135],[107.303598,10.69111],[107.304748,10.68852],[107.299397,10.686257],[107.29979,10.683841],[107.315929,10.669218],[107.321982,10.670129],[107.319815,10.666458],[107.318628,10.667247],[107.314866,10.66543],[107.31339,10.661692],[107.308097,10.656649],[107.303809,10.658209],[107.302028,10.654629],[107.305997,10.643312],[107.299267,10.644215],[107.299467,10.63981],[107.295712,10.638853],[107.297403,10.636912],[107.296962,10.632877],[107.303268,10.625164],[107.305765,10.6183],[107.30214,10.618435],[107.285881,10.607817],[107.280701,10.613267],[107.277711,10.608073],[107.275974,10.610656],[107.272319,10.610121],[107.266841,10.613181],[107.265351,10.611553],[107.260771,10.615822],[107.257792,10.627],[107.25293,10.628156],[107.249624,10.630994],[107.245501,10.630166],[107.24322,10.631472],[107.245015,10.636958],[107.250726,10.639397],[107.253703,10.650672],[107.256906,10.655178],[107.258036,10.667873],[107.26111,10.667231],[107.262136,10.671105],[107.266403,10.669143],[107.267852,10.678238],[107.269429,10.680173],[107.267586,10.683444],[107.265243,10.68417],[107.264171,10.688308],[107.266594,10.691546],[107.26599,10.693002],[107.269284,10.694247],[107.268616,10.695673],[107.26112,10.699666],[107.260905,10.705077],[107.258597,10.708435],[107.253746,10.711164],[107.251334,10.710763],[107.249636,10.718534],[107.280345,10.719392],[107.282531,10.728931],[107.280185,10.731016],[107.279244,10.735385],[107.274865,10.735239],[107.27954,10.741776],[107.283906,10.740213],[107.298248,10.746508],[107.299491,10.750432],[107.304126,10.749324],[107.301738,10.745697]]]}},{"type":"Feature","properties":{"code":"27619","name":"Xã Bình Hưng","type":"Xã"},"geometry":{"type":"Polygon","coordinates":[[[106.628007,10.6996],[106.64223,10.727713],[106.663341,10.733928],[106.665698,10.734197],[106.665968,10.732411],[106.673855,10.737514],[106.676612,10.735118],[106.681599,10.734434],[106.682992,10.739381],[106.691524,10.741337],[106.694114,10.738516],[106.694582,10.735039],[106.690382,10.730468],[106.688694,10.71226],[106.685985,10.711566],[106.680824,10.7145],[106.673417,10.704337],[106.674402,10.702214],[106.67328,10.692188],[106.681344,10.67802],[106.678443,10.668931],[106.669465,10.670859],[106.66444,10.678444],[106.658087,10.679513],[106.654942,10.678224],[106.653626,10.682587],[106.649794,10.68264],[106.651844,10.687555],[106.644755,10.686692],[106.638438,10.682971],[106.638714,10.68142],[106.633614,10.680017],[106.629715,10.682304],[106.62857,10.689185],[106.624443,10.691895],[106.621889,10.697093],[106.628007,10.6996]]]}},{"type":"Feature","properties":{"code":"27667","name":"Xã Bình Khánh","type":"Xã"},"geometry":{"type":"Polygon","coordinates":[[[106.863545,10.641271],[106.869565,10.642928],[106.873848,10.648315],[106.882486,10.647731],[106.885304,10.639934],[106.889538,10.637794],[106.892843,10.632173],[106.903823,10.623983],[106.911084,10.608351],[106.913618,10.607626],[106.921367,10.60966],[106.92666,10.603775],[106.936306,10.598951],[106.936363,10.594803],[106.932548,10.586325],[106.920493,10.577336],[106.917996,10.569724],[106.920942,10.566492],[106.931877,10.563584],[106.934242,10.557208],[106.93413,10.55015],[106.920462,10.531731],[106.915026,10.529625],[106.911535,10.519801],[106.907296,10.51697],[106.902617,10.516597],[106.894027,10.519169],[106.883769,10.519074],[106.876779,10.521189],[106.87283,10.523089],[106.863678,10.533332],[106.849438,10.539665],[106.848245,10.542715],[106.850115,10.549807],[106.838564,10.558464],[106.838076,10.570385],[106.834579,10.581528],[106.825726,10.584169],[106.819185,10.601739],[106.816634,10.603158],[106.81786,10.609322],[106.814861,10.609176],[106.81173,10.604669],[106.806349,10.605229],[106.805845,10.608252],[106.811033,10.612654],[106.809275,10.615768],[106.805847,10.616304],[106.791745,10.607012],[106.790267,10.609717],[106.793184,10.615787],[106.788243,10.618243],[106.785237,10.616573],[106.778166,10.604851],[106.770915,10.616583],[106.771552,10.633177],[106.768883,10.640081],[106.763781,10.644224],[106.746603,10.651282],[106.739888,10.658474],[106.7383,10.665112],[106.740164,10.668123],[106.745675,10.670987],[106.768258,10.665096],[106.770993,10.666473],[106.776463,10.674491],[106.78326,10.672599],[106.807063,10.657151],[106.814559,10.639552],[106.820203,10.632335],[106.826728,10.62769],[106.837119,10.62757],[106.840699,10.635682],[106.843964,10.638377],[106.851381,10.63967],[106.860067,10.636653],[106.863545,10.641271]]]}},{"type":"Feature","properties":{"code":"27610","name":"Xã Bình Lợi","type":"Xã"},"geometry":{"type":"Polygon","coordinates":[[[106.505673,10.793736],[106.573391,10.760395],[106.559378,10.748861],[106.558713,10.734494],[106.538661,10.74464],[106.534843,10.73586],[106.536175,10.710907],[106.528418,10.714953],[106.530206,10.717319],[106.520187,10.723658],[106.509384,10.717072],[106.501782,10.726425],[106.499554,10.72499],[106.488825,10.731225],[106.486965,10.729836],[106.463651,10.756537],[106.504541,10.7889],[106.505673,10.793736]]]}},{"type":"Feature","properties":{"code":"27544","name":"Xã Bình Mỹ","type":"Xã"},"geometry":{"type":"Polygon","coordinates":[[[106.601241,10.923271],[106.602946,10.923101],[106.625442,10.949578],[106.624526,10.957525],[106.616116,10.960344],[106.609171,10.960151],[106.610414,10.964081],[106.608759,10.972127],[106.61041,10.972242],[106.610542,10.974482],[106.593077,10.975799],[106.594115,10.982539],[106.57652,10.983713],[106.566014,11.007009],[106.581157,11.015368],[106.578011,11.018617],[106.579546,11.022093],[106.578392,11.026569],[106.580095,11.028007],[106.579482,11.029614],[106.577468,11.029724],[106.578923,11.034286],[106.58269,11.038247],[106.587067,11.036397],[106.59082,11.036761],[106.593259,11.043732],[106.597283,11.045791],[106.600243,11.044672],[106.603396,11.039868],[106.595367,11.028987],[106.595317,11.023789],[106.597948,11.015953],[106.607907,11.011853],[106.617578,11.010891],[106.620707,11.006555],[106.621116,11.002126],[106.616106,10.992397],[106.616616,10.988688],[106.628126,10.979159],[106.636396,10.977486],[106.643426,10.980969],[106.648751,10.979802],[106.650293,10.973879],[106.648887,10.963873],[106.652311,10.9509],[106.650099,10.934932],[106.652174,10.930343],[106.657353,10.925761],[106.653504,10.919559],[106.645821,10.919823],[106.638319,10.91609],[106.62197,10.914435],[106.599163,10.91805],[106.601241,10.923271]]]}},{"type":"Feature","properties":{"code":"25906","name":"Xã Bắc Tân Uyên","type":"Xã"},"geometry":{"type":"Polygon","coordinates":[[[106.854781,11.255461],[106.867159,11.252521],[106.884547,11.242505],[106.886439,11.2474],[106.883882,11.25246],[106.886309,11.253306],[106.890789,11.246506],[106.886516,11.241391],[106.887685,11.238609],[106.891074,11.238276],[106.902848,11.241932],[106.90775,11.232071],[106.915167,11.230125],[106.914052,11.226433],[106.918179,11.221656],[106.916012,11.215132],[106.910384,11.213481],[106.907947,11.211011],[106.901958,11.210568],[106.901248,11.208957],[106.907224,11.202734],[106.906159,11.193008],[106.90817,11.191933],[106.92005,11.192832],[106.921408,11.188812],[106.918569,11.188263],[106.915806,11.182045],[106.915495,11.178166],[106.918508,11.177492],[106.918821,11.175203],[106.915234,11.166026],[106.909012,11.167212],[106.903977,11.150949],[106.896305,11.146662],[106.902621,11.133141],[106.906436,11.128742],[106.907999,11.129014],[106.903597,11.124993],[106.887105,11.117174],[106.88019,11.102149],[106.8799,11.095596],[106.876489,11.095509],[106.876116,11.093433],[106.874452,11.093032],[106.858001,11.094471],[106.836597,11.086824],[106.833414,11.087035],[106.827677,11.089258],[106.823056,11.09587],[106.823928,11.10178],[106.821299,11.112911],[106.822206,11.1189],[106.82373,11.119055],[106.822199,11.137147],[106.826421,11.13743],[106.826117,11.14918],[106.828584,11.149651],[106.828592,11.153707],[106.824846,11.155243],[106.823934,11.166067],[106.811114,11.167852],[106.809578,11.175572],[106.811543,11.178315],[106.811065,11.180911],[106.821242,11.195886],[106.824893,11.196273],[106.831218,11.193113],[106.835074,11.194998],[106.838009,11.201507],[106.83663,11.203146],[106.837715,11.204711],[106.835838,11.205526],[106.837217,11.209801],[106.835095,11.210655],[106.838963,11.213379],[106.838914,11.216032],[106.834231,11.2182],[106.827326,11.217435],[106.827504,11.219749],[106.832091,11.226755],[106.839916,11.226193],[106.844653,11.232655],[106.85365,11.237045],[106.854028,11.240992],[106.849633,11.242891],[106.848737,11.245083],[106.849578,11.252031],[106.850258,11.25423],[106.854781,11.255461]]]}},{"type":"Feature","properties":{"code":"26728","name":"Xã Châu Pha","type":"Xã"},"geometry":{"type":"Polygon","coordinates":[[[107.094267,10.629305],[107.100775,10.626298],[107.112604,10.627507],[107.112012,10.619626],[107.121377,10.618334],[107.121487,10.620676],[107.125734,10.620372],[107.128621,10.622762],[107.131308,10.619886],[107.142597,10.621604],[107.139349,10.619585],[107.138133,10.616795],[107.144225,10.616829],[107.144866,10.614771],[107.15364,10.618876],[107.157827,10.615202],[107.160019,10.619979],[107.164735,10.618749],[107.165058,10.617176],[107.160067,10.612878],[107.160207,10.610744],[107.162511,10.609829],[107.162392,10.607268],[107.160391,10.606385],[107.163245,10.605892],[107.16417,10.601259],[107.168056,10.599108],[107.16654,10.591772],[107.167661,10.589333],[107.166283,10.590361],[107.165876,10.587171],[107.167348,10.586092],[107.166508,10.58419],[107.169038,10.584115],[107.16975,10.581233],[107.167883,10.579732],[107.171311,10.57633],[107.169428,10.574556],[107.170926,10.571031],[107.1727,10.571836],[107.170887,10.569704],[107.173125,10.568261],[107.174282,10.564802],[107.172593,10.564864],[107.173128,10.560419],[107.172693,10.561448],[107.171614,10.559562],[107.168363,10.559409],[107.171542,10.541266],[107.171144,10.534929],[107.165681,10.536558],[107.157366,10.532203],[107.15205,10.535865],[107.148073,10.535702],[107.146479,10.542672],[107.132738,10.556892],[107.121391,10.553172],[107.118078,10.556373],[107.113861,10.556572],[107.114397,10.558042],[107.10827,10.563771],[107.108836,10.565447],[107.10465,10.572352],[107.102761,10.579543],[107.098563,10.579895],[107.100062,10.584559],[107.095456,10.586169],[107.086966,10.601697],[107.076904,10.605173],[107.078007,10.609609],[107.081884,10.60887],[107.08435,10.616141],[107.081281,10.617337],[107.081073,10.620732],[107.077687,10.623759],[107.078253,10.625333],[107.083041,10.628071],[107.094267,10.629305]]]}},{"type":"Feature","properties":{"code":"26596","name":"Xã Châu Đức","type":"Xã"},"geometry":{"type":"Polygon","coordinates":[[[107.205692,10.774603],[107.206831,10.773767],[107.206531,10.758008],[107.208166,10.759572],[107.215865,10.759317],[107.217394,10.757361],[107.221429,10.757043],[107.227279,10.7593],[107.227739,10.761913],[107.231425,10.764203],[107.236703,10.760665],[107.240402,10.761797],[107.241964,10.759181],[107.244291,10.759723],[107.244056,10.756202],[107.300483,10.754983],[107.298798,10.747623],[107.283906,10.740213],[107.27954,10.741776],[107.274926,10.735372],[107.279244,10.735385],[107.280185,10.731016],[107.282531,10.728931],[107.280345,10.719392],[107.249636,10.718534],[107.240889,10.716702],[107.239532,10.723454],[107.228865,10.723805],[107.214272,10.718258],[107.207622,10.717677],[107.204384,10.710905],[107.205669,10.704577],[107.196996,10.700416],[107.194904,10.694875],[107.188012,10.691413],[107.187322,10.689231],[107.184603,10.689371],[107.182695,10.691481],[107.180897,10.686116],[107.178311,10.683847],[107.170209,10.680843],[107.1675,10.685033],[107.165344,10.685369],[107.166704,10.6909],[107.164742,10.700138],[107.166486,10.707135],[107.163495,10.709677],[107.165579,10.716473],[107.159833,10.710417],[107.139746,10.70959],[107.139434,10.717879],[107.140646,10.718932],[107.139051,10.721803],[107.139043,10.727704],[107.143734,10.724157],[107.145438,10.725771],[107.143627,10.729657],[107.146661,10.731143],[107.144267,10.732633],[107.139098,10.732534],[107.138414,10.744958],[107.154306,10.744129],[107.158865,10.748323],[107.163623,10.749596],[107.166499,10.754043],[107.166801,10.752726],[107.169612,10.753797],[107.174109,10.76058],[107.179252,10.762248],[107.182288,10.768226],[107.185132,10.768585],[107.189387,10.772035],[107.198009,10.771617],[107.205692,10.774603]]]}},{"type":"Feature","properties":{"code":"27664","name":"Xã Cần Giờ","type":"Xã"},"geometry":{"type":"Polygon","coordinates":[[[106.947434,10.517148],[106.95084,10.486881],[106.949157,10.483363],[106.93864,10.473647],[106.938573,10.469881],[106.931064,10.466877],[106.934683,10.461659],[106.932189,10.456142],[106.932374,10.446388],[106.938054,10.436038],[106.94166,10.435007],[106.948138,10.426398],[106.953647,10.424576],[106.959297,10.419939],[106.960845,10.421064],[106.964898,10.416402],[106.972408,10.417332],[106.974754,10.415739],[106.973317,10.410752],[106.969637,10.406537],[106.94167,10.395543],[106.934779,10.394227],[106.920698,10.386286],[106.921556,10.383894],[106.91683,10.381391],[106.915954,10.382898],[106.911746,10.382629],[106.89825,10.377202],[106.875192,10.377771],[106.879863,10.382559],[106.881301,10.387732],[106.879417,10.395787],[106.877687,10.396723],[106.873577,10.408501],[106.864325,10.407091],[106.858027,10.428337],[106.859064,10.434444],[106.864826,10.445231],[106.865624,10.450206],[106.87303,10.459878],[106.87251,10.463852],[106.863885,10.470145],[106.861912,10.47567],[106.867075,10.48834],[106.863803,10.49465],[106.865943,10.497117],[106.870999,10.49898],[106.873257,10.502351],[106.872668,10.504839],[106.866825,10.508969],[106.87065,10.513756],[106.872653,10.523268],[106.883769,10.519074],[106.895402,10.519041],[106.906682,10.516785],[106.911535,10.519801],[106.915026,10.529625],[106.919711,10.531849],[106.940614,10.524491],[106.944886,10.521537],[106.947434,10.517148]]]}},{"type":"Feature","properties":{"code":"27553","name":"Xã Củ Chi","type":"Xã"},"geometry":{"type":"Polygon","coordinates":[[[106.585607,10.919521],[106.567132,10.91934],[106.561118,10.917087],[106.537182,10.915982],[106.495618,10.920878],[106.487313,10.924974],[106.49861,10.94728],[106.498049,10.950233],[106.50075,10.954603],[106.498353,10.956147],[106.499426,10.956823],[106.498159,10.960597],[106.500248,10.963083],[106.499665,10.969904],[106.501767,10.97003],[106.503217,10.975815],[106.50578,10.975483],[106.503109,10.977951],[106.507764,10.980609],[106.505054,10.97987],[106.496778,10.98589],[106.515515,11.007169],[106.519166,11.003226],[106.522317,11.003007],[106.532128,10.996887],[106.538686,10.995487],[106.537717,10.983909],[106.543304,10.977861],[106.561405,10.971074],[106.564161,10.968669],[106.584207,10.927548],[106.585607,10.919521]]]}},{"type":"Feature","properties":{"code":"25777","name":"Xã Dầu Tiếng","type":"Xã"},"geometry":{"type":"Polygon","coordinates":[[[106.366216,11.425843],[106.369605,11.427004],[106.378254,11.422708],[106.413875,11.417945],[106.420988,11.42051],[106.432126,11.421499],[106.435475,11.404117],[106.434616,11.401746],[106.437471,11.401177],[106.434806,11.39588],[106.434424,11.391113],[106.438223,11.386304],[106.447562,11.388608],[106.448648,11.384242],[106.450376,11.384658],[106.452048,11.378588],[106.449882,11.372559],[106.450631,11.364852],[106.460261,11.353106],[106.463209,11.345877],[106.46276,11.341535],[106.465479,11.338031],[106.465831,11.331396],[106.467524,11.328629],[106.472611,11.325937],[106.45476,11.306973],[106.436546,11.310939],[106.421583,11.305403],[106.397023,11.287967],[106.392335,11.286662],[106.396276,11.27098],[106.402022,11.267184],[106.403447,11.261564],[106.407834,11.262616],[106.409152,11.257415],[106.395737,11.25496],[106.396199,11.253047],[106.387273,11.250821],[106.386893,11.252329],[106.384267,11.25217],[106.372793,11.24929],[106.374358,11.242084],[106.372954,11.241135],[106.37053,11.244719],[106.3621,11.238042],[106.358728,11.239648],[106.35557,11.246984],[106.351137,11.248761],[106.352312,11.251922],[106.356619,11.255288],[106.360754,11.255846],[106.360898,11.258465],[106.364347,11.260126],[106.362254,11.263062],[106.359124,11.260845],[106.35036,11.262986],[106.352871,11.266455],[106.354147,11.27247],[106.355175,11.279973],[106.353299,11.283085],[106.356378,11.284421],[106.355209,11.287895],[106.352619,11.28562],[106.351272,11.288665],[106.346821,11.289412],[106.344063,11.285369],[106.345301,11.282657],[106.343643,11.28282],[106.340785,11.285743],[106.340847,11.293387],[106.34481,11.293567],[106.344108,11.295336],[106.339022,11.297549],[106.338043,11.296035],[106.339685,11.291799],[106.33775,11.292278],[106.335246,11.296218],[106.335433,11.299931],[106.345806,11.323011],[106.339659,11.328732],[106.328976,11.346555],[106.333995,11.359232],[106.34293,11.370076],[106.348108,11.387451],[106.361968,11.414956],[106.362891,11.423502],[106.36536,11.423259],[106.366216,11.425843]]]}},{"type":"Feature","properties":{"code":"27658","name":"Xã Hiệp Phước","type":"Xã"},"geometry":{"type":"Polygon","coordinates":[[[106.695047,10.691248],[106.69854,10.692118],[106.707605,10.685661],[106.709584,10.682201],[106.712577,10.684331],[106.714713,10.68139],[106.726133,10.680706],[106.729432,10.667056],[106.738367,10.665359],[106.739888,10.658474],[106.746603,10.651282],[106.763781,10.644224],[106.768883,10.640081],[106.771552,10.633177],[106.770915,10.616583],[106.780176,10.60179],[106.783635,10.592184],[106.783613,10.585541],[106.780396,10.578956],[106.772628,10.576382],[106.757274,10.581103],[106.749791,10.579532],[106.745686,10.575599],[106.741388,10.579085],[106.736317,10.576908],[106.734831,10.578655],[106.739578,10.583363],[106.736604,10.586367],[106.732784,10.580216],[106.728578,10.580049],[106.727189,10.585436],[106.725265,10.585358],[106.723227,10.588241],[106.723582,10.593458],[106.720271,10.59601],[106.721976,10.599646],[106.718858,10.606091],[106.722322,10.607299],[106.723937,10.611989],[106.728633,10.60873],[106.732795,10.60986],[106.731636,10.612112],[106.728898,10.612229],[106.72754,10.615931],[106.729247,10.616526],[106.732031,10.622952],[106.72844,10.624348],[106.729115,10.628155],[106.733339,10.628747],[106.731388,10.634375],[106.725772,10.6384],[106.722597,10.645617],[106.718646,10.645713],[106.711957,10.650346],[106.708195,10.649826],[106.700559,10.653978],[106.695952,10.649625],[106.691168,10.648583],[106.687787,10.655424],[106.685795,10.656194],[106.684846,10.660543],[106.678671,10.664809],[106.678709,10.671666],[106.681399,10.677123],[106.679323,10.682174],[106.683918,10.685722],[106.689569,10.68554],[106.690595,10.694359],[106.695047,10.691248]]]}},{"type":"Feature","properties":{"code":"26647","name":"Xã Hòa Hiệp","type":"Xã"},"geometry":{"type":"Polygon","coordinates":[[[107.504866,10.771385],[107.506205,10.757776],[107.507874,10.756287],[107.506149,10.745916],[107.512096,10.74317],[107.512346,10.740252],[107.515652,10.73805],[107.515731,10.7351],[107.519549,10.735505],[107.522901,10.731652],[107.525889,10.731612],[107.528123,10.723923],[107.535054,10.721349],[107.536169,10.716681],[107.539746,10.71288],[107.539231,10.710893],[107.540588,10.711163],[107.539959,10.709833],[107.542019,10.709378],[107.54425,10.706017],[107.543383,10.698417],[107.54648,10.694658],[107.54291,10.690426],[107.543579,10.68804],[107.541967,10.687848],[107.542608,10.685432],[107.540569,10.683102],[107.540419,10.679906],[107.538227,10.678561],[107.539539,10.674468],[107.540539,10.675172],[107.544573,10.672008],[107.544201,10.6669],[107.546315,10.664724],[107.545455,10.66335],[107.548891,10.662173],[107.547857,10.660086],[107.549837,10.656362],[107.53236,10.644412],[107.526959,10.64808],[107.522249,10.646844],[107.517143,10.648109],[107.511064,10.645784],[107.506751,10.648988],[107.502108,10.649272],[107.490955,10.644722],[107.490374,10.646838],[107.484182,10.649531],[107.4802,10.653584],[107.474354,10.653273],[107.472421,10.656214],[107.47421,10.66353],[107.470914,10.666234],[107.469585,10.672905],[107.462278,10.677219],[107.459386,10.676333],[107.453739,10.678279],[107.453367,10.687581],[107.447965,10.687864],[107.443394,10.729366],[107.455841,10.731588],[107.462136,10.73707],[107.463287,10.741221],[107.470541,10.741872],[107.47224,10.745261],[107.471938,10.749165],[107.476102,10.753522],[107.476295,10.756274],[107.496688,10.760778],[107.504866,10.771385]]]}},{"type":"Feature","properties":{"code":"26641","name":"Xã Hòa Hội","type":"Xã"},"geometry":{"type":"Polygon","coordinates":[[[107.456567,10.677885],[107.459386,10.676333],[107.462278,10.677219],[107.469908,10.672461],[107.470914,10.666234],[107.47421,10.66353],[107.472421,10.656214],[107.474354,10.653273],[107.4802,10.653584],[107.484182,10.649531],[107.49078,10.6465],[107.500304,10.606553],[107.498073,10.605078],[107.494805,10.605664],[107.492412,10.608659],[107.494128,10.611524],[107.493049,10.61299],[107.491841,10.611184],[107.479124,10.611275],[107.4761,10.610013],[107.479113,10.600764],[107.4736,10.591388],[107.473175,10.583048],[107.465738,10.577255],[107.44416,10.576616],[107.444367,10.578414],[107.43953,10.578701],[107.438569,10.583537],[107.433576,10.582335],[107.433574,10.583807],[107.430756,10.584323],[107.428258,10.587751],[107.425303,10.587221],[107.424268,10.5889],[107.421139,10.589057],[107.418974,10.587577],[107.412638,10.589513],[107.412805,10.591572],[107.383927,10.591231],[107.38361,10.586671],[107.372001,10.586554],[107.364603,10.591902],[107.367713,10.592714],[107.365194,10.594218],[107.363225,10.598289],[107.359024,10.598424],[107.359698,10.601017],[107.356859,10.601337],[107.355091,10.60512],[107.351244,10.606468],[107.352985,10.613575],[107.356452,10.611935],[107.358033,10.614464],[107.356213,10.619425],[107.353085,10.621944],[107.356565,10.625161],[107.355987,10.630848],[107.358378,10.635107],[107.365746,10.640087],[107.364377,10.64622],[107.368499,10.653767],[107.364465,10.656534],[107.355926,10.671914],[107.367664,10.674233],[107.372152,10.677866],[107.382962,10.673186],[107.386002,10.672908],[107.386527,10.675501],[107.390865,10.67463],[107.394994,10.672586],[107.396933,10.669528],[107.40589,10.669427],[107.405809,10.678732],[107.456567,10.677885]]]}},{"type":"Feature","properties":{"code":"27559","name":"Xã Hóc Môn","type":"Xã"},"geometry":{"type":"Polygon","coordinates":[[[106.607234,10.882877],[106.610751,10.876894],[106.608728,10.874554],[106.606893,10.874987],[106.606094,10.872026],[106.607264,10.871037],[106.60467,10.867661],[106.604908,10.865307],[106.601279,10.863804],[106.583892,10.888485],[106.588919,10.892309],[106.575582,10.900289],[106.563028,10.918213],[106.585607,10.919521],[106.583665,10.928662],[106.600319,10.923344],[106.599163,10.91805],[106.62197,10.914435],[106.60047,10.906856],[106.602123,10.899399],[106.597956,10.892549],[106.598135,10.889343],[106.602389,10.887689],[106.600971,10.884592],[106.598573,10.884126],[106.607234,10.882877]]]}},{"type":"Feature","properties":{"code":"27628","name":"Xã Hưng Long","type":"Xã"},"geometry":{"type":"Polygon","coordinates":[[[106.633396,10.680239],[106.638605,10.681355],[106.638438,10.682971],[106.644755,10.686692],[106.651844,10.687555],[106.649794,10.68264],[106.653626,10.682587],[106.654942,10.678224],[106.658087,10.679513],[106.66444,10.678444],[106.669465,10.670859],[106.678443,10.668931],[106.679596,10.663149],[106.684997,10.660282],[106.68542,10.65135],[106.678635,10.645269],[106.673675,10.643905],[106.669177,10.639119],[106.666681,10.640657],[106.666004,10.638441],[106.665659,10.639612],[106.660275,10.639867],[106.660879,10.642061],[106.656362,10.643619],[106.656803,10.639216],[106.653439,10.639067],[106.652736,10.632228],[106.646215,10.634255],[106.641023,10.626663],[106.638905,10.627516],[106.634738,10.625552],[106.631883,10.628342],[106.630132,10.626592],[106.631035,10.630115],[106.629715,10.636199],[106.631211,10.636694],[106.629666,10.642258],[106.62715,10.642697],[106.625777,10.639743],[106.624131,10.639474],[106.621215,10.640948],[106.621844,10.644099],[106.624327,10.644487],[106.625005,10.647341],[106.618949,10.649015],[106.616717,10.653299],[106.605384,10.658749],[106.622138,10.692358],[106.623718,10.692983],[106.628401,10.68946],[106.628576,10.683644],[106.633396,10.680239]]]}},{"type":"Feature","properties":{"code":"26620","name":"Xã Hồ Tràm","type":"Xã"},"geometry":{"type":"Polygon","coordinates":[[[107.412823,10.591561],[107.413243,10.589207],[107.411335,10.589025],[107.409715,10.585073],[107.403154,10.581597],[107.403368,10.577124],[107.401388,10.577054],[107.400763,10.57447],[107.403015,10.571783],[107.407605,10.570402],[107.410748,10.565955],[107.407806,10.554478],[107.408594,10.552074],[107.416703,10.544429],[107.415722,10.539902],[107.423434,10.533711],[107.423649,10.524932],[107.460758,10.48934],[107.445291,10.469263],[107.44222,10.467666],[107.4359,10.47033],[107.413363,10.466045],[107.403764,10.468192],[107.370175,10.467944],[107.363677,10.46612],[107.333712,10.449373],[107.332908,10.45177],[107.33434,10.452744],[107.333244,10.452671],[107.336908,10.455683],[107.344011,10.457586],[107.352455,10.463423],[107.366299,10.469958],[107.368821,10.474647],[107.367319,10.475721],[107.364001,10.474698],[107.362898,10.478956],[107.367201,10.47786],[107.368338,10.481888],[107.372713,10.481994],[107.373094,10.484804],[107.37101,10.484903],[107.370536,10.486983],[107.372813,10.488905],[107.370211,10.491125],[107.373161,10.490608],[107.376864,10.492677],[107.375618,10.496836],[107.376883,10.498173],[107.372789,10.499136],[107.375989,10.501171],[107.374049,10.501027],[107.37301,10.505481],[107.375934,10.50768],[107.369875,10.523545],[107.371447,10.527053],[107.370991,10.535751],[107.366484,10.539383],[107.367366,10.543796],[107.36057,10.544167],[107.359393,10.553752],[107.356749,10.550184],[107.348848,10.54953],[107.349518,10.55238],[107.345514,10.556816],[107.346159,10.558291],[107.341741,10.559925],[107.341715,10.563591],[107.346761,10.563196],[107.348389,10.564666],[107.347449,10.570552],[107.35034,10.569376],[107.35025,10.570921],[107.352693,10.571951],[107.352264,10.574241],[107.355621,10.574882],[107.353599,10.575503],[107.355498,10.577019],[107.355442,10.580561],[107.357464,10.578839],[107.357824,10.580926],[107.362365,10.582689],[107.361908,10.58667],[107.364603,10.591902],[107.372001,10.586554],[107.38361,10.586671],[107.383927,10.591231],[107.412823,10.591561]]]}},{"type":"Feature","properties":{"code":"26608","name":"Xã Kim Long","type":"Xã"},"geometry":{"type":"Polygon","coordinates":[[[107.229505,10.723735],[107.239532,10.723454],[107.240889,10.716702],[107.249636,10.718534],[107.251334,10.710763],[107.253746,10.711164],[107.258597,10.708435],[107.260905,10.705077],[107.26112,10.699666],[107.268616,10.695673],[107.269284,10.694247],[107.26599,10.693002],[107.266594,10.691546],[107.264196,10.689017],[107.265243,10.68417],[107.267586,10.683444],[107.269434,10.68042],[107.266403,10.669143],[107.262136,10.671105],[107.26111,10.667231],[107.258036,10.667873],[107.257371,10.663784],[107.249247,10.664931],[107.248533,10.663075],[107.22943,10.667379],[107.229177,10.666191],[107.214388,10.66674],[107.216231,10.659885],[107.21609,10.656537],[107.213958,10.655112],[107.212634,10.650018],[107.214237,10.641374],[107.206697,10.650182],[107.198812,10.652097],[107.196553,10.654714],[107.191742,10.64829],[107.187037,10.649643],[107.18084,10.640573],[107.178194,10.635041],[107.18039,10.627582],[107.178642,10.624916],[107.168989,10.624284],[107.166587,10.62703],[107.166033,10.632699],[107.164324,10.634982],[107.164223,10.641431],[107.168104,10.64796],[107.166147,10.649498],[107.167422,10.655249],[107.165078,10.657117],[107.166678,10.666783],[107.16053,10.675033],[107.159734,10.680413],[107.165661,10.685477],[107.1675,10.685033],[107.170209,10.680843],[107.174319,10.681581],[107.180862,10.686058],[107.182695,10.691481],[107.184603,10.689371],[107.187322,10.689231],[107.188012,10.691413],[107.194904,10.694875],[107.196996,10.700416],[107.206061,10.70511],[107.204384,10.710905],[107.207458,10.717595],[107.214272,10.718258],[107.229505,10.723735]]]}},{"type":"Feature","properties":{"code":"25792","name":"Xã Long Hòa","type":"Xã"},"geometry":{"type":"Polygon","coordinates":[[[106.537856,11.257825],[106.534427,11.2521],[106.530415,11.252655],[106.527865,11.249752],[106.521243,11.249094],[106.517877,11.246703],[106.520537,11.240481],[106.518606,11.238403],[106.514549,11.238539],[106.509928,11.234341],[106.511584,11.231219],[106.510317,11.227553],[106.50613,11.227278],[106.494672,11.235194],[106.490595,11.248149],[106.491895,11.248759],[106.490833,11.250998],[106.49253,11.255536],[106.490005,11.260131],[106.488047,11.260662],[106.487428,11.263583],[106.4826,11.267589],[106.482736,11.272842],[106.478678,11.278568],[106.477647,11.288088],[106.472627,11.294431],[106.472723,11.30256],[106.466762,11.305731],[106.468681,11.311378],[106.471146,11.313602],[106.470103,11.320235],[106.473684,11.324349],[106.465831,11.331396],[106.465479,11.338031],[106.46276,11.341535],[106.463209,11.345877],[106.460261,11.353106],[106.450631,11.364852],[106.449882,11.372559],[106.452048,11.378588],[106.447562,11.388608],[106.460026,11.391558],[106.459182,11.392678],[106.48454,11.421764],[106.494866,11.413578],[106.49841,11.418967],[106.50191,11.418582],[106.504314,11.42024],[106.506254,11.428443],[106.50882,11.426148],[106.512112,11.426107],[106.511785,11.423795],[106.515934,11.421386],[106.519234,11.414189],[106.518778,11.40886],[106.525705,11.407258],[106.526606,11.4086],[106.529446,11.406665],[106.524502,11.394459],[106.525952,11.392976],[106.525025,11.388764],[106.526833,11.388764],[106.528179,11.391439],[106.531271,11.390583],[106.53236,11.392423],[106.533747,11.391036],[106.538574,11.39382],[106.541521,11.391037],[106.535532,11.385347],[106.529752,11.383911],[106.529752,11.380889],[106.543035,11.335062],[106.546464,11.335575],[106.54983,11.329499],[106.540144,11.322109],[106.536686,11.315955],[106.547495,11.309699],[106.553537,11.301937],[106.562718,11.294227],[106.567392,11.292419],[106.573614,11.265631],[106.574605,11.26597],[106.576492,11.261679],[106.557582,11.254766],[106.555922,11.25937],[106.545664,11.254386],[106.541458,11.258534],[106.537856,11.257825]]]}},{"type":"Feature","properties":{"code":"26662","name":"Xã Long Hải","type":"Xã"},"geometry":{"type":"Polygon","coordinates":[[[107.244478,10.425554],[107.254476,10.379484],[107.248008,10.381012],[107.241435,10.377921],[107.222536,10.398518],[107.216001,10.403161],[107.216601,10.404043],[107.215708,10.404787],[107.215062,10.403604],[107.205337,10.406333],[107.178761,10.400061],[107.171332,10.401542],[107.172831,10.40455],[107.181286,10.411631],[107.188608,10.42887],[107.192194,10.427004],[107.193482,10.42116],[107.201363,10.421967],[107.203827,10.418578],[107.206508,10.418488],[107.210526,10.419608],[107.211758,10.423222],[107.220683,10.429563],[107.218954,10.43515],[107.228058,10.435091],[107.230169,10.438698],[107.236465,10.438588],[107.240938,10.436647],[107.243158,10.437887],[107.244838,10.43704],[107.244478,10.425554]]]}},{"type":"Feature","properties":{"code":"26545","name":"Xã Long Sơn","type":"Xã"},"geometry":{"type":"MultiPolygon","coordinates":[[[[107.080338,10.432745],[107.083473,10.431986],[107.085437,10.434625],[107.083887,10.431908],[107.082762,10.431087],[107.080338,10.432745]]],[[[107.078488,10.434913],[107.079763,10.433301],[107.07493,10.432781],[107.070943,10.4358],[107.074754,10.435627],[107.076306,10.43383],[107.078488,10.434913]]],[[[107.077389,10.434904],[107.070085,10.437702],[107.069767,10.439145],[107.069381,10.437095],[107.063908,10.441858],[107.068415,10.443128],[107.07578,10.438976],[107.077389,10.434904]]],[[[107.101504,10.475053],[107.11311,10.477158],[107.114706,10.46999],[107.118486,10.464417],[107.118868,10.458735],[107.129804,10.457014],[107.131261,10.462993],[107.13281,10.463442],[107.136741,10.456031],[107.139031,10.454581],[107.142095,10.456053],[107.142753,10.467374],[107.153952,10.464499],[107.15175,10.461983],[107.155164,10.456077],[107.151614,10.452705],[107.153663,10.44853],[107.150178,10.444154],[107.146645,10.421256],[107.140745,10.41693],[107.118049,10.414422],[107.117178,10.42435],[107.113727,10.436205],[107.100143,10.435952],[107.096208,10.434141],[107.093505,10.435622],[107.090395,10.433719],[107.087187,10.436357],[107.08398,10.436209],[107.081104,10.433637],[107.073373,10.442422],[107.067561,10.44438],[107.0628,10.442903],[107.056363,10.446406],[107.048481,10.456397],[107.046685,10.461399],[107.042179,10.465794],[107.043848,10.46724],[107.039623,10.469159],[107.044867,10.472065],[107.049517,10.478109],[107.060489,10.477369],[107.068212,10.484225],[107.07022,10.483944],[107.076253,10.477847],[107.089182,10.482428],[107.101504,10.475053]]]]}},{"type":"Feature","properties":{"code":"26659","name":"Xã Long Điền","type":"Xã"},"geometry":{"type":"Polygon","coordinates":[[[107.257577,10.465459],[107.254553,10.451639],[107.250094,10.445266],[107.254661,10.444058],[107.251016,10.438259],[107.252028,10.434703],[107.255199,10.434666],[107.254439,10.433217],[107.256164,10.430167],[107.254474,10.428652],[107.252738,10.429347],[107.248841,10.426032],[107.244478,10.425554],[107.244838,10.43704],[107.230169,10.438698],[107.228058,10.435091],[107.218954,10.43515],[107.220683,10.429563],[107.211758,10.423222],[107.206963,10.428289],[107.210918,10.434193],[107.209859,10.43805],[107.198271,10.44265],[107.196536,10.446679],[107.18729,10.451143],[107.185495,10.457014],[107.183081,10.457365],[107.180455,10.454968],[107.179623,10.460378],[107.174909,10.462849],[107.177447,10.46524],[107.177657,10.471776],[107.183762,10.472344],[107.190502,10.468818],[107.190629,10.478907],[107.195549,10.480048],[107.200496,10.484534],[107.196635,10.486072],[107.203425,10.493173],[107.204839,10.496984],[107.214293,10.494688],[107.219546,10.499656],[107.221947,10.497967],[107.224656,10.503663],[107.226984,10.50339],[107.230156,10.506769],[107.2361,10.506766],[107.237128,10.509489],[107.240853,10.50886],[107.243917,10.513671],[107.24661,10.51306],[107.24767,10.514831],[107.250699,10.513319],[107.25301,10.506976],[107.250683,10.501043],[107.251181,10.495676],[107.254185,10.488944],[107.253711,10.481217],[107.252516,10.481455],[107.252527,10.476746],[107.249742,10.469191],[107.257577,10.465459]]]}},{"type":"Feature","properties":{"code":"25780","name":"Xã Minh Thạnh","type":"Xã"},"geometry":{"type":"Polygon","coordinates":[[[106.368016,11.447381],[106.384561,11.460094],[106.404137,11.46892],[106.408718,11.47297],[106.423164,11.495637],[106.428857,11.496732],[106.434552,11.50104],[106.443923,11.498405],[106.44743,11.499809],[106.453799,11.498333],[106.464957,11.498883],[106.470418,11.496227],[106.476724,11.495615],[106.482033,11.499345],[106.484872,11.497863],[106.489065,11.499632],[106.490087,11.497809],[106.497555,11.495675],[106.503509,11.48912],[106.508669,11.488152],[106.514234,11.482425],[106.516892,11.481471],[106.519188,11.482563],[106.524571,11.480038],[106.531069,11.473608],[106.539963,11.467868],[106.5482,11.470719],[106.551538,11.477197],[106.554321,11.478507],[106.556347,11.484844],[106.560199,11.472074],[106.573236,11.456455],[106.565463,11.445325],[106.559031,11.439581],[106.555426,11.440074],[106.548737,11.436348],[106.543202,11.426901],[106.541639,11.426574],[106.541112,11.423918],[106.547028,11.415017],[106.548077,11.407161],[106.544589,11.393227],[106.541628,11.390437],[106.538574,11.39382],[106.533747,11.391036],[106.53236,11.392423],[106.531271,11.390583],[106.528179,11.391439],[106.526833,11.388764],[106.525025,11.388764],[106.525952,11.392976],[106.524502,11.394459],[106.529446,11.406665],[106.526606,11.4086],[106.525705,11.407258],[106.518778,11.40886],[106.519234,11.414189],[106.515934,11.421386],[106.511785,11.423795],[106.512112,11.426107],[106.50882,11.426148],[106.506268,11.428445],[106.504314,11.42024],[106.50191,11.418582],[106.49841,11.418967],[106.494866,11.413578],[106.48454,11.421764],[106.459182,11.392678],[106.460026,11.391558],[106.438223,11.386304],[106.434424,11.391113],[106.434806,11.39588],[106.437471,11.401177],[106.434616,11.401746],[106.435475,11.404117],[106.432126,11.421499],[106.420988,11.42051],[106.414915,11.417903],[106.378254,11.422708],[106.369605,11.427004],[106.36598,11.425725],[106.36536,11.423259],[106.362891,11.423502],[106.368016,11.447381]]]}},{"type":"Feature","properties":{"code":"26617","name":"Xã Nghĩa Thành","type":"Xã"},"geometry":{"type":"Polygon","coordinates":[[[107.265191,10.611685],[107.266841,10.613181],[107.272319,10.610121],[107.275974,10.610656],[107.277711,10.608073],[107.280701,10.613267],[107.285881,10.607817],[107.30214,10.618435],[107.307293,10.617823],[107.30504,10.616078],[107.304944,10.61317],[107.30864,10.612164],[107.308565,10.609463],[107.310757,10.606956],[107.306907,10.602655],[107.30508,10.602518],[107.303754,10.599298],[107.298383,10.598192],[107.298204,10.587537],[107.295537,10.58773],[107.300166,10.583744],[107.300557,10.581593],[107.303487,10.580405],[107.306196,10.575549],[107.304035,10.570687],[107.304131,10.564454],[107.306939,10.562511],[107.305235,10.559787],[107.300022,10.559795],[107.295291,10.565709],[107.288832,10.566443],[107.286344,10.572351],[107.282053,10.570789],[107.279416,10.574617],[107.274076,10.577312],[107.273665,10.569513],[107.271396,10.569081],[107.26803,10.572664],[107.264163,10.566677],[107.260988,10.567526],[107.262269,10.564944],[107.259327,10.562995],[107.259717,10.560316],[107.256671,10.560301],[107.253014,10.549281],[107.247142,10.548807],[107.24914,10.545342],[107.247111,10.544503],[107.246434,10.540267],[107.243034,10.538097],[107.233787,10.54984],[107.226666,10.55251],[107.228803,10.561387],[107.220224,10.563216],[107.217807,10.554002],[107.214147,10.554306],[107.211542,10.550576],[107.209576,10.55352],[107.203714,10.554642],[107.200237,10.552399],[107.200002,10.550488],[107.197691,10.551893],[107.196451,10.544154],[107.193193,10.543861],[107.190612,10.540507],[107.183312,10.541785],[107.180745,10.544112],[107.181033,10.545629],[107.178511,10.546597],[107.178096,10.550442],[107.174289,10.553367],[107.174624,10.5567],[107.171663,10.558378],[107.173668,10.561944],[107.172593,10.564864],[107.174282,10.564802],[107.173125,10.568261],[107.170887,10.569704],[107.1727,10.571836],[107.170926,10.571031],[107.169428,10.574556],[107.171401,10.575805],[107.170387,10.585227],[107.173018,10.585233],[107.172993,10.588122],[107.181181,10.590725],[107.187045,10.585941],[107.196202,10.58724],[107.198598,10.584805],[107.215777,10.584869],[107.226758,10.581778],[107.227845,10.584247],[107.252718,10.584128],[107.252713,10.592531],[107.24509,10.592583],[107.249658,10.603759],[107.247566,10.604324],[107.249059,10.60898],[107.248266,10.613617],[107.252252,10.628326],[107.257792,10.627],[107.259573,10.617476],[107.265191,10.611685]]]}},{"type":"Feature","properties":{"code":"26575","name":"Xã Ngãi Giao","type":"Xã"},"geometry":{"type":"Polygon","coordinates":[[[107.22943,10.667379],[107.248533,10.663075],[107.248867,10.664899],[107.25808,10.664281],[107.256403,10.659561],[107.256895,10.655139],[107.253703,10.650672],[107.250726,10.639397],[107.245015,10.636958],[107.243204,10.631679],[107.245501,10.630166],[107.249624,10.630994],[107.25304,10.62861],[107.248266,10.613617],[107.249059,10.60898],[107.247566,10.604324],[107.249658,10.603759],[107.24509,10.592583],[107.252713,10.592531],[107.252718,10.584128],[107.227845,10.584247],[107.226758,10.581778],[107.215777,10.584869],[107.198598,10.584805],[107.196202,10.58724],[107.187045,10.585941],[107.181054,10.590732],[107.175865,10.58999],[107.172993,10.588122],[107.173018,10.585233],[107.170387,10.585227],[107.171293,10.579361],[107.170046,10.577874],[107.167883,10.579732],[107.16975,10.581233],[107.169038,10.584115],[107.166508,10.58419],[107.167348,10.586092],[107.165876,10.587171],[107.166283,10.590361],[107.167661,10.589333],[107.16654,10.591772],[107.16812,10.598893],[107.16417,10.601259],[107.163245,10.605892],[107.160427,10.606242],[107.162392,10.607268],[107.162511,10.609829],[107.160207,10.610744],[107.160067,10.612878],[107.165058,10.617176],[107.164775,10.619617],[107.166745,10.619475],[107.168989,10.624284],[107.178642,10.624916],[107.18039,10.627582],[107.178686,10.631096],[107.17864,10.636739],[107.187037,10.649643],[107.191742,10.64829],[107.196553,10.654714],[107.198812,10.652097],[107.206697,10.650182],[107.214237,10.641374],[107.212634,10.650018],[107.213958,10.655112],[107.21609,10.656537],[107.216231,10.659885],[107.214388,10.66674],[107.229177,10.666191],[107.22943,10.667379]]]}},{"type":"Feature","properties":{"code":"27511","name":"Xã Nhuận Đức","type":"Xã"},"geometry":{"type":"Polygon","coordinates":[[[106.513943,11.072016],[106.523883,11.073837],[106.525291,11.069508],[106.529398,11.065953],[106.533544,11.058299],[106.545928,11.05222],[106.549898,11.046287],[106.548396,11.043678],[106.546118,11.043048],[106.554265,11.028304],[106.547201,11.024948],[106.548089,11.02357],[106.514126,11.006473],[106.504443,11.008411],[106.489775,11.006881],[106.490972,10.996209],[106.485891,10.998268],[106.486356,10.986596],[106.483941,10.986541],[106.479798,10.987341],[106.479754,10.989152],[106.475011,10.98986],[106.468328,10.993825],[106.467005,11.000478],[106.464154,11.000777],[106.464627,11.004889],[106.466448,11.006129],[106.462806,11.007988],[106.464417,11.010882],[106.462931,11.014665],[106.461028,11.013702],[106.448895,11.015909],[106.444835,11.02051],[106.439703,11.023068],[106.444898,11.032364],[106.454795,11.040972],[106.456857,11.054675],[106.461838,11.048416],[106.468256,11.046104],[106.470735,11.043454],[106.476138,11.048747],[106.475911,11.050285],[106.488206,11.059552],[106.498032,11.06346],[106.509917,11.065068],[106.513234,11.068478],[106.513943,11.072016]]]}},{"type":"Feature","properties":{"code":"27655","name":"Xã Nhà Bè","type":"Xã"},"geometry":{"type":"Polygon","coordinates":[[[106.690193,10.725467],[106.705664,10.725124],[106.708477,10.719834],[106.711943,10.72058],[106.718155,10.719112],[106.720875,10.722243],[106.724387,10.721263],[106.723169,10.714826],[106.725648,10.71022],[106.724845,10.705158],[106.726154,10.700196],[106.728283,10.698487],[106.73291,10.697988],[106.736642,10.703534],[106.74445,10.70317],[106.752164,10.705046],[106.756296,10.694838],[106.776463,10.674491],[106.772396,10.668144],[106.766937,10.665046],[106.745675,10.670987],[106.740164,10.668123],[106.738367,10.665359],[106.730743,10.666388],[106.727606,10.67131],[106.726133,10.680706],[106.714713,10.68139],[106.712577,10.684331],[106.709338,10.682285],[106.707605,10.685661],[106.69854,10.692118],[106.694816,10.691281],[106.690595,10.694359],[106.689569,10.68554],[106.683918,10.685722],[106.679323,10.682174],[106.67328,10.692188],[106.674402,10.702214],[106.673417,10.704337],[106.680824,10.7145],[106.685985,10.711566],[106.688694,10.71226],[106.690193,10.725467]]]}},{"type":"Feature","properties":{"code":"25858","name":"Xã Phú Giáo","type":"Xã"},"geometry":{"type":"Polygon","coordinates":[[[106.82673,11.380624],[106.834282,11.380524],[106.835507,11.377167],[106.841514,11.374968],[106.852793,11.376835],[106.856737,11.374893],[106.855512,11.369637],[106.857339,11.368639],[106.858518,11.361393],[106.857101,11.359952],[106.854387,11.360771],[106.855226,11.357822],[106.856723,11.358099],[106.855914,11.352815],[106.860519,11.349242],[106.856723,11.345931],[106.861476,11.344395],[106.863307,11.340003],[106.861554,11.335557],[106.858578,11.33537],[106.855436,11.329246],[106.856993,11.314643],[106.866326,11.314745],[106.865081,11.310799],[106.869156,11.311019],[106.874946,11.307303],[106.874306,11.312501],[106.869944,11.321474],[106.872522,11.327389],[106.88035,11.333976],[106.884351,11.339708],[106.900603,11.340371],[106.904071,11.344206],[106.903675,11.347467],[106.906947,11.352638],[106.91484,11.355965],[106.917678,11.355992],[106.920464,11.352147],[106.923252,11.354521],[106.929827,11.354765],[106.931525,11.353529],[106.940153,11.356367],[106.944998,11.35422],[106.944051,11.348116],[106.947373,11.341226],[106.950975,11.338106],[106.950361,11.333243],[106.952511,11.330669],[106.952662,11.324712],[106.951078,11.321697],[106.947572,11.320934],[106.947228,11.318002],[106.94305,11.31693],[106.941406,11.312413],[106.937679,11.312345],[106.939122,11.310075],[106.936352,11.309068],[106.938105,11.30812],[106.937245,11.305253],[106.939845,11.303367],[106.938373,11.301803],[106.939814,11.301761],[106.939928,11.297447],[106.937354,11.296452],[106.941471,11.294687],[106.941496,11.293322],[106.939107,11.292112],[106.939075,11.289696],[106.936166,11.286967],[106.93319,11.287462],[106.934436,11.285083],[106.93208,11.281674],[106.933067,11.278661],[106.931656,11.279072],[106.931259,11.277651],[106.930243,11.27879],[106.93031,11.274605],[106.924467,11.270928],[106.927358,11.268953],[106.925456,11.267336],[106.927924,11.264806],[106.923679,11.264138],[106.927108,11.260724],[106.92577,11.259194],[106.927296,11.258315],[106.926952,11.256312],[106.925371,11.256027],[106.925257,11.254181],[106.927684,11.252184],[106.928131,11.24879],[106.926338,11.247432],[106.930214,11.247389],[106.931488,11.244759],[106.928252,11.24344],[106.926395,11.244777],[106.92255,11.24144],[106.919079,11.242667],[106.918599,11.240384],[106.917587,11.242725],[106.914491,11.240535],[106.910746,11.241334],[106.91095,11.238472],[106.91319,11.237185],[106.911698,11.23577],[106.918382,11.235344],[106.913517,11.232362],[106.913616,11.23036],[106.90775,11.232071],[106.902848,11.241932],[106.891074,11.238276],[106.887685,11.238609],[106.886516,11.241391],[106.890789,11.246506],[106.886101,11.253371],[106.88387,11.252384],[106.886439,11.2474],[106.884547,11.242505],[106.869662,11.251426],[106.860087,11.252837],[106.855351,11.25545],[106.850258,11.25423],[106.847318,11.248391],[106.845916,11.249245],[106.844798,11.247456],[106.842984,11.247858],[106.837382,11.255723],[106.827022,11.255544],[106.825737,11.252859],[106.825081,11.254131],[106.820156,11.254586],[106.818389,11.257795],[106.80532,11.264058],[106.804706,11.266633],[106.796766,11.275686],[106.794698,11.284081],[106.78826,11.289143],[106.784081,11.295303],[106.78344,11.30326],[106.78501,11.30435],[106.783472,11.307078],[106.784531,11.307872],[106.78085,11.314156],[106.779682,11.325454],[106.775875,11.331558],[106.776998,11.33426],[106.775562,11.337163],[106.777126,11.341062],[106.775571,11.342604],[106.775768,11.348032],[106.778545,11.350228],[106.780977,11.355415],[106.785509,11.357998],[106.788229,11.366626],[106.796821,11.369318],[106.798559,11.375307],[106.797787,11.377942],[106.800427,11.381066],[106.811597,11.375773],[106.818056,11.377185],[106.825033,11.384102],[106.82673,11.380624]]]}},{"type":"Feature","properties":{"code":"27541","name":"Xã Phú Hòa Đông","type":"Xã"},"geometry":{"type":"Polygon","coordinates":[[[106.572372,11.054429],[106.579777,11.047461],[106.58269,11.038247],[106.577488,11.030816],[106.580095,11.028007],[106.578392,11.026569],[106.579546,11.022093],[106.578011,11.018617],[106.581157,11.015368],[106.566014,11.007009],[106.57652,10.983713],[106.594115,10.982539],[106.593077,10.975799],[106.610542,10.974482],[106.61041,10.972242],[106.608759,10.972127],[106.610414,10.964081],[106.609171,10.960151],[106.616116,10.960344],[106.62458,10.95732],[106.625442,10.949578],[106.602946,10.923101],[106.583673,10.928659],[106.564118,10.968721],[106.561405,10.971074],[106.543304,10.977861],[106.537717,10.983909],[106.538686,10.995487],[106.532128,10.996887],[106.522317,11.003007],[106.519166,11.003226],[106.515515,11.007169],[106.548089,11.02357],[106.547201,11.024948],[106.554228,11.028209],[106.546118,11.043048],[106.548396,11.043678],[106.549898,11.046287],[106.566798,11.044948],[106.569083,11.050983],[106.572372,11.054429]]]}},{"type":"Feature","properties":{"code":"25882","name":"Xã Phước Hòa","type":"Xã"},"geometry":{"type":"Polygon","coordinates":[[[106.729142,11.190314],[106.724678,11.18957],[106.721658,11.203039],[106.712029,11.210826],[106.710299,11.224881],[106.708254,11.224708],[106.704321,11.236403],[106.706361,11.237068],[106.70624,11.239156],[106.711221,11.240898],[106.719543,11.252077],[106.721016,11.252087],[106.721043,11.258692],[106.729825,11.26086],[106.730248,11.262908],[106.727806,11.264024],[106.726662,11.270934],[106.721911,11.280007],[106.726639,11.279917],[106.730839,11.277287],[106.730086,11.272657],[106.732247,11.271062],[106.735582,11.272842],[106.737988,11.272178],[106.740477,11.278358],[106.750839,11.287667],[106.750541,11.291468],[106.759304,11.299566],[106.76073,11.305516],[106.769587,11.307201],[106.769766,11.315128],[106.776368,11.314613],[106.773943,11.31774],[106.780269,11.318378],[106.781271,11.313019],[106.784531,11.307872],[106.783472,11.307078],[106.78501,11.30435],[106.78344,11.30326],[106.784081,11.295303],[106.78826,11.289143],[106.794698,11.284081],[106.796766,11.275686],[106.804706,11.266633],[106.80532,11.264058],[106.818389,11.257795],[106.820156,11.254586],[106.825081,11.254131],[106.82564,11.252874],[106.827022,11.255544],[106.837382,11.255723],[106.842984,11.247858],[106.844798,11.247456],[106.845916,11.249245],[106.847318,11.248391],[106.849502,11.251507],[106.849273,11.243425],[106.85379,11.241302],[106.854178,11.237883],[106.844653,11.232655],[106.840397,11.226457],[106.832847,11.227118],[106.828558,11.221833],[106.827158,11.21758],[106.837078,11.217405],[106.838914,11.216032],[106.838337,11.212696],[106.829101,11.209316],[106.823588,11.213619],[106.823712,11.21768],[106.821671,11.217699],[106.819778,11.215331],[106.820653,11.210008],[106.819001,11.210456],[106.8164,11.206315],[106.813592,11.205542],[106.803759,11.19391],[106.794072,11.201852],[106.793695,11.189139],[106.764272,11.188374],[106.763446,11.190176],[106.75856,11.190844],[106.758102,11.210537],[106.752222,11.209324],[106.746722,11.20007],[106.734578,11.19977],[106.73226,11.197057],[106.732392,11.192418],[106.730407,11.192395],[106.729142,11.190314]]]}},{"type":"Feature","properties":{"code":"26686","name":"Xã Phước Hải","type":"Xã"},"geometry":{"type":"Polygon","coordinates":[[[107.375618,10.496836],[107.376588,10.492119],[107.370196,10.491074],[107.372813,10.488905],[107.370536,10.486918],[107.37101,10.484903],[107.373094,10.484804],[107.37286,10.482173],[107.368338,10.481888],[107.367201,10.47786],[107.364059,10.479644],[107.362809,10.478735],[107.364001,10.474698],[107.367319,10.475721],[107.368821,10.474647],[107.366299,10.469958],[107.318318,10.445215],[107.291132,10.420795],[107.272764,10.398632],[107.266723,10.394953],[107.259195,10.382697],[107.254557,10.379511],[107.244476,10.425498],[107.248618,10.425933],[107.256164,10.430167],[107.254439,10.433217],[107.255199,10.434666],[107.252028,10.434703],[107.251016,10.438259],[107.254661,10.444058],[107.250094,10.445266],[107.254553,10.451639],[107.257337,10.462072],[107.264866,10.458575],[107.268018,10.462582],[107.274154,10.465127],[107.280328,10.470739],[107.280347,10.474308],[107.283189,10.4723],[107.285854,10.47374],[107.288279,10.472181],[107.29546,10.47421],[107.295785,10.487993],[107.300888,10.486441],[107.303265,10.480392],[107.307488,10.481313],[107.311321,10.48423],[107.312546,10.48745],[107.319412,10.485919],[107.322652,10.483088],[107.330366,10.480683],[107.355274,10.494592],[107.363395,10.494705],[107.369356,10.498484],[107.371891,10.495282],[107.374822,10.495358],[107.374293,10.49653],[107.375618,10.496836]]]}},{"type":"Feature","properties":{"code":"25864","name":"Xã Phước Thành","type":"Xã"},"geometry":{"type":"Polygon","coordinates":[[[106.790439,11.491782],[106.79704,11.491145],[106.800452,11.487161],[106.802803,11.482145],[106.803803,11.470718],[106.808695,11.461055],[106.806166,11.458012],[106.804956,11.45006],[106.7967,11.442731],[106.788493,11.432134],[106.785105,11.430953],[106.784438,11.428542],[106.770463,11.426559],[106.771149,11.412046],[106.769458,11.404159],[106.775437,11.401932],[106.789,11.401166],[106.789374,11.382903],[106.793581,11.382944],[106.793621,11.379471],[106.796194,11.379519],[106.798535,11.382574],[106.800479,11.381398],[106.797787,11.377942],[106.798559,11.375307],[106.796821,11.369318],[106.788229,11.366626],[106.785509,11.357998],[106.780977,11.355415],[106.775744,11.347985],[106.775571,11.342604],[106.777126,11.341062],[106.775562,11.337163],[106.776998,11.33426],[106.775875,11.331558],[106.779682,11.325454],[106.780269,11.318378],[106.773943,11.31774],[106.776368,11.314613],[106.769766,11.315128],[106.769587,11.307201],[106.76073,11.305516],[106.759304,11.299566],[106.750541,11.291468],[106.750839,11.287667],[106.740477,11.278358],[106.739614,11.281094],[106.731559,11.287599],[106.733906,11.299114],[106.728053,11.305925],[106.725315,11.306761],[106.723956,11.312008],[106.731638,11.319402],[106.729325,11.327865],[106.737431,11.330573],[106.735416,11.332036],[106.735005,11.340798],[106.731187,11.345409],[106.734784,11.352159],[106.732073,11.367268],[106.733809,11.37343],[106.729176,11.376375],[106.727681,11.381337],[106.723431,11.379866],[106.719896,11.384009],[106.718319,11.383912],[106.718152,11.382261],[106.714661,11.384296],[106.710317,11.392203],[106.704293,11.396469],[106.710154,11.400672],[106.70876,11.404415],[106.709652,11.40658],[106.718707,11.414498],[106.720324,11.422977],[106.726154,11.423743],[106.726496,11.431881],[106.741329,11.433513],[106.74147,11.440465],[106.751784,11.445352],[106.755872,11.449696],[106.756829,11.453042],[106.752612,11.456229],[106.752599,11.462238],[106.749866,11.467584],[106.753828,11.476451],[106.763676,11.480462],[106.76731,11.479836],[106.768535,11.48271],[106.774768,11.482637],[106.780985,11.48759],[106.790439,11.491782]]]}},{"type":"Feature","properties":{"code":"25807","name":"Xã Thanh An","type":"Xã"},"geometry":{"type":"Polygon","coordinates":[[[106.492054,11.241941],[106.500331,11.227059],[106.506503,11.224354],[106.511185,11.224285],[106.515763,11.219491],[106.47811104760483,11.209051820965902],[106.479218,11.204887],[106.463144,11.195184],[106.431886,11.188356],[106.433759,11.179438],[106.425462,11.17045],[106.416133,11.174363],[106.410335,11.172328],[106.409336,11.180381],[106.410363,11.183245],[106.404965,11.188089],[106.404146,11.183397],[106.399221,11.181496],[106.395567,11.184256],[106.387114,11.186305],[106.387058,11.18902],[106.383614,11.1939],[106.384511,11.200515],[106.386663,11.202762],[106.389193,11.21239],[106.379969,11.217724],[106.383824,11.227714],[106.382403,11.229361],[106.378429,11.229294],[106.377399,11.235874],[106.372954,11.241135],[106.374293,11.243069],[106.372163,11.248579],[106.384267,11.25217],[106.386893,11.252329],[106.387273,11.250821],[106.396199,11.253047],[106.395737,11.25496],[106.409152,11.257415],[106.407834,11.262616],[106.403447,11.261564],[106.402022,11.267184],[106.396276,11.27098],[106.392335,11.286662],[106.397023,11.287967],[106.421583,11.305403],[106.436546,11.310939],[106.45476,11.306973],[106.472598,11.326017],[106.473439,11.323748],[106.470087,11.320166],[106.471146,11.313602],[106.468681,11.311378],[106.466762,11.305731],[106.472723,11.30256],[106.472627,11.294431],[106.477647,11.288088],[106.478678,11.278568],[106.482736,11.272842],[106.4826,11.267589],[106.487428,11.263583],[106.488047,11.260662],[106.490005,11.260131],[106.49253,11.255536],[106.490833,11.250998],[106.491895,11.248759],[106.490594,11.248167],[106.492054,11.241941]],[[106.478111,11.209052],[106.477992,11.209018],[106.47811104760483,11.209051820965902],[106.478111,11.209052]]]}},{"type":"Feature","properties":{"code":"27526","name":"Xã Thái Mỹ","type":"Xã"},"geometry":{"type":"Polygon","coordinates":[[[106.437368,11.109907],[106.444774,11.104371],[106.447006,11.099258],[106.445252,11.097086],[106.451766,11.082358],[106.452265,11.072068],[106.456857,11.054675],[106.454795,11.040972],[106.444898,11.032364],[106.439703,11.023068],[106.450049,11.015702],[106.449349,11.012302],[106.441199,10.999105],[106.439822,10.999844],[106.436835,10.994591],[106.428349,10.988563],[106.433111,10.979941],[106.432758,10.974589],[106.42601,10.962994],[106.411314,10.973781],[106.373023,10.969668],[106.356687,10.991566],[106.359951,10.995298],[106.36695,10.998728],[106.377208,11.000418],[106.38067,10.998426],[106.391339,10.999682],[106.405243,11.003684],[106.406306,11.006204],[106.412804,11.008888],[106.409016,11.014809],[106.408926,11.022498],[106.413796,11.032599],[106.420059,11.036161],[106.422719,11.042763],[106.422569,11.046584],[106.424715,11.047339],[106.42033,11.05202],[106.42224,11.059138],[106.420166,11.063348],[106.422752,11.066051],[106.425714,11.066562],[106.427354,11.074038],[106.425987,11.077952],[106.425953,11.091617],[106.430825,11.092059],[106.431546,11.09831],[106.433809,11.100208],[106.437368,11.109907]]]}},{"type":"Feature","properties":{"code":"25909","name":"Xã Thường Tân","type":"Xã"},"geometry":{"type":"Polygon","coordinates":[[[106.93438,11.187971],[106.940069,11.178487],[106.945958,11.176207],[106.941149,11.167868],[106.953263,11.163783],[106.95568,11.158625],[106.955763,11.152885],[106.965124,11.149296],[106.96667,11.145131],[106.964624,11.142453],[106.955328,11.142096],[106.954016,11.140609],[106.957068,11.135209],[106.953393,11.128925],[106.958277,11.120306],[106.962589,11.116724],[106.965808,11.109654],[106.96557,11.108103],[106.957799,11.107115],[106.959373,11.100302],[106.95283,11.09755],[106.94688,11.089124],[106.947206,11.084437],[106.945145,11.077518],[106.951985,11.07329],[106.952431,11.070866],[106.949026,11.067049],[106.948233,11.060519],[106.945448,11.05731],[106.941562,11.056865],[106.936966,11.063352],[106.933366,11.064842],[106.922527,11.056185],[106.922836,11.047141],[106.912699,11.041268],[106.91122,11.026927],[106.908082,11.022322],[106.905792,11.022049],[106.895099,11.027813],[106.875362,11.020216],[106.871369,11.020265],[106.85819,11.032667],[106.841992,11.038147],[106.838615,11.041341],[106.837034,11.045619],[106.848439,11.050662],[106.850709,11.049808],[106.849482,11.052401],[106.853988,11.0582],[106.861845,11.062032],[106.867891,11.074987],[106.866459,11.077866],[106.876392,11.095426],[106.8799,11.095596],[106.880071,11.101791],[106.886881,11.116907],[106.903597,11.124993],[106.907999,11.129014],[106.906436,11.128742],[106.902621,11.133141],[106.896305,11.146662],[106.903977,11.150949],[106.909012,11.167212],[106.915234,11.166026],[106.918757,11.174045],[106.918508,11.177492],[106.915851,11.177773],[106.915336,11.179852],[106.918569,11.188263],[106.920408,11.189293],[106.924108,11.186871],[106.926912,11.189574],[106.930365,11.18982],[106.93438,11.187971]]]}},{"type":"Feature","properties":{"code":"27676","name":"Xã Thạnh An","type":"Xã"},"geometry":{"type":"MultiPolygon","coordinates":[[[[106.975274,10.467131],[106.976407,10.461045],[106.973789,10.459937],[106.972668,10.46652],[106.973751,10.467289],[106.97255,10.467075],[106.971945,10.469471],[106.973803,10.470352],[106.973948,10.468078],[106.974342,10.470017],[106.973356,10.471049],[106.977719,10.473989],[106.975274,10.467131]]],[[[106.983213,10.480105],[106.984866,10.485394],[106.986893,10.480388],[106.983213,10.480105]]],[[[107.020299,10.598999],[107.02669,10.588675],[107.026926,10.585645],[107.023978,10.577954],[107.012168,10.560364],[107.011262,10.552637],[107.014273,10.548421],[107.02639,10.544711],[107.027069,10.537535],[107.014936,10.52437],[107.00726,10.511318],[106.998412,10.505379],[106.997193,10.502155],[106.998486,10.498979],[106.990798,10.498782],[106.984891,10.491372],[106.983113,10.495921],[106.984459,10.498911],[106.97465,10.498322],[106.975066,10.492314],[106.973951,10.491471],[106.977104,10.485791],[106.971831,10.481307],[106.96733,10.47145],[106.966193,10.463646],[106.962097,10.464758],[106.9564,10.469401],[106.953767,10.468641],[106.94734,10.47226],[106.938573,10.469881],[106.93864,10.473647],[106.949157,10.483363],[106.95084,10.486881],[106.948805,10.512189],[106.946625,10.519138],[106.942861,10.5232],[106.920462,10.531731],[106.93143,10.545124],[106.934695,10.552423],[106.931595,10.563882],[106.920942,10.566492],[106.918231,10.568864],[106.920493,10.577336],[106.932548,10.586325],[106.936443,10.595079],[106.93579,10.599659],[106.941408,10.596741],[106.94657,10.597306],[106.960579,10.593516],[106.968091,10.58975],[106.974433,10.582461],[106.97894,10.582307],[106.983702,10.579113],[106.987127,10.588722],[106.985889,10.596117],[106.990531,10.600288],[106.990606,10.605061],[106.996213,10.605363],[106.998071,10.607681],[107.00067,10.607077],[107.002779,10.610863],[107.006493,10.6098],[107.007638,10.613289],[107.019504,10.60367],[107.020299,10.598999]]]]}},{"type":"Feature","properties":{"code":"25819","name":"Xã Trừ Văn Thố","type":"Xã"},"geometry":{"type":"Polygon","coordinates":[[[106.572632,11.376173],[106.58094,11.380024],[106.588416,11.381706],[106.592062,11.380744],[106.599097,11.386336],[106.613234,11.387422],[106.613222,11.377394],[106.616147,11.363215],[106.632769,11.358793],[106.651697,11.359929],[106.658975,11.355932],[106.643715,11.341355],[106.646022,11.338071],[106.646427,11.330162],[106.641569,11.327513],[106.622983,11.3326],[106.617598,11.331285],[106.610115,11.326003],[106.602944,11.332422],[106.595071,11.331528],[106.590878,11.334237],[106.586787,11.333261],[106.586758,11.327492],[106.584292,11.324892],[106.58625,11.322769],[106.586346,11.293928],[106.581373,11.293324],[106.576641,11.294834],[106.566751,11.292435],[106.553537,11.301937],[106.547495,11.309699],[106.536686,11.315955],[106.540144,11.322109],[106.54983,11.329499],[106.546464,11.335575],[106.543035,11.335062],[106.529503,11.383568],[106.533133,11.385776],[106.535532,11.385347],[106.536765,11.387429],[106.540982,11.387184],[106.546815,11.38292],[106.553074,11.373098],[106.562098,11.369805],[106.570225,11.373394],[106.572632,11.376173]]]}},{"type":"Feature","properties":{"code":"27496","name":"Xã Tân An Hội","type":"Xã"},"geometry":{"type":"Polygon","coordinates":[[[106.450049,11.015702],[106.461386,11.013672],[106.462931,11.014665],[106.464417,11.010882],[106.462806,11.007988],[106.466448,11.006129],[106.464627,11.004889],[106.464154,11.000777],[106.467005,11.000478],[106.468328,10.993825],[106.475011,10.98986],[106.479754,10.989152],[106.479798,10.987341],[106.483941,10.986541],[106.486356,10.986596],[106.485891,10.998268],[106.490972,10.996209],[106.489775,11.006881],[106.504443,11.008411],[106.509336,11.006716],[106.515515,11.007169],[106.496778,10.98589],[106.505054,10.97987],[106.507764,10.980609],[106.503109,10.977951],[106.50578,10.975483],[106.503217,10.975815],[106.501767,10.97003],[106.499665,10.969904],[106.500248,10.963083],[106.498159,10.960597],[106.499426,10.956823],[106.498353,10.956147],[106.50075,10.954603],[106.498049,10.950233],[106.49861,10.94728],[106.487313,10.924974],[106.453698,10.941761],[106.42601,10.962994],[106.432758,10.974589],[106.433335,10.978879],[106.428349,10.988563],[106.436835,10.994591],[106.439822,10.999844],[106.441199,10.999105],[106.450049,11.015702]]]}},{"type":"Feature","properties":{"code":"27595","name":"Xã Tân Nhựt","type":"Xã"},"geometry":{"type":"Polygon","coordinates":[[[106.558786,10.736424],[106.575476,10.732488],[106.578155,10.733696],[106.577478,10.730423],[106.593302,10.725892],[106.600819,10.722061],[106.600076,10.717936],[106.604085,10.717284],[106.60348,10.711336],[106.608767,10.70628],[106.597317,10.701577],[106.592641,10.685005],[106.577862,10.671334],[106.57683,10.673443],[106.57454,10.672006],[106.56994,10.673057],[106.569464,10.679809],[106.562227,10.677426],[106.562779,10.674104],[106.561233,10.673418],[106.558323,10.675725],[106.553005,10.675697],[106.54922,10.686414],[106.535675,10.685529],[106.527201,10.7091],[106.528418,10.714953],[106.536175,10.710907],[106.534843,10.73586],[106.538661,10.74464],[106.557403,10.734858],[106.558713,10.734494],[106.558786,10.736424]]]}},{"type":"Feature","properties":{"code":"27604","name":"Xã Tân Vĩnh Lộc","type":"Xã"},"geometry":{"type":"Polygon","coordinates":[[[106.57002,10.768376],[106.567713,10.7629],[106.505673,10.793736],[106.515817,10.83486],[106.524858,10.832593],[106.524109,10.829605],[106.529084,10.828252],[106.526343,10.818155],[106.527582,10.810049],[106.541413,10.806633],[106.540331,10.802642],[106.559777,10.803968],[106.563077,10.802024],[106.581829,10.815571],[106.585939,10.81281],[106.583469,10.806354],[106.582893,10.797309],[106.585471,10.795726],[106.584446,10.790753],[106.58915,10.787305],[106.588707,10.779068],[106.585573,10.775166],[106.580952,10.774982],[106.575532,10.768826],[106.57002,10.768376]]]}},{"type":"Feature","properties":{"code":"27601","name":"Xã Vĩnh Lộc","type":"Xã"},"geometry":{"type":"Polygon","coordinates":[[[106.53486,10.871886],[106.528684,10.847498],[106.544805,10.843089],[106.54522,10.844759],[106.555825,10.843065],[106.562378,10.844724],[106.56455,10.840772],[106.569251,10.842802],[106.575772,10.842593],[106.576522,10.838368],[106.581998,10.832784],[106.587278,10.83289],[106.593002,10.829398],[106.595165,10.829798],[106.584246,10.817601],[106.563077,10.802024],[106.559777,10.803968],[106.540331,10.802642],[106.541413,10.806633],[106.527582,10.810049],[106.526343,10.818155],[106.529084,10.828252],[106.524109,10.829605],[106.524858,10.832593],[106.515817,10.83486],[106.525884,10.873641],[106.53486,10.871886]]]}},{"type":"Feature","properties":{"code":"26632","name":"Xã Xuyên Mộc","type":"Xã"},"geometry":{"type":"Polygon","coordinates":[[[107.494039,10.611338],[107.492412,10.608659],[107.494805,10.605664],[107.498073,10.605078],[107.500346,10.606556],[107.504159,10.601537],[107.504903,10.599015],[107.502855,10.595368],[107.506191,10.590319],[107.509286,10.589415],[107.511891,10.581756],[107.511762,10.569208],[107.513196,10.565134],[107.517018,10.563355],[107.518565,10.560035],[107.50858,10.55274],[107.509921,10.542932],[107.507722,10.500813],[107.501224,10.499536],[107.497785,10.500965],[107.484087,10.496568],[107.476399,10.49897],[107.470682,10.498305],[107.466087,10.49565],[107.460758,10.48934],[107.423576,10.525033],[107.423434,10.533711],[107.415722,10.539902],[107.416703,10.544429],[107.41358,10.546324],[107.407838,10.55421],[107.410748,10.565955],[107.407605,10.570402],[107.401182,10.573193],[107.401388,10.577054],[107.403368,10.577124],[107.403154,10.581597],[107.409715,10.585073],[107.411335,10.589025],[107.415196,10.589441],[107.419294,10.587509],[107.421139,10.589057],[107.424268,10.5889],[107.425303,10.587221],[107.428002,10.587855],[107.430756,10.584323],[107.433574,10.583807],[107.433576,10.582335],[107.438569,10.583537],[107.43953,10.578701],[107.444367,10.578414],[107.44416,10.576616],[107.465316,10.577079],[107.473175,10.583048],[107.4736,10.591388],[107.479113,10.600764],[107.4761,10.610013],[107.479124,10.611275],[107.491841,10.611184],[107.493049,10.61299],[107.494039,10.611338]]]}},{"type":"Feature","properties":{"code":"26584","name":"Xã Xuân Sơn","type":"Xã"},"geometry":{"type":"Polygon","coordinates":[[[107.352209,10.678529],[107.364465,10.656534],[107.368499,10.653767],[107.364377,10.64622],[107.365746,10.640087],[107.358378,10.635107],[107.355987,10.630848],[107.356565,10.625161],[107.353085,10.621944],[107.356213,10.619425],[107.358033,10.614464],[107.356452,10.611935],[107.352985,10.613575],[107.351211,10.606583],[107.355091,10.60512],[107.356859,10.601337],[107.359698,10.601017],[107.359024,10.598424],[107.363225,10.598289],[107.367713,10.592582],[107.364933,10.592471],[107.363005,10.58969],[107.362365,10.582689],[107.357824,10.580926],[107.357464,10.578839],[107.355442,10.580561],[107.355498,10.577019],[107.353599,10.575503],[107.355548,10.574791],[107.352264,10.574241],[107.352693,10.571951],[107.35025,10.570921],[107.350242,10.569321],[107.347449,10.570552],[107.347685,10.566865],[107.344224,10.568222],[107.338604,10.567596],[107.333231,10.561541],[107.330294,10.560811],[107.324977,10.562807],[107.32533,10.560383],[107.322157,10.559806],[107.322541,10.557588],[107.315503,10.55626],[107.304471,10.563498],[107.30414,10.572216],[107.306196,10.575549],[107.303487,10.580405],[107.300557,10.581593],[107.300166,10.583744],[107.295554,10.5876],[107.295613,10.588726],[107.298204,10.587537],[107.298383,10.598192],[107.303754,10.599298],[107.30508,10.602518],[107.309532,10.604971],[107.310778,10.607665],[107.309954,10.606999],[107.308565,10.609463],[107.30864,10.612164],[107.305005,10.613034],[107.30504,10.616078],[107.307341,10.617757],[107.304252,10.620781],[107.299578,10.630942],[107.296962,10.632877],[107.297403,10.636912],[107.295712,10.638853],[107.299467,10.63981],[107.299267,10.644215],[107.305997,10.643312],[107.302028,10.654629],[107.303809,10.658209],[107.307133,10.656292],[107.309197,10.657454],[107.314866,10.66543],[107.318628,10.667247],[107.319815,10.666458],[107.323029,10.672197],[107.328172,10.676321],[107.338286,10.677939],[107.344158,10.675418],[107.352209,10.678529]]]}},{"type":"Feature","properties":{"code":"27577","name":"Xã Xuân Thới Sơn","type":"Xã"},"geometry":{"type":"Polygon","coordinates":[[[106.495618,10.920878],[106.538317,10.915955],[106.563028,10.918213],[106.575582,10.900289],[106.588919,10.892309],[106.583892,10.888485],[106.606187,10.856882],[106.604226,10.855526],[106.597972,10.858083],[106.595468,10.863443],[106.588968,10.859194],[106.580524,10.857748],[106.577407,10.859755],[106.577027,10.865436],[106.575563,10.867058],[106.567021,10.871802],[106.557936,10.868277],[106.525884,10.873641],[106.532378,10.901625],[106.495618,10.920878]]]}},{"type":"Feature","properties":{"code":"27568","name":"Xã Đông Thạnh","type":"Xã"},"geometry":{"type":"Polygon","coordinates":[[[106.615508,10.867377],[106.607704,10.883005],[106.598573,10.884126],[106.600971,10.884592],[106.602389,10.887689],[106.598135,10.889343],[106.597956,10.892549],[106.602119,10.899369],[106.600534,10.906906],[106.624926,10.915233],[106.638319,10.91609],[106.645899,10.919835],[106.653504,10.919559],[106.657353,10.925761],[106.668163,10.920819],[106.679694,10.923577],[106.685211,10.920584],[106.692669,10.904268],[106.681578,10.898457],[106.679675,10.903512],[106.670682,10.901173],[106.668861,10.891582],[106.66278,10.893002],[106.653264,10.891751],[106.652288,10.894894],[106.649433,10.895329],[106.643334,10.893889],[106.642274,10.892301],[106.631799,10.891741],[106.629086,10.886241],[106.625301,10.883452],[106.62787,10.881178],[106.625772,10.878219],[106.615508,10.867377]]]}},{"type":"Feature","properties":{"code":"26680","name":"Xã Đất Đỏ","type":"Xã"},"geometry":{"type":"Polygon","coordinates":[[[107.274675,10.5772],[107.27719,10.574639],[107.279416,10.574617],[107.282053,10.570789],[107.286344,10.572351],[107.288832,10.566443],[107.295291,10.565709],[107.300022,10.559795],[107.305018,10.559677],[107.306678,10.562413],[107.315503,10.55626],[107.322541,10.557588],[107.322157,10.559806],[107.32533,10.560383],[107.324977,10.562807],[107.330294,10.560811],[107.333231,10.561541],[107.338604,10.567596],[107.344224,10.568222],[107.348679,10.566208],[107.346761,10.563196],[107.342287,10.564323],[107.340932,10.561846],[107.342614,10.559011],[107.34621,10.558229],[107.345514,10.556816],[107.349554,10.552281],[107.348771,10.549596],[107.356749,10.550184],[107.359393,10.553752],[107.36057,10.544167],[107.365049,10.544745],[107.366148,10.543101],[107.367151,10.544103],[107.366484,10.539383],[107.370968,10.53593],[107.371447,10.527053],[107.369875,10.523545],[107.375934,10.50768],[107.37301,10.505481],[107.374049,10.501027],[107.375989,10.501171],[107.372789,10.499136],[107.376908,10.497666],[107.374404,10.496672],[107.374617,10.495304],[107.371805,10.495326],[107.369356,10.498484],[107.363395,10.494705],[107.355274,10.494592],[107.330366,10.480683],[107.322652,10.483088],[107.319412,10.485919],[107.312546,10.48745],[107.311321,10.48423],[107.307488,10.481313],[107.303265,10.480392],[107.300888,10.486441],[107.295785,10.487993],[107.29546,10.47421],[107.288279,10.472181],[107.285854,10.47374],[107.283189,10.4723],[107.280347,10.474308],[107.280328,10.470739],[107.274154,10.465127],[107.268018,10.462582],[107.26722,10.460133],[107.266872,10.461364],[107.264611,10.458544],[107.259606,10.460204],[107.257337,10.462072],[107.257577,10.465459],[107.249742,10.469191],[107.252527,10.476746],[107.252516,10.481455],[107.253711,10.481217],[107.254185,10.488944],[107.251181,10.495676],[107.250733,10.501354],[107.253249,10.505758],[107.250699,10.513319],[107.247015,10.514764],[107.24694,10.513641],[107.24661,10.51306],[107.243917,10.513671],[107.241893,10.509374],[107.239981,10.509912],[107.243993,10.523445],[107.243453,10.526031],[107.247087,10.528882],[107.245333,10.538022],[107.246543,10.537834],[107.247111,10.544503],[107.24914,10.545342],[107.247142,10.548807],[107.253014,10.549281],[107.256671,10.560301],[107.259717,10.560316],[107.259327,10.562995],[107.262269,10.564944],[107.260988,10.567526],[107.264163,10.566677],[107.26803,10.572664],[107.271396,10.569081],[107.273665,10.569513],[107.274675,10.5772]]]}},{"type":"Feature","properties":{"code":"26732","name":"Đặc khu Côn Đảo","type":"Đặc khu"},"geometry":{"type":"MultiPolygon","coordinates":[[[[106.088747,8.578333],[106.089658,8.577823],[106.089137,8.577061],[106.088747,8.578333]]],[[[106.145709,8.606515],[106.142234,8.610401],[106.142267,8.610904],[106.145332,8.60922],[106.145709,8.606515]]],[[[106.556499,8.628546],[106.557167,8.630128],[106.558458,8.629884],[106.55854,8.628577],[106.556499,8.628546]]],[[[106.572958,8.640949],[106.566131,8.639781],[106.561066,8.635585],[106.559603,8.630537],[106.558102,8.630932],[106.557472,8.634218],[106.553623,8.636566],[106.553392,8.647458],[106.549004,8.644444],[106.546781,8.646856],[106.541851,8.647279],[106.540229,8.653313],[106.540838,8.661004],[106.544876,8.660816],[106.548499,8.657988],[106.550085,8.664757],[106.551989,8.664749],[106.554204,8.663125],[106.555336,8.65693],[106.559542,8.65098],[106.564211,8.652014],[106.575922,8.645572],[106.572958,8.640949]]],[[[106.556285,8.683684],[106.555365,8.687898],[106.557942,8.688988],[106.559848,8.683942],[106.556285,8.683684]]],[[[106.538127,8.709728],[106.547742,8.708981],[106.54918,8.707693],[106.546258,8.703666],[106.536612,8.706155],[106.538127,8.709728]]],[[[106.550388,8.71163],[106.550909,8.711877],[106.551167,8.70998],[106.550388,8.71163]]],[[[106.584468,8.735558],[106.585553,8.737333],[106.589297,8.737146],[106.588381,8.735221],[106.584468,8.735558]]],[[[106.636934,8.637276],[106.63026,8.632577],[106.62716,8.63615],[106.629922,8.639067],[106.636934,8.637276]]],[[[106.619976,8.635467],[106.61758,8.634975],[106.617478,8.63809],[106.619198,8.638987],[106.620591,8.637589],[106.619976,8.635467]]],[[[106.622202,8.63901],[106.622537,8.639361],[106.62347,8.638405],[106.622202,8.63901]]],[[[106.673963,8.651091],[106.67525,8.651889],[106.675923,8.650049],[106.673963,8.651091]]],[[[106.692399,8.669398],[106.694881,8.672889],[106.696237,8.679486],[106.701379,8.677712],[106.703904,8.671528],[106.709753,8.669794],[106.710881,8.667249],[106.705497,8.66334],[106.696024,8.660316],[106.682378,8.667625],[106.679097,8.663756],[106.678143,8.655874],[106.676095,8.656401],[106.670648,8.660656],[106.660698,8.676565],[106.663151,8.681358],[106.671913,8.681105],[106.681532,8.668907],[106.686051,8.674964],[106.690625,8.669535],[106.692399,8.669398]]],[[[106.735826,8.688483],[106.73348,8.688076],[106.740352,8.698809],[106.741671,8.698085],[106.741446,8.694947],[106.743217,8.69461],[106.743307,8.688061],[106.740367,8.682602],[106.739723,8.686283],[106.735826,8.688483]]],[[[106.67017,8.752518],[106.668956,8.749988],[106.665405,8.747175],[106.661502,8.746489],[106.659569,8.752943],[106.655773,8.753773],[106.65275,8.749798],[106.652426,8.74654],[106.654555,8.745171],[106.656469,8.747933],[106.656884,8.744056],[106.664897,8.739811],[106.663281,8.733359],[106.661008,8.730498],[106.643317,8.731771],[106.638789,8.724163],[106.637245,8.71797],[106.638772,8.71188],[106.655009,8.700381],[106.659221,8.696105],[106.65964,8.692945],[106.651636,8.691807],[106.643969,8.698341],[106.633975,8.700107],[106.630018,8.696398],[106.627361,8.68794],[106.623361,8.691923],[106.61671,8.688506],[106.609518,8.682029],[106.605185,8.680756],[106.601177,8.676706],[106.597499,8.67043],[106.597479,8.667067],[106.601449,8.663434],[106.604426,8.656527],[106.610404,8.648984],[106.61354,8.640323],[106.60766,8.639845],[106.598016,8.644407],[106.589387,8.646144],[106.576823,8.645568],[106.576738,8.646735],[106.580255,8.64696],[106.580801,8.648333],[106.574553,8.652531],[106.566158,8.662711],[106.562532,8.673105],[106.559753,8.675665],[106.560613,8.681852],[106.565029,8.684677],[106.569245,8.692518],[106.574613,8.691168],[106.579184,8.706507],[106.583723,8.704767],[106.586579,8.706585],[106.590077,8.706355],[106.590671,8.710336],[106.588965,8.716264],[106.593776,8.724618],[106.601083,8.723966],[106.602873,8.72659],[106.609908,8.729718],[106.613343,8.734583],[106.620203,8.730535],[106.624848,8.737166],[106.624713,8.739272],[106.622172,8.741053],[106.623385,8.74344],[106.634368,8.747699],[106.640547,8.752983],[106.650364,8.754423],[106.656018,8.760619],[106.657889,8.75951],[106.664624,8.759911],[106.664563,8.756945],[106.668933,8.75549],[106.67017,8.752518]]],[[[106.719645,8.778741],[106.721006,8.777835],[106.72037,8.777417],[106.719645,8.778741]]]]}}]}