{"type":"FeatureCollection","features":[{"type":"Feature","properties":{"code":"25732","name":"Phường An Tịnh","type":"Phường"},"geometry":{"type":"Polygon","coordinates":[[[106.367061,11.130601],[106.371015,11.129309],[106.378284,11.12245],[106.378911,11.123793],[106.386653,11.12433],[106.389405,11.121109],[106.399186,11.117355],[106.399746,11.113707],[106.402616,11.113408],[106.426457,11.084394],[106.425987,11.077952],[106.427422,11.074673],[106.425714,11.066562],[106.422752,11.066051],[106.420166,11.063348],[106.42224,11.059138],[106.42033,11.05202],[106.424715,11.047339],[106.422569,11.046584],[106.422719,11.042763],[106.420059,11.036161],[106.413796,11.032599],[106.408926,11.022498],[106.409016,11.014809],[106.412804,11.008888],[106.406306,11.006204],[106.405243,11.003684],[106.391339,10.999682],[106.38067,10.998426],[106.377208,11.000418],[106.36695,10.998728],[106.359951,10.995298],[106.356687,10.991566],[106.345694,11.00604],[106.349406,11.012961],[106.350573,11.021501],[106.357726,11.023274],[106.357972,11.021936],[106.365963,11.021806],[106.36785,11.028193],[106.373787,11.037085],[106.376485,11.038661],[106.384717,11.059311],[106.382424,11.060958],[106.382928,11.065027],[106.377963,11.066915],[106.375516,11.071821],[106.370767,11.073017],[106.371119,11.070854],[106.36705,11.070196],[106.359953,11.083549],[106.359126,11.09702],[106.355787,11.109583],[106.356285,11.115489],[106.35484,11.115408],[106.355309,11.119381],[106.352766,11.120124],[106.353074,11.125946],[106.358834,11.130175],[106.367061,11.130601]]]}},{"type":"Feature","properties":{"code":"25480","name":"Phường Bình Minh","type":"Phường"},"geometry":{"type":"Polygon","coordinates":[[[106.159624,11.438738],[106.162975,11.43681],[106.163897,11.431782],[106.167733,11.429287],[106.171819,11.428947],[106.175021,11.426243],[106.176833,11.421305],[106.179044,11.421164],[106.181887,11.409919],[106.18048,11.402441],[106.182261,11.398932],[106.178973,11.396826],[106.186548,11.389572],[106.185249,11.389703],[106.186103,11.386682],[106.18853,11.388861],[106.191583,11.386963],[106.188959,11.382813],[106.188828,11.379193],[106.186442,11.375173],[106.187421,11.372488],[106.184916,11.367291],[106.182472,11.365268],[106.178813,11.365209],[106.178168,11.363679],[106.170841,11.363278],[106.128081,11.343492],[106.129643,11.3427],[106.131762,11.331234],[106.124037,11.330034],[106.124174,11.324956],[106.122938,11.323938],[106.119492,11.327495],[106.116358,11.327262],[106.108984,11.330876],[106.106599,11.336483],[106.104257,11.337383],[106.098131,11.335404],[106.087315,11.340736],[106.079581,11.327504],[106.077625,11.326692],[106.073652,11.329642],[106.072551,11.33177],[106.07898,11.33595],[106.080174,11.351351],[106.075783,11.354154],[106.07269,11.359011],[106.077142,11.376292],[106.074383,11.383487],[106.076035,11.388633],[106.071544,11.394833],[106.073915,11.39672],[106.07737,11.404747],[106.074095,11.410283],[106.075937,11.411873],[106.077724,11.411233],[106.091132,11.400341],[106.095683,11.393243],[106.098788,11.392162],[106.098911,11.396714],[106.101151,11.400202],[106.099307,11.404894],[106.099624,11.409413],[106.102534,11.413085],[106.101417,11.414594],[106.103319,11.417121],[106.097645,11.424508],[106.106741,11.431223],[106.110652,11.437144],[106.113244,11.438119],[106.116092,11.4338],[106.123618,11.432128],[106.126624,11.42885],[106.129741,11.428775],[106.130664,11.426516],[106.135927,11.425653],[106.144103,11.429614],[106.152239,11.436502],[106.159624,11.438738]]]}},{"type":"Feature","properties":{"code":"25672","name":"Phường Gia Lộc","type":"Phường"},"geometry":{"type":"Polygon","coordinates":[[[106.354842,11.115634],[106.356285,11.115489],[106.355787,11.109583],[106.359126,11.09702],[106.359953,11.083549],[106.366844,11.070553],[106.371119,11.070854],[106.370767,11.073017],[106.375516,11.071821],[106.377963,11.066915],[106.382928,11.065027],[106.382424,11.060958],[106.384717,11.059311],[106.380216,11.049103],[106.374114,11.048279],[106.370329,11.05072],[106.369422,11.049561],[106.360696,11.050276],[106.359483,11.044391],[106.353169,11.042902],[106.352462,11.044414],[106.347874,11.040836],[106.350427,11.039247],[106.349095,11.037684],[106.32938,11.055288],[106.331493,11.059924],[106.33811,11.061073],[106.342214,11.06514],[106.335778,11.074602],[106.326811,11.095069],[106.308632,11.101262],[106.304291,11.099805],[106.300561,11.105847],[106.304127,11.10895],[106.310328,11.110427],[106.314334,11.11532],[106.310554,11.129854],[106.31133,11.134475],[106.310011,11.139824],[106.32846,11.158425],[106.357361,11.129093],[106.353074,11.125946],[106.352766,11.120124],[106.355309,11.119381],[106.354842,11.115634]]]}},{"type":"Feature","properties":{"code":"25654","name":"Phường Gò Dầu","type":"Phường"},"geometry":{"type":"Polygon","coordinates":[[[106.300561,11.105847],[106.304291,11.099805],[106.308632,11.101262],[106.326811,11.095069],[106.335778,11.074602],[106.342214,11.06514],[106.33811,11.061073],[106.331493,11.059924],[106.32815,11.053561],[106.317793,11.050523],[106.312306,11.044871],[106.307717,11.044197],[106.305101,11.040493],[106.297685,11.041418],[106.299373,11.046409],[106.287546,11.048773],[106.285877,11.058208],[106.276346,11.053887],[106.27078,11.047107],[106.265483,11.050161],[106.262757,11.055645],[106.268505,11.061451],[106.269754,11.065703],[106.25882,11.090382],[106.254147,11.093764],[106.256588,11.099431],[106.258477,11.100079],[106.261638,11.105263],[106.280916,11.097743],[106.300561,11.105847]]]}},{"type":"Feature","properties":{"code":"25645","name":"Phường Hòa Thành","type":"Phường"},"geometry":{"type":"Polygon","coordinates":[[[106.121166,11.288708],[106.124522,11.286776],[106.122619,11.282646],[106.125911,11.278943],[106.136042,11.28024],[106.139387,11.241523],[106.136114,11.241011],[106.135147,11.239298],[106.124351,11.239236],[106.116088,11.247994],[106.113722,11.248409],[106.103504,11.244458],[106.101479,11.235458],[106.093223,11.229552],[106.088508,11.228892],[106.087449,11.231489],[106.090946,11.236361],[106.090589,11.239173],[106.093639,11.245623],[106.092544,11.252511],[106.095925,11.257948],[106.092833,11.259473],[106.09327,11.268913],[106.09497,11.271153],[106.113179,11.278487],[106.121166,11.288708]]]}},{"type":"Feature","properties":{"code":"27715","name":"Phường Khánh Hậu","type":"Phường"},"geometry":{"type":"Polygon","coordinates":[[[106.382794,10.541156],[106.377995,10.535414],[106.377385,10.530224],[106.380927,10.52691],[106.382046,10.521553],[106.389679,10.517928],[106.392917,10.509284],[106.397831,10.508128],[106.388888,10.475646],[106.384179,10.479314],[106.379518,10.480268],[106.378898,10.483054],[106.370567,10.487838],[106.374464,10.494177],[106.368629,10.497984],[106.371712,10.50633],[106.366539,10.511166],[106.369304,10.51766],[106.361223,10.523492],[106.359083,10.521449],[106.355227,10.522678],[106.351131,10.52858],[106.347577,10.52911],[106.349015,10.54039],[106.347041,10.541827],[106.348134,10.544736],[106.368948,10.560553],[106.373624,10.552608],[106.38143,10.549129],[106.382794,10.541156]]]}},{"type":"Feature","properties":{"code":"27787","name":"Phường Kiến Tường","type":"Phường"},"geometry":{"type":"Polygon","coordinates":[[[105.927223,10.784042],[105.933723,10.781004],[105.942764,10.779453],[105.952632,10.771731],[105.960093,10.762879],[105.968537,10.759241],[105.971317,10.753411],[105.970065,10.743064],[105.965438,10.743623],[105.964785,10.746087],[105.96076,10.745364],[105.956949,10.736589],[105.949421,10.73459],[105.949361,10.732725],[105.943301,10.73382],[105.943231,10.732009],[105.932432,10.728784],[105.922267,10.730628],[105.925285,10.740911],[105.910006,10.758052],[105.918381,10.770941],[105.917779,10.776211],[105.921515,10.781824],[105.921299,10.784227],[105.927223,10.784042]]]}},{"type":"Feature","properties":{"code":"27694","name":"Phường Long An","type":"Phường"},"geometry":{"type":"Polygon","coordinates":[[[106.390554,10.573439],[106.401755,10.573436],[106.406866,10.569986],[106.412292,10.571564],[106.412233,10.57017],[106.416259,10.569875],[106.416628,10.568147],[106.420026,10.56934],[106.420726,10.564262],[106.432769,10.578572],[106.442274,10.574411],[106.429011,10.55475],[106.439933,10.546135],[106.43809,10.545557],[106.436695,10.539707],[106.431295,10.539966],[106.430053,10.526559],[106.426251,10.521322],[106.421463,10.520787],[106.420543,10.525877],[106.407325,10.528818],[106.403928,10.524076],[106.397831,10.508128],[106.392917,10.509284],[106.389679,10.517928],[106.382046,10.521553],[106.380927,10.52691],[106.377385,10.530224],[106.378017,10.535457],[106.382777,10.540694],[106.38143,10.549129],[106.373624,10.552608],[106.368948,10.560553],[106.382065,10.568573],[106.38316,10.575053],[106.38574,10.576448],[106.389917,10.575907],[106.390554,10.573439]]]}},{"type":"Feature","properties":{"code":"25630","name":"Phường Long Hoa","type":"Phường"},"geometry":{"type":"Polygon","coordinates":[[[106.138532,11.305227],[106.141872,11.296389],[106.141341,11.294035],[106.146281,11.297561],[106.147466,11.301391],[106.152272,11.295927],[106.153869,11.290765],[106.160364,11.291541],[106.161056,11.296616],[106.164214,11.299184],[106.169208,11.298952],[106.174192,11.291289],[106.178402,11.292364],[106.178951,11.290141],[106.181959,11.289886],[106.186251,11.291834],[106.189638,11.289452],[106.190813,11.291209],[106.193527,11.291108],[106.194655,11.284938],[106.200597,11.277684],[106.197662,11.261765],[106.203526,11.261554],[106.204967,11.256318],[106.199563,11.254443],[106.197566,11.251811],[106.188574,11.228595],[106.18577,11.229706],[106.18191,11.222461],[106.178778,11.220725],[106.176473,11.222676],[106.171882,11.221456],[106.166739,11.213447],[106.163066,11.213459],[106.163101,11.211282],[106.156327,11.210446],[106.155872,11.213184],[106.148493,11.212599],[106.145838,11.221022],[106.135147,11.239298],[106.136114,11.241011],[106.139387,11.241523],[106.136042,11.28024],[106.125911,11.278943],[106.122619,11.282646],[106.124522,11.286776],[106.123596,11.289522],[106.126617,11.290953],[106.129108,11.304773],[106.138532,11.305227]]]}},{"type":"Feature","properties":{"code":"25567","name":"Phường Ninh Thạnh","type":"Phường"},"geometry":{"type":"Polygon","coordinates":[[[106.207229,11.268198],[106.203508,11.261554],[106.197662,11.261765],[106.20065,11.277459],[106.194655,11.284938],[106.193527,11.291108],[106.190813,11.291209],[106.189638,11.289452],[106.186251,11.291834],[106.181959,11.289886],[106.178951,11.290141],[106.178402,11.292364],[106.174192,11.291289],[106.169208,11.298952],[106.164214,11.299184],[106.161056,11.296616],[106.160364,11.291541],[106.153869,11.290765],[106.152272,11.295927],[106.147466,11.301391],[106.146281,11.297561],[106.141341,11.294035],[106.141872,11.296389],[106.138536,11.30529],[106.132735,11.305342],[106.131096,11.319004],[106.124649,11.321172],[106.12316,11.324221],[106.124037,11.330034],[106.131762,11.331234],[106.129643,11.3427],[106.128081,11.343492],[106.170841,11.363278],[106.178168,11.363679],[106.17937,11.355686],[106.176961,11.354764],[106.176255,11.35249],[106.179468,11.350976],[106.175967,11.34493],[106.178428,11.34279],[106.178164,11.335681],[106.182128,11.334992],[106.183148,11.332548],[106.182082,11.331066],[106.189097,11.324729],[106.193137,11.32686],[106.195648,11.326078],[106.196238,11.328328],[106.202132,11.328164],[106.202145,11.324538],[106.215874,11.318404],[106.211332,11.312405],[106.209454,11.269728],[106.209094,11.267692],[106.207229,11.268198]]]}},{"type":"Feature","properties":{"code":"25633","name":"Phường Thanh Điền","type":"Phường"},"geometry":{"type":"Polygon","coordinates":[[[106.086087,11.303613],[106.088321,11.298489],[106.097409,11.296343],[106.096653,11.292119],[106.104402,11.29847],[106.106248,11.295052],[106.117945,11.296144],[106.129174,11.304183],[106.126617,11.290953],[106.123596,11.289522],[106.1236,11.287342],[106.121166,11.288708],[106.113179,11.278487],[106.09497,11.271153],[106.09327,11.268913],[106.092833,11.259473],[106.095925,11.257948],[106.092544,11.252511],[106.093641,11.246197],[106.092654,11.241241],[106.088273,11.232476],[106.087449,11.231489],[106.085554,11.234607],[106.082985,11.235194],[106.075989,11.230147],[106.071065,11.22946],[106.062936,11.233964],[106.0589,11.241751],[106.05864,11.24591],[106.064328,11.251922],[106.067368,11.260507],[106.066236,11.30109],[106.073023,11.302876],[106.081055,11.302524],[106.08342,11.305769],[106.086087,11.303613]]]}},{"type":"Feature","properties":{"code":"25708","name":"Phường Trảng Bàng","type":"Phường"},"geometry":{"type":"Polygon","coordinates":[[[106.287637,11.048769],[106.299373,11.046409],[106.297685,11.041418],[106.305101,11.040493],[106.307717,11.044197],[106.312306,11.044871],[106.317793,11.050523],[106.327419,11.053127],[106.32938,11.055288],[106.349095,11.037684],[106.350427,11.039247],[106.347874,11.040836],[106.352462,11.044414],[106.353169,11.042902],[106.359483,11.044391],[106.360696,11.050276],[106.369422,11.049561],[106.370329,11.05072],[106.374114,11.048279],[106.380216,11.049103],[106.376485,11.038661],[106.373787,11.037085],[106.36785,11.028193],[106.365963,11.021806],[106.357972,11.021936],[106.357726,11.023274],[106.350573,11.021501],[106.349406,11.012961],[106.34568,11.006131],[106.351084,10.998865],[106.345469,10.994736],[106.342966,11.001252],[106.337367,11.005505],[106.311984,11.019964],[106.300794,11.022657],[106.296932,11.025777],[106.291725,11.025408],[106.29108,11.023423],[106.287348,11.024576],[106.287982,11.021857],[106.284188,11.022099],[106.278923,11.015975],[106.273928,11.021739],[106.277818,11.027972],[106.276824,11.0362],[106.278081,11.041356],[106.27078,11.047107],[106.276346,11.053887],[106.285877,11.058208],[106.287637,11.048769]]]}},{"type":"Feature","properties":{"code":"27712","name":"Phường Tân An","type":"Phường"},"geometry":{"type":"Polygon","coordinates":[[[106.460488,10.551831],[106.458099,10.536124],[106.455624,10.532583],[106.45664,10.529169],[106.450592,10.53151],[106.448657,10.53025],[106.442441,10.520815],[106.434027,10.517625],[106.434038,10.514459],[106.430404,10.510122],[106.428006,10.502111],[106.422196,10.501344],[106.423266,10.497371],[106.418617,10.495149],[106.414646,10.495254],[106.414339,10.488695],[106.407838,10.492056],[106.404217,10.491593],[106.403622,10.493101],[106.400446,10.484632],[106.396248,10.485862],[106.393051,10.477328],[106.389592,10.476593],[106.39868,10.511283],[106.405856,10.527309],[106.407325,10.528818],[106.420543,10.525877],[106.421463,10.520787],[106.426251,10.521322],[106.430053,10.526559],[106.431295,10.539966],[106.436695,10.539707],[106.43809,10.545557],[106.439933,10.546135],[106.429011,10.55475],[106.441718,10.574025],[106.445024,10.57363],[106.446802,10.571725],[106.454079,10.557193],[106.453765,10.555044],[106.460488,10.551831]]]}},{"type":"Feature","properties":{"code":"25459","name":"Phường Tân Ninh","type":"Phường"},"geometry":{"type":"Polygon","coordinates":[[[106.087315,11.340736],[106.098854,11.335307],[106.104257,11.337383],[106.106599,11.336483],[106.108984,11.330876],[106.116358,11.327262],[106.119492,11.327495],[106.124649,11.321172],[106.131096,11.319004],[106.132735,11.305342],[106.129653,11.305204],[106.117945,11.296144],[106.106248,11.295052],[106.104402,11.29847],[106.096653,11.292119],[106.097409,11.296343],[106.088321,11.298489],[106.088277,11.300899],[106.086713,11.300605],[106.08494,11.305182],[106.08342,11.305769],[106.081055,11.302524],[106.076026,11.302965],[106.076888,11.311492],[106.082722,11.313107],[106.08065,11.315653],[106.080871,11.318158],[106.076742,11.318649],[106.077626,11.326692],[106.080329,11.328252],[106.087315,11.340736]]]}},{"type":"Feature","properties":{"code":"28243","name":"Xã An Lục Long","type":"Xã"},"geometry":{"type":"Polygon","coordinates":[[[106.44762,10.451485],[106.45402,10.450946],[106.454648,10.449371],[106.457997,10.450312],[106.46112,10.448452],[106.465905,10.448576],[106.460359,10.441799],[106.461395,10.438491],[106.465567,10.434677],[106.465504,10.432231],[106.47067,10.435683],[106.471753,10.438654],[106.476932,10.436839],[106.482606,10.442954],[106.484019,10.440582],[106.488052,10.444534],[106.491078,10.440055],[106.490328,10.438569],[106.493064,10.436468],[106.49536,10.437023],[106.497366,10.435525],[106.49963,10.437384],[106.501675,10.433303],[106.503444,10.43445],[106.505369,10.428633],[106.506819,10.429683],[106.509572,10.427703],[106.508538,10.423177],[106.504675,10.423136],[106.49921,10.415229],[106.497202,10.416697],[106.496713,10.414584],[106.49271,10.41392],[106.486474,10.408783],[106.486103,10.403513],[106.481392,10.404832],[106.480145,10.396705],[106.472549,10.398767],[106.467748,10.39656],[106.463286,10.400507],[106.458937,10.395421],[106.455662,10.394556],[106.454106,10.400358],[106.450097,10.39822],[106.447882,10.398689],[106.448919,10.40438],[106.45447,10.400834],[106.45969,10.404868],[106.451847,10.413356],[106.449124,10.411193],[106.446308,10.412088],[106.446152,10.413615],[106.440343,10.414889],[106.439208,10.411711],[106.43154,10.415368],[106.427908,10.409792],[106.424681,10.411374],[106.426315,10.414422],[106.420368,10.421828],[106.42118,10.427722],[106.41478,10.429868],[106.415509,10.433549],[106.418434,10.434971],[106.427292,10.433831],[106.427419,10.436546],[106.430815,10.436507],[106.435339,10.439011],[106.439312,10.445091],[106.442215,10.444266],[106.44762,10.451485]]]}},{"type":"Feature","properties":{"code":"27943","name":"Xã An Ninh","type":"Xã"},"geometry":{"type":"Polygon","coordinates":[[[106.297132,11.02553],[106.300794,11.022657],[106.311984,11.019964],[106.337367,11.005505],[106.342966,11.001252],[106.345469,10.994736],[106.351084,10.998865],[106.361779,10.984732],[106.358906,10.982618],[106.360335,10.979112],[106.357395,10.977321],[106.356733,10.972218],[106.351559,10.9647],[106.348276,10.964162],[106.343765,10.970514],[106.343385,10.96885],[106.340968,10.969358],[106.340034,10.966067],[106.336836,10.966744],[106.334529,10.964291],[106.331765,10.964011],[106.334636,10.956609],[106.328722,10.953481],[106.327237,10.947859],[106.323768,10.948222],[106.323359,10.946012],[106.319221,10.94609],[106.318294,10.940338],[106.320952,10.937273],[106.315645,10.930138],[106.307929,10.928011],[106.302072,10.927604],[106.299903,10.941607],[106.284391,10.955341],[106.289873,10.972207],[106.277022,10.97444],[106.272141,10.97728],[106.273982,10.981979],[106.2839,10.986867],[106.28684,10.992799],[106.282976,11.004462],[106.270773,11.013257],[106.272304,11.018819],[106.273928,11.021739],[106.279065,11.015931],[106.284053,11.02201],[106.287982,11.021857],[106.287348,11.024576],[106.290986,11.023413],[106.291725,11.025408],[106.297132,11.02553]]]}},{"type":"Feature","properties":{"code":"27793","name":"Xã Bình Hiệp","type":"Xã"},"geometry":{"type":"Polygon","coordinates":[[[105.971696,10.894519],[106.010956,10.853893],[106.036669,10.835735],[105.954898,10.76894],[105.941637,10.780121],[105.934462,10.780803],[105.923591,10.784754],[105.919299,10.791607],[105.912731,10.791413],[105.904047,10.798058],[105.897759,10.800664],[105.895011,10.804979],[105.89538,10.811731],[105.892795,10.815391],[105.89014,10.816064],[105.882134,10.813355],[105.880036,10.818334],[105.875377,10.821572],[105.895282,10.834671],[105.896903,10.8384],[105.89564,10.838639],[105.895697,10.841669],[105.898607,10.844675],[105.935889,10.839006],[105.936202,10.846732],[105.930602,10.84979],[105.932497,10.851299],[105.929018,10.859654],[105.93056,10.86428],[105.932811,10.866975],[105.935517,10.865666],[105.937563,10.869259],[105.939916,10.868987],[105.939384,10.870854],[105.941118,10.872605],[105.945725,10.87297],[105.950809,10.880028],[105.956468,10.883829],[105.950662,10.889019],[105.952294,10.891546],[105.951827,10.897036],[105.944261,10.909793],[105.944604,10.917751],[105.971696,10.894519]]]}},{"type":"Feature","properties":{"code":"27811","name":"Xã Bình Hòa","type":"Xã"},"geometry":{"type":"Polygon","coordinates":[[[106.070919,10.811752],[106.096013,10.807699],[106.117271,10.808927],[106.115617,10.783962],[106.114902,10.782176],[106.097831,10.783499],[106.09681,10.778944],[106.081402,10.782931],[106.078388,10.778335],[106.070526,10.783841],[106.068607,10.783098],[106.068876,10.77599],[106.066504,10.775251],[106.067937,10.774314],[106.065404,10.772437],[106.062006,10.758271],[106.055589,10.750675],[106.052815,10.735689],[106.05567,10.732277],[106.055153,10.728127],[106.051884,10.727966],[106.041121,10.722074],[106.027098,10.733498],[106.014593,10.734819],[106.001783,10.72097],[105.991808,10.713382],[105.983522,10.722072],[105.976395,10.726602],[105.975686,10.736366],[105.970065,10.743064],[105.971321,10.753275],[105.970111,10.756998],[105.966933,10.760507],[105.960093,10.762879],[105.954898,10.76894],[106.036244,10.83562],[106.070919,10.811752]]]}},{"type":"Feature","properties":{"code":"27868","name":"Xã Bình Thành","type":"Xã"},"geometry":{"type":"Polygon","coordinates":[[[106.222007,10.819113],[106.226249,10.81469],[106.239975,10.809036],[106.266121,10.777855],[106.244511,10.761928],[106.233139,10.703294],[106.229304,10.70412],[106.217502,10.712066],[106.178787,10.718933],[106.178091,10.723534],[106.175308,10.725778],[106.17701,10.72854],[106.152767,10.733178],[106.147767,10.749263],[106.106565,10.759678],[106.115672,10.78415],[106.117271,10.808927],[106.164543,10.811658],[106.190087,10.790018],[106.189021,10.817941],[106.222007,10.819113]]]}},{"type":"Feature","properties":{"code":"28015","name":"Xã Bình Đức","type":"Xã"},"geometry":{"type":"Polygon","coordinates":[[[106.394424,10.689504],[106.413149,10.68749],[106.415136,10.684776],[106.417839,10.685869],[106.423972,10.674947],[106.43172,10.670469],[106.440167,10.66836],[106.446678,10.671452],[106.450035,10.670464],[106.448367,10.662334],[106.435607,10.653344],[106.435253,10.644972],[106.437667,10.643731],[106.445955,10.646847],[106.456901,10.647748],[106.464826,10.650401],[106.470972,10.646926],[106.473848,10.641759],[106.475433,10.631424],[106.483429,10.621056],[106.482528,10.605333],[106.483659,10.597419],[106.478001,10.59548],[106.475008,10.596365],[106.473382,10.59458],[106.474381,10.592337],[106.4717,10.589275],[106.468816,10.591699],[106.465392,10.589347],[106.459753,10.590149],[106.459526,10.59278],[106.457346,10.592722],[106.457344,10.596348],[106.445913,10.597733],[106.443571,10.596642],[106.442556,10.598989],[106.444594,10.6031],[106.441806,10.605146],[106.43591,10.603241],[106.434951,10.605978],[106.436186,10.610133],[106.432646,10.612043],[106.434884,10.616503],[106.432819,10.618306],[106.430334,10.61801],[106.42929,10.621448],[106.434116,10.625267],[106.434014,10.630032],[106.428135,10.634738],[106.424384,10.634291],[106.414031,10.641605],[106.411735,10.644821],[106.409544,10.644597],[106.402112,10.66126],[106.373373,10.694417],[106.375278,10.696008],[106.394424,10.689504]]]}},{"type":"Feature","properties":{"code":"25681","name":"Xã Bến Cầu","type":"Xã"},"geometry":{"type":"Polygon","coordinates":[[[106.183008,11.165862],[106.186558,11.155654],[106.193643,11.15071],[106.219598,11.156984],[106.224909,11.156436],[106.229613,11.153315],[106.230274,11.147707],[106.237785,11.130819],[106.236436,11.126103],[106.233794,11.123614],[106.226476,11.125525],[106.223019,11.123987],[106.222272,11.121038],[106.224995,11.105301],[106.227313,11.10111],[106.239938,11.0941],[106.245005,11.088724],[106.252925,11.093856],[106.258387,11.091066],[106.269754,11.065703],[106.268807,11.061917],[106.265019,11.058222],[106.259194,11.061219],[106.246138,11.061075],[106.23948,11.056492],[106.236917,11.052321],[106.201863,11.060116],[106.184098,11.057027],[106.173307,11.076178],[106.15408,11.102177],[106.143818,11.100221],[106.142389,11.101444],[106.140274,11.104515],[106.138114,11.121274],[106.132184,11.126774],[106.127984,11.136848],[106.125183,11.13799],[106.133045,11.156179],[106.143021,11.163969],[106.156909,11.157213],[106.166167,11.159315],[106.171279,11.1653],[106.175395,11.167653],[106.183008,11.165862]]]}},{"type":"Feature","properties":{"code":"27991","name":"Xã Bến Lức","type":"Xã"},"geometry":{"type":"Polygon","coordinates":[[[106.496354,10.697328],[106.506032,10.687891],[106.501908,10.682436],[106.507584,10.68065],[106.510217,10.678062],[106.51272,10.679155],[106.512652,10.677029],[106.523719,10.657462],[106.523276,10.654494],[106.526529,10.647474],[106.523986,10.646654],[106.520044,10.648725],[106.513864,10.655361],[106.510602,10.654027],[106.509903,10.649668],[106.504341,10.650293],[106.499386,10.643756],[106.511239,10.631533],[106.511953,10.626566],[106.509725,10.626066],[106.508206,10.628648],[106.504915,10.627328],[106.50214,10.623634],[106.503468,10.621116],[106.501618,10.619924],[106.502389,10.618083],[106.499016,10.619085],[106.493861,10.616628],[106.493479,10.613199],[106.48483,10.613559],[106.482875,10.622619],[106.475433,10.631424],[106.473346,10.643344],[106.469338,10.648447],[106.464826,10.650401],[106.436649,10.643679],[106.435253,10.644972],[106.434947,10.651802],[106.437324,10.655535],[106.444068,10.658156],[106.449526,10.664132],[106.450431,10.669541],[106.447684,10.671491],[106.447638,10.673654],[106.449718,10.675334],[106.447701,10.687734],[106.474382,10.690046],[106.485749,10.694204],[106.481374,10.705882],[106.489218,10.711563],[106.497226,10.701616],[106.496354,10.697328]]]}},{"type":"Feature","properties":{"code":"25585","name":"Xã Châu Thành","type":"Xã"},"geometry":{"type":"Polygon","coordinates":[[[106.024204,11.30126],[106.021129,11.304818],[106.019882,11.303836],[106.018129,11.3069],[106.017161,11.325332],[106.022821,11.335592],[106.015616,11.35035],[106.018115,11.354737],[106.01908,11.362715],[106.022676,11.364965],[106.024007,11.367907],[106.019704,11.384494],[106.020104,11.391729],[106.021954,11.391381],[106.023134,11.393444],[106.023167,11.414941],[106.030209,11.414685],[106.030471,11.410637],[106.032972,11.410209],[106.033008,11.407571],[106.035153,11.408149],[106.036396,11.402247],[106.040382,11.40311],[106.040962,11.400824],[106.04891,11.40595],[106.062534,11.406615],[106.071885,11.409794],[106.076883,11.407227],[106.07738,11.404907],[106.073915,11.39672],[106.071544,11.394833],[106.076035,11.388633],[106.074383,11.383487],[106.077142,11.376292],[106.07269,11.359011],[106.075783,11.354154],[106.080174,11.351351],[106.07898,11.33595],[106.072551,11.33177],[106.078013,11.325978],[106.076742,11.318649],[106.080871,11.318158],[106.08065,11.315653],[106.082722,11.313107],[106.076888,11.311492],[106.076026,11.302965],[106.066236,11.30109],[106.067368,11.260507],[106.065825,11.254523],[106.059679,11.246398],[106.055082,11.24736],[106.046437,11.245415],[106.041264,11.25354],[106.045721,11.259435],[106.042252,11.269552],[106.03867,11.271007],[106.029705,11.269674],[106.022589,11.275552],[106.025885,11.282174],[106.02736,11.298735],[106.027014,11.300427],[106.024204,11.30126]],[[106.020496,11.390728],[106.020491,11.390739],[106.02049043657405,11.390738704980738],[106.020496,11.390728]]]}},{"type":"Feature","properties":{"code":"28159","name":"Xã Cần Giuộc","type":"Xã"},"geometry":{"type":"Polygon","coordinates":[[[106.666297,10.606239],[106.660964,10.605418],[106.659779,10.60961],[106.655179,10.610475],[106.654928,10.614401],[106.649446,10.613956],[106.649,10.618439],[106.645478,10.623557],[106.640105,10.622297],[106.638731,10.625838],[106.635683,10.624949],[106.634682,10.625566],[106.638905,10.627516],[106.641023,10.626663],[106.646185,10.634245],[106.652736,10.632228],[106.653439,10.639067],[106.656803,10.639216],[106.656362,10.643619],[106.660879,10.642061],[106.660275,10.639867],[106.665659,10.639612],[106.666004,10.638441],[106.666681,10.640657],[106.66974,10.639331],[106.673675,10.643905],[106.678635,10.645269],[106.684599,10.650247],[106.686001,10.656442],[106.691437,10.648496],[106.695952,10.649625],[106.700559,10.653978],[106.708195,10.649826],[106.712355,10.650205],[106.718961,10.645573],[106.722415,10.645721],[106.725772,10.6384],[106.731422,10.634316],[106.733339,10.628747],[106.729115,10.628155],[106.72844,10.624348],[106.732031,10.622952],[106.729247,10.616526],[106.72754,10.615931],[106.728898,10.612229],[106.731636,10.612112],[106.732795,10.60986],[106.728633,10.60873],[106.723937,10.611989],[106.722322,10.607299],[106.718858,10.606091],[106.721976,10.599646],[106.720271,10.59601],[106.723771,10.591928],[106.719156,10.588179],[106.714227,10.586661],[106.713184,10.573822],[106.708517,10.574956],[106.703166,10.579798],[106.694356,10.591961],[106.693114,10.591388],[106.694235,10.588343],[106.691979,10.589399],[106.691563,10.587456],[106.687083,10.584476],[106.686062,10.587335],[106.683854,10.586417],[106.679004,10.588076],[106.681153,10.600573],[106.678664,10.604903],[106.672787,10.601784],[106.672647,10.597429],[106.665305,10.597279],[106.666297,10.606239]]]}},{"type":"Feature","properties":{"code":"28108","name":"Xã Cần Đước","type":"Xã"},"geometry":{"type":"Polygon","coordinates":[[[106.594065,10.538777],[106.597199,10.53738],[106.596199,10.532498],[106.59858,10.528051],[106.602182,10.528172],[106.609117,10.521204],[106.606845,10.517256],[106.607697,10.515583],[106.611492,10.5156],[106.615135,10.510863],[106.61259,10.500583],[106.615931,10.493119],[106.606927,10.490605],[106.607706,10.483878],[106.613039,10.473881],[106.618616,10.474568],[106.626373,10.46468],[106.633316,10.459746],[106.626779,10.45146],[106.618399,10.448915],[106.596156,10.435819],[106.58943,10.437469],[106.586336,10.441101],[106.584405,10.449244],[106.585682,10.464566],[106.584115,10.47064],[106.558256,10.506405],[106.558832,10.510469],[106.566426,10.525717],[106.568645,10.538983],[106.581145,10.537397],[106.594065,10.538777]]]}},{"type":"Feature","properties":{"code":"25573","name":"Xã Cầu Khởi","type":"Xã"},"geometry":{"type":"Polygon","coordinates":[[[106.209299,11.268531],[106.211332,11.312405],[106.23045,11.336216],[106.23677,11.365032],[106.254486,11.372922],[106.257298,11.367741],[106.265819,11.368414],[106.295058,11.352449],[106.299762,11.347443],[106.295432,11.343662],[106.301656,11.337066],[106.284044,11.311119],[106.281017,11.307318],[106.278033,11.306542],[106.278779,11.301288],[106.274869,11.300846],[106.275018,11.295751],[106.279249,11.295486],[106.287775,11.288733],[106.281791,11.287302],[106.276845,11.279007],[106.275206,11.280135],[106.272093,11.276038],[106.271144,11.276562],[106.267741,11.26963],[106.263516,11.270154],[106.258315,11.267469],[106.255077,11.263546],[106.253393,11.258308],[106.254509,11.256061],[106.251991,11.256041],[106.251227,11.253551],[106.24432,11.249553],[106.242347,11.242694],[106.243579,11.24007],[106.240299,11.238066],[106.236048,11.231754],[106.229154,11.231294],[106.227949,11.245141],[106.225919,11.243423],[106.226248,11.240458],[106.223479,11.240574],[106.213832,11.251787],[106.214166,11.255594],[106.219357,11.261142],[106.215364,11.264943],[106.216735,11.266108],[106.215445,11.267363],[106.210068,11.263909],[106.211038,11.265748],[106.209299,11.268531]]]}},{"type":"Feature","properties":{"code":"25552","name":"Xã Dương Minh Châu","type":"Xã"},"geometry":{"type":"Polygon","coordinates":[[[106.217845,11.466919],[106.21887,11.471735],[106.228997,11.46606],[106.247973,11.452011],[106.273396,11.425978],[106.278501,11.42355],[106.299419,11.417344],[106.306463,11.420206],[106.348317,11.420845],[106.339098,11.379275],[106.329745,11.363282],[106.290356,11.354965],[106.265432,11.368566],[106.257555,11.367607],[106.254486,11.372922],[106.23677,11.365032],[106.23045,11.336216],[106.216032,11.318296],[106.202145,11.324538],[106.202132,11.328164],[106.196238,11.328328],[106.195648,11.326078],[106.193137,11.32686],[106.189097,11.324729],[106.184792,11.328156],[106.182082,11.331066],[106.183148,11.332548],[106.182128,11.334992],[106.178164,11.335681],[106.178428,11.34279],[106.175967,11.34493],[106.179468,11.350976],[106.176334,11.353229],[106.17937,11.355686],[106.177742,11.362443],[106.178813,11.365209],[106.182472,11.365268],[106.185139,11.367658],[106.187421,11.372488],[106.186442,11.375173],[106.188828,11.379193],[106.188959,11.382813],[106.191583,11.386963],[106.18853,11.388861],[106.186103,11.386682],[106.185249,11.389703],[106.186548,11.389572],[106.178973,11.396826],[106.182261,11.398932],[106.18048,11.402441],[106.180804,11.406039],[106.181405,11.407559],[106.185692,11.406079],[106.187885,11.409598],[106.186867,11.411902],[106.19193,11.414609],[106.190041,11.417452],[106.195331,11.429662],[106.200702,11.428118],[106.205683,11.429972],[106.204279,11.433633],[106.206685,11.434952],[106.204711,11.43931],[106.209044,11.444173],[106.210498,11.450829],[106.216275,11.454505],[106.21693,11.464702],[106.219785,11.464722],[106.217845,11.466919]]]}},{"type":"Feature","properties":{"code":"27952","name":"Xã Hiệp Hòa","type":"Xã"},"geometry":{"type":"Polygon","coordinates":[[[106.343765,10.970514],[106.353341,10.957113],[106.353296,10.950744],[106.355051,10.951],[106.356907,10.94712],[106.360045,10.938517],[106.359702,10.935562],[106.367607,10.932092],[106.365511,10.928369],[106.365242,10.923719],[106.366566,10.922502],[106.364188,10.919614],[106.365906,10.915149],[106.370871,10.915647],[106.374362,10.918624],[106.379283,10.91853],[106.378752,10.913913],[106.380768,10.91405],[106.38509,10.900508],[106.384035,10.893167],[106.38014,10.891549],[106.378789,10.882081],[106.364467,10.866937],[106.356029,10.870333],[106.348281,10.86781],[106.341788,10.862572],[106.336638,10.867534],[106.334928,10.872326],[106.340414,10.884839],[106.339805,10.888387],[106.333272,10.895518],[106.327961,10.89889],[106.304577,10.907115],[106.303107,10.91083],[106.302072,10.927604],[106.315645,10.930138],[106.320952,10.937273],[106.318294,10.940338],[106.319221,10.94609],[106.323359,10.946012],[106.323768,10.948222],[106.327237,10.947859],[106.328722,10.953481],[106.334636,10.956609],[106.331765,10.964011],[106.334529,10.964291],[106.336836,10.966744],[106.340034,10.966067],[106.340968,10.969358],[106.343385,10.96885],[106.343765,10.970514]]]}},{"type":"Feature","properties":{"code":"25606","name":"Xã Hòa Hội","type":"Xã"},"geometry":{"type":"Polygon","coordinates":[[[105.886227,11.41391],[105.894769,11.406781],[105.893392,11.402724],[105.888945,11.397737],[105.895768,11.392871],[105.894042,11.386398],[105.899528,11.384001],[105.898618,11.378804],[105.905166,11.378599],[105.903823,11.373985],[105.905263,11.370108],[105.918695,11.370383],[105.920583,11.372835],[105.927636,11.37204],[105.93146,11.363658],[105.929027,11.363311],[105.926795,11.367343],[105.924826,11.367697],[105.919063,11.357856],[105.92432,11.356964],[105.934095,11.349957],[105.9391,11.354639],[105.942283,11.348596],[105.94644,11.346526],[105.949563,11.346389],[105.954811,11.350032],[105.959666,11.346203],[105.963769,11.349576],[105.96772,11.34629],[105.969882,11.341613],[105.967748,11.339651],[105.96329,11.338953],[105.963139,11.33754],[105.968257,11.333794],[105.971193,11.327954],[105.978672,11.331119],[105.983183,11.327968],[105.981962,11.311292],[105.996974,11.304305],[106.004945,11.309527],[106.012086,11.307105],[106.013105,11.301928],[106.010158,11.294568],[106.003386,11.293984],[105.998947,11.29141],[105.994084,11.2933],[105.988177,11.291492],[105.97846,11.291786],[105.972762,11.278381],[105.963547,11.273184],[105.948912,11.283637],[105.945753,11.29078],[105.941475,11.288787],[105.927849,11.289273],[105.926699,11.287849],[105.927804,11.285034],[105.922182,11.285175],[105.915747,11.276803],[105.907877,11.275344],[105.90904,11.28425],[105.897092,11.28514],[105.889509,11.287934],[105.877085,11.287668],[105.872159,11.283483],[105.867304,11.281183],[105.865881,11.282093],[105.863101,11.286153],[105.862987,11.289302],[105.864484,11.294032],[105.869466,11.298973],[105.870782,11.309269],[105.867396,11.317578],[105.874124,11.327395],[105.879318,11.352959],[105.883711,11.358901],[105.883624,11.368072],[105.881858,11.369142],[105.88184,11.372695],[105.877339,11.371333],[105.872141,11.374071],[105.873932,11.375009],[105.873233,11.381738],[105.879805,11.389757],[105.871733,11.404588],[105.880341,11.40698],[105.886227,11.41391]]]}},{"type":"Feature","properties":{"code":"27979","name":"Xã Hòa Khánh","type":"Xã"},"geometry":{"type":"Polygon","coordinates":[[[106.413412,10.876103],[106.4253,10.869895],[106.431821,10.860146],[106.432141,10.856729],[106.436218,10.851666],[106.439284,10.843676],[106.440948,10.843174],[106.4401,10.834621],[106.437675,10.831689],[106.436614,10.826811],[106.436988,10.820007],[106.434857,10.816991],[106.410563,10.824182],[106.399695,10.817009],[106.392375,10.807666],[106.39099,10.808269],[106.390899,10.818384],[106.384634,10.82541],[106.377721,10.826397],[106.37062,10.820466],[106.363708,10.820654],[106.35992,10.82358],[106.356847,10.829643],[106.356453,10.83367],[106.359544,10.839724],[106.358894,10.841452],[106.34219,10.84333],[106.338385,10.846727],[106.342421,10.857821],[106.341788,10.862572],[106.348281,10.86781],[106.356029,10.870333],[106.364467,10.866937],[106.378566,10.881738],[106.38014,10.891549],[106.382056,10.893004],[106.387293,10.893663],[106.388412,10.890606],[106.391095,10.892409],[106.392433,10.887309],[106.395599,10.88776],[106.398291,10.881306],[106.402915,10.885764],[106.409478,10.886288],[106.408909,10.884039],[106.413412,10.876103]]]}},{"type":"Feature","properties":{"code":"25711","name":"Xã Hưng Thuận","type":"Xã"},"geometry":{"type":"Polygon","coordinates":[[[106.361785,11.238071],[106.371015,11.244782],[106.377379,11.235916],[106.378607,11.22902],[106.383614,11.2283],[106.379806,11.218323],[106.389193,11.21239],[106.386663,11.202762],[106.384511,11.200515],[106.383614,11.1939],[106.386976,11.189196],[106.387267,11.18611],[106.394969,11.184488],[106.399221,11.181496],[106.404107,11.183353],[106.405038,11.188051],[106.410363,11.183245],[106.409337,11.180331],[106.41059,11.172144],[106.416133,11.174363],[106.425661,11.170458],[106.430338,11.174615],[106.43685,11.157883],[106.433004,11.151001],[106.429911,11.148659],[106.436722,11.140454],[106.443035,11.136406],[106.447762,11.136002],[106.448415,11.130804],[106.444795,11.126578],[106.442495,11.1159],[106.437388,11.111598],[106.433809,11.100208],[106.431546,11.09831],[106.430825,11.092059],[106.425953,11.091617],[106.426457,11.084394],[106.402616,11.113408],[106.399746,11.113707],[106.399186,11.117355],[106.389405,11.121109],[106.386653,11.12433],[106.378911,11.123793],[106.378284,11.12245],[106.371015,11.129309],[106.367061,11.130601],[106.357361,11.129093],[106.329259,11.158379],[106.339198,11.16452],[106.333812,11.168664],[106.338587,11.172702],[106.326028,11.186312],[106.354947,11.21579],[106.35872,11.237669],[106.354265,11.245615],[106.355889,11.246651],[106.358728,11.239648],[106.361785,11.238071]]]}},{"type":"Feature","properties":{"code":"27727","name":"Xã Hưng Điền","type":"Xã"},"geometry":{"type":"Polygon","coordinates":[[[105.57409,10.962387],[105.643099,10.981553],[105.643828,10.974974],[105.647186,10.970219],[105.646166,10.967877],[105.64752,10.963458],[105.705891,10.914983],[105.620759,10.88762],[105.603869,10.89435],[105.588505,10.880327],[105.582655,10.892124],[105.514194,10.923147],[105.509059,10.936503],[105.500114,10.952641],[105.505139,10.949002],[105.537495,10.952169],[105.552311,10.959327],[105.57409,10.962387]]]}},{"type":"Feature","properties":{"code":"25588","name":"Xã Hảo Đước","type":"Xã"},"geometry":{"type":"Polygon","coordinates":[[[106.021129,11.304818],[106.02736,11.298735],[106.025885,11.282174],[106.023836,11.276695],[106.013851,11.274317],[106.00652,11.275481],[106.002523,11.279375],[105.998665,11.290624],[106.003288,11.293955],[106.010158,11.294568],[106.012961,11.301181],[106.012666,11.306538],[106.005016,11.309539],[105.997047,11.304295],[105.982643,11.310619],[105.98168,11.312503],[105.983748,11.325559],[105.982615,11.328912],[105.978652,11.331118],[105.971257,11.327898],[105.968257,11.333794],[105.963139,11.33754],[105.963731,11.339209],[105.969767,11.341229],[105.967663,11.346362],[105.963388,11.349673],[105.95853,11.346234],[105.956145,11.349457],[105.953263,11.349427],[105.951336,11.351823],[105.954913,11.354032],[105.955964,11.357015],[105.958363,11.357695],[105.960573,11.363128],[105.954522,11.366284],[105.951899,11.370277],[105.955023,11.369951],[105.954958,11.37317],[105.957416,11.375255],[105.95668,11.377064],[105.959278,11.378629],[105.957543,11.38014],[105.958601,11.381997],[105.957536,11.383608],[105.964155,11.386717],[105.960444,11.388805],[105.963376,11.394406],[105.960905,11.3987],[105.959035,11.398015],[105.955045,11.400456],[105.957124,11.404957],[105.956661,11.413081],[105.958897,11.415788],[105.960886,11.414027],[105.962649,11.41615],[105.966357,11.415403],[105.971086,11.422645],[105.970552,11.427794],[105.972092,11.427899],[105.971022,11.431405],[105.974272,11.428954],[105.977681,11.432047],[105.975154,11.432801],[105.976388,11.433856],[105.975455,11.437082],[105.970894,11.436337],[105.968353,11.441373],[105.972217,11.441982],[105.973015,11.445762],[105.969489,11.444291],[105.967486,11.445892],[105.966433,11.448446],[105.968331,11.448485],[105.968433,11.449786],[105.965434,11.452227],[105.974535,11.45197],[105.978675,11.453925],[105.983254,11.450361],[105.982389,11.446389],[105.984955,11.441266],[105.995392,11.441967],[105.997124,11.440715],[105.996939,11.435061],[106.001981,11.432586],[106.00519,11.432898],[106.006668,11.428808],[106.008597,11.42912],[106.008948,11.42787],[106.011658,11.428971],[106.013487,11.424203],[106.012529,11.421512],[106.016788,11.421205],[106.01812,11.417191],[106.023167,11.414941],[106.023134,11.393444],[106.021954,11.391381],[106.020104,11.391729],[106.019704,11.384494],[106.024007,11.367907],[106.022676,11.364965],[106.01908,11.362715],[106.018115,11.354737],[106.015616,11.35035],[106.022821,11.335592],[106.017161,11.325332],[106.018184,11.306632],[106.019882,11.303836],[106.021129,11.304818]]]}},{"type":"Feature","properties":{"code":"27931","name":"Xã Hậu Nghĩa","type":"Xã"},"geometry":{"type":"Polygon","coordinates":[[[106.373023,10.969668],[106.411525,10.973744],[106.453508,10.941908],[106.417904,10.901738],[106.410703,10.899332],[106.412012,10.896497],[106.410904,10.886163],[106.404363,10.886361],[106.398291,10.881306],[106.395599,10.88776],[106.392433,10.887309],[106.391095,10.892409],[106.388412,10.890606],[106.387293,10.893663],[106.384035,10.893167],[106.38509,10.900508],[106.380768,10.91405],[106.378752,10.913913],[106.379283,10.91853],[106.374362,10.918624],[106.370871,10.915647],[106.365906,10.915149],[106.364188,10.919614],[106.366566,10.922502],[106.365242,10.923719],[106.365511,10.928369],[106.367607,10.932092],[106.359702,10.935562],[106.360045,10.938517],[106.356907,10.94712],[106.355051,10.951],[106.353296,10.950744],[106.353341,10.957113],[106.348276,10.964162],[106.351559,10.9647],[106.354285,10.967425],[106.357395,10.977321],[106.360335,10.979112],[106.358906,10.982618],[106.361779,10.984732],[106.373023,10.969668]]]}},{"type":"Feature","properties":{"code":"27841","name":"Xã Hậu Thạnh","type":"Xã"},"geometry":{"type":"Polygon","coordinates":[[[105.931947,10.704418],[105.917801,10.6864],[105.907287,10.654455],[105.898885,10.636616],[105.89995,10.636405],[105.893805,10.607276],[105.882954,10.609436],[105.879279,10.595179],[105.874062,10.59601],[105.872232,10.58752],[105.834641,10.638298],[105.807707,10.653652],[105.808852,10.653417],[105.814637,10.682068],[105.816275,10.684016],[105.81692,10.694602],[105.819627,10.697093],[105.819052,10.701408],[105.826963,10.700243],[105.853752,10.687199],[105.857562,10.687939],[105.86067,10.692847],[105.867598,10.689636],[105.887149,10.690927],[105.891748,10.712557],[105.931947,10.704418]]]}},{"type":"Feature","properties":{"code":"27763","name":"Xã Khánh Hưng","type":"Xã"},"geometry":{"type":"Polygon","coordinates":[[[105.820456,10.933874],[105.805399,10.90778],[105.790798,10.916789],[105.783278,10.92407],[105.776209,10.924535],[105.771926,10.926534],[105.771521,10.92908],[105.739592,10.961653],[105.70965,10.9356],[105.687358,10.929433],[105.64752,10.963458],[105.646166,10.967877],[105.647186,10.970219],[105.643828,10.974974],[105.643099,10.981553],[105.665055,10.986693],[105.687614,10.997551],[105.696269,11.002927],[105.70159,11.009732],[105.708072,11.014824],[105.723098,11.023269],[105.741838,11.02728],[105.748756,11.025525],[105.751369,11.026673],[105.753282,11.024978],[105.76796,11.030417],[105.779524,11.032178],[105.808359,10.972726],[105.830523,10.945597],[105.825081,10.940792],[105.821823,10.94178],[105.819109,10.939468],[105.820478,10.936289],[105.819025,10.935984],[105.820456,10.933874]]]}},{"type":"Feature","properties":{"code":"28126","name":"Xã Long Cang","type":"Xã"},"geometry":{"type":"Polygon","coordinates":[[[106.503096,10.617301],[106.505581,10.618608],[106.517377,10.61519],[106.519275,10.616383],[106.527379,10.615703],[106.526438,10.612796],[106.528427,10.611325],[106.529275,10.612629],[106.529117,10.610842],[106.533154,10.608808],[106.532725,10.607643],[106.540396,10.6068],[106.544661,10.608741],[106.545993,10.606678],[106.550481,10.607867],[106.552902,10.599459],[106.556052,10.599656],[106.556243,10.597741],[106.558623,10.59724],[106.558603,10.590537],[106.561654,10.582722],[106.560273,10.578537],[106.553702,10.580015],[106.548229,10.575486],[106.544295,10.577161],[106.540155,10.581809],[106.536304,10.577623],[106.53487,10.580928],[106.53147,10.581568],[106.526071,10.5794],[106.521929,10.571809],[106.518903,10.570178],[106.519771,10.568407],[106.516484,10.568235],[106.516051,10.565744],[106.50178,10.574667],[106.486925,10.58953],[106.484121,10.595261],[106.482537,10.605801],[106.48382,10.613753],[106.49346,10.61319],[106.493823,10.616597],[106.498976,10.619078],[106.503096,10.617301]]]}},{"type":"Feature","properties":{"code":"25684","name":"Xã Long Chữ","type":"Xã"},"geometry":{"type":"Polygon","coordinates":[[[106.124351,11.239236],[106.135147,11.239298],[106.148509,11.214667],[106.147706,11.196625],[106.141092,11.190645],[106.139389,11.186635],[106.138507,11.174003],[106.143021,11.163969],[106.141868,11.162762],[106.135043,11.158606],[106.13179,11.153794],[106.126943,11.15469],[106.124213,11.160104],[106.111068,11.164845],[106.108445,11.169709],[106.107766,11.175479],[106.101001,11.175896],[106.094095,11.17153],[106.08719,11.169925],[106.082049,11.17294],[106.07891,11.1658],[106.080724,11.165446],[106.080892,11.162268],[106.05992,11.155246],[106.060349,11.136802],[106.05875,11.129736],[106.060569,11.129061],[106.05862,11.124804],[106.062248,11.120643],[106.05963,11.119003],[106.043721,11.130152],[106.031252,11.135907],[106.023694,11.141361],[106.020554,11.145826],[106.017501,11.155477],[106.014749,11.185965],[106.019751,11.188918],[106.028227,11.190751],[106.034678,11.189985],[106.042523,11.182722],[106.062998,11.178787],[106.076806,11.17917],[106.078215,11.18626],[106.080707,11.189196],[106.069599,11.205416],[106.072348,11.210875],[106.070786,11.211568],[106.072567,11.214934],[106.070589,11.222793],[106.072122,11.229283],[106.075989,11.230147],[106.082985,11.235194],[106.086244,11.23397],[106.088508,11.228892],[106.092239,11.229073],[106.101479,11.235458],[106.103504,11.244458],[106.113722,11.248409],[106.116088,11.247994],[106.124351,11.239236]]]}},{"type":"Feature","properties":{"code":"28144","name":"Xã Long Hựu","type":"Xã"},"geometry":{"type":"Polygon","coordinates":[[[106.726782,10.513937],[106.744019,10.504101],[106.743105,10.500021],[106.730602,10.494346],[106.709878,10.476719],[106.700549,10.466292],[106.686301,10.442639],[106.682341,10.439791],[106.675354,10.438231],[106.670326,10.438744],[106.664232,10.441709],[106.660015,10.449275],[106.660311,10.47108],[106.65653,10.480372],[106.668474,10.497021],[106.67184,10.496093],[106.67858,10.500227],[106.692907,10.502129],[106.706552,10.501314],[106.710344,10.507763],[106.717989,10.508958],[106.723446,10.514409],[106.726782,10.513937]]]}},{"type":"Feature","properties":{"code":"25702","name":"Xã Long Thuận","type":"Xã"},"geometry":{"type":"Polygon","coordinates":[[[106.103378,11.176294],[106.108288,11.175075],[106.108445,11.169709],[106.112395,11.163756],[106.114395,11.164605],[106.124213,11.160104],[106.126943,11.15469],[106.131965,11.153833],[106.130371,11.147555],[106.125183,11.13799],[106.127984,11.136848],[106.132184,11.126774],[106.138114,11.121274],[106.140274,11.104515],[106.143818,11.100221],[106.138667,11.096024],[106.121967,11.088035],[106.109678,11.073527],[106.106351,11.071479],[106.100874,11.074112],[106.099376,11.078834],[106.100129,11.086724],[106.089916,11.099452],[106.087543,11.101463],[106.078693,11.097567],[106.075774,11.098332],[106.069288,11.109087],[106.05963,11.119003],[106.062248,11.120643],[106.05862,11.124804],[106.060569,11.129061],[106.05875,11.129736],[106.060349,11.136802],[106.05992,11.155246],[106.080892,11.162268],[106.080724,11.165446],[106.07891,11.1658],[106.082049,11.17294],[106.088109,11.170031],[106.103378,11.176294]]]}},{"type":"Feature","properties":{"code":"28003","name":"Xã Lương Hòa","type":"Xã"},"geometry":{"type":"Polygon","coordinates":[[[106.496354,10.697328],[106.497226,10.701616],[106.489218,10.711563],[106.481374,10.705882],[106.485749,10.694204],[106.474382,10.690046],[106.447701,10.687734],[106.449718,10.675334],[106.447638,10.673654],[106.447684,10.671491],[106.441124,10.668419],[106.43172,10.670469],[106.425065,10.673778],[106.41771,10.686458],[106.421553,10.701307],[106.4303,10.716303],[106.431517,10.724353],[106.447481,10.726697],[106.473375,10.746418],[106.486965,10.729836],[106.488825,10.731225],[106.499554,10.72499],[106.501782,10.726425],[106.509384,10.717072],[106.520187,10.723658],[106.530206,10.717319],[106.527201,10.7091],[106.533859,10.688119],[106.53572,10.685525],[106.547298,10.687145],[106.547387,10.681091],[106.543965,10.678227],[106.535067,10.676728],[106.536837,10.671769],[106.535372,10.669022],[106.53865,10.667752],[106.535645,10.666494],[106.533577,10.660261],[106.53073,10.661447],[106.528865,10.655857],[106.526516,10.655442],[106.523885,10.656615],[106.512652,10.677029],[106.51272,10.679155],[106.510217,10.678062],[106.507584,10.68065],[106.501908,10.682436],[106.506032,10.687891],[106.496354,10.697328]]]}},{"type":"Feature","properties":{"code":"25579","name":"Xã Lộc Ninh","type":"Xã"},"geometry":{"type":"Polygon","coordinates":[[[106.349282,11.421021],[106.362891,11.423502],[106.361968,11.414956],[106.348108,11.387451],[106.34293,11.370076],[106.333995,11.359232],[106.328976,11.346555],[106.339659,11.328732],[106.345806,11.323011],[106.335433,11.299931],[106.335457,11.295292],[106.339685,11.291799],[106.338043,11.296035],[106.339022,11.297549],[106.344108,11.295336],[106.34481,11.293567],[106.340847,11.293387],[106.340785,11.285743],[106.343643,11.28282],[106.345301,11.282657],[106.344063,11.285369],[106.346821,11.289412],[106.351272,11.288665],[106.352619,11.28562],[106.355097,11.288081],[106.356387,11.284562],[106.353299,11.283085],[106.355175,11.279973],[106.354147,11.27247],[106.352871,11.266455],[106.35036,11.262986],[106.359124,11.260845],[106.362254,11.263062],[106.364365,11.260381],[106.360898,11.258465],[106.360754,11.255846],[106.356364,11.255151],[106.351148,11.249495],[106.355889,11.246651],[106.354265,11.245614],[106.35872,11.237669],[106.354947,11.21579],[106.352865,11.213466],[106.352511,11.215229],[106.347513,11.217465],[106.342161,11.213496],[106.339143,11.213312],[106.326253,11.230417],[106.316479,11.225792],[106.303787,11.227298],[106.300174,11.225776],[106.300034,11.229187],[106.290847,11.229806],[106.287886,11.22838],[106.28605,11.232701],[106.285117,11.243148],[106.280123,11.241101],[106.27723,11.249242],[106.2785,11.249789],[106.277681,11.251902],[106.267729,11.269913],[106.271144,11.276562],[106.272093,11.276038],[106.275206,11.280135],[106.276845,11.279007],[106.281791,11.287302],[106.287775,11.288733],[106.279249,11.295486],[106.275018,11.295751],[106.274869,11.300846],[106.278779,11.301288],[106.278033,11.306542],[106.281017,11.307318],[106.284044,11.311119],[106.301656,11.337066],[106.295432,11.343662],[106.299762,11.347443],[106.290356,11.354965],[106.329745,11.363282],[106.339098,11.379275],[106.349282,11.421021]]]}},{"type":"Feature","properties":{"code":"27823","name":"Xã Mộc Hóa","type":"Xã"},"geometry":{"type":"Polygon","coordinates":[[[106.040778,10.693069],[106.041522,10.688335],[106.035947,10.688047],[106.045292,10.665347],[106.04888,10.665411],[106.04885,10.660593],[106.043855,10.660475],[106.045853,10.657549],[106.044128,10.653551],[106.024227,10.657632],[106.014224,10.652418],[106.009678,10.659362],[106.00199,10.65476],[106.001877,10.660532],[105.996142,10.661749],[105.995589,10.66656],[105.97927,10.668772],[105.939813,10.6853],[105.938967,10.683824],[105.921188,10.689181],[105.931947,10.704418],[105.935091,10.728285],[105.932432,10.728784],[105.943231,10.732009],[105.943301,10.73382],[105.949361,10.732725],[105.949421,10.73459],[105.95653,10.736333],[105.96076,10.745364],[105.964785,10.746087],[105.965438,10.743623],[105.970065,10.743064],[105.97469,10.738279],[105.976395,10.726602],[105.983522,10.722072],[105.991453,10.713405],[106.001783,10.72097],[106.014593,10.734819],[106.026222,10.733901],[106.04027,10.722358],[106.042519,10.722141],[106.056097,10.729702],[106.052815,10.735689],[106.055469,10.750181],[106.062006,10.758271],[106.065404,10.772437],[106.067937,10.774314],[106.066504,10.775251],[106.068876,10.77599],[106.068607,10.783098],[106.070526,10.783841],[106.078388,10.778335],[106.081402,10.782931],[106.09681,10.778944],[106.097831,10.783499],[106.114902,10.782176],[106.106565,10.759678],[106.111804,10.75836],[106.102065,10.714],[106.087737,10.712679],[106.087838,10.711582],[106.062152,10.698214],[106.040778,10.693069]]]}},{"type":"Feature","properties":{"code":"28066","name":"Xã Mỹ An","type":"Xã"},"geometry":{"type":"Polygon","coordinates":[[[106.355472,10.606373],[106.35319,10.594733],[106.343012,10.594666],[106.346499,10.586584],[106.355172,10.579521],[106.358388,10.57896],[106.362083,10.582112],[106.36368,10.589512],[106.36818,10.58968],[106.379722,10.579759],[106.382947,10.575551],[106.383516,10.571433],[106.382,10.56852],[106.369851,10.562218],[106.360041,10.552882],[106.346213,10.543324],[106.340045,10.546248],[106.340125,10.548228],[106.335651,10.550906],[106.32102,10.569348],[106.318439,10.570795],[106.310382,10.565449],[106.286175,10.587009],[106.317643,10.589988],[106.328016,10.583218],[106.33156,10.583173],[106.335123,10.590315],[106.333646,10.595401],[106.334546,10.60028],[106.338932,10.600914],[106.341276,10.604486],[106.34134,10.607502],[106.338302,10.613007],[106.341911,10.616193],[106.348602,10.614594],[106.353768,10.610858],[106.355472,10.606373]]]}},{"type":"Feature","properties":{"code":"27976","name":"Xã Mỹ Hạnh","type":"Xã"},"geometry":{"type":"Polygon","coordinates":[[[106.455061,10.876614],[106.460455,10.876465],[106.461305,10.879562],[106.473244,10.876346],[106.484881,10.876595],[106.485481,10.874237],[106.493294,10.877928],[106.498612,10.87789],[106.525884,10.873641],[106.505673,10.793736],[106.476687,10.810756],[106.476877,10.818093],[106.472498,10.82166],[106.473621,10.833521],[106.46446,10.834064],[106.466558,10.836766],[106.465867,10.839301],[106.45536,10.839705],[106.453303,10.835951],[106.440813,10.839121],[106.440948,10.843174],[106.439284,10.843676],[106.436218,10.851666],[106.432141,10.856729],[106.431821,10.860146],[106.4253,10.869895],[106.424011,10.884275],[106.431087,10.892428],[106.437887,10.893851],[106.45389,10.886888],[106.453309,10.881069],[106.455061,10.876614]]]}},{"type":"Feature","properties":{"code":"28132","name":"Xã Mỹ Lệ","type":"Xã"},"geometry":{"type":"Polygon","coordinates":[[[106.606316,10.541742],[106.600517,10.537356],[106.591465,10.539418],[106.588675,10.537464],[106.568645,10.538983],[106.568582,10.545657],[106.565682,10.550575],[106.55779,10.553246],[106.541601,10.550215],[106.530659,10.552062],[106.516051,10.565744],[106.516226,10.567984],[106.519538,10.568107],[106.518903,10.570178],[106.521929,10.571809],[106.52609,10.579418],[106.531894,10.581653],[106.53487,10.580928],[106.536143,10.577619],[106.540203,10.581791],[106.544295,10.577161],[106.548229,10.575486],[106.553811,10.580035],[106.565312,10.576791],[106.570725,10.578791],[106.573224,10.578097],[106.57673,10.580414],[106.574118,10.582151],[106.574893,10.583599],[106.582034,10.57977],[106.583801,10.582091],[106.587453,10.57846],[106.590512,10.578564],[106.591425,10.577075],[106.593533,10.578332],[106.594236,10.576283],[106.596495,10.577212],[106.59771,10.574962],[106.599763,10.575747],[106.599346,10.577538],[106.601429,10.575794],[106.602738,10.576685],[106.610688,10.570371],[106.608493,10.56602],[106.613046,10.563297],[106.612369,10.558948],[106.62696,10.555885],[106.62735,10.556875],[106.633839,10.551757],[106.631305,10.548825],[106.633464,10.548095],[106.631876,10.545811],[106.632706,10.544362],[106.627514,10.539041],[106.618935,10.539603],[106.614886,10.5417],[106.606316,10.541742]]]}},{"type":"Feature","properties":{"code":"28177","name":"Xã Mỹ Lộc","type":"Xã"},"geometry":{"type":"Polygon","coordinates":[[[106.654136,10.614539],[106.655179,10.610475],[106.659779,10.60961],[106.660964,10.605418],[106.66693,10.605962],[106.665305,10.597279],[106.672647,10.597429],[106.672787,10.601784],[106.678664,10.604903],[106.680654,10.602028],[106.679426,10.589084],[106.671566,10.585118],[106.670506,10.574297],[106.665171,10.576056],[106.662389,10.575092],[106.662237,10.577152],[106.659703,10.577587],[106.657897,10.580414],[106.655582,10.577995],[106.655258,10.581187],[106.651325,10.581558],[106.648384,10.579106],[106.646394,10.57966],[106.647057,10.576087],[106.641581,10.575096],[106.641487,10.573372],[106.638518,10.572065],[106.631669,10.560236],[106.631567,10.555265],[106.612369,10.558948],[106.613046,10.563297],[106.608493,10.56602],[106.610688,10.570371],[106.602738,10.576685],[106.601429,10.575794],[106.599346,10.577538],[106.599763,10.575747],[106.596288,10.575498],[106.595017,10.588135],[106.591964,10.586715],[106.590174,10.587567],[106.588361,10.594872],[106.591144,10.596175],[106.595838,10.594735],[106.595995,10.597882],[106.592903,10.598442],[106.593204,10.603749],[106.594693,10.604053],[106.594378,10.606676],[106.596233,10.606785],[106.596363,10.608427],[106.607831,10.603901],[106.614246,10.604441],[106.616436,10.612466],[106.621185,10.615524],[106.619065,10.616883],[106.621263,10.624784],[106.618635,10.626896],[106.620099,10.631877],[106.622836,10.632461],[106.625499,10.628001],[106.628638,10.630725],[106.629162,10.629154],[106.626946,10.627194],[106.628138,10.625733],[106.631883,10.628342],[106.635315,10.624996],[106.638919,10.625707],[106.63973,10.622382],[106.645145,10.623755],[106.649,10.618439],[106.649165,10.614235],[106.654136,10.614539]]]}},{"type":"Feature","properties":{"code":"27907","name":"Xã Mỹ Quý","type":"Xã"},"geometry":{"type":"Polygon","coordinates":[[[106.191356,10.970042],[106.203296,10.971529],[106.205262,10.97539],[106.220517,10.977892],[106.237163,10.984945],[106.23956,10.987321],[106.251784,10.986981],[106.255978,10.984542],[106.268765,10.983261],[106.273223,10.981032],[106.273088,10.975942],[106.289256,10.972841],[106.289964,10.970713],[106.284802,10.959467],[106.284391,10.955341],[106.299903,10.941607],[106.303223,10.920497],[106.303033,10.912362],[106.300511,10.911948],[106.298351,10.90844],[106.284543,10.906897],[106.271567,10.895608],[106.269372,10.904317],[106.259691,10.904027],[106.258621,10.906321],[106.231759,10.921059],[106.230316,10.914031],[106.174486,10.888051],[106.163273,10.885412],[106.137416,10.91591],[106.151746,10.94209],[106.145828,10.95366],[106.14618,10.968924],[106.144379,10.976725],[106.146496,10.979513],[106.150466,10.980188],[106.154656,10.983751],[106.159983,10.97988],[106.163648,10.979683],[106.163765,10.970765],[106.167737,10.963304],[106.184316,10.963911],[106.188157,10.965298],[106.191356,10.970042]]]}},{"type":"Feature","properties":{"code":"28051","name":"Xã Mỹ Thạnh","type":"Xã"},"geometry":{"type":"Polygon","coordinates":[[[106.382749,10.62655],[106.38855,10.610714],[106.391789,10.609064],[106.392277,10.605216],[106.393971,10.603884],[106.393049,10.598309],[106.394265,10.593182],[106.392464,10.591037],[106.386237,10.588922],[106.378935,10.580634],[106.372633,10.587103],[106.364618,10.590069],[106.361488,10.581202],[106.356611,10.578958],[106.346499,10.586584],[106.342953,10.593711],[106.344111,10.595506],[106.351927,10.594444],[106.354503,10.595783],[106.35561,10.604953],[106.353768,10.610858],[106.347885,10.614895],[106.339979,10.615622],[106.338302,10.613007],[106.34134,10.607502],[106.340343,10.602336],[106.336675,10.60029],[106.331704,10.602645],[106.329704,10.605359],[106.329207,10.613483],[106.316138,10.617691],[106.307561,10.624403],[106.308501,10.627957],[106.314399,10.631819],[106.31498,10.634103],[106.304208,10.643627],[106.307113,10.646155],[106.314129,10.647382],[106.320966,10.651401],[106.323347,10.660688],[106.327598,10.655809],[106.373373,10.694417],[106.396251,10.668103],[106.362022,10.640631],[106.378164,10.623494],[106.382749,10.62655]]]}},{"type":"Feature","properties":{"code":"28018","name":"Xã Mỹ Yên","type":"Xã"},"geometry":{"type":"Polygon","coordinates":[[[106.548268,10.686166],[106.550474,10.685514],[106.553652,10.67528],[106.552058,10.670579],[106.553557,10.668684],[106.55319,10.665697],[106.54892,10.657458],[106.555733,10.656996],[106.555988,10.65546],[106.553143,10.65073],[106.550226,10.651022],[106.548234,10.646108],[106.541783,10.638723],[106.547855,10.635612],[106.552514,10.628728],[106.554738,10.629098],[106.557512,10.626908],[106.56006,10.621002],[106.555651,10.61402],[106.550204,10.607626],[106.545935,10.606684],[106.544167,10.608728],[106.540371,10.6068],[106.53263,10.607679],[106.533154,10.608808],[106.529117,10.610842],[106.529555,10.612398],[106.528427,10.611325],[106.526438,10.612796],[106.527625,10.615547],[106.524716,10.61647],[106.517377,10.61519],[106.507612,10.618461],[106.502085,10.617823],[106.501618,10.619924],[106.503468,10.621116],[106.50214,10.623634],[106.504915,10.627328],[106.508206,10.628648],[106.509725,10.626066],[106.511953,10.626566],[106.511239,10.631533],[106.50027,10.642379],[106.500287,10.645433],[106.504341,10.650293],[106.509903,10.649668],[106.510538,10.653932],[106.513734,10.655373],[106.520044,10.648725],[106.523986,10.646654],[106.526444,10.647369],[106.523614,10.65643],[106.528067,10.655324],[106.530574,10.661328],[106.533577,10.660261],[106.535645,10.666494],[106.53867,10.667819],[106.535372,10.669022],[106.536837,10.671769],[106.534964,10.676561],[106.544478,10.6785],[106.547387,10.681091],[106.548268,10.686166]]]}},{"type":"Feature","properties":{"code":"27838","name":"Xã Nhơn Hòa Lập","type":"Xã"},"geometry":{"type":"Polygon","coordinates":[[[105.921188,10.689181],[105.938967,10.683824],[105.939813,10.6853],[105.97927,10.668772],[105.995589,10.66656],[105.996142,10.661749],[106.001877,10.660532],[106.00199,10.65476],[106.009678,10.659362],[106.019451,10.645641],[106.017157,10.635852],[106.018073,10.628822],[106.012478,10.615309],[106.029799,10.612085],[106.027856,10.602399],[106.035786,10.599626],[106.030827,10.590153],[105.982514,10.592717],[105.917026,10.600953],[105.917978,10.607074],[105.894384,10.610094],[105.89995,10.636405],[105.898885,10.636616],[105.907287,10.654455],[105.917823,10.686446],[105.921188,10.689181]]]}},{"type":"Feature","properties":{"code":"27856","name":"Xã Nhơn Ninh","type":"Xã"},"geometry":{"type":"Polygon","coordinates":[[[105.894471,10.610089],[105.917978,10.607074],[105.917026,10.600953],[105.982514,10.592717],[106.030827,10.590153],[106.021937,10.572814],[106.010856,10.573639],[105.992097,10.532984],[105.909807,10.538577],[105.872232,10.58752],[105.874062,10.59601],[105.879279,10.595179],[105.882954,10.609436],[105.893805,10.607276],[105.894471,10.610089]]]}},{"type":"Feature","properties":{"code":"28087","name":"Xã Nhựt Tảo","type":"Xã"},"geometry":{"type":"Polygon","coordinates":[[[106.4577,10.535727],[106.460488,10.551831],[106.456814,10.552566],[106.453453,10.555505],[106.454079,10.557193],[106.445024,10.57363],[106.446419,10.575016],[106.444961,10.578774],[106.438173,10.591184],[106.440143,10.595188],[106.44565,10.597703],[106.457344,10.596348],[106.457346,10.592722],[106.459526,10.59278],[106.459753,10.590149],[106.465392,10.589347],[106.468816,10.591699],[106.471009,10.589065],[106.474381,10.592337],[106.473382,10.59458],[106.475008,10.596365],[106.478001,10.59548],[106.483659,10.597419],[106.487773,10.58818],[106.496505,10.578612],[106.516051,10.565744],[106.520237,10.561466],[106.515359,10.556258],[106.512196,10.55613],[106.510905,10.55018],[106.506443,10.548364],[106.500837,10.541401],[106.49597,10.5404],[106.473967,10.54243],[106.469974,10.547165],[106.467714,10.544834],[106.46595,10.545755],[106.458896,10.534908],[106.4577,10.535727]]]}},{"type":"Feature","properties":{"code":"25621","name":"Xã Ninh Điền","type":"Xã"},"geometry":{"type":"Polygon","coordinates":[[[105.993511,11.293302],[105.998947,11.29141],[106.002484,11.279453],[106.006715,11.27537],[106.013851,11.274317],[106.020667,11.276409],[106.02966,11.269688],[106.03867,11.271007],[106.042101,11.269696],[106.045721,11.259435],[106.041255,11.253593],[106.045141,11.246943],[106.048172,11.244939],[106.057416,11.247068],[106.059757,11.23825],[106.062132,11.234885],[106.072122,11.229283],[106.070589,11.222793],[106.072567,11.214934],[106.070786,11.211568],[106.072348,11.210875],[106.069599,11.205416],[106.080707,11.189196],[106.078215,11.18626],[106.076806,11.17917],[106.062998,11.178787],[106.042523,11.182722],[106.034678,11.189985],[106.028227,11.190751],[106.019751,11.188918],[106.014749,11.185965],[106.014281,11.190903],[105.995976,11.191194],[105.974767,11.199462],[105.966417,11.195854],[105.941521,11.206275],[105.931197,11.21626],[105.927126,11.217311],[105.910958,11.240469],[105.907496,11.253368],[105.912245,11.2672],[105.907873,11.275344],[105.915747,11.276803],[105.922182,11.285175],[105.927804,11.285034],[105.926699,11.287849],[105.927849,11.289273],[105.941475,11.288787],[105.945753,11.29078],[105.948912,11.283637],[105.963547,11.273184],[105.972762,11.278381],[105.97798,11.291496],[105.988177,11.291492],[105.993511,11.293302]]]}},{"type":"Feature","properties":{"code":"25729","name":"Xã Phước Chỉ","type":"Xã"},"geometry":{"type":"Polygon","coordinates":[[[106.203296,10.971529],[106.191356,10.970042],[106.187977,10.965165],[106.175834,10.962736],[106.167737,10.963304],[106.163765,10.970765],[106.163647,10.979686],[106.165458,10.979919],[106.171568,10.979505],[106.180038,10.974445],[106.191246,10.972648],[106.205671,10.975984],[106.20425,10.981196],[106.196963,10.992225],[106.187906,11.050268],[106.184098,11.057027],[106.201863,11.060116],[106.236917,11.052321],[106.23948,11.056492],[106.246138,11.061075],[106.259194,11.061219],[106.265019,11.058222],[106.262641,11.055203],[106.263608,11.051915],[106.278081,11.041356],[106.276824,11.0362],[106.277684,11.027366],[106.270629,11.013849],[106.283318,11.003904],[106.28684,10.992799],[106.2839,10.986867],[106.273223,10.981032],[106.262444,10.984809],[106.255978,10.984542],[106.251784,10.986981],[106.239443,10.98731],[106.237163,10.984945],[106.222068,10.978473],[106.205262,10.97539],[106.203296,10.971529]]]}},{"type":"Feature","properties":{"code":"28165","name":"Xã Phước Lý","type":"Xã"},"geometry":{"type":"Polygon","coordinates":[[[106.604703,10.65799],[106.616717,10.653299],[106.618949,10.649015],[106.625005,10.647341],[106.624327,10.644487],[106.621844,10.644099],[106.621191,10.640987],[106.624131,10.639474],[106.625777,10.639743],[106.62715,10.642697],[106.629666,10.642258],[106.631211,10.636694],[106.629715,10.636199],[106.631035,10.630115],[106.629357,10.625765],[106.626945,10.626993],[106.629162,10.629154],[106.628436,10.63086],[106.625499,10.628001],[106.622836,10.632461],[106.620099,10.631877],[106.618635,10.626896],[106.621263,10.624784],[106.619065,10.616883],[106.621185,10.615524],[106.616436,10.612466],[106.613518,10.604021],[106.607831,10.603901],[106.596788,10.608387],[106.594905,10.606261],[106.588329,10.611504],[106.590256,10.618768],[106.592586,10.619005],[106.59276,10.623758],[106.594647,10.625113],[106.593102,10.629319],[106.595339,10.632432],[106.594001,10.633355],[106.594886,10.637092],[106.5886,10.635756],[106.580114,10.640884],[106.57412,10.639519],[106.573855,10.637526],[106.570502,10.638727],[106.565745,10.63203],[106.565648,10.627746],[106.558489,10.626628],[106.554738,10.629098],[106.552581,10.628678],[106.547855,10.635612],[106.541783,10.638723],[106.548234,10.646108],[106.550226,10.651022],[106.553143,10.65073],[106.555269,10.652376],[106.558529,10.648624],[106.559017,10.651881],[106.5653,10.652296],[106.566244,10.656453],[106.573505,10.654183],[106.57335,10.649828],[106.576968,10.648887],[106.579384,10.650334],[106.577888,10.653301],[106.579711,10.65612],[106.583271,10.655385],[106.584055,10.653654],[106.590421,10.653113],[106.591737,10.650083],[106.595714,10.651104],[106.595221,10.653771],[106.600062,10.652222],[106.600652,10.650707],[106.604703,10.65799]]]}},{"type":"Feature","properties":{"code":"25663","name":"Xã Phước Thạnh","type":"Xã"},"geometry":{"type":"Polygon","coordinates":[[[106.266134,11.21122],[106.270555,11.203416],[106.272369,11.207812],[106.273598,11.20686],[106.276214,11.200302],[106.275821,11.196816],[106.282071,11.194404],[106.282091,11.191193],[106.284858,11.19204],[106.285866,11.187792],[106.287348,11.187923],[106.283592,11.183873],[106.288156,11.179385],[106.287149,11.177679],[106.288515,11.175174],[106.287782,11.167564],[106.28914,11.167787],[106.290008,11.164101],[106.288256,11.16092],[106.289607,11.153258],[106.294283,11.150562],[106.301008,11.139482],[106.300077,11.137143],[106.310828,11.135913],[106.310554,11.129854],[106.314334,11.11532],[106.310116,11.110311],[106.304127,11.10895],[106.299647,11.105189],[106.281055,11.097759],[106.261638,11.105263],[106.258477,11.100079],[106.256588,11.099431],[106.254147,11.093764],[106.251557,11.093516],[106.245527,11.088588],[106.239938,11.0941],[106.226519,11.102015],[106.222302,11.122043],[106.225397,11.125383],[106.23348,11.123537],[106.236436,11.126103],[106.237763,11.131517],[106.230274,11.147707],[106.229693,11.153172],[106.235487,11.163385],[106.244857,11.162322],[106.256289,11.165708],[106.254773,11.175037],[106.256544,11.188026],[106.259582,11.19396],[106.262791,11.206778],[106.266134,11.21122]]]}},{"type":"Feature","properties":{"code":"25591","name":"Xã Phước Vinh","type":"Xã"},"geometry":{"type":"Polygon","coordinates":[[[105.952768,11.546703],[105.954569,11.545316],[105.95321,11.536296],[105.963326,11.538787],[105.964341,11.529302],[105.967106,11.525551],[105.968071,11.522768],[105.966962,11.521397],[105.970206,11.513369],[105.974905,11.506462],[105.977225,11.505498],[105.979104,11.500854],[105.976073,11.495102],[105.978741,11.494674],[105.974754,11.49175],[105.974888,11.490084],[105.972419,11.489805],[105.975125,11.484517],[105.970013,11.480373],[105.968423,11.482009],[105.965877,11.480661],[105.965077,11.474954],[105.962345,11.475503],[105.9629,11.472741],[105.961314,11.472528],[105.96723,11.46735],[105.966181,11.465253],[105.968684,11.464543],[105.972355,11.457197],[105.969071,11.458029],[105.967952,11.453385],[105.964904,11.452351],[105.968433,11.449786],[105.968331,11.448485],[105.966433,11.448446],[105.967486,11.445892],[105.969489,11.444291],[105.973015,11.445762],[105.972217,11.441982],[105.969106,11.44213],[105.968396,11.440838],[105.971101,11.436183],[105.975455,11.437082],[105.976388,11.433856],[105.975154,11.432801],[105.977681,11.432047],[105.974272,11.428954],[105.971022,11.431405],[105.972092,11.427899],[105.970552,11.427794],[105.971086,11.422645],[105.966357,11.415403],[105.962649,11.41615],[105.960886,11.414027],[105.958897,11.415788],[105.956661,11.413081],[105.957124,11.404957],[105.955045,11.400456],[105.959035,11.398015],[105.960905,11.3987],[105.963376,11.394406],[105.960444,11.388805],[105.964155,11.386717],[105.957536,11.383608],[105.958601,11.381997],[105.957543,11.38014],[105.959278,11.378629],[105.95668,11.377064],[105.957416,11.375255],[105.954958,11.37317],[105.955023,11.369951],[105.951899,11.370277],[105.954522,11.366284],[105.960563,11.363],[105.958363,11.357695],[105.951272,11.352173],[105.953263,11.349427],[105.948559,11.346196],[105.942462,11.348401],[105.939538,11.35456],[105.934362,11.349894],[105.92432,11.356964],[105.919261,11.357489],[105.924826,11.367697],[105.926795,11.367343],[105.929073,11.363283],[105.931478,11.363689],[105.927636,11.37204],[105.920563,11.372833],[105.918771,11.370398],[105.906235,11.369627],[105.903875,11.372913],[105.904881,11.378952],[105.898618,11.378804],[105.899528,11.384001],[105.894042,11.386398],[105.895768,11.392871],[105.888843,11.398054],[105.893392,11.402724],[105.894739,11.406996],[105.886169,11.414851],[105.890246,11.419513],[105.889517,11.421728],[105.891148,11.424899],[105.900229,11.427559],[105.901762,11.429558],[105.90089,11.433626],[105.903071,11.436815],[105.903308,11.446914],[105.899935,11.446746],[105.900078,11.451823],[105.896458,11.449942],[105.89382,11.452292],[105.88706,11.45048],[105.88564,11.454303],[105.882187,11.453723],[105.879881,11.455849],[105.879256,11.462251],[105.876837,11.458853],[105.874357,11.461388],[105.876883,11.469759],[105.879478,11.469368],[105.879386,11.472652],[105.876801,11.474251],[105.879605,11.482393],[105.881482,11.483149],[105.882328,11.481438],[105.884579,11.482775],[105.884313,11.492674],[105.881869,11.49436],[105.878477,11.501375],[105.881042,11.503126],[105.879803,11.510893],[105.88219,11.511663],[105.883423,11.509805],[105.884177,11.510952],[105.881973,11.514003],[105.884884,11.518732],[105.885355,11.525851],[105.896781,11.527121],[105.900748,11.531064],[105.936989,11.542251],[105.93663,11.544254],[105.946661,11.544325],[105.952768,11.546703]]]}},{"type":"Feature","properties":{"code":"28201","name":"Xã Phước Vĩnh Tây","type":"Xã"},"geometry":{"type":"Polygon","coordinates":[[[106.693907,10.592028],[106.698663,10.584457],[106.708517,10.574956],[106.70362,10.57002],[106.704663,10.56516],[106.697132,10.564715],[106.697784,10.560617],[106.695815,10.554538],[106.693442,10.552725],[106.693088,10.555497],[106.689264,10.552225],[106.687609,10.546693],[106.684462,10.548077],[106.680831,10.546017],[106.679761,10.549635],[106.675008,10.550029],[106.673661,10.547673],[106.672466,10.548478],[106.669366,10.546323],[106.670338,10.543349],[106.668243,10.54301],[106.665446,10.537089],[106.668015,10.537431],[106.669563,10.535908],[106.667641,10.533715],[106.669043,10.532516],[106.667125,10.530465],[106.666272,10.532589],[106.664398,10.530247],[106.661919,10.53151],[106.662951,10.523825],[106.661066,10.522866],[106.664211,10.521007],[106.663684,10.517697],[106.65848,10.515196],[106.658099,10.512676],[106.650865,10.512209],[106.648166,10.516952],[106.652182,10.528417],[106.649988,10.539773],[106.645863,10.540225],[106.643554,10.538635],[106.642093,10.540651],[106.633843,10.542821],[106.634192,10.545029],[106.631865,10.545739],[106.633464,10.548095],[106.631878,10.54772],[106.631305,10.548825],[106.633839,10.551757],[106.629799,10.555604],[106.631919,10.555304],[106.631669,10.560236],[106.638518,10.572065],[106.641487,10.573372],[106.641581,10.575096],[106.646889,10.575945],[106.646052,10.579361],[106.648588,10.57919],[106.651325,10.581558],[106.655533,10.581021],[106.655582,10.577995],[106.658104,10.580325],[106.659703,10.577587],[106.662237,10.577152],[106.662389,10.575092],[106.665171,10.576056],[106.670506,10.574297],[106.670845,10.583051],[106.673058,10.5868],[106.679004,10.588076],[106.683854,10.586417],[106.685888,10.587372],[106.687083,10.584476],[106.691563,10.587456],[106.691979,10.589399],[106.694235,10.588343],[106.693907,10.592028]]]}},{"type":"Feature","properties":{"code":"28114","name":"Xã Rạch Kiến","type":"Xã"},"geometry":{"type":"Polygon","coordinates":[[[106.579383,10.640907],[106.5886,10.635756],[106.595505,10.636217],[106.593995,10.633462],[106.595339,10.632432],[106.593102,10.629319],[106.594647,10.625113],[106.59276,10.623758],[106.592586,10.619005],[106.590256,10.618768],[106.588329,10.611504],[106.594411,10.606638],[106.592903,10.598442],[106.596282,10.597371],[106.595838,10.594735],[106.591144,10.596175],[106.588361,10.594872],[106.590174,10.587567],[106.591964,10.586715],[106.595017,10.588135],[106.596241,10.577278],[106.594689,10.576203],[106.593533,10.578332],[106.591425,10.577075],[106.590512,10.578564],[106.587453,10.57846],[106.583801,10.582091],[106.582034,10.57977],[106.575086,10.583587],[106.574118,10.582151],[106.57673,10.580414],[106.573224,10.578097],[106.570725,10.578791],[106.565486,10.576778],[106.560273,10.578537],[106.561654,10.582722],[106.558603,10.590537],[106.558623,10.59724],[106.556243,10.597741],[106.556052,10.599656],[106.552902,10.599459],[106.550481,10.607867],[106.56006,10.621002],[106.557552,10.626829],[106.565403,10.627553],[106.565745,10.63203],[106.570195,10.638558],[106.573855,10.637526],[106.574059,10.639484],[106.579383,10.640907]]]}},{"type":"Feature","properties":{"code":"28225","name":"Xã Thuận Mỹ","type":"Xã"},"geometry":{"type":"Polygon","coordinates":[[[106.55958,10.503036],[106.581448,10.475489],[106.585478,10.466385],[106.584606,10.446908],[106.588314,10.438299],[106.584553,10.434728],[106.584242,10.43249],[106.587809,10.425405],[106.588847,10.418107],[106.571873,10.412264],[106.5675,10.414845],[106.559066,10.41296],[106.557707,10.415837],[106.558601,10.424387],[106.549827,10.424984],[106.546427,10.429498],[106.543192,10.428155],[106.537565,10.420368],[106.529328,10.433545],[106.524074,10.430933],[106.51822,10.424416],[106.514276,10.4261],[106.513242,10.428921],[106.509572,10.427703],[106.506819,10.429683],[106.505369,10.428633],[106.503444,10.43445],[106.501675,10.433303],[106.49963,10.437384],[106.496029,10.435549],[106.495456,10.436999],[106.493064,10.436468],[106.490328,10.438569],[106.491078,10.440055],[106.488052,10.444534],[106.495789,10.452987],[106.501779,10.453371],[106.505292,10.455371],[106.509561,10.454673],[106.515334,10.459504],[106.514385,10.461866],[106.519772,10.461603],[106.524736,10.463501],[106.524894,10.474438],[106.528404,10.477454],[106.537597,10.479051],[106.542376,10.478256],[106.547971,10.472686],[106.54944,10.461425],[106.554912,10.460119],[106.560539,10.463235],[106.564635,10.470737],[106.564543,10.478463],[106.560524,10.483315],[106.551836,10.485131],[106.550035,10.488624],[106.552258,10.498986],[106.555436,10.502387],[106.55958,10.503036]]]}},{"type":"Feature","properties":{"code":"25498","name":"Xã Thạnh Bình","type":"Xã"},"geometry":{"type":"Polygon","coordinates":[[[106.114524,11.616296],[106.112997,11.483692],[106.118091,11.481516],[106.119564,11.478955],[106.122804,11.478752],[106.122673,11.475752],[106.102948,11.476493],[106.103478,11.479491],[106.098056,11.482189],[106.094673,11.475658],[106.091452,11.474955],[106.084469,11.480221],[106.07728,11.478256],[106.077296,11.475377],[106.072644,11.472742],[106.072579,11.468471],[106.071483,11.468327],[106.066137,11.471941],[106.065468,11.470395],[106.057821,11.473613],[106.04974,11.472745],[106.048768,11.475936],[106.046107,11.476787],[106.024915,11.464313],[106.005723,11.462883],[106.000849,11.46409],[105.993942,11.462118],[105.987201,11.464026],[105.980835,11.469014],[105.969044,11.470574],[105.965513,11.468333],[105.962192,11.470538],[105.961816,11.474505],[105.965077,11.474954],[105.965768,11.480548],[105.968423,11.482009],[105.970013,11.480373],[105.975125,11.484517],[105.972419,11.489805],[105.974888,11.490084],[105.974754,11.49175],[105.978741,11.494674],[105.976077,11.495009],[105.978353,11.498982],[105.980139,11.498231],[105.994082,11.505955],[106.016048,11.511186],[106.021136,11.515031],[106.020848,11.520508],[106.028908,11.521987],[106.03001,11.524212],[106.033127,11.524509],[106.029024,11.527492],[106.029795,11.537338],[106.028619,11.539321],[106.030708,11.553729],[106.029876,11.556918],[106.025731,11.559262],[106.025753,11.561338],[106.035245,11.564107],[106.036647,11.574325],[106.039815,11.576318],[106.040805,11.583033],[106.039985,11.588857],[106.020014,11.588699],[106.019849,11.594968],[106.01742,11.596907],[106.020246,11.600153],[106.017946,11.601329],[106.020406,11.603356],[106.019977,11.601267],[106.024302,11.603436],[106.023455,11.606736],[106.020285,11.609469],[106.024486,11.612199],[106.028673,11.61109],[106.0288,11.612523],[106.023964,11.61333],[106.025553,11.616166],[106.114524,11.616296]]]}},{"type":"Feature","properties":{"code":"27865","name":"Xã Thạnh Hóa","type":"Xã"},"geometry":{"type":"Polygon","coordinates":[[[106.187677,10.65863],[106.198658,10.659469],[106.199149,10.656934],[106.197333,10.652463],[106.197912,10.580434],[106.089909,10.575364],[106.091465,10.600461],[106.090098,10.602167],[106.085875,10.636074],[106.088494,10.641886],[106.180555,10.67791],[106.181846,10.661605],[106.187677,10.65863]]]}},{"type":"Feature","properties":{"code":"27994","name":"Xã Thạnh Lợi","type":"Xã"},"geometry":{"type":"Polygon","coordinates":[[[106.393586,10.796508],[106.399005,10.792081],[106.41289,10.786912],[106.415775,10.788023],[106.418028,10.794457],[106.420315,10.796112],[106.427629,10.794059],[106.428395,10.787094],[106.427276,10.784688],[106.422758,10.781976],[106.424226,10.775247],[106.429877,10.775293],[106.428996,10.773249],[106.434073,10.770879],[106.442642,10.758152],[106.448875,10.762941],[106.466103,10.74085],[106.44655,10.726223],[106.431517,10.724353],[106.428511,10.711944],[106.421553,10.701307],[106.417839,10.685869],[106.415236,10.684781],[106.413149,10.68749],[106.392614,10.689674],[106.375278,10.696008],[106.380772,10.700629],[106.354328,10.731321],[106.331321,10.764728],[106.343835,10.771953],[106.345674,10.769887],[106.348945,10.769758],[106.357306,10.774507],[106.36857,10.774142],[106.364692,10.780252],[106.368211,10.782003],[106.379486,10.781871],[106.381181,10.784064],[106.380826,10.786911],[106.389612,10.786875],[106.390292,10.791042],[106.389076,10.79369],[106.390907,10.796502],[106.393586,10.796508]]]}},{"type":"Feature","properties":{"code":"27877","name":"Xã Thạnh Phước","type":"Xã"},"geometry":{"type":"Polygon","coordinates":[[[106.035947,10.688047],[106.041522,10.688335],[106.040778,10.693069],[106.062152,10.698214],[106.087838,10.711582],[106.087737,10.712679],[106.102065,10.714],[106.111804,10.75836],[106.147767,10.749263],[106.152767,10.733178],[106.17701,10.72854],[106.175308,10.725778],[106.178091,10.723534],[106.178787,10.718933],[106.217502,10.712066],[106.229304,10.70412],[106.233139,10.703294],[106.233568,10.698535],[106.233206,10.691615],[106.229841,10.688248],[106.230858,10.683414],[106.225678,10.676372],[106.226908,10.666726],[106.221849,10.663709],[106.214577,10.661945],[106.208608,10.667362],[106.199457,10.659609],[106.184581,10.659268],[106.181697,10.662088],[106.180555,10.67791],[106.088494,10.641886],[106.089332,10.644367],[106.044128,10.653551],[106.045853,10.657549],[106.043855,10.660475],[106.04885,10.660593],[106.04888,10.665411],[106.045292,10.665347],[106.035947,10.688047]]]}},{"type":"Feature","properties":{"code":"25657","name":"Xã Thạnh Đức","type":"Xã"},"geometry":{"type":"Polygon","coordinates":[[[106.207094,11.267467],[106.210598,11.268282],[106.210693,11.263375],[106.215445,11.267363],[106.216735,11.266108],[106.215364,11.264943],[106.219357,11.261142],[106.214166,11.255594],[106.213832,11.251787],[106.223479,11.240574],[106.226248,11.240458],[106.225919,11.243423],[106.227949,11.245141],[106.228975,11.231641],[106.235707,11.230316],[106.233243,11.227582],[106.23624,11.225969],[106.235467,11.224923],[106.240278,11.221888],[106.242541,11.223538],[106.244034,11.222679],[106.244442,11.218965],[106.246652,11.217696],[106.247816,11.218814],[106.252549,11.215058],[106.255834,11.209855],[106.259471,11.211975],[106.266021,11.211158],[106.262791,11.206778],[106.259582,11.19396],[106.256544,11.188026],[106.254773,11.175037],[106.256808,11.166545],[106.244857,11.162322],[106.235487,11.163385],[106.229693,11.153172],[106.224909,11.156436],[106.219598,11.156984],[106.194495,11.150681],[106.186558,11.155654],[106.184568,11.163465],[106.180207,11.167496],[106.174109,11.167275],[106.167696,11.160027],[106.157591,11.157212],[106.145373,11.162115],[106.140078,11.168953],[106.138467,11.176229],[106.139726,11.188425],[106.147706,11.196625],[106.148493,11.212599],[106.155872,11.213184],[106.156327,11.210446],[106.163101,11.211282],[106.163066,11.213459],[106.166739,11.213447],[106.171882,11.221456],[106.176473,11.222676],[106.178778,11.220725],[106.18191,11.222461],[106.18577,11.229706],[106.188574,11.228595],[106.197566,11.251811],[106.199563,11.254443],[106.204967,11.256318],[106.203597,11.262487],[106.207094,11.267467]]]}},{"type":"Feature","properties":{"code":"28036","name":"Xã Thủ Thừa","type":"Xã"},"geometry":{"type":"Polygon","coordinates":[[[106.401755,10.573436],[106.390554,10.573439],[106.389917,10.575907],[106.38574,10.576448],[106.38316,10.575053],[106.378935,10.580634],[106.386237,10.588922],[106.392464,10.591037],[106.394265,10.593182],[106.393049,10.598309],[106.393971,10.603884],[106.392277,10.605216],[106.391789,10.609064],[106.38855,10.610714],[106.382779,10.62655],[106.378164,10.623494],[106.362022,10.640631],[106.396251,10.668103],[106.402112,10.66126],[106.409544,10.644597],[106.411735,10.644821],[106.414031,10.641605],[106.424384,10.634291],[106.428135,10.634738],[106.434069,10.629942],[106.434116,10.625267],[106.42929,10.621448],[106.430334,10.61801],[106.432819,10.618306],[106.434884,10.616503],[106.432646,10.612043],[106.436186,10.610133],[106.434951,10.605978],[106.43591,10.603241],[106.441602,10.605178],[106.444594,10.6031],[106.442556,10.598989],[106.443476,10.596716],[106.440143,10.595188],[106.438173,10.591184],[106.446419,10.575016],[106.444608,10.572968],[106.432769,10.578572],[106.420726,10.564262],[106.420026,10.56934],[106.416628,10.568147],[106.416259,10.569875],[106.412233,10.57017],[106.412292,10.571564],[106.406866,10.569986],[106.401755,10.573436]]]}},{"type":"Feature","properties":{"code":"25666","name":"Xã Truông Mít","type":"Xã"},"geometry":{"type":"Polygon","coordinates":[[[106.267545,11.269654],[106.277681,11.251902],[106.2785,11.249789],[106.27723,11.249242],[106.280123,11.241101],[106.285117,11.243148],[106.28605,11.232701],[106.287886,11.22838],[106.290847,11.229806],[106.300034,11.229187],[106.300174,11.225776],[106.303787,11.227298],[106.316479,11.225792],[106.326253,11.230417],[106.335061,11.220368],[106.338859,11.213391],[106.342161,11.213496],[106.347593,11.217473],[106.352888,11.214239],[106.326028,11.186312],[106.338587,11.172702],[106.333812,11.168664],[106.339198,11.16452],[106.328385,11.158395],[106.310915,11.141081],[106.310174,11.136914],[106.300077,11.137143],[106.301008,11.139482],[106.294283,11.150562],[106.289607,11.153258],[106.288256,11.16092],[106.290008,11.164101],[106.28914,11.167787],[106.287782,11.167564],[106.288515,11.175174],[106.287149,11.177679],[106.288156,11.179385],[106.283592,11.183873],[106.287348,11.187923],[106.285866,11.187792],[106.284858,11.19204],[106.282091,11.191193],[106.282071,11.194404],[106.275821,11.196816],[106.276214,11.200302],[106.273598,11.20686],[106.272369,11.207812],[106.270555,11.203416],[106.265342,11.211616],[106.259126,11.211912],[106.255834,11.209855],[106.252549,11.215058],[106.247816,11.218814],[106.246652,11.217696],[106.244442,11.218965],[106.244034,11.222679],[106.242541,11.223538],[106.240278,11.221888],[106.233243,11.227582],[106.235707,11.230316],[106.234355,11.231415],[106.243579,11.24007],[106.242347,11.242694],[106.24432,11.249553],[106.251227,11.253551],[106.251991,11.256041],[106.254509,11.256061],[106.253393,11.258308],[106.257795,11.266883],[106.263516,11.270154],[106.267545,11.269654]]]}},{"type":"Feature","properties":{"code":"25510","name":"Xã Trà Vong","type":"Xã"},"geometry":{"type":"Polygon","coordinates":[[[106.098056,11.482189],[106.103478,11.479491],[106.102948,11.476493],[106.122673,11.475752],[106.122818,11.47164],[106.119609,11.442875],[106.115327,11.438106],[106.110652,11.437144],[106.106741,11.431223],[106.097645,11.424508],[106.103319,11.417121],[106.101417,11.414594],[106.102534,11.413085],[106.099624,11.409413],[106.099307,11.404894],[106.101151,11.400202],[106.098911,11.396714],[106.098788,11.392162],[106.094645,11.394253],[106.086663,11.404439],[106.075937,11.411873],[106.074006,11.408583],[106.070077,11.409955],[106.062534,11.406615],[106.04891,11.40595],[106.041753,11.400787],[106.040382,11.40311],[106.036396,11.402247],[106.035153,11.408149],[106.033008,11.407571],[106.032972,11.410209],[106.030471,11.410637],[106.030209,11.414685],[106.020872,11.415028],[106.016528,11.41948],[106.016788,11.421205],[106.012529,11.421512],[106.013487,11.424203],[106.011658,11.428971],[106.008948,11.42787],[106.008597,11.42912],[106.006668,11.428808],[106.00519,11.432898],[106.001981,11.432586],[105.996986,11.435017],[105.997124,11.440715],[105.989358,11.442478],[105.984955,11.441266],[105.982389,11.446389],[105.983254,11.450361],[105.978675,11.453925],[105.974535,11.45197],[105.964902,11.452284],[105.967952,11.453385],[105.969071,11.458029],[105.972354,11.457096],[105.968684,11.464543],[105.966151,11.465345],[105.967278,11.467239],[105.965513,11.468333],[105.969044,11.470574],[105.980865,11.469005],[105.987201,11.464026],[105.993649,11.462126],[106.000917,11.464094],[106.013622,11.4631],[106.028242,11.46531],[106.046107,11.476787],[106.048768,11.475936],[106.04974,11.472745],[106.057821,11.473613],[106.065468,11.470395],[106.066137,11.471941],[106.071483,11.468327],[106.072579,11.468471],[106.072644,11.472742],[106.077296,11.475377],[106.07728,11.478256],[106.085244,11.480096],[106.091452,11.474955],[106.094673,11.475658],[106.098056,11.482189]]]}},{"type":"Feature","properties":{"code":"27775","name":"Xã Tuyên Bình","type":"Xã"},"geometry":{"type":"Polygon","coordinates":[[[105.805399,10.90778],[105.820456,10.933874],[105.819109,10.939468],[105.821823,10.94178],[105.825081,10.940792],[105.830523,10.945597],[105.863685,10.901063],[105.848787,10.867476],[105.849084,10.86363],[105.898607,10.844675],[105.895697,10.841669],[105.89564,10.838639],[105.896903,10.8384],[105.895282,10.834671],[105.875273,10.822001],[105.880036,10.818334],[105.881595,10.813722],[105.883794,10.813268],[105.870456,10.790089],[105.858436,10.782017],[105.852528,10.780509],[105.827903,10.746597],[105.817514,10.726897],[105.803332,10.729585],[105.802771,10.745295],[105.807038,10.746861],[105.806458,10.779929],[105.796042,10.788789],[105.795304,10.799279],[105.786665,10.804136],[105.776754,10.818186],[105.822786,10.896432],[105.805399,10.90778]]]}},{"type":"Feature","properties":{"code":"27817","name":"Xã Tuyên Thạnh","type":"Xã"},"geometry":{"type":"Polygon","coordinates":[[[105.931454,10.704537],[105.891748,10.712557],[105.887149,10.690927],[105.867598,10.689636],[105.86067,10.692847],[105.857562,10.687939],[105.853752,10.687199],[105.826963,10.700243],[105.819052,10.701408],[105.817598,10.729027],[105.824475,10.741273],[105.852528,10.780509],[105.858436,10.782017],[105.869722,10.789154],[105.883651,10.813111],[105.889686,10.815942],[105.892508,10.815629],[105.895205,10.812126],[105.895011,10.804979],[105.897384,10.800987],[105.904047,10.798058],[105.912731,10.791413],[105.919299,10.791607],[105.922888,10.785132],[105.91784,10.776421],[105.918381,10.770941],[105.910006,10.758052],[105.925285,10.740911],[105.922267,10.730628],[105.935091,10.728285],[105.931454,10.704537]]]}},{"type":"Feature","properties":{"code":"25486","name":"Xã Tân Biên","type":"Xã"},"geometry":{"type":"Polygon","coordinates":[[[105.883364,11.677121],[105.890167,11.675747],[105.906508,11.661956],[105.92453,11.650207],[105.950727,11.639912],[105.949259,11.637556],[105.946231,11.637394],[105.940832,11.629804],[105.937591,11.631695],[105.937246,11.628653],[105.935207,11.62843],[105.935678,11.625851],[105.93199,11.624565],[105.931998,11.622659],[105.925668,11.621751],[105.920212,11.616129],[105.920077,11.611605],[105.922308,11.609229],[105.920809,11.607133],[105.920899,11.601227],[105.927028,11.600656],[105.933119,11.597957],[105.94974,11.605499],[105.954857,11.605143],[105.960983,11.607876],[105.966255,11.605146],[105.964625,11.601589],[105.965877,11.600769],[105.970049,11.602859],[105.974935,11.611428],[105.975674,11.60974],[105.983097,11.608364],[105.985593,11.603944],[105.984935,11.597238],[105.989026,11.597478],[105.991049,11.588605],[106.039985,11.588857],[106.039894,11.576532],[106.036647,11.574325],[106.035245,11.564107],[106.025753,11.561338],[106.025731,11.559262],[106.029876,11.556918],[106.030708,11.553729],[106.028619,11.539321],[106.029795,11.537338],[106.029024,11.527492],[106.033127,11.524509],[106.03001,11.524212],[106.028908,11.521987],[106.020848,11.520508],[106.021136,11.515031],[106.017152,11.513186],[106.017603,11.511927],[105.994082,11.505955],[105.980032,11.498215],[105.978353,11.498982],[105.977639,11.504895],[105.974905,11.506462],[105.970206,11.513369],[105.966962,11.521397],[105.968071,11.522768],[105.967106,11.525551],[105.964341,11.529302],[105.963326,11.538787],[105.95321,11.536296],[105.954569,11.545316],[105.952768,11.546703],[105.946661,11.544325],[105.93663,11.544254],[105.936989,11.542251],[105.900748,11.531064],[105.896781,11.527121],[105.886097,11.525675],[105.884413,11.52812],[105.885523,11.532193],[105.882328,11.534566],[105.884461,11.537705],[105.87984,11.542991],[105.880698,11.54608],[105.878498,11.54647],[105.875168,11.550974],[105.872163,11.551697],[105.874,11.55511],[105.869243,11.555256],[105.869739,11.556395],[105.865115,11.559697],[105.866907,11.560464],[105.86675,11.562485],[105.862745,11.561923],[105.861903,11.566417],[105.858595,11.56471],[105.856937,11.566012],[105.85746,11.564932],[105.855071,11.564235],[105.854415,11.562282],[105.850028,11.560583],[105.850781,11.561718],[105.848925,11.56381],[105.845353,11.561016],[105.84524,11.56489],[105.840422,11.562027],[105.840791,11.565406],[105.83786,11.563705],[105.832673,11.565617],[105.827187,11.564369],[105.823645,11.570327],[105.819237,11.569955],[105.82023,11.567553],[105.817002,11.569445],[105.81636,11.570909],[105.817781,11.570423],[105.818654,11.572794],[105.815081,11.574304],[105.814586,11.576374],[105.816005,11.576276],[105.817726,11.5815],[105.81073,11.587781],[105.812117,11.590687],[105.810275,11.595038],[105.811924,11.596272],[105.809602,11.59642],[105.810726,11.599117],[105.808632,11.601197],[105.81028,11.60076],[105.809624,11.602716],[105.811807,11.603326],[105.816316,11.610194],[105.820531,11.611856],[105.822127,11.619917],[105.828712,11.619717],[105.829753,11.622726],[105.834427,11.62559],[105.835991,11.635343],[105.843672,11.646159],[105.843214,11.649983],[105.846649,11.650381],[105.84719,11.655252],[105.849841,11.656442],[105.853641,11.662941],[105.863126,11.668022],[105.873524,11.671092],[105.883364,11.677121]]]}},{"type":"Feature","properties":{"code":"25516","name":"Xã Tân Châu","type":"Xã"},"geometry":{"type":"Polygon","coordinates":[[[106.11293,11.51995],[106.114368,11.593265],[106.12584,11.593171],[106.127372,11.588426],[106.132883,11.583052],[106.136333,11.584965],[106.141746,11.579339],[106.149071,11.576468],[106.149515,11.573466],[106.157869,11.574675],[106.161369,11.571043],[106.167616,11.569537],[106.16948,11.567624],[106.171375,11.569489],[106.178617,11.567068],[106.179412,11.568745],[106.182521,11.567859],[106.18232,11.565057],[106.195269,11.564244],[106.192297,11.549672],[106.19489,11.546888],[106.193867,11.542374],[106.190446,11.539488],[106.183053,11.538413],[106.185509,11.535644],[106.187833,11.536608],[106.188537,11.533154],[106.19193,11.530737],[106.190329,11.52312],[106.187256,11.519434],[106.182584,11.524192],[106.173508,11.528152],[106.168414,11.525771],[106.159488,11.52716],[106.161467,11.518654],[106.11293,11.51995]]]}},{"type":"Feature","properties":{"code":"25531","name":"Xã Tân Hòa","type":"Xã"},"geometry":{"type":"Polygon","coordinates":[[[106.374089,11.452008],[106.371513,11.466517],[106.369585,11.468918],[106.36269,11.472539],[106.35879,11.480112],[106.334135,11.498985],[106.320041,11.515595],[106.317254,11.52673],[106.317698,11.53115],[106.305204,11.539551],[106.301182,11.544558],[106.285108,11.553829],[106.281028,11.558361],[106.271577,11.560348],[106.2687,11.564794],[106.26326,11.563992],[106.264759,11.576234],[106.263914,11.602451],[106.26198,11.61264],[106.262352,11.630081],[106.259018,11.632688],[106.262398,11.634339],[106.263099,11.637278],[106.269001,11.642492],[106.274414,11.641511],[106.279256,11.643306],[106.280506,11.64695],[106.284755,11.648563],[106.285423,11.652773],[106.292216,11.65545],[106.292206,11.659116],[106.298,11.665799],[106.298789,11.669518],[106.296807,11.676524],[106.298494,11.681222],[106.302326,11.679216],[106.303239,11.680476],[106.309858,11.680169],[106.316402,11.678546],[106.32511,11.684318],[106.331721,11.6829],[106.333378,11.68318],[106.333822,11.685086],[106.335937,11.680847],[106.33859,11.680766],[106.348404,11.684758],[106.354084,11.690671],[106.36943,11.696572],[106.385602,11.695151],[106.39878,11.691733],[106.403709,11.6868],[106.409569,11.684374],[106.414771,11.677383],[106.426313,11.677666],[106.434279,11.670891],[106.451198,11.67086],[106.451729,11.666706],[106.449281,11.664493],[106.452032,11.663028],[106.450945,11.660417],[106.45539,11.657641],[106.453077,11.653774],[106.45934,11.650638],[106.458521,11.644847],[106.464626,11.63938],[106.4618,11.633833],[106.465909,11.632993],[106.465089,11.629487],[106.466386,11.626885],[106.463378,11.623623],[106.466013,11.622736],[106.46641,11.61975],[106.468602,11.619045],[106.468951,11.613913],[106.476865,11.613567],[106.47577,11.610583],[106.481462,11.609992],[106.481831,11.606168],[106.486482,11.603717],[106.482501,11.596351],[106.485922,11.590653],[106.486751,11.584591],[106.48937,11.583232],[106.490468,11.579751],[106.48585,11.578244],[106.488513,11.575928],[106.490364,11.570352],[106.488073,11.56832],[106.487844,11.565543],[106.485749,11.564693],[106.485768,11.561725],[106.482369,11.560123],[106.484294,11.558024],[106.4818,11.556993],[106.482329,11.55476],[106.4804,11.555861],[106.480582,11.546907],[106.474584,11.548961],[106.472315,11.548062],[106.472802,11.545713],[106.469944,11.547091],[106.46572,11.54211],[106.461666,11.545187],[106.453589,11.542354],[106.443946,11.546995],[106.439488,11.543488],[106.438133,11.54476],[106.436938,11.540071],[106.433863,11.539759],[106.433561,11.537193],[106.43135,11.537771],[106.430811,11.535622],[106.427437,11.534337],[106.429774,11.513529],[106.428633,11.510125],[106.423571,11.50724],[106.424513,11.50486],[106.423136,11.504589],[106.421701,11.497844],[106.423164,11.495637],[106.408718,11.47297],[106.404137,11.46892],[106.384561,11.460094],[106.374089,11.452008]]]}},{"type":"Feature","properties":{"code":"27721","name":"Xã Tân Hưng","type":"Xã"},"geometry":{"type":"Polygon","coordinates":[[[105.668773,10.868838],[105.71315,10.851743],[105.715571,10.856122],[105.724686,10.862537],[105.729363,10.86437],[105.739054,10.864557],[105.741286,10.86286],[105.74195,10.858947],[105.739967,10.844039],[105.74334,10.832453],[105.747722,10.831314],[105.751026,10.827402],[105.757109,10.83073],[105.766833,10.829856],[105.787614,10.803485],[105.785738,10.795446],[105.781467,10.793616],[105.780588,10.786818],[105.765308,10.752294],[105.758487,10.757583],[105.71395,10.779024],[105.657294,10.815023],[105.651206,10.825874],[105.649365,10.832855],[105.650593,10.836679],[105.645279,10.841135],[105.646737,10.843387],[105.649324,10.841386],[105.652209,10.846968],[105.654449,10.846624],[105.668773,10.868838]]]}},{"type":"Feature","properties":{"code":"25525","name":"Xã Tân Hội","type":"Xã"},"geometry":{"type":"Polygon","coordinates":[[[106.197089,11.696913],[106.202279,11.688064],[106.202774,11.68306],[106.206303,11.680664],[106.207502,11.676861],[106.210259,11.677248],[106.211445,11.674093],[106.210187,11.671342],[106.213282,11.668128],[106.214727,11.668911],[106.215175,11.666455],[106.213978,11.665828],[106.215926,11.663337],[106.218416,11.663509],[106.218039,11.661616],[106.220598,11.660897],[106.217601,11.656986],[106.219001,11.652443],[106.217619,11.653381],[106.216263,11.650762],[106.218085,11.647855],[106.224088,11.64608],[106.222942,11.644914],[106.224607,11.640842],[106.220595,11.637864],[106.221571,11.63473],[106.224782,11.632137],[106.222258,11.632058],[106.222856,11.629438],[106.21962,11.625308],[106.220535,11.618548],[106.219325,11.618541],[106.219478,11.620274],[106.218187,11.61973],[106.2177,11.615638],[106.215479,11.613863],[106.220571,11.61058],[106.220206,11.607521],[106.217932,11.607263],[106.218322,11.604032],[106.217075,11.60484],[106.2185,11.603313],[106.214002,11.598344],[106.210899,11.60272],[106.207574,11.60184],[106.202229,11.606063],[106.202622,11.603414],[106.200601,11.602602],[106.202728,11.597927],[106.20066,11.595544],[106.198376,11.578092],[106.19583,11.573122],[106.195962,11.56582],[106.195269,11.564244],[106.187608,11.563752],[106.18729,11.565274],[106.18232,11.565057],[106.182521,11.567859],[106.179412,11.568745],[106.178617,11.567068],[106.171375,11.569489],[106.16948,11.567624],[106.167616,11.569537],[106.161369,11.571043],[106.157869,11.574675],[106.149515,11.573466],[106.149071,11.576468],[106.141746,11.579339],[106.136333,11.584965],[106.132883,11.583052],[106.127372,11.588426],[106.12584,11.593171],[106.114368,11.593265],[106.112558,11.698495],[106.118236,11.698731],[106.119287,11.697345],[106.120609,11.699026],[106.122057,11.697417],[106.122953,11.698464],[106.129506,11.697112],[106.137228,11.699004],[106.137436,11.697377],[106.143304,11.69821],[106.144694,11.697154],[106.145403,11.69847],[106.149481,11.697922],[106.151092,11.696146],[106.157887,11.697949],[106.160845,11.696157],[106.16245,11.698321],[106.170723,11.696658],[106.171404,11.69898],[106.177743,11.69753],[106.181593,11.698617],[106.187206,11.696483],[106.191696,11.698921],[106.197089,11.696913]]]}},{"type":"Feature","properties":{"code":"28072","name":"Xã Tân Long","type":"Xã"},"geometry":{"type":"Polygon","coordinates":[[[106.296608,10.742818],[106.331604,10.764287],[106.354328,10.731321],[106.380772,10.700629],[106.327598,10.655809],[106.323347,10.660688],[106.320966,10.651401],[106.317364,10.648839],[106.307113,10.646155],[106.304208,10.643627],[106.296374,10.643095],[106.286762,10.651331],[106.275877,10.649066],[106.26235,10.654633],[106.254921,10.664013],[106.255651,10.666805],[106.260246,10.671246],[106.258882,10.678332],[106.256265,10.679496],[106.249533,10.676908],[106.234349,10.685215],[106.230858,10.683414],[106.229635,10.686918],[106.233244,10.691743],[106.233144,10.703326],[106.243677,10.759338],[106.246499,10.764421],[106.266121,10.777855],[106.296608,10.742818]]]}},{"type":"Feature","properties":{"code":"28138","name":"Xã Tân Lân","type":"Xã"},"geometry":{"type":"Polygon","coordinates":[[[106.606316,10.541742],[106.614886,10.5417],[106.618935,10.539603],[106.62339,10.540305],[106.627404,10.539009],[106.633885,10.545219],[106.633843,10.542821],[106.642093,10.540651],[106.643355,10.538677],[106.645863,10.540225],[106.649988,10.539773],[106.652182,10.528417],[106.648289,10.518476],[106.648789,10.514404],[106.651625,10.511927],[106.660715,10.512055],[106.664046,10.502735],[106.668474,10.497021],[106.65653,10.480372],[106.647357,10.483735],[106.640428,10.480314],[106.636405,10.473532],[106.633316,10.459746],[106.626373,10.46468],[106.618616,10.474568],[106.613039,10.473881],[106.607473,10.484477],[106.606927,10.490605],[106.615931,10.493119],[106.61259,10.500583],[106.615135,10.510863],[106.611492,10.5156],[106.607697,10.515583],[106.606845,10.517256],[106.609117,10.521204],[106.602182,10.528172],[106.598634,10.527995],[106.596199,10.532498],[106.597199,10.53738],[106.602617,10.537883],[106.606316,10.541742]]]}},{"type":"Feature","properties":{"code":"25489","name":"Xã Tân Lập","type":"Xã"},"geometry":{"type":"Polygon","coordinates":[[[106.062257,11.782395],[106.069179,11.781469],[106.073119,11.777806],[106.080185,11.774966],[106.081555,11.766625],[106.084693,11.765009],[106.085987,11.766018],[106.085601,11.764269],[106.087423,11.762813],[106.091237,11.762114],[106.092586,11.757208],[106.09942,11.755973],[106.104811,11.746969],[106.11326,11.741632],[106.110978,11.738219],[106.114524,11.616296],[106.025553,11.616166],[106.023964,11.61333],[106.0288,11.612523],[106.028673,11.61109],[106.024486,11.612199],[106.020285,11.609469],[106.023455,11.606736],[106.024302,11.603436],[106.019977,11.601267],[106.020406,11.603356],[106.017946,11.601329],[106.020246,11.600153],[106.01742,11.596907],[106.019849,11.594968],[106.020234,11.589294],[105.991049,11.588605],[105.989026,11.597478],[105.984935,11.597238],[105.985593,11.603944],[105.983097,11.608364],[105.975674,11.60974],[105.974935,11.611428],[105.970049,11.602859],[105.965877,11.600769],[105.964625,11.601589],[105.966255,11.605146],[105.960983,11.607876],[105.954857,11.605143],[105.94974,11.605499],[105.933119,11.597957],[105.927028,11.600656],[105.920849,11.601263],[105.920809,11.607133],[105.922308,11.609229],[105.920077,11.611605],[105.920212,11.616129],[105.925668,11.621751],[105.930894,11.622149],[105.932385,11.624879],[105.935363,11.625464],[105.935207,11.62843],[105.937246,11.628653],[105.937591,11.631695],[105.940832,11.629804],[105.946336,11.637488],[105.949259,11.637556],[105.950727,11.639912],[105.953101,11.639104],[105.961162,11.64991],[105.971126,11.656986],[105.972812,11.661792],[105.980363,11.665713],[105.982228,11.670718],[105.981662,11.67796],[105.977025,11.683229],[105.984318,11.693195],[105.99127,11.699153],[105.995014,11.697954],[106.000917,11.701706],[106.00462,11.706624],[106.010104,11.721074],[106.014886,11.724803],[106.015963,11.728451],[106.013632,11.743531],[106.010082,11.751012],[106.016859,11.768962],[106.02506,11.774937],[106.062257,11.782395]]]}},{"type":"Feature","properties":{"code":"25549","name":"Xã Tân Phú","type":"Xã"},"geometry":{"type":"Polygon","coordinates":[[[106.11293,11.519934],[106.161467,11.518654],[106.159488,11.52716],[106.168414,11.525771],[106.173887,11.528131],[106.181452,11.524905],[106.187256,11.519434],[106.185009,11.51403],[106.191944,11.501441],[106.201521,11.492828],[106.210881,11.477763],[106.21887,11.471735],[106.217315,11.467352],[106.219785,11.464722],[106.21693,11.464702],[106.216275,11.454505],[106.210498,11.450829],[106.209044,11.444173],[106.204711,11.43931],[106.206685,11.434952],[106.204279,11.433633],[106.205683,11.429972],[106.200702,11.428118],[106.195331,11.429662],[106.190041,11.417452],[106.19193,11.414609],[106.186867,11.411902],[106.187885,11.409598],[106.185692,11.406079],[106.181405,11.407559],[106.179044,11.421164],[106.176833,11.421305],[106.175021,11.426243],[106.171819,11.428947],[106.167733,11.429287],[106.163897,11.431782],[106.162975,11.43681],[106.160286,11.438741],[106.152239,11.436502],[106.144103,11.429614],[106.135927,11.425653],[106.130664,11.426516],[106.129741,11.428775],[106.126624,11.42885],[106.123771,11.432065],[106.116092,11.4338],[106.114219,11.435596],[106.113244,11.438119],[106.116902,11.439406],[106.120724,11.445738],[106.120244,11.45598],[106.122029,11.460528],[106.122804,11.478752],[106.119564,11.478955],[106.118091,11.481516],[106.112997,11.483692],[106.11293,11.519934]]]}},{"type":"Feature","properties":{"code":"25534","name":"Xã Tân Thành","type":"Xã"},"geometry":{"type":"Polygon","coordinates":[[[106.247973,11.452011],[106.21233,11.476321],[106.201521,11.492828],[106.191299,11.502405],[106.184941,11.514429],[106.190329,11.52312],[106.19193,11.530737],[106.188537,11.533154],[106.187833,11.536608],[106.185509,11.535644],[106.183053,11.538413],[106.190446,11.539488],[106.194487,11.544087],[106.194673,11.547614],[106.192297,11.549672],[106.19359,11.560394],[106.196289,11.567057],[106.19583,11.573122],[106.19816,11.577223],[106.200309,11.587928],[106.20066,11.595544],[106.202728,11.597927],[106.200608,11.602948],[106.202622,11.603414],[106.202734,11.606099],[106.204941,11.602908],[106.207948,11.601763],[106.210899,11.60272],[106.214251,11.598397],[106.218525,11.603361],[106.217071,11.604759],[106.218322,11.604032],[106.217932,11.607263],[106.22047,11.60814],[106.219818,11.611502],[106.215452,11.613562],[106.2177,11.615638],[106.218187,11.61973],[106.220642,11.618761],[106.21962,11.625308],[106.229832,11.635793],[106.234485,11.631877],[106.238191,11.632633],[106.240611,11.630197],[106.244379,11.631741],[106.250747,11.629618],[106.259018,11.632688],[106.262352,11.630081],[106.26198,11.61264],[106.263914,11.602451],[106.264759,11.576234],[106.26326,11.563992],[106.2687,11.564794],[106.271577,11.560348],[106.281028,11.558361],[106.285108,11.553829],[106.301182,11.544558],[106.305204,11.539551],[106.317698,11.53115],[106.317254,11.52673],[106.320041,11.515595],[106.334135,11.498985],[106.35879,11.480112],[106.36269,11.472539],[106.369585,11.468918],[106.373422,11.459869],[106.374089,11.452008],[106.368016,11.447381],[106.362891,11.423502],[106.348317,11.420845],[106.306463,11.420206],[106.299419,11.417344],[106.273396,11.425978],[106.247973,11.452011]]]}},{"type":"Feature","properties":{"code":"27826","name":"Xã Tân Thạnh","type":"Xã"},"geometry":{"type":"Polygon","coordinates":[[[106.024409,10.657638],[106.089384,10.644316],[106.088383,10.63931],[106.085875,10.636074],[106.090098,10.602167],[106.091465,10.600461],[106.089909,10.575364],[106.101239,10.575891],[106.102454,10.522835],[105.992097,10.532984],[106.010856,10.573639],[106.021937,10.572814],[106.035786,10.599626],[106.027856,10.602399],[106.029799,10.612085],[106.012478,10.615309],[106.018073,10.628822],[106.017157,10.635852],[106.019451,10.645641],[106.014859,10.65277],[106.024409,10.657638]]]}},{"type":"Feature","properties":{"code":"28075","name":"Xã Tân Trụ","type":"Xã"},"geometry":{"type":"Polygon","coordinates":[[[106.527212,10.554136],[106.538024,10.550304],[106.535669,10.539803],[106.533863,10.540069],[106.530489,10.537382],[106.528879,10.533233],[106.526225,10.532929],[106.525072,10.529639],[106.520592,10.52926],[106.523775,10.52425],[106.52281,10.516445],[106.515928,10.515245],[106.519124,10.513055],[106.518027,10.509518],[106.52349,10.50475],[106.521096,10.502046],[106.516973,10.500983],[106.518157,10.499745],[106.51576,10.493983],[106.505079,10.48764],[106.505681,10.505066],[106.50381,10.510051],[106.500366,10.51372],[106.493585,10.514772],[106.484869,10.506551],[106.4764,10.506692],[106.472605,10.510049],[106.471001,10.517143],[106.463864,10.528308],[106.4599,10.53006],[106.45664,10.529169],[106.455647,10.53265],[106.462344,10.538767],[106.46595,10.545755],[106.467714,10.544834],[106.469974,10.547165],[106.473967,10.54243],[106.49597,10.5404],[106.502048,10.541836],[106.506443,10.548364],[106.510905,10.55018],[106.512196,10.55613],[106.515359,10.556258],[106.520237,10.561466],[106.527212,10.554136]]]}},{"type":"Feature","properties":{"code":"27889","name":"Xã Tân Tây","type":"Xã"},"geometry":{"type":"Polygon","coordinates":[[[106.250095,10.676822],[106.256587,10.679531],[106.259284,10.677648],[106.260246,10.671246],[106.255651,10.666805],[106.254921,10.664013],[106.26235,10.654633],[106.275877,10.649066],[106.287076,10.651219],[106.295177,10.643437],[106.304208,10.643627],[106.313781,10.635749],[106.314857,10.63231],[106.308501,10.627957],[106.307401,10.624786],[106.316138,10.617691],[106.329413,10.613218],[106.32988,10.60489],[106.334928,10.600852],[106.333646,10.595401],[106.335123,10.590315],[106.33156,10.583173],[106.328016,10.583218],[106.317643,10.589988],[106.205837,10.579284],[106.197912,10.580434],[106.197332,10.652375],[106.198658,10.659469],[106.208055,10.667255],[106.210379,10.666717],[106.214669,10.66193],[106.22621,10.665585],[106.225703,10.676444],[106.233123,10.685274],[106.250095,10.676822]]]}},{"type":"Feature","properties":{"code":"28207","name":"Xã Tân Tập","type":"Xã"},"geometry":{"type":"Polygon","coordinates":[[[106.725732,10.585088],[106.727189,10.585436],[106.728636,10.579987],[106.731285,10.579715],[106.73471,10.582051],[106.735441,10.586093],[106.737455,10.586193],[106.739393,10.58235],[106.735033,10.577658],[106.736799,10.576915],[106.741388,10.579085],[106.745686,10.575599],[106.741947,10.568906],[106.74181,10.56375],[106.748357,10.525201],[106.744019,10.504101],[106.724239,10.514528],[106.716775,10.508346],[106.710344,10.507763],[106.706552,10.501314],[106.692907,10.502129],[106.67858,10.500227],[106.67184,10.496093],[106.66869,10.496859],[106.664046,10.502735],[106.661772,10.510658],[106.658076,10.513594],[106.659382,10.515973],[106.663684,10.517697],[106.664211,10.521007],[106.661066,10.522866],[106.662951,10.523825],[106.661919,10.53151],[106.664398,10.530247],[106.666272,10.532589],[106.667125,10.530465],[106.669043,10.532516],[106.667641,10.533715],[106.669563,10.535908],[106.668015,10.537431],[106.665446,10.537089],[106.668243,10.54301],[106.670338,10.543349],[106.669366,10.546323],[106.672466,10.548478],[106.673661,10.547673],[106.675008,10.550029],[106.679761,10.549635],[106.680831,10.546017],[106.684462,10.548077],[106.687609,10.546693],[106.689264,10.552225],[106.693088,10.555497],[106.693442,10.552725],[106.695815,10.554538],[106.697784,10.560617],[106.697132,10.564715],[106.704158,10.564751],[106.704073,10.570757],[106.708517,10.574956],[106.71333,10.573892],[106.714387,10.58686],[106.723631,10.591164],[106.723227,10.588241],[106.725732,10.585088]]]}},{"type":"Feature","properties":{"code":"25522","name":"Xã Tân Đông","type":"Xã"},"geometry":{"type":"Polygon","coordinates":[[[106.184508,11.749854],[106.194777,11.745965],[106.195399,11.741032],[106.206028,11.732642],[106.21567,11.72788],[106.227086,11.730966],[106.237448,11.726759],[106.24984,11.726995],[106.257195,11.724875],[106.259664,11.720563],[106.258897,11.71901],[106.26553,11.716345],[106.265133,11.709694],[106.270113,11.708716],[106.270515,11.703978],[106.274423,11.700762],[106.276987,11.701233],[106.281422,11.69738],[106.289273,11.695625],[106.293842,11.68813],[106.299541,11.684665],[106.296807,11.676524],[106.298789,11.669518],[106.298,11.665799],[106.292206,11.659116],[106.292216,11.65545],[106.285423,11.652773],[106.284755,11.648563],[106.280506,11.64695],[106.279256,11.643306],[106.274414,11.641511],[106.269001,11.642492],[106.263099,11.637278],[106.262247,11.634198],[106.255916,11.630899],[106.25202,11.631149],[106.250393,11.62958],[106.244379,11.631741],[106.240611,11.630197],[106.238191,11.632633],[106.234485,11.631877],[106.229832,11.635793],[106.224735,11.629668],[106.222874,11.629634],[106.222258,11.632058],[106.224771,11.632269],[106.221571,11.63473],[106.220596,11.638036],[106.224607,11.640842],[106.222942,11.644914],[106.224088,11.64608],[106.218085,11.647855],[106.216227,11.651222],[106.217619,11.653381],[106.219001,11.652443],[106.217601,11.656986],[106.220598,11.660897],[106.218039,11.661616],[106.218416,11.663509],[106.215926,11.663337],[106.213978,11.665828],[106.215175,11.666455],[106.214727,11.668911],[106.213282,11.668128],[106.210187,11.671342],[106.211445,11.674093],[106.210259,11.677248],[106.207502,11.676861],[106.206303,11.680664],[106.202774,11.68306],[106.202279,11.688064],[106.199499,11.690963],[106.199856,11.693601],[106.195942,11.698281],[106.190678,11.698919],[106.187206,11.696483],[106.181593,11.698617],[106.177743,11.69753],[106.171404,11.69898],[106.170723,11.696658],[106.16245,11.698321],[106.160845,11.696157],[106.157887,11.697949],[106.151092,11.696146],[106.149481,11.697922],[106.145403,11.69847],[106.144694,11.697154],[106.143304,11.69821],[106.137436,11.697377],[106.137228,11.699004],[106.129506,11.697112],[106.122953,11.698464],[106.122057,11.697417],[106.120609,11.699026],[106.119287,11.697345],[106.118236,11.698731],[106.112558,11.698495],[106.110978,11.738219],[106.11326,11.741632],[106.11129,11.742324],[106.111843,11.743418],[106.116123,11.74254],[106.123763,11.745237],[106.133839,11.744818],[106.154329,11.735723],[106.157867,11.736878],[106.164036,11.744823],[106.17084,11.749015],[106.176163,11.746258],[106.180772,11.747645],[106.183676,11.746036],[106.184508,11.749854]]]}},{"type":"Feature","properties":{"code":"28210","name":"Xã Tầm Vu","type":"Xã"},"geometry":{"type":"Polygon","coordinates":[[[106.505246,10.507078],[106.506058,10.498981],[106.504251,10.491351],[106.505393,10.486888],[106.508266,10.484513],[106.516404,10.483081],[106.51836,10.480478],[106.516807,10.475713],[106.508076,10.469731],[106.508965,10.465278],[106.514385,10.461866],[106.515365,10.459556],[106.509561,10.454673],[106.505292,10.455371],[106.501779,10.453371],[106.495826,10.453009],[106.484019,10.440582],[106.482606,10.442954],[106.476932,10.436839],[106.471753,10.438654],[106.47067,10.435683],[106.465504,10.432231],[106.465567,10.434677],[106.461395,10.438491],[106.460359,10.441799],[106.465905,10.448576],[106.46112,10.448452],[106.457997,10.450312],[106.45455,10.449399],[106.452828,10.45335],[106.442213,10.458217],[106.442041,10.466097],[106.439475,10.4663],[106.439064,10.467943],[106.445248,10.475288],[106.449151,10.477465],[106.454422,10.476886],[106.45533,10.479773],[106.458192,10.480254],[106.457071,10.487664],[106.459319,10.487626],[106.45792,10.491202],[106.464859,10.49793],[106.464501,10.499749],[106.467875,10.504489],[106.465295,10.505846],[106.468053,10.508618],[106.470712,10.506891],[106.472579,10.510123],[106.476574,10.506636],[106.484307,10.506363],[106.491129,10.513712],[106.496313,10.515177],[106.500366,10.51372],[106.505246,10.507078]]]}},{"type":"Feature","properties":{"code":"28093","name":"Xã Vàm Cỏ","type":"Xã"},"geometry":{"type":"Polygon","coordinates":[[[106.565682,10.550575],[106.56884,10.544029],[106.56736,10.528751],[106.558832,10.510469],[106.55958,10.503036],[106.553515,10.500975],[106.549941,10.490193],[106.551544,10.485347],[106.560524,10.483315],[106.56399,10.479653],[106.565081,10.473518],[106.562261,10.465264],[106.556553,10.460542],[106.550434,10.460744],[106.548763,10.462499],[106.54913,10.468656],[106.547327,10.473898],[106.543185,10.477864],[106.537597,10.479051],[106.525531,10.475702],[106.525738,10.465717],[106.524226,10.463073],[106.518071,10.461445],[106.511276,10.463122],[106.508208,10.466771],[106.508253,10.470376],[106.516807,10.475713],[106.518277,10.480822],[106.516197,10.483166],[106.507532,10.484845],[106.505079,10.48764],[106.51576,10.493983],[106.518157,10.499745],[106.516973,10.500983],[106.521096,10.502046],[106.52349,10.50475],[106.518027,10.509518],[106.519124,10.513055],[106.515928,10.515245],[106.52281,10.516445],[106.523775,10.52425],[106.520592,10.52926],[106.525072,10.529639],[106.526225,10.532929],[106.528879,10.533233],[106.530489,10.537382],[106.533863,10.540069],[106.535669,10.539803],[106.538024,10.550304],[106.55779,10.553246],[106.565682,10.550575]]]}},{"type":"Feature","properties":{"code":"27748","name":"Xã Vĩnh Châu","type":"Xã"},"geometry":{"type":"Polygon","coordinates":[[[105.787614,10.803485],[105.795304,10.799279],[105.796801,10.787664],[105.806511,10.779708],[105.807038,10.746861],[105.802771,10.745295],[105.803332,10.729585],[105.81774,10.726895],[105.819708,10.697574],[105.81692,10.694602],[105.816672,10.685781],[105.814637,10.682068],[105.808852,10.653417],[105.780597,10.65874],[105.659415,10.771918],[105.675136,10.781137],[105.671478,10.784418],[105.687557,10.795467],[105.71395,10.779024],[105.758487,10.757583],[105.765308,10.752294],[105.780588,10.786818],[105.781467,10.793616],[105.785189,10.794636],[105.787614,10.803485]]]}},{"type":"Feature","properties":{"code":"28222","name":"Xã Vĩnh Công","type":"Xã"},"geometry":{"type":"Polygon","coordinates":[[[106.455168,10.528965],[106.459807,10.530069],[106.463864,10.528308],[106.471097,10.516942],[106.47255,10.509991],[106.470738,10.506904],[106.468119,10.508637],[106.465416,10.506082],[106.467875,10.504489],[106.464501,10.499749],[106.464859,10.49793],[106.457959,10.491295],[106.459319,10.487626],[106.457071,10.487664],[106.45817,10.480224],[106.45533,10.479773],[106.454422,10.476886],[106.449151,10.477465],[106.445248,10.475288],[106.438965,10.46684],[106.435806,10.469615],[106.434356,10.468703],[106.43001,10.473993],[106.425559,10.474038],[106.423963,10.478592],[106.417331,10.482044],[106.416999,10.48842],[106.414339,10.488695],[106.414646,10.495254],[106.418617,10.495149],[106.423266,10.497371],[106.422196,10.501344],[106.428006,10.502111],[106.430404,10.510122],[106.434038,10.514459],[106.434027,10.517625],[106.442441,10.520815],[106.448358,10.530006],[106.450592,10.53151],[106.455168,10.528965]]]}},{"type":"Feature","properties":{"code":"27757","name":"Xã Vĩnh Hưng","type":"Xã"},"geometry":{"type":"Polygon","coordinates":[[[105.771926,10.926534],[105.783278,10.92407],[105.790798,10.916789],[105.822786,10.896432],[105.777015,10.817712],[105.766683,10.829936],[105.757109,10.83073],[105.750941,10.827413],[105.7482,10.830979],[105.742926,10.833445],[105.739967,10.844039],[105.741959,10.856813],[105.741286,10.86286],[105.743873,10.863997],[105.751784,10.860851],[105.757539,10.864837],[105.759688,10.870243],[105.758003,10.880694],[105.705891,10.914983],[105.687358,10.929433],[105.70965,10.9356],[105.739592,10.961653],[105.771521,10.92908],[105.771926,10.926534]]]}},{"type":"Feature","properties":{"code":"27736","name":"Xã Vĩnh Thạnh","type":"Xã"},"geometry":{"type":"Polygon","coordinates":[[[105.705891,10.914983],[105.758003,10.880694],[105.75902,10.867414],[105.751784,10.860851],[105.736462,10.865093],[105.727238,10.86374],[105.715662,10.856205],[105.71315,10.851743],[105.668773,10.868838],[105.654449,10.846624],[105.652209,10.846968],[105.649324,10.841386],[105.646737,10.843387],[105.645279,10.841135],[105.650593,10.836679],[105.649365,10.832855],[105.651206,10.825874],[105.657294,10.815023],[105.687557,10.795467],[105.671478,10.784418],[105.675136,10.781137],[105.659414,10.771919],[105.595688,10.830813],[105.612321,10.831983],[105.588505,10.880327],[105.603869,10.89435],[105.620759,10.88762],[105.705891,10.914983]]]}},{"type":"Feature","properties":{"code":"27898","name":"Xã Đông Thành","type":"Xã"},"geometry":{"type":"Polygon","coordinates":[[[106.258621,10.906321],[106.259691,10.904027],[106.269372,10.904317],[106.271567,10.895608],[106.284543,10.906897],[106.298351,10.90844],[106.300511,10.911948],[106.303033,10.912362],[106.305368,10.90649],[106.327961,10.89889],[106.337958,10.890979],[106.340476,10.885686],[106.334927,10.873985],[106.336908,10.867205],[106.333316,10.865074],[106.269023,10.848511],[106.272012,10.838414],[106.222049,10.819027],[106.189021,10.817941],[106.188257,10.837966],[106.163273,10.885412],[106.174486,10.888051],[106.230316,10.914031],[106.231759,10.921059],[106.258621,10.906321]]]}},{"type":"Feature","properties":{"code":"27925","name":"Xã Đức Huệ","type":"Xã"},"geometry":{"type":"Polygon","coordinates":[[[106.336908,10.867205],[106.342675,10.859744],[106.338518,10.849787],[106.338815,10.845783],[106.345319,10.842544],[106.358894,10.841452],[106.359544,10.839724],[106.357041,10.836172],[106.356445,10.831721],[106.361329,10.822073],[106.3689,10.819905],[106.376782,10.8259],[106.381237,10.826656],[106.384634,10.82541],[106.390232,10.81947],[106.391819,10.815154],[106.390623,10.801127],[106.392881,10.797449],[106.389076,10.79369],[106.389736,10.787037],[106.380826,10.786911],[106.381181,10.784064],[106.37928,10.781806],[106.368211,10.782003],[106.364692,10.780252],[106.36857,10.774142],[106.357306,10.774507],[106.348945,10.769758],[106.345674,10.769887],[106.343835,10.771953],[106.302385,10.747516],[106.296681,10.742738],[106.239975,10.809036],[106.226249,10.81469],[106.222061,10.81904],[106.272012,10.838414],[106.269023,10.848511],[106.333316,10.865074],[106.336908,10.867205]]]}},{"type":"Feature","properties":{"code":"27937","name":"Xã Đức Hòa","type":"Xã"},"geometry":{"type":"Polygon","coordinates":[[[106.45536,10.839705],[106.465867,10.839301],[106.466558,10.836766],[106.46446,10.834064],[106.473621,10.833521],[106.472498,10.82166],[106.476877,10.818093],[106.476687,10.810756],[106.505673,10.793736],[106.504541,10.7889],[106.463651,10.756537],[106.47215,10.74544],[106.466103,10.74085],[106.448875,10.762941],[106.442642,10.758152],[106.434073,10.770879],[106.428996,10.773249],[106.429877,10.775293],[106.424226,10.775247],[106.422758,10.781976],[106.427276,10.784688],[106.428395,10.787094],[106.427629,10.794059],[106.420315,10.796112],[106.418028,10.794457],[106.415775,10.788023],[106.41289,10.786912],[106.396251,10.793757],[106.391365,10.799472],[106.390414,10.802994],[106.39099,10.808269],[106.39368,10.808],[106.399695,10.817009],[106.410563,10.824182],[106.434857,10.816991],[106.436988,10.820007],[106.436614,10.826811],[106.440813,10.839121],[106.453303,10.835951],[106.45536,10.839705]]]}},{"type":"Feature","properties":{"code":"27964","name":"Xã Đức Lập","type":"Xã"},"geometry":{"type":"Polygon","coordinates":[[[106.4253,10.869895],[106.413412,10.876103],[106.408909,10.884039],[106.409478,10.886288],[106.410904,10.886163],[106.411875,10.892081],[106.410703,10.899332],[106.417904,10.901738],[106.453508,10.941908],[106.531361,10.902774],[106.532907,10.900499],[106.525884,10.873641],[106.498612,10.87789],[106.493294,10.877928],[106.485481,10.874237],[106.484881,10.876595],[106.473244,10.876346],[106.461305,10.879562],[106.460455,10.876465],[106.455061,10.876614],[106.453066,10.882916],[106.45389,10.886888],[106.435971,10.894102],[106.431087,10.892428],[106.424083,10.884516],[106.4253,10.869895]]]}}]}