{"type":"FeatureCollection","features":[{"type":"Feature","properties":{"code":"29954","name":"Phường An Bình","type":"Phường"},"geometry":{"type":"Polygon","coordinates":[[[105.436889,10.81419],[105.449957,10.784799],[105.397684,10.770159],[105.368427,10.754076],[105.356496,10.751229],[105.353117,10.766989],[105.346129,10.77859],[105.337712,10.802626],[105.351398,10.805594],[105.436889,10.81419]]]}},{"type":"Feature","properties":{"code":"28315","name":"Phường Bình Xuân","type":"Phường"},"geometry":{"type":"Polygon","coordinates":[[[106.632566,10.439752],[106.636233,10.44035],[106.635162,10.437959],[106.636323,10.43547],[106.633315,10.432984],[106.637314,10.431519],[106.636083,10.429774],[106.637313,10.42623],[106.63571,10.423564],[106.639775,10.418291],[106.640582,10.413608],[106.64858,10.409051],[106.65314,10.408539],[106.656887,10.404367],[106.661812,10.394824],[106.65652,10.389787],[106.660334,10.386712],[106.659775,10.382039],[106.665774,10.377157],[106.669315,10.377476],[106.668456,10.372862],[106.662247,10.368898],[106.665192,10.365625],[106.665694,10.362088],[106.660898,10.360375],[106.661448,10.356786],[106.654679,10.356589],[106.651746,10.35437],[106.651327,10.358901],[106.646535,10.358419],[106.633326,10.380057],[106.634452,10.381042],[106.634072,10.388497],[106.626445,10.392565],[106.625309,10.401413],[106.618272,10.407608],[106.615394,10.413761],[106.611496,10.414864],[106.611721,10.416332],[106.606906,10.418734],[106.60411,10.42258],[106.601377,10.422193],[106.600607,10.426391],[106.5932,10.424253],[106.587809,10.425405],[106.584242,10.43249],[106.584553,10.434728],[106.588314,10.438299],[106.592854,10.4361],[106.597965,10.436221],[106.615628,10.447492],[106.627769,10.452149],[106.631373,10.446407],[106.632566,10.439752]]]}},{"type":"Feature","properties":{"code":"28439","name":"Phường Cai Lậy","type":"Phường"},"geometry":{"type":"Polygon","coordinates":[[[106.110839,10.351303],[106.104548,10.350717],[106.099863,10.355335],[106.101601,10.360109],[106.096746,10.366107],[106.100251,10.368657],[106.098788,10.373558],[106.095668,10.373493],[106.096447,10.378648],[106.098358,10.381664],[106.101871,10.383091],[106.100887,10.385146],[106.104812,10.386165],[106.106132,10.389455],[106.109207,10.390367],[106.108918,10.392114],[106.111629,10.392166],[106.113458,10.387682],[106.115614,10.389153],[106.116118,10.391605],[106.110466,10.394267],[106.116196,10.405787],[106.121644,10.404535],[106.12284,10.412679],[106.131359,10.411862],[106.132011,10.409238],[106.139648,10.409812],[106.140272,10.398084],[106.148658,10.398646],[106.150627,10.3928],[106.148408,10.392275],[106.148585,10.388936],[106.147255,10.388693],[106.146324,10.384595],[106.148879,10.383849],[106.149068,10.381448],[106.148785,10.379904],[106.146877,10.380305],[106.146985,10.37332],[106.142505,10.373464],[106.140562,10.362845],[106.138446,10.359807],[106.124456,10.353323],[106.123876,10.355822],[106.118215,10.36006],[106.110654,10.355386],[106.110839,10.351303]]]}},{"type":"Feature","properties":{"code":"29869","name":"Phường Cao Lãnh","type":"Phường"},"geometry":{"type":"Polygon","coordinates":[[[105.58341,10.484599],[105.595176,10.476685],[105.613831,10.474085],[105.6218,10.47147],[105.622768,10.473547],[105.629992,10.467662],[105.633796,10.471049],[105.63623,10.471188],[105.639861,10.466505],[105.641682,10.460553],[105.650772,10.452601],[105.664544,10.45076],[105.673292,10.444154],[105.682457,10.44187],[105.686764,10.434463],[105.688523,10.421295],[105.691723,10.412618],[105.691424,10.406112],[105.644498,10.412968],[105.631094,10.412632],[105.613418,10.40872],[105.604686,10.409159],[105.591575,10.412319],[105.582812,10.416877],[105.57672,10.422938],[105.573266,10.430897],[105.573082,10.441868],[105.57572,10.446396],[105.573322,10.467448],[105.57053,10.478325],[105.576016,10.479528],[105.578476,10.484294],[105.58341,10.484599]]]}},{"type":"Feature","properties":{"code":"28306","name":"Phường Gò Công","type":"Phường"},"geometry":{"type":"Polygon","coordinates":[[[106.670521,10.372118],[106.676169,10.359369],[106.67456,10.359291],[106.674234,10.356346],[106.684852,10.356514],[106.692919,10.344212],[106.678169,10.33553],[106.674185,10.341056],[106.651449,10.334771],[106.652347,10.34129],[106.650661,10.353366],[106.654679,10.356589],[106.661448,10.356786],[106.660898,10.360375],[106.665694,10.362088],[106.665192,10.365625],[106.662247,10.368898],[106.668456,10.372862],[106.670521,10.372118]]]}},{"type":"Feature","properties":{"code":"29955","name":"Phường Hồng Ngự","type":"Phường"},"geometry":{"type":"Polygon","coordinates":[[[105.371587,10.897806],[105.436601,10.814195],[105.351398,10.805594],[105.337712,10.802626],[105.335741,10.807689],[105.339287,10.814764],[105.339175,10.833276],[105.341939,10.835873],[105.34247,10.840965],[105.337802,10.853212],[105.340444,10.857383],[105.338308,10.85972],[105.339521,10.863652],[105.342559,10.868212],[105.348941,10.870364],[105.349426,10.873598],[105.354693,10.880243],[105.359714,10.880525],[105.359445,10.886732],[105.36832,10.887957],[105.369916,10.893272],[105.36917,10.896908],[105.371587,10.897806]]]}},{"type":"Feature","properties":{"code":"28297","name":"Phường Long Thuận","type":"Phường"},"geometry":{"type":"Polygon","coordinates":[[[106.70295,10.370815],[106.714708,10.359325],[106.69197,10.345701],[106.684835,10.356525],[106.674234,10.356346],[106.67456,10.359291],[106.676169,10.359369],[106.674318,10.365491],[106.670521,10.370383],[106.672702,10.372759],[106.67709,10.372105],[106.68639,10.365796],[106.699575,10.379118],[106.70295,10.370815]]]}},{"type":"Feature","properties":{"code":"29884","name":"Phường Mỹ Ngãi","type":"Phường"},"geometry":{"type":"Polygon","coordinates":[[[105.633198,10.560703],[105.633465,10.556649],[105.635218,10.553663],[105.638901,10.552293],[105.639387,10.548105],[105.642642,10.547481],[105.645973,10.543973],[105.647994,10.544351],[105.649657,10.54071],[105.645191,10.539077],[105.643747,10.536058],[105.645779,10.533071],[105.644115,10.53003],[105.646641,10.527727],[105.645392,10.525335],[105.647805,10.520136],[105.644919,10.516867],[105.641791,10.516626],[105.636171,10.499206],[105.636208,10.493807],[105.628573,10.478336],[105.629116,10.473093],[105.633796,10.471049],[105.630019,10.467656],[105.622768,10.473547],[105.6218,10.47147],[105.613831,10.474085],[105.596273,10.476315],[105.582616,10.484762],[105.577782,10.483861],[105.57583,10.479407],[105.57053,10.478325],[105.557988,10.507429],[105.583448,10.511212],[105.597661,10.51633],[105.596237,10.523767],[105.6109,10.52933],[105.613652,10.542134],[105.624178,10.560407],[105.633198,10.560703]]]}},{"type":"Feature","properties":{"code":"28273","name":"Phường Mỹ Phong","type":"Phường"},"geometry":{"type":"Polygon","coordinates":[[[106.384555,10.40323],[106.387192,10.398531],[106.391429,10.396157],[106.396308,10.396071],[106.396922,10.394439],[106.4024,10.402422],[106.401979,10.398249],[106.403787,10.393043],[106.401942,10.391393],[106.409872,10.386553],[106.404992,10.378124],[106.411015,10.3658],[106.413535,10.349827],[106.410201,10.349959],[106.410869,10.343336],[106.399957,10.338407],[106.381185,10.347969],[106.382489,10.363209],[106.375159,10.358216],[106.370691,10.365283],[106.369478,10.363538],[106.365406,10.366163],[106.366302,10.372683],[106.365166,10.374604],[106.372447,10.375227],[106.372237,10.387459],[106.376026,10.38768],[106.376518,10.399216],[106.379452,10.400976],[106.379031,10.404951],[106.384733,10.40655],[106.384555,10.40323]]]}},{"type":"Feature","properties":{"code":"28435","name":"Phường Mỹ Phước Tây","type":"Phường"},"geometry":{"type":"Polygon","coordinates":[[[106.138798,10.430405],[106.137382,10.415195],[106.132732,10.414922],[106.132474,10.411362],[106.12284,10.412679],[106.121644,10.404535],[106.116196,10.405787],[106.118005,10.420927],[106.114694,10.424013],[106.11483,10.432149],[106.119427,10.433373],[106.117157,10.434827],[106.117287,10.439195],[106.120016,10.443036],[106.119578,10.447832],[106.1145,10.446808],[106.111402,10.452972],[106.108049,10.453596],[106.107898,10.45938],[106.092932,10.467909],[106.092838,10.482436],[106.09391,10.482889],[106.090245,10.491666],[106.091465,10.496376],[106.095534,10.495445],[106.093757,10.500152],[106.143981,10.487998],[106.143589,10.473383],[106.145966,10.461372],[106.138031,10.458823],[106.142076,10.454064],[106.141128,10.449537],[106.143,10.441965],[106.14879,10.435051],[106.138798,10.430405]]]}},{"type":"Feature","properties":{"code":"28261","name":"Phường Mỹ Tho","type":"Phường"},"geometry":{"type":"Polygon","coordinates":[[[106.365492,10.36598],[106.369478,10.363538],[106.370691,10.365283],[106.375159,10.358216],[106.382489,10.363209],[106.381185,10.347969],[106.399957,10.338407],[106.398558,10.33568],[106.387277,10.338963],[106.372698,10.340136],[106.368341,10.343692],[106.357239,10.347599],[106.361102,10.350475],[106.362219,10.364244],[106.365492,10.36598]]]}},{"type":"Feature","properties":{"code":"29888","name":"Phường Mỹ Trà","type":"Phường"},"geometry":{"type":"Polygon","coordinates":[[[105.694568,10.508789],[105.710187,10.507468],[105.718999,10.503724],[105.714082,10.479301],[105.715672,10.478429],[105.698409,10.456767],[105.695989,10.459652],[105.690447,10.454382],[105.679701,10.454167],[105.6783,10.450664],[105.680535,10.445681],[105.679593,10.443484],[105.674529,10.443548],[105.664029,10.450934],[105.651366,10.452245],[105.641682,10.460553],[105.636593,10.470922],[105.629102,10.473118],[105.628573,10.478336],[105.636208,10.493807],[105.636358,10.498811],[105.643558,10.502527],[105.648919,10.502947],[105.654917,10.49174],[105.661779,10.489752],[105.669347,10.503498],[105.674292,10.506982],[105.694568,10.508789]]]}},{"type":"Feature","properties":{"code":"28477","name":"Phường Nhị Quý","type":"Phường"},"geometry":{"type":"Polygon","coordinates":[[[106.193915,10.393544],[106.196344,10.386116],[106.19041,10.38377],[106.190228,10.380099],[106.18701,10.378216],[106.185758,10.3793],[106.181634,10.378223],[106.182428,10.375064],[106.179382,10.37456],[106.179568,10.373173],[106.171685,10.374911],[106.167648,10.369108],[106.162533,10.366436],[106.159311,10.368131],[106.158682,10.373362],[106.156053,10.37207],[106.14647,10.372398],[106.146877,10.380305],[106.148785,10.379904],[106.149068,10.381448],[106.148879,10.383849],[106.146324,10.384595],[106.147255,10.388693],[106.148585,10.388936],[106.148408,10.392275],[106.150627,10.3928],[106.148658,10.398646],[106.140272,10.398084],[106.139648,10.409812],[106.132011,10.409238],[106.132732,10.414922],[106.137382,10.415195],[106.138798,10.430405],[106.14879,10.435051],[106.149618,10.433514],[106.146116,10.431638],[106.147696,10.414082],[106.155673,10.412411],[106.160183,10.403507],[106.189307,10.404094],[106.190764,10.399749],[106.194839,10.399135],[106.193915,10.393544]]]}},{"type":"Feature","properties":{"code":"29905","name":"Phường Sa Đéc","type":"Phường"},"geometry":{"type":"Polygon","coordinates":[[[105.72496,10.380316],[105.738581,10.377338],[105.743831,10.37026],[105.748184,10.360387],[105.753533,10.341099],[105.766871,10.309057],[105.77373,10.297676],[105.782975,10.290495],[105.776577,10.285476],[105.781085,10.281112],[105.779108,10.278377],[105.773808,10.279328],[105.769646,10.28645],[105.760441,10.287366],[105.754255,10.285223],[105.751787,10.29014],[105.747088,10.28691],[105.744423,10.289506],[105.73918,10.284731],[105.733083,10.29546],[105.72704,10.294377],[105.726786,10.297298],[105.722524,10.297012],[105.719783,10.3048],[105.72047,10.309989],[105.716574,10.311561],[105.718516,10.315423],[105.715077,10.316356],[105.71532,10.318785],[105.717354,10.318963],[105.717017,10.321386],[105.714064,10.323772],[105.714885,10.3266],[105.720138,10.329901],[105.718107,10.340619],[105.711247,10.349668],[105.704636,10.354333],[105.709214,10.36048],[105.710554,10.366063],[105.709329,10.368674],[105.712965,10.371289],[105.711431,10.373935],[105.717422,10.379957],[105.722652,10.382477],[105.72496,10.380316]]]}},{"type":"Feature","properties":{"code":"28729","name":"Phường Sơn Qui","type":"Phường"},"geometry":{"type":"Polygon","coordinates":[[[106.664232,10.441709],[106.670326,10.438744],[106.676901,10.43833],[106.683228,10.440197],[106.687672,10.444965],[106.691372,10.440676],[106.692286,10.435528],[106.690175,10.433388],[106.690328,10.428699],[106.688468,10.428061],[106.688622,10.429754],[106.686796,10.430855],[106.685634,10.428304],[106.689226,10.426753],[106.689233,10.425002],[106.692042,10.426038],[106.693209,10.424318],[106.697143,10.425595],[106.698307,10.424315],[106.697722,10.4202],[106.695711,10.419716],[106.695644,10.416688],[106.694269,10.417047],[106.688731,10.406319],[106.690842,10.402439],[106.695099,10.400921],[106.693182,10.39767],[106.694026,10.396784],[106.691558,10.394623],[106.686583,10.394022],[106.696773,10.385879],[106.699575,10.379118],[106.68639,10.365796],[106.67709,10.372105],[106.672702,10.372759],[106.670521,10.370383],[106.670244,10.372475],[106.667655,10.373381],[106.669123,10.377805],[106.665774,10.377157],[106.660091,10.381521],[106.660334,10.386712],[106.65652,10.389787],[106.66175,10.393992],[106.659446,10.40024],[106.65314,10.408539],[106.64858,10.409051],[106.640851,10.413224],[106.639775,10.418291],[106.63571,10.423564],[106.637313,10.42623],[106.636083,10.429774],[106.637314,10.431519],[106.63331,10.433122],[106.636323,10.43547],[106.635162,10.437959],[106.636233,10.44035],[106.632191,10.440045],[106.631373,10.446407],[106.627769,10.452149],[106.633316,10.459746],[106.637565,10.476281],[106.644605,10.483091],[106.652277,10.482842],[106.658472,10.477518],[106.660311,10.47108],[106.660015,10.449275],[106.664232,10.441709]]]}},{"type":"Feature","properties":{"code":"28436","name":"Phường Thanh Hòa","type":"Phường"},"geometry":{"type":"Polygon","coordinates":[[[106.096,10.376307],[106.088941,10.37476],[106.08523,10.378178],[106.092309,10.379474],[106.084239,10.389051],[106.083989,10.392203],[106.087701,10.392626],[106.086654,10.395535],[106.096305,10.401228],[106.091963,10.410084],[106.09481,10.411693],[106.095856,10.414477],[106.101899,10.414008],[106.103509,10.4164],[106.098532,10.424909],[106.104605,10.427329],[106.102846,10.433939],[106.100321,10.437015],[106.101823,10.440394],[106.091398,10.440011],[106.092932,10.467909],[106.107898,10.45938],[106.108049,10.453596],[106.111402,10.452972],[106.1145,10.446808],[106.11948,10.447976],[106.120016,10.443036],[106.117287,10.439195],[106.117157,10.434827],[106.119427,10.433373],[106.11483,10.432149],[106.114694,10.424013],[106.118005,10.420927],[106.116729,10.417802],[106.117666,10.411547],[106.110466,10.394267],[106.113292,10.393817],[106.116336,10.39032],[106.113458,10.387682],[106.111629,10.392166],[106.108918,10.392114],[106.109207,10.390367],[106.106132,10.389455],[106.104812,10.386165],[106.100887,10.385146],[106.101871,10.383091],[106.098358,10.381664],[106.096,10.376307]]]}},{"type":"Feature","properties":{"code":"29978","name":"Phường Thường Lạc","type":"Phường"},"geometry":{"type":"Polygon","coordinates":[[[105.264975,10.896424],[105.274873,10.888765],[105.284895,10.887762],[105.293557,10.882023],[105.326903,10.866503],[105.339666,10.858726],[105.340444,10.857383],[105.337802,10.853212],[105.341243,10.846959],[105.342367,10.838855],[105.341819,10.835643],[105.339175,10.833276],[105.339287,10.814764],[105.335741,10.807689],[105.326589,10.817411],[105.315895,10.82206],[105.307293,10.82262],[105.296657,10.819846],[105.291902,10.853842],[105.2651,10.861978],[105.25683,10.870321],[105.254519,10.883304],[105.248499,10.893424],[105.264975,10.896424]]]}},{"type":"Feature","properties":{"code":"28270","name":"Phường Thới Sơn","type":"Phường"},"geometry":{"type":"Polygon","coordinates":[[[106.352602,10.36145],[106.357175,10.357147],[106.356768,10.347581],[106.368341,10.343692],[106.372698,10.340136],[106.352816,10.335511],[106.343061,10.331903],[106.34144,10.329812],[106.319582,10.324525],[106.305588,10.319192],[106.299099,10.319574],[106.291183,10.32545],[106.28596,10.327107],[106.286169,10.330945],[106.289663,10.330619],[106.301597,10.335066],[106.340386,10.343011],[106.337446,10.354155],[106.336079,10.354495],[106.336134,10.359439],[106.34882,10.358533],[106.352602,10.36145]]]}},{"type":"Feature","properties":{"code":"28285","name":"Phường Trung An","type":"Phường"},"geometry":{"type":"Polygon","coordinates":[[[106.327383,10.396967],[106.333507,10.396281],[106.340978,10.38993],[106.342401,10.381009],[106.346774,10.379969],[106.351068,10.371531],[106.345884,10.373317],[106.344505,10.370284],[106.341269,10.368574],[106.340471,10.359272],[106.336133,10.359438],[106.336079,10.354495],[106.337446,10.354155],[106.340386,10.343011],[106.313612,10.33733],[106.306708,10.353611],[106.305248,10.391934],[106.31008,10.390782],[106.311313,10.397004],[106.316433,10.395143],[106.319173,10.403136],[106.327383,10.396967]]]}},{"type":"Feature","properties":{"code":"28249","name":"Phường Đạo Thạnh","type":"Phường"},"geometry":{"type":"Polygon","coordinates":[[[106.364518,10.400899],[106.379031,10.404951],[106.379465,10.401078],[106.376518,10.399216],[106.376026,10.38768],[106.372237,10.387459],[106.372447,10.375227],[106.365003,10.374334],[106.366302,10.372683],[106.365492,10.36598],[106.362219,10.364244],[106.361102,10.350475],[106.356768,10.347581],[106.357175,10.357147],[106.352602,10.36145],[106.34882,10.358533],[106.340452,10.358508],[106.341269,10.368574],[106.346919,10.373971],[106.351068,10.371533],[106.346774,10.379969],[106.342423,10.380971],[106.341128,10.38975],[106.337988,10.392872],[106.344352,10.398015],[106.344932,10.402703],[106.349009,10.401903],[106.351116,10.398207],[106.35627,10.395869],[106.365719,10.39716],[106.364518,10.400899]]]}},{"type":"Feature","properties":{"code":"30019","name":"Xã An Hòa","type":"Xã"},"geometry":{"type":"Polygon","coordinates":[[[105.470893,10.790165],[105.487341,10.757105],[105.48409,10.755808],[105.497288,10.726063],[105.477622,10.721208],[105.441223,10.715204],[105.432226,10.719613],[105.430606,10.722977],[105.433203,10.724253],[105.42937,10.728101],[105.429195,10.730516],[105.426767,10.731016],[105.427479,10.733315],[105.431296,10.734894],[105.428082,10.745968],[105.422298,10.745529],[105.420032,10.747173],[105.413076,10.739214],[105.405082,10.73499],[105.406343,10.73241],[105.403749,10.732898],[105.401531,10.731174],[105.401567,10.728924],[105.39622,10.725747],[105.392984,10.721292],[105.381051,10.717929],[105.36845,10.711983],[105.36779,10.712906],[105.358425,10.731553],[105.356496,10.751229],[105.368427,10.754076],[105.398485,10.770406],[105.470893,10.790165]]]}},{"type":"Feature","properties":{"code":"28429","name":"Xã An Hữu","type":"Xã"},"geometry":{"type":"Polygon","coordinates":[[[105.926509,10.338318],[105.938512,10.334521],[105.940155,10.336174],[105.944071,10.332936],[105.952794,10.332914],[105.958464,10.328173],[105.96081,10.330066],[105.96244,10.328528],[105.97403,10.330015],[105.975803,10.327232],[105.942485,10.299136],[105.927024,10.283968],[105.902378,10.274442],[105.893745,10.27607],[105.876781,10.290842],[105.86165,10.296523],[105.85318,10.29777],[105.852865,10.308399],[105.857762,10.309267],[105.861676,10.305805],[105.86479,10.308839],[105.865606,10.305369],[105.872515,10.307067],[105.875093,10.311387],[105.872079,10.313454],[105.868495,10.312399],[105.86928,10.322247],[105.874666,10.31687],[105.88133,10.315516],[105.885347,10.316315],[105.892752,10.314674],[105.900844,10.317947],[105.902046,10.314387],[105.905359,10.318152],[105.91141,10.315906],[105.917149,10.318836],[105.921054,10.317503],[105.92234,10.328078],[105.923686,10.329543],[105.923629,10.331382],[105.920926,10.332909],[105.92357,10.334314],[105.924686,10.337239],[105.926509,10.338318]]]}},{"type":"Feature","properties":{"code":"30028","name":"Xã An Long","type":"Xã"},"geometry":{"type":"Polygon","coordinates":[[[105.419317,10.746785],[105.428082,10.745968],[105.431296,10.734894],[105.427479,10.733315],[105.426767,10.731016],[105.429195,10.730516],[105.42937,10.728101],[105.433203,10.724253],[105.430617,10.723022],[105.432104,10.719759],[105.439828,10.715801],[105.439662,10.712927],[105.427363,10.711205],[105.41998,10.70294],[105.409028,10.69564],[105.409037,10.681896],[105.418512,10.665576],[105.42529,10.65806],[105.434866,10.661626],[105.442176,10.666729],[105.453613,10.651223],[105.44769,10.647272],[105.449028,10.639629],[105.447135,10.638004],[105.447492,10.636416],[105.442648,10.632596],[105.451316,10.619056],[105.451821,10.615813],[105.441105,10.616279],[105.435793,10.586229],[105.439515,10.57996],[105.438101,10.577334],[105.431546,10.573554],[105.41255,10.606503],[105.397428,10.638398],[105.374204,10.702179],[105.36845,10.711983],[105.381051,10.717929],[105.392984,10.721292],[105.39622,10.725747],[105.401567,10.728924],[105.401531,10.731174],[105.403749,10.732898],[105.406343,10.73241],[105.405082,10.73499],[105.413076,10.739214],[105.419317,10.746785]]]}},{"type":"Feature","properties":{"code":"29944","name":"Xã An Phước","type":"Xã"},"geometry":{"type":"Polygon","coordinates":[[[105.509517,10.8403],[105.513738,10.8356],[105.521914,10.831659],[105.536272,10.843402],[105.540786,10.831361],[105.544395,10.833694],[105.546302,10.830782],[105.549298,10.833604],[105.553912,10.833537],[105.559748,10.839432],[105.561913,10.846912],[105.570072,10.856989],[105.578239,10.872918],[105.588343,10.88067],[105.612321,10.831983],[105.595688,10.830813],[105.604112,10.823373],[105.602276,10.821868],[105.582758,10.816291],[105.5819,10.817162],[105.488079,10.79549],[105.450105,10.784566],[105.436974,10.814192],[105.512983,10.82203],[105.509517,10.8403]]]}},{"type":"Feature","properties":{"code":"28633","name":"Xã An Thạnh Thủy","type":"Xã"},"geometry":{"type":"Polygon","coordinates":[[[106.543887,10.413176],[106.547223,10.411139],[106.549877,10.399038],[106.542976,10.393805],[106.538462,10.375354],[106.532557,10.375133],[106.532786,10.371551],[106.527927,10.371198],[106.528931,10.367805],[106.518734,10.3646],[106.514844,10.361173],[106.515332,10.354436],[106.521492,10.356258],[106.521604,10.349823],[106.526636,10.350223],[106.526633,10.345576],[106.521912,10.342314],[106.520669,10.339013],[106.525264,10.33551],[106.524877,10.327538],[106.509127,10.328279],[106.501093,10.32671],[106.49202,10.321399],[106.484492,10.325052],[106.480342,10.329079],[106.477665,10.334624],[106.477663,10.339956],[106.472889,10.343104],[106.480319,10.35008],[106.479837,10.353463],[106.481294,10.353755],[106.481322,10.355633],[106.479123,10.354917],[106.479195,10.356268],[106.477109,10.357675],[106.475892,10.356683],[106.475342,10.358134],[106.474048,10.35503],[106.466671,10.355407],[106.525545,10.409361],[106.531184,10.410448],[106.536856,10.408923],[106.543887,10.413176]]]}},{"type":"Feature","properties":{"code":"30085","name":"Xã Ba Sao","type":"Xã"},"geometry":{"type":"Polygon","coordinates":[[[105.698541,10.615189],[105.702858,10.608541],[105.712192,10.606078],[105.71306,10.603993],[105.724833,10.604494],[105.734842,10.583048],[105.718999,10.503724],[105.705991,10.508198],[105.676648,10.507665],[105.669382,10.503545],[105.661669,10.48974],[105.654825,10.491835],[105.648919,10.502947],[105.643558,10.502527],[105.636358,10.498811],[105.641921,10.516902],[105.644849,10.516827],[105.647805,10.520136],[105.645392,10.525335],[105.646641,10.527727],[105.644115,10.53003],[105.645779,10.533071],[105.643747,10.536058],[105.645191,10.539077],[105.64815,10.53924],[105.649643,10.541147],[105.647994,10.544351],[105.645256,10.54449],[105.644396,10.547236],[105.671551,10.562641],[105.676703,10.558041],[105.677294,10.562006],[105.679844,10.559585],[105.685473,10.584305],[105.689854,10.615375],[105.694284,10.615175],[105.694556,10.62064],[105.69746,10.621781],[105.698541,10.615189]]]}},{"type":"Feature","properties":{"code":"30118","name":"Xã Bình Hàng Trung","type":"Xã"},"geometry":{"type":"Polygon","coordinates":[[[105.793304,10.437686],[105.792645,10.402057],[105.790945,10.395844],[105.790224,10.396678],[105.78569,10.387711],[105.781551,10.383344],[105.781272,10.37824],[105.779086,10.376948],[105.779686,10.375583],[105.776702,10.371421],[105.779059,10.366017],[105.76796,10.359237],[105.765002,10.355424],[105.757138,10.360194],[105.754191,10.358211],[105.748728,10.35855],[105.743831,10.37026],[105.739192,10.376789],[105.732438,10.377938],[105.735958,10.388323],[105.73063,10.392104],[105.733326,10.393994],[105.730833,10.398528],[105.734804,10.400992],[105.740603,10.401914],[105.74202,10.405994],[105.737386,10.409098],[105.745109,10.423347],[105.752106,10.428889],[105.7529,10.436486],[105.742929,10.439805],[105.742931,10.445418],[105.728158,10.444863],[105.740307,10.454279],[105.74147,10.452758],[105.743685,10.45641],[105.745743,10.456156],[105.746506,10.463145],[105.749114,10.46368],[105.750337,10.473685],[105.745988,10.473999],[105.757066,10.478723],[105.758185,10.490258],[105.767881,10.489891],[105.766015,10.470273],[105.824619,10.469955],[105.8206,10.436075],[105.805477,10.438561],[105.793304,10.437686]]]}},{"type":"Feature","properties":{"code":"28648","name":"Xã Bình Ninh","type":"Xã"},"geometry":{"type":"Polygon","coordinates":[[[106.537285,10.332461],[106.551187,10.331286],[106.552002,10.328613],[106.546328,10.321815],[106.550462,10.319749],[106.553818,10.321094],[106.554388,10.318218],[106.551451,10.316529],[106.548699,10.3109],[106.549785,10.306453],[106.547338,10.304378],[106.546518,10.300938],[106.542608,10.298015],[106.526877,10.304508],[106.496956,10.30806],[106.475456,10.306713],[106.452226,10.307646],[106.448321,10.306511],[106.398558,10.33568],[106.400582,10.338978],[106.410298,10.343226],[106.433407,10.341968],[106.451469,10.348237],[106.459628,10.348753],[106.470086,10.345189],[106.477421,10.340201],[106.477539,10.334966],[106.480342,10.329079],[106.491537,10.321444],[106.501152,10.326733],[106.509127,10.328279],[106.522412,10.327264],[106.531598,10.329249],[106.537285,10.332461]]]}},{"type":"Feature","properties":{"code":"28471","name":"Xã Bình Phú","type":"Xã"},"geometry":{"type":"Polygon","coordinates":[[[106.099863,10.355335],[106.104543,10.35073],[106.106309,10.34574],[106.100363,10.34163],[106.097437,10.344375],[106.0966,10.342327],[106.090486,10.344362],[106.086129,10.351804],[106.083157,10.351541],[106.083667,10.353649],[106.073301,10.359715],[106.073944,10.362395],[106.072777,10.363136],[106.075153,10.363383],[106.07157,10.371102],[106.071921,10.373723],[106.069035,10.376382],[106.063246,10.369499],[106.06554,10.366547],[106.058497,10.357141],[106.056473,10.348746],[106.050398,10.344473],[106.045032,10.346066],[106.041416,10.350273],[106.036269,10.350782],[106.036911,10.353474],[106.035237,10.353194],[106.034267,10.355336],[106.034148,10.36135],[106.038406,10.366694],[106.038125,10.368507],[106.040886,10.3703],[106.048784,10.403282],[106.072904,10.416352],[106.079816,10.422722],[106.074148,10.431522],[106.075212,10.438703],[106.074143,10.444066],[106.075844,10.450143],[106.078213,10.451971],[106.092162,10.44981],[106.091398,10.440011],[106.101823,10.440394],[106.100321,10.437015],[106.102846,10.433939],[106.104605,10.427329],[106.098473,10.424331],[106.103509,10.4164],[106.101899,10.414008],[106.09578,10.41444],[106.09481,10.411693],[106.091963,10.410084],[106.096305,10.401228],[106.086654,10.395535],[106.087701,10.392626],[106.083989,10.392203],[106.084239,10.389051],[106.092309,10.379474],[106.08523,10.378178],[106.086172,10.376748],[106.089079,10.374689],[106.096,10.376307],[106.095668,10.373493],[106.098963,10.37335],[106.100251,10.368657],[106.096746,10.366107],[106.101569,10.360274],[106.099863,10.355335]]]}},{"type":"Feature","properties":{"code":"30163","name":"Xã Bình Thành","type":"Xã"},"geometry":{"type":"Polygon","coordinates":[[[105.61799,10.643609],[105.615513,10.629987],[105.560517,10.52721],[105.559159,10.520065],[105.55349,10.516157],[105.546224,10.526452],[105.535262,10.533135],[105.532619,10.537245],[105.513268,10.546814],[105.512436,10.548925],[105.51621,10.556326],[105.518957,10.558418],[105.52047,10.565284],[105.526682,10.567931],[105.526867,10.57202],[105.536775,10.579416],[105.550795,10.598103],[105.551263,10.614074],[105.554643,10.617412],[105.563407,10.620244],[105.562078,10.621577],[105.566434,10.625915],[105.564174,10.630081],[105.582101,10.642714],[105.587145,10.642925],[105.589902,10.648055],[105.623854,10.649588],[105.61799,10.643609]]]}},{"type":"Feature","properties":{"code":"28564","name":"Xã Bình Trưng","type":"Xã"},"geometry":{"type":"Polygon","coordinates":[[[106.193915,10.393544],[106.194839,10.399135],[106.190764,10.399749],[106.189307,10.404094],[106.186265,10.403885],[106.17881,10.417815],[106.182749,10.420513],[106.189288,10.420079],[106.194112,10.421771],[106.192703,10.43111],[106.198482,10.433087],[106.195655,10.444175],[106.190068,10.449529],[106.190696,10.453513],[106.202796,10.455076],[106.216856,10.422571],[106.222841,10.415966],[106.22202,10.405631],[106.212628,10.405672],[106.212094,10.400514],[106.213975,10.392144],[106.22084,10.389612],[106.221466,10.38175],[106.230917,10.385916],[106.233115,10.384096],[106.237371,10.384549],[106.238059,10.386979],[106.241275,10.388686],[106.243772,10.387447],[106.246551,10.358604],[106.244711,10.358494],[106.245074,10.36372],[106.242917,10.366106],[106.236742,10.363525],[106.232786,10.366205],[106.229584,10.364069],[106.21902,10.363605],[106.216711,10.370657],[106.21045,10.368467],[106.209033,10.37039],[106.20114,10.366853],[106.20028,10.368067],[106.195362,10.367722],[106.193431,10.375444],[106.190567,10.375174],[106.190265,10.3771],[106.19041,10.38377],[106.196344,10.386116],[106.193915,10.393544]]]}},{"type":"Feature","properties":{"code":"28519","name":"Xã Châu Thành","type":"Xã"},"geometry":{"type":"Polygon","coordinates":[[[106.340741,10.475396],[106.343175,10.47142],[106.347586,10.471722],[106.350863,10.47048],[106.350769,10.468901],[106.367951,10.464556],[106.368164,10.460505],[106.365809,10.459172],[106.365182,10.456054],[106.361274,10.456641],[106.35778,10.453527],[106.346576,10.453486],[106.345751,10.45184],[106.347716,10.449045],[106.34589,10.442668],[106.347963,10.440228],[106.345359,10.436808],[106.345924,10.435083],[106.347592,10.435069],[106.346889,10.432632],[106.348405,10.4301],[106.350144,10.430198],[106.350817,10.426509],[106.352304,10.427028],[106.352749,10.424417],[106.35048,10.422654],[106.352862,10.421613],[106.350481,10.419952],[106.352504,10.420371],[106.351235,10.416218],[106.345886,10.409472],[106.344352,10.398015],[106.3375,10.392872],[106.333507,10.396281],[106.327383,10.396967],[106.321226,10.40051],[106.320626,10.402684],[106.315326,10.404096],[106.318879,10.411059],[106.324435,10.413859],[106.322931,10.419098],[106.321722,10.418458],[106.317485,10.427106],[106.318062,10.429659],[106.311801,10.43597],[106.313806,10.438766],[106.307533,10.443425],[106.326869,10.446994],[106.329723,10.453983],[106.332543,10.453638],[106.336575,10.449825],[106.341526,10.450534],[106.343974,10.454023],[106.339956,10.458328],[106.336533,10.458387],[106.336326,10.460075],[106.340741,10.475396]]]}},{"type":"Feature","properties":{"code":"28594","name":"Xã Chợ Gạo","type":"Xã"},"geometry":{"type":"Polygon","coordinates":[[[106.472889,10.343104],[106.459628,10.348753],[106.451838,10.348308],[106.432555,10.341898],[106.410869,10.343336],[106.410201,10.349959],[106.413535,10.349827],[106.413089,10.356694],[106.411015,10.3658],[106.404992,10.378124],[106.41117,10.38832],[106.414141,10.386992],[106.416959,10.389185],[106.412717,10.390649],[106.423575,10.392471],[106.428316,10.389475],[106.428453,10.386765],[106.433641,10.38473],[106.436106,10.381921],[106.443899,10.380742],[106.44562,10.374014],[106.446958,10.37425],[106.447866,10.365178],[106.45094,10.365899],[106.450914,10.36892],[106.455865,10.368663],[106.455926,10.374847],[106.459728,10.375363],[106.460609,10.371034],[106.458635,10.366653],[106.458385,10.356157],[106.465603,10.354511],[106.474048,10.35503],[106.475342,10.358134],[106.475892,10.356683],[106.477109,10.357675],[106.479195,10.356268],[106.479123,10.354917],[106.481322,10.355633],[106.481294,10.353755],[106.479837,10.353463],[106.480319,10.35008],[106.472889,10.343104]]]}},{"type":"Feature","properties":{"code":"28360","name":"Xã Cái Bè","type":"Xã"},"geometry":{"type":"Polygon","coordinates":[[[105.982613,10.398244],[105.989385,10.39763],[105.993198,10.392605],[105.990497,10.38815],[105.985405,10.387271],[105.985317,10.384445],[105.987142,10.382895],[105.986118,10.381255],[105.991181,10.377219],[105.990171,10.372907],[105.992302,10.370438],[105.994648,10.370655],[105.995075,10.368793],[105.997398,10.369462],[105.999129,10.363129],[106.01926,10.365909],[106.01764,10.362551],[106.018858,10.361014],[106.022724,10.362151],[106.027414,10.356543],[106.031991,10.359301],[106.033943,10.358129],[106.035237,10.353194],[106.036911,10.353474],[106.036269,10.350782],[106.041416,10.350273],[106.041437,10.348763],[106.047785,10.344824],[106.046763,10.335881],[106.052708,10.33456],[106.054558,10.331359],[106.053316,10.32312],[106.051397,10.320711],[106.031763,10.325782],[106.011807,10.318056],[105.991023,10.330811],[105.983092,10.330972],[105.975803,10.327232],[105.971211,10.334202],[105.967416,10.33628],[105.976839,10.349613],[105.974438,10.356511],[105.978734,10.367919],[105.973154,10.379283],[105.974228,10.381002],[105.973267,10.38572],[105.96918,10.394692],[105.973064,10.407046],[105.982613,10.398244]]]}},{"type":"Feature","properties":{"code":"28720","name":"Xã Gia Thuận","type":"Xã"},"geometry":{"type":"Polygon","coordinates":[[[106.762866,10.451099],[106.780754,10.429772],[106.805358,10.407808],[106.807813,10.395847],[106.781787,10.394249],[106.781588,10.375635],[106.754243,10.376434],[106.751175,10.36386],[106.745647,10.37096],[106.731596,10.370904],[106.729983,10.379591],[106.734707,10.388991],[106.736622,10.420455],[106.72948,10.419335],[106.725423,10.421851],[106.715706,10.434434],[106.720441,10.43843],[106.719013,10.440482],[106.725706,10.446115],[106.721661,10.451177],[106.725575,10.454857],[106.7248,10.456427],[106.738541,10.468447],[106.750006,10.473569],[106.751779,10.467732],[106.762866,10.451099]]]}},{"type":"Feature","properties":{"code":"28747","name":"Xã Gò Công Đông","type":"Xã"},"geometry":{"type":"Polygon","coordinates":[[[106.739261,10.336059],[106.750339,10.332694],[106.749657,10.329525],[106.762234,10.327],[106.772815,10.322835],[106.781038,10.316685],[106.781917,10.303129],[106.780661,10.290206],[106.775445,10.282579],[106.772927,10.282154],[106.760408,10.268276],[106.756658,10.266044],[106.751778,10.268354],[106.751778,10.263185],[106.744769,10.266523],[106.713252,10.275727],[106.722517,10.292378],[106.717528,10.298777],[106.718773,10.300002],[106.7157,10.306975],[106.7131,10.306945],[106.712007,10.308737],[106.726743,10.319707],[106.725392,10.32176],[106.72092,10.322546],[106.722188,10.324175],[106.724419,10.326304],[106.726539,10.324858],[106.730589,10.329644],[106.734093,10.327615],[106.739261,10.336059]]]}},{"type":"Feature","properties":{"code":"28501","name":"Xã Hiệp Đức","type":"Xã"},"geometry":{"type":"Polygon","coordinates":[[[106.059795,10.318505],[106.06974,10.311661],[106.088892,10.293332],[106.104171,10.283616],[106.092847,10.277033],[106.078787,10.277357],[106.029301,10.302152],[106.011807,10.318056],[106.031763,10.325782],[106.051397,10.320711],[106.053316,10.32312],[106.054558,10.331359],[106.052708,10.33456],[106.046763,10.335881],[106.047392,10.343756],[106.048162,10.345396],[106.050398,10.344473],[106.056473,10.348746],[106.058497,10.357141],[106.06554,10.366547],[106.063246,10.369499],[106.069035,10.376382],[106.071921,10.373723],[106.07157,10.371102],[106.075153,10.363383],[106.072777,10.363136],[106.073944,10.362395],[106.073301,10.359715],[106.083667,10.353649],[106.083157,10.351541],[106.086129,10.351804],[106.090486,10.344362],[106.0966,10.342327],[106.097437,10.344375],[106.100363,10.34163],[106.094059,10.333373],[106.097919,10.321349],[106.094079,10.31965],[106.093402,10.316691],[106.085406,10.316348],[106.08378,10.311058],[106.066604,10.318091],[106.059795,10.318505]]]}},{"type":"Feature","properties":{"code":"30208","name":"Xã Hòa Long","type":"Xã"},"geometry":{"type":"Polygon","coordinates":[[[105.640261,10.31902],[105.650718,10.302608],[105.651478,10.304523],[105.65389,10.304199],[105.655924,10.303034],[105.655753,10.300926],[105.659436,10.300501],[105.65924,10.298425],[105.661302,10.29865],[105.661867,10.300981],[105.66608,10.300221],[105.666296,10.299035],[105.686258,10.293436],[105.687023,10.282921],[105.695904,10.281869],[105.688318,10.272712],[105.697545,10.266785],[105.705441,10.266362],[105.708394,10.268651],[105.708874,10.271268],[105.71367,10.269255],[105.715477,10.273546],[105.717387,10.273646],[105.720402,10.270341],[105.718548,10.265096],[105.712144,10.264411],[105.711083,10.25475],[105.722621,10.246051],[105.721487,10.244827],[105.723765,10.241785],[105.72479,10.234747],[105.717186,10.227383],[105.708685,10.226537],[105.709656,10.225291],[105.705156,10.218313],[105.679057,10.21494],[105.678288,10.218021],[105.669677,10.211162],[105.657353,10.23698],[105.655816,10.235305],[105.656886,10.238215],[105.647963,10.257748],[105.649104,10.260157],[105.646562,10.26148],[105.645306,10.264371],[105.640598,10.26578],[105.637203,10.259226],[105.635349,10.249576],[105.62938,10.252157],[105.630849,10.255424],[105.627938,10.257898],[105.612013,10.265755],[105.609391,10.26544],[105.607649,10.271781],[105.608741,10.278639],[105.613794,10.282835],[105.606004,10.298312],[105.602416,10.299077],[105.600297,10.302822],[105.593341,10.308362],[105.595477,10.31029],[105.596531,10.315845],[105.602337,10.319846],[105.622706,10.311625],[105.623706,10.309594],[105.635174,10.308091],[105.637247,10.320741],[105.640261,10.31902]]]}},{"type":"Feature","properties":{"code":"28336","name":"Xã Hưng Thạnh","type":"Xã"},"geometry":{"type":"Polygon","coordinates":[[[106.338786,10.548357],[106.344678,10.543747],[106.348598,10.543848],[106.347031,10.542049],[106.349015,10.54039],[106.347654,10.528915],[106.344988,10.521515],[106.347374,10.520882],[106.347504,10.517534],[106.342314,10.515805],[106.343586,10.5106],[106.329519,10.51326],[106.325502,10.507335],[106.331126,10.505604],[106.329244,10.500717],[106.326069,10.50149],[106.322043,10.498984],[106.320612,10.502415],[106.31461,10.497191],[106.308706,10.496328],[106.292359,10.485339],[106.286933,10.5158],[106.261808,10.500588],[106.254095,10.511041],[106.229692,10.537511],[106.310046,10.565293],[106.318439,10.570795],[106.338786,10.548357]]]}},{"type":"Feature","properties":{"code":"28366","name":"Xã Hậu Mỹ","type":"Xã"},"geometry":{"type":"Polygon","coordinates":[[[105.941559,10.536448],[106.001362,10.532335],[106.000558,10.470846],[106.009448,10.461784],[106.000249,10.445954],[106.000168,10.438293],[105.999159,10.439193],[105.993301,10.430113],[105.990035,10.421515],[105.971231,10.406045],[105.96695,10.410501],[105.963792,10.418984],[105.956913,10.429065],[105.958237,10.430856],[105.951986,10.436597],[105.949257,10.441461],[105.949057,10.460318],[105.939691,10.460222],[105.941597,10.494443],[105.941559,10.536448]]]}},{"type":"Feature","properties":{"code":"28393","name":"Xã Hội Cư","type":"Xã"},"geometry":{"type":"Polygon","coordinates":[[[106.008542,10.459246],[106.035737,10.420337],[106.03389,10.419039],[106.031862,10.411023],[106.040794,10.401572],[106.040362,10.400419],[106.046721,10.395381],[106.040886,10.3703],[106.035858,10.365061],[106.033797,10.358247],[106.029874,10.359026],[106.027414,10.356543],[106.022724,10.362151],[106.017947,10.361818],[106.01926,10.365909],[105.999129,10.363129],[105.997398,10.369462],[105.995075,10.368793],[105.994648,10.370655],[105.992302,10.370438],[105.990171,10.372907],[105.991181,10.377219],[105.986118,10.381255],[105.987142,10.382895],[105.985317,10.384445],[105.985405,10.387271],[105.990497,10.38815],[105.993198,10.392605],[105.989385,10.39763],[105.980723,10.399017],[105.973064,10.407046],[105.990035,10.421515],[105.993301,10.430113],[105.999159,10.439193],[106.000168,10.438293],[106.001375,10.448751],[106.008542,10.459246]]]}},{"type":"Feature","properties":{"code":"28582","name":"Xã Kim Sơn","type":"Xã"},"geometry":{"type":"Polygon","coordinates":[[[106.297222,10.362277],[106.296772,10.353221],[106.302984,10.352361],[106.306708,10.353611],[106.313612,10.33733],[106.301597,10.335066],[106.289663,10.330619],[106.286169,10.330945],[106.28596,10.327107],[106.277224,10.327565],[106.272458,10.325048],[106.249084,10.320378],[106.222157,10.317939],[106.221939,10.330605],[106.217294,10.340157],[106.219493,10.341472],[106.221307,10.34222],[106.222361,10.339812],[106.226555,10.34102],[106.227821,10.339204],[106.228864,10.345238],[106.232072,10.345366],[106.234071,10.34798],[106.24141,10.350483],[106.245268,10.344891],[106.247885,10.344399],[106.249019,10.349508],[106.25504,10.348828],[106.255398,10.357816],[106.258805,10.358725],[106.259471,10.360861],[106.262654,10.362655],[106.265674,10.356461],[106.264344,10.354743],[106.265582,10.351939],[106.268068,10.350551],[106.269014,10.351976],[106.277387,10.348006],[106.281189,10.347783],[106.279966,10.35038],[106.282656,10.352072],[106.28371,10.364434],[106.297222,10.362277]]]}},{"type":"Feature","properties":{"code":"30226","name":"Xã Lai Vung","type":"Xã"},"geometry":{"type":"Polygon","coordinates":[[[105.529678,10.341646],[105.568267,10.340477],[105.569249,10.335804],[105.579372,10.323962],[105.573905,10.319066],[105.576314,10.319213],[105.576439,10.313273],[105.582475,10.315204],[105.583268,10.314077],[105.595912,10.315065],[105.595477,10.31029],[105.593341,10.308362],[105.600297,10.302822],[105.602416,10.299077],[105.606004,10.298312],[105.613794,10.282835],[105.608741,10.278639],[105.607649,10.271781],[105.609391,10.26544],[105.612904,10.265374],[105.630775,10.255518],[105.628643,10.250587],[105.629485,10.248454],[105.617498,10.239656],[105.613375,10.246353],[105.615082,10.252005],[105.611017,10.252782],[105.610556,10.247982],[105.606895,10.243383],[105.605582,10.243788],[105.599892,10.239004],[105.571122,10.267632],[105.544914,10.290454],[105.51448,10.307334],[105.492229,10.32963],[105.497397,10.333701],[105.513365,10.332983],[105.512954,10.335544],[105.516801,10.340056],[105.529678,10.341646]]]}},{"type":"Feature","properties":{"code":"28687","name":"Xã Long Bình","type":"Xã"},"geometry":{"type":"Polygon","coordinates":[[[106.674185,10.341056],[106.68728,10.321326],[106.681416,10.320355],[106.680067,10.318827],[106.677726,10.319492],[106.675924,10.316894],[106.66872,10.312928],[106.660774,10.311706],[106.66139,10.304884],[106.666307,10.299265],[106.669285,10.289446],[106.660035,10.279291],[106.653873,10.276133],[106.645864,10.276383],[106.624605,10.285169],[106.615928,10.286979],[106.616942,10.298187],[106.614372,10.306942],[106.607575,10.314435],[106.609816,10.327935],[106.627397,10.327988],[106.627533,10.326589],[106.66047,10.33805],[106.674185,10.341056]]]}},{"type":"Feature","properties":{"code":"28537","name":"Xã Long Hưng","type":"Xã"},"geometry":{"type":"Polygon","coordinates":[[[106.311801,10.43597],[106.3185,10.427996],[106.317485,10.427106],[106.321722,10.418458],[106.322931,10.419098],[106.324435,10.413859],[106.31919,10.411391],[106.315549,10.405353],[106.315326,10.404096],[106.319173,10.403136],[106.316433,10.395143],[106.311313,10.397004],[106.31008,10.390782],[106.305248,10.391934],[106.306708,10.353611],[106.302984,10.352361],[106.296772,10.353221],[106.298229,10.360097],[106.297222,10.362277],[106.28371,10.364434],[106.282656,10.352072],[106.279966,10.35038],[106.281189,10.347783],[106.277387,10.348006],[106.269014,10.351976],[106.268068,10.350551],[106.265805,10.351774],[106.264348,10.354563],[106.265674,10.356461],[106.264821,10.359413],[106.262654,10.362655],[106.256447,10.362684],[106.259277,10.369912],[106.258483,10.372223],[106.259821,10.372416],[106.258082,10.382432],[106.264432,10.383684],[106.256717,10.39987],[106.294482,10.394393],[106.286963,10.407884],[106.281433,10.406338],[106.280699,10.409522],[106.276672,10.409659],[106.273119,10.419975],[106.276355,10.421257],[106.275375,10.426206],[106.285263,10.424771],[106.283371,10.431541],[106.290281,10.430218],[106.287242,10.439791],[106.307533,10.443425],[106.313806,10.438766],[106.311801,10.43597]]]}},{"type":"Feature","properties":{"code":"29983","name":"Xã Long Khánh","type":"Xã"},"geometry":{"type":"Polygon","coordinates":[[[105.311269,10.82276],[105.32417,10.818819],[105.332893,10.811554],[105.336005,10.807097],[105.346129,10.77859],[105.333495,10.781415],[105.309266,10.7797],[105.296046,10.781628],[105.270339,10.795081],[105.265206,10.800198],[105.258271,10.801646],[105.274004,10.802691],[105.296657,10.819846],[105.311269,10.82276]]]}},{"type":"Feature","properties":{"code":"29992","name":"Xã Long Phú Thuận","type":"Xã"},"geometry":{"type":"Polygon","coordinates":[[[105.346129,10.77859],[105.353189,10.766749],[105.359846,10.727521],[105.352352,10.713362],[105.344734,10.720626],[105.336355,10.723048],[105.324027,10.721919],[105.305144,10.71659],[105.29202,10.717101],[105.278476,10.723143],[105.276122,10.729326],[105.2828,10.737199],[105.301187,10.747988],[105.304023,10.753064],[105.30399,10.7585],[105.29776,10.762861],[105.273571,10.764338],[105.262248,10.770569],[105.259602,10.774916],[105.258174,10.782011],[105.262708,10.795829],[105.259376,10.801298],[105.265206,10.800198],[105.270339,10.795081],[105.296046,10.781628],[105.309266,10.7797],[105.333495,10.781415],[105.346129,10.77859]]]}},{"type":"Feature","properties":{"code":"28504","name":"Xã Long Tiên","type":"Xã"},"geometry":{"type":"Polygon","coordinates":[[[106.104548,10.350717],[106.110839,10.351303],[106.110654,10.355386],[106.118215,10.36006],[106.123876,10.355822],[106.124456,10.353323],[106.138446,10.359807],[106.140562,10.362845],[106.142505,10.373464],[106.155941,10.37207],[106.158682,10.373362],[106.159311,10.368131],[106.16256,10.366439],[106.167648,10.369108],[106.171685,10.374911],[106.179568,10.373173],[106.179382,10.37456],[106.182428,10.375064],[106.181634,10.378223],[106.185758,10.3793],[106.18592,10.377972],[106.190228,10.380099],[106.190567,10.375174],[106.193431,10.375444],[106.195362,10.367722],[106.193868,10.366933],[106.196569,10.361223],[106.193004,10.357625],[106.192721,10.355351],[106.190459,10.354816],[106.18954,10.351903],[106.191238,10.34762],[106.185564,10.345601],[106.180014,10.338116],[106.17183,10.338243],[106.172856,10.335695],[106.163367,10.331606],[106.159998,10.332981],[106.15703,10.328293],[106.153011,10.33175],[106.150179,10.328237],[106.140628,10.327422],[106.130326,10.327706],[106.129258,10.330208],[106.12597,10.330921],[106.11709,10.305195],[106.099669,10.313769],[106.08378,10.311058],[106.085406,10.316348],[106.093402,10.316691],[106.094079,10.31965],[106.097919,10.321349],[106.094135,10.333629],[106.09646,10.338099],[106.106337,10.345769],[106.104548,10.350717]]]}},{"type":"Feature","properties":{"code":"28543","name":"Xã Long Định","type":"Xã"},"geometry":{"type":"Polygon","coordinates":[[[106.213439,10.454773],[106.236166,10.441743],[106.234938,10.440552],[106.238855,10.430916],[106.261892,10.435115],[106.271525,10.440919],[106.272207,10.437051],[106.287242,10.439791],[106.290281,10.430218],[106.283371,10.431541],[106.285263,10.424771],[106.275375,10.426206],[106.276355,10.421257],[106.273119,10.419975],[106.276672,10.409659],[106.280699,10.409522],[106.281433,10.406338],[106.286963,10.407884],[106.294482,10.394393],[106.256717,10.39987],[106.264432,10.383684],[106.258082,10.382432],[106.259821,10.372416],[106.258483,10.372223],[106.259277,10.369912],[106.256447,10.362684],[106.246754,10.356902],[106.243772,10.387447],[106.241275,10.388686],[106.238059,10.386979],[106.237371,10.384549],[106.233115,10.384096],[106.230917,10.385916],[106.221466,10.38175],[106.22084,10.389612],[106.21372,10.393244],[106.212628,10.405672],[106.22202,10.405631],[106.222841,10.415966],[106.216856,10.422571],[106.207328,10.445662],[106.208438,10.447717],[106.211409,10.447824],[106.213439,10.454773]]]}},{"type":"Feature","properties":{"code":"28615","name":"Xã Lương Hòa Lạc","type":"Xã"},"geometry":{"type":"Polygon","coordinates":[[[106.384733,10.40655],[106.364518,10.400899],[106.365719,10.39716],[106.35627,10.395869],[106.351116,10.398207],[106.349009,10.401903],[106.344932,10.402703],[106.345886,10.409472],[106.351235,10.416218],[106.352504,10.420371],[106.350481,10.419952],[106.352862,10.421613],[106.35048,10.422654],[106.352749,10.424417],[106.352304,10.427028],[106.350817,10.426509],[106.350144,10.430198],[106.348405,10.4301],[106.346889,10.432632],[106.347592,10.435069],[106.345924,10.435083],[106.345359,10.436808],[106.347827,10.439659],[106.347858,10.442859],[106.35511,10.439898],[106.36511,10.442876],[106.373777,10.453601],[106.376401,10.452946],[106.373903,10.448903],[106.379549,10.448555],[106.381299,10.446523],[106.385016,10.447198],[106.388095,10.442307],[106.394892,10.439988],[106.393769,10.434294],[106.390155,10.435953],[106.388546,10.434154],[106.384709,10.433848],[106.383238,10.426172],[106.388304,10.424639],[106.396517,10.42925],[106.403629,10.424911],[106.407487,10.426237],[106.409545,10.429218],[106.4147,10.430939],[106.414833,10.429652],[106.417818,10.429729],[106.42118,10.427722],[106.420368,10.421828],[106.424306,10.416168],[106.419581,10.415329],[106.41899,10.412884],[106.417338,10.4131],[106.421907,10.411088],[106.42265,10.408401],[106.427664,10.407147],[106.423976,10.406284],[106.425209,10.402604],[106.420955,10.403309],[106.423023,10.400461],[106.420162,10.401563],[106.417687,10.399815],[106.416662,10.396711],[106.418864,10.394735],[106.416651,10.391684],[106.412678,10.390582],[106.416729,10.389602],[106.416476,10.388225],[106.41401,10.386973],[106.41117,10.38832],[106.409872,10.386553],[106.401942,10.391393],[106.403787,10.393043],[106.401975,10.402607],[106.396922,10.394439],[106.396308,10.396071],[106.391429,10.396157],[106.387192,10.398531],[106.384473,10.403449],[106.384733,10.40655]]]}},{"type":"Feature","properties":{"code":"30169","name":"Xã Lấp Vò","type":"Xã"},"geometry":{"type":"Polygon","coordinates":[[[105.571874,10.398168],[105.580036,10.383137],[105.587129,10.37399],[105.60325,10.367394],[105.605825,10.36756],[105.606412,10.370205],[105.611091,10.37266],[105.613821,10.37184],[105.616385,10.365713],[105.619487,10.368193],[105.624055,10.363517],[105.62581,10.363908],[105.625695,10.365901],[105.645095,10.37361],[105.653107,10.363865],[105.654,10.362248],[105.648788,10.359841],[105.650871,10.355751],[105.648393,10.354175],[105.643157,10.355168],[105.63912,10.349989],[105.640338,10.346796],[105.634708,10.341954],[105.635668,10.338951],[105.633253,10.337261],[105.63625,10.331979],[105.639976,10.330888],[105.638493,10.329158],[105.635174,10.308091],[105.623706,10.309594],[105.622706,10.311625],[105.602299,10.31985],[105.595056,10.314469],[105.583268,10.314077],[105.582475,10.315204],[105.576439,10.313273],[105.576314,10.319213],[105.573905,10.319066],[105.579372,10.323962],[105.569249,10.335804],[105.568267,10.340477],[105.526479,10.341751],[105.516801,10.340056],[105.512954,10.335544],[105.513365,10.332983],[105.497397,10.333701],[105.492229,10.32963],[105.48861,10.333683],[105.491469,10.338451],[105.49037,10.344454],[105.491886,10.346721],[105.497142,10.349852],[105.500934,10.354936],[105.507141,10.355527],[105.513314,10.36149],[105.521004,10.363329],[105.520589,10.369599],[105.524778,10.372158],[105.525803,10.371202],[105.53191,10.37693],[105.534233,10.376593],[105.536715,10.379187],[105.538391,10.381714],[105.536017,10.38559],[105.542363,10.393875],[105.548814,10.394544],[105.549871,10.391706],[105.551218,10.391865],[105.564607,10.39533],[105.56939,10.395049],[105.571874,10.398168]]]}},{"type":"Feature","properties":{"code":"30178","name":"Xã Mỹ An Hưng","type":"Xã"},"geometry":{"type":"Polygon","coordinates":[[[105.565939,10.429398],[105.573813,10.428632],[105.580928,10.418337],[105.596311,10.410806],[105.612742,10.408664],[105.631094,10.412632],[105.644498,10.412968],[105.672009,10.409673],[105.672293,10.40263],[105.683815,10.399045],[105.684197,10.397417],[105.678689,10.392346],[105.675983,10.392754],[105.672455,10.386602],[105.670746,10.387448],[105.664396,10.382919],[105.664147,10.379853],[105.650031,10.367499],[105.645095,10.37361],[105.625695,10.365901],[105.62581,10.363908],[105.624055,10.363517],[105.619487,10.368193],[105.616385,10.365713],[105.613821,10.37184],[105.611091,10.37266],[105.606412,10.370205],[105.605825,10.36756],[105.60325,10.367394],[105.587129,10.37399],[105.580036,10.383137],[105.571874,10.398168],[105.56939,10.395049],[105.564607,10.39533],[105.551218,10.391865],[105.549871,10.391706],[105.548814,10.394544],[105.542363,10.393875],[105.536017,10.38559],[105.538391,10.381714],[105.536827,10.379323],[105.525803,10.371202],[105.524778,10.372158],[105.528243,10.375051],[105.528916,10.378146],[105.523918,10.400378],[105.529475,10.400356],[105.531674,10.408131],[105.536163,10.409658],[105.539639,10.413345],[105.545206,10.412871],[105.552307,10.41662],[105.551994,10.41895],[105.54635,10.420827],[105.549401,10.424787],[105.548462,10.429434],[105.551329,10.429418],[105.55485,10.434325],[105.565939,10.429398]]]}},{"type":"Feature","properties":{"code":"30112","name":"Xã Mỹ Hiệp","type":"Xã"},"geometry":{"type":"Polygon","coordinates":[[[105.790401,10.396401],[105.792682,10.402457],[105.793304,10.437686],[105.805477,10.438561],[105.8206,10.436075],[105.815765,10.370623],[105.819367,10.341701],[105.816707,10.322325],[105.830319,10.318024],[105.822629,10.313833],[105.821173,10.309797],[105.835758,10.305178],[105.836526,10.298738],[105.820681,10.298007],[105.803714,10.288148],[105.798593,10.286754],[105.785286,10.289155],[105.773135,10.298435],[105.766821,10.309163],[105.755705,10.335423],[105.748728,10.35855],[105.754191,10.358211],[105.757138,10.360194],[105.765002,10.355424],[105.76796,10.359237],[105.779059,10.366017],[105.776702,10.371421],[105.779686,10.375583],[105.779086,10.376948],[105.781272,10.37824],[105.781551,10.383344],[105.790401,10.396401]]]}},{"type":"Feature","properties":{"code":"28414","name":"Xã Mỹ Lợi","type":"Xã"},"geometry":{"type":"Polygon","coordinates":[[[105.89773,10.430192],[105.892068,10.387294],[105.899408,10.385654],[105.89798,10.381203],[105.899465,10.381025],[105.901044,10.373778],[105.899575,10.37131],[105.896407,10.371052],[105.897007,10.367989],[105.893089,10.362709],[105.899644,10.357916],[105.912905,10.352878],[105.920897,10.347013],[105.926442,10.339453],[105.923596,10.334344],[105.920926,10.332909],[105.923629,10.331382],[105.923686,10.329543],[105.92234,10.328078],[105.921054,10.317503],[105.917149,10.318836],[105.912749,10.315923],[105.907583,10.316372],[105.909411,10.319579],[105.907957,10.321249],[105.908466,10.326199],[105.900824,10.329407],[105.900395,10.339443],[105.884777,10.343712],[105.884219,10.348115],[105.881457,10.347968],[105.882077,10.349967],[105.878799,10.348897],[105.878432,10.35181],[105.872903,10.353016],[105.873363,10.357448],[105.864226,10.359319],[105.865717,10.365361],[105.86388,10.365362],[105.862049,10.374014],[105.859126,10.373557],[105.858375,10.371206],[105.856557,10.372013],[105.85426,10.365872],[105.84563,10.369448],[105.859668,10.407734],[105.880095,10.429518],[105.886811,10.424333],[105.894078,10.430756],[105.89773,10.430192]]]}},{"type":"Feature","properties":{"code":"30055","name":"Xã Mỹ Quí","type":"Xã"},"geometry":{"type":"Polygon","coordinates":[[[105.727336,10.599845],[105.780261,10.596302],[105.780569,10.579523],[105.787534,10.582047],[105.789445,10.576088],[105.78687,10.559196],[105.814236,10.553605],[105.831966,10.546226],[105.828207,10.542956],[105.826726,10.52389],[105.823885,10.523994],[105.825848,10.491261],[105.824861,10.474893],[105.823069,10.475522],[105.822758,10.470065],[105.766015,10.470273],[105.767881,10.489891],[105.758185,10.490258],[105.735525,10.49542],[105.718999,10.503724],[105.734843,10.582704],[105.727336,10.599845]]]}},{"type":"Feature","properties":{"code":"28378","name":"Xã Mỹ Thiện","type":"Xã"},"geometry":{"type":"Polygon","coordinates":[[[105.939714,10.460604],[105.949057,10.460318],[105.949257,10.441461],[105.951986,10.436597],[105.958237,10.430856],[105.956913,10.429065],[105.963792,10.418984],[105.96695,10.410501],[105.972358,10.405898],[105.969574,10.396985],[105.967294,10.398726],[105.958461,10.383636],[105.954066,10.380071],[105.948095,10.381697],[105.944661,10.379999],[105.938808,10.383015],[105.936429,10.399912],[105.919467,10.401246],[105.915612,10.400078],[105.922832,10.392205],[105.919499,10.389537],[105.921446,10.387867],[105.916713,10.385302],[105.917843,10.383182],[105.91079,10.385426],[105.892068,10.387294],[105.89773,10.430192],[105.894078,10.430756],[105.886811,10.424333],[105.880095,10.429518],[105.941597,10.494443],[105.939714,10.460604]]]}},{"type":"Feature","properties":{"code":"28456","name":"Xã Mỹ Thành","type":"Xã"},"geometry":{"type":"Polygon","coordinates":[[[106.00149,10.532316],[106.043786,10.463817],[106.048971,10.460252],[106.055409,10.451803],[106.066929,10.458251],[106.067232,10.460129],[106.077219,10.460885],[106.092558,10.45909],[106.092162,10.44981],[106.078709,10.452029],[106.075795,10.450017],[106.074106,10.44379],[106.075212,10.438703],[106.074148,10.431522],[106.079816,10.422722],[106.07798,10.420029],[106.049456,10.404045],[106.046721,10.395381],[106.040362,10.400419],[106.040794,10.401572],[106.031862,10.411023],[106.03389,10.419039],[106.035737,10.420337],[106.00806,10.459967],[106.009448,10.461784],[106.000558,10.470846],[106.00149,10.532316]]]}},{"type":"Feature","properties":{"code":"30076","name":"Xã Mỹ Thọ","type":"Xã"},"geometry":{"type":"Polygon","coordinates":[[[105.757066,10.478723],[105.745988,10.473999],[105.750337,10.473685],[105.749114,10.46368],[105.746506,10.463145],[105.745743,10.456156],[105.743685,10.45641],[105.74147,10.452758],[105.740307,10.454279],[105.728158,10.444863],[105.742931,10.445418],[105.742929,10.439805],[105.7529,10.436486],[105.752106,10.428889],[105.745109,10.423347],[105.737386,10.409098],[105.74202,10.405994],[105.740603,10.401914],[105.734804,10.400992],[105.730833,10.398528],[105.733326,10.393994],[105.73063,10.392104],[105.735958,10.388323],[105.731902,10.378019],[105.723247,10.381334],[105.721995,10.388128],[105.713506,10.395013],[105.691424,10.406112],[105.691723,10.412618],[105.688523,10.421295],[105.686764,10.434463],[105.68354,10.44084],[105.679593,10.443484],[105.680535,10.445681],[105.678431,10.451717],[105.681465,10.454905],[105.691202,10.454661],[105.695989,10.459652],[105.698409,10.456767],[105.709507,10.469508],[105.715672,10.478429],[105.714082,10.479301],[105.718999,10.503724],[105.73459,10.495708],[105.758185,10.490258],[105.757066,10.478723]]]}},{"type":"Feature","properties":{"code":"28603","name":"Xã Mỹ Tịnh An","type":"Xã"},"geometry":{"type":"Polygon","coordinates":[[[106.404319,10.491553],[106.407838,10.492056],[106.41359,10.488285],[106.416999,10.48842],[106.417331,10.482044],[106.423963,10.478592],[106.425576,10.474027],[106.429982,10.474006],[106.434388,10.468679],[106.43574,10.469638],[106.439498,10.466288],[106.441517,10.466764],[106.44213,10.458298],[106.452812,10.453361],[106.45402,10.450946],[106.44762,10.451485],[106.442215,10.444266],[106.439312,10.445091],[106.435339,10.439011],[106.430815,10.436507],[106.427419,10.436546],[106.427292,10.433831],[106.417962,10.434907],[106.415509,10.433549],[106.4147,10.430939],[106.403629,10.424911],[106.396517,10.42925],[106.388304,10.424639],[106.383238,10.426172],[106.384709,10.433848],[106.388546,10.434154],[106.390155,10.435953],[106.393769,10.434294],[106.394892,10.439988],[106.388095,10.442307],[106.385016,10.447198],[106.381299,10.446523],[106.379549,10.448555],[106.373903,10.448903],[106.375636,10.453455],[106.373537,10.453502],[106.3654,10.443127],[106.361605,10.441271],[106.35511,10.439898],[106.351233,10.442024],[106.345973,10.442437],[106.347707,10.448716],[106.345562,10.450844],[106.346576,10.453486],[106.35778,10.453527],[106.361274,10.456641],[106.365182,10.456054],[106.365809,10.459172],[106.368042,10.459814],[106.367951,10.464556],[106.371782,10.47423],[106.389034,10.473195],[106.389592,10.476593],[106.393634,10.478166],[106.396248,10.485862],[106.400446,10.484632],[106.403622,10.493101],[106.404319,10.491553]]]}},{"type":"Feature","properties":{"code":"28405","name":"Xã Mỹ Đức Tây","type":"Xã"},"geometry":{"type":"Polygon","coordinates":[[[105.936429,10.399912],[105.938808,10.383015],[105.944661,10.379999],[105.948095,10.381697],[105.954197,10.380094],[105.958461,10.383636],[105.967294,10.398726],[105.970188,10.396522],[105.96918,10.394692],[105.974228,10.381002],[105.973154,10.379283],[105.978734,10.367919],[105.974438,10.356511],[105.976839,10.349613],[105.967346,10.336424],[105.971211,10.334202],[105.97403,10.330015],[105.96244,10.328528],[105.96081,10.330066],[105.958464,10.328173],[105.952794,10.332914],[105.944071,10.332936],[105.940155,10.336174],[105.938512,10.334521],[105.927523,10.33713],[105.922856,10.344786],[105.915971,10.350718],[105.899595,10.357941],[105.893089,10.362709],[105.897007,10.367989],[105.896407,10.371052],[105.899575,10.37131],[105.901035,10.373692],[105.899465,10.381025],[105.89798,10.381203],[105.898587,10.386424],[105.91079,10.385426],[105.917843,10.383182],[105.916713,10.385302],[105.921446,10.387867],[105.919499,10.389537],[105.922832,10.392205],[105.915706,10.400134],[105.919467,10.401246],[105.936429,10.399912]]]}},{"type":"Feature","properties":{"code":"28516","name":"Xã Ngũ Hiệp","type":"Xã"},"geometry":{"type":"Polygon","coordinates":[[[106.182003,10.34013],[106.186705,10.338329],[106.185862,10.335454],[106.188443,10.335365],[106.188621,10.324895],[106.20024,10.324626],[106.200884,10.321704],[106.204729,10.322486],[106.205641,10.314117],[106.171146,10.295441],[106.13996,10.282519],[106.12678,10.284476],[106.104171,10.283616],[106.088892,10.293332],[106.06974,10.311661],[106.059795,10.318505],[106.066604,10.318091],[106.084624,10.310777],[106.099975,10.31371],[106.11709,10.305195],[106.12597,10.330921],[106.129258,10.330208],[106.130326,10.327706],[106.140628,10.327422],[106.150179,10.328237],[106.153011,10.33175],[106.15703,10.328293],[106.159998,10.332981],[106.161425,10.333228],[106.161663,10.33135],[106.165621,10.332179],[106.172856,10.335695],[106.17183,10.338243],[106.178881,10.337662],[106.182003,10.34013]]]}},{"type":"Feature","properties":{"code":"30235","name":"Xã Phong Hòa","type":"Xã"},"geometry":{"type":"Polygon","coordinates":[[[105.660338,10.148778],[105.626781,10.186786],[105.615462,10.215966],[105.599892,10.239004],[105.605582,10.243788],[105.606895,10.243383],[105.610556,10.247982],[105.611017,10.252782],[105.615082,10.252005],[105.613375,10.246353],[105.617498,10.239656],[105.629485,10.248454],[105.62938,10.252157],[105.635349,10.249576],[105.637251,10.259374],[105.640619,10.265803],[105.644423,10.265146],[105.649104,10.260157],[105.647963,10.257748],[105.656886,10.238215],[105.655816,10.235305],[105.657353,10.23698],[105.669677,10.211162],[105.678288,10.218021],[105.679057,10.21494],[105.705633,10.219166],[105.715497,10.21473],[105.727837,10.205071],[105.685517,10.143879],[105.684959,10.141305],[105.68665,10.139029],[105.681642,10.134823],[105.660338,10.148778]]]}},{"type":"Feature","properties":{"code":"30088","name":"Xã Phong Mỹ","type":"Xã"},"geometry":{"type":"Polygon","coordinates":[[[105.63713,10.552842],[105.633465,10.556649],[105.633191,10.561233],[105.624178,10.560407],[105.613652,10.542134],[105.6109,10.52933],[105.596237,10.523767],[105.597661,10.51633],[105.583448,10.511212],[105.557988,10.507429],[105.55349,10.516157],[105.559159,10.520065],[105.560517,10.52721],[105.615513,10.629987],[105.617647,10.641268],[105.635517,10.632259],[105.63839,10.646532],[105.64509,10.665553],[105.660116,10.65833],[105.650917,10.618272],[105.651028,10.60478],[105.640936,10.560278],[105.637933,10.55674],[105.63713,10.552842]]]}},{"type":"Feature","properties":{"code":"30025","name":"Xã Phú Cường","type":"Xã"},"geometry":{"type":"Polygon","coordinates":[[[105.604112,10.823373],[105.682153,10.750692],[105.671907,10.741518],[105.658519,10.710334],[105.647392,10.689615],[105.641906,10.682832],[105.642742,10.681244],[105.637254,10.681708],[105.635919,10.67235],[105.648156,10.671229],[105.63839,10.646532],[105.635517,10.632259],[105.617647,10.641268],[105.61799,10.643609],[105.623854,10.649588],[105.589902,10.648055],[105.589885,10.64959],[105.573289,10.649804],[105.572481,10.655514],[105.574621,10.672474],[105.576165,10.672359],[105.576409,10.675956],[105.583259,10.684463],[105.5866,10.684078],[105.592635,10.690121],[105.594071,10.689093],[105.59851,10.701723],[105.605237,10.692399],[105.611268,10.70079],[105.614964,10.709978],[105.648733,10.748792],[105.582758,10.816291],[105.604112,10.823373]]]}},{"type":"Feature","properties":{"code":"30244","name":"Xã Phú Hựu","type":"Xã"},"geometry":{"type":"Polygon","coordinates":[[[105.820681,10.298007],[105.860452,10.296852],[105.876781,10.290842],[105.89421,10.275849],[105.884125,10.266752],[105.877572,10.263238],[105.882234,10.256755],[105.88461,10.257892],[105.884048,10.253645],[105.886615,10.251879],[105.890231,10.24423],[105.90193,10.244948],[105.901191,10.234507],[105.912239,10.226597],[105.919516,10.210965],[105.913156,10.192393],[105.899403,10.191651],[105.895124,10.185567],[105.889121,10.188815],[105.886104,10.186929],[105.884782,10.187645],[105.88273,10.190658],[105.882386,10.209495],[105.87772,10.209703],[105.877314,10.219383],[105.876037,10.219418],[105.87724,10.22479],[105.871992,10.225156],[105.872739,10.229374],[105.869159,10.229645],[105.865175,10.227699],[105.859676,10.217441],[105.858525,10.219639],[105.854209,10.218393],[105.848693,10.223672],[105.84918,10.228062],[105.84566,10.234001],[105.843107,10.233575],[105.840861,10.240731],[105.836205,10.239101],[105.832407,10.245453],[105.830925,10.245526],[105.830377,10.250494],[105.833479,10.249908],[105.832698,10.256597],[105.83561,10.259216],[105.835293,10.262513],[105.837321,10.262357],[105.836292,10.264202],[105.837944,10.264713],[105.840775,10.273816],[105.845291,10.273975],[105.849265,10.279806],[105.845111,10.281185],[105.836456,10.280932],[105.823275,10.276799],[105.800608,10.273952],[105.787044,10.277081],[105.776577,10.285476],[105.782975,10.290495],[105.788724,10.288037],[105.799552,10.286844],[105.820681,10.298007]]]}},{"type":"Feature","properties":{"code":"28663","name":"Xã Phú Thành","type":"Xã"},"geometry":{"type":"Polygon","coordinates":[[[106.600413,10.42644],[106.601377,10.422193],[106.60411,10.42258],[106.606906,10.418734],[106.611721,10.416332],[106.611496,10.414864],[106.615394,10.413761],[106.618272,10.407608],[106.625256,10.401508],[106.626372,10.392681],[106.634072,10.388497],[106.634452,10.381042],[106.633326,10.380057],[106.646535,10.358419],[106.651327,10.358901],[106.651449,10.334771],[106.627533,10.326589],[106.627624,10.342788],[106.622082,10.342362],[106.62229,10.350064],[106.618315,10.362663],[106.620707,10.368875],[106.618814,10.368833],[106.618052,10.373177],[106.612236,10.372877],[106.611784,10.374663],[106.609018,10.375216],[106.609911,10.379782],[106.607611,10.385577],[106.590375,10.390555],[106.589257,10.398711],[106.591502,10.399712],[106.592636,10.403115],[106.588384,10.409826],[106.586423,10.410693],[106.583745,10.408489],[106.5776,10.410951],[106.576181,10.414282],[106.589238,10.41847],[106.587809,10.425405],[106.5932,10.424253],[106.600413,10.42644]]]}},{"type":"Feature","properties":{"code":"30034","name":"Xã Phú Thọ","type":"Xã"},"geometry":{"type":"Polygon","coordinates":[[[105.497288,10.726063],[105.501852,10.715804],[105.552229,10.68747],[105.556943,10.680278],[105.556658,10.677288],[105.542749,10.678711],[105.539471,10.65501],[105.507048,10.660066],[105.49609,10.663355],[105.469325,10.664444],[105.462421,10.651412],[105.461157,10.653041],[105.456054,10.64859],[105.442213,10.666718],[105.434866,10.661626],[105.42529,10.65806],[105.418512,10.665576],[105.409037,10.681896],[105.409028,10.69564],[105.41998,10.70294],[105.423956,10.708719],[105.429073,10.712145],[105.439662,10.712927],[105.439828,10.715801],[105.442034,10.715093],[105.477622,10.721208],[105.497288,10.726063]]]}},{"type":"Feature","properties":{"code":"30043","name":"Xã Phương Thịnh","type":"Xã"},"geometry":{"type":"Polygon","coordinates":[[[105.694634,10.689521],[105.730553,10.675853],[105.733012,10.663371],[105.764412,10.660271],[105.762236,10.650411],[105.763092,10.646432],[105.744287,10.639054],[105.743724,10.64032],[105.694557,10.620641],[105.694284,10.615175],[105.689854,10.615375],[105.685473,10.584305],[105.679844,10.559585],[105.677294,10.562006],[105.676703,10.558041],[105.671551,10.562641],[105.646092,10.54843],[105.644275,10.545727],[105.639387,10.548105],[105.639362,10.551514],[105.637097,10.554533],[105.640936,10.560278],[105.651028,10.60478],[105.650917,10.618272],[105.660116,10.65833],[105.64509,10.665553],[105.648156,10.671229],[105.635919,10.67235],[105.637254,10.681708],[105.642742,10.681244],[105.641906,10.682832],[105.647392,10.689615],[105.658519,10.710334],[105.674849,10.692772],[105.694634,10.689521]]]}},{"type":"Feature","properties":{"code":"30010","name":"Xã Tam Nông","type":"Xã"},"geometry":{"type":"Polygon","coordinates":[[[105.550208,10.797584],[105.578453,10.768451],[105.593519,10.74793],[105.576159,10.732798],[105.56105,10.708686],[105.552229,10.68747],[105.501852,10.715804],[105.48409,10.755808],[105.487341,10.757105],[105.470893,10.790165],[105.488079,10.79549],[105.564858,10.812225],[105.568127,10.808432],[105.550208,10.797584]]]}},{"type":"Feature","properties":{"code":"30130","name":"Xã Thanh Bình","type":"Xã"},"geometry":{"type":"Polygon","coordinates":[[[105.507048,10.660066],[105.572017,10.649884],[105.589885,10.64959],[105.589871,10.645942],[105.587145,10.642925],[105.582101,10.642714],[105.564174,10.630081],[105.566434,10.625915],[105.562078,10.621577],[105.563407,10.620244],[105.554643,10.617412],[105.551263,10.614074],[105.550795,10.598103],[105.536775,10.579416],[105.526867,10.57202],[105.526682,10.567931],[105.52047,10.565284],[105.518957,10.558418],[105.51621,10.556326],[105.512436,10.548925],[105.513268,10.546814],[105.511507,10.547367],[105.509813,10.545191],[105.505121,10.546215],[105.499227,10.543862],[105.498816,10.545178],[105.488267,10.542497],[105.487031,10.53893],[105.482214,10.53405],[105.46439,10.542639],[105.466643,10.555398],[105.458079,10.559065],[105.469296,10.567471],[105.466914,10.570641],[105.475396,10.578064],[105.476197,10.582311],[105.474906,10.58331],[105.483975,10.5972],[105.487844,10.607448],[105.496648,10.601933],[105.500606,10.607009],[105.500487,10.613734],[105.505517,10.613519],[105.495818,10.663385],[105.507048,10.660066]]]}},{"type":"Feature","properties":{"code":"28426","name":"Xã Thanh Hưng","type":"Xã"},"geometry":{"type":"Polygon","coordinates":[[[105.862126,10.373846],[105.86388,10.365362],[105.865717,10.365361],[105.864226,10.359319],[105.873363,10.357448],[105.872903,10.353016],[105.878432,10.35181],[105.878799,10.348897],[105.882077,10.349967],[105.881457,10.347968],[105.884219,10.348115],[105.884777,10.343712],[105.900395,10.339443],[105.900824,10.329407],[105.908466,10.326199],[105.909166,10.317708],[105.905359,10.318152],[105.902046,10.314387],[105.900844,10.317947],[105.892752,10.314674],[105.885347,10.316315],[105.88133,10.315516],[105.874666,10.31687],[105.86928,10.322247],[105.868495,10.312399],[105.872079,10.313454],[105.875093,10.311387],[105.872515,10.307067],[105.865606,10.305369],[105.86479,10.308839],[105.861676,10.305805],[105.857762,10.309267],[105.852865,10.308399],[105.85318,10.29777],[105.836526,10.298738],[105.835758,10.305178],[105.821173,10.309797],[105.822629,10.313833],[105.830319,10.318024],[105.816707,10.322325],[105.819367,10.341701],[105.815779,10.370392],[105.835778,10.369443],[105.844482,10.36621],[105.84563,10.369448],[105.85426,10.365872],[105.856557,10.372013],[105.858375,10.371206],[105.859126,10.373557],[105.862126,10.373846]]]}},{"type":"Feature","properties":{"code":"30073","name":"Xã Thanh Mỹ","type":"Xã"},"geometry":{"type":"Polygon","coordinates":[[[105.82116,10.444173],[105.824619,10.469955],[105.822735,10.47049],[105.823069,10.475522],[105.824861,10.474893],[105.82497,10.47598],[105.824943,10.505595],[105.861461,10.473328],[105.863156,10.486393],[105.865073,10.484619],[105.889541,10.507612],[105.898763,10.496652],[105.898342,10.492919],[105.903764,10.486621],[105.915161,10.486363],[105.92488,10.476854],[105.859668,10.407734],[105.844482,10.36621],[105.835778,10.369443],[105.815779,10.370392],[105.82116,10.444173]]]}},{"type":"Feature","properties":{"code":"30037","name":"Xã Tháp Mười","type":"Xã"},"geometry":{"type":"Polygon","coordinates":[[[105.818321,10.613814],[105.822571,10.607756],[105.817486,10.593776],[105.833811,10.590037],[105.854683,10.565809],[105.842733,10.555539],[105.856049,10.536759],[105.860101,10.531725],[105.869304,10.531801],[105.876438,10.533988],[105.891861,10.516378],[105.890486,10.506512],[105.889541,10.507612],[105.877935,10.498045],[105.865073,10.484619],[105.863156,10.486393],[105.861497,10.473336],[105.824943,10.505595],[105.823885,10.523994],[105.826726,10.52389],[105.828207,10.542956],[105.831966,10.546226],[105.814236,10.553605],[105.78687,10.559196],[105.789445,10.576088],[105.787534,10.582047],[105.780569,10.579523],[105.780414,10.597564],[105.818321,10.613814]]]}},{"type":"Feature","properties":{"code":"29971","name":"Xã Thường Phước","type":"Xã"},"geometry":{"type":"Polygon","coordinates":[[[105.239699,10.891851],[105.248499,10.893424],[105.25045,10.891946],[105.256072,10.878829],[105.25683,10.870321],[105.2651,10.861978],[105.291902,10.853842],[105.296657,10.819846],[105.274004,10.802691],[105.257565,10.801753],[105.23567,10.80598],[105.229644,10.810271],[105.222568,10.82252],[105.222396,10.828787],[105.210915,10.848692],[105.205223,10.857171],[105.193724,10.865496],[105.187758,10.87407],[105.188553,10.900113],[105.187232,10.911549],[105.19921,10.911077],[105.215636,10.899501],[105.239699,10.891851]]]}},{"type":"Feature","properties":{"code":"28444","name":"Xã Thạnh Phú","type":"Xã"},"geometry":{"type":"Polygon","coordinates":[[[106.00149,10.532316],[106.089644,10.52335],[106.098416,10.499242],[106.093757,10.500152],[106.095534,10.495445],[106.091465,10.496376],[106.090245,10.491666],[106.09391,10.482889],[106.092838,10.482436],[106.092558,10.45909],[106.077219,10.460885],[106.067232,10.460129],[106.066929,10.458251],[106.055409,10.451803],[106.048971,10.460252],[106.043786,10.463817],[106.00149,10.532316]]]}},{"type":"Feature","properties":{"code":"30001","name":"Xã Tràm Chim","type":"Xã"},"geometry":{"type":"Polygon","coordinates":[[[105.5819,10.817162],[105.648733,10.748792],[105.614964,10.709978],[105.611268,10.70079],[105.605237,10.692399],[105.59851,10.701723],[105.594071,10.689093],[105.592635,10.690121],[105.5866,10.684078],[105.583259,10.684463],[105.576409,10.675956],[105.576165,10.672359],[105.574621,10.672474],[105.572481,10.655514],[105.573289,10.649804],[105.539471,10.65501],[105.542749,10.678711],[105.556658,10.677288],[105.556943,10.680278],[105.552229,10.68747],[105.56105,10.708686],[105.576159,10.732798],[105.593519,10.74793],[105.578453,10.768451],[105.55016,10.797448],[105.568127,10.808432],[105.564858,10.812225],[105.5819,10.817162]]]}},{"type":"Feature","properties":{"code":"30046","name":"Xã Trường Xuân","type":"Xã"},"geometry":{"type":"Polygon","coordinates":[[[105.682153,10.750692],[105.780597,10.65874],[105.807707,10.653652],[105.834641,10.638298],[105.823512,10.627527],[105.830754,10.619995],[105.822571,10.607756],[105.818118,10.614025],[105.780414,10.597564],[105.780261,10.596302],[105.727028,10.599885],[105.724833,10.604494],[105.713408,10.603897],[105.712192,10.606078],[105.702858,10.608541],[105.698594,10.614835],[105.69746,10.621781],[105.743724,10.64032],[105.744287,10.639054],[105.763092,10.646432],[105.762236,10.650411],[105.764412,10.660271],[105.733012,10.663371],[105.730553,10.675853],[105.694634,10.689521],[105.674849,10.692772],[105.658156,10.710726],[105.672,10.74164],[105.682153,10.750692]]]}},{"type":"Feature","properties":{"code":"30214","name":"Xã Tân Dương","type":"Xã"},"geometry":{"type":"Polygon","coordinates":[[[105.708755,10.351637],[105.718107,10.340619],[105.720138,10.329901],[105.714885,10.3266],[105.714064,10.323772],[105.717017,10.321386],[105.717354,10.318963],[105.71532,10.318785],[105.715077,10.316356],[105.718516,10.315423],[105.716574,10.311561],[105.72047,10.309989],[105.719783,10.3048],[105.722524,10.297012],[105.726786,10.297298],[105.72704,10.294377],[105.733083,10.29546],[105.73918,10.284731],[105.744423,10.289506],[105.747088,10.28691],[105.751787,10.29014],[105.754255,10.285223],[105.760441,10.287366],[105.769646,10.28645],[105.773723,10.279404],[105.779054,10.278001],[105.775273,10.270794],[105.771199,10.272998],[105.752858,10.27197],[105.745809,10.268984],[105.744031,10.266751],[105.733544,10.264453],[105.731024,10.261417],[105.718548,10.265096],[105.720402,10.270341],[105.717387,10.273646],[105.714302,10.27302],[105.71367,10.269255],[105.708874,10.271268],[105.708394,10.268651],[105.705441,10.266362],[105.697545,10.266785],[105.688318,10.272712],[105.695904,10.281869],[105.687023,10.282921],[105.686258,10.293436],[105.661675,10.301076],[105.682227,10.312079],[105.684451,10.314877],[105.686375,10.314032],[105.687932,10.317954],[105.680003,10.324233],[105.686428,10.330803],[105.690705,10.331886],[105.689602,10.333197],[105.691076,10.334967],[105.690731,10.338052],[105.695847,10.337361],[105.697015,10.342371],[105.695214,10.343335],[105.699632,10.349412],[105.699073,10.352483],[105.702966,10.351595],[105.704636,10.354333],[105.708755,10.351637]]]}},{"type":"Feature","properties":{"code":"28702","name":"Xã Tân Hòa","type":"Xã"},"geometry":{"type":"Polygon","coordinates":[[[106.714832,10.359052],[106.720489,10.3492],[106.731474,10.342324],[106.730011,10.339825],[106.73886,10.3362],[106.734093,10.327615],[106.730589,10.329644],[106.726539,10.324858],[106.724419,10.326304],[106.722188,10.324175],[106.72092,10.322546],[106.725392,10.32176],[106.726743,10.319707],[106.712007,10.308737],[106.7131,10.306945],[106.7157,10.306975],[106.718773,10.300002],[106.717528,10.298777],[106.722517,10.292378],[106.713252,10.275727],[106.701672,10.280407],[106.68244,10.295373],[106.67604,10.294727],[106.669285,10.289446],[106.666344,10.299187],[106.661493,10.304655],[106.660404,10.309608],[106.661417,10.312392],[106.668602,10.312887],[106.675913,10.316886],[106.677726,10.319492],[106.680067,10.318827],[106.681416,10.320355],[106.68728,10.321326],[106.678169,10.33553],[106.692919,10.344212],[106.69197,10.345701],[106.714832,10.359052]]]}},{"type":"Feature","properties":{"code":"28525","name":"Xã Tân Hương","type":"Xã"},"geometry":{"type":"Polygon","coordinates":[[[106.347182,10.528383],[106.351131,10.52858],[106.355227,10.522678],[106.359083,10.521449],[106.361223,10.523492],[106.369304,10.51766],[106.366539,10.511166],[106.371712,10.50633],[106.368629,10.497984],[106.374464,10.494177],[106.370567,10.487838],[106.378898,10.483054],[106.379554,10.480246],[106.384179,10.479314],[106.388841,10.475654],[106.389518,10.47688],[106.389034,10.473195],[106.371806,10.474248],[106.368569,10.464389],[106.350769,10.468901],[106.350863,10.47048],[106.347586,10.471722],[106.343175,10.47142],[106.340741,10.475396],[106.336326,10.460075],[106.336533,10.458387],[106.339956,10.458328],[106.343974,10.454023],[106.341526,10.450534],[106.336575,10.449825],[106.332543,10.453638],[106.329723,10.453983],[106.326869,10.446994],[106.299974,10.442037],[106.298632,10.449257],[106.317694,10.45181],[106.31801,10.450387],[106.320763,10.450758],[106.321651,10.451397],[106.318851,10.459777],[106.326456,10.460029],[106.323107,10.479758],[106.313974,10.497019],[106.320612,10.502415],[106.322043,10.498984],[106.326069,10.50149],[106.329244,10.500717],[106.331126,10.505604],[106.325502,10.507335],[106.329519,10.51326],[106.343586,10.5106],[106.342314,10.515805],[106.347279,10.516913],[106.347374,10.520882],[106.344988,10.521515],[106.347182,10.528383]]]}},{"type":"Feature","properties":{"code":"29926","name":"Xã Tân Hồng","type":"Xã"},"geometry":{"type":"Polygon","coordinates":[[[105.405161,10.930148],[105.436054,10.918602],[105.47153,10.871931],[105.495157,10.8585],[105.501997,10.852034],[105.509513,10.840311],[105.512983,10.82203],[105.436601,10.814195],[105.371587,10.897806],[105.371294,10.900446],[105.373301,10.903721],[105.380402,10.902944],[105.378842,10.905439],[105.380705,10.906321],[105.380202,10.909921],[105.383322,10.910779],[105.384835,10.917189],[105.388882,10.920954],[105.391578,10.920749],[105.393571,10.924667],[105.396595,10.924236],[105.396467,10.92772],[105.399134,10.926402],[105.399865,10.92859],[105.402018,10.928109],[105.405161,10.930148]]]}},{"type":"Feature","properties":{"code":"29929","name":"Xã Tân Hộ Cơ","type":"Xã"},"geometry":{"type":"Polygon","coordinates":[[[105.454483,10.955628],[105.519945,10.887092],[105.536271,10.843401],[105.522898,10.831961],[105.513738,10.8356],[105.501785,10.8523],[105.495157,10.8585],[105.47153,10.871931],[105.436017,10.918633],[105.405735,10.930002],[105.408165,10.931687],[105.406149,10.933143],[105.406358,10.935575],[105.411397,10.939681],[105.410557,10.943347],[105.423649,10.965301],[105.425896,10.972705],[105.433073,10.973173],[105.436155,10.967839],[105.44014,10.965524],[105.442383,10.96032],[105.449842,10.957046],[105.451583,10.954788],[105.454483,10.955628]]]}},{"type":"Feature","properties":{"code":"30184","name":"Xã Tân Khánh Trung","type":"Xã"},"geometry":{"type":"Polygon","coordinates":[[[105.67306,10.409496],[105.690362,10.406578],[105.709005,10.397872],[105.721995,10.388128],[105.722652,10.382477],[105.717802,10.380255],[105.711431,10.373935],[105.712965,10.371289],[105.709329,10.368674],[105.710554,10.366063],[105.709214,10.36048],[105.702966,10.351595],[105.699073,10.352483],[105.699632,10.349412],[105.695214,10.343335],[105.697015,10.342371],[105.695847,10.337361],[105.690731,10.338052],[105.691076,10.334967],[105.689602,10.333197],[105.690705,10.331886],[105.686428,10.330803],[105.680003,10.324233],[105.687932,10.317954],[105.686416,10.314077],[105.684451,10.314877],[105.682227,10.312079],[105.66726,10.304481],[105.661675,10.301076],[105.661302,10.29865],[105.65924,10.298425],[105.659436,10.300501],[105.655753,10.300926],[105.655924,10.303034],[105.65389,10.304199],[105.651478,10.304523],[105.650718,10.302608],[105.640261,10.31902],[105.637247,10.320741],[105.639976,10.330888],[105.63625,10.331979],[105.633253,10.337261],[105.635668,10.338951],[105.634708,10.341954],[105.640338,10.346796],[105.63912,10.349989],[105.64279,10.354853],[105.648393,10.354175],[105.650871,10.355751],[105.648788,10.359841],[105.654,10.362248],[105.650034,10.367503],[105.664147,10.379853],[105.664396,10.382919],[105.670746,10.387448],[105.672455,10.386602],[105.675983,10.392754],[105.678689,10.392346],[105.684197,10.397417],[105.683815,10.399045],[105.672246,10.40268],[105.67306,10.409496]]]}},{"type":"Feature","properties":{"code":"30154","name":"Xã Tân Long","type":"Xã"},"geometry":{"type":"Polygon","coordinates":[[[105.359846,10.727521],[105.374204,10.702179],[105.396499,10.64061],[105.41255,10.606503],[105.429547,10.576352],[105.446388,10.552968],[105.416998,10.549939],[105.40853,10.554224],[105.393285,10.568826],[105.384607,10.571432],[105.373169,10.571215],[105.367801,10.577067],[105.349743,10.616594],[105.34094,10.641567],[105.337632,10.669137],[105.338461,10.675453],[105.34493,10.688504],[105.351293,10.711105],[105.359846,10.727521]]]}},{"type":"Feature","properties":{"code":"30253","name":"Xã Tân Nhuận Đông","type":"Xã"},"geometry":{"type":"Polygon","coordinates":[[[105.845111,10.281185],[105.849265,10.279806],[105.845291,10.273975],[105.840775,10.273816],[105.837944,10.264713],[105.836292,10.264202],[105.837321,10.262357],[105.835293,10.262513],[105.83561,10.259216],[105.832698,10.256597],[105.833479,10.249908],[105.830377,10.250494],[105.829753,10.247621],[105.835976,10.239242],[105.840867,10.240724],[105.843107,10.233575],[105.84566,10.234001],[105.84918,10.228062],[105.848693,10.223672],[105.854209,10.218393],[105.858525,10.219639],[105.859676,10.217441],[105.865175,10.227699],[105.869159,10.229645],[105.872739,10.229374],[105.871992,10.225156],[105.87724,10.22479],[105.876037,10.219418],[105.877314,10.219383],[105.87772,10.209703],[105.882386,10.209495],[105.883384,10.188856],[105.876132,10.189142],[105.877326,10.182267],[105.870191,10.168694],[105.874271,10.166287],[105.87055,10.154434],[105.867525,10.155793],[105.866677,10.153793],[105.863762,10.154525],[105.851604,10.160154],[105.848883,10.149975],[105.818491,10.149557],[105.81549,10.152761],[105.801206,10.155521],[105.781013,10.18112],[105.785755,10.18527],[105.782993,10.188219],[105.785219,10.19004],[105.783859,10.191336],[105.808864,10.211161],[105.807079,10.213076],[105.808038,10.215992],[105.809587,10.216233],[105.809761,10.222554],[105.815411,10.228334],[105.815103,10.23506],[105.813087,10.235433],[105.811894,10.232954],[105.8102,10.234179],[105.803576,10.243674],[105.803856,10.247492],[105.799871,10.249791],[105.79751,10.248391],[105.795291,10.249681],[105.793231,10.254713],[105.796675,10.256334],[105.796017,10.260747],[105.797183,10.261706],[105.798848,10.260174],[105.804257,10.262653],[105.806214,10.261614],[105.8123,10.266486],[105.813509,10.26833],[105.812415,10.270831],[105.815474,10.271697],[105.814392,10.275361],[105.83585,10.280825],[105.845111,10.281185]]]}},{"type":"Feature","properties":{"code":"28468","name":"Xã Tân Phú","type":"Xã"},"geometry":{"type":"Polygon","coordinates":[[[106.178436,10.473839],[106.18702,10.466328],[106.187152,10.460215],[106.184843,10.45757],[106.190696,10.453513],[106.190068,10.449529],[106.195655,10.444175],[106.198482,10.433087],[106.192703,10.43111],[106.194112,10.421771],[106.189288,10.420079],[106.182749,10.420513],[106.17895,10.418425],[106.186265,10.403885],[106.160183,10.403507],[106.155673,10.412411],[106.147696,10.414082],[106.146116,10.431638],[106.149618,10.433514],[106.143295,10.441325],[106.141128,10.449537],[106.142076,10.454064],[106.138149,10.457619],[106.138031,10.458823],[106.145966,10.461372],[106.143589,10.473383],[106.143944,10.482754],[106.178436,10.473839]]]}},{"type":"Feature","properties":{"code":"30259","name":"Xã Tân Phú Trung","type":"Xã"},"geometry":{"type":"Polygon","coordinates":[[[105.797189,10.274415],[105.814392,10.275361],[105.815474,10.271697],[105.812415,10.270831],[105.813509,10.26833],[105.8123,10.266486],[105.806214,10.261614],[105.804257,10.262653],[105.798848,10.260174],[105.797183,10.261706],[105.796017,10.260747],[105.796675,10.256334],[105.793231,10.254713],[105.795291,10.249681],[105.79751,10.248391],[105.799871,10.249791],[105.803856,10.247492],[105.803576,10.243674],[105.8102,10.234179],[105.811894,10.232954],[105.813087,10.235433],[105.815103,10.23506],[105.815411,10.228334],[105.809761,10.222554],[105.809587,10.216233],[105.808038,10.215992],[105.807079,10.213076],[105.808864,10.211161],[105.783859,10.191336],[105.785219,10.19004],[105.782993,10.188219],[105.785755,10.18527],[105.781013,10.18112],[105.774918,10.188889],[105.765628,10.178925],[105.759158,10.182581],[105.747845,10.197376],[105.727938,10.205015],[105.715497,10.21473],[105.705633,10.219166],[105.709656,10.225291],[105.708685,10.226537],[105.717186,10.227383],[105.72479,10.234747],[105.723765,10.241785],[105.721487,10.244827],[105.722621,10.246051],[105.711083,10.25475],[105.712144,10.264411],[105.71817,10.265162],[105.731024,10.261417],[105.733544,10.264453],[105.744031,10.266751],[105.745809,10.268984],[105.752858,10.27197],[105.771199,10.272998],[105.775273,10.270794],[105.781085,10.281112],[105.787201,10.277012],[105.797189,10.274415]]]}},{"type":"Feature","properties":{"code":"28696","name":"Xã Tân Phú Đông","type":"Xã"},"geometry":{"type":"Polygon","coordinates":[[[106.676961,10.240023],[106.670035,10.242652],[106.665757,10.249388],[106.662203,10.251617],[106.637262,10.259169],[106.639885,10.272354],[106.637712,10.279289],[106.648078,10.276033],[106.655738,10.27676],[106.661352,10.280435],[106.673795,10.293384],[106.681325,10.29564],[106.68662,10.293067],[106.704486,10.278907],[106.751778,10.263185],[106.75178,10.255456],[106.775437,10.240154],[106.788176,10.227963],[106.792305,10.222242],[106.794947,10.21433],[106.794084,10.206908],[106.788583,10.202762],[106.777721,10.19926],[106.750119,10.201113],[106.746523,10.193338],[106.722192,10.204903],[106.673681,10.231974],[106.676961,10.240023]]]}},{"type":"Feature","properties":{"code":"28321","name":"Xã Tân Phước 1","type":"Xã"},"geometry":{"type":"Polygon","coordinates":[[[106.286175,10.587009],[106.310382,10.565449],[106.229692,10.537511],[106.254095,10.511041],[106.257827,10.505227],[106.227482,10.48792],[106.214238,10.486568],[106.201464,10.47906],[106.202411,10.476904],[106.204591,10.476484],[106.197916,10.463764],[106.185521,10.470999],[106.185174,10.473847],[106.178436,10.473839],[106.174184,10.487491],[106.174589,10.519318],[106.187081,10.523353],[106.185708,10.579824],[106.205837,10.579284],[106.286175,10.587009]]]}},{"type":"Feature","properties":{"code":"28327","name":"Xã Tân Phước 2","type":"Xã"},"geometry":{"type":"Polygon","coordinates":[[[106.185405,10.579818],[106.187081,10.523353],[106.174589,10.519318],[106.174184,10.487491],[106.178436,10.473839],[106.143944,10.482754],[106.143981,10.487998],[106.14014,10.489311],[106.098407,10.499138],[106.089644,10.52335],[106.102454,10.522835],[106.101239,10.575891],[106.185405,10.579818]]]}},{"type":"Feature","properties":{"code":"28345","name":"Xã Tân Phước 3","type":"Xã"},"geometry":{"type":"Polygon","coordinates":[[[106.286933,10.5158],[106.292359,10.485339],[106.308706,10.496328],[106.313995,10.496969],[106.323107,10.479758],[106.326456,10.460029],[106.318851,10.459777],[106.321651,10.451397],[106.298632,10.449257],[106.299974,10.442037],[106.272207,10.437051],[106.271525,10.440919],[106.261892,10.435115],[106.238855,10.430916],[106.234938,10.440552],[106.236166,10.441743],[106.213439,10.454773],[106.211409,10.447824],[106.208438,10.447717],[106.207328,10.445662],[106.202832,10.455067],[106.190696,10.453513],[106.18488,10.457497],[106.187152,10.460215],[106.18702,10.466328],[106.179062,10.473771],[106.185174,10.473847],[106.185521,10.470999],[106.197916,10.463764],[106.204591,10.476484],[106.202411,10.476904],[106.201464,10.47906],[106.209062,10.483939],[106.214601,10.486669],[106.227315,10.487845],[106.248613,10.498861],[106.258487,10.505751],[106.261808,10.500588],[106.286933,10.5158]]]}},{"type":"Feature","properties":{"code":"28627","name":"Xã Tân Thuận Bình","type":"Xã"},"geometry":{"type":"Polygon","coordinates":[[[106.458385,10.356157],[106.45863,10.366618],[106.460609,10.371034],[106.459728,10.375363],[106.455926,10.374847],[106.455865,10.368663],[106.450914,10.36892],[106.45094,10.365899],[106.447866,10.365178],[106.446958,10.37425],[106.44562,10.374014],[106.443899,10.380742],[106.436106,10.381921],[106.433641,10.38473],[106.428453,10.386765],[106.428316,10.389475],[106.424236,10.39221],[106.421132,10.392994],[106.419044,10.390807],[106.417166,10.392404],[106.418864,10.394735],[106.416662,10.396711],[106.417687,10.399815],[106.420162,10.401563],[106.423023,10.400461],[106.420955,10.403309],[106.425209,10.402604],[106.423976,10.406284],[106.427664,10.407147],[106.42265,10.408401],[106.421907,10.411088],[106.417375,10.413293],[106.41899,10.412884],[106.419581,10.415329],[106.424306,10.416168],[106.426315,10.414422],[106.424681,10.411374],[106.427908,10.409792],[106.43154,10.415368],[106.439208,10.411711],[106.440343,10.414889],[106.446152,10.413615],[106.446308,10.412088],[106.449124,10.411193],[106.451847,10.413356],[106.45969,10.404868],[106.45447,10.400834],[106.448919,10.40438],[106.447882,10.398689],[106.450097,10.39822],[106.454106,10.400358],[106.455662,10.394556],[106.458937,10.395421],[106.463286,10.400507],[106.467748,10.39656],[106.472549,10.398767],[106.480145,10.396705],[106.481392,10.404832],[106.486246,10.403611],[106.486451,10.40876],[106.49271,10.41392],[106.496713,10.414584],[106.497202,10.416697],[106.49921,10.415229],[106.504585,10.42307],[106.508301,10.422767],[106.510151,10.428319],[106.513472,10.428826],[106.514276,10.4261],[106.518064,10.42445],[106.520137,10.425524],[106.519602,10.421197],[106.526289,10.418144],[106.528198,10.414997],[106.523868,10.412221],[106.523217,10.409304],[106.524859,10.40869],[106.465603,10.354511],[106.458385,10.356157]]]}},{"type":"Feature","properties":{"code":"29938","name":"Xã Tân Thành","type":"Xã"},"geometry":{"type":"Polygon","coordinates":[[[105.540786,10.831361],[105.519945,10.887092],[105.454483,10.955628],[105.464451,10.964211],[105.470724,10.96307],[105.473642,10.964673],[105.474794,10.962787],[105.478191,10.962331],[105.480204,10.959327],[105.48338,10.958139],[105.483218,10.95256],[105.496519,10.947394],[105.497452,10.952461],[105.500114,10.952641],[105.509059,10.936503],[105.514194,10.923147],[105.582655,10.892124],[105.588343,10.88067],[105.578239,10.872918],[105.570072,10.856989],[105.561913,10.846912],[105.557997,10.837225],[105.553912,10.833537],[105.549298,10.833604],[105.546302,10.830782],[105.5445,10.833694],[105.540786,10.831361]]]}},{"type":"Feature","properties":{"code":"30157","name":"Xã Tân Thạnh","type":"Xã"},"geometry":{"type":"Polygon","coordinates":[[[105.495818,10.663385],[105.505517,10.613519],[105.500487,10.613734],[105.500606,10.607009],[105.496648,10.601933],[105.487844,10.607448],[105.483975,10.5972],[105.474906,10.58331],[105.476197,10.582311],[105.475396,10.578064],[105.466914,10.570641],[105.469296,10.567471],[105.458079,10.559065],[105.466643,10.555398],[105.46439,10.542639],[105.445711,10.553553],[105.431546,10.573554],[105.438101,10.577334],[105.439515,10.57996],[105.435793,10.586229],[105.441105,10.616279],[105.451821,10.615813],[105.451316,10.619056],[105.442648,10.632596],[105.447492,10.636416],[105.447135,10.638004],[105.449028,10.639629],[105.44769,10.647272],[105.453613,10.651223],[105.456131,10.648587],[105.461157,10.653041],[105.462421,10.651412],[105.469325,10.664444],[105.495818,10.663385]]]}},{"type":"Feature","properties":{"code":"28693","name":"Xã Tân Thới","type":"Xã"},"geometry":{"type":"Polygon","coordinates":[[[106.670035,10.242652],[106.676961,10.240023],[106.673681,10.231974],[106.639968,10.241691],[106.599004,10.248984],[106.533029,10.26777],[106.518625,10.28189],[106.501779,10.28907],[106.475456,10.306713],[106.49151,10.308369],[106.524548,10.304924],[106.534824,10.30194],[106.55222,10.293063],[106.563789,10.289683],[106.589128,10.286774],[106.615387,10.287027],[106.624605,10.285169],[106.637712,10.279289],[106.639885,10.272354],[106.637262,10.259169],[106.662203,10.251617],[106.665757,10.249388],[106.670035,10.242652]]]}},{"type":"Feature","properties":{"code":"28738","name":"Xã Tân Điền","type":"Xã"},"geometry":{"type":"Polygon","coordinates":[[[106.754243,10.376434],[106.781588,10.375635],[106.781625,10.359147],[106.783086,10.358169],[106.78144,10.354574],[106.781038,10.316685],[106.772815,10.322835],[106.762234,10.327],[106.749657,10.329525],[106.750339,10.332694],[106.730011,10.339825],[106.731474,10.342324],[106.723817,10.346327],[106.726593,10.346102],[106.720725,10.348972],[106.717045,10.35405],[106.718169,10.355096],[106.714835,10.359043],[106.713366,10.364136],[106.715349,10.364493],[106.716052,10.370914],[106.72331,10.37605],[106.729018,10.370939],[106.745647,10.37096],[106.751175,10.36386],[106.754243,10.376434]]]}},{"type":"Feature","properties":{"code":"28723","name":"Xã Tân Đông","type":"Xã"},"geometry":{"type":"Polygon","coordinates":[[[106.750006,10.473569],[106.738541,10.468447],[106.7248,10.456427],[106.725575,10.454857],[106.721661,10.451177],[106.725706,10.446115],[106.719013,10.440482],[106.720441,10.43843],[106.715706,10.434434],[106.725423,10.421851],[106.72948,10.419335],[106.736622,10.420455],[106.7369,10.414681],[106.734707,10.388991],[106.729983,10.379591],[106.731576,10.370586],[106.727047,10.371451],[106.72331,10.37605],[106.719332,10.374261],[106.716052,10.370914],[106.715349,10.364493],[106.713366,10.364136],[106.714837,10.360637],[106.70295,10.370815],[106.696773,10.385879],[106.686583,10.394022],[106.691558,10.394623],[106.694026,10.396784],[106.693182,10.39767],[106.695099,10.400921],[106.690842,10.402439],[106.688731,10.406319],[106.694269,10.417047],[106.695644,10.416688],[106.695711,10.419716],[106.697722,10.4202],[106.697059,10.422235],[106.698387,10.423723],[106.697299,10.42558],[106.689233,10.425002],[106.689226,10.426753],[106.685634,10.428304],[106.686796,10.430855],[106.688622,10.429754],[106.688468,10.428061],[106.690328,10.428699],[106.690175,10.433388],[106.692286,10.435528],[106.691372,10.440676],[106.687672,10.444965],[106.703995,10.470483],[106.725326,10.490349],[106.734969,10.497184],[106.743105,10.500021],[106.743254,10.487656],[106.750006,10.473569]]]}},{"type":"Feature","properties":{"code":"28651","name":"Xã Vĩnh Bình","type":"Xã"},"geometry":{"type":"Polygon","coordinates":[[[106.551187,10.331284],[106.537285,10.332461],[106.524877,10.327538],[106.525264,10.33551],[106.520669,10.339013],[106.521912,10.342314],[106.526633,10.345576],[106.526636,10.350223],[106.521604,10.349823],[106.521492,10.356258],[106.515332,10.354436],[106.514844,10.361173],[106.518734,10.3646],[106.527973,10.367404],[106.52925,10.363461],[106.547121,10.365784],[106.549347,10.360877],[106.555369,10.360824],[106.555728,10.356631],[106.599719,10.35725],[106.600266,10.361239],[106.601924,10.361719],[106.600301,10.370557],[106.606403,10.37282],[106.607794,10.371787],[106.609018,10.375216],[106.611784,10.374663],[106.612236,10.372877],[106.618052,10.373177],[106.618814,10.368833],[106.620707,10.368875],[106.618209,10.364624],[106.618422,10.362005],[106.62229,10.350064],[106.622082,10.342362],[106.627624,10.342788],[106.627397,10.327988],[106.609816,10.327935],[106.610164,10.330833],[106.602326,10.329413],[106.591115,10.334289],[106.590127,10.331797],[106.584836,10.332768],[106.584954,10.33171],[106.570889,10.334448],[106.567983,10.337508],[106.566336,10.336347],[106.566698,10.331927],[106.562663,10.327401],[106.550462,10.319749],[106.546328,10.321815],[106.552002,10.328613],[106.551187,10.331284]]]}},{"type":"Feature","properties":{"code":"28678","name":"Xã Vĩnh Hựu","type":"Xã"},"geometry":{"type":"Polygon","coordinates":[[[106.569788,10.335286],[106.58499,10.331706],[106.584836,10.332768],[106.590127,10.331797],[106.591115,10.334289],[106.602326,10.329413],[106.610164,10.330833],[106.607575,10.314435],[106.614372,10.306942],[106.616942,10.298187],[106.615928,10.286979],[106.589128,10.286774],[106.570109,10.2886],[106.553741,10.292508],[106.542608,10.298015],[106.546518,10.300938],[106.547338,10.304378],[106.549816,10.30651],[106.548687,10.310866],[106.551451,10.316529],[106.554376,10.318175],[106.554469,10.323032],[106.562211,10.327047],[106.565568,10.33061],[106.566487,10.336563],[106.567983,10.337508],[106.569788,10.335286]]]}},{"type":"Feature","properties":{"code":"28576","name":"Xã Vĩnh Kim","type":"Xã"},"geometry":{"type":"Polygon","coordinates":[[[106.185862,10.335454],[106.186705,10.338329],[106.182154,10.340275],[106.186601,10.346451],[106.191274,10.347678],[106.18954,10.351903],[106.190459,10.354816],[106.192721,10.355351],[106.193004,10.357625],[106.196512,10.361023],[106.193868,10.366933],[106.195362,10.367722],[106.20028,10.368067],[106.20114,10.366853],[106.209033,10.37039],[106.21045,10.368467],[106.216711,10.370657],[106.21902,10.363605],[106.229584,10.364069],[106.232786,10.366205],[106.236742,10.363525],[106.242917,10.366106],[106.245074,10.36372],[106.244711,10.358494],[106.246551,10.358604],[106.246754,10.356902],[106.255124,10.362378],[106.260862,10.363001],[106.258805,10.358725],[106.255241,10.357526],[106.25504,10.348828],[106.249019,10.349508],[106.247885,10.344399],[106.245268,10.344891],[106.24141,10.350483],[106.234071,10.34798],[106.232072,10.345366],[106.228864,10.345238],[106.227821,10.339204],[106.226555,10.34102],[106.222361,10.339812],[106.221307,10.34222],[106.217294,10.340157],[106.221939,10.330605],[106.222157,10.317939],[106.205641,10.314117],[106.204729,10.322486],[106.200884,10.321704],[106.20024,10.324626],[106.188621,10.324895],[106.188443,10.335365],[106.185862,10.335454]]]}},{"type":"Feature","properties":{"code":"30061","name":"Xã Đốc Binh Kiều","type":"Xã"},"geometry":{"type":"Polygon","coordinates":[[[105.941421,10.536478],[105.941597,10.494443],[105.92488,10.476854],[105.915161,10.486363],[105.903764,10.486621],[105.898342,10.492919],[105.898763,10.496652],[105.890486,10.506512],[105.891861,10.516378],[105.887201,10.521838],[105.876438,10.533988],[105.869304,10.531801],[105.860101,10.531725],[105.842733,10.555539],[105.854683,10.565809],[105.833811,10.590037],[105.817486,10.593776],[105.822863,10.608467],[105.830754,10.619995],[105.823512,10.627527],[105.834657,10.638276],[105.909807,10.538577],[105.941421,10.536478]]]}},{"type":"Feature","properties":{"code":"28660","name":"Xã Đồng Sơn","type":"Xã"},"geometry":{"type":"Polygon","coordinates":[[[106.533805,10.428116],[106.53807,10.42062],[106.542473,10.427393],[106.546427,10.429498],[106.549827,10.424984],[106.558601,10.424387],[106.558506,10.413173],[106.5675,10.414845],[106.571351,10.412184],[106.576181,10.414282],[106.5776,10.410951],[106.580191,10.409542],[106.583835,10.408486],[106.586392,10.410684],[106.588384,10.409826],[106.592636,10.403115],[106.591502,10.399712],[106.589257,10.398711],[106.590375,10.390555],[106.607611,10.385577],[106.609911,10.379782],[106.607794,10.371787],[106.606403,10.37282],[106.600301,10.370557],[106.601924,10.361719],[106.600266,10.361239],[106.599719,10.35725],[106.555728,10.356631],[106.555369,10.360824],[106.549347,10.360877],[106.547121,10.365784],[106.52925,10.363461],[106.527429,10.366395],[106.528931,10.367805],[106.527927,10.371198],[106.532786,10.371551],[106.532557,10.375133],[106.538462,10.375354],[106.542976,10.393805],[106.549877,10.399038],[106.549458,10.404846],[106.547223,10.411139],[106.543532,10.413562],[106.536856,10.408923],[106.530983,10.410455],[106.523217,10.409304],[106.524054,10.412515],[106.528198,10.414997],[106.526289,10.418144],[106.519602,10.421197],[106.519472,10.422924],[106.520924,10.427736],[106.529291,10.433553],[106.533805,10.428116]]]}}]}