{"type":"FeatureCollection","features":[{"type":"Feature","properties":{"code":"31150","name":"Phường An Bình","type":"Phường"},"geometry":{"type":"Polygon","coordinates":[[[105.714244,10.006306],[105.720189,10.010957],[105.725784,10.00976],[105.734445,10.017422],[105.73724,10.016381],[105.739944,10.01873],[105.743542,10.032366],[105.749122,10.02994],[105.752485,10.022172],[105.75148,10.015074],[105.756051,10.008578],[105.746136,10.005253],[105.742512,9.996885],[105.739936,9.994451],[105.718103,9.994861],[105.712321,9.986032],[105.701616,9.986572],[105.697657,9.988268],[105.693027,9.986468],[105.691214,9.992616],[105.687742,9.99492],[105.684448,9.992453],[105.68215,9.994028],[105.683663,9.996033],[105.681096,10.001039],[105.683041,10.006269],[105.682595,10.008499],[105.680869,10.008301],[105.68133,10.011716],[105.688337,10.012085],[105.689368,10.009613],[105.695107,10.013006],[105.698177,10.011459],[105.699502,10.014384],[105.701127,10.01228],[105.705384,10.012159],[105.7099,10.008673],[105.713306,10.008566],[105.714244,10.006306]]]}},{"type":"Feature","properties":{"code":"31168","name":"Phường Bình Thủy","type":"Phường"},"geometry":{"type":"Polygon","coordinates":[[[105.735385,10.097899],[105.749038,10.092031],[105.765104,10.078354],[105.779357,10.070901],[105.758529,10.076177],[105.774389,10.05646],[105.769785,10.051102],[105.759115,10.047595],[105.759067,10.045193],[105.755093,10.047014],[105.754798,10.045301],[105.752325,10.0465],[105.75329,10.054434],[105.755813,10.057535],[105.754844,10.058605],[105.75178,10.060177],[105.748036,10.059603],[105.743938,10.0631],[105.727088,10.062513],[105.729411,10.067397],[105.728542,10.072729],[105.726542,10.075018],[105.734672,10.08558],[105.729744,10.08897],[105.735385,10.097899]]]}},{"type":"Feature","properties":{"code":"31120","name":"Phường Cái Khế","type":"Phường"},"geometry":{"type":"Polygon","coordinates":[[[105.779389,10.070883],[105.787761,10.063663],[105.800359,10.04684],[105.792177,10.035971],[105.777816,10.047633],[105.772624,10.042755],[105.772073,10.039379],[105.769131,10.038511],[105.762012,10.044852],[105.758315,10.043676],[105.754798,10.045301],[105.755093,10.047014],[105.759067,10.045193],[105.759115,10.047595],[105.769785,10.051102],[105.774389,10.05646],[105.758529,10.076177],[105.779389,10.070883]]]}},{"type":"Feature","properties":{"code":"31186","name":"Phường Cái Răng","type":"Phường"},"geometry":{"type":"Polygon","coordinates":[[[105.78273,10.012581],[105.790122,10.016744],[105.794249,10.014217],[105.790896,10.007174],[105.793688,10.004154],[105.791513,10.002122],[105.795004,9.999536],[105.791634,9.996186],[105.79179,9.991683],[105.787773,9.984726],[105.782134,9.98663],[105.779814,9.985264],[105.780374,9.988305],[105.773355,9.986291],[105.771708,9.980576],[105.766955,9.974535],[105.77211,9.965656],[105.773289,9.955427],[105.76452,9.956961],[105.762463,9.958619],[105.75939,9.957987],[105.738331,9.969312],[105.736499,9.968645],[105.736805,9.970495],[105.734751,9.969094],[105.729539,9.970202],[105.72344,9.97554],[105.724902,9.980052],[105.728548,9.978006],[105.728678,9.979988],[105.731317,9.980142],[105.733675,9.987592],[105.736852,9.988365],[105.736529,9.990423],[105.742512,9.996885],[105.746652,10.005635],[105.755243,10.008618],[105.765659,10.006448],[105.771538,10.01161],[105.773954,10.016908],[105.78273,10.012581]]]}},{"type":"Feature","properties":{"code":"31201","name":"Phường Hưng Phú","type":"Phường"},"geometry":{"type":"Polygon","coordinates":[[[105.813491,10.030234],[105.820456,10.012018],[105.84408,9.982462],[105.838613,9.978458],[105.830901,9.975687],[105.818815,9.965168],[105.777847,9.957689],[105.776243,9.954402],[105.773289,9.955427],[105.77211,9.965656],[105.766955,9.974535],[105.771708,9.980576],[105.773355,9.986291],[105.780374,9.988305],[105.779814,9.985264],[105.782134,9.98663],[105.787773,9.984726],[105.79179,9.991683],[105.791634,9.996186],[105.795004,9.999536],[105.791513,10.002122],[105.793688,10.004154],[105.790896,10.007174],[105.794249,10.014217],[105.790122,10.016744],[105.783459,10.012269],[105.780328,10.013539],[105.773954,10.016908],[105.774844,10.02255],[105.786962,10.025866],[105.790191,10.03443],[105.796352,10.040247],[105.800359,10.04684],[105.813491,10.030234]]]}},{"type":"Feature","properties":{"code":"31789","name":"Phường Khánh Hòa","type":"Phường"},"geometry":{"type":"Polygon","coordinates":[[[106.062335,9.453549],[106.080054,9.444915],[106.098502,9.433806],[106.107267,9.431594],[106.113523,9.423626],[106.128674,9.414001],[106.125904,9.410388],[106.120833,9.409438],[106.121971,9.404023],[106.118026,9.405061],[106.115446,9.408644],[106.113625,9.402889],[106.109896,9.406363],[106.107548,9.402682],[106.094257,9.40677],[106.085881,9.404196],[106.085113,9.408007],[106.082749,9.406647],[106.082647,9.403778],[106.077715,9.403674],[106.07683,9.405526],[106.073158,9.403695],[106.070765,9.405584],[106.068642,9.403098],[106.063185,9.403822],[106.05966,9.401471],[106.059173,9.398774],[106.060557,9.396942],[106.059514,9.394806],[106.061917,9.394717],[106.062273,9.391799],[106.056067,9.389745],[106.054654,9.39122],[106.052705,9.388931],[106.050625,9.390312],[106.045185,9.388962],[106.041169,9.385275],[106.042857,9.38426],[106.04141,9.381666],[106.039878,9.383925],[106.037246,9.381374],[106.033666,9.384445],[106.033242,9.382014],[106.031561,9.380752],[106.030157,9.382346],[106.028949,9.37983],[106.028184,9.38129],[106.024037,9.380846],[106.02188,9.383086],[106.014989,9.381676],[106.003785,9.361998],[105.996569,9.360659],[105.984103,9.355035],[105.972627,9.354025],[105.971234,9.341514],[105.962203,9.341265],[105.952706,9.336606],[105.952666,9.338965],[105.951049,9.33826],[105.949226,9.340681],[105.946671,9.34067],[105.947393,9.343415],[105.941277,9.343562],[105.939923,9.341038],[105.93845,9.343456],[105.935867,9.342774],[105.931923,9.346411],[105.934005,9.353591],[105.932566,9.357436],[105.930451,9.357732],[105.93085,9.360466],[105.927875,9.363188],[105.927608,9.368954],[105.925767,9.370272],[105.92674,9.372948],[105.92456,9.371629],[105.925461,9.373985],[105.923215,9.374831],[105.932282,9.385226],[105.928081,9.389649],[105.93241,9.393993],[105.928578,9.39779],[105.928975,9.399571],[105.934524,9.400541],[105.93861,9.405763],[105.94934,9.406659],[105.952529,9.416971],[105.970733,9.423951],[105.974149,9.428133],[105.978228,9.428474],[105.984107,9.424979],[105.989204,9.424518],[105.995003,9.426713],[106.004117,9.433757],[106.008981,9.434189],[106.017428,9.432138],[106.03911,9.451347],[106.048163,9.448403],[106.058136,9.453102],[106.062335,9.453549]]]}},{"type":"Feature","properties":{"code":"31473","name":"Phường Long Bình","type":"Phường"},"geometry":{"type":"Polygon","coordinates":[[[105.59268,9.751635],[105.602594,9.753426],[105.608899,9.751727],[105.611788,9.745834],[105.611629,9.742302],[105.615425,9.739412],[105.615977,9.732325],[105.618896,9.726856],[105.61596,9.725026],[105.608322,9.726187],[105.606547,9.722601],[105.613062,9.71843],[105.614778,9.71287],[105.610445,9.709091],[105.596043,9.71342],[105.59429,9.712781],[105.592649,9.705815],[105.600641,9.704294],[105.603729,9.697721],[105.602562,9.694612],[105.596726,9.694429],[105.593274,9.691376],[105.592163,9.688735],[105.592968,9.683194],[105.587667,9.682835],[105.579524,9.691915],[105.570364,9.680527],[105.568,9.680173],[105.556347,9.688099],[105.55901,9.696487],[105.555231,9.700105],[105.554167,9.703935],[105.556845,9.705913],[105.556884,9.710129],[105.559554,9.71235],[105.556567,9.715633],[105.562159,9.722345],[105.566288,9.730765],[105.565036,9.737877],[105.568974,9.740447],[105.575998,9.757596],[105.589117,9.776653],[105.594985,9.768527],[105.592524,9.758624],[105.590106,9.755685],[105.59268,9.751635]]]}},{"type":"Feature","properties":{"code":"31471","name":"Phường Long Mỹ","type":"Phường"},"geometry":{"type":"Polygon","coordinates":[[[105.61993,9.727397],[105.665527,9.705252],[105.636256,9.672148],[105.614355,9.658889],[105.581166,9.650751],[105.57662,9.66353],[105.560308,9.657077],[105.559083,9.667062],[105.555709,9.666625],[105.553273,9.669286],[105.54697,9.670602],[105.547277,9.677295],[105.555299,9.688167],[105.569115,9.680041],[105.579823,9.691914],[105.587526,9.682927],[105.592968,9.683194],[105.592163,9.688735],[105.593274,9.691376],[105.596726,9.694429],[105.602562,9.694612],[105.603729,9.697721],[105.600641,9.704294],[105.592649,9.705815],[105.59429,9.712781],[105.611634,9.70939],[105.614494,9.712243],[105.614652,9.715452],[105.612022,9.719499],[105.606918,9.721487],[105.607214,9.725229],[105.60996,9.726394],[105.616268,9.725064],[105.61993,9.727397]]]}},{"type":"Feature","properties":{"code":"31480","name":"Phường Long Phú 1","type":"Phường"},"geometry":{"type":"Polygon","coordinates":[[[105.687832,9.653335],[105.690276,9.655075],[105.690885,9.653957],[105.668983,9.633194],[105.667179,9.641777],[105.661623,9.639455],[105.659559,9.635421],[105.649329,9.634355],[105.646649,9.625409],[105.639753,9.623776],[105.635346,9.618669],[105.632415,9.620096],[105.625788,9.616191],[105.623048,9.617029],[105.61733,9.615352],[105.61797,9.619944],[105.61468,9.621946],[105.6114,9.619118],[105.6067,9.619878],[105.605861,9.617396],[105.596207,9.609383],[105.581166,9.650751],[105.614355,9.658889],[105.636256,9.672148],[105.665527,9.705252],[105.671518,9.702142],[105.675159,9.695959],[105.674437,9.692949],[105.687832,9.653335]]]}},{"type":"Feature","properties":{"code":"31183","name":"Phường Long Tuyền","type":"Phường"},"geometry":{"type":"Polygon","coordinates":[[[105.714244,10.006306],[105.713306,10.008566],[105.7099,10.008673],[105.708796,10.010505],[105.703193,10.012687],[105.702761,10.01621],[105.704406,10.016676],[105.705844,10.022451],[105.704105,10.025007],[105.706696,10.026215],[105.707315,10.028704],[105.711619,10.029123],[105.713198,10.030962],[105.712208,10.034536],[105.707398,10.040312],[105.709828,10.041024],[105.706279,10.044678],[105.705468,10.050412],[105.709595,10.051912],[105.708436,10.054506],[105.710985,10.055426],[105.70407,10.0704],[105.708871,10.076015],[105.719038,10.081817],[105.724265,10.083024],[105.726604,10.081925],[105.727301,10.079278],[105.726022,10.077941],[105.727525,10.076739],[105.726053,10.075743],[105.728542,10.072729],[105.729411,10.067397],[105.727088,10.062513],[105.743938,10.0631],[105.748036,10.059603],[105.75178,10.060177],[105.755813,10.057535],[105.75329,10.054434],[105.752476,10.04618],[105.743307,10.032148],[105.739944,10.01873],[105.73724,10.016381],[105.734445,10.017422],[105.725784,10.00976],[105.720189,10.010957],[105.714244,10.006306]]]}},{"type":"Feature","properties":{"code":"31753","name":"Phường Mỹ Quới","type":"Phường"},"geometry":{"type":"Polygon","coordinates":[[[105.589406,9.553598],[105.5952,9.554309],[105.613392,9.543571],[105.608697,9.533864],[105.603753,9.509479],[105.599867,9.50338],[105.609027,9.499546],[105.622888,9.489837],[105.580484,9.411393],[105.545276,9.450625],[105.544303,9.469191],[105.545668,9.469806],[105.543981,9.471064],[105.547451,9.488557],[105.549701,9.52064],[105.587898,9.556761],[105.589406,9.553598]]]}},{"type":"Feature","properties":{"code":"31684","name":"Phường Mỹ Xuyên","type":"Phường"},"geometry":{"type":"Polygon","coordinates":[[[105.945035,9.594861],[105.955627,9.586355],[105.95306,9.577711],[105.956748,9.574713],[105.958551,9.577232],[105.965038,9.574094],[105.963755,9.57221],[105.970436,9.5717],[105.988765,9.578459],[105.990356,9.574226],[105.997196,9.57736],[106.001499,9.576743],[105.995611,9.569716],[106.003535,9.564351],[106.000468,9.557313],[106.00905,9.538354],[106.006356,9.53487],[106.007121,9.533739],[106.003532,9.533215],[106.003851,9.536296],[106.002151,9.535112],[106.001846,9.53705],[105.998896,9.536625],[105.999784,9.538525],[105.997966,9.539836],[105.996182,9.538083],[105.994522,9.539834],[105.992461,9.538655],[105.991525,9.540427],[105.984992,9.538832],[105.980517,9.539539],[105.978952,9.534937],[105.976213,9.532289],[105.971159,9.534811],[105.96443,9.539464],[105.968788,9.543949],[105.973904,9.546238],[105.97517,9.558265],[105.961578,9.560057],[105.956487,9.562293],[105.937588,9.541343],[105.919391,9.528488],[105.891964,9.515315],[105.891125,9.522173],[105.887018,9.528137],[105.889484,9.532093],[105.890556,9.539486],[105.896507,9.549407],[105.895939,9.55135],[105.916406,9.565404],[105.918276,9.569799],[105.917052,9.571387],[105.921724,9.572371],[105.922691,9.575231],[105.924239,9.574792],[105.930046,9.580176],[105.927474,9.582817],[105.932356,9.588031],[105.936874,9.583993],[105.945035,9.594861]]]}},{"type":"Feature","properties":{"code":"31340","name":"Phường Ngã Bảy","type":"Phường"},"geometry":{"type":"Polygon","coordinates":[[[105.82077,9.82815],[105.832828,9.813158],[105.832519,9.80667],[105.853438,9.801331],[105.844794,9.764061],[105.838621,9.773133],[105.830723,9.77981],[105.82925,9.783427],[105.797224,9.79586],[105.799195,9.801188],[105.788932,9.797589],[105.786339,9.799246],[105.788684,9.81699],[105.78215,9.824255],[105.797693,9.82409],[105.804869,9.816769],[105.806681,9.816636],[105.811631,9.821021],[105.806987,9.827439],[105.816233,9.830201],[105.82077,9.82815]]]}},{"type":"Feature","properties":{"code":"31732","name":"Phường Ngã Năm","type":"Phường"},"geometry":{"type":"Polygon","coordinates":[[[105.667179,9.641777],[105.669327,9.631938],[105.672447,9.630142],[105.67848,9.615937],[105.675897,9.58033],[105.66714,9.581974],[105.661972,9.57992],[105.661091,9.567671],[105.640144,9.568258],[105.629325,9.56578],[105.623668,9.567257],[105.617807,9.553964],[105.62767,9.548395],[105.621825,9.539122],[105.5952,9.554309],[105.589442,9.553245],[105.587898,9.556761],[105.552521,9.523333],[105.550656,9.524319],[105.555452,9.560384],[105.554441,9.569342],[105.550729,9.573323],[105.550504,9.577767],[105.545996,9.586257],[105.549057,9.591766],[105.546909,9.596671],[105.55697,9.59639],[105.558364,9.603962],[105.561985,9.606261],[105.56553,9.606434],[105.568982,9.60322],[105.57076,9.606691],[105.575178,9.60962],[105.574895,9.613469],[105.57651,9.614887],[105.583594,9.611853],[105.587169,9.612407],[105.587336,9.608817],[105.592223,9.606928],[105.592557,9.603675],[105.595008,9.602738],[105.595436,9.608703],[105.605861,9.617396],[105.606893,9.619997],[105.611063,9.619043],[105.615615,9.621825],[105.61797,9.619944],[105.617598,9.615316],[105.623048,9.617029],[105.625788,9.616191],[105.632415,9.620096],[105.635161,9.618612],[105.639753,9.623776],[105.646649,9.625409],[105.649329,9.634355],[105.659559,9.635421],[105.661623,9.639455],[105.667179,9.641777]]]}},{"type":"Feature","properties":{"code":"31135","name":"Phường Ninh Kiều","type":"Phường"},"geometry":{"type":"Polygon","coordinates":[[[105.783185,10.042219],[105.785076,10.042874],[105.792177,10.035971],[105.78982,10.033742],[105.787557,10.026518],[105.776092,10.023602],[105.774177,10.019942],[105.771441,10.020743],[105.768028,10.025169],[105.766329,10.023213],[105.766359,10.025478],[105.762194,10.030025],[105.7675,10.034833],[105.769247,10.03854],[105.772073,10.039379],[105.772624,10.042755],[105.777816,10.047633],[105.783185,10.042219]]]}},{"type":"Feature","properties":{"code":"31510","name":"Phường Phú Lợi","type":"Phường"},"geometry":{"type":"Polygon","coordinates":[[[105.961611,9.614815],[105.963801,9.614216],[105.968253,9.607877],[105.976516,9.606146],[106.020217,9.609092],[106.025397,9.604193],[106.017746,9.590279],[106.014858,9.580897],[106.011458,9.581089],[106.013243,9.577947],[106.012818,9.57629],[106.00994,9.576385],[106.011001,9.573202],[106.006692,9.573631],[106.008493,9.571307],[106.007686,9.569831],[105.997901,9.571997],[106.001499,9.576743],[105.997196,9.57736],[105.990356,9.574226],[105.988765,9.578459],[105.968287,9.571433],[105.963755,9.57221],[105.965038,9.574094],[105.958694,9.577176],[105.956748,9.574713],[105.95306,9.577711],[105.955627,9.586355],[105.945035,9.594861],[105.942793,9.599171],[105.950788,9.599037],[105.950616,9.600981],[105.954638,9.60461],[105.958115,9.603651],[105.961758,9.607176],[105.959735,9.61125],[105.961611,9.614815]]]}},{"type":"Feature","properties":{"code":"31162","name":"Phường Phước Thới","type":"Phường"},"geometry":{"type":"Polygon","coordinates":[[[105.666343,10.144723],[105.70968,10.117472],[105.701762,10.109057],[105.703019,10.104858],[105.701378,10.102792],[105.701644,10.099836],[105.704542,10.0974],[105.695356,10.091004],[105.692999,10.087172],[105.678555,10.080154],[105.672381,10.080795],[105.667068,10.083292],[105.665484,10.074485],[105.672669,10.067755],[105.672608,10.064362],[105.670552,10.063986],[105.671126,10.056621],[105.672781,10.056636],[105.673964,10.052591],[105.673423,10.049197],[105.662634,10.048093],[105.6464,10.054074],[105.643052,10.048128],[105.640815,10.04745],[105.638192,10.050518],[105.626749,10.042665],[105.625353,10.049257],[105.627139,10.056973],[105.625579,10.066357],[105.627026,10.069778],[105.624218,10.071233],[105.617927,10.070777],[105.617204,10.079434],[105.621322,10.083742],[105.625923,10.08432],[105.625951,10.08295],[105.63092,10.081546],[105.627692,10.090894],[105.632877,10.09143],[105.631847,10.095262],[105.635446,10.095954],[105.63945,10.099741],[105.642814,10.097936],[105.644575,10.100217],[105.644794,10.099234],[105.651932,10.101608],[105.653039,10.110492],[105.646376,10.112387],[105.649394,10.1136],[105.650552,10.115709],[105.649311,10.117096],[105.65636,10.124011],[105.659891,10.124282],[105.660536,10.129419],[105.664587,10.132689],[105.659938,10.135795],[105.666343,10.144723]]]}},{"type":"Feature","properties":{"code":"31507","name":"Phường Sóc Trăng","type":"Phường"},"geometry":{"type":"Polygon","coordinates":[[[105.992338,9.658062],[106.000699,9.657433],[106.001267,9.658612],[106.00862,9.656444],[106.007272,9.650879],[106.026676,9.650131],[106.026525,9.646732],[106.022164,9.643582],[106.022135,9.639783],[106.01932,9.634335],[106.041094,9.630714],[106.035238,9.619786],[106.024798,9.606338],[106.023697,9.605139],[106.020086,9.609093],[105.979532,9.605673],[105.968336,9.607829],[105.963801,9.614216],[105.961395,9.614836],[105.959735,9.61125],[105.961758,9.607176],[105.958115,9.603651],[105.954638,9.60461],[105.950616,9.600981],[105.950788,9.599037],[105.94279,9.59921],[105.940376,9.60273],[105.941594,9.603767],[105.939346,9.608256],[105.953697,9.631874],[105.952851,9.632954],[105.954584,9.636099],[105.953125,9.636945],[105.95948,9.642732],[105.966017,9.640466],[105.967139,9.632892],[105.972385,9.631107],[105.981615,9.647034],[105.979795,9.650373],[105.981062,9.655904],[105.985923,9.656495],[105.989494,9.660735],[105.992338,9.658062]]]}},{"type":"Feature","properties":{"code":"31228","name":"Phường Thuận Hưng","type":"Phường"},"geometry":{"type":"Polygon","coordinates":[[[105.55833,10.25478],[105.589427,10.215009],[105.601419,10.203069],[105.594119,10.198791],[105.600096,10.19189],[105.594646,10.186982],[105.593716,10.190342],[105.588626,10.189184],[105.587579,10.190523],[105.575674,10.190657],[105.572284,10.201648],[105.570325,10.201124],[105.564967,10.206062],[105.561256,10.206862],[105.558814,10.205184],[105.55802,10.206359],[105.55446,10.202477],[105.549691,10.208765],[105.545992,10.206553],[105.542722,10.215642],[105.544523,10.222476],[105.542191,10.225217],[105.538409,10.225081],[105.53917,10.2399],[105.531312,10.242848],[105.531821,10.246976],[105.535837,10.254021],[105.532431,10.262109],[105.53418,10.2699],[105.536726,10.272628],[105.54905,10.263054],[105.55833,10.25478]]]}},{"type":"Feature","properties":{"code":"31207","name":"Phường Thốt Nốt","type":"Phường"},"geometry":{"type":"Polygon","coordinates":[[[105.49687,10.324641],[105.516225,10.306097],[105.515393,10.300781],[105.516973,10.297056],[105.523822,10.286559],[105.536726,10.272628],[105.53418,10.2699],[105.532431,10.262456],[105.522837,10.266294],[105.520209,10.263318],[105.509182,10.269636],[105.505222,10.265305],[105.502726,10.265065],[105.499639,10.269385],[105.496896,10.269165],[105.495184,10.265843],[105.490927,10.276668],[105.490729,10.281127],[105.486063,10.282297],[105.483586,10.289745],[105.487951,10.291272],[105.48645,10.295954],[105.487454,10.297888],[105.481765,10.303365],[105.478169,10.304829],[105.478273,10.303583],[105.47362,10.301412],[105.470595,10.305647],[105.484158,10.316127],[105.48722,10.323815],[105.49687,10.324641]]]}},{"type":"Feature","properties":{"code":"31174","name":"Phường Thới An Đông","type":"Phường"},"geometry":{"type":"Polygon","coordinates":[[[105.70968,10.117472],[105.735385,10.097899],[105.729744,10.08897],[105.734672,10.08558],[105.726542,10.075018],[105.726604,10.081925],[105.724265,10.083024],[105.719038,10.081817],[105.705103,10.07314],[105.706086,10.071408],[105.704109,10.070103],[105.710985,10.055426],[105.708616,10.053789],[105.682055,10.057157],[105.681091,10.053363],[105.673931,10.052734],[105.672781,10.056636],[105.671126,10.056621],[105.670728,10.061336],[105.672669,10.067755],[105.665484,10.074485],[105.667259,10.083562],[105.677146,10.079721],[105.692999,10.087172],[105.695356,10.091004],[105.704542,10.0974],[105.701644,10.099836],[105.701378,10.102792],[105.703019,10.104858],[105.701762,10.109057],[105.70968,10.117472]]]}},{"type":"Feature","properties":{"code":"31157","name":"Phường Thới Long","type":"Phường"},"geometry":{"type":"Polygon","coordinates":[[[105.549691,10.208765],[105.55446,10.202477],[105.55802,10.206359],[105.558814,10.205184],[105.561256,10.206862],[105.564967,10.206062],[105.570325,10.201124],[105.572284,10.201648],[105.575674,10.190657],[105.587579,10.190523],[105.588626,10.189184],[105.593716,10.190342],[105.594646,10.186982],[105.600096,10.19189],[105.594119,10.198791],[105.601419,10.203069],[105.615525,10.190008],[105.622984,10.186896],[105.626676,10.187089],[105.636647,10.174795],[105.630206,10.17049],[105.630144,10.165381],[105.62404,10.163688],[105.618781,10.15755],[105.608539,10.152169],[105.606394,10.148926],[105.607833,10.14677],[105.598373,10.140839],[105.591582,10.13293],[105.596549,10.128258],[105.587895,10.122539],[105.536507,10.171892],[105.539308,10.173952],[105.538506,10.177265],[105.541521,10.180927],[105.545064,10.195401],[105.545992,10.206553],[105.549691,10.208765]]]}},{"type":"Feature","properties":{"code":"31217","name":"Phường Trung Nhứt","type":"Phường"},"geometry":{"type":"Polygon","coordinates":[[[105.509182,10.269636],[105.520434,10.263288],[105.522524,10.266212],[105.525538,10.26577],[105.532431,10.262456],[105.535843,10.254095],[105.531821,10.246976],[105.531312,10.242848],[105.53917,10.2399],[105.538248,10.224138],[105.534471,10.222022],[105.526046,10.223285],[105.515254,10.208574],[105.503136,10.204099],[105.494349,10.202798],[105.489739,10.196295],[105.48658,10.198689],[105.482577,10.197511],[105.478756,10.202494],[105.481055,10.20301],[105.482697,10.205692],[105.478557,10.207924],[105.479817,10.211098],[105.476892,10.214065],[105.47908,10.214717],[105.477859,10.215975],[105.478697,10.217666],[105.482237,10.217638],[105.487188,10.227868],[105.485999,10.230338],[105.488176,10.229865],[105.48928,10.233699],[105.498416,10.233802],[105.497187,10.235329],[105.498539,10.261455],[105.493953,10.261067],[105.496896,10.269165],[105.499941,10.269241],[105.502726,10.265065],[105.506441,10.265843],[105.509182,10.269636]]]}},{"type":"Feature","properties":{"code":"31147","name":"Phường Tân An","type":"Phường"},"geometry":{"type":"Polygon","coordinates":[[[105.758178,10.043705],[105.762012,10.044852],[105.769247,10.03854],[105.762175,10.029732],[105.766359,10.025478],[105.766329,10.023213],[105.768028,10.025169],[105.771441,10.020743],[105.774177,10.019942],[105.772003,10.012255],[105.764565,10.006171],[105.756051,10.008578],[105.751439,10.015215],[105.751999,10.024768],[105.748852,10.03027],[105.743817,10.032496],[105.75252,10.046216],[105.758178,10.043705]]]}},{"type":"Feature","properties":{"code":"31213","name":"Phường Tân Lộc","type":"Phường"},"geometry":{"type":"Polygon","coordinates":[[[105.626676,10.187089],[105.615525,10.190008],[105.60608,10.198384],[105.589427,10.215009],[105.577789,10.231613],[105.55833,10.25478],[105.53666,10.272686],[105.527566,10.282141],[105.516973,10.297056],[105.515393,10.300781],[105.516225,10.306097],[105.544914,10.290454],[105.571122,10.267632],[105.599762,10.239156],[105.615462,10.215966],[105.626676,10.187089]]]}},{"type":"Feature","properties":{"code":"31783","name":"Phường Vĩnh Châu","type":"Phường"},"geometry":{"type":"Polygon","coordinates":[[[106.085977,9.40418],[106.095249,9.406473],[106.096655,9.395293],[106.091492,9.380326],[106.096812,9.381204],[106.097962,9.366328],[106.092564,9.364594],[106.0918,9.36294],[106.094485,9.360969],[106.095755,9.350951],[106.085088,9.348689],[106.083582,9.350924],[106.077223,9.349209],[106.078887,9.340608],[106.07753,9.340345],[106.07726,9.335846],[106.078633,9.325275],[106.076202,9.324498],[106.074491,9.328284],[106.075241,9.325171],[106.057633,9.317844],[106.055897,9.321579],[106.056698,9.317761],[106.052317,9.315486],[106.050605,9.320737],[106.049481,9.318794],[106.051497,9.315259],[106.038637,9.310138],[106.037152,9.313968],[106.036663,9.309687],[106.029385,9.305944],[106.02774,9.31477],[106.026358,9.313444],[106.028399,9.311186],[106.027293,9.305053],[106.024586,9.306191],[106.02367,9.303819],[106.021387,9.305787],[106.020918,9.303484],[106.014931,9.302162],[106.013743,9.310194],[106.009839,9.307369],[106.013164,9.307713],[106.014359,9.302349],[106.01319,9.304117],[106.011621,9.301048],[106.009986,9.302106],[106.006798,9.299807],[106.005409,9.301146],[106.004477,9.298655],[105.998087,9.298855],[105.993567,9.295926],[105.977759,9.292522],[105.969541,9.326732],[105.972627,9.354025],[105.984103,9.355035],[105.996569,9.360659],[106.003785,9.361998],[106.014989,9.381676],[106.02188,9.383086],[106.024037,9.380846],[106.028184,9.38129],[106.028949,9.37983],[106.030157,9.382346],[106.031561,9.380752],[106.033242,9.382014],[106.033666,9.384445],[106.037246,9.381374],[106.039878,9.383925],[106.04141,9.381666],[106.042857,9.38426],[106.041169,9.385275],[106.045185,9.388962],[106.050625,9.390312],[106.052705,9.388931],[106.054654,9.39122],[106.056067,9.389745],[106.062273,9.391799],[106.061917,9.394717],[106.059514,9.394806],[106.060557,9.396942],[106.059173,9.398774],[106.05966,9.401471],[106.063052,9.403776],[106.068642,9.403098],[106.070765,9.405584],[106.073158,9.403695],[106.07683,9.405526],[106.077715,9.403674],[106.082647,9.403778],[106.082749,9.406647],[106.085056,9.408007],[106.085977,9.40418]]]}},{"type":"Feature","properties":{"code":"31804","name":"Phường Vĩnh Phước","type":"Phường"},"geometry":{"type":"Polygon","coordinates":[[[105.912069,9.37473],[105.925143,9.374348],[105.92456,9.371629],[105.92674,9.372948],[105.925767,9.370272],[105.927608,9.368954],[105.927875,9.363188],[105.93085,9.360466],[105.930451,9.357732],[105.932566,9.357436],[105.934023,9.353504],[105.931829,9.34658],[105.935867,9.342774],[105.93845,9.343456],[105.939957,9.34104],[105.941277,9.343562],[105.947295,9.343457],[105.946671,9.34067],[105.949226,9.340681],[105.951049,9.33826],[105.952666,9.338965],[105.952935,9.33659],[105.962203,9.341265],[105.971234,9.341514],[105.969541,9.326732],[105.976205,9.293019],[105.972724,9.289901],[105.963958,9.286652],[105.959279,9.288588],[105.955777,9.286272],[105.952844,9.286596],[105.951683,9.284876],[105.946604,9.283947],[105.945341,9.285841],[105.942304,9.285159],[105.940434,9.281635],[105.932219,9.281369],[105.93168,9.282483],[105.931844,9.280796],[105.924952,9.277533],[105.923612,9.278425],[105.919427,9.275825],[105.912944,9.276473],[105.904992,9.271516],[105.900898,9.271794],[105.902287,9.272872],[105.900411,9.273365],[105.9005,9.27057],[105.898022,9.269236],[105.892806,9.269925],[105.894278,9.270813],[105.893165,9.271121],[105.882663,9.265389],[105.875933,9.280997],[105.874073,9.292363],[105.869958,9.292418],[105.865492,9.30649],[105.864631,9.314719],[105.846555,9.354116],[105.856783,9.360568],[105.8639,9.357412],[105.866368,9.353548],[105.868692,9.352903],[105.872669,9.355877],[105.883466,9.359622],[105.891168,9.367178],[105.897843,9.368142],[105.912069,9.37473]]]}},{"type":"Feature","properties":{"code":"31321","name":"Phường Vị Thanh","type":"Phường"},"geometry":{"type":"Polygon","coordinates":[[[105.466687,9.784004],[105.489245,9.777423],[105.488093,9.766943],[105.483414,9.749565],[105.483835,9.74404],[105.47013,9.744686],[105.468371,9.741925],[105.460144,9.737475],[105.451764,9.743747],[105.453603,9.757431],[105.439994,9.750611],[105.432828,9.749591],[105.424923,9.745561],[105.415304,9.74466],[105.415572,9.748896],[105.413112,9.750883],[105.415225,9.754766],[105.456072,9.774946],[105.466687,9.784004]]]}},{"type":"Feature","properties":{"code":"31333","name":"Phường Vị Tân","type":"Phường"},"geometry":{"type":"Polygon","coordinates":[[[105.460783,9.825455],[105.4644,9.810392],[105.471524,9.812549],[105.477058,9.817976],[105.48091,9.818779],[105.482629,9.812822],[105.481486,9.808838],[105.483935,9.804089],[105.487737,9.802271],[105.494089,9.807784],[105.498505,9.801712],[105.502952,9.79864],[105.501113,9.790661],[105.495831,9.791679],[105.49459,9.784029],[105.491441,9.78396],[105.489245,9.777423],[105.466687,9.784004],[105.456637,9.775261],[105.415225,9.754766],[105.413199,9.760813],[105.407272,9.75948],[105.405152,9.77007],[105.414504,9.770939],[105.413802,9.772481],[105.409314,9.772084],[105.410893,9.777299],[105.416042,9.77333],[105.416854,9.775196],[105.413839,9.778913],[105.419115,9.777308],[105.417482,9.782877],[105.421712,9.778345],[105.422348,9.785274],[105.424922,9.782897],[105.426727,9.783182],[105.427848,9.784894],[105.425535,9.787012],[105.428675,9.789478],[105.431067,9.788431],[105.431301,9.790968],[105.43351,9.790247],[105.435261,9.793279],[105.437357,9.792753],[105.433965,9.796127],[105.430899,9.816193],[105.454271,9.822163],[105.460783,9.825455]]]}},{"type":"Feature","properties":{"code":"31153","name":"Phường Ô Môn","type":"Phường"},"geometry":{"type":"Polygon","coordinates":[[[105.636647,10.174795],[105.657488,10.151517],[105.666343,10.144723],[105.659938,10.135795],[105.664587,10.132689],[105.660536,10.129419],[105.659891,10.124282],[105.65636,10.124011],[105.649311,10.117096],[105.650552,10.115709],[105.649394,10.1136],[105.646376,10.112387],[105.653039,10.110492],[105.651901,10.101569],[105.644794,10.099234],[105.644575,10.100217],[105.642814,10.097936],[105.63945,10.099741],[105.635446,10.095954],[105.631847,10.095262],[105.632877,10.09143],[105.627692,10.090894],[105.630068,10.081352],[105.625951,10.08295],[105.625923,10.08432],[105.620902,10.083536],[105.61691,10.078663],[105.612356,10.080418],[105.60607,10.078493],[105.599529,10.088882],[105.593281,10.087219],[105.59015,10.087964],[105.595169,10.093922],[105.593917,10.099085],[105.586411,10.115294],[105.581819,10.112121],[105.578981,10.116067],[105.596549,10.128258],[105.591582,10.13293],[105.59764,10.140122],[105.607833,10.14677],[105.606394,10.148926],[105.608829,10.152405],[105.618781,10.15755],[105.62404,10.163688],[105.630144,10.165381],[105.630206,10.17049],[105.636647,10.174795]]]}},{"type":"Feature","properties":{"code":"31411","name":"Phường Đại Thành","type":"Phường"},"geometry":{"type":"Polygon","coordinates":[[[105.824985,9.881364],[105.825638,9.882561],[105.830195,9.880514],[105.828297,9.87494],[105.838274,9.872695],[105.847584,9.872639],[105.848003,9.869361],[105.852045,9.868249],[105.85836,9.869328],[105.858668,9.866378],[105.861149,9.866467],[105.861875,9.869538],[105.864626,9.871163],[105.867116,9.870545],[105.863358,9.852533],[105.861001,9.853246],[105.856125,9.840967],[105.84852,9.807217],[105.855313,9.805471],[105.853438,9.801331],[105.832519,9.80667],[105.832619,9.813524],[105.818331,9.829903],[105.806987,9.827439],[105.811631,9.821021],[105.808141,9.817117],[105.805221,9.81663],[105.797693,9.82409],[105.781229,9.824169],[105.77887,9.826323],[105.779195,9.829216],[105.77027,9.825457],[105.767648,9.830219],[105.766516,9.833628],[105.768611,9.850382],[105.774561,9.849821],[105.774343,9.851255],[105.780766,9.855237],[105.788973,9.857174],[105.790671,9.858893],[105.789666,9.860276],[105.796058,9.868822],[105.797637,9.866395],[105.800902,9.866563],[105.810184,9.862681],[105.811967,9.87622],[105.810623,9.876619],[105.810349,9.88037],[105.816473,9.882639],[105.824985,9.881364]]]}},{"type":"Feature","properties":{"code":"31531","name":"Xã An Lạc Thôn","type":"Xã"},"geometry":{"type":"Polygon","coordinates":[[[105.905902,9.932992],[105.927805,9.906929],[105.95362,9.885406],[105.954707,9.880027],[105.962496,9.871947],[105.957507,9.865906],[105.953817,9.864514],[105.952111,9.853254],[105.958184,9.84816],[105.964823,9.847234],[105.96542,9.842777],[105.962754,9.840292],[105.945243,9.837175],[105.943948,9.832238],[105.947481,9.822121],[105.936113,9.820043],[105.937296,9.816088],[105.930203,9.814669],[105.930816,9.813244],[105.925797,9.811124],[105.925696,9.812756],[105.923761,9.813237],[105.92434,9.812225],[105.922372,9.811793],[105.915349,9.811923],[105.914744,9.820162],[105.916752,9.821305],[105.915548,9.82817],[105.911971,9.835345],[105.912688,9.839254],[105.908497,9.842969],[105.899647,9.84628],[105.898632,9.853737],[105.894957,9.857297],[105.883027,9.854179],[105.884822,9.851402],[105.878533,9.850568],[105.875416,9.845748],[105.873906,9.84622],[105.872526,9.844381],[105.87344,9.843158],[105.871726,9.840656],[105.857815,9.844997],[105.861001,9.853246],[105.863358,9.852533],[105.867686,9.873249],[105.869755,9.875216],[105.868482,9.877081],[105.869085,9.880505],[105.871423,9.880819],[105.871321,9.88317],[105.868682,9.884812],[105.871901,9.890096],[105.868695,9.891126],[105.873705,9.899745],[105.871382,9.90197],[105.874873,9.90528],[105.872702,9.909059],[105.875497,9.911751],[105.873205,9.913327],[105.875372,9.914487],[105.875624,9.916593],[105.880742,9.91858],[105.880885,9.923079],[105.883739,9.924537],[105.883133,9.927849],[105.891008,9.929504],[105.89675,9.938044],[105.905902,9.932992]]]}},{"type":"Feature","properties":{"code":"31594","name":"Xã An Ninh","type":"Xã"},"geometry":{"type":"Polygon","coordinates":[[[105.916908,9.652831],[105.918619,9.664519],[105.921911,9.668088],[105.924181,9.665675],[105.926052,9.666084],[105.926014,9.668435],[105.932516,9.663543],[105.938144,9.662371],[105.952434,9.654781],[105.958358,9.652496],[105.960227,9.654441],[105.964786,9.648154],[105.977766,9.642103],[105.972385,9.631107],[105.967139,9.632892],[105.966017,9.640466],[105.95948,9.642732],[105.953125,9.636945],[105.954584,9.636099],[105.952851,9.632954],[105.953697,9.631874],[105.939346,9.608256],[105.94278,9.599116],[105.934975,9.590827],[105.929166,9.594956],[105.926362,9.588957],[105.906239,9.595364],[105.903055,9.59365],[105.90301,9.595733],[105.898184,9.599719],[105.890588,9.594947],[105.867926,9.608666],[105.868662,9.612202],[105.866546,9.612967],[105.868693,9.618217],[105.860736,9.623197],[105.867814,9.635705],[105.862498,9.642103],[105.866162,9.646563],[105.868724,9.654592],[105.875102,9.657608],[105.882685,9.663963],[105.886319,9.672598],[105.897108,9.66466],[105.910416,9.65949],[105.916908,9.652831]]]}},{"type":"Feature","properties":{"code":"31615","name":"Xã An Thạnh","type":"Xã"},"geometry":{"type":"Polygon","coordinates":[[[106.110711,9.751495],[106.126777,9.732494],[106.1713,9.687225],[106.249745,9.615079],[106.232889,9.600395],[106.227579,9.599677],[106.197844,9.625996],[106.184246,9.644883],[106.164703,9.662061],[106.154647,9.654769],[106.149768,9.657429],[106.146972,9.656032],[106.140446,9.658225],[106.13731,9.653434],[106.136322,9.641461],[106.124419,9.652594],[106.113507,9.669569],[106.093217,9.717732],[106.075874,9.748988],[106.073468,9.774423],[106.09465,9.763872],[106.110711,9.751495]]]}},{"type":"Feature","properties":{"code":"31366","name":"Xã Châu Thành","type":"Xã"},"geometry":{"type":"Polygon","coordinates":[[[105.795428,9.933812],[105.785862,9.936851],[105.788431,9.939719],[105.787762,9.941069],[105.795043,9.943432],[105.795789,9.941858],[105.797629,9.942572],[105.797817,9.946313],[105.802071,9.948791],[105.803206,9.947232],[105.804958,9.94844],[105.802319,9.95132],[105.805836,9.955599],[105.80686,9.954819],[105.811442,9.963761],[105.81903,9.96529],[105.830901,9.975687],[105.838613,9.978458],[105.84408,9.982462],[105.869358,9.958383],[105.89675,9.938044],[105.891008,9.929504],[105.883133,9.927849],[105.883739,9.924537],[105.880207,9.921606],[105.875399,9.92329],[105.873429,9.921365],[105.869443,9.92254],[105.868372,9.920333],[105.866438,9.920311],[105.862519,9.929277],[105.859434,9.927583],[105.837919,9.946928],[105.830801,9.937315],[105.81828,9.927685],[105.815782,9.921827],[105.816814,9.918944],[105.823394,9.916562],[105.821021,9.9086],[105.816522,9.908844],[105.814011,9.902446],[105.808104,9.904383],[105.806686,9.907847],[105.790534,9.904503],[105.789811,9.912851],[105.785416,9.919662],[105.791208,9.921989],[105.791064,9.925676],[105.795428,9.933812]]]}},{"type":"Feature","properties":{"code":"31633","name":"Xã Cù Lao Dung","type":"Xã"},"geometry":{"type":"Polygon","coordinates":[[[106.164703,9.662061],[106.184246,9.644883],[106.197844,9.625996],[106.226603,9.600061],[106.232646,9.600229],[106.249745,9.615079],[106.273347,9.603662],[106.298168,9.58847],[106.289469,9.579066],[106.293219,9.575461],[106.292644,9.563711],[106.287995,9.545858],[106.277789,9.52201],[106.273312,9.517576],[106.265926,9.505359],[106.248533,9.492579],[106.236594,9.48999],[106.233641,9.493099],[106.227461,9.50898],[106.219458,9.505522],[106.188554,9.572047],[106.173775,9.592605],[106.153526,9.616566],[106.136322,9.641461],[106.13731,9.653434],[106.140446,9.658225],[106.146972,9.656032],[106.149768,9.657429],[106.154647,9.654769],[106.164703,9.662061]]]}},{"type":"Feature","properties":{"code":"31261","name":"Xã Cờ Đỏ","type":"Xã"},"geometry":{"type":"Polygon","coordinates":[[[105.432078,10.113005],[105.450647,10.103958],[105.442913,10.094196],[105.441558,10.085731],[105.445302,10.084767],[105.441534,10.078943],[105.449187,10.065903],[105.42976,10.03172],[105.417943,10.025211],[105.36447,10.073338],[105.419607,10.093182],[105.417885,10.101483],[105.430426,10.10748],[105.429649,10.110927],[105.432078,10.113005]]]}},{"type":"Feature","properties":{"code":"31726","name":"Xã Gia Hòa","type":"Xã"},"geometry":{"type":"Polygon","coordinates":[[[105.813606,9.493026],[105.816162,9.491835],[105.816613,9.488467],[105.815275,9.488168],[105.818514,9.470999],[105.821212,9.467378],[105.818989,9.465986],[105.820103,9.46452],[105.81885,9.462341],[105.81963,9.459729],[105.821485,9.460247],[105.822668,9.457598],[105.82087,9.452391],[105.824666,9.450942],[105.823325,9.448686],[105.819956,9.44832],[105.822669,9.445588],[105.820707,9.440472],[105.82222,9.439784],[105.824221,9.44128],[105.824552,9.437891],[105.828348,9.438047],[105.834491,9.445236],[105.834196,9.446941],[105.836797,9.446265],[105.836883,9.450026],[105.83988,9.45153],[105.842633,9.450881],[105.839864,9.439852],[105.846608,9.433597],[105.836068,9.427803],[105.839205,9.403217],[105.837192,9.400976],[105.830872,9.400624],[105.831813,9.39884],[105.835271,9.39919],[105.832964,9.39193],[105.82848,9.390305],[105.826903,9.392408],[105.820838,9.393965],[105.822255,9.385566],[105.819057,9.378963],[105.813497,9.376839],[105.814566,9.374376],[105.817902,9.373089],[105.817643,9.370844],[105.81574,9.370137],[105.809224,9.371372],[105.805679,9.37606],[105.79883,9.374496],[105.796216,9.377291],[105.792797,9.377327],[105.790024,9.380359],[105.790351,9.384138],[105.785518,9.382745],[105.784396,9.385863],[105.777999,9.390531],[105.778631,9.392827],[105.777226,9.393299],[105.783775,9.399984],[105.786398,9.40062],[105.785936,9.402868],[105.781574,9.407502],[105.776326,9.40493],[105.771896,9.411372],[105.76898,9.409062],[105.767623,9.410013],[105.766148,9.41417],[105.771706,9.420398],[105.766678,9.424707],[105.764119,9.422288],[105.763093,9.425853],[105.755085,9.428847],[105.753434,9.433513],[105.75514,9.437376],[105.757632,9.438055],[105.756844,9.440768],[105.761984,9.442581],[105.761761,9.444521],[105.763039,9.444784],[105.760596,9.452443],[105.76245,9.452409],[105.761943,9.456468],[105.765673,9.45579],[105.764427,9.460022],[105.770206,9.460309],[105.770209,9.461852],[105.77224,9.460188],[105.774491,9.460549],[105.773296,9.464314],[105.775463,9.464467],[105.773103,9.465549],[105.774851,9.465641],[105.775608,9.467547],[105.776768,9.476692],[105.778508,9.476502],[105.778264,9.483308],[105.813606,9.493026]]]}},{"type":"Feature","properties":{"code":"31396","name":"Xã Hiệp Hưng","type":"Xã"},"geometry":{"type":"Polygon","coordinates":[[[105.773729,9.797296],[105.776003,9.793381],[105.778858,9.795145],[105.779384,9.794185],[105.799195,9.801188],[105.772576,9.743482],[105.761379,9.737049],[105.760447,9.738508],[105.735889,9.723364],[105.737542,9.72065],[105.72697,9.71462],[105.707159,9.751041],[105.682889,9.776876],[105.720441,9.801022],[105.725418,9.793349],[105.735908,9.80007],[105.748782,9.804756],[105.767854,9.807234],[105.766628,9.799252],[105.773729,9.797296]]]}},{"type":"Feature","properties":{"code":"31393","name":"Xã Hòa An","type":"Xã"},"geometry":{"type":"Polygon","coordinates":[[[105.694527,9.764357],[105.678997,9.757036],[105.67327,9.759115],[105.666712,9.756408],[105.66438,9.757371],[105.66285,9.755715],[105.663284,9.752039],[105.656874,9.751018],[105.652745,9.747033],[105.649032,9.748109],[105.649266,9.755846],[105.641451,9.756154],[105.641526,9.754613],[105.637534,9.754298],[105.61507,9.739988],[105.611629,9.742302],[105.611788,9.745834],[105.608733,9.751906],[105.602594,9.753426],[105.594435,9.751431],[105.59098,9.753067],[105.590106,9.755685],[105.592524,9.758624],[105.594985,9.768527],[105.589117,9.776653],[105.626011,9.83383],[105.649167,9.812678],[105.694527,9.764357]]]}},{"type":"Feature","properties":{"code":"31717","name":"Xã Hòa Tú","type":"Xã"},"geometry":{"type":"Polygon","coordinates":[[[105.888424,9.485225],[105.901009,9.482103],[105.905107,9.476789],[105.908324,9.477923],[105.910549,9.481415],[105.913263,9.480058],[105.911493,9.477798],[105.914227,9.476485],[105.913464,9.471781],[105.915502,9.470413],[105.912903,9.463803],[105.90999,9.464302],[105.903287,9.450745],[105.906546,9.446416],[105.911178,9.447531],[105.914291,9.439458],[105.913892,9.436407],[105.916418,9.43426],[105.916623,9.429646],[105.90601,9.427581],[105.904537,9.42583],[105.908759,9.421445],[105.90723,9.417511],[105.904336,9.415909],[105.904948,9.412927],[105.902962,9.409602],[105.912327,9.395106],[105.917726,9.393722],[105.927566,9.386475],[105.929916,9.388233],[105.932309,9.385344],[105.923699,9.375048],[105.912242,9.374776],[105.897843,9.368142],[105.891209,9.367195],[105.882414,9.358986],[105.867408,9.352876],[105.864225,9.357188],[105.858876,9.35979],[105.860432,9.364524],[105.856986,9.366674],[105.857254,9.372716],[105.854062,9.375632],[105.8529,9.380412],[105.857143,9.382635],[105.85532,9.384843],[105.859166,9.401133],[105.866167,9.412122],[105.865575,9.41592],[105.873594,9.423751],[105.873316,9.427139],[105.877327,9.429498],[105.875964,9.431181],[105.880076,9.439188],[105.884081,9.440526],[105.874488,9.454399],[105.869489,9.458413],[105.868056,9.463966],[105.864019,9.470081],[105.861225,9.471331],[105.861813,9.47487],[105.869676,9.477106],[105.877502,9.483452],[105.888424,9.485225]]]}},{"type":"Feature","properties":{"code":"31338","name":"Xã Hỏa Lựu","type":"Xã"},"geometry":{"type":"Polygon","coordinates":[[[105.453603,9.757431],[105.451764,9.743747],[105.459292,9.738353],[105.45748,9.733305],[105.460126,9.730964],[105.460326,9.728696],[105.453272,9.713258],[105.450776,9.711801],[105.445441,9.713008],[105.442852,9.710963],[105.443411,9.703664],[105.44131,9.701621],[105.435269,9.702358],[105.433722,9.708809],[105.430431,9.709759],[105.42611,9.706905],[105.426106,9.704368],[105.429431,9.699306],[105.425808,9.695161],[105.421958,9.694764],[105.415422,9.699395],[105.410691,9.699731],[105.407402,9.696878],[105.406947,9.690418],[105.401505,9.689515],[105.399373,9.69197],[105.401286,9.698812],[105.398564,9.701424],[105.395622,9.701595],[105.389635,9.696911],[105.381201,9.683065],[105.378863,9.684192],[105.377971,9.691125],[105.375472,9.69295],[105.365023,9.686462],[105.355752,9.684607],[105.352594,9.685187],[105.349208,9.689819],[105.347115,9.690171],[105.345798,9.688115],[105.346208,9.681605],[105.342274,9.679729],[105.338804,9.680688],[105.337427,9.688641],[105.334336,9.68986],[105.333352,9.694205],[105.328098,9.698933],[105.329855,9.702201],[105.339164,9.703765],[105.356754,9.712558],[105.37006,9.727983],[105.376779,9.732322],[105.389983,9.735358],[105.392722,9.738585],[105.393675,9.744786],[105.403517,9.750471],[105.409474,9.747764],[105.413112,9.750883],[105.415221,9.749833],[105.415304,9.74466],[105.416596,9.744186],[105.439545,9.750447],[105.453603,9.757431]]]}},{"type":"Feature","properties":{"code":"31570","name":"Xã Hồ Đắc Kiện","type":"Xã"},"geometry":{"type":"Polygon","coordinates":[[[105.863668,9.752086],[105.865115,9.75003],[105.875526,9.751152],[105.876,9.745908],[105.888391,9.74643],[105.899067,9.744744],[105.897182,9.737099],[105.902633,9.734628],[105.901198,9.727021],[105.903789,9.726002],[105.892909,9.711042],[105.891244,9.7004],[105.867614,9.68059],[105.874577,9.677788],[105.876891,9.67844],[105.879064,9.6759],[105.886319,9.672598],[105.882685,9.663963],[105.875102,9.657608],[105.868724,9.654592],[105.867635,9.652313],[105.850979,9.656242],[105.841578,9.654012],[105.838469,9.662214],[105.831813,9.660308],[105.829188,9.657148],[105.828122,9.66786],[105.823476,9.667573],[105.823495,9.67146],[105.825399,9.674228],[105.828235,9.671121],[105.831263,9.690046],[105.827016,9.691675],[105.829255,9.705444],[105.840244,9.701764],[105.84146,9.702086],[105.839228,9.704585],[105.839986,9.705448],[105.799124,9.71999],[105.800149,9.722036],[105.838735,9.744816],[105.843423,9.748793],[105.843547,9.752157],[105.863668,9.752086]]]}},{"type":"Feature","properties":{"code":"31528","name":"Xã Kế Sách","type":"Xã"},"geometry":{"type":"Polygon","coordinates":[[[105.937646,9.816159],[105.941968,9.801706],[105.950043,9.8013],[105.955738,9.803447],[105.961071,9.799154],[105.962374,9.797287],[105.960715,9.792696],[105.963673,9.786963],[105.96516,9.78676],[105.966416,9.781049],[105.9744,9.78139],[105.97435,9.779727],[105.982189,9.77913],[105.998432,9.779956],[106.000855,9.770726],[105.999177,9.767501],[106.001592,9.753976],[105.998941,9.752805],[105.996851,9.758162],[105.994246,9.760292],[105.988748,9.756186],[105.981905,9.755491],[105.973215,9.736971],[105.970048,9.739809],[105.964709,9.740037],[105.95015,9.740023],[105.94615,9.735764],[105.931322,9.736422],[105.927124,9.738066],[105.924609,9.737721],[105.924251,9.734643],[105.921689,9.736639],[105.913876,9.737222],[105.907988,9.746382],[105.901553,9.751976],[105.910057,9.786699],[105.908465,9.789133],[105.909733,9.809461],[105.9141,9.811713],[105.92434,9.812225],[105.923761,9.813237],[105.925696,9.812756],[105.925797,9.811124],[105.930816,9.813244],[105.930203,9.814669],[105.937646,9.816159]]]}},{"type":"Feature","properties":{"code":"31810","name":"Xã Lai Hòa","type":"Xã"},"geometry":{"type":"Polygon","coordinates":[[[105.869947,9.292444],[105.874073,9.292363],[105.875933,9.280997],[105.881163,9.266828],[105.879309,9.265234],[105.880168,9.264542],[105.874947,9.264115],[105.86879,9.260049],[105.864639,9.260782],[105.863083,9.258579],[105.861944,9.259482],[105.860403,9.257437],[105.85987,9.258836],[105.853278,9.254147],[105.846426,9.253085],[105.827273,9.245159],[105.81916,9.272574],[105.823686,9.274719],[105.825661,9.278045],[105.811974,9.339288],[105.829452,9.348276],[105.846555,9.354116],[105.864631,9.314719],[105.865492,9.30649],[105.869947,9.292444]]]}},{"type":"Feature","properties":{"code":"31675","name":"Xã Liêu Tú","type":"Xã"},"geometry":{"type":"Polygon","coordinates":[[[106.1278,9.53874],[106.136259,9.539658],[106.137359,9.533813],[106.129371,9.522984],[106.130497,9.513761],[106.128645,9.513683],[106.129319,9.507348],[106.127975,9.507318],[106.127307,9.492693],[106.12866,9.492619],[106.129226,9.489384],[106.132136,9.489313],[106.131093,9.45907],[106.133044,9.431609],[106.130941,9.431339],[106.127946,9.422017],[106.133491,9.418692],[106.130712,9.415485],[106.13056,9.412811],[106.113523,9.423626],[106.107267,9.431594],[106.090091,9.437842],[106.082655,9.44347],[106.07135,9.448003],[106.064678,9.452952],[106.058788,9.45333],[106.048713,9.448521],[106.046372,9.456929],[106.050066,9.465092],[106.054797,9.466007],[106.056498,9.473235],[106.055274,9.47693],[106.046151,9.479568],[106.051673,9.483656],[106.048816,9.484335],[106.04541,9.489595],[106.053237,9.493608],[106.065507,9.494568],[106.065811,9.492959],[106.067763,9.492943],[106.067671,9.494413],[106.077412,9.494211],[106.091701,9.541465],[106.1098,9.547519],[106.110242,9.541792],[106.1278,9.53874]]]}},{"type":"Feature","properties":{"code":"31579","name":"Xã Long Hưng","type":"Xã"},"geometry":{"type":"Polygon","coordinates":[[[105.799157,9.719536],[105.839986,9.705448],[105.839228,9.704585],[105.84146,9.702086],[105.829255,9.705444],[105.827016,9.691675],[105.831263,9.690046],[105.828235,9.671121],[105.825399,9.674228],[105.816119,9.661057],[105.819411,9.652416],[105.816695,9.6494],[105.81478,9.648798],[105.813515,9.650672],[105.79988,9.653327],[105.798573,9.655901],[105.73817,9.657169],[105.741915,9.646044],[105.675319,9.624652],[105.672187,9.630483],[105.669327,9.631938],[105.66901,9.633226],[105.697092,9.659791],[105.777703,9.710559],[105.779727,9.709734],[105.800038,9.721799],[105.799157,9.719536]]]}},{"type":"Feature","properties":{"code":"31639","name":"Xã Long Phú","type":"Xã"},"geometry":{"type":"Polygon","coordinates":[[[106.121367,9.656578],[106.137988,9.639522],[106.153526,9.616566],[106.183919,9.57911],[106.175042,9.574424],[106.151652,9.575887],[106.156281,9.567323],[106.138968,9.567528],[106.140286,9.560542],[106.132746,9.559263],[106.133895,9.552697],[106.111048,9.556971],[106.11127,9.548003],[106.091701,9.541465],[106.095362,9.553999],[106.091181,9.553805],[106.090484,9.556606],[106.085784,9.555351],[106.076452,9.563931],[106.073698,9.5643],[106.071774,9.566973],[106.0737,9.567886],[106.073706,9.571049],[106.070712,9.571688],[106.070234,9.573894],[106.065108,9.57408],[106.065227,9.578455],[106.063244,9.580868],[106.065647,9.581568],[106.066665,9.579893],[106.070048,9.582274],[106.070066,9.581251],[106.082236,9.581602],[106.082086,9.586369],[106.09821,9.588301],[106.100687,9.612717],[106.099015,9.613136],[106.09749,9.649803],[106.107706,9.650764],[106.121367,9.656578]]]}},{"type":"Feature","properties":{"code":"31759","name":"Xã Lâm Tân","type":"Xã"},"geometry":{"type":"Polygon","coordinates":[[[105.769584,9.556448],[105.775631,9.545669],[105.779922,9.542256],[105.78357,9.543159],[105.784261,9.547361],[105.787554,9.547857],[105.791584,9.544229],[105.792007,9.541967],[105.797362,9.541497],[105.798261,9.538384],[105.801405,9.538261],[105.806305,9.54156],[105.812542,9.542939],[105.819997,9.537839],[105.831325,9.535595],[105.833112,9.519354],[105.844771,9.510812],[105.848527,9.50481],[105.847863,9.502873],[105.838384,9.503892],[105.820839,9.501009],[105.8223,9.491303],[105.821832,9.489524],[105.819456,9.488995],[105.81944,9.484581],[105.816264,9.484044],[105.816162,9.491835],[105.813606,9.493026],[105.778264,9.483308],[105.778508,9.476502],[105.776768,9.476692],[105.775608,9.467547],[105.774851,9.465641],[105.773103,9.465549],[105.775463,9.464467],[105.773296,9.464314],[105.774491,9.460549],[105.77224,9.460188],[105.770209,9.461852],[105.770206,9.460309],[105.764427,9.460022],[105.765673,9.45579],[105.761943,9.456468],[105.76245,9.452409],[105.737376,9.452492],[105.724873,9.474415],[105.722846,9.473726],[105.717179,9.478622],[105.718407,9.481603],[105.713298,9.488798],[105.71266,9.493827],[105.725494,9.492149],[105.728947,9.49459],[105.728847,9.498379],[105.73378,9.500789],[105.731533,9.521682],[105.737885,9.523862],[105.738632,9.525734],[105.731864,9.548153],[105.769584,9.556448]]]}},{"type":"Feature","properties":{"code":"31492","name":"Xã Lương Tâm","type":"Xã"},"geometry":{"type":"Polygon","coordinates":[[[105.429553,9.660725],[105.43971,9.660282],[105.447493,9.647881],[105.457957,9.640275],[105.457751,9.637791],[105.45973,9.635276],[105.459017,9.632334],[105.462894,9.631869],[105.460634,9.630034],[105.461024,9.626225],[105.463234,9.627675],[105.464933,9.622341],[105.469031,9.618234],[105.476337,9.617249],[105.478519,9.614146],[105.481859,9.604249],[105.480364,9.584875],[105.47519,9.584878],[105.477624,9.59068],[105.470573,9.596971],[105.468995,9.595999],[105.46854,9.591538],[105.46222,9.586828],[105.456425,9.590317],[105.449683,9.586879],[105.446379,9.596839],[105.441148,9.594697],[105.43001,9.600847],[105.42877,9.595334],[105.422916,9.595561],[105.417952,9.592681],[105.416652,9.594848],[105.418012,9.599743],[105.41549,9.601783],[105.410536,9.597769],[105.398948,9.598213],[105.399623,9.593898],[105.395558,9.58821],[105.390244,9.590527],[105.383874,9.586121],[105.377663,9.586828],[105.377164,9.591873],[105.373695,9.596155],[105.374907,9.600109],[105.373951,9.610813],[105.376726,9.61613],[105.380229,9.617205],[105.381547,9.6197],[105.38833,9.621832],[105.390245,9.625848],[105.399378,9.621861],[105.399217,9.630964],[105.406934,9.643454],[105.406723,9.645035],[105.401728,9.6447],[105.401112,9.646456],[105.406513,9.650917],[105.412196,9.667208],[105.41499,9.667549],[105.420137,9.664011],[105.429553,9.660725]]]}},{"type":"Feature","properties":{"code":"31679","name":"Xã Lịch Hội Thượng","type":"Xã"},"geometry":{"type":"Polygon","coordinates":[[[106.144852,9.53405],[106.148805,9.502176],[106.163812,9.504634],[106.164699,9.49226],[106.173019,9.493868],[106.17498,9.472929],[106.159798,9.429949],[106.168941,9.423968],[106.148583,9.405107],[106.141801,9.401471],[106.138066,9.403239],[106.13056,9.412811],[106.133442,9.418994],[106.127946,9.422017],[106.130941,9.431339],[106.133044,9.431609],[106.131093,9.45907],[106.132136,9.489313],[106.129226,9.489384],[106.12866,9.492619],[106.127307,9.492693],[106.127975,9.507318],[106.129319,9.507348],[106.128645,9.513683],[106.130497,9.513761],[106.129371,9.522984],[106.136706,9.533803],[106.144852,9.53405]]]}},{"type":"Feature","properties":{"code":"31591","name":"Xã Mỹ Hương","type":"Xã"},"geometry":{"type":"Polygon","coordinates":[[[105.823684,9.667836],[105.828122,9.66786],[105.829188,9.657148],[105.831813,9.660308],[105.838469,9.662214],[105.841578,9.654012],[105.850979,9.656242],[105.867635,9.652313],[105.866187,9.646614],[105.862317,9.641176],[105.86522,9.640198],[105.86778,9.636459],[105.867192,9.632704],[105.860736,9.623197],[105.868693,9.618217],[105.866546,9.612967],[105.868662,9.612202],[105.867926,9.608666],[105.879011,9.601166],[105.890588,9.594947],[105.898184,9.599719],[105.90301,9.595733],[105.903055,9.59365],[105.906239,9.595364],[105.926362,9.588957],[105.929166,9.594956],[105.934975,9.590827],[105.942793,9.599171],[105.945398,9.595469],[105.936874,9.583993],[105.932356,9.588031],[105.927474,9.582817],[105.930046,9.580176],[105.924239,9.574792],[105.922691,9.575231],[105.921724,9.572371],[105.917052,9.571387],[105.917969,9.568194],[105.914981,9.564104],[105.895939,9.55135],[105.896507,9.549407],[105.890556,9.539486],[105.88754,9.527478],[105.873239,9.52384],[105.872719,9.526724],[105.8676,9.524151],[105.862423,9.524329],[105.861974,9.528325],[105.854238,9.527178],[105.842881,9.528677],[105.841716,9.534067],[105.842536,9.540078],[105.844762,9.540046],[105.849005,9.544632],[105.83231,9.541958],[105.831898,9.544756],[105.833357,9.54513],[105.832088,9.548374],[105.833241,9.548816],[105.831387,9.548866],[105.83095,9.5538],[105.8387,9.553905],[105.837678,9.564055],[105.826781,9.588804],[105.824412,9.585736],[105.818743,9.585696],[105.816841,9.594086],[105.814499,9.5962],[105.812388,9.602414],[105.814396,9.617557],[105.814198,9.633431],[105.821453,9.632183],[105.821236,9.635959],[105.816456,9.636517],[105.816791,9.642521],[105.818154,9.643858],[105.816864,9.649594],[105.819411,9.652416],[105.816119,9.661057],[105.823495,9.67146],[105.823684,9.667836]]]}},{"type":"Feature","properties":{"code":"31603","name":"Xã Mỹ Phước","type":"Xã"},"geometry":{"type":"Polygon","coordinates":[[[105.754604,9.610773],[105.75788,9.603889],[105.760921,9.604693],[105.785393,9.578436],[105.779675,9.574241],[105.780336,9.573167],[105.772452,9.564078],[105.774447,9.557144],[105.730649,9.54793],[105.702576,9.53866],[105.683601,9.5356],[105.676351,9.55972],[105.678841,9.561191],[105.675023,9.568267],[105.67848,9.615937],[105.674865,9.624626],[105.741915,9.646044],[105.744843,9.637051],[105.742327,9.629236],[105.751687,9.621751],[105.751493,9.613422],[105.754604,9.610773]]]}},{"type":"Feature","properties":{"code":"31567","name":"Xã Mỹ Tú","type":"Xã"},"geometry":{"type":"Polygon","coordinates":[[[105.73817,9.657169],[105.798573,9.655901],[105.79988,9.653327],[105.813515,9.650672],[105.81478,9.648798],[105.816864,9.649594],[105.818154,9.643858],[105.816791,9.642521],[105.816456,9.636517],[105.821236,9.635959],[105.821453,9.632183],[105.814198,9.633431],[105.812753,9.60012],[105.816841,9.594086],[105.818743,9.585696],[105.824412,9.585736],[105.826781,9.588804],[105.837678,9.564055],[105.8387,9.553905],[105.83095,9.5538],[105.831387,9.548866],[105.833241,9.548816],[105.832088,9.548374],[105.833357,9.54513],[105.831898,9.544756],[105.83231,9.541958],[105.849005,9.544632],[105.844762,9.540046],[105.842536,9.540078],[105.841716,9.534067],[105.842881,9.528677],[105.837818,9.527584],[105.835742,9.523271],[105.832814,9.522947],[105.831135,9.535698],[105.819997,9.537839],[105.812542,9.542939],[105.806305,9.54156],[105.801405,9.538261],[105.798261,9.538384],[105.797362,9.541497],[105.792007,9.541967],[105.791584,9.544229],[105.787554,9.547857],[105.784261,9.547361],[105.78357,9.543159],[105.779922,9.542256],[105.775631,9.545669],[105.77165,9.55197],[105.769584,9.556448],[105.774447,9.557144],[105.772452,9.564078],[105.780336,9.573167],[105.779675,9.574241],[105.785393,9.578436],[105.760921,9.604693],[105.75788,9.603889],[105.75566,9.606331],[105.754604,9.610773],[105.751493,9.613422],[105.751687,9.621751],[105.742327,9.629236],[105.744843,9.637051],[105.73817,9.657169]]]}},{"type":"Feature","properties":{"code":"31723","name":"Xã Ngọc Tố","type":"Xã"},"geometry":{"type":"Polygon","coordinates":[[[105.973904,9.546238],[105.968788,9.543949],[105.96443,9.539464],[105.976049,9.532251],[105.978952,9.534937],[105.984205,9.52954],[105.972223,9.51707],[105.967524,9.515928],[105.965751,9.511016],[105.967199,9.504406],[105.971596,9.502632],[105.973075,9.49989],[105.969989,9.493021],[105.973704,9.483753],[105.964556,9.4769],[105.966148,9.475107],[105.972617,9.474305],[105.969839,9.46482],[105.974755,9.450552],[105.975304,9.437182],[105.972331,9.430472],[105.974149,9.428133],[105.970733,9.423951],[105.952529,9.416971],[105.94934,9.406659],[105.938521,9.405732],[105.934524,9.400541],[105.92882,9.399436],[105.928607,9.397744],[105.93241,9.393993],[105.928272,9.390847],[105.929507,9.388432],[105.927566,9.386475],[105.917726,9.393722],[105.91223,9.395191],[105.902962,9.409602],[105.904948,9.412927],[105.904336,9.415909],[105.90723,9.417511],[105.908759,9.421445],[105.904537,9.42583],[105.90601,9.427581],[105.916623,9.429646],[105.916418,9.43426],[105.913892,9.436407],[105.914291,9.439458],[105.911178,9.447531],[105.906546,9.446416],[105.903287,9.450745],[105.90999,9.464302],[105.912903,9.463803],[105.915502,9.470413],[105.913464,9.471781],[105.914227,9.476485],[105.911493,9.477798],[105.913263,9.480058],[105.910549,9.481415],[105.908324,9.477923],[105.905107,9.476789],[105.899386,9.482859],[105.903393,9.494989],[105.89659,9.493093],[105.892657,9.494324],[105.891964,9.515315],[105.919391,9.528488],[105.937588,9.541343],[105.956487,9.562293],[105.961578,9.560057],[105.97517,9.558265],[105.973904,9.546238]]]}},{"type":"Feature","properties":{"code":"31708","name":"Xã Nhu Gia","type":"Xã"},"geometry":{"type":"Polygon","coordinates":[[[105.844246,9.528637],[105.854238,9.527178],[105.861974,9.528325],[105.862423,9.524329],[105.8676,9.524151],[105.872719,9.526724],[105.873239,9.52384],[105.887516,9.527468],[105.891225,9.52159],[105.892963,9.506639],[105.892254,9.495093],[105.894292,9.493027],[105.903479,9.494295],[105.899386,9.482859],[105.889508,9.485213],[105.877502,9.483452],[105.869676,9.477106],[105.861813,9.47487],[105.861225,9.471331],[105.864019,9.470081],[105.868056,9.463966],[105.869489,9.458413],[105.874488,9.454399],[105.884081,9.440514],[105.880076,9.439188],[105.875964,9.431181],[105.877327,9.429498],[105.873316,9.427139],[105.873594,9.423751],[105.865575,9.41592],[105.866167,9.412122],[105.859166,9.401133],[105.856246,9.386038],[105.853439,9.384439],[105.852284,9.385059],[105.852762,9.388468],[105.849754,9.388242],[105.848107,9.390193],[105.848602,9.394874],[105.846941,9.398776],[105.842568,9.399575],[105.842975,9.404257],[105.839205,9.403217],[105.83819,9.406177],[105.835758,9.427057],[105.846608,9.433597],[105.839864,9.439852],[105.843233,9.450245],[105.83988,9.45153],[105.836883,9.450026],[105.836797,9.446265],[105.834196,9.446941],[105.834491,9.445236],[105.828348,9.438047],[105.824552,9.437891],[105.824221,9.44128],[105.820803,9.440314],[105.822669,9.445588],[105.819956,9.44832],[105.823325,9.448686],[105.824666,9.450942],[105.82087,9.452391],[105.822768,9.457052],[105.81885,9.462341],[105.820103,9.46452],[105.818989,9.465986],[105.821212,9.467378],[105.818514,9.470999],[105.816259,9.483071],[105.81944,9.484581],[105.819456,9.488995],[105.821832,9.489524],[105.8223,9.491303],[105.820839,9.501009],[105.838384,9.503892],[105.847863,9.502873],[105.848527,9.50481],[105.845125,9.510399],[105.840034,9.513188],[105.832687,9.520754],[105.832814,9.522947],[105.837116,9.524414],[105.837818,9.527584],[105.844246,9.528637]]]}},{"type":"Feature","properties":{"code":"31552","name":"Xã Nhơn Mỹ","type":"Xã"},"geometry":{"type":"Polygon","coordinates":[[[106.046875,9.806911],[106.073468,9.774423],[106.075874,9.748988],[106.080697,9.740407],[106.070244,9.735802],[106.068142,9.739903],[106.061477,9.738688],[106.05879,9.741833],[106.054154,9.743025],[106.050612,9.741282],[106.034141,9.741847],[106.03117,9.73511],[106.025661,9.729882],[106.022203,9.714838],[106.015006,9.712027],[106.006615,9.71265],[106.004627,9.71118],[105.994878,9.710593],[105.990935,9.717311],[105.968031,9.719449],[105.972889,9.736358],[105.981905,9.755491],[105.988748,9.756186],[105.994246,9.760292],[105.996851,9.758162],[105.998941,9.752805],[106.001592,9.753976],[105.999177,9.767501],[106.000855,9.770726],[105.997678,9.782659],[106.002421,9.784896],[106.002255,9.787387],[105.995245,9.81051],[105.997983,9.807682],[106.008139,9.813307],[106.0193,9.8066],[106.029499,9.82025],[106.046875,9.806911]]]}},{"type":"Feature","properties":{"code":"31315","name":"Xã Nhơn Ái","type":"Xã"},"geometry":{"type":"Polygon","coordinates":[[[105.64942,10.01528],[105.652703,10.0079],[105.663122,9.99745],[105.667881,9.994531],[105.674872,9.99645],[105.679328,9.990377],[105.689691,9.985913],[105.697281,9.988272],[105.701616,9.986572],[105.712694,9.986085],[105.716456,9.993888],[105.720005,9.995265],[105.739601,9.993887],[105.736529,9.990423],[105.736852,9.988365],[105.733675,9.987592],[105.731317,9.980142],[105.728678,9.979988],[105.728548,9.978006],[105.724447,9.97967],[105.722759,9.971795],[105.718579,9.96885],[105.713509,9.959336],[105.710616,9.957709],[105.703848,9.958312],[105.703554,9.953984],[105.693988,9.955001],[105.694038,9.952668],[105.678985,9.947559],[105.680071,9.944778],[105.678108,9.944521],[105.678055,9.943168],[105.67538,9.944134],[105.670365,9.939618],[105.658566,9.950308],[105.673615,9.964213],[105.668265,9.966481],[105.657977,9.966345],[105.658559,9.971091],[105.647372,9.975922],[105.646107,9.979273],[105.648458,9.982114],[105.640789,9.98921],[105.644234,9.99015],[105.643152,9.999996],[105.632198,10.000273],[105.630419,10.005854],[105.63568,10.010608],[105.641895,10.009635],[105.646272,10.015361],[105.64942,10.01528]]]}},{"type":"Feature","properties":{"code":"31537","name":"Xã Phong Nẫm","type":"Xã"},"geometry":{"type":"Polygon","coordinates":[[[105.990572,9.858476],[105.968843,9.878153],[105.961553,9.883478],[105.951982,9.885933],[105.930876,9.904017],[105.914243,9.921699],[105.905902,9.932992],[105.919933,9.930884],[105.939279,9.915515],[105.959543,9.902889],[105.970529,9.889883],[105.979393,9.884633],[105.994411,9.86802],[105.998388,9.858267],[105.990572,9.858476]]]}},{"type":"Feature","properties":{"code":"31299","name":"Xã Phong Điền","type":"Xã"},"geometry":{"type":"Polygon","coordinates":[[[105.708951,10.053314],[105.709595,10.051912],[105.707098,10.051816],[105.705453,10.048676],[105.706339,10.044422],[105.709828,10.041024],[105.707398,10.040312],[105.712208,10.034536],[105.713198,10.030962],[105.711619,10.029123],[105.707315,10.028704],[105.706696,10.026215],[105.704105,10.025007],[105.705844,10.022451],[105.704406,10.016676],[105.702761,10.01621],[105.703227,10.012715],[105.701189,10.012255],[105.698684,10.014351],[105.698177,10.011459],[105.695107,10.013006],[105.689368,10.009613],[105.688415,10.012048],[105.685524,10.01277],[105.680903,10.011177],[105.680869,10.008301],[105.682595,10.008499],[105.683041,10.006269],[105.681096,10.001039],[105.683663,9.996033],[105.68215,9.994028],[105.684448,9.992453],[105.687742,9.99492],[105.691214,9.992616],[105.693027,9.986468],[105.689691,9.985913],[105.680196,9.98982],[105.674851,9.996459],[105.667973,9.994526],[105.663946,9.996887],[105.652703,10.0079],[105.64932,10.015478],[105.646272,10.015361],[105.641895,10.009635],[105.63568,10.010608],[105.631091,10.007719],[105.63098,10.005727],[105.62697,10.005658],[105.628162,10.014603],[105.624297,10.021454],[105.625125,10.032405],[105.627656,10.033506],[105.626266,10.041538],[105.627568,10.043938],[105.634335,10.046787],[105.633717,10.048022],[105.635751,10.049571],[105.638864,10.050447],[105.641488,10.047398],[105.6464,10.054074],[105.65935,10.048836],[105.669005,10.048058],[105.669379,10.049256],[105.673423,10.049197],[105.673931,10.052734],[105.681091,10.053363],[105.682055,10.057157],[105.708951,10.053314]]]}},{"type":"Feature","properties":{"code":"31378","name":"Xã Phú Hữu","type":"Xã"},"geometry":{"type":"Polygon","coordinates":[[[105.859188,9.927776],[105.862519,9.929277],[105.866438,9.920311],[105.868372,9.920333],[105.869443,9.92254],[105.873429,9.921365],[105.875399,9.92329],[105.880207,9.921606],[105.880742,9.91858],[105.875624,9.916593],[105.875372,9.914487],[105.873205,9.913327],[105.875497,9.911751],[105.872702,9.909059],[105.874873,9.90528],[105.871382,9.90197],[105.873705,9.899745],[105.868695,9.891126],[105.871901,9.890096],[105.868682,9.884812],[105.871321,9.88317],[105.871423,9.880819],[105.869085,9.880505],[105.868482,9.877081],[105.869755,9.875216],[105.867116,9.870545],[105.863223,9.870367],[105.859793,9.866121],[105.857705,9.866948],[105.85836,9.869328],[105.849959,9.868684],[105.847013,9.869931],[105.847584,9.872639],[105.838274,9.872695],[105.828297,9.87494],[105.829418,9.881526],[105.821364,9.882829],[105.810349,9.88037],[105.810623,9.876619],[105.811967,9.87622],[105.810184,9.862681],[105.800902,9.866563],[105.797637,9.866395],[105.796058,9.868822],[105.78903,9.859605],[105.785326,9.860767],[105.78638,9.863559],[105.785051,9.864802],[105.778943,9.866307],[105.77619,9.869378],[105.774954,9.872343],[105.776325,9.873445],[105.776137,9.882109],[105.772454,9.892321],[105.769672,9.892985],[105.769286,9.899564],[105.767026,9.903438],[105.770447,9.904176],[105.77223,9.902367],[105.773817,9.902856],[105.775063,9.905374],[105.778614,9.905766],[105.779981,9.909897],[105.78701,9.914897],[105.789811,9.912851],[105.790534,9.904503],[105.806686,9.907847],[105.808104,9.904383],[105.814011,9.902446],[105.816522,9.908844],[105.821021,9.9086],[105.823394,9.916562],[105.816814,9.918944],[105.815782,9.921827],[105.81828,9.927685],[105.830801,9.937315],[105.837919,9.946928],[105.859188,9.927776]]]}},{"type":"Feature","properties":{"code":"31756","name":"Xã Phú Lộc","type":"Xã"},"geometry":{"type":"Polygon","coordinates":[[[105.683764,9.486301],[105.69089,9.479734],[105.694416,9.479968],[105.696436,9.482878],[105.70061,9.478506],[105.709035,9.482803],[105.710938,9.478812],[105.713887,9.479505],[105.715104,9.477357],[105.717688,9.477912],[105.722846,9.473726],[105.724827,9.474451],[105.737376,9.452492],[105.760596,9.452443],[105.763039,9.444784],[105.761761,9.444521],[105.761984,9.442581],[105.756844,9.440768],[105.757632,9.438055],[105.75514,9.437376],[105.753434,9.433513],[105.755085,9.428847],[105.763093,9.425853],[105.764119,9.422288],[105.766678,9.424707],[105.771706,9.420398],[105.766148,9.41417],[105.766323,9.410284],[105.763278,9.411018],[105.761732,9.413778],[105.761082,9.411578],[105.757636,9.409623],[105.755576,9.410766],[105.755374,9.40757],[105.751291,9.410974],[105.751442,9.406473],[105.745564,9.40604],[105.746529,9.403565],[105.744071,9.403445],[105.741462,9.40011],[105.739374,9.401924],[105.736974,9.401613],[105.737612,9.395317],[105.73359,9.395372],[105.731955,9.393922],[105.728175,9.395724],[105.726912,9.392727],[105.724372,9.393123],[105.723566,9.390292],[105.72049,9.392184],[105.716204,9.390866],[105.714523,9.393713],[105.711262,9.394308],[105.709737,9.397442],[105.70508,9.396462],[105.707853,9.394618],[105.707043,9.383558],[105.696014,9.392457],[105.67258,9.406721],[105.673993,9.410157],[105.67359,9.41592],[105.668974,9.415271],[105.668797,9.441251],[105.674753,9.439065],[105.675869,9.45146],[105.672553,9.455791],[105.666942,9.458051],[105.665262,9.465054],[105.665791,9.472436],[105.667237,9.473327],[105.666421,9.477209],[105.66719,9.478155],[105.670737,9.476649],[105.671165,9.478497],[105.674847,9.477565],[105.67745,9.479009],[105.676779,9.483542],[105.67948,9.484115],[105.681855,9.482442],[105.681405,9.48672],[105.683764,9.486301]]]}},{"type":"Feature","properties":{"code":"31569","name":"Xã Phú Tâm","type":"Xã"},"geometry":{"type":"Polygon","coordinates":[[[105.913782,9.737316],[105.921689,9.736639],[105.924251,9.734643],[105.924609,9.737721],[105.927124,9.738066],[105.931322,9.736422],[105.94615,9.735764],[105.950208,9.740034],[105.970208,9.739743],[105.973215,9.736971],[105.968031,9.719449],[105.990935,9.717311],[105.997419,9.708671],[105.993422,9.70063],[105.996785,9.699041],[105.996009,9.696042],[105.992209,9.692548],[105.993765,9.688358],[105.992751,9.685972],[105.99075,9.686284],[105.990207,9.684538],[105.987152,9.685771],[105.986423,9.684273],[105.980954,9.684173],[105.97496,9.688482],[105.971038,9.689402],[105.964118,9.687219],[105.950698,9.687785],[105.943973,9.690917],[105.938034,9.699038],[105.931776,9.699234],[105.93005,9.702964],[105.927549,9.703627],[105.923413,9.709237],[105.910517,9.699367],[105.910107,9.693775],[105.906572,9.692912],[105.904156,9.696253],[105.900477,9.6934],[105.886522,9.696431],[105.891244,9.7004],[105.892909,9.711042],[105.903789,9.726002],[105.901198,9.727021],[105.902633,9.734628],[105.897182,9.737099],[105.901465,9.75197],[105.907988,9.746382],[105.913782,9.737316]]]}},{"type":"Feature","properties":{"code":"31426","name":"Xã Phương Bình","type":"Xã"},"geometry":{"type":"Polygon","coordinates":[[[105.694527,9.764357],[105.707159,9.751041],[105.72697,9.71462],[105.736454,9.720034],[105.75691,9.69787],[105.704537,9.664805],[105.690885,9.653957],[105.690276,9.655075],[105.687836,9.653327],[105.674437,9.692949],[105.675159,9.695959],[105.671518,9.702142],[105.618896,9.726856],[105.615977,9.732325],[105.61507,9.739988],[105.637534,9.754298],[105.641526,9.754613],[105.641451,9.756154],[105.649266,9.755846],[105.649032,9.748109],[105.652745,9.747033],[105.656874,9.751018],[105.663284,9.752039],[105.66285,9.755715],[105.66438,9.757371],[105.666712,9.756408],[105.67327,9.759115],[105.67912,9.757058],[105.694527,9.764357]]]}},{"type":"Feature","properties":{"code":"31420","name":"Xã Phụng Hiệp","type":"Xã"},"geometry":{"type":"Polygon","coordinates":[[[105.710961,9.864333],[105.708978,9.83755],[105.727443,9.842022],[105.71831,9.825022],[105.721533,9.824077],[105.751902,9.840604],[105.751918,9.838968],[105.755541,9.83872],[105.75572,9.836333],[105.767352,9.837772],[105.766555,9.833437],[105.77027,9.825457],[105.779195,9.829216],[105.779311,9.825479],[105.784284,9.822563],[105.788648,9.817059],[105.786217,9.80022],[105.788932,9.797589],[105.776003,9.793381],[105.773729,9.797296],[105.766628,9.799252],[105.767854,9.807234],[105.748782,9.804756],[105.735908,9.80007],[105.725418,9.793349],[105.720441,9.801022],[105.682889,9.776876],[105.649191,9.812504],[105.649412,9.827404],[105.698426,9.835724],[105.688893,9.852923],[105.710961,9.864333]]]}},{"type":"Feature","properties":{"code":"31582","name":"Xã Thuận Hòa","type":"Xã"},"geometry":{"type":"Polygon","coordinates":[[[105.927728,9.703617],[105.92987,9.703159],[105.932693,9.698571],[105.938272,9.698879],[105.943973,9.690917],[105.950698,9.687785],[105.964118,9.687219],[105.971683,9.689356],[105.975599,9.688095],[105.97912,9.684573],[105.987256,9.683978],[105.985605,9.663595],[105.984576,9.663804],[105.980149,9.652899],[105.979941,9.649119],[105.981759,9.648643],[105.981615,9.647034],[105.977766,9.642103],[105.964786,9.648154],[105.960227,9.654441],[105.958358,9.652496],[105.952434,9.654781],[105.938144,9.662371],[105.932516,9.663543],[105.926014,9.668435],[105.926052,9.666084],[105.924181,9.665675],[105.921911,9.668088],[105.918619,9.664519],[105.916937,9.652798],[105.910416,9.65949],[105.896709,9.664882],[105.876891,9.67844],[105.874577,9.677788],[105.867614,9.68059],[105.886522,9.696431],[105.900477,9.6934],[105.904156,9.696253],[105.906572,9.692912],[105.910198,9.693834],[105.9106,9.69946],[105.923413,9.709237],[105.927728,9.703617]]]}},{"type":"Feature","properties":{"code":"31231","name":"Xã Thạnh An","type":"Xã"},"geometry":{"type":"Polygon","coordinates":[[[105.281816,10.25331],[105.308567,10.215813],[105.29643,10.202983],[105.325826,10.16751],[105.331563,10.173455],[105.335529,10.16958],[105.334363,10.168384],[105.356595,10.146937],[105.34588,10.136401],[105.353108,10.100717],[105.317022,10.141389],[105.310585,10.134653],[105.303266,10.143724],[105.298154,10.13864],[105.275871,10.16079],[105.225759,10.200951],[105.253093,10.238583],[105.260926,10.245882],[105.267059,10.23902],[105.281816,10.25331]]]}},{"type":"Feature","properties":{"code":"31408","name":"Xã Thạnh Hòa","type":"Xã"},"geometry":{"type":"Polygon","coordinates":[[[105.721737,9.922648],[105.746883,9.911606],[105.750105,9.912303],[105.754286,9.909334],[105.753396,9.906683],[105.756373,9.906328],[105.757155,9.904229],[105.75477,9.903489],[105.759543,9.900123],[105.759647,9.897697],[105.764655,9.894159],[105.772454,9.892321],[105.776233,9.88164],[105.776325,9.873445],[105.774954,9.872343],[105.77619,9.869378],[105.778943,9.866307],[105.782391,9.86631],[105.786246,9.863789],[105.785355,9.860733],[105.790671,9.858893],[105.788973,9.857174],[105.780766,9.855237],[105.774343,9.851255],[105.774561,9.849821],[105.768611,9.850382],[105.767352,9.837772],[105.75572,9.836333],[105.755541,9.83872],[105.751918,9.838968],[105.751902,9.840604],[105.721533,9.824077],[105.71831,9.825022],[105.727804,9.841379],[105.708978,9.83755],[105.71097,9.864331],[105.688893,9.852923],[105.665128,9.895428],[105.69744,9.912856],[105.702556,9.912983],[105.721737,9.922648]]]}},{"type":"Feature","properties":{"code":"31249","name":"Xã Thạnh Phú","type":"Xã"},"geometry":{"type":"Polygon","coordinates":[[[105.456281,10.183464],[105.459533,10.183237],[105.458106,10.176276],[105.454328,10.173416],[105.45403,10.165362],[105.455627,10.164542],[105.454484,10.159294],[105.465224,10.137789],[105.465428,10.121131],[105.44361,10.106175],[105.437995,10.109251],[105.432078,10.113005],[105.429649,10.110927],[105.430426,10.10748],[105.417885,10.101483],[105.419607,10.093182],[105.364095,10.073218],[105.356611,10.081614],[105.34588,10.136401],[105.371764,10.161725],[105.414172,10.166377],[105.414887,10.162773],[105.441343,10.185391],[105.453082,10.184574],[105.455523,10.186639],[105.456281,10.183464]],[[105.43864,10.108905],[105.438609,10.108923],[105.43863322735332,10.108908815985872],[105.43864,10.108905]]]}},{"type":"Feature","properties":{"code":"31246","name":"Xã Thạnh Quới","type":"Xã"},"geometry":{"type":"Polygon","coordinates":[[[105.301462,10.277015],[105.306618,10.268916],[105.312019,10.273942],[105.336177,10.234495],[105.383898,10.248959],[105.38409,10.227541],[105.387114,10.222458],[105.383713,10.219017],[105.396112,10.217179],[105.399439,10.204822],[105.405024,10.205105],[105.414172,10.166377],[105.371807,10.161742],[105.356595,10.146937],[105.334363,10.168384],[105.335529,10.16958],[105.331563,10.173455],[105.325826,10.16751],[105.322972,10.170192],[105.29643,10.202983],[105.308567,10.215813],[105.281816,10.25331],[105.288855,10.259913],[105.287515,10.261993],[105.292078,10.266506],[105.291542,10.267482],[105.301462,10.277015]]]}},{"type":"Feature","properties":{"code":"31699","name":"Xã Thạnh Thới An","type":"Xã"},"geometry":{"type":"Polygon","coordinates":[[[105.991816,9.540134],[105.992461,9.538655],[105.994522,9.539834],[105.996442,9.538068],[105.997966,9.539836],[105.999784,9.538525],[105.998896,9.536625],[106.001846,9.53705],[106.002151,9.535112],[106.003851,9.536296],[106.002892,9.534219],[106.00485,9.532694],[106.024244,9.535457],[106.033844,9.526996],[106.033441,9.517515],[106.04224,9.509059],[106.038338,9.505643],[106.038716,9.501286],[106.045893,9.494976],[106.045714,9.487287],[106.047763,9.487347],[106.048816,9.484335],[106.051673,9.483656],[106.046151,9.479568],[106.055274,9.47693],[106.056496,9.472876],[106.054797,9.466007],[106.050066,9.465092],[106.046372,9.456929],[106.048713,9.448521],[106.038371,9.451062],[106.017428,9.432138],[106.005507,9.434112],[105.993973,9.426112],[105.987086,9.424391],[105.978348,9.428437],[105.97242,9.429364],[105.975324,9.437721],[105.974322,9.453356],[105.969893,9.463845],[105.972617,9.474305],[105.966148,9.475107],[105.964555,9.476972],[105.973704,9.483753],[105.969989,9.493021],[105.973075,9.49989],[105.971596,9.502632],[105.967199,9.504406],[105.96573,9.510597],[105.96759,9.515994],[105.972223,9.51707],[105.984056,9.528643],[105.983503,9.531015],[105.979006,9.533567],[105.980187,9.539242],[105.991816,9.540134]]]}},{"type":"Feature","properties":{"code":"31360","name":"Xã Thạnh Xuân","type":"Xã"},"geometry":{"type":"Polygon","coordinates":[[[105.636348,9.919456],[105.648341,9.927612],[105.650089,9.925106],[105.655909,9.926205],[105.663942,9.933645],[105.668836,9.935193],[105.668762,9.938112],[105.67538,9.944134],[105.678055,9.943168],[105.678108,9.944521],[105.680071,9.944778],[105.678985,9.947559],[105.694038,9.952668],[105.693988,9.955001],[105.703554,9.953984],[105.703848,9.958312],[105.710616,9.957709],[105.713509,9.959336],[105.718579,9.96885],[105.722759,9.971795],[105.72344,9.97554],[105.729539,9.970202],[105.734751,9.969094],[105.736805,9.970495],[105.736499,9.968645],[105.738331,9.969312],[105.741717,9.967149],[105.742642,9.959425],[105.735204,9.950114],[105.734974,9.944918],[105.728637,9.940538],[105.727246,9.936517],[105.721894,9.933646],[105.7242,9.928807],[105.721697,9.922772],[105.702556,9.912983],[105.69744,9.912856],[105.665128,9.895428],[105.664404,9.897101],[105.662884,9.89587],[105.654644,9.896708],[105.650163,9.898787],[105.636348,9.919456]]]}},{"type":"Feature","properties":{"code":"31540","name":"Xã Thới An Hội","type":"Xã"},"geometry":{"type":"Polygon","coordinates":[[[105.990572,9.858476],[105.998388,9.858267],[106.005427,9.846208],[106.029499,9.82025],[106.0193,9.8066],[106.008139,9.813307],[105.997983,9.807682],[105.995245,9.81051],[106.002255,9.787387],[106.002421,9.784896],[105.997678,9.782659],[105.998432,9.779956],[105.982189,9.77913],[105.97435,9.779727],[105.9744,9.78139],[105.966416,9.781049],[105.96516,9.78676],[105.963673,9.786963],[105.960715,9.792696],[105.962374,9.797287],[105.961096,9.799123],[105.955738,9.803447],[105.950043,9.8013],[105.941968,9.801706],[105.936113,9.820043],[105.947481,9.822121],[105.943948,9.832238],[105.945243,9.837175],[105.962796,9.840304],[105.965573,9.84311],[105.964823,9.847234],[105.958184,9.84816],[105.952203,9.852531],[105.953817,9.864514],[105.957507,9.865906],[105.962496,9.871947],[105.954707,9.880027],[105.95362,9.885406],[105.962098,9.883142],[105.990572,9.858476]]]}},{"type":"Feature","properties":{"code":"31264","name":"Xã Thới Hưng","type":"Xã"},"geometry":{"type":"Polygon","coordinates":[[[105.536507,10.171892],[105.58156,10.128621],[105.525107,10.087608],[105.517495,10.089347],[105.517202,10.087492],[105.496266,10.09153],[105.443329,10.105959],[105.536507,10.171892]]]}},{"type":"Feature","properties":{"code":"31258","name":"Xã Thới Lai","type":"Xã"},"geometry":{"type":"Polygon","coordinates":[[[105.564427,10.081608],[105.570008,10.072968],[105.577606,10.068299],[105.576372,10.066552],[105.578645,10.052473],[105.588652,10.050329],[105.590599,10.046454],[105.589692,10.043322],[105.594968,10.039325],[105.585149,10.02994],[105.579855,10.013054],[105.571247,9.995453],[105.559089,10.000814],[105.56087,10.006774],[105.555681,10.008615],[105.554348,10.013112],[105.537766,10.020485],[105.536216,10.01764],[105.518917,10.026205],[105.520031,10.028586],[105.507927,10.028884],[105.51288,10.039614],[105.507882,10.048195],[105.491236,10.048812],[105.491382,10.053051],[105.496307,10.056453],[105.494257,10.059649],[105.52204,10.056495],[105.518043,10.06481],[105.535139,10.062053],[105.54515,10.069343],[105.542083,10.070091],[105.542226,10.074466],[105.550985,10.07345],[105.555673,10.075043],[105.558228,10.072918],[105.558889,10.080377],[105.564427,10.081608]]]}},{"type":"Feature","properties":{"code":"31255","name":"Xã Trung Hưng","type":"Xã"},"geometry":{"type":"Polygon","coordinates":[[[105.540657,10.225515],[105.544523,10.222476],[105.542719,10.215678],[105.545409,10.209665],[105.545981,10.201382],[105.541514,10.180904],[105.538506,10.177265],[105.539308,10.173952],[105.465428,10.121131],[105.465224,10.137789],[105.454484,10.159294],[105.455627,10.164542],[105.45403,10.165362],[105.454341,10.17349],[105.458106,10.176276],[105.459533,10.183237],[105.456281,10.183464],[105.457362,10.188],[105.460858,10.187479],[105.467996,10.191645],[105.472565,10.199502],[105.472568,10.2037],[105.475228,10.205448],[105.482463,10.197575],[105.48658,10.198689],[105.489739,10.196295],[105.494349,10.202798],[105.503136,10.204099],[105.515537,10.208765],[105.525853,10.223189],[105.534993,10.222093],[105.540657,10.225515]]]}},{"type":"Feature","properties":{"code":"31654","name":"Xã Trường Khánh","type":"Xã"},"geometry":{"type":"Polygon","coordinates":[[[106.055257,9.721764],[106.06496,9.716137],[106.062774,9.706759],[106.056157,9.701806],[106.055093,9.698822],[106.059672,9.696538],[106.066648,9.698125],[106.069864,9.692659],[106.065308,9.686177],[106.069467,9.676732],[106.061635,9.671965],[106.065789,9.665521],[106.064905,9.662177],[106.057625,9.660837],[106.047208,9.663977],[106.047854,9.658686],[106.046279,9.654749],[106.035742,9.659211],[106.033644,9.657278],[106.033483,9.653345],[106.027855,9.648619],[106.022016,9.651275],[106.007272,9.650879],[106.00862,9.656444],[106.001267,9.658612],[106.000699,9.657433],[105.992276,9.657303],[105.990622,9.660663],[105.985923,9.656495],[105.982723,9.656728],[105.984576,9.663804],[105.985605,9.663595],[105.987692,9.682699],[105.98645,9.684399],[105.987152,9.685771],[105.990207,9.684538],[105.99075,9.686284],[105.992681,9.685873],[105.993765,9.688358],[105.992209,9.692548],[105.99653,9.697245],[105.996636,9.699386],[105.993351,9.699998],[105.997348,9.707637],[105.996368,9.710576],[106.004627,9.71118],[106.006615,9.71265],[106.015006,9.712027],[106.022203,9.714838],[106.025661,9.729882],[106.039569,9.734024],[106.047875,9.729624],[106.054126,9.725022],[106.053639,9.723219],[106.055257,9.721764]]]}},{"type":"Feature","properties":{"code":"31309","name":"Xã Trường Long","type":"Xã"},"geometry":{"type":"Polygon","coordinates":[[[105.621125,10.006245],[105.630419,10.005854],[105.632198,10.000273],[105.643152,9.999996],[105.644234,9.99015],[105.640789,9.98921],[105.648553,9.981601],[105.646117,9.979329],[105.647555,9.976553],[105.645416,9.964632],[105.638206,9.958577],[105.633045,9.959789],[105.629685,9.956401],[105.628678,9.949868],[105.619036,9.945727],[105.583085,9.983722],[105.588984,9.995868],[105.592944,9.994707],[105.593633,10.004937],[105.603682,10.003557],[105.604839,10.005691],[105.61155,10.004727],[105.611801,10.006158],[105.617509,10.004316],[105.621125,10.006245]]]}},{"type":"Feature","properties":{"code":"31348","name":"Xã Trường Long Tây","type":"Xã"},"geometry":{"type":"Polygon","coordinates":[[[105.583189,9.983923],[105.619036,9.945727],[105.595907,9.93046],[105.559981,9.894397],[105.53235,9.919491],[105.541832,9.940924],[105.545494,9.94004],[105.550187,9.952242],[105.555966,9.958877],[105.551213,9.961037],[105.562918,9.986779],[105.569523,9.983892],[105.574364,9.994168],[105.585756,9.989061],[105.583189,9.983923]]]}},{"type":"Feature","properties":{"code":"31288","name":"Xã Trường Thành","type":"Xã"},"geometry":{"type":"Polygon","coordinates":[[[105.581652,10.128687],[105.587895,10.122539],[105.578981,10.116067],[105.581819,10.112121],[105.586411,10.115294],[105.593917,10.099085],[105.595169,10.093922],[105.59015,10.087964],[105.593281,10.087219],[105.599529,10.088882],[105.60607,10.078493],[105.612356,10.080418],[105.617663,10.07857],[105.617927,10.070777],[105.624218,10.071233],[105.627026,10.069778],[105.625579,10.066357],[105.627139,10.056973],[105.625353,10.049058],[105.627663,10.033622],[105.625125,10.032405],[105.624297,10.021454],[105.628191,10.014285],[105.626854,10.006089],[105.624875,10.005408],[105.620671,10.006283],[105.617331,10.004316],[105.611801,10.006158],[105.61155,10.004727],[105.604839,10.005691],[105.603682,10.003557],[105.593633,10.004937],[105.592944,9.994707],[105.588984,9.995868],[105.585756,9.989061],[105.574364,9.994168],[105.573247,9.991814],[105.570156,9.993251],[105.579855,10.013054],[105.585149,10.02994],[105.594968,10.039325],[105.589692,10.043322],[105.590599,10.046454],[105.588652,10.050329],[105.578645,10.052473],[105.576372,10.066552],[105.577606,10.068299],[105.570008,10.072968],[105.565343,10.079632],[105.55505,10.10923],[105.580015,10.127858],[105.581652,10.128687]]]}},{"type":"Feature","properties":{"code":"31294","name":"Xã Trường Xuân","type":"Xã"},"geometry":{"type":"Polygon","coordinates":[[[105.507927,10.028884],[105.520031,10.028586],[105.518917,10.026205],[105.536216,10.01764],[105.537766,10.020485],[105.554489,10.01303],[105.555681,10.008615],[105.56087,10.006774],[105.559089,10.000814],[105.571247,9.995453],[105.570156,9.993251],[105.573247,9.991814],[105.569523,9.983892],[105.562918,9.986779],[105.551213,9.961037],[105.555966,9.958877],[105.550187,9.952242],[105.545494,9.94004],[105.541832,9.940924],[105.53235,9.919491],[105.478975,9.968625],[105.507927,10.028884]]]}},{"type":"Feature","properties":{"code":"31673","name":"Xã Trần Đề","type":"Xã"},"geometry":{"type":"Polygon","coordinates":[[[106.183919,9.57911],[106.195659,9.558633],[106.219458,9.505522],[106.204886,9.498987],[106.211227,9.500254],[106.211965,9.498986],[106.210603,9.481384],[106.208259,9.479729],[106.203781,9.479681],[106.21016,9.47898],[106.208745,9.46802],[106.200464,9.467783],[106.207425,9.466823],[106.206949,9.456705],[106.202538,9.451354],[106.197062,9.447754],[106.189809,9.451506],[106.195979,9.447327],[106.186068,9.438668],[106.18163,9.438894],[106.182722,9.436938],[106.177956,9.432609],[106.173603,9.42535],[106.168941,9.423968],[106.159798,9.429949],[106.174957,9.472701],[106.173019,9.493868],[106.164699,9.49226],[106.163812,9.504634],[106.148805,9.502176],[106.144853,9.534123],[106.137359,9.533813],[106.136259,9.539658],[106.127863,9.538727],[106.110242,9.541792],[106.1098,9.547519],[106.11127,9.548003],[106.111048,9.556971],[106.133895,9.552697],[106.132746,9.559263],[106.140286,9.560542],[106.138968,9.567528],[106.156281,9.567323],[106.151652,9.575887],[106.175042,9.574424],[106.183919,9.57911]]]}},{"type":"Feature","properties":{"code":"31687","name":"Xã Tài Văn","type":"Xã"},"geometry":{"type":"Polygon","coordinates":[[[106.051036,9.581828],[106.055359,9.584699],[106.057927,9.582533],[106.061374,9.58282],[106.060439,9.58081],[106.065144,9.578724],[106.065108,9.57408],[106.070234,9.573894],[106.070712,9.571688],[106.073706,9.571049],[106.0737,9.567886],[106.071774,9.566973],[106.073698,9.5643],[106.076452,9.563931],[106.085784,9.555351],[106.090484,9.556606],[106.091181,9.553805],[106.095362,9.553999],[106.077412,9.494211],[106.067671,9.494413],[106.067763,9.492943],[106.065811,9.492959],[106.065507,9.494568],[106.054379,9.493753],[106.050318,9.492722],[106.050369,9.491027],[106.046158,9.4911],[106.045893,9.494976],[106.038716,9.501286],[106.038338,9.505643],[106.04224,9.509059],[106.033441,9.517515],[106.033844,9.526996],[106.024244,9.535457],[106.013379,9.533359],[106.006356,9.53487],[106.00905,9.538354],[106.000468,9.557313],[106.003535,9.564351],[106.001807,9.566698],[105.995684,9.569274],[105.997901,9.571997],[106.007686,9.569831],[106.008493,9.571307],[106.006692,9.573631],[106.010355,9.5725],[106.011337,9.574184],[106.00994,9.576385],[106.013036,9.576613],[106.011829,9.581591],[106.015562,9.580105],[106.018109,9.584245],[106.020916,9.583561],[106.021578,9.584717],[106.021944,9.58185],[106.023537,9.581623],[106.024915,9.586596],[106.025721,9.583094],[106.032291,9.585331],[106.030994,9.581176],[106.038899,9.583836],[106.038427,9.579609],[106.040156,9.578531],[106.041757,9.581584],[106.044906,9.582558],[106.047304,9.581507],[106.04807,9.587315],[106.050002,9.586598],[106.048717,9.583763],[106.051036,9.581828]]]}},{"type":"Feature","properties":{"code":"31399","name":"Xã Tân Bình","type":"Xã"},"geometry":{"type":"Polygon","coordinates":[[[105.64399,9.907961],[105.650783,9.897971],[105.662484,9.895871],[105.664404,9.897101],[105.698426,9.835724],[105.649412,9.827404],[105.649167,9.812678],[105.591646,9.865347],[105.618794,9.890891],[105.64399,9.907961]]]}},{"type":"Feature","properties":{"code":"31342","name":"Xã Tân Hòa","type":"Xã"},"geometry":{"type":"Polygon","coordinates":[[[105.647372,9.975922],[105.658559,9.971091],[105.657977,9.966345],[105.668265,9.966481],[105.673615,9.964213],[105.658566,9.950308],[105.670372,9.939612],[105.668762,9.938112],[105.668836,9.935193],[105.663942,9.933645],[105.66104,9.929656],[105.654718,9.925433],[105.651356,9.926241],[105.650089,9.925106],[105.648341,9.927612],[105.636348,9.919456],[105.643998,9.907942],[105.618794,9.890891],[105.591646,9.865347],[105.559981,9.894397],[105.596153,9.930666],[105.617593,9.945367],[105.628631,9.949827],[105.629685,9.956401],[105.633097,9.959824],[105.637424,9.958448],[105.642119,9.960901],[105.645525,9.964834],[105.64668,9.975041],[105.647372,9.975922]]]}},{"type":"Feature","properties":{"code":"31741","name":"Xã Tân Long","type":"Xã"},"geometry":{"type":"Polygon","coordinates":[[[105.668142,9.581975],[105.67069,9.580338],[105.675897,9.58033],[105.675023,9.568267],[105.678869,9.561048],[105.676351,9.55972],[105.683601,9.5356],[105.702576,9.53866],[105.731864,9.548153],[105.738632,9.525734],[105.737885,9.523862],[105.731533,9.521682],[105.73378,9.500789],[105.728847,9.498379],[105.728947,9.49459],[105.725494,9.492149],[105.71266,9.493827],[105.713298,9.488798],[105.718407,9.481603],[105.717688,9.477912],[105.715104,9.477357],[105.713887,9.479505],[105.710938,9.478812],[105.709035,9.482803],[105.70061,9.478506],[105.696436,9.482878],[105.694416,9.479968],[105.691007,9.479704],[105.682952,9.486805],[105.681405,9.48672],[105.682316,9.48369],[105.681855,9.482442],[105.67948,9.484115],[105.676779,9.483542],[105.67745,9.479009],[105.674847,9.477565],[105.671165,9.478497],[105.670737,9.476649],[105.66719,9.478155],[105.666421,9.477209],[105.662252,9.490183],[105.655507,9.495631],[105.653849,9.493675],[105.647694,9.492507],[105.645028,9.494573],[105.641501,9.494793],[105.637815,9.490041],[105.635755,9.491483],[105.634493,9.489312],[105.625908,9.494108],[105.622888,9.489837],[105.609027,9.499546],[105.599867,9.50338],[105.603753,9.509479],[105.608697,9.533864],[105.613392,9.543571],[105.621825,9.539122],[105.62767,9.548395],[105.617807,9.553964],[105.623668,9.567257],[105.629325,9.56578],[105.640144,9.568258],[105.661091,9.567671],[105.661972,9.57992],[105.668142,9.581975]]]}},{"type":"Feature","properties":{"code":"31432","name":"Xã Tân Phước Hưng","type":"Xã"},"geometry":{"type":"Polygon","coordinates":[[[105.827947,9.783807],[105.838621,9.773133],[105.844794,9.764061],[105.843423,9.748793],[105.838735,9.744816],[105.779727,9.709734],[105.777703,9.710559],[105.75691,9.69787],[105.736454,9.720034],[105.737542,9.72065],[105.735889,9.723364],[105.760447,9.738508],[105.761379,9.737049],[105.772576,9.743482],[105.797224,9.79586],[105.827947,9.783807]]]}},{"type":"Feature","properties":{"code":"31666","name":"Xã Tân Thạnh","type":"Xã"},"geometry":{"type":"Polygon","coordinates":[[[106.10785,9.65084],[106.09749,9.649803],[106.099015,9.613136],[106.100687,9.612717],[106.09821,9.588301],[106.082086,9.586369],[106.082236,9.581602],[106.078925,9.580931],[106.069356,9.582241],[106.068593,9.580456],[106.066427,9.579882],[106.06444,9.58169],[106.062844,9.579909],[106.060392,9.580878],[106.061374,9.58282],[106.057927,9.582533],[106.055359,9.584699],[106.053257,9.582263],[106.050572,9.581885],[106.048806,9.583361],[106.050203,9.586121],[106.048927,9.587481],[106.047206,9.586313],[106.047304,9.581507],[106.044906,9.582558],[106.041757,9.581584],[106.040174,9.578528],[106.038427,9.579609],[106.038899,9.583836],[106.030994,9.581176],[106.032291,9.585331],[106.025721,9.583094],[106.024983,9.586596],[106.023843,9.581791],[106.021944,9.58185],[106.021578,9.584717],[106.020916,9.583561],[106.018109,9.584245],[106.016469,9.580759],[106.014633,9.580277],[106.017746,9.590279],[106.025397,9.604193],[106.024139,9.60562],[106.03512,9.619611],[106.041094,9.630714],[106.023512,9.632995],[106.018899,9.635195],[106.022135,9.639783],[106.022311,9.643864],[106.026525,9.646732],[106.026988,9.649005],[106.030424,9.649798],[106.03266,9.652323],[106.033644,9.657278],[106.035535,9.659137],[106.046279,9.654749],[106.047854,9.658686],[106.047208,9.663977],[106.057625,9.660837],[106.06571,9.663286],[106.068198,9.662022],[106.069487,9.666728],[106.07484,9.666771],[106.076426,9.672818],[106.092232,9.673368],[106.10294,9.652111],[106.106807,9.652797],[106.10785,9.65084]]]}},{"type":"Feature","properties":{"code":"31795","name":"Xã Vĩnh Hải","type":"Xã"},"geometry":{"type":"Polygon","coordinates":[[[106.163174,9.41606],[106.164034,9.414016],[106.163425,9.41591],[106.16832,9.418485],[106.178783,9.419455],[106.178653,9.417489],[106.179141,9.416253],[106.178601,9.414962],[106.178673,9.41436],[106.179431,9.412462],[106.180671,9.411931],[106.17933,9.408067],[106.180802,9.411608],[106.180459,9.41265],[106.179511,9.412502],[106.178802,9.41432],[106.179258,9.416242],[106.179035,9.418814],[106.183438,9.418283],[106.186161,9.415325],[106.188106,9.401702],[106.185889,9.39075],[106.183683,9.390423],[106.185681,9.389395],[106.186532,9.380341],[106.175327,9.365035],[106.131019,9.331742],[106.129238,9.332442],[106.130819,9.333167],[106.132309,9.335405],[106.126875,9.332535],[106.110652,9.328742],[106.096518,9.328522],[106.094941,9.334832],[106.095297,9.329608],[106.078633,9.325275],[106.07726,9.335846],[106.07753,9.340345],[106.078887,9.340608],[106.077223,9.349209],[106.083582,9.350924],[106.085088,9.348689],[106.095755,9.350951],[106.094485,9.360969],[106.0918,9.36294],[106.092564,9.364594],[106.097962,9.366328],[106.097498,9.37711],[106.096812,9.381204],[106.091492,9.380326],[106.096655,9.395293],[106.095249,9.406473],[106.107493,9.402679],[106.109965,9.406357],[106.113625,9.402889],[106.11549,9.408642],[106.117915,9.40514],[106.121563,9.403767],[106.120833,9.409438],[106.125904,9.410388],[106.128674,9.414001],[106.138607,9.402698],[106.143211,9.401528],[106.166599,9.420756],[106.163174,9.41606]]]}},{"type":"Feature","properties":{"code":"31777","name":"Xã Vĩnh Lợi","type":"Xã"},"geometry":{"type":"Polygon","coordinates":[[[105.655239,9.495658],[105.662252,9.490183],[105.666494,9.477011],[105.667237,9.473327],[105.665791,9.472436],[105.665262,9.465054],[105.666942,9.458051],[105.672553,9.455791],[105.675869,9.45146],[105.674753,9.439065],[105.668797,9.441251],[105.668974,9.415271],[105.67359,9.41592],[105.673993,9.410157],[105.672464,9.406846],[105.696014,9.392457],[105.706633,9.383671],[105.705348,9.377801],[105.70151,9.377426],[105.693798,9.37978],[105.685159,9.378443],[105.682476,9.384487],[105.677385,9.38419],[105.67311,9.390803],[105.667721,9.387687],[105.664942,9.388928],[105.655225,9.385759],[105.652617,9.388022],[105.649931,9.387348],[105.650315,9.391943],[105.647787,9.394795],[105.64289,9.393609],[105.636728,9.396209],[105.640726,9.401497],[105.640733,9.406747],[105.638343,9.407532],[105.638716,9.409022],[105.631354,9.411269],[105.632263,9.415432],[105.630805,9.415599],[105.630766,9.417935],[105.624038,9.418031],[105.621774,9.414358],[105.619607,9.415201],[105.616798,9.41018],[105.617062,9.407495],[105.615382,9.406607],[105.613698,9.407351],[105.611873,9.412265],[105.607942,9.412723],[105.601813,9.417249],[105.602885,9.421199],[105.599743,9.424282],[105.595606,9.419377],[105.587644,9.423624],[105.625908,9.494108],[105.634493,9.489312],[105.635755,9.491483],[105.637815,9.490041],[105.641501,9.494793],[105.645028,9.494573],[105.647694,9.492507],[105.653849,9.493675],[105.655239,9.495658]]]}},{"type":"Feature","properties":{"code":"31453","name":"Xã Vĩnh Thuận Đông","type":"Xã"},"geometry":{"type":"Polygon","coordinates":[[[105.530427,9.744042],[105.521688,9.731259],[105.526232,9.729315],[105.528593,9.724544],[105.534677,9.72141],[105.533374,9.708702],[105.539868,9.706531],[105.54546,9.710523],[105.551045,9.711556],[105.554683,9.708499],[105.555994,9.705511],[105.554179,9.703988],[105.554849,9.700873],[105.558997,9.696566],[105.556347,9.688099],[105.553944,9.687289],[105.547277,9.677295],[105.545914,9.668968],[105.540801,9.669278],[105.538098,9.674476],[105.530557,9.682091],[105.519196,9.673125],[105.515524,9.676552],[105.50704,9.67908],[105.50831,9.684681],[105.506294,9.686927],[105.500426,9.685901],[105.495452,9.687381],[105.494829,9.681096],[105.489686,9.67984],[105.483395,9.692828],[105.483133,9.698582],[105.480608,9.700385],[105.475348,9.698017],[105.466574,9.68815],[105.461086,9.695854],[105.454369,9.694178],[105.450918,9.696097],[105.450942,9.699868],[105.454901,9.702314],[105.456005,9.705145],[105.450776,9.711801],[105.453755,9.713968],[105.460326,9.728696],[105.457459,9.735746],[105.468371,9.741925],[105.47013,9.744686],[105.483835,9.74404],[105.483414,9.749565],[105.488093,9.766943],[105.489245,9.777423],[105.519828,9.760773],[105.516568,9.752046],[105.530427,9.744042]]]}},{"type":"Feature","properties":{"code":"31232","name":"Xã Vĩnh Thạnh","type":"Xã"},"geometry":{"type":"Polygon","coordinates":[[[105.453082,10.184574],[105.441237,10.185325],[105.414887,10.162773],[105.405024,10.205105],[105.399439,10.204822],[105.396112,10.217179],[105.383713,10.219017],[105.387114,10.222458],[105.38409,10.227541],[105.383898,10.248959],[105.430117,10.265316],[105.435133,10.258918],[105.440658,10.243062],[105.439624,10.241929],[105.452945,10.229465],[105.454474,10.231459],[105.457887,10.231644],[105.485823,10.230595],[105.487188,10.227868],[105.482237,10.217638],[105.478697,10.217666],[105.477859,10.215975],[105.47908,10.214717],[105.476892,10.214065],[105.479817,10.211098],[105.478557,10.207924],[105.482697,10.205692],[105.481055,10.20301],[105.477893,10.202599],[105.476337,10.205363],[105.473504,10.204678],[105.472545,10.19945],[105.467996,10.191645],[105.460858,10.187479],[105.457544,10.188171],[105.457633,10.186703],[105.453082,10.184574]]]}},{"type":"Feature","properties":{"code":"31237","name":"Xã Vĩnh Trinh","type":"Xã"},"geometry":{"type":"Polygon","coordinates":[[[105.45587,10.307987],[105.477073,10.310655],[105.470595,10.305647],[105.47362,10.301412],[105.478273,10.303583],[105.478169,10.304829],[105.481765,10.303365],[105.487454,10.297888],[105.48645,10.295954],[105.487951,10.291272],[105.483586,10.289745],[105.486063,10.282297],[105.490729,10.281127],[105.490927,10.276668],[105.495732,10.265879],[105.493953,10.261067],[105.498539,10.261455],[105.497187,10.235329],[105.498416,10.233802],[105.48928,10.233699],[105.488176,10.229865],[105.482148,10.231529],[105.457887,10.231644],[105.454474,10.231459],[105.452945,10.229465],[105.439624,10.241929],[105.440658,10.243062],[105.435133,10.258918],[105.430117,10.265316],[105.441437,10.270014],[105.426592,10.303003],[105.44329,10.306201],[105.447594,10.304742],[105.451062,10.30788],[105.451837,10.30554],[105.45587,10.307987]]]}},{"type":"Feature","properties":{"code":"31459","name":"Xã Vĩnh Tường","type":"Xã"},"geometry":{"type":"Polygon","coordinates":[[[105.626011,9.83383],[105.581054,9.76504],[105.562015,9.767885],[105.561608,9.762714],[105.553059,9.763577],[105.552707,9.765329],[105.546254,9.767073],[105.555425,9.780355],[105.552526,9.782763],[105.525977,9.789127],[105.528131,9.798322],[105.541891,9.820462],[105.557755,9.838616],[105.591721,9.865278],[105.626011,9.83383]]]}},{"type":"Feature","properties":{"code":"31489","name":"Xã Vĩnh Viễn","type":"Xã"},"geometry":{"type":"Polygon","coordinates":[[[105.455907,9.704246],[105.450555,9.699027],[105.451765,9.69512],[105.454369,9.694178],[105.461086,9.695854],[105.466574,9.68815],[105.476861,9.699153],[105.479818,9.700539],[105.482931,9.699032],[105.483395,9.692828],[105.487399,9.6864],[105.489654,9.677842],[105.489778,9.669011],[105.497103,9.656436],[105.489699,9.654624],[105.492333,9.644743],[105.477703,9.63965],[105.469208,9.642047],[105.464275,9.636563],[105.447493,9.647881],[105.438437,9.660987],[105.427788,9.661072],[105.412979,9.667867],[105.406299,9.651789],[105.39287,9.66051],[105.387043,9.658028],[105.376779,9.661319],[105.370031,9.65947],[105.368618,9.662841],[105.373805,9.669536],[105.372599,9.672615],[105.356654,9.668782],[105.352329,9.676419],[105.341982,9.675561],[105.33812,9.677402],[105.338804,9.680688],[105.342274,9.679729],[105.345814,9.680879],[105.345863,9.688621],[105.347716,9.690285],[105.352208,9.685456],[105.355752,9.684607],[105.365023,9.686462],[105.372817,9.692124],[105.376268,9.692899],[105.377971,9.691125],[105.378863,9.684192],[105.38178,9.683304],[105.389635,9.696911],[105.395622,9.701595],[105.398564,9.701424],[105.401286,9.698812],[105.399373,9.69197],[105.401505,9.689515],[105.406947,9.690418],[105.407402,9.696878],[105.410691,9.699731],[105.415422,9.699395],[105.421958,9.694764],[105.425808,9.695161],[105.429431,9.699306],[105.425866,9.70505],[105.426864,9.707926],[105.432662,9.709636],[105.435269,9.702358],[105.440647,9.701358],[105.443411,9.703664],[105.442369,9.710083],[105.446232,9.71318],[105.45171,9.711182],[105.455332,9.707137],[105.455907,9.704246]]]}},{"type":"Feature","properties":{"code":"31465","name":"Xã Vị Thanh 1","type":"Xã"},"geometry":{"type":"Polygon","coordinates":[[[105.557884,9.83873],[105.534507,9.809835],[105.526556,9.817177],[105.514804,9.805993],[105.513313,9.807158],[105.502481,9.798862],[105.494089,9.807784],[105.487737,9.802271],[105.483935,9.804089],[105.481486,9.808838],[105.482629,9.812822],[105.48091,9.818779],[105.477058,9.817976],[105.471524,9.812549],[105.4644,9.810392],[105.461608,9.825399],[105.469835,9.831284],[105.476645,9.832581],[105.520875,9.859099],[105.519039,9.862202],[105.516539,9.863103],[105.539398,9.913028],[105.591721,9.865278],[105.557884,9.83873]]]}},{"type":"Feature","properties":{"code":"31441","name":"Xã Vị Thủy","type":"Xã"},"geometry":{"type":"Polygon","coordinates":[[[105.534507,9.809835],[105.52799,9.798011],[105.525977,9.789127],[105.552526,9.782763],[105.555425,9.780355],[105.546254,9.767073],[105.552707,9.765329],[105.553059,9.763577],[105.561608,9.762714],[105.562015,9.767885],[105.581054,9.76504],[105.575884,9.75738],[105.569008,9.740503],[105.565021,9.737842],[105.566292,9.730777],[105.562159,9.722345],[105.556605,9.715755],[105.559554,9.71235],[105.556951,9.71027],[105.555994,9.705511],[105.554133,9.709157],[105.549555,9.711764],[105.539868,9.706531],[105.533439,9.708601],[105.534677,9.72141],[105.528593,9.724544],[105.526232,9.729315],[105.521688,9.731259],[105.530427,9.744042],[105.516568,9.752046],[105.519828,9.760773],[105.489245,9.777423],[105.491441,9.78396],[105.49459,9.784029],[105.495831,9.791679],[105.501113,9.790661],[105.502481,9.798862],[105.513313,9.807158],[105.514804,9.805993],[105.526556,9.817177],[105.534507,9.809835]]]}},{"type":"Feature","properties":{"code":"31495","name":"Xã Xà Phiên","type":"Xã"},"geometry":{"type":"Polygon","coordinates":[[[105.500426,9.685901],[105.507214,9.686579],[105.50832,9.684541],[105.50704,9.67908],[105.515524,9.676552],[105.519557,9.673037],[105.528298,9.681483],[105.531225,9.681886],[105.541327,9.668934],[105.545335,9.668722],[105.547728,9.670815],[105.553275,9.669285],[105.555709,9.666625],[105.559083,9.667062],[105.560308,9.657077],[105.57662,9.66353],[105.596207,9.609383],[105.595008,9.602738],[105.592557,9.603675],[105.592223,9.606928],[105.587336,9.608817],[105.587169,9.612407],[105.583594,9.611853],[105.576084,9.614824],[105.575178,9.60962],[105.57076,9.606691],[105.568982,9.60322],[105.56553,9.606434],[105.561985,9.606261],[105.558364,9.603962],[105.55697,9.59639],[105.546909,9.596671],[105.549057,9.591766],[105.544987,9.585033],[105.537092,9.591808],[105.534952,9.597275],[105.531173,9.595177],[105.521291,9.594639],[105.520595,9.588552],[105.514217,9.58956],[105.511987,9.58392],[105.504234,9.586152],[105.505189,9.589943],[105.503564,9.591252],[105.498643,9.589911],[105.492824,9.590565],[105.493023,9.586027],[105.489313,9.582146],[105.485773,9.584621],[105.480364,9.584875],[105.481859,9.604249],[105.478519,9.614146],[105.476337,9.617249],[105.469031,9.618234],[105.464933,9.622341],[105.463234,9.627675],[105.461024,9.626225],[105.460634,9.630034],[105.462894,9.631869],[105.459118,9.632204],[105.45973,9.635276],[105.457751,9.638208],[105.458963,9.639531],[105.464531,9.636551],[105.465266,9.63902],[105.467231,9.639255],[105.469208,9.642047],[105.477703,9.63965],[105.492333,9.644743],[105.489699,9.654624],[105.497103,9.656436],[105.489778,9.669011],[105.489076,9.680325],[105.49423,9.680369],[105.495452,9.687381],[105.500426,9.685901]]]}},{"type":"Feature","properties":{"code":"31273","name":"Xã Đông Hiệp","type":"Xã"},"geometry":{"type":"Polygon","coordinates":[[[105.559182,10.099702],[105.564267,10.0819],[105.558889,10.080377],[105.558349,10.072983],[105.555673,10.075043],[105.550985,10.07345],[105.542226,10.074466],[105.542083,10.070091],[105.54515,10.069343],[105.535424,10.062172],[105.518043,10.06481],[105.52204,10.056495],[105.494257,10.059649],[105.485014,10.053449],[105.49107,10.064205],[105.452228,10.060856],[105.441534,10.078943],[105.445302,10.084767],[105.441558,10.085731],[105.442913,10.094196],[105.450647,10.103958],[105.496266,10.09153],[105.517202,10.087492],[105.517495,10.089347],[105.525,10.087584],[105.55505,10.10923],[105.559182,10.099702]]]}},{"type":"Feature","properties":{"code":"31369","name":"Xã Đông Phước","type":"Xã"},"geometry":{"type":"Polygon","coordinates":[[[105.788431,9.939719],[105.785862,9.936851],[105.795413,9.933977],[105.791064,9.925676],[105.791244,9.922084],[105.785416,9.919662],[105.7881,9.914677],[105.780035,9.909948],[105.778561,9.90572],[105.775063,9.905374],[105.772687,9.902328],[105.770447,9.904176],[105.767026,9.903438],[105.769286,9.899564],[105.769672,9.892985],[105.764655,9.894159],[105.759647,9.897697],[105.759543,9.900123],[105.75477,9.903489],[105.757155,9.904229],[105.756373,9.906328],[105.753931,9.905875],[105.753085,9.908011],[105.754286,9.909334],[105.750105,9.912303],[105.746883,9.911606],[105.721454,9.923191],[105.7242,9.928807],[105.722127,9.934114],[105.727246,9.936517],[105.728637,9.940538],[105.734974,9.944918],[105.735204,9.950114],[105.742642,9.959425],[105.741717,9.967149],[105.75939,9.957987],[105.762463,9.958619],[105.776049,9.954408],[105.777847,9.957689],[105.811442,9.963761],[105.80686,9.954819],[105.805836,9.955599],[105.802319,9.95132],[105.804958,9.94844],[105.803206,9.947232],[105.802071,9.948791],[105.797817,9.946313],[105.797629,9.942572],[105.795789,9.941858],[105.795043,9.943432],[105.787762,9.941069],[105.788431,9.939719]]]}},{"type":"Feature","properties":{"code":"31282","name":"Xã Đông Thuận","type":"Xã"},"geometry":{"type":"Polygon","coordinates":[[[105.452202,10.060891],[105.49107,10.064205],[105.485012,10.053451],[105.494119,10.059557],[105.496307,10.056453],[105.491382,10.053051],[105.491236,10.048812],[105.507882,10.048195],[105.51288,10.039614],[105.478975,9.968625],[105.417943,10.025211],[105.42976,10.03172],[105.449187,10.065903],[105.452202,10.060891]]]}},{"type":"Feature","properties":{"code":"31561","name":"Xã Đại Hải","type":"Xã"},"geometry":{"type":"Polygon","coordinates":[[[105.894957,9.857297],[105.899796,9.85081],[105.899647,9.84628],[105.908497,9.842969],[105.912679,9.839272],[105.911971,9.835345],[105.915548,9.82817],[105.916771,9.820992],[105.914744,9.820162],[105.915266,9.811767],[105.909733,9.809461],[105.908465,9.789133],[105.910057,9.786699],[105.899135,9.744766],[105.888391,9.74643],[105.876,9.745908],[105.875526,9.751152],[105.865115,9.75003],[105.863087,9.752934],[105.843547,9.752157],[105.844138,9.763876],[105.84804,9.773691],[105.855313,9.805471],[105.84852,9.807217],[105.857815,9.844997],[105.871726,9.840656],[105.87344,9.843158],[105.872526,9.844381],[105.873906,9.84622],[105.875416,9.845748],[105.878533,9.850568],[105.884822,9.851402],[105.883027,9.854179],[105.894957,9.857297]]]}},{"type":"Feature","properties":{"code":"31645","name":"Xã Đại Ngãi","type":"Xã"},"geometry":{"type":"Polygon","coordinates":[[[106.080697,9.740407],[106.093217,9.717732],[106.113507,9.669569],[106.121367,9.656578],[106.10785,9.65084],[106.106807,9.652797],[106.10294,9.652111],[106.092232,9.673368],[106.076426,9.672818],[106.07484,9.666771],[106.069487,9.666728],[106.068198,9.662022],[106.06571,9.663286],[106.065789,9.665521],[106.061635,9.671965],[106.069467,9.676732],[106.065308,9.686177],[106.069825,9.692799],[106.066648,9.698125],[106.059672,9.696538],[106.055085,9.699014],[106.05625,9.7019],[106.06253,9.706182],[106.06496,9.716137],[106.055257,9.721764],[106.053639,9.723219],[106.054126,9.725022],[106.047875,9.729624],[106.039569,9.734024],[106.027547,9.730689],[106.034141,9.741847],[106.050612,9.741282],[106.054154,9.743025],[106.05879,9.741833],[106.061477,9.738688],[106.068142,9.739903],[106.070244,9.735802],[106.080697,9.740407]]]}}]}